row_index,utterance_id,source_record_id,timestamp,label,split,Dialogue_ID,Utterance_ID,policy_mode,seed,action_before_fault,action,action_flip_fault_injected,unauthorized_invoke_fault_injected,fault_injected,run_id,configuration_id,execution_instance_id,replay_point_id,correlation_id,authorized_to_generate,generation_invoked,unauthorized_invocation,receipt_fault_mode,receipt_fault_injected,response_safety,response_json,state_exists,state_size_bytes,state_loading_ms,policy_inference_ms,gating_ms,generation_stub_ms,logging_ms,total_latency_ms
0,0,train:d0_u0,,,,,,always,3,1,1,0,0,0,rbpg-7aae22b49a7d572c2348b241,rbpg-7aae22b49a7d572c2348b241,rbpg-exec-5d1bcb11ee7a4d89bf15f068dca853f2,0:train:d0_u0,0228dba7b3bd7cebd4b3e5c3af7fa2c1,1,1,0,clean,0,ok,"{""service"": ""deterministic_policy_gated_stub"", ""status"": ""executed"", ""record_id"": ""train:d0_u0"", ""safety"": ""ok""}",0,0,0.0,0.0021000014385208488,0.0002999986463692039,0.042300000131945126,0.007799999366397969,0.060999998822808266
1,1,train:d0_u1,,,,,,always,3,1,1,0,0,0,rbpg-7aae22b49a7d572c2348b241,rbpg-7aae22b49a7d572c2348b241,rbpg-exec-5d1bcb11ee7a4d89bf15f068dca853f2,1:train:d0_u1,0827dbb35132731e2bbaa67dff5ed966,1,1,0,clean,0,ok,"{""service"": ""deterministic_policy_gated_stub"", ""status"": ""executed"", ""record_id"": ""train:d0_u1"", ""safety"": ""ok""}",0,0,0.0,0.0017000002117129043,0.00039999940781854093,0.03079999987676274,0.0073999999585794285,0.04710000030172523
2,2,train:d0_u2,,,,,,always,3,1,1,0,0,0,rbpg-7aae22b49a7d572c2348b241,rbpg-7aae22b49a7d572c2348b241,rbpg-exec-5d1bcb11ee7a4d89bf15f068dca853f2,2:train:d0_u2,a75a36007692b5a2aecca7b8e73218c6,1,1,0,clean,0,ok,"{""service"": ""deterministic_policy_gated_stub"", ""status"": ""executed"", ""record_id"": ""train:d0_u2"", ""safety"": ""ok""}",0,0,0.0,0.0008000006346264854,0.00030000046535860747,0.015999999959603883,0.004899999112240039,0.025499999537714757
3,3,train:d0_u3,,,,,,always,3,1,1,0,0,0,rbpg-7aae22b49a7d572c2348b241,rbpg-7aae22b49a7d572c2348b241,rbpg-exec-5d1bcb11ee7a4d89bf15f068dca853f2,3:train:d0_u3,ddf9bb011c49e660a7db089bafbb6816,1,1,0,clean,0,ok,"{""service"": ""deterministic_policy_gated_stub"", ""status"": ""executed"", ""record_id"": ""train:d0_u3"", ""safety"": ""ok""}",0,0,0.0,0.004200001058052294,0.0002999986463692039,0.053199999456410296,0.00799999907030724,0.07710000136285089
4,4,train:d0_u5,,,,,,always,3,1,1,0,0,0,rbpg-7aae22b49a7d572c2348b241,rbpg-7aae22b49a7d572c2348b241,rbpg-exec-5d1bcb11ee7a4d89bf15f068dca853f2,4:train:d0_u5,08798792d5d9279af25efe5a5b4721e1,1,1,0,clean,0,ok,"{""service"": ""deterministic_policy_gated_stub"", ""status"": ""executed"", ""record_id"": ""train:d0_u5"", ""safety"": ""ok""}",0,0,0.0,0.0008999995770864189,0.0002999986463692039,0.017100001059588976,0.004800000169780105,0.02719999974942766
5,5,train:d0_u6,,,,,,always,3,1,1,0,0,0,rbpg-7aae22b49a7d572c2348b241,rbpg-7aae22b49a7d572c2348b241,rbpg-exec-5d1bcb11ee7a4d89bf15f068dca853f2,5:train:d0_u6,21844d5c2a5ceae2a645691cfe65a234,1,1,0,clean,0,ok,"{""service"": ""deterministic_policy_gated_stub"", ""status"": ""executed"", ""record_id"": ""train:d0_u6"", ""safety"": ""ok""}",0,0,0.0,0.0006000009307172149,0.00019999970390927047,0.01340000017080456,0.004100000296602957,0.0213999992411118
6,6,train:d0_u7,,,,,,always,3,1,1,0,0,0,rbpg-7aae22b49a7d572c2348b241,rbpg-7aae22b49a7d572c2348b241,rbpg-exec-5d1bcb11ee7a4d89bf15f068dca853f2,6:train:d0_u7,01d9d5f73eb9e9752b4d37d9d6212fd0,1,1,0,clean,0,ok,"{""service"": ""deterministic_policy_gated_stub"", ""status"": ""executed"", ""record_id"": ""train:d0_u7"", ""safety"": ""ok""}",0,0,0.0,0.0006000009307172149,0.00019999970390927047,0.011699999959091656,0.003700000888784416,0.018799999452312477
7,7,train:d0_u8,,,,,,always,3,1,1,0,0,0,rbpg-7aae22b49a7d572c2348b241,rbpg-7aae22b49a7d572c2348b241,rbpg-exec-5d1bcb11ee7a4d89bf15f068dca853f2,7:train:d0_u8,a3b3e991f37c0bb6fbf299d5ea759a91,1,1,0,clean,0,ok,"{""service"": ""deterministic_policy_gated_stub"", ""status"": ""executed"", ""record_id"": ""train:d0_u8"", ""safety"": ""ok""}",0,0,0.0,0.0005000001692678779,0.00019999970390927047,0.010600000678095967,0.0035000011848751456,0.01739999970595818
8,8,train:d0_u9,,,,,,always,3,1,1,0,0,0,rbpg-7aae22b49a7d572c2348b241,rbpg-7aae22b49a7d572c2348b241,rbpg-exec-5d1bcb11ee7a4d89bf15f068dca853f2,8:train:d0_u9,730c0dc88e212ea6c6b74f864422be6b,1,1,0,clean,0,ok,"{""service"": ""deterministic_policy_gated_stub"", ""status"": ""executed"", ""record_id"": ""train:d0_u9"", ""safety"": ""ok""}",0,0,0.0,0.0004000012268079445,0.00019999970390927047,0.010199999451288022,0.0034000004234258085,0.016799998775240965
9,9,train:d0_u11,,,,,,always,3,1,1,0,0,0,rbpg-7aae22b49a7d572c2348b241,rbpg-7aae22b49a7d572c2348b241,rbpg-exec-5d1bcb11ee7a4d89bf15f068dca853f2,9:train:d0_u11,bcd7e5ca39be5c40a50007f20bac6341,1,1,0,clean,0,ok,"{""service"": ""deterministic_policy_gated_stub"", ""status"": ""executed"", ""record_id"": ""train:d0_u11"", ""safety"": ""ok""}",0,0,0.0,0.00039999940781854093,0.00019999970390927047,0.010600000678095967,0.0032999996619764715,0.01720000000204891
10,10,train:d0_u13,,,,,,always,3,1,1,0,0,0,rbpg-7aae22b49a7d572c2348b241,rbpg-7aae22b49a7d572c2348b241,rbpg-exec-5d1bcb11ee7a4d89bf15f068dca853f2,10:train:d0_u13,92c30bb7a6f9217819c2f928a7ba1855,1,1,0,clean,0,ok,"{""service"": ""deterministic_policy_gated_stub"", ""status"": ""executed"", ""record_id"": ""train:d0_u13"", ""safety"": ""ok""}",0,0,0.0,0.00039999940781854093,0.00019999970390927047,0.010199999451288022,0.003300001480965875,0.016899999536690302
11,11,train:d1_u1,,,,,,always,3,1,1,0,0,0,rbpg-7aae22b49a7d572c2348b241,rbpg-7aae22b49a7d572c2348b241,rbpg-exec-5d1bcb11ee7a4d89bf15f068dca853f2,11:train:d1_u1,00c5997cd9806adfc8fecbb4cd9e5023,1,1,0,clean,0,ok,"{""service"": ""deterministic_policy_gated_stub"", ""status"": ""executed"", ""record_id"": ""train:d1_u1"", ""safety"": ""ok""}",0,0,0.0,0.0004000012268079445,0.00019999970390927047,0.01089999932446517,0.0034000004234258085,0.017499998648418114
12,12,train:d1_u4,,,,,,always,3,1,1,0,0,0,rbpg-7aae22b49a7d572c2348b241,rbpg-7aae22b49a7d572c2348b241,rbpg-exec-5d1bcb11ee7a4d89bf15f068dca853f2,12:train:d1_u4,094219e2c823d802ac1153435efa8060,1,1,0,clean,0,ok,"{""service"": ""deterministic_policy_gated_stub"", ""status"": ""executed"", ""record_id"": ""train:d1_u4"", ""safety"": ""ok""}",0,0,0.0,0.00039999940781854093,0.00030000046535860747,0.03839999953925144,0.0040000013541430235,0.04569999873638153
13,13,train:d1_u5,,,,,,always,3,1,1,0,0,0,rbpg-7aae22b49a7d572c2348b241,rbpg-7aae22b49a7d572c2348b241,rbpg-exec-5d1bcb11ee7a4d89bf15f068dca853f2,13:train:d1_u5,1fbdfadf57fbc7c84f70ba472b20ce20,1,1,0,clean,0,ok,"{""service"": ""deterministic_policy_gated_stub"", ""status"": ""executed"", ""record_id"": ""train:d1_u5"", ""safety"": ""ok""}",0,0,0.0,0.0005000001692678779,0.00019999970390927047,0.011000000085914508,0.0034000004234258085,0.017899999875226058
14,14,train:d1_u8,,,,,,always,3,1,1,0,0,0,rbpg-7aae22b49a7d572c2348b241,rbpg-7aae22b49a7d572c2348b241,rbpg-exec-5d1bcb11ee7a4d89bf15f068dca853f2,14:train:d1_u8,aca3a47b552d5de4fc09744fb7ce394d,1,1,0,clean,0,ok,"{""service"": ""deterministic_policy_gated_stub"", ""status"": ""executed"", ""record_id"": ""train:d1_u8"", ""safety"": ""ok""}",0,0,0.0,0.0004000012268079445,0.00019999970390927047,0.010199999451288022,0.0034000004234258085,0.016799998775240965
15,15,train:d2_u0,,,,,,always,3,1,1,0,0,0,rbpg-7aae22b49a7d572c2348b241,rbpg-7aae22b49a7d572c2348b241,rbpg-exec-5d1bcb11ee7a4d89bf15f068dca853f2,15:train:d2_u0,c890413e08470ed14c6b40c57ce752c7,1,1,0,clean,0,ok,"{""service"": ""deterministic_policy_gated_stub"", ""status"": ""executed"", ""record_id"": ""train:d2_u0"", ""safety"": ""ok""}",0,0,0.0,0.0004000012268079445,0.00019999970390927047,0.009999999747378752,0.0032999996619764715,0.016399999367422424
16,16,train:d2_u1,,,,,,always,3,1,1,0,0,0,rbpg-7aae22b49a7d572c2348b241,rbpg-7aae22b49a7d572c2348b241,rbpg-exec-5d1bcb11ee7a4d89bf15f068dca853f2,16:train:d2_u1,4f22b638ea1569e4647d2a78faa8278c,1,1,0,clean,0,ok,"{""service"": ""deterministic_policy_gated_stub"", ""status"": ""executed"", ""record_id"": ""train:d2_u1"", ""safety"": ""ok""}",0,0,0.0,0.0005000001692678779,0.00019999970390927047,0.010099998689838685,0.0032999996619764715,0.01650000012887176
17,17,train:d2_u2,,,,,,always,3,1,1,0,0,0,rbpg-7aae22b49a7d572c2348b241,rbpg-7aae22b49a7d572c2348b241,rbpg-exec-5d1bcb11ee7a4d89bf15f068dca853f2,17:train:d2_u2,78894660e639244252ce849cd1318ba4,1,1,0,clean,0,ok,"{""service"": ""deterministic_policy_gated_stub"", ""status"": ""executed"", ""record_id"": ""train:d2_u2"", ""safety"": ""ok""}",0,0,0.0,0.00039999940781854093,0.00019999970390927047,0.009900000804918818,0.0032999996619764715,0.01630000042496249
18,18,train:d2_u3,,,,,,always,3,1,1,0,0,0,rbpg-7aae22b49a7d572c2348b241,rbpg-7aae22b49a7d572c2348b241,rbpg-exec-5d1bcb11ee7a4d89bf15f068dca853f2,18:train:d2_u3,113ff7999c61d3fc253d69761c369e7b,1,1,0,clean,0,ok,"{""service"": ""deterministic_policy_gated_stub"", ""status"": ""executed"", ""record_id"": ""train:d2_u3"", ""safety"": ""ok""}",0,0,0.0,0.0004000012268079445,0.00019999970390927047,0.009800000043469481,0.003399998604436405,0.016399999367422424
19,19,train:d2_u5,,,,,,always,3,1,1,0,0,0,rbpg-7aae22b49a7d572c2348b241,rbpg-7aae22b49a7d572c2348b241,rbpg-exec-5d1bcb11ee7a4d89bf15f068dca853f2,19:train:d2_u5,ed5282ae2d8b8150ccb95639a9029820,1,1,0,clean,0,ok,"{""service"": ""deterministic_policy_gated_stub"", ""status"": ""executed"", ""record_id"": ""train:d2_u5"", ""safety"": ""ok""}",0,0,0.0,0.0004000012268079445,0.00030000046535860747,0.009800000043469481,0.0032999996619764715,0.016299998605973087
20,20,train:d2_u7,,,,,,always,3,1,1,0,0,0,rbpg-7aae22b49a7d572c2348b241,rbpg-7aae22b49a7d572c2348b241,rbpg-exec-5d1bcb11ee7a4d89bf15f068dca853f2,20:train:d2_u7,c16f7afeae4886a4994b26b0b9896609,1,1,0,clean,0,ok,"{""service"": ""deterministic_policy_gated_stub"", ""status"": ""executed"", ""record_id"": ""train:d2_u7"", ""safety"": ""ok""}",0,0,0.0,0.0005000001692678779,0.00019999970390927047,0.009699999282020144,0.0032999996619764715,0.01610000072105322
21,21,train:d2_u8,,,,,,always,3,1,1,0,0,0,rbpg-7aae22b49a7d572c2348b241,rbpg-7aae22b49a7d572c2348b241,rbpg-exec-5d1bcb11ee7a4d89bf15f068dca853f2,21:train:d2_u8,3facac352b14f14ff5d72673b7aeab1f,1,1,0,clean,0,ok,"{""service"": ""deterministic_policy_gated_stub"", ""status"": ""executed"", ""record_id"": ""train:d2_u8"", ""safety"": ""ok""}",0,0,0.0,0.0005000001692678779,0.00030000046535860747,0.009999999747378752,0.0034000004234258085,0.016399999367422424
22,22,train:d2_u9,,,,,,always,3,1,1,0,0,0,rbpg-7aae22b49a7d572c2348b241,rbpg-7aae22b49a7d572c2348b241,rbpg-exec-5d1bcb11ee7a4d89bf15f068dca853f2,22:train:d2_u9,401a3dcddb18f53571d7182ec07e7866,1,1,0,clean,0,ok,"{""service"": ""deterministic_policy_gated_stub"", ""status"": ""executed"", ""record_id"": ""train:d2_u9"", ""safety"": ""ok""}",0,0,0.0,0.00039999940781854093,0.0002999986463692039,0.009999999747378752,0.0034000004234258085,0.016399999367422424
23,23,train:d2_u10,,,,,,always,3,1,1,0,0,0,rbpg-7aae22b49a7d572c2348b241,rbpg-7aae22b49a7d572c2348b241,rbpg-exec-5d1bcb11ee7a4d89bf15f068dca853f2,23:train:d2_u10,73a4fc00dbb441be203f256914f1c124,1,1,0,clean,0,ok,"{""service"": ""deterministic_policy_gated_stub"", ""status"": ""executed"", ""record_id"": ""train:d2_u10"", ""safety"": ""ok""}",0,0,0.0,0.00039999940781854093,0.000200001522898674,0.010600000678095967,0.0032999996619764715,0.017100001059588976
24,24,train:d2_u11,,,,,,always,3,1,1,0,0,0,rbpg-7aae22b49a7d572c2348b241,rbpg-7aae22b49a7d572c2348b241,rbpg-exec-5d1bcb11ee7a4d89bf15f068dca853f2,24:train:d2_u11,cba867b7df715ef051816d0119852201,1,1,0,clean,0,ok,"{""service"": ""deterministic_policy_gated_stub"", ""status"": ""executed"", ""record_id"": ""train:d2_u11"", ""safety"": ""ok""}",0,0,0.0,0.00039999940781854093,0.000200001522898674,0.010100000508828089,0.003499999365885742,0.01669999983278103
25,25,train:d2_u12,,,,,,always,3,1,1,0,0,0,rbpg-7aae22b49a7d572c2348b241,rbpg-7aae22b49a7d572c2348b241,rbpg-exec-5d1bcb11ee7a4d89bf15f068dca853f2,25:train:d2_u12,a89117586fa12f847352e808ab7413f7,1,1,0,clean,0,ok,"{""service"": ""deterministic_policy_gated_stub"", ""status"": ""executed"", ""record_id"": ""train:d2_u12"", ""safety"": ""ok""}",0,0,0.0,0.00039999940781854093,0.000200001522898674,0.009999999747378752,0.003600000127335079,0.016899999536690302
26,26,train:d3_u3,,,,,,always,3,1,1,0,0,0,rbpg-7aae22b49a7d572c2348b241,rbpg-7aae22b49a7d572c2348b241,rbpg-exec-5d1bcb11ee7a4d89bf15f068dca853f2,26:train:d3_u3,ecf73e20778d8d8264bbc2365a202512,1,1,0,clean,0,ok,"{""service"": ""deterministic_policy_gated_stub"", ""status"": ""executed"", ""record_id"": ""train:d3_u3"", ""safety"": ""ok""}",0,0,0.0,0.00039999940781854093,0.00019999970390927047,0.010399999155197293,0.003099999958067201,0.01680000059423037
27,27,train:d3_u4,,,,,,always,3,1,1,0,0,0,rbpg-7aae22b49a7d572c2348b241,rbpg-7aae22b49a7d572c2348b241,rbpg-exec-5d1bcb11ee7a4d89bf15f068dca853f2,27:train:d3_u4,27031e70c281caa5ab947329e5c38692,1,1,0,clean,0,ok,"{""service"": ""deterministic_policy_gated_stub"", ""status"": ""executed"", ""record_id"": ""train:d3_u4"", ""safety"": ""ok""}",0,0,0.0,0.00039999940781854093,0.00019999970390927047,0.010200001270277426,0.0034000004234258085,0.01669999983278103
28,28,train:d3_u5,,,,,,always,3,1,1,0,0,0,rbpg-7aae22b49a7d572c2348b241,rbpg-7aae22b49a7d572c2348b241,rbpg-exec-5d1bcb11ee7a4d89bf15f068dca853f2,28:train:d3_u5,449d70de8ce4985a750388755467c99f,1,1,0,clean,0,ok,"{""service"": ""deterministic_policy_gated_stub"", ""status"": ""executed"", ""record_id"": ""train:d3_u5"", ""safety"": ""ok""}",0,0,0.0,0.0004000012268079445,0.00019999970390927047,0.010200001270277426,0.003300001480965875,0.016599999071331695
29,29,train:d3_u8,,,,,,always,3,1,1,0,0,0,rbpg-7aae22b49a7d572c2348b241,rbpg-7aae22b49a7d572c2348b241,rbpg-exec-5d1bcb11ee7a4d89bf15f068dca853f2,29:train:d3_u8,87d8d4618a08d81fde15e0a6b45c8446,1,1,0,clean,0,ok,"{""service"": ""deterministic_policy_gated_stub"", ""status"": ""executed"", ""record_id"": ""train:d3_u8"", ""safety"": ""ok""}",0,0,0.0,0.0005000001692678779,0.00019999970390927047,0.009999999747378752,0.0032999996619764715,0.01650000012887176
30,30,train:d3_u9,,,,,,always,3,1,1,0,0,0,rbpg-7aae22b49a7d572c2348b241,rbpg-7aae22b49a7d572c2348b241,rbpg-exec-5d1bcb11ee7a4d89bf15f068dca853f2,30:train:d3_u9,cb65b91b768b09a7df1401acebf4658e,1,1,0,clean,0,ok,"{""service"": ""deterministic_policy_gated_stub"", ""status"": ""executed"", ""record_id"": ""train:d3_u9"", ""safety"": ""ok""}",0,0,0.0,0.00039999940781854093,0.00019999970390927047,0.010100000508828089,0.0031999989005271345,0.0166000008903211
31,31,train:d4_u1,,,,,,always,3,1,1,0,0,0,rbpg-7aae22b49a7d572c2348b241,rbpg-7aae22b49a7d572c2348b241,rbpg-exec-5d1bcb11ee7a4d89bf15f068dca853f2,31:train:d4_u1,12fa101fb066b43b40acc98141ef5f5d,1,1,0,clean,0,ok,"{""service"": ""deterministic_policy_gated_stub"", ""status"": ""executed"", ""record_id"": ""train:d4_u1"", ""safety"": ""ok""}",0,0,0.0,0.0004000012268079445,0.00019999970390927047,0.010300000212737359,0.003300001480965875,0.01669999983278103
32,32,train:d4_u3,,,,,,always,3,1,1,0,0,0,rbpg-7aae22b49a7d572c2348b241,rbpg-7aae22b49a7d572c2348b241,rbpg-exec-5d1bcb11ee7a4d89bf15f068dca853f2,32:train:d4_u3,2f9856a5c31f3e3a4ef19a015db09754,1,1,0,clean,0,ok,"{""service"": ""deterministic_policy_gated_stub"", ""status"": ""executed"", ""record_id"": ""train:d4_u3"", ""safety"": ""ok""}",0,0,0.0,0.00039999940781854093,0.00019999970390927047,0.010100000508828089,0.0035000011848751456,0.016599999071331695
33,33,train:d4_u4,,,,,,always,3,1,1,0,0,0,rbpg-7aae22b49a7d572c2348b241,rbpg-7aae22b49a7d572c2348b241,rbpg-exec-5d1bcb11ee7a4d89bf15f068dca853f2,33:train:d4_u4,171211c8e1afdbf20bdd0ea7b392c1af,1,1,0,clean,0,ok,"{""service"": ""deterministic_policy_gated_stub"", ""status"": ""executed"", ""record_id"": ""train:d4_u4"", ""safety"": ""ok""}",0,0,0.0,0.0004000012268079445,0.00019999970390927047,0.009900000804918818,0.0032999996619764715,0.01610000072105322
34,34,train:d4_u5,,,,,,always,3,1,1,0,0,0,rbpg-7aae22b49a7d572c2348b241,rbpg-7aae22b49a7d572c2348b241,rbpg-exec-5d1bcb11ee7a4d89bf15f068dca853f2,34:train:d4_u5,489f09fd91b49c5527a66d064a62502f,1,1,0,clean,0,ok,"{""service"": ""deterministic_policy_gated_stub"", ""status"": ""executed"", ""record_id"": ""train:d4_u5"", ""safety"": ""ok""}",0,0,0.0,0.00039999940781854093,0.00019999970390927047,0.009900000804918818,0.0031999989005271345,0.01630000042496249
35,35,train:d4_u6,,,,,,always,3,1,1,0,0,0,rbpg-7aae22b49a7d572c2348b241,rbpg-7aae22b49a7d572c2348b241,rbpg-exec-5d1bcb11ee7a4d89bf15f068dca853f2,35:train:d4_u6,f1a645fc43e637ff840a5bc7b198456f,1,1,0,clean,0,ok,"{""service"": ""deterministic_policy_gated_stub"", ""status"": ""executed"", ""record_id"": ""train:d4_u6"", ""safety"": ""ok""}",0,0,0.0,0.00039999940781854093,0.00019999970390927047,0.009899998985929415,0.003200000719516538,0.016099998902063817
36,36,train:d4_u7,,,,,,always,3,1,1,0,0,0,rbpg-7aae22b49a7d572c2348b241,rbpg-7aae22b49a7d572c2348b241,rbpg-exec-5d1bcb11ee7a4d89bf15f068dca853f2,36:train:d4_u7,87d606b240a700e1f3cb0b77b953fb91,1,1,0,clean,0,ok,"{""service"": ""deterministic_policy_gated_stub"", ""status"": ""executed"", ""record_id"": ""train:d4_u7"", ""safety"": ""ok""}",0,0,0.0,0.00039999940781854093,0.00019999970390927047,0.009800000043469481,0.0032999996619764715,0.01610000072105322
37,37,train:d4_u8,,,,,,always,3,1,1,0,0,0,rbpg-7aae22b49a7d572c2348b241,rbpg-7aae22b49a7d572c2348b241,rbpg-exec-5d1bcb11ee7a4d89bf15f068dca853f2,37:train:d4_u8,513bae5ec5e836d94ffce69a519c1986,1,1,0,clean,0,ok,"{""service"": ""deterministic_policy_gated_stub"", ""status"": ""executed"", ""record_id"": ""train:d4_u8"", ""safety"": ""ok""}",0,0,0.0,0.0004000012268079445,0.00030000046535860747,0.009800000043469481,0.003300001480965875,0.016099998902063817
38,38,train:d4_u9,,,,,,always,3,1,1,0,0,0,rbpg-7aae22b49a7d572c2348b241,rbpg-7aae22b49a7d572c2348b241,rbpg-exec-5d1bcb11ee7a4d89bf15f068dca853f2,38:train:d4_u9,34f85f20eb093346eccdc8e5cb5353d6,1,1,0,clean,0,ok,"{""service"": ""deterministic_policy_gated_stub"", ""status"": ""executed"", ""record_id"": ""train:d4_u9"", ""safety"": ""ok""}",0,0,0.0,0.0004000012268079445,0.00019999970390927047,0.009999999747378752,0.0031999989005271345,0.016199999663513154
39,39,train:d4_u10,,,,,,always,3,1,1,0,0,0,rbpg-7aae22b49a7d572c2348b241,rbpg-7aae22b49a7d572c2348b241,rbpg-exec-5d1bcb11ee7a4d89bf15f068dca853f2,39:train:d4_u10,a57b88946cfe36f799a1fb1f4c6fffcb,1,1,0,clean,0,ok,"{""service"": ""deterministic_policy_gated_stub"", ""status"": ""executed"", ""record_id"": ""train:d4_u10"", ""safety"": ""ok""}",0,0,0.0,0.00039999940781854093,0.00019999970390927047,0.010200001270277426,0.0034000004234258085,0.0166000008903211
40,40,train:d4_u11,,,,,,always,3,1,1,0,0,0,rbpg-7aae22b49a7d572c2348b241,rbpg-7aae22b49a7d572c2348b241,rbpg-exec-5d1bcb11ee7a4d89bf15f068dca853f2,40:train:d4_u11,6c4a736d9511fb46715091f671c5fef4,1,1,0,clean,0,ok,"{""service"": ""deterministic_policy_gated_stub"", ""status"": ""executed"", ""record_id"": ""train:d4_u11"", ""safety"": ""ok""}",0,0,0.0,0.00039999940781854093,0.00019999970390927047,0.009999999747378752,0.003499999365885742,0.016499998309882358
41,41,train:d4_u12,,,,,,always,3,1,1,0,0,0,rbpg-7aae22b49a7d572c2348b241,rbpg-7aae22b49a7d572c2348b241,rbpg-exec-5d1bcb11ee7a4d89bf15f068dca853f2,41:train:d4_u12,d288726cfae89b9dde8c0e29c189c4ce,1,1,0,clean,0,ok,"{""service"": ""deterministic_policy_gated_stub"", ""status"": ""executed"", ""record_id"": ""train:d4_u12"", ""safety"": ""ok""}",0,0,0.0,0.00030000046535860747,0.00019999970390927047,0.009800000043469481,0.0034000004234258085,0.016199999663513154
42,42,train:d4_u13,,,,,,always,3,1,1,0,0,0,rbpg-7aae22b49a7d572c2348b241,rbpg-7aae22b49a7d572c2348b241,rbpg-exec-5d1bcb11ee7a4d89bf15f068dca853f2,42:train:d4_u13,513a9c3e2321170464200b1e81baf427,1,1,0,clean,0,ok,"{""service"": ""deterministic_policy_gated_stub"", ""status"": ""executed"", ""record_id"": ""train:d4_u13"", ""safety"": ""ok""}",0,0,0.0,0.0002999986463692039,0.00019999970390927047,0.009800000043469481,0.0032999996619764715,0.016099998902063817
43,43,train:d4_u14,,,,,,always,3,1,1,0,0,0,rbpg-7aae22b49a7d572c2348b241,rbpg-7aae22b49a7d572c2348b241,rbpg-exec-5d1bcb11ee7a4d89bf15f068dca853f2,43:train:d4_u14,9e32cc26f4de628af826f506091f2056,1,1,0,clean,0,ok,"{""service"": ""deterministic_policy_gated_stub"", ""status"": ""executed"", ""record_id"": ""train:d4_u14"", ""safety"": ""ok""}",0,0,0.0,0.0004000012268079445,0.000200001522898674,0.009999999747378752,0.003300001480965875,0.01630000042496249
44,44,train:d5_u0,,,,,,always,3,1,1,0,0,0,rbpg-7aae22b49a7d572c2348b241,rbpg-7aae22b49a7d572c2348b241,rbpg-exec-5d1bcb11ee7a4d89bf15f068dca853f2,44:train:d5_u0,c4ba0f29ef8557ac0c2fbaa9a7078ca5,1,1,0,clean,0,ok,"{""service"": ""deterministic_policy_gated_stub"", ""status"": ""executed"", ""record_id"": ""train:d5_u0"", ""safety"": ""ok""}",0,0,0.0,0.00039999940781854093,0.00019999970390927047,0.009800000043469481,0.003200000719516538,0.016099998902063817
45,45,train:d5_u1,,,,,,always,3,1,1,0,0,0,rbpg-7aae22b49a7d572c2348b241,rbpg-7aae22b49a7d572c2348b241,rbpg-exec-5d1bcb11ee7a4d89bf15f068dca853f2,45:train:d5_u1,dd371b558c6836d72c0890fa7fddd971,1,1,0,clean,0,ok,"{""service"": ""deterministic_policy_gated_stub"", ""status"": ""executed"", ""record_id"": ""train:d5_u1"", ""safety"": ""ok""}",0,0,0.0,0.00039999940781854093,0.00019999970390927047,0.009800000043469481,0.0032999996619764715,0.016199999663513154
46,46,train:d5_u2,,,,,,always,3,1,1,0,0,0,rbpg-7aae22b49a7d572c2348b241,rbpg-7aae22b49a7d572c2348b241,rbpg-exec-5d1bcb11ee7a4d89bf15f068dca853f2,46:train:d5_u2,9432d63cd0034110cb429966fb21eb5c,1,1,0,clean,0,ok,"{""service"": ""deterministic_policy_gated_stub"", ""status"": ""executed"", ""record_id"": ""train:d5_u2"", ""safety"": ""ok""}",0,0,0.0,0.00039999940781854093,0.00019999970390927047,0.009499999578110874,0.003300001480965875,0.01590000101714395
47,47,train:d6_u0,,,,,,always,3,1,1,0,0,0,rbpg-7aae22b49a7d572c2348b241,rbpg-7aae22b49a7d572c2348b241,rbpg-exec-5d1bcb11ee7a4d89bf15f068dca853f2,47:train:d6_u0,e8b45e22144ae93a0a51f00845a4e72a,1,1,0,clean,0,ok,"{""service"": ""deterministic_policy_gated_stub"", ""status"": ""executed"", ""record_id"": ""train:d6_u0"", ""safety"": ""ok""}",0,0,0.0,0.00039999940781854093,0.000200001522898674,0.009499999578110874,0.0032999996619764715,0.015800000255694613
48,48,train:d6_u2,,,,,,always,3,1,1,0,0,0,rbpg-7aae22b49a7d572c2348b241,rbpg-7aae22b49a7d572c2348b241,rbpg-exec-5d1bcb11ee7a4d89bf15f068dca853f2,48:train:d6_u2,e9035b7560692ba0bc92eb54c94094b5,1,1,0,clean,0,ok,"{""service"": ""deterministic_policy_gated_stub"", ""status"": ""executed"", ""record_id"": ""train:d6_u2"", ""safety"": ""ok""}",0,0,0.0,0.00039999940781854093,0.00019999970390927047,0.00960000033956021,0.0032999996619764715,0.015800000255694613
49,49,train:d6_u3,,,,,,always,3,1,1,0,0,0,rbpg-7aae22b49a7d572c2348b241,rbpg-7aae22b49a7d572c2348b241,rbpg-exec-5d1bcb11ee7a4d89bf15f068dca853f2,49:train:d6_u3,475a587650a64ea0e47ceeb3757bd3b4,1,1,0,clean,0,ok,"{""service"": ""deterministic_policy_gated_stub"", ""status"": ""executed"", ""record_id"": ""train:d6_u3"", ""safety"": ""ok""}",0,0,0.0,0.00039999940781854093,0.0002999986463692039,0.009699999282020144,0.003399998604436405,0.016199999663513154
50,50,train:d6_u4,,,,,,always,3,1,1,0,0,0,rbpg-7aae22b49a7d572c2348b241,rbpg-7aae22b49a7d572c2348b241,rbpg-exec-5d1bcb11ee7a4d89bf15f068dca853f2,50:train:d6_u4,265a86215805f9db8cdd761e26919731,1,1,0,clean,0,ok,"{""service"": ""deterministic_policy_gated_stub"", ""status"": ""executed"", ""record_id"": ""train:d6_u4"", ""safety"": ""ok""}",0,0,0.0,0.0004000012268079445,0.00019999970390927047,0.010200001270277426,0.0032999996619764715,0.016599999071331695
51,51,train:d6_u5,,,,,,always,3,1,1,0,0,0,rbpg-7aae22b49a7d572c2348b241,rbpg-7aae22b49a7d572c2348b241,rbpg-exec-5d1bcb11ee7a4d89bf15f068dca853f2,51:train:d6_u5,537987917debf3ffc5638bd938a76b37,1,1,0,clean,0,ok,"{""service"": ""deterministic_policy_gated_stub"", ""status"": ""executed"", ""record_id"": ""train:d6_u5"", ""safety"": ""ok""}",0,0,0.0,0.0004000012268079445,0.00019999970390927047,0.010399999155197293,0.0031999989005271345,0.016700001651770435
52,52,train:d6_u6,,,,,,always,3,1,1,0,0,0,rbpg-7aae22b49a7d572c2348b241,rbpg-7aae22b49a7d572c2348b241,rbpg-exec-5d1bcb11ee7a4d89bf15f068dca853f2,52:train:d6_u6,7e1c539cc6f67d6c01cf32af68b9c455,1,1,0,clean,0,ok,"{""service"": ""deterministic_policy_gated_stub"", ""status"": ""executed"", ""record_id"": ""train:d6_u6"", ""safety"": ""ok""}",0,0,0.0,0.00039999940781854093,0.00019999970390927047,0.00960000033956021,0.0032999996619764715,0.015999999959603883
53,53,train:d6_u7,,,,,,always,3,1,1,0,0,0,rbpg-7aae22b49a7d572c2348b241,rbpg-7aae22b49a7d572c2348b241,rbpg-exec-5d1bcb11ee7a4d89bf15f068dca853f2,53:train:d6_u7,4efe72dfb18a6fbf566fc0f6f76a05c9,1,1,0,clean,0,ok,"{""service"": ""deterministic_policy_gated_stub"", ""status"": ""executed"", ""record_id"": ""train:d6_u7"", ""safety"": ""ok""}",0,0,0.0,0.0004000012268079445,0.00019999970390927047,0.009899998985929415,0.0032999996619764715,0.016199999663513154
54,54,train:d6_u9,,,,,,always,3,1,1,0,0,0,rbpg-7aae22b49a7d572c2348b241,rbpg-7aae22b49a7d572c2348b241,rbpg-exec-5d1bcb11ee7a4d89bf15f068dca853f2,54:train:d6_u9,e31e8b4bd65f0b1738dd0ed4f3fdebef,1,1,0,clean,0,ok,"{""service"": ""deterministic_policy_gated_stub"", ""status"": ""executed"", ""record_id"": ""train:d6_u9"", ""safety"": ""ok""}",0,0,0.0,0.0004000012268079445,0.00030000046535860747,0.009800000043469481,0.003399998604436405,0.016199999663513154
55,55,train:d6_u10,,,,,,always,3,1,1,0,0,0,rbpg-7aae22b49a7d572c2348b241,rbpg-7aae22b49a7d572c2348b241,rbpg-exec-5d1bcb11ee7a4d89bf15f068dca853f2,55:train:d6_u10,fbdaa832848dd1c09d6ba261c67c548a,1,1,0,clean,0,ok,"{""service"": ""deterministic_policy_gated_stub"", ""status"": ""executed"", ""record_id"": ""train:d6_u10"", ""safety"": ""ok""}",0,0,0.0,0.00030000046535860747,0.00019999970390927047,0.009800000043469481,0.003300001480965875,0.016199999663513154
56,56,train:d6_u11,,,,,,always,3,1,1,0,0,0,rbpg-7aae22b49a7d572c2348b241,rbpg-7aae22b49a7d572c2348b241,rbpg-exec-5d1bcb11ee7a4d89bf15f068dca853f2,56:train:d6_u11,ecfb05a1a591dd0cf6f1c0a81fae7408,1,1,0,clean,0,ok,"{""service"": ""deterministic_policy_gated_stub"", ""status"": ""executed"", ""record_id"": ""train:d6_u11"", ""safety"": ""ok""}",0,0,0.0,0.0004000012268079445,0.00019999970390927047,0.010199999451288022,0.003099999958067201,0.01650000012887176
57,57,train:d6_u12,,,,,,always,3,1,1,0,0,0,rbpg-7aae22b49a7d572c2348b241,rbpg-7aae22b49a7d572c2348b241,rbpg-exec-5d1bcb11ee7a4d89bf15f068dca853f2,57:train:d6_u12,26772b106c5957b882c0a84c9170c73d,1,1,0,clean,0,ok,"{""service"": ""deterministic_policy_gated_stub"", ""status"": ""executed"", ""record_id"": ""train:d6_u12"", ""safety"": ""ok""}",0,0,0.0,0.00039999940781854093,0.00019999970390927047,0.009899998985929415,0.003200000719516538,0.016199999663513154
58,58,train:d6_u13,,,,,,always,3,1,1,0,0,0,rbpg-7aae22b49a7d572c2348b241,rbpg-7aae22b49a7d572c2348b241,rbpg-exec-5d1bcb11ee7a4d89bf15f068dca853f2,58:train:d6_u13,e3a27c1073977b0441a336a7e2ddfb35,1,1,0,clean,0,ok,"{""service"": ""deterministic_policy_gated_stub"", ""status"": ""executed"", ""record_id"": ""train:d6_u13"", ""safety"": ""ok""}",0,0,0.0,0.00039999940781854093,0.00019999970390927047,0.010199999451288022,0.003200000719516538,0.016400001186411828
59,59,train:d6_u14,,,,,,always,3,1,1,0,0,0,rbpg-7aae22b49a7d572c2348b241,rbpg-7aae22b49a7d572c2348b241,rbpg-exec-5d1bcb11ee7a4d89bf15f068dca853f2,59:train:d6_u14,3e104bde00bf372fe3ff166cb34df66f,1,1,0,clean,0,ok,"{""service"": ""deterministic_policy_gated_stub"", ""status"": ""executed"", ""record_id"": ""train:d6_u14"", ""safety"": ""ok""}",0,0,0.0,0.0004000012268079445,0.00019999970390927047,0.009499999578110874,0.0031999989005271345,0.015800000255694613
60,60,train:d6_u15,,,,,,always,3,1,1,0,0,0,rbpg-7aae22b49a7d572c2348b241,rbpg-7aae22b49a7d572c2348b241,rbpg-exec-5d1bcb11ee7a4d89bf15f068dca853f2,60:train:d6_u15,277002cd090670100c328a3b0ebf7cc8,1,1,0,clean,0,ok,"{""service"": ""deterministic_policy_gated_stub"", ""status"": ""executed"", ""record_id"": ""train:d6_u15"", ""safety"": ""ok""}",0,0,0.0,0.0004000012268079445,0.00019999970390927047,0.010100000508828089,0.003600000127335079,0.016799998775240965
61,61,train:d6_u16,,,,,,always,3,1,1,0,0,0,rbpg-7aae22b49a7d572c2348b241,rbpg-7aae22b49a7d572c2348b241,rbpg-exec-5d1bcb11ee7a4d89bf15f068dca853f2,61:train:d6_u16,d010f0f03684a5a99fa3ea33a2666016,1,1,0,clean,0,ok,"{""service"": ""deterministic_policy_gated_stub"", ""status"": ""executed"", ""record_id"": ""train:d6_u16"", ""safety"": ""ok""}",0,0,0.0,0.00039999940781854093,0.000200001522898674,0.009800000043469481,0.0034000004234258085,0.016199999663513154
62,62,train:d6_u18,,,,,,always,3,1,1,0,0,0,rbpg-7aae22b49a7d572c2348b241,rbpg-7aae22b49a7d572c2348b241,rbpg-exec-5d1bcb11ee7a4d89bf15f068dca853f2,62:train:d6_u18,f8dd3ce49d542741348871fa771111ce,1,1,0,clean,0,ok,"{""service"": ""deterministic_policy_gated_stub"", ""status"": ""executed"", ""record_id"": ""train:d6_u18"", ""safety"": ""ok""}",0,0,0.0,0.0006000009307172149,0.00019999970390927047,0.009899998985929415,0.0032999996619764715,0.016400001186411828
63,63,train:d6_u19,,,,,,always,3,1,1,0,0,0,rbpg-7aae22b49a7d572c2348b241,rbpg-7aae22b49a7d572c2348b241,rbpg-exec-5d1bcb11ee7a4d89bf15f068dca853f2,63:train:d6_u19,9fcc906b589c246beb539e64489b7531,1,1,0,clean,0,ok,"{""service"": ""deterministic_policy_gated_stub"", ""status"": ""executed"", ""record_id"": ""train:d6_u19"", ""safety"": ""ok""}",0,0,0.0,0.00039999940781854093,0.00019999970390927047,0.009699999282020144,0.0032999996619764715,0.015999999959603883
64,64,train:d6_u20,,,,,,always,3,1,1,0,0,0,rbpg-7aae22b49a7d572c2348b241,rbpg-7aae22b49a7d572c2348b241,rbpg-exec-5d1bcb11ee7a4d89bf15f068dca853f2,64:train:d6_u20,bbd91ed3872bb9a6b7101dd5dd15b9f9,1,1,0,clean,0,ok,"{""service"": ""deterministic_policy_gated_stub"", ""status"": ""executed"", ""record_id"": ""train:d6_u20"", ""safety"": ""ok""}",0,0,0.0,0.00039999940781854093,0.00019999970390927047,0.010400000974186696,0.0032999996619764715,0.01669999983278103
65,65,train:d6_u21,,,,,,always,3,1,1,0,0,0,rbpg-7aae22b49a7d572c2348b241,rbpg-7aae22b49a7d572c2348b241,rbpg-exec-5d1bcb11ee7a4d89bf15f068dca853f2,65:train:d6_u21,fde569618aabf4120f298d32a96b9517,1,1,0,clean,0,ok,"{""service"": ""deterministic_policy_gated_stub"", ""status"": ""executed"", ""record_id"": ""train:d6_u21"", ""safety"": ""ok""}",0,0,0.0,0.0004999983502784744,0.00019999970390927047,0.009900000804918818,0.0032999996619764715,0.01630000042496249
66,66,train:d7_u0,,,,,,always,3,1,1,0,0,0,rbpg-7aae22b49a7d572c2348b241,rbpg-7aae22b49a7d572c2348b241,rbpg-exec-5d1bcb11ee7a4d89bf15f068dca853f2,66:train:d7_u0,82248a944e9a029361f2cb37b961739d,1,1,0,clean,0,ok,"{""service"": ""deterministic_policy_gated_stub"", ""status"": ""executed"", ""record_id"": ""train:d7_u0"", ""safety"": ""ok""}",0,0,0.0,0.00030000046535860747,0.00019999970390927047,0.010100000508828089,0.0032999996619764715,0.016299998605973087
67,67,train:d7_u1,,,,,,always,3,1,1,0,0,0,rbpg-7aae22b49a7d572c2348b241,rbpg-7aae22b49a7d572c2348b241,rbpg-exec-5d1bcb11ee7a4d89bf15f068dca853f2,67:train:d7_u1,1ecbb8d23488f31fa132bb9b3605c4c9,1,1,0,clean,0,ok,"{""service"": ""deterministic_policy_gated_stub"", ""status"": ""executed"", ""record_id"": ""train:d7_u1"", ""safety"": ""ok""}",0,0,0.0,0.00039999940781854093,0.00019999970390927047,0.029400000130408444,0.00399999953515362,0.03650000144261867
68,68,train:d8_u0,,,,,,always,3,1,1,0,0,0,rbpg-7aae22b49a7d572c2348b241,rbpg-7aae22b49a7d572c2348b241,rbpg-exec-5d1bcb11ee7a4d89bf15f068dca853f2,68:train:d8_u0,713133eafb02d9a22c250a8e1472546f,1,1,0,clean,0,ok,"{""service"": ""deterministic_policy_gated_stub"", ""status"": ""executed"", ""record_id"": ""train:d8_u0"", ""safety"": ""ok""}",0,0,0.0,0.0004999983502784744,0.000200001522898674,0.011699999959091656,0.003499999365885742,0.018400000044493936
69,69,train:d8_u1,,,,,,always,3,1,1,0,0,0,rbpg-7aae22b49a7d572c2348b241,rbpg-7aae22b49a7d572c2348b241,rbpg-exec-5d1bcb11ee7a4d89bf15f068dca853f2,69:train:d8_u1,dc04278d5930ce8e70052fab6793484c,1,1,0,clean,0,ok,"{""service"": ""deterministic_policy_gated_stub"", ""status"": ""executed"", ""record_id"": ""train:d8_u1"", ""safety"": ""ok""}",0,0,0.0,0.00039999940781854093,0.00019999970390927047,0.010299998393747956,0.0034000004234258085,0.016899999536690302
70,70,train:d8_u2,,,,,,always,3,1,1,0,0,0,rbpg-7aae22b49a7d572c2348b241,rbpg-7aae22b49a7d572c2348b241,rbpg-exec-5d1bcb11ee7a4d89bf15f068dca853f2,70:train:d8_u2,c1901aae1ed29345bcac2d8c9f744681,1,1,0,clean,0,ok,"{""service"": ""deterministic_policy_gated_stub"", ""status"": ""executed"", ""record_id"": ""train:d8_u2"", ""safety"": ""ok""}",0,0,0.0,0.00039999940781854093,0.000200001522898674,0.009900000804918818,0.004499999704421498,0.017700000171316788
71,71,train:d8_u3,,,,,,always,3,1,1,0,0,0,rbpg-7aae22b49a7d572c2348b241,rbpg-7aae22b49a7d572c2348b241,rbpg-exec-5d1bcb11ee7a4d89bf15f068dca853f2,71:train:d8_u3,6409cb574103c6db712cc2f79276b05d,1,1,0,clean,0,ok,"{""service"": ""deterministic_policy_gated_stub"", ""status"": ""executed"", ""record_id"": ""train:d8_u3"", ""safety"": ""ok""}",0,0,0.0,0.0005000001692678779,0.00019999970390927047,0.02300000051036477,0.0037999998312443495,0.029799999538226984
72,72,train:d8_u4,,,,,,always,3,1,1,0,0,0,rbpg-7aae22b49a7d572c2348b241,rbpg-7aae22b49a7d572c2348b241,rbpg-exec-5d1bcb11ee7a4d89bf15f068dca853f2,72:train:d8_u4,d3c54b18d199ba36f559dc0efb3a5500,1,1,0,clean,0,ok,"{""service"": ""deterministic_policy_gated_stub"", ""status"": ""executed"", ""record_id"": ""train:d8_u4"", ""safety"": ""ok""}",0,0,0.0,0.0005000001692678779,0.00019999970390927047,0.01049999991664663,0.0037999998312443495,0.01759999940986745
73,73,train:d8_u5,,,,,,always,3,1,1,0,0,0,rbpg-7aae22b49a7d572c2348b241,rbpg-7aae22b49a7d572c2348b241,rbpg-exec-5d1bcb11ee7a4d89bf15f068dca853f2,73:train:d8_u5,0b005166ef43f0d56e4a16dbbd0d334d,1,1,0,clean,0,ok,"{""service"": ""deterministic_policy_gated_stub"", ""status"": ""executed"", ""record_id"": ""train:d8_u5"", ""safety"": ""ok""}",0,0,0.0,0.00039999940781854093,0.00019999970390927047,0.009699999282020144,0.008699998943484388,0.021500000002561137
74,74,train:d8_u6,,,,,,always,3,1,1,0,0,0,rbpg-7aae22b49a7d572c2348b241,rbpg-7aae22b49a7d572c2348b241,rbpg-exec-5d1bcb11ee7a4d89bf15f068dca853f2,74:train:d8_u6,25bd70d3d6ab329af7a194879c206f70,1,1,0,clean,0,ok,"{""service"": ""deterministic_policy_gated_stub"", ""status"": ""executed"", ""record_id"": ""train:d8_u6"", ""safety"": ""ok""}",0,0,0.0,0.0004000012268079445,0.00019999970390927047,0.009999999747378752,0.0034000004234258085,0.016599999071331695
75,75,train:d9_u0,,,,,,always,3,1,1,0,0,0,rbpg-7aae22b49a7d572c2348b241,rbpg-7aae22b49a7d572c2348b241,rbpg-exec-5d1bcb11ee7a4d89bf15f068dca853f2,75:train:d9_u0,69543ef30d0d0ed13e5657007c2c5107,1,1,0,clean,0,ok,"{""service"": ""deterministic_policy_gated_stub"", ""status"": ""executed"", ""record_id"": ""train:d9_u0"", ""safety"": ""ok""}",0,0,0.0,0.00039999940781854093,0.00019999970390927047,0.009700001101009548,0.0031999989005271345,0.015999999959603883
76,76,train:d9_u1,,,,,,always,3,1,1,0,0,0,rbpg-7aae22b49a7d572c2348b241,rbpg-7aae22b49a7d572c2348b241,rbpg-exec-5d1bcb11ee7a4d89bf15f068dca853f2,76:train:d9_u1,eacb40a69d43719ec938ff7b4364c139,1,1,0,clean,0,ok,"{""service"": ""deterministic_policy_gated_stub"", ""status"": ""executed"", ""record_id"": ""train:d9_u1"", ""safety"": ""ok""}",0,0,0.0,0.0004000012268079445,0.00019999970390927047,0.00960000033956021,0.003499999365885742,0.016199999663513154
77,77,train:d9_u2,,,,,,always,3,1,1,0,0,0,rbpg-7aae22b49a7d572c2348b241,rbpg-7aae22b49a7d572c2348b241,rbpg-exec-5d1bcb11ee7a4d89bf15f068dca853f2,77:train:d9_u2,626519abe1d49cec91dff662bb994bfa,1,1,0,clean,0,ok,"{""service"": ""deterministic_policy_gated_stub"", ""status"": ""executed"", ""record_id"": ""train:d9_u2"", ""safety"": ""ok""}",0,0,0.0,0.0004000012268079445,0.00019999970390927047,0.00960000033956021,0.0034000004234258085,0.016200001482502557
78,78,train:d9_u3,,,,,,always,3,1,1,0,0,0,rbpg-7aae22b49a7d572c2348b241,rbpg-7aae22b49a7d572c2348b241,rbpg-exec-5d1bcb11ee7a4d89bf15f068dca853f2,78:train:d9_u3,4817760c06ccb0203c1332367c61d3a1,1,1,0,clean,0,ok,"{""service"": ""deterministic_policy_gated_stub"", ""status"": ""executed"", ""record_id"": ""train:d9_u3"", ""safety"": ""ok""}",0,0,0.0,0.0005000001692678779,0.00019999970390927047,0.009699999282020144,0.0034000004234258085,0.016399999367422424
79,79,train:d9_u4,,,,,,always,3,1,1,0,0,0,rbpg-7aae22b49a7d572c2348b241,rbpg-7aae22b49a7d572c2348b241,rbpg-exec-5d1bcb11ee7a4d89bf15f068dca853f2,79:train:d9_u4,2e5e34c9d0e01eb9d1c4ded8b2069275,1,1,0,clean,0,ok,"{""service"": ""deterministic_policy_gated_stub"", ""status"": ""executed"", ""record_id"": ""train:d9_u4"", ""safety"": ""ok""}",0,0,0.0,0.0005000001692678779,0.00019999970390927047,0.00960000033956021,0.0034000004234258085,0.01610000072105322
80,80,train:d9_u5,,,,,,always,3,1,1,0,0,0,rbpg-7aae22b49a7d572c2348b241,rbpg-7aae22b49a7d572c2348b241,rbpg-exec-5d1bcb11ee7a4d89bf15f068dca853f2,80:train:d9_u5,91307b39825890013819a6e809c3e8d6,1,1,0,clean,0,ok,"{""service"": ""deterministic_policy_gated_stub"", ""status"": ""executed"", ""record_id"": ""train:d9_u5"", ""safety"": ""ok""}",0,0,0.0,0.00039999940781854093,0.00019999970390927047,0.009800000043469481,0.0032999996619764715,0.01630000042496249
81,81,train:d9_u6,,,,,,always,3,1,1,0,0,0,rbpg-7aae22b49a7d572c2348b241,rbpg-7aae22b49a7d572c2348b241,rbpg-exec-5d1bcb11ee7a4d89bf15f068dca853f2,81:train:d9_u6,63b94913cc069c0be387fa0e97adaa17,1,1,0,clean,0,ok,"{""service"": ""deterministic_policy_gated_stub"", ""status"": ""executed"", ""record_id"": ""train:d9_u6"", ""safety"": ""ok""}",0,0,0.0,0.0004000012268079445,0.00019999970390927047,0.009900000804918818,0.0034000004234258085,0.01650000012887176
82,82,train:d9_u7,,,,,,always,3,1,1,0,0,0,rbpg-7aae22b49a7d572c2348b241,rbpg-7aae22b49a7d572c2348b241,rbpg-exec-5d1bcb11ee7a4d89bf15f068dca853f2,82:train:d9_u7,c3f87b1b3f6cf7a2050e23476c2c3fd6,1,1,0,clean,0,ok,"{""service"": ""deterministic_policy_gated_stub"", ""status"": ""executed"", ""record_id"": ""train:d9_u7"", ""safety"": ""ok""}",0,0,0.0,0.0004000012268079445,0.00019999970390927047,0.010599998859106563,0.003399998604436405,0.01720000000204891
83,83,train:d9_u8,,,,,,always,3,1,1,0,0,0,rbpg-7aae22b49a7d572c2348b241,rbpg-7aae22b49a7d572c2348b241,rbpg-exec-5d1bcb11ee7a4d89bf15f068dca853f2,83:train:d9_u8,127a3d513f035e64460f219b66c7a2f9,1,1,0,clean,0,ok,"{""service"": ""deterministic_policy_gated_stub"", ""status"": ""executed"", ""record_id"": ""train:d9_u8"", ""safety"": ""ok""}",0,0,0.0,0.00039999940781854093,0.00019999970390927047,0.009699999282020144,0.0034000004234258085,0.016199999663513154
84,84,train:d9_u9,,,,,,always,3,1,1,0,0,0,rbpg-7aae22b49a7d572c2348b241,rbpg-7aae22b49a7d572c2348b241,rbpg-exec-5d1bcb11ee7a4d89bf15f068dca853f2,84:train:d9_u9,34e340fae26a642c15bd79083aca2f85,1,1,0,clean,0,ok,"{""service"": ""deterministic_policy_gated_stub"", ""status"": ""executed"", ""record_id"": ""train:d9_u9"", ""safety"": ""ok""}",0,0,0.0,0.0005000001692678779,0.00019999970390927047,0.010199999451288022,0.0032999996619764715,0.016499998309882358
85,85,train:d9_u10,,,,,,always,3,1,1,0,0,0,rbpg-7aae22b49a7d572c2348b241,rbpg-7aae22b49a7d572c2348b241,rbpg-exec-5d1bcb11ee7a4d89bf15f068dca853f2,85:train:d9_u10,31dafab070bf52b872933316d0507af0,1,1,0,clean,0,ok,"{""service"": ""deterministic_policy_gated_stub"", ""status"": ""executed"", ""record_id"": ""train:d9_u10"", ""safety"": ""ok""}",0,0,0.0,0.00039999940781854093,0.00019999970390927047,0.009900000804918818,0.0032999996619764715,0.01630000042496249
86,86,train:d9_u11,,,,,,always,3,1,1,0,0,0,rbpg-7aae22b49a7d572c2348b241,rbpg-7aae22b49a7d572c2348b241,rbpg-exec-5d1bcb11ee7a4d89bf15f068dca853f2,86:train:d9_u11,781af48e3599a79bfc816a7c6cc1c69c,1,1,0,clean,0,ok,"{""service"": ""deterministic_policy_gated_stub"", ""status"": ""executed"", ""record_id"": ""train:d9_u11"", ""safety"": ""ok""}",0,0,0.0,0.00039999940781854093,0.00019999970390927047,0.00960000033956021,0.003200000719516538,0.015800000255694613
87,87,train:d9_u13,,,,,,always,3,1,1,0,0,0,rbpg-7aae22b49a7d572c2348b241,rbpg-7aae22b49a7d572c2348b241,rbpg-exec-5d1bcb11ee7a4d89bf15f068dca853f2,87:train:d9_u13,ddde8dcf038f3a99e7aaefc259e61040,1,1,0,clean,0,ok,"{""service"": ""deterministic_policy_gated_stub"", ""status"": ""executed"", ""record_id"": ""train:d9_u13"", ""safety"": ""ok""}",0,0,0.0,0.00039999940781854093,0.00019999970390927047,0.009599998520570807,0.003200000719516538,0.015800000255694613
88,88,train:d10_u0,,,,,,always,3,1,1,0,0,0,rbpg-7aae22b49a7d572c2348b241,rbpg-7aae22b49a7d572c2348b241,rbpg-exec-5d1bcb11ee7a4d89bf15f068dca853f2,88:train:d10_u0,fa3530589960435634774fd3fca40ce0,1,1,0,clean,0,ok,"{""service"": ""deterministic_policy_gated_stub"", ""status"": ""executed"", ""record_id"": ""train:d10_u0"", ""safety"": ""ok""}",0,0,0.0,0.0005000001692678779,0.00019999970390927047,0.009699999282020144,0.003399998604436405,0.015999999959603883
89,89,train:d10_u1,,,,,,always,3,1,1,0,0,0,rbpg-7aae22b49a7d572c2348b241,rbpg-7aae22b49a7d572c2348b241,rbpg-exec-5d1bcb11ee7a4d89bf15f068dca853f2,89:train:d10_u1,843ab6b60ba2e4fdaa3263b61886ecac,1,1,0,clean,0,ok,"{""service"": ""deterministic_policy_gated_stub"", ""status"": ""executed"", ""record_id"": ""train:d10_u1"", ""safety"": ""ok""}",0,0,0.0,0.0004000012268079445,0.00019999970390927047,0.009800000043469481,0.0035000011848751456,0.016299998605973087
90,90,train:d10_u2,,,,,,always,3,1,1,0,0,0,rbpg-7aae22b49a7d572c2348b241,rbpg-7aae22b49a7d572c2348b241,rbpg-exec-5d1bcb11ee7a4d89bf15f068dca853f2,90:train:d10_u2,66738eeab03a10522833c949a4ad4196,1,1,0,clean,0,ok,"{""service"": ""deterministic_policy_gated_stub"", ""status"": ""executed"", ""record_id"": ""train:d10_u2"", ""safety"": ""ok""}",0,0,0.0,0.00039999940781854093,0.00019999970390927047,0.00960000033956021,0.003200000719516538,0.015899999198154546
91,91,train:d10_u3,,,,,,always,3,1,1,0,0,0,rbpg-7aae22b49a7d572c2348b241,rbpg-7aae22b49a7d572c2348b241,rbpg-exec-5d1bcb11ee7a4d89bf15f068dca853f2,91:train:d10_u3,95765a34efba3148b7e3019744f9d81c,1,1,0,clean,0,ok,"{""service"": ""deterministic_policy_gated_stub"", ""status"": ""executed"", ""record_id"": ""train:d10_u3"", ""safety"": ""ok""}",0,0,0.0,0.00039999940781854093,0.000200001522898674,0.009699999282020144,0.0032999996619764715,0.016399999367422424
92,92,train:d10_u4,,,,,,always,3,1,1,0,0,0,rbpg-7aae22b49a7d572c2348b241,rbpg-7aae22b49a7d572c2348b241,rbpg-exec-5d1bcb11ee7a4d89bf15f068dca853f2,92:train:d10_u4,11094ba65a119e25e2cff5401a7ee46b,1,1,0,clean,0,ok,"{""service"": ""deterministic_policy_gated_stub"", ""status"": ""executed"", ""record_id"": ""train:d10_u4"", ""safety"": ""ok""}",0,0,0.0,0.0004000012268079445,0.00030000046535860747,0.009699999282020144,0.0034000004234258085,0.016099998902063817
93,93,train:d10_u5,,,,,,always,3,1,1,0,0,0,rbpg-7aae22b49a7d572c2348b241,rbpg-7aae22b49a7d572c2348b241,rbpg-exec-5d1bcb11ee7a4d89bf15f068dca853f2,93:train:d10_u5,8e7335c746253e87d6393b73dbb350ee,1,1,0,clean,0,ok,"{""service"": ""deterministic_policy_gated_stub"", ""status"": ""executed"", ""record_id"": ""train:d10_u5"", ""safety"": ""ok""}",0,0,0.0,0.0004000012268079445,0.00019999970390927047,0.009800000043469481,0.003200000719516538,0.016199999663513154
94,94,train:d11_u0,,,,,,always,3,1,1,0,0,0,rbpg-7aae22b49a7d572c2348b241,rbpg-7aae22b49a7d572c2348b241,rbpg-exec-5d1bcb11ee7a4d89bf15f068dca853f2,94:train:d11_u0,d11e5bee40eba108e9586bad1a50e179,1,1,0,clean,0,ok,"{""service"": ""deterministic_policy_gated_stub"", ""status"": ""executed"", ""record_id"": ""train:d11_u0"", ""safety"": ""ok""}",0,0,0.0,0.00039999940781854093,0.00030000046535860747,0.009800000043469481,0.0032999996619764715,0.016200001482502557
95,95,train:d11_u1,,,,,,always,3,1,1,0,0,0,rbpg-7aae22b49a7d572c2348b241,rbpg-7aae22b49a7d572c2348b241,rbpg-exec-5d1bcb11ee7a4d89bf15f068dca853f2,95:train:d11_u1,71d6cb1ae17801af0ffb547c629d3afd,1,1,0,clean,0,ok,"{""service"": ""deterministic_policy_gated_stub"", ""status"": ""executed"", ""record_id"": ""train:d11_u1"", ""safety"": ""ok""}",0,0,0.0,0.00039999940781854093,0.00019999970390927047,0.009599998520570807,0.0032999996619764715,0.015999999959603883
96,96,train:d11_u2,,,,,,always,3,1,1,0,0,0,rbpg-7aae22b49a7d572c2348b241,rbpg-7aae22b49a7d572c2348b241,rbpg-exec-5d1bcb11ee7a4d89bf15f068dca853f2,96:train:d11_u2,d80db594e1a1b2712680d3e92363f8d4,1,1,0,clean,0,ok,"{""service"": ""deterministic_policy_gated_stub"", ""status"": ""executed"", ""record_id"": ""train:d11_u2"", ""safety"": ""ok""}",0,0,0.0,0.0004000012268079445,0.00030000046535860747,0.009699999282020144,0.0032999996619764715,0.015999999959603883
97,97,train:d11_u3,,,,,,always,3,1,1,0,0,0,rbpg-7aae22b49a7d572c2348b241,rbpg-7aae22b49a7d572c2348b241,rbpg-exec-5d1bcb11ee7a4d89bf15f068dca853f2,97:train:d11_u3,28f8afde831534bb397530193db799be,1,1,0,clean,0,ok,"{""service"": ""deterministic_policy_gated_stub"", ""status"": ""executed"", ""record_id"": ""train:d11_u3"", ""safety"": ""ok""}",0,0,0.0,0.0004000012268079445,0.00019999970390927047,0.009899998985929415,0.0034000004234258085,0.016299998605973087
98,98,train:d11_u4,,,,,,always,3,1,1,0,0,0,rbpg-7aae22b49a7d572c2348b241,rbpg-7aae22b49a7d572c2348b241,rbpg-exec-5d1bcb11ee7a4d89bf15f068dca853f2,98:train:d11_u4,d46d6fab81e7a096de709ce1fa81b968,1,1,0,clean,0,ok,"{""service"": ""deterministic_policy_gated_stub"", ""status"": ""executed"", ""record_id"": ""train:d11_u4"", ""safety"": ""ok""}",0,0,0.0,0.0004000012268079445,0.00019999970390927047,0.009499999578110874,0.003200000719516538,0.015999999959603883
99,99,train:d11_u5,,,,,,always,3,1,1,0,0,0,rbpg-7aae22b49a7d572c2348b241,rbpg-7aae22b49a7d572c2348b241,rbpg-exec-5d1bcb11ee7a4d89bf15f068dca853f2,99:train:d11_u5,c1d94a38bf50c08643f32f00fa5314cb,1,1,0,clean,0,ok,"{""service"": ""deterministic_policy_gated_stub"", ""status"": ""executed"", ""record_id"": ""train:d11_u5"", ""safety"": ""ok""}",0,0,0.0,0.0004000012268079445,0.00019999970390927047,0.010199999451288022,0.0031999989005271345,0.01650000012887176
100,100,train:d11_u6,,,,,,always,3,1,1,0,0,0,rbpg-7aae22b49a7d572c2348b241,rbpg-7aae22b49a7d572c2348b241,rbpg-exec-5d1bcb11ee7a4d89bf15f068dca853f2,100:train:d11_u6,5154fbc14883e38d63f8c5299b7dd409,1,1,0,clean,0,ok,"{""service"": ""deterministic_policy_gated_stub"", ""status"": ""executed"", ""record_id"": ""train:d11_u6"", ""safety"": ""ok""}",0,0,0.0,0.0004000012268079445,0.00019999970390927047,0.010100000508828089,0.0032999996619764715,0.01650000012887176
101,101,train:d11_u7,,,,,,always,3,1,1,0,0,0,rbpg-7aae22b49a7d572c2348b241,rbpg-7aae22b49a7d572c2348b241,rbpg-exec-5d1bcb11ee7a4d89bf15f068dca853f2,101:train:d11_u7,e0e47277ee999fc7f0c465a937e96ac5,1,1,0,clean,0,ok,"{""service"": ""deterministic_policy_gated_stub"", ""status"": ""executed"", ""record_id"": ""train:d11_u7"", ""safety"": ""ok""}",0,0,0.0,0.0005000001692678779,0.000200001522898674,0.009800000043469481,0.0032999996619764715,0.0166000008903211
102,102,train:d11_u8,,,,,,always,3,1,1,0,0,0,rbpg-7aae22b49a7d572c2348b241,rbpg-7aae22b49a7d572c2348b241,rbpg-exec-5d1bcb11ee7a4d89bf15f068dca853f2,102:train:d11_u8,f66b97603a745c8f91b357b5f446b5c5,1,1,0,clean,0,ok,"{""service"": ""deterministic_policy_gated_stub"", ""status"": ""executed"", ""record_id"": ""train:d11_u8"", ""safety"": ""ok""}",0,0,0.0,0.00039999940781854093,0.00030000046535860747,0.009999999747378752,0.0032999996619764715,0.01630000042496249
103,103,train:d11_u9,,,,,,always,3,1,1,0,0,0,rbpg-7aae22b49a7d572c2348b241,rbpg-7aae22b49a7d572c2348b241,rbpg-exec-5d1bcb11ee7a4d89bf15f068dca853f2,103:train:d11_u9,9944dbb9f432afdbc0473bf75325e5ce,1,1,0,clean,0,ok,"{""service"": ""deterministic_policy_gated_stub"", ""status"": ""executed"", ""record_id"": ""train:d11_u9"", ""safety"": ""ok""}",0,0,0.0,0.0004000012268079445,0.00019999970390927047,0.010100000508828089,0.0032999996619764715,0.016399999367422424
104,104,train:d12_u0,,,,,,always,3,1,1,0,0,0,rbpg-7aae22b49a7d572c2348b241,rbpg-7aae22b49a7d572c2348b241,rbpg-exec-5d1bcb11ee7a4d89bf15f068dca853f2,104:train:d12_u0,ea4cf28a54461cf004e7715b8148a948,1,1,0,clean,0,ok,"{""service"": ""deterministic_policy_gated_stub"", ""status"": ""executed"", ""record_id"": ""train:d12_u0"", ""safety"": ""ok""}",0,0,0.0,0.00039999940781854093,0.00019999970390927047,0.01049999991664663,0.0034000004234258085,0.016899999536690302
105,105,train:d12_u1,,,,,,always,3,1,1,0,0,0,rbpg-7aae22b49a7d572c2348b241,rbpg-7aae22b49a7d572c2348b241,rbpg-exec-5d1bcb11ee7a4d89bf15f068dca853f2,105:train:d12_u1,d0b924e0f0dfea115be8a2bfb24465c1,1,1,0,clean,0,ok,"{""service"": ""deterministic_policy_gated_stub"", ""status"": ""executed"", ""record_id"": ""train:d12_u1"", ""safety"": ""ok""}",0,0,0.0,0.0005000001692678779,0.00019999970390927047,0.010100000508828089,0.0034000004234258085,0.01650000012887176
106,106,train:d12_u5,,,,,,always,3,1,1,0,0,0,rbpg-7aae22b49a7d572c2348b241,rbpg-7aae22b49a7d572c2348b241,rbpg-exec-5d1bcb11ee7a4d89bf15f068dca853f2,106:train:d12_u5,fc0ea49c4be7da4132effcb7484d8b37,1,1,0,clean,0,ok,"{""service"": ""deterministic_policy_gated_stub"", ""status"": ""executed"", ""record_id"": ""train:d12_u5"", ""safety"": ""ok""}",0,0,0.0,0.00039999940781854093,0.00030000046535860747,0.009900000804918818,0.003300001480965875,0.01630000042496249
107,107,train:d12_u7,,,,,,always,3,1,1,0,0,0,rbpg-7aae22b49a7d572c2348b241,rbpg-7aae22b49a7d572c2348b241,rbpg-exec-5d1bcb11ee7a4d89bf15f068dca853f2,107:train:d12_u7,2343f730fe3b807813d5427818d80eeb,1,1,0,clean,0,ok,"{""service"": ""deterministic_policy_gated_stub"", ""status"": ""executed"", ""record_id"": ""train:d12_u7"", ""safety"": ""ok""}",0,0,0.0,0.00039999940781854093,0.000200001522898674,0.010300000212737359,0.003200000719516538,0.01650000012887176
108,108,train:d12_u11,,,,,,always,3,1,1,0,0,0,rbpg-7aae22b49a7d572c2348b241,rbpg-7aae22b49a7d572c2348b241,rbpg-exec-5d1bcb11ee7a4d89bf15f068dca853f2,108:train:d12_u11,4c49a761d46c5d69383d9906e22cfc55,1,1,0,clean,0,ok,"{""service"": ""deterministic_policy_gated_stub"", ""status"": ""executed"", ""record_id"": ""train:d12_u11"", ""safety"": ""ok""}",0,0,0.0,0.0004000012268079445,0.000200001522898674,0.009800000043469481,0.0032999996619764715,0.01610000072105322
109,109,train:d13_u0,,,,,,always,3,1,1,0,0,0,rbpg-7aae22b49a7d572c2348b241,rbpg-7aae22b49a7d572c2348b241,rbpg-exec-5d1bcb11ee7a4d89bf15f068dca853f2,109:train:d13_u0,981968584a26af640e5073169d7e081b,1,1,0,clean,0,ok,"{""service"": ""deterministic_policy_gated_stub"", ""status"": ""executed"", ""record_id"": ""train:d13_u0"", ""safety"": ""ok""}",0,0,0.0,0.0005000001692678779,0.00019999970390927047,0.009900000804918818,0.003200000719516538,0.016099998902063817
110,110,train:d13_u1,,,,,,always,3,1,1,0,0,0,rbpg-7aae22b49a7d572c2348b241,rbpg-7aae22b49a7d572c2348b241,rbpg-exec-5d1bcb11ee7a4d89bf15f068dca853f2,110:train:d13_u1,4af0fec781d1a396890b0027f8875465,1,1,0,clean,0,ok,"{""service"": ""deterministic_policy_gated_stub"", ""status"": ""executed"", ""record_id"": ""train:d13_u1"", ""safety"": ""ok""}",0,0,0.0,0.00039999940781854093,0.00019999970390927047,0.009700001101009548,0.0032999996619764715,0.01590000101714395
111,111,train:d13_u3,,,,,,always,3,1,1,0,0,0,rbpg-7aae22b49a7d572c2348b241,rbpg-7aae22b49a7d572c2348b241,rbpg-exec-5d1bcb11ee7a4d89bf15f068dca853f2,111:train:d13_u3,a2146532cb7f104eddf855797547503b,1,1,0,clean,0,ok,"{""service"": ""deterministic_policy_gated_stub"", ""status"": ""executed"", ""record_id"": ""train:d13_u3"", ""safety"": ""ok""}",0,0,0.0,0.00039999940781854093,0.00019999970390927047,0.009899998985929415,0.0032999996619764715,0.01630000042496249
112,112,train:d14_u0,,,,,,always,3,1,1,0,0,0,rbpg-7aae22b49a7d572c2348b241,rbpg-7aae22b49a7d572c2348b241,rbpg-exec-5d1bcb11ee7a4d89bf15f068dca853f2,112:train:d14_u0,4c7a9c9604db1dd53b21130711021703,1,1,0,clean,0,ok,"{""service"": ""deterministic_policy_gated_stub"", ""status"": ""executed"", ""record_id"": ""train:d14_u0"", ""safety"": ""ok""}",0,0,0.0,0.0004000012268079445,0.00019999970390927047,0.00960000033956021,0.0031999989005271345,0.01590000101714395
113,113,train:d14_u1,,,,,,always,3,1,1,0,0,0,rbpg-7aae22b49a7d572c2348b241,rbpg-7aae22b49a7d572c2348b241,rbpg-exec-5d1bcb11ee7a4d89bf15f068dca853f2,113:train:d14_u1,73fc9275558f926e040c708b4a9ee6fa,1,1,0,clean,0,ok,"{""service"": ""deterministic_policy_gated_stub"", ""status"": ""executed"", ""record_id"": ""train:d14_u1"", ""safety"": ""ok""}",0,0,0.0,0.0004000012268079445,0.00019999970390927047,0.00960000033956021,0.0031999989005271345,0.015999999959603883
114,114,train:d14_u2,,,,,,always,3,1,1,0,0,0,rbpg-7aae22b49a7d572c2348b241,rbpg-7aae22b49a7d572c2348b241,rbpg-exec-5d1bcb11ee7a4d89bf15f068dca853f2,114:train:d14_u2,c310a775b8530560d73cb60c47320b06,1,1,0,clean,0,ok,"{""service"": ""deterministic_policy_gated_stub"", ""status"": ""executed"", ""record_id"": ""train:d14_u2"", ""safety"": ""ok""}",0,0,0.0,0.0004000012268079445,0.00019999970390927047,0.009900000804918818,0.02260000110254623,0.03550000110408291
115,115,train:d14_u4,,,,,,always,3,1,1,0,0,0,rbpg-7aae22b49a7d572c2348b241,rbpg-7aae22b49a7d572c2348b241,rbpg-exec-5d1bcb11ee7a4d89bf15f068dca853f2,115:train:d14_u4,0f84f782a2deb4a1b2a11b5d88e2c31f,1,1,0,clean,0,ok,"{""service"": ""deterministic_policy_gated_stub"", ""status"": ""executed"", ""record_id"": ""train:d14_u4"", ""safety"": ""ok""}",0,0,0.0,0.0004000012268079445,0.00019999970390927047,0.012000000424450263,0.003200000719516538,0.018599999748403206
116,116,train:d14_u5,,,,,,always,3,1,1,0,0,0,rbpg-7aae22b49a7d572c2348b241,rbpg-7aae22b49a7d572c2348b241,rbpg-exec-5d1bcb11ee7a4d89bf15f068dca853f2,116:train:d14_u5,df13c8dc5385c8b00a54d7df85b14e6d,1,1,0,clean,0,ok,"{""service"": ""deterministic_policy_gated_stub"", ""status"": ""executed"", ""record_id"": ""train:d14_u5"", ""safety"": ""ok""}",0,0,0.0,0.00039999940781854093,0.00019999970390927047,0.009800000043469481,0.003200000719516538,0.015999999959603883
117,117,train:d15_u0,,,,,,always,3,1,1,0,0,0,rbpg-7aae22b49a7d572c2348b241,rbpg-7aae22b49a7d572c2348b241,rbpg-exec-5d1bcb11ee7a4d89bf15f068dca853f2,117:train:d15_u0,6bb62b17d17f3dabd7c730a720aac559,1,1,0,clean,0,ok,"{""service"": ""deterministic_policy_gated_stub"", ""status"": ""executed"", ""record_id"": ""train:d15_u0"", ""safety"": ""ok""}",0,0,0.0,0.0004000012268079445,0.00019999970390927047,0.009800000043469481,0.003200000719516538,0.015999999959603883
118,118,train:d15_u1,,,,,,always,3,1,1,0,0,0,rbpg-7aae22b49a7d572c2348b241,rbpg-7aae22b49a7d572c2348b241,rbpg-exec-5d1bcb11ee7a4d89bf15f068dca853f2,118:train:d15_u1,21847f55a418c0a49fa352b60b00c4ee,1,1,0,clean,0,ok,"{""service"": ""deterministic_policy_gated_stub"", ""status"": ""executed"", ""record_id"": ""train:d15_u1"", ""safety"": ""ok""}",0,0,0.0,0.0004999983502784744,0.00019999970390927047,0.009699999282020144,0.003099999958067201,0.015800000255694613
119,119,train:d15_u2,,,,,,always,3,1,1,0,0,0,rbpg-7aae22b49a7d572c2348b241,rbpg-7aae22b49a7d572c2348b241,rbpg-exec-5d1bcb11ee7a4d89bf15f068dca853f2,119:train:d15_u2,e5d51d3ed51c960d9f8cc775ef21ee33,1,1,0,clean,0,ok,"{""service"": ""deterministic_policy_gated_stub"", ""status"": ""executed"", ""record_id"": ""train:d15_u2"", ""safety"": ""ok""}",0,0,0.0,0.00039999940781854093,0.000200001522898674,0.009700001101009548,0.003099999958067201,0.015899999198154546
120,120,train:d15_u3,,,,,,always,3,1,1,0,0,0,rbpg-7aae22b49a7d572c2348b241,rbpg-7aae22b49a7d572c2348b241,rbpg-exec-5d1bcb11ee7a4d89bf15f068dca853f2,120:train:d15_u3,3f75376aa5a008a23eb1f5b1d22629ed,1,1,0,clean,0,ok,"{""service"": ""deterministic_policy_gated_stub"", ""status"": ""executed"", ""record_id"": ""train:d15_u3"", ""safety"": ""ok""}",0,0,0.0,0.0005000001692678779,0.00019999970390927047,0.00960000033956021,0.003200000719516538,0.01579999843670521
121,121,train:d15_u5,,,,,,always,3,1,1,0,0,0,rbpg-7aae22b49a7d572c2348b241,rbpg-7aae22b49a7d572c2348b241,rbpg-exec-5d1bcb11ee7a4d89bf15f068dca853f2,121:train:d15_u5,22ce670018215cc047da224e4e462cfb,1,1,0,clean,0,ok,"{""service"": ""deterministic_policy_gated_stub"", ""status"": ""executed"", ""record_id"": ""train:d15_u5"", ""safety"": ""ok""}",0,0,0.0,0.0004000012268079445,0.00019999970390927047,0.009699999282020144,0.0031999989005271345,0.015999999959603883
122,122,train:d15_u6,,,,,,always,3,1,1,0,0,0,rbpg-7aae22b49a7d572c2348b241,rbpg-7aae22b49a7d572c2348b241,rbpg-exec-5d1bcb11ee7a4d89bf15f068dca853f2,122:train:d15_u6,8fd235e3a2967586e306eb175c205b00,1,1,0,clean,0,ok,"{""service"": ""deterministic_policy_gated_stub"", ""status"": ""executed"", ""record_id"": ""train:d15_u6"", ""safety"": ""ok""}",0,0,0.0,0.0004000012268079445,0.00019999970390927047,0.009399998816661537,0.003099999958067201,0.015699999494245276
123,123,train:d15_u7,,,,,,always,3,1,1,0,0,0,rbpg-7aae22b49a7d572c2348b241,rbpg-7aae22b49a7d572c2348b241,rbpg-exec-5d1bcb11ee7a4d89bf15f068dca853f2,123:train:d15_u7,befe08544053ad1a61f77dd5b31dbf8a,1,1,0,clean,0,ok,"{""service"": ""deterministic_policy_gated_stub"", ""status"": ""executed"", ""record_id"": ""train:d15_u7"", ""safety"": ""ok""}",0,0,0.0,0.0004000012268079445,0.00019999970390927047,0.009499999578110874,0.003099999958067201,0.015600000551785342
124,124,train:d15_u8,,,,,,always,3,1,1,0,0,0,rbpg-7aae22b49a7d572c2348b241,rbpg-7aae22b49a7d572c2348b241,rbpg-exec-5d1bcb11ee7a4d89bf15f068dca853f2,124:train:d15_u8,5333de4a2d58810745e9e5df45a348a9,1,1,0,clean,0,ok,"{""service"": ""deterministic_policy_gated_stub"", ""status"": ""executed"", ""record_id"": ""train:d15_u8"", ""safety"": ""ok""}",0,0,0.0,0.0004000012268079445,0.00019999970390927047,0.009499999578110874,0.0032999996619764715,0.01570000131323468
125,125,train:d15_u9,,,,,,always,3,1,1,0,0,0,rbpg-7aae22b49a7d572c2348b241,rbpg-7aae22b49a7d572c2348b241,rbpg-exec-5d1bcb11ee7a4d89bf15f068dca853f2,125:train:d15_u9,08575e60667a370bd46d4efd2d0cabf5,1,1,0,clean,0,ok,"{""service"": ""deterministic_policy_gated_stub"", ""status"": ""executed"", ""record_id"": ""train:d15_u9"", ""safety"": ""ok""}",0,0,0.0,0.0004000012268079445,0.00019999970390927047,0.009499999578110874,0.003099999958067201,0.01570000131323468
126,126,train:d15_u10,,,,,,always,3,1,1,0,0,0,rbpg-7aae22b49a7d572c2348b241,rbpg-7aae22b49a7d572c2348b241,rbpg-exec-5d1bcb11ee7a4d89bf15f068dca853f2,126:train:d15_u10,a21ed4806ad8158ba6beb718211fb138,1,1,0,clean,0,ok,"{""service"": ""deterministic_policy_gated_stub"", ""status"": ""executed"", ""record_id"": ""train:d15_u10"", ""safety"": ""ok""}",0,0,0.0,0.00039999940781854093,0.00019999970390927047,0.009900000804918818,0.003200000719516538,0.016099998902063817
127,127,train:d15_u11,,,,,,always,3,1,1,0,0,0,rbpg-7aae22b49a7d572c2348b241,rbpg-7aae22b49a7d572c2348b241,rbpg-exec-5d1bcb11ee7a4d89bf15f068dca853f2,127:train:d15_u11,36dd7c597fd45326b221bb2bdfe5bef5,1,1,0,clean,0,ok,"{""service"": ""deterministic_policy_gated_stub"", ""status"": ""executed"", ""record_id"": ""train:d15_u11"", ""safety"": ""ok""}",0,0,0.0,0.00039999940781854093,0.000200001522898674,0.009599998520570807,0.003200000719516538,0.015699999494245276
128,128,train:d15_u12,,,,,,always,3,1,1,0,0,0,rbpg-7aae22b49a7d572c2348b241,rbpg-7aae22b49a7d572c2348b241,rbpg-exec-5d1bcb11ee7a4d89bf15f068dca853f2,128:train:d15_u12,44ac697c4f24cbd8536af2c1d7c3ef22,1,1,0,clean,0,ok,"{""service"": ""deterministic_policy_gated_stub"", ""status"": ""executed"", ""record_id"": ""train:d15_u12"", ""safety"": ""ok""}",0,0,0.0,0.0004000012268079445,0.00019999970390927047,0.00960000033956021,0.003200000719516538,0.015800000255694613
129,129,train:d15_u13,,,,,,always,3,1,1,0,0,0,rbpg-7aae22b49a7d572c2348b241,rbpg-7aae22b49a7d572c2348b241,rbpg-exec-5d1bcb11ee7a4d89bf15f068dca853f2,129:train:d15_u13,239bae46e9df987eebf400a7da4d03ac,1,1,0,clean,0,ok,"{""service"": ""deterministic_policy_gated_stub"", ""status"": ""executed"", ""record_id"": ""train:d15_u13"", ""safety"": ""ok""}",0,0,0.0,0.0002999986463692039,0.00019999970390927047,0.009599998520570807,0.0032999996619764715,0.015800000255694613
130,130,train:d15_u14,,,,,,always,3,1,1,0,0,0,rbpg-7aae22b49a7d572c2348b241,rbpg-7aae22b49a7d572c2348b241,rbpg-exec-5d1bcb11ee7a4d89bf15f068dca853f2,130:train:d15_u14,86d3600457206b2b396ea47cb3e6503c,1,1,0,clean,0,ok,"{""service"": ""deterministic_policy_gated_stub"", ""status"": ""executed"", ""record_id"": ""train:d15_u14"", ""safety"": ""ok""}",0,0,0.0,0.0004000012268079445,0.00019999970390927047,0.00960000033956021,0.0034000004234258085,0.016099998902063817
131,131,train:d15_u15,,,,,,always,3,1,1,0,0,0,rbpg-7aae22b49a7d572c2348b241,rbpg-7aae22b49a7d572c2348b241,rbpg-exec-5d1bcb11ee7a4d89bf15f068dca853f2,131:train:d15_u15,b03504f3ae57e875677825e1b6f5714b,1,1,0,clean,0,ok,"{""service"": ""deterministic_policy_gated_stub"", ""status"": ""executed"", ""record_id"": ""train:d15_u15"", ""safety"": ""ok""}",0,0,0.0,0.0004000012268079445,0.00019999970390927047,0.00960000033956021,0.0034000004234258085,0.015999999959603883
132,132,train:d15_u16,,,,,,always,3,1,1,0,0,0,rbpg-7aae22b49a7d572c2348b241,rbpg-7aae22b49a7d572c2348b241,rbpg-exec-5d1bcb11ee7a4d89bf15f068dca853f2,132:train:d15_u16,29cb9a150cccd26e54e72d8cf5bcd589,1,1,0,clean,0,ok,"{""service"": ""deterministic_policy_gated_stub"", ""status"": ""executed"", ""record_id"": ""train:d15_u16"", ""safety"": ""ok""}",0,0,0.0,0.00039999940781854093,0.00019999970390927047,0.009499999578110874,0.0031999989005271345,0.015800000255694613
133,133,train:d15_u17,,,,,,always,3,1,1,0,0,0,rbpg-7aae22b49a7d572c2348b241,rbpg-7aae22b49a7d572c2348b241,rbpg-exec-5d1bcb11ee7a4d89bf15f068dca853f2,133:train:d15_u17,3964ab204cb1689acc6658bcd6c315fe,1,1,0,clean,0,ok,"{""service"": ""deterministic_policy_gated_stub"", ""status"": ""executed"", ""record_id"": ""train:d15_u17"", ""safety"": ""ok""}",0,0,0.0,0.0005000001692678779,0.00019999970390927047,0.009499999578110874,0.003300001480965875,0.015800000255694613
134,134,train:d15_u18,,,,,,always,3,1,1,0,0,0,rbpg-7aae22b49a7d572c2348b241,rbpg-7aae22b49a7d572c2348b241,rbpg-exec-5d1bcb11ee7a4d89bf15f068dca853f2,134:train:d15_u18,7c12991c55e03c5a50413ae4709ff5eb,1,1,0,clean,0,ok,"{""service"": ""deterministic_policy_gated_stub"", ""status"": ""executed"", ""record_id"": ""train:d15_u18"", ""safety"": ""ok""}",0,0,0.0,0.00039999940781854093,0.00019999970390927047,0.00960000033956021,0.0032999996619764715,0.015999999959603883
135,135,train:d15_u19,,,,,,always,3,1,1,0,0,0,rbpg-7aae22b49a7d572c2348b241,rbpg-7aae22b49a7d572c2348b241,rbpg-exec-5d1bcb11ee7a4d89bf15f068dca853f2,135:train:d15_u19,19c13c27cea6791a1b7b6cf04e674cef,1,1,0,clean,0,ok,"{""service"": ""deterministic_policy_gated_stub"", ""status"": ""executed"", ""record_id"": ""train:d15_u19"", ""safety"": ""ok""}",0,0,0.0,0.0004000012268079445,0.00019999970390927047,0.009800000043469481,0.003200000719516538,0.015899999198154546
136,136,train:d15_u20,,,,,,always,3,1,1,0,0,0,rbpg-7aae22b49a7d572c2348b241,rbpg-7aae22b49a7d572c2348b241,rbpg-exec-5d1bcb11ee7a4d89bf15f068dca853f2,136:train:d15_u20,96e01024ea5295a8852fa64484b6810e,1,1,0,clean,0,ok,"{""service"": ""deterministic_policy_gated_stub"", ""status"": ""executed"", ""record_id"": ""train:d15_u20"", ""safety"": ""ok""}",0,0,0.0,0.00039999940781854093,0.00019999970390927047,0.009699999282020144,0.0034000004234258085,0.016199999663513154
137,137,train:d15_u21,,,,,,always,3,1,1,0,0,0,rbpg-7aae22b49a7d572c2348b241,rbpg-7aae22b49a7d572c2348b241,rbpg-exec-5d1bcb11ee7a4d89bf15f068dca853f2,137:train:d15_u21,32630af118a200481c4bb32acb174ca8,1,1,0,clean,0,ok,"{""service"": ""deterministic_policy_gated_stub"", ""status"": ""executed"", ""record_id"": ""train:d15_u21"", ""safety"": ""ok""}",0,0,0.0,0.0005000001692678779,0.000200001522898674,0.009700001101009548,0.0034000004234258085,0.01630000042496249
138,138,train:d15_u22,,,,,,always,3,1,1,0,0,0,rbpg-7aae22b49a7d572c2348b241,rbpg-7aae22b49a7d572c2348b241,rbpg-exec-5d1bcb11ee7a4d89bf15f068dca853f2,138:train:d15_u22,c707bb0be251bc1473b919becb3c4f17,1,1,0,clean,0,ok,"{""service"": ""deterministic_policy_gated_stub"", ""status"": ""executed"", ""record_id"": ""train:d15_u22"", ""safety"": ""ok""}",0,0,0.0,0.00039999940781854093,0.000200001522898674,0.009599998520570807,0.0031999989005271345,0.015899999198154546
139,139,train:d16_u0,,,,,,always,3,1,1,0,0,0,rbpg-7aae22b49a7d572c2348b241,rbpg-7aae22b49a7d572c2348b241,rbpg-exec-5d1bcb11ee7a4d89bf15f068dca853f2,139:train:d16_u0,a0803efce44b55edb45cda4f37eb0ab0,1,1,0,clean,0,ok,"{""service"": ""deterministic_policy_gated_stub"", ""status"": ""executed"", ""record_id"": ""train:d16_u0"", ""safety"": ""ok""}",0,0,0.0,0.00039999940781854093,0.00019999970390927047,0.00960000033956021,0.0034000004234258085,0.01610000072105322
140,140,train:d16_u1,,,,,,always,3,1,1,0,0,0,rbpg-7aae22b49a7d572c2348b241,rbpg-7aae22b49a7d572c2348b241,rbpg-exec-5d1bcb11ee7a4d89bf15f068dca853f2,140:train:d16_u1,2e09f8508906eab3b98cf3002f1d3ba2,1,1,0,clean,0,ok,"{""service"": ""deterministic_policy_gated_stub"", ""status"": ""executed"", ""record_id"": ""train:d16_u1"", ""safety"": ""ok""}",0,0,0.0,0.00039999940781854093,0.000200001522898674,0.009700001101009548,0.0034000004234258085,0.01610000072105322
141,141,train:d16_u4,,,,,,always,3,1,1,0,0,0,rbpg-7aae22b49a7d572c2348b241,rbpg-7aae22b49a7d572c2348b241,rbpg-exec-5d1bcb11ee7a4d89bf15f068dca853f2,141:train:d16_u4,d1cbe8f4b90c402c22fe334c45730200,1,1,0,clean,0,ok,"{""service"": ""deterministic_policy_gated_stub"", ""status"": ""executed"", ""record_id"": ""train:d16_u4"", ""safety"": ""ok""}",0,0,0.0,0.0004000012268079445,0.00030000046535860747,0.009499999578110874,0.0031999989005271345,0.01570000131323468
142,142,train:d16_u5,,,,,,always,3,1,1,0,0,0,rbpg-7aae22b49a7d572c2348b241,rbpg-7aae22b49a7d572c2348b241,rbpg-exec-5d1bcb11ee7a4d89bf15f068dca853f2,142:train:d16_u5,b58c9598456bcc2c582da3681fe0660b,1,1,0,clean,0,ok,"{""service"": ""deterministic_policy_gated_stub"", ""status"": ""executed"", ""record_id"": ""train:d16_u5"", ""safety"": ""ok""}",0,0,0.0,0.0004000012268079445,0.00019999970390927047,0.009499999578110874,0.0037999998312443495,0.016200001482502557
143,143,train:d17_u0,,,,,,always,3,1,1,0,0,0,rbpg-7aae22b49a7d572c2348b241,rbpg-7aae22b49a7d572c2348b241,rbpg-exec-5d1bcb11ee7a4d89bf15f068dca853f2,143:train:d17_u0,afc19c1254f8d8c96b6247d1f9017d6e,1,1,0,clean,0,ok,"{""service"": ""deterministic_policy_gated_stub"", ""status"": ""executed"", ""record_id"": ""train:d17_u0"", ""safety"": ""ok""}",0,0,0.0,0.0004000012268079445,0.00019999970390927047,0.00940000063565094,0.003200000719516538,0.015699999494245276
144,144,train:d17_u1,,,,,,always,3,1,1,0,0,0,rbpg-7aae22b49a7d572c2348b241,rbpg-7aae22b49a7d572c2348b241,rbpg-exec-5d1bcb11ee7a4d89bf15f068dca853f2,144:train:d17_u1,493856f0d63414dce7b50df44fc10e7f,1,1,0,clean,0,ok,"{""service"": ""deterministic_policy_gated_stub"", ""status"": ""executed"", ""record_id"": ""train:d17_u1"", ""safety"": ""ok""}",0,0,0.0,0.00039999940781854093,0.00019999970390927047,0.00940000063565094,0.003200000719516538,0.015800000255694613
145,145,train:d17_u2,,,,,,always,3,1,1,0,0,0,rbpg-7aae22b49a7d572c2348b241,rbpg-7aae22b49a7d572c2348b241,rbpg-exec-5d1bcb11ee7a4d89bf15f068dca853f2,145:train:d17_u2,a19e1f2f8f963e26075b5559f1fd3c44,1,1,0,clean,0,ok,"{""service"": ""deterministic_policy_gated_stub"", ""status"": ""executed"", ""record_id"": ""train:d17_u2"", ""safety"": ""ok""}",0,0,0.0,0.0004000012268079445,0.00019999970390927047,0.00960000033956021,0.0035000011848751456,0.016099998902063817
146,146,train:d17_u3,,,,,,always,3,1,1,0,0,0,rbpg-7aae22b49a7d572c2348b241,rbpg-7aae22b49a7d572c2348b241,rbpg-exec-5d1bcb11ee7a4d89bf15f068dca853f2,146:train:d17_u3,838ddbab3e8cd578adc90b1f188abeee,1,1,0,clean,0,ok,"{""service"": ""deterministic_policy_gated_stub"", ""status"": ""executed"", ""record_id"": ""train:d17_u3"", ""safety"": ""ok""}",0,0,0.0,0.0004000012268079445,0.00030000046535860747,0.009499999578110874,0.0032999996619764715,0.01590000101714395
147,147,train:d17_u5,,,,,,always,3,1,1,0,0,0,rbpg-7aae22b49a7d572c2348b241,rbpg-7aae22b49a7d572c2348b241,rbpg-exec-5d1bcb11ee7a4d89bf15f068dca853f2,147:train:d17_u5,a51aafc2be284b5af10038e4c45642e4,1,1,0,clean,0,ok,"{""service"": ""deterministic_policy_gated_stub"", ""status"": ""executed"", ""record_id"": ""train:d17_u5"", ""safety"": ""ok""}",0,0,0.0,0.0005000001692678779,0.00030000046535860747,0.009399998816661537,0.0032999996619764715,0.015600000551785342
148,148,train:d17_u7,,,,,,always,3,1,1,0,0,0,rbpg-7aae22b49a7d572c2348b241,rbpg-7aae22b49a7d572c2348b241,rbpg-exec-5d1bcb11ee7a4d89bf15f068dca853f2,148:train:d17_u7,2110b809f7f252847a8754d890606f31,1,1,0,clean,0,ok,"{""service"": ""deterministic_policy_gated_stub"", ""status"": ""executed"", ""record_id"": ""train:d17_u7"", ""safety"": ""ok""}",0,0,0.0,0.0004000012268079445,0.00030000046535860747,0.00960000033956021,0.003200000719516538,0.015899999198154546
149,149,train:d17_u8,,,,,,always,3,1,1,0,0,0,rbpg-7aae22b49a7d572c2348b241,rbpg-7aae22b49a7d572c2348b241,rbpg-exec-5d1bcb11ee7a4d89bf15f068dca853f2,149:train:d17_u8,913b3b1eeb171942e1ddb411f4dac5c1,1,1,0,clean,0,ok,"{""service"": ""deterministic_policy_gated_stub"", ""status"": ""executed"", ""record_id"": ""train:d17_u8"", ""safety"": ""ok""}",0,0,0.0,0.0004000012268079445,0.00019999970390927047,0.009900000804918818,0.003399998604436405,0.016399999367422424
150,150,train:d17_u9,,,,,,always,3,1,1,0,0,0,rbpg-7aae22b49a7d572c2348b241,rbpg-7aae22b49a7d572c2348b241,rbpg-exec-5d1bcb11ee7a4d89bf15f068dca853f2,150:train:d17_u9,02e94f5c2b47bff78b5ca0d99cd69e92,1,1,0,clean,0,ok,"{""service"": ""deterministic_policy_gated_stub"", ""status"": ""executed"", ""record_id"": ""train:d17_u9"", ""safety"": ""ok""}",0,0,0.0,0.0005000001692678779,0.000200001522898674,0.009700001101009548,0.003200000719516538,0.01610000072105322
151,151,train:d17_u10,,,,,,always,3,1,1,0,0,0,rbpg-7aae22b49a7d572c2348b241,rbpg-7aae22b49a7d572c2348b241,rbpg-exec-5d1bcb11ee7a4d89bf15f068dca853f2,151:train:d17_u10,8b3fce604563de93b219276ab2fca7e4,1,1,0,clean,0,ok,"{""service"": ""deterministic_policy_gated_stub"", ""status"": ""executed"", ""record_id"": ""train:d17_u10"", ""safety"": ""ok""}",0,0,0.0,0.00039999940781854093,0.00019999970390927047,0.00940000063565094,0.0034000004234258085,0.015800000255694613
152,152,train:d18_u0,,,,,,always,3,1,1,0,0,0,rbpg-7aae22b49a7d572c2348b241,rbpg-7aae22b49a7d572c2348b241,rbpg-exec-5d1bcb11ee7a4d89bf15f068dca853f2,152:train:d18_u0,3a1d0022ed1ccf8543d294e5720a1126,1,1,0,clean,0,ok,"{""service"": ""deterministic_policy_gated_stub"", ""status"": ""executed"", ""record_id"": ""train:d18_u0"", ""safety"": ""ok""}",0,0,0.0,0.00039999940781854093,0.00019999970390927047,0.00960000033956021,0.003499999365885742,0.016099998902063817
153,153,train:d18_u1,,,,,,always,3,1,1,0,0,0,rbpg-7aae22b49a7d572c2348b241,rbpg-7aae22b49a7d572c2348b241,rbpg-exec-5d1bcb11ee7a4d89bf15f068dca853f2,153:train:d18_u1,c4e3b10b5d746f36723bf86b8c1e91ad,1,1,0,clean,0,ok,"{""service"": ""deterministic_policy_gated_stub"", ""status"": ""executed"", ""record_id"": ""train:d18_u1"", ""safety"": ""ok""}",0,0,0.0,0.00039999940781854093,0.00019999970390927047,0.009699999282020144,0.0032999996619764715,0.016199999663513154
154,154,train:d18_u2,,,,,,always,3,1,1,0,0,0,rbpg-7aae22b49a7d572c2348b241,rbpg-7aae22b49a7d572c2348b241,rbpg-exec-5d1bcb11ee7a4d89bf15f068dca853f2,154:train:d18_u2,34c597b9f96493c97f86f5ef706ae57a,1,1,0,clean,0,ok,"{""service"": ""deterministic_policy_gated_stub"", ""status"": ""executed"", ""record_id"": ""train:d18_u2"", ""safety"": ""ok""}",0,0,0.0,0.00039999940781854093,0.00019999970390927047,0.009800000043469481,0.003200000719516538,0.01610000072105322
155,155,train:d18_u3,,,,,,always,3,1,1,0,0,0,rbpg-7aae22b49a7d572c2348b241,rbpg-7aae22b49a7d572c2348b241,rbpg-exec-5d1bcb11ee7a4d89bf15f068dca853f2,155:train:d18_u3,bd0a57395745824a77fcbf2fc32bbe16,1,1,0,clean,0,ok,"{""service"": ""deterministic_policy_gated_stub"", ""status"": ""executed"", ""record_id"": ""train:d18_u3"", ""safety"": ""ok""}",0,0,0.0,0.0005000001692678779,0.00019999970390927047,0.00960000033956021,0.0032999996619764715,0.015999999959603883
156,156,train:d18_u4,,,,,,always,3,1,1,0,0,0,rbpg-7aae22b49a7d572c2348b241,rbpg-7aae22b49a7d572c2348b241,rbpg-exec-5d1bcb11ee7a4d89bf15f068dca853f2,156:train:d18_u4,8282103bcb34378184738cfb437f2703,1,1,0,clean,0,ok,"{""service"": ""deterministic_policy_gated_stub"", ""status"": ""executed"", ""record_id"": ""train:d18_u4"", ""safety"": ""ok""}",0,0,0.0,0.00039999940781854093,0.000200001522898674,0.00960000033956021,0.003399998604436405,0.01610000072105322
157,157,train:d18_u5,,,,,,always,3,1,1,0,0,0,rbpg-7aae22b49a7d572c2348b241,rbpg-7aae22b49a7d572c2348b241,rbpg-exec-5d1bcb11ee7a4d89bf15f068dca853f2,157:train:d18_u5,51005d89bf208efaef0b5e12de96352d,1,1,0,clean,0,ok,"{""service"": ""deterministic_policy_gated_stub"", ""status"": ""executed"", ""record_id"": ""train:d18_u5"", ""safety"": ""ok""}",0,0,0.0,0.0004000012268079445,0.00019999970390927047,0.009700001101009548,0.0032999996619764715,0.016199999663513154
158,158,train:d18_u7,,,,,,always,3,1,1,0,0,0,rbpg-7aae22b49a7d572c2348b241,rbpg-7aae22b49a7d572c2348b241,rbpg-exec-5d1bcb11ee7a4d89bf15f068dca853f2,158:train:d18_u7,69e0fc3f7988660808a0a84bfca021a7,1,1,0,clean,0,ok,"{""service"": ""deterministic_policy_gated_stub"", ""status"": ""executed"", ""record_id"": ""train:d18_u7"", ""safety"": ""ok""}",0,0,0.0,0.0005000001692678779,0.000200001522898674,0.009700001101009548,0.003200000719516538,0.015999999959603883
159,159,train:d18_u8,,,,,,always,3,1,1,0,0,0,rbpg-7aae22b49a7d572c2348b241,rbpg-7aae22b49a7d572c2348b241,rbpg-exec-5d1bcb11ee7a4d89bf15f068dca853f2,159:train:d18_u8,a6000c95bf4bb1421ae3b776fd594a67,1,1,0,clean,0,ok,"{""service"": ""deterministic_policy_gated_stub"", ""status"": ""executed"", ""record_id"": ""train:d18_u8"", ""safety"": ""ok""}",0,0,0.0,0.00039999940781854093,0.000200001522898674,0.009899998985929415,0.0031999989005271345,0.016200001482502557
160,160,train:d19_u0,,,,,,always,3,1,1,0,0,0,rbpg-7aae22b49a7d572c2348b241,rbpg-7aae22b49a7d572c2348b241,rbpg-exec-5d1bcb11ee7a4d89bf15f068dca853f2,160:train:d19_u0,d69dc93a6f6fa9dd9a4f13fdf35dfb30,1,1,0,clean,0,ok,"{""service"": ""deterministic_policy_gated_stub"", ""status"": ""executed"", ""record_id"": ""train:d19_u0"", ""safety"": ""ok""}",0,0,0.0,0.0005000001692678779,0.000200001522898674,0.009399998816661537,0.0032999996619764715,0.015800000255694613
161,161,train:d19_u1,,,,,,always,3,1,1,0,0,0,rbpg-7aae22b49a7d572c2348b241,rbpg-7aae22b49a7d572c2348b241,rbpg-exec-5d1bcb11ee7a4d89bf15f068dca853f2,161:train:d19_u1,99bec728e82097fca22cc682dacb7bea,1,1,0,clean,0,ok,"{""service"": ""deterministic_policy_gated_stub"", ""status"": ""executed"", ""record_id"": ""train:d19_u1"", ""safety"": ""ok""}",0,0,0.0,0.0004000012268079445,0.00019999970390927047,0.009499999578110874,0.0035999983083456755,0.015999999959603883
162,162,train:d20_u0,,,,,,always,3,1,1,0,0,0,rbpg-7aae22b49a7d572c2348b241,rbpg-7aae22b49a7d572c2348b241,rbpg-exec-5d1bcb11ee7a4d89bf15f068dca853f2,162:train:d20_u0,dd438171e5066f1835d81b577208b0f5,1,1,0,clean,0,ok,"{""service"": ""deterministic_policy_gated_stub"", ""status"": ""executed"", ""record_id"": ""train:d20_u0"", ""safety"": ""ok""}",0,0,0.0,0.00039999940781854093,0.000200001522898674,0.009999999747378752,0.003300001480965875,0.01630000042496249
163,163,train:d20_u1,,,,,,always,3,1,1,0,0,0,rbpg-7aae22b49a7d572c2348b241,rbpg-7aae22b49a7d572c2348b241,rbpg-exec-5d1bcb11ee7a4d89bf15f068dca853f2,163:train:d20_u1,10321d1907c53b8b6be9904e71164714,1,1,0,clean,0,ok,"{""service"": ""deterministic_policy_gated_stub"", ""status"": ""executed"", ""record_id"": ""train:d20_u1"", ""safety"": ""ok""}",0,0,0.0,0.00039999940781854093,0.00019999970390927047,0.026499999876250513,0.003600000127335079,0.03310000101919286
164,164,train:d20_u2,,,,,,always,3,1,1,0,0,0,rbpg-7aae22b49a7d572c2348b241,rbpg-7aae22b49a7d572c2348b241,rbpg-exec-5d1bcb11ee7a4d89bf15f068dca853f2,164:train:d20_u2,15bef0ba1e4096402c112570f2949c2e,1,1,0,clean,0,ok,"{""service"": ""deterministic_policy_gated_stub"", ""status"": ""executed"", ""record_id"": ""train:d20_u2"", ""safety"": ""ok""}",0,0,0.0,0.00039999940781854093,0.00019999970390927047,0.010700001439545304,0.0032999996619764715,0.017300000763498247
165,165,train:d20_u3,,,,,,always,3,1,1,0,0,0,rbpg-7aae22b49a7d572c2348b241,rbpg-7aae22b49a7d572c2348b241,rbpg-exec-5d1bcb11ee7a4d89bf15f068dca853f2,165:train:d20_u3,8c6200b3e598142e7ffa08cefe882737,1,1,0,clean,0,ok,"{""service"": ""deterministic_policy_gated_stub"", ""status"": ""executed"", ""record_id"": ""train:d20_u3"", ""safety"": ""ok""}",0,0,0.0,0.00039999940781854093,0.00019999970390927047,0.009700001101009548,0.0031999989005271345,0.01610000072105322
166,166,train:d20_u4,,,,,,always,3,1,1,0,0,0,rbpg-7aae22b49a7d572c2348b241,rbpg-7aae22b49a7d572c2348b241,rbpg-exec-5d1bcb11ee7a4d89bf15f068dca853f2,166:train:d20_u4,9d1ed5ba8cb472a561ff928f428dd622,1,1,0,clean,0,ok,"{""service"": ""deterministic_policy_gated_stub"", ""status"": ""executed"", ""record_id"": ""train:d20_u4"", ""safety"": ""ok""}",0,0,0.0,0.0004000012268079445,0.00019999970390927047,0.009899998985929415,0.003200000719516538,0.01610000072105322
167,167,train:d20_u5,,,,,,always,3,1,1,0,0,0,rbpg-7aae22b49a7d572c2348b241,rbpg-7aae22b49a7d572c2348b241,rbpg-exec-5d1bcb11ee7a4d89bf15f068dca853f2,167:train:d20_u5,97836ffa73260c3f04a92c96670c82c9,1,1,0,clean,0,ok,"{""service"": ""deterministic_policy_gated_stub"", ""status"": ""executed"", ""record_id"": ""train:d20_u5"", ""safety"": ""ok""}",0,0,0.0,0.00039999940781854093,0.00019999970390927047,0.00960000033956021,0.0032999996619764715,0.015999999959603883
168,168,train:d20_u6,,,,,,always,3,1,1,0,0,0,rbpg-7aae22b49a7d572c2348b241,rbpg-7aae22b49a7d572c2348b241,rbpg-exec-5d1bcb11ee7a4d89bf15f068dca853f2,168:train:d20_u6,c3fbd49eafe25b93ba5693d956f7a74d,1,1,0,clean,0,ok,"{""service"": ""deterministic_policy_gated_stub"", ""status"": ""executed"", ""record_id"": ""train:d20_u6"", ""safety"": ""ok""}",0,0,0.0,0.00039999940781854093,0.00019999970390927047,0.01049999991664663,0.003300001480965875,0.016899999536690302
169,169,train:d20_u7,,,,,,always,3,1,1,0,0,0,rbpg-7aae22b49a7d572c2348b241,rbpg-7aae22b49a7d572c2348b241,rbpg-exec-5d1bcb11ee7a4d89bf15f068dca853f2,169:train:d20_u7,a6f139d375ec2c299f2359711b682afb,1,1,0,clean,0,ok,"{""service"": ""deterministic_policy_gated_stub"", ""status"": ""executed"", ""record_id"": ""train:d20_u7"", ""safety"": ""ok""}",0,0,0.0,0.0004000012268079445,0.00030000046535860747,0.00940000063565094,0.0034000004234258085,0.015899999198154546
170,170,train:d20_u8,,,,,,always,3,1,1,0,0,0,rbpg-7aae22b49a7d572c2348b241,rbpg-7aae22b49a7d572c2348b241,rbpg-exec-5d1bcb11ee7a4d89bf15f068dca853f2,170:train:d20_u8,4a72fe7cb7ec82b8fc0530a09d842d16,1,1,0,clean,0,ok,"{""service"": ""deterministic_policy_gated_stub"", ""status"": ""executed"", ""record_id"": ""train:d20_u8"", ""safety"": ""ok""}",0,0,0.0,0.00030000046535860747,0.00019999970390927047,0.009800000043469481,0.003300001480965875,0.01610000072105322
171,171,train:d20_u9,,,,,,always,3,1,1,0,0,0,rbpg-7aae22b49a7d572c2348b241,rbpg-7aae22b49a7d572c2348b241,rbpg-exec-5d1bcb11ee7a4d89bf15f068dca853f2,171:train:d20_u9,929dd043187121c3584cc7c09a1abdde,1,1,0,clean,0,ok,"{""service"": ""deterministic_policy_gated_stub"", ""status"": ""executed"", ""record_id"": ""train:d20_u9"", ""safety"": ""ok""}",0,0,0.0,0.0004000012268079445,0.00019999970390927047,0.009699999282020144,0.0034000004234258085,0.01610000072105322
172,172,train:d20_u10,,,,,,always,3,1,1,0,0,0,rbpg-7aae22b49a7d572c2348b241,rbpg-7aae22b49a7d572c2348b241,rbpg-exec-5d1bcb11ee7a4d89bf15f068dca853f2,172:train:d20_u10,81badb5b0ffb3816edfec6c4b36cee9c,1,1,0,clean,0,ok,"{""service"": ""deterministic_policy_gated_stub"", ""status"": ""executed"", ""record_id"": ""train:d20_u10"", ""safety"": ""ok""}",0,0,0.0,0.00039999940781854093,0.000200001522898674,0.00960000033956021,0.0032999996619764715,0.015899999198154546
173,173,train:d20_u11,,,,,,always,3,1,1,0,0,0,rbpg-7aae22b49a7d572c2348b241,rbpg-7aae22b49a7d572c2348b241,rbpg-exec-5d1bcb11ee7a4d89bf15f068dca853f2,173:train:d20_u11,d25bdb1916f80d877a144e5d1db25504,1,1,0,clean,0,ok,"{""service"": ""deterministic_policy_gated_stub"", ""status"": ""executed"", ""record_id"": ""train:d20_u11"", ""safety"": ""ok""}",0,0,0.0,0.0004000012268079445,0.00019999970390927047,0.009700001101009548,0.0032999996619764715,0.01590000101714395
174,174,train:d20_u12,,,,,,always,3,1,1,0,0,0,rbpg-7aae22b49a7d572c2348b241,rbpg-7aae22b49a7d572c2348b241,rbpg-exec-5d1bcb11ee7a4d89bf15f068dca853f2,174:train:d20_u12,2cc71a7c50b7bd10552bd654ee1e04ed,1,1,0,clean,0,ok,"{""service"": ""deterministic_policy_gated_stub"", ""status"": ""executed"", ""record_id"": ""train:d20_u12"", ""safety"": ""ok""}",0,0,0.0,0.0005000001692678779,0.00019999970390927047,0.009599998520570807,0.0032999996619764715,0.015800000255694613
175,175,train:d20_u13,,,,,,always,3,1,1,0,0,0,rbpg-7aae22b49a7d572c2348b241,rbpg-7aae22b49a7d572c2348b241,rbpg-exec-5d1bcb11ee7a4d89bf15f068dca853f2,175:train:d20_u13,872777f5f9b384d4ddbf3335aaf05436,1,1,0,clean,0,ok,"{""service"": ""deterministic_policy_gated_stub"", ""status"": ""executed"", ""record_id"": ""train:d20_u13"", ""safety"": ""ok""}",0,0,0.0,0.0005000001692678779,0.00019999970390927047,0.009599998520570807,0.0031999989005271345,0.015800000255694613
176,176,train:d20_u14,,,,,,always,3,1,1,0,0,0,rbpg-7aae22b49a7d572c2348b241,rbpg-7aae22b49a7d572c2348b241,rbpg-exec-5d1bcb11ee7a4d89bf15f068dca853f2,176:train:d20_u14,977dda3f599611977c89fd8c112ab928,1,1,0,clean,0,ok,"{""service"": ""deterministic_policy_gated_stub"", ""status"": ""executed"", ""record_id"": ""train:d20_u14"", ""safety"": ""ok""}",0,0,0.0,0.00039999940781854093,0.000200001522898674,0.009499999578110874,0.0032999996619764715,0.015800000255694613
177,177,train:d20_u16,,,,,,always,3,1,1,0,0,0,rbpg-7aae22b49a7d572c2348b241,rbpg-7aae22b49a7d572c2348b241,rbpg-exec-5d1bcb11ee7a4d89bf15f068dca853f2,177:train:d20_u16,ba74ce44d4b417e646c324d988db9ff1,1,1,0,clean,0,ok,"{""service"": ""deterministic_policy_gated_stub"", ""status"": ""executed"", ""record_id"": ""train:d20_u16"", ""safety"": ""ok""}",0,0,0.0,0.00039999940781854093,0.00019999970390927047,0.009399998816661537,0.0031999989005271345,0.015800000255694613
178,178,train:d21_u1,,,,,,always,3,1,1,0,0,0,rbpg-7aae22b49a7d572c2348b241,rbpg-7aae22b49a7d572c2348b241,rbpg-exec-5d1bcb11ee7a4d89bf15f068dca853f2,178:train:d21_u1,205aa7f4e41f3b2614eaac851fc1a7d7,1,1,0,clean,0,ok,"{""service"": ""deterministic_policy_gated_stub"", ""status"": ""executed"", ""record_id"": ""train:d21_u1"", ""safety"": ""ok""}",0,0,0.0,0.0005000001692678779,0.00019999970390927047,0.009499999578110874,0.0032999996619764715,0.01590000101714395
179,179,train:d21_u2,,,,,,always,3,1,1,0,0,0,rbpg-7aae22b49a7d572c2348b241,rbpg-7aae22b49a7d572c2348b241,rbpg-exec-5d1bcb11ee7a4d89bf15f068dca853f2,179:train:d21_u2,48209a25d97709b3c8e4b5d936e08ca7,1,1,0,clean,0,ok,"{""service"": ""deterministic_policy_gated_stub"", ""status"": ""executed"", ""record_id"": ""train:d21_u2"", ""safety"": ""ok""}",0,0,0.0,0.00039999940781854093,0.00019999970390927047,0.009699999282020144,0.003300001480965875,0.015999999959603883
180,180,train:d21_u4,,,,,,always,3,1,1,0,0,0,rbpg-7aae22b49a7d572c2348b241,rbpg-7aae22b49a7d572c2348b241,rbpg-exec-5d1bcb11ee7a4d89bf15f068dca853f2,180:train:d21_u4,d8bf022126b347fe6c97a0578e294bb1,1,1,0,clean,0,ok,"{""service"": ""deterministic_policy_gated_stub"", ""status"": ""executed"", ""record_id"": ""train:d21_u4"", ""safety"": ""ok""}",0,0,0.0,0.00039999940781854093,0.00019999970390927047,0.00960000033956021,0.0031999989005271345,0.01590000101714395
181,181,train:d21_u6,,,,,,always,3,1,1,0,0,0,rbpg-7aae22b49a7d572c2348b241,rbpg-7aae22b49a7d572c2348b241,rbpg-exec-5d1bcb11ee7a4d89bf15f068dca853f2,181:train:d21_u6,35ceb08d5d4e2ed7ae188a924e1165e5,1,1,0,clean,0,ok,"{""service"": ""deterministic_policy_gated_stub"", ""status"": ""executed"", ""record_id"": ""train:d21_u6"", ""safety"": ""ok""}",0,0,0.0,0.0004000012268079445,0.00019999970390927047,0.009499999578110874,0.0031999989005271345,0.01579999843670521
182,182,train:d21_u7,,,,,,always,3,1,1,0,0,0,rbpg-7aae22b49a7d572c2348b241,rbpg-7aae22b49a7d572c2348b241,rbpg-exec-5d1bcb11ee7a4d89bf15f068dca853f2,182:train:d21_u7,5b00985fef03b2c04963fba176a64120,1,1,0,clean,0,ok,"{""service"": ""deterministic_policy_gated_stub"", ""status"": ""executed"", ""record_id"": ""train:d21_u7"", ""safety"": ""ok""}",0,0,0.0,0.0005000001692678779,0.00019999970390927047,0.009500001397100277,0.003200000719516538,0.015599998732795939
183,183,train:d21_u9,,,,,,always,3,1,1,0,0,0,rbpg-7aae22b49a7d572c2348b241,rbpg-7aae22b49a7d572c2348b241,rbpg-exec-5d1bcb11ee7a4d89bf15f068dca853f2,183:train:d21_u9,d9b1babada96c77a710907d96ae8a47e,1,1,0,clean,0,ok,"{""service"": ""deterministic_policy_gated_stub"", ""status"": ""executed"", ""record_id"": ""train:d21_u9"", ""safety"": ""ok""}",0,0,0.0,0.0005000001692678779,0.00019999970390927047,0.009499999578110874,0.003300001480965875,0.015699999494245276
184,184,train:d21_u10,,,,,,always,3,1,1,0,0,0,rbpg-7aae22b49a7d572c2348b241,rbpg-7aae22b49a7d572c2348b241,rbpg-exec-5d1bcb11ee7a4d89bf15f068dca853f2,184:train:d21_u10,a87af0727263697c93eac598e38c8ab2,1,1,0,clean,0,ok,"{""service"": ""deterministic_policy_gated_stub"", ""status"": ""executed"", ""record_id"": ""train:d21_u10"", ""safety"": ""ok""}",0,0,0.0,0.00039999940781854093,0.00019999970390927047,0.009500001397100277,0.0032999996619764715,0.015699999494245276
185,185,train:d21_u12,,,,,,always,3,1,1,0,0,0,rbpg-7aae22b49a7d572c2348b241,rbpg-7aae22b49a7d572c2348b241,rbpg-exec-5d1bcb11ee7a4d89bf15f068dca853f2,185:train:d21_u12,6a67ded8e1af70cfd5f700fce9f81d4c,1,1,0,clean,0,ok,"{""service"": ""deterministic_policy_gated_stub"", ""status"": ""executed"", ""record_id"": ""train:d21_u12"", ""safety"": ""ok""}",0,0,0.0,0.0005000001692678779,0.00019999970390927047,0.009399998816661537,0.003200000719516538,0.01570000131323468
186,186,train:d21_u13,,,,,,always,3,1,1,0,0,0,rbpg-7aae22b49a7d572c2348b241,rbpg-7aae22b49a7d572c2348b241,rbpg-exec-5d1bcb11ee7a4d89bf15f068dca853f2,186:train:d21_u13,28cb2e534b72f88cfef84f93caf5e433,1,1,0,clean,0,ok,"{""service"": ""deterministic_policy_gated_stub"", ""status"": ""executed"", ""record_id"": ""train:d21_u13"", ""safety"": ""ok""}",0,0,0.0,0.0005000001692678779,0.00019999970390927047,0.00940000063565094,0.0032999996619764715,0.015699999494245276
187,187,train:d22_u1,,,,,,always,3,1,1,0,0,0,rbpg-7aae22b49a7d572c2348b241,rbpg-7aae22b49a7d572c2348b241,rbpg-exec-5d1bcb11ee7a4d89bf15f068dca853f2,187:train:d22_u1,fac40df82ebdb496ba44625793b83512,1,1,0,clean,0,ok,"{""service"": ""deterministic_policy_gated_stub"", ""status"": ""executed"", ""record_id"": ""train:d22_u1"", ""safety"": ""ok""}",0,0,0.0,0.0005000001692678779,0.000200001522898674,0.00940000063565094,0.003200000719516538,0.015699999494245276
188,188,train:d22_u3,,,,,,always,3,1,1,0,0,0,rbpg-7aae22b49a7d572c2348b241,rbpg-7aae22b49a7d572c2348b241,rbpg-exec-5d1bcb11ee7a4d89bf15f068dca853f2,188:train:d22_u3,679ea1a2aa5be3fedfa9f7cd1a1e85c5,1,1,0,clean,0,ok,"{""service"": ""deterministic_policy_gated_stub"", ""status"": ""executed"", ""record_id"": ""train:d22_u3"", ""safety"": ""ok""}",0,0,0.0,0.0005000001692678779,0.0002999986463692039,0.00940000063565094,0.0032999996619764715,0.015599998732795939
189,189,train:d23_u1,,,,,,always,3,1,1,0,0,0,rbpg-7aae22b49a7d572c2348b241,rbpg-7aae22b49a7d572c2348b241,rbpg-exec-5d1bcb11ee7a4d89bf15f068dca853f2,189:train:d23_u1,50ba9e970ac77f5f85ddbd1543a49c5c,1,1,0,clean,0,ok,"{""service"": ""deterministic_policy_gated_stub"", ""status"": ""executed"", ""record_id"": ""train:d23_u1"", ""safety"": ""ok""}",0,0,0.0,0.0004999983502784744,0.00019999970390927047,0.00960000033956021,0.0032999996619764715,0.01590000101714395
190,190,train:d23_u3,,,,,,always,3,1,1,0,0,0,rbpg-7aae22b49a7d572c2348b241,rbpg-7aae22b49a7d572c2348b241,rbpg-exec-5d1bcb11ee7a4d89bf15f068dca853f2,190:train:d23_u3,230e61684e21d54f7a0b13027fc45b21,1,1,0,clean,0,ok,"{""service"": ""deterministic_policy_gated_stub"", ""status"": ""executed"", ""record_id"": ""train:d23_u3"", ""safety"": ""ok""}",0,0,0.0,0.0005000001692678779,0.00019999970390927047,0.009500001397100277,0.0032999996619764715,0.015699999494245276
191,191,train:d23_u4,,,,,,always,3,1,1,0,0,0,rbpg-7aae22b49a7d572c2348b241,rbpg-7aae22b49a7d572c2348b241,rbpg-exec-5d1bcb11ee7a4d89bf15f068dca853f2,191:train:d23_u4,952fa4bcb1b3beeb42d058c2661798fc,1,1,0,clean,0,ok,"{""service"": ""deterministic_policy_gated_stub"", ""status"": ""executed"", ""record_id"": ""train:d23_u4"", ""safety"": ""ok""}",0,0,0.0,0.00039999940781854093,0.000200001522898674,0.009499999578110874,0.003200000719516538,0.015699999494245276
192,192,train:d23_u5,,,,,,always,3,1,1,0,0,0,rbpg-7aae22b49a7d572c2348b241,rbpg-7aae22b49a7d572c2348b241,rbpg-exec-5d1bcb11ee7a4d89bf15f068dca853f2,192:train:d23_u5,839340dfeecc61e7c4c5e70e8a81dbda,1,1,0,clean,0,ok,"{""service"": ""deterministic_policy_gated_stub"", ""status"": ""executed"", ""record_id"": ""train:d23_u5"", ""safety"": ""ok""}",0,0,0.0,0.0005000001692678779,0.000200001522898674,0.009499999578110874,0.0031999989005271345,0.015600000551785342
193,193,train:d23_u6,,,,,,always,3,1,1,0,0,0,rbpg-7aae22b49a7d572c2348b241,rbpg-7aae22b49a7d572c2348b241,rbpg-exec-5d1bcb11ee7a4d89bf15f068dca853f2,193:train:d23_u6,a9cf06b3f0a16db9b7b5777e768ce246,1,1,0,clean,0,ok,"{""service"": ""deterministic_policy_gated_stub"", ""status"": ""executed"", ""record_id"": ""train:d23_u6"", ""safety"": ""ok""}",0,0,0.0,0.0005000001692678779,0.00019999970390927047,0.009499999578110874,0.003200000719516538,0.015699999494245276
194,194,train:d23_u7,,,,,,always,3,1,1,0,0,0,rbpg-7aae22b49a7d572c2348b241,rbpg-7aae22b49a7d572c2348b241,rbpg-exec-5d1bcb11ee7a4d89bf15f068dca853f2,194:train:d23_u7,c84d595e1dedeabe86a2df108a351d68,1,1,0,clean,0,ok,"{""service"": ""deterministic_policy_gated_stub"", ""status"": ""executed"", ""record_id"": ""train:d23_u7"", ""safety"": ""ok""}",0,0,0.0,0.00039999940781854093,0.00019999970390927047,0.009500001397100277,0.0032999996619764715,0.015899999198154546
195,195,train:d24_u0,,,,,,always,3,1,1,0,0,0,rbpg-7aae22b49a7d572c2348b241,rbpg-7aae22b49a7d572c2348b241,rbpg-exec-5d1bcb11ee7a4d89bf15f068dca853f2,195:train:d24_u0,2bdc2eaa6a6166e10bd833f732856286,1,1,0,clean,0,ok,"{""service"": ""deterministic_policy_gated_stub"", ""status"": ""executed"", ""record_id"": ""train:d24_u0"", ""safety"": ""ok""}",0,0,0.0,0.00039999940781854093,0.00019999970390927047,0.00940000063565094,0.0032999996619764715,0.015699999494245276
196,196,train:d24_u1,,,,,,always,3,1,1,0,0,0,rbpg-7aae22b49a7d572c2348b241,rbpg-7aae22b49a7d572c2348b241,rbpg-exec-5d1bcb11ee7a4d89bf15f068dca853f2,196:train:d24_u1,866167e332ed7f75d8280151b00c3a5f,1,1,0,clean,0,ok,"{""service"": ""deterministic_policy_gated_stub"", ""status"": ""executed"", ""record_id"": ""train:d24_u1"", ""safety"": ""ok""}",0,0,0.0,0.0005000001692678779,0.00019999970390927047,0.009499999578110874,0.0032999996619764715,0.01579999843670521
197,197,train:d24_u2,,,,,,always,3,1,1,0,0,0,rbpg-7aae22b49a7d572c2348b241,rbpg-7aae22b49a7d572c2348b241,rbpg-exec-5d1bcb11ee7a4d89bf15f068dca853f2,197:train:d24_u2,9b661620155f2d34035542eac19a7e4a,1,1,0,clean,0,ok,"{""service"": ""deterministic_policy_gated_stub"", ""status"": ""executed"", ""record_id"": ""train:d24_u2"", ""safety"": ""ok""}",0,0,0.0,0.0004999983502784744,0.00019999970390927047,0.009499999578110874,0.0031999989005271345,0.015600000551785342
198,198,train:d24_u3,,,,,,always,3,1,1,0,0,0,rbpg-7aae22b49a7d572c2348b241,rbpg-7aae22b49a7d572c2348b241,rbpg-exec-5d1bcb11ee7a4d89bf15f068dca853f2,198:train:d24_u3,dc08fa7a967a84eacb0548b4e621cb67,1,1,0,clean,0,ok,"{""service"": ""deterministic_policy_gated_stub"", ""status"": ""executed"", ""record_id"": ""train:d24_u3"", ""safety"": ""ok""}",0,0,0.0,0.00039999940781854093,0.00019999970390927047,0.009399998816661537,0.0032999996619764715,0.01570000131323468
199,199,train:d24_u5,,,,,,always,3,1,1,0,0,0,rbpg-7aae22b49a7d572c2348b241,rbpg-7aae22b49a7d572c2348b241,rbpg-exec-5d1bcb11ee7a4d89bf15f068dca853f2,199:train:d24_u5,4655fccb46b7a7e698806f01d87f3504,1,1,0,clean,0,ok,"{""service"": ""deterministic_policy_gated_stub"", ""status"": ""executed"", ""record_id"": ""train:d24_u5"", ""safety"": ""ok""}",0,0,0.0,0.0005000001692678779,0.00019999970390927047,0.009499999578110874,0.0032999996619764715,0.015699999494245276
200,200,train:d24_u6,,,,,,always,3,1,1,0,0,0,rbpg-7aae22b49a7d572c2348b241,rbpg-7aae22b49a7d572c2348b241,rbpg-exec-5d1bcb11ee7a4d89bf15f068dca853f2,200:train:d24_u6,b954b2a599ee54c6cfbe679638d04c9a,1,1,0,clean,0,ok,"{""service"": ""deterministic_policy_gated_stub"", ""status"": ""executed"", ""record_id"": ""train:d24_u6"", ""safety"": ""ok""}",0,0,0.0,0.0005000001692678779,0.0002999986463692039,0.009399998816661537,0.0032999996619764715,0.01570000131323468
201,201,train:d24_u7,,,,,,always,3,1,1,0,0,0,rbpg-7aae22b49a7d572c2348b241,rbpg-7aae22b49a7d572c2348b241,rbpg-exec-5d1bcb11ee7a4d89bf15f068dca853f2,201:train:d24_u7,424e6c10af431048c77a8fd15aa387f5,1,1,0,clean,0,ok,"{""service"": ""deterministic_policy_gated_stub"", ""status"": ""executed"", ""record_id"": ""train:d24_u7"", ""safety"": ""ok""}",0,0,0.0,0.0004000012268079445,0.00019999970390927047,0.00940000063565094,0.0034000004234258085,0.01579999843670521
202,202,train:d25_u0,,,,,,always,3,1,1,0,0,0,rbpg-7aae22b49a7d572c2348b241,rbpg-7aae22b49a7d572c2348b241,rbpg-exec-5d1bcb11ee7a4d89bf15f068dca853f2,202:train:d25_u0,88eb6d182606d3ec0580db150b55f27a,1,1,0,clean,0,ok,"{""service"": ""deterministic_policy_gated_stub"", ""status"": ""executed"", ""record_id"": ""train:d25_u0"", ""safety"": ""ok""}",0,0,0.0,0.0005000001692678779,0.00030000046535860747,0.00940000063565094,0.0032999996619764715,0.015800000255694613
203,203,train:d25_u1,,,,,,always,3,1,1,0,0,0,rbpg-7aae22b49a7d572c2348b241,rbpg-7aae22b49a7d572c2348b241,rbpg-exec-5d1bcb11ee7a4d89bf15f068dca853f2,203:train:d25_u1,6cc20f407aab29a15586731c622352bf,1,1,0,clean,0,ok,"{""service"": ""deterministic_policy_gated_stub"", ""status"": ""executed"", ""record_id"": ""train:d25_u1"", ""safety"": ""ok""}",0,0,0.0,0.00039999940781854093,0.00019999970390927047,0.00940000063565094,0.003099999958067201,0.015600000551785342
204,204,train:d25_u2,,,,,,always,3,1,1,0,0,0,rbpg-7aae22b49a7d572c2348b241,rbpg-7aae22b49a7d572c2348b241,rbpg-exec-5d1bcb11ee7a4d89bf15f068dca853f2,204:train:d25_u2,4eefa1d8099a503e96947fa4aca7e747,1,1,0,clean,0,ok,"{""service"": ""deterministic_policy_gated_stub"", ""status"": ""executed"", ""record_id"": ""train:d25_u2"", ""safety"": ""ok""}",0,0,0.0,0.00039999940781854093,0.00019999970390927047,0.00940000063565094,0.0032999996619764715,0.015800000255694613
205,205,train:d25_u3,,,,,,always,3,1,1,0,0,0,rbpg-7aae22b49a7d572c2348b241,rbpg-7aae22b49a7d572c2348b241,rbpg-exec-5d1bcb11ee7a4d89bf15f068dca853f2,205:train:d25_u3,660cb471daa5d0df028f4d2f0bdbb7c5,1,1,0,clean,0,ok,"{""service"": ""deterministic_policy_gated_stub"", ""status"": ""executed"", ""record_id"": ""train:d25_u3"", ""safety"": ""ok""}",0,0,0.0,0.00039999940781854093,0.00019999970390927047,0.00960000033956021,0.003200000719516538,0.015899999198154546
206,206,train:d25_u4,,,,,,always,3,1,1,0,0,0,rbpg-7aae22b49a7d572c2348b241,rbpg-7aae22b49a7d572c2348b241,rbpg-exec-5d1bcb11ee7a4d89bf15f068dca853f2,206:train:d25_u4,dc28bbe3e1cf842502e720bd3ef7ff4e,1,1,0,clean,0,ok,"{""service"": ""deterministic_policy_gated_stub"", ""status"": ""executed"", ""record_id"": ""train:d25_u4"", ""safety"": ""ok""}",0,0,0.0,0.0004000012268079445,0.00019999970390927047,0.00940000063565094,0.003200000719516538,0.015599998732795939
207,207,train:d25_u5,,,,,,always,3,1,1,0,0,0,rbpg-7aae22b49a7d572c2348b241,rbpg-7aae22b49a7d572c2348b241,rbpg-exec-5d1bcb11ee7a4d89bf15f068dca853f2,207:train:d25_u5,8f237d648d406578f9620b6e9af695d9,1,1,0,clean,0,ok,"{""service"": ""deterministic_policy_gated_stub"", ""status"": ""executed"", ""record_id"": ""train:d25_u5"", ""safety"": ""ok""}",0,0,0.0,0.00039999940781854093,0.00030000046535860747,0.009499999578110874,0.0032999996619764715,0.015800000255694613
208,208,train:d25_u6,,,,,,always,3,1,1,0,0,0,rbpg-7aae22b49a7d572c2348b241,rbpg-7aae22b49a7d572c2348b241,rbpg-exec-5d1bcb11ee7a4d89bf15f068dca853f2,208:train:d25_u6,007f4f02b4f6de0412f0d4ddf9d3d6c8,1,1,0,clean,0,ok,"{""service"": ""deterministic_policy_gated_stub"", ""status"": ""executed"", ""record_id"": ""train:d25_u6"", ""safety"": ""ok""}",0,0,0.0,0.0004000012268079445,0.00030000046535860747,0.009299999874201603,0.0032999996619764715,0.01570000131323468
209,209,train:d25_u7,,,,,,always,3,1,1,0,0,0,rbpg-7aae22b49a7d572c2348b241,rbpg-7aae22b49a7d572c2348b241,rbpg-exec-5d1bcb11ee7a4d89bf15f068dca853f2,209:train:d25_u7,9b50191e40d75a70d5ca12367634f8ec,1,1,0,clean,0,ok,"{""service"": ""deterministic_policy_gated_stub"", ""status"": ""executed"", ""record_id"": ""train:d25_u7"", ""safety"": ""ok""}",0,0,0.0,0.0004999983502784744,0.00019999970390927047,0.009299999874201603,0.003200000719516538,0.015699999494245276
210,210,train:d25_u8,,,,,,always,3,1,1,0,0,0,rbpg-7aae22b49a7d572c2348b241,rbpg-7aae22b49a7d572c2348b241,rbpg-exec-5d1bcb11ee7a4d89bf15f068dca853f2,210:train:d25_u8,2cfb6614a50130ddbeaeb17a006ff0a1,1,1,0,clean,0,ok,"{""service"": ""deterministic_policy_gated_stub"", ""status"": ""executed"", ""record_id"": ""train:d25_u8"", ""safety"": ""ok""}",0,0,0.0,0.0005000001692678779,0.00019999970390927047,0.009299999874201603,0.0032999996619764715,0.015800000255694613
211,211,train:d25_u9,,,,,,always,3,1,1,0,0,0,rbpg-7aae22b49a7d572c2348b241,rbpg-7aae22b49a7d572c2348b241,rbpg-exec-5d1bcb11ee7a4d89bf15f068dca853f2,211:train:d25_u9,a4b43bfa6838e4d3076c92545c15cf8e,1,1,0,clean,0,ok,"{""service"": ""deterministic_policy_gated_stub"", ""status"": ""executed"", ""record_id"": ""train:d25_u9"", ""safety"": ""ok""}",0,0,0.0,0.0005000001692678779,0.00030000046535860747,0.00940000063565094,0.0032999996619764715,0.01590000101714395
212,212,train:d25_u10,,,,,,always,3,1,1,0,0,0,rbpg-7aae22b49a7d572c2348b241,rbpg-7aae22b49a7d572c2348b241,rbpg-exec-5d1bcb11ee7a4d89bf15f068dca853f2,212:train:d25_u10,1ec7c40882055b1e4bebf2fad174d637,1,1,0,clean,0,ok,"{""service"": ""deterministic_policy_gated_stub"", ""status"": ""executed"", ""record_id"": ""train:d25_u10"", ""safety"": ""ok""}",0,0,0.0,0.00039999940781854093,0.00019999970390927047,0.009299999874201603,0.0032999996619764715,0.015699999494245276
213,213,train:d25_u12,,,,,,always,3,1,1,0,0,0,rbpg-7aae22b49a7d572c2348b241,rbpg-7aae22b49a7d572c2348b241,rbpg-exec-5d1bcb11ee7a4d89bf15f068dca853f2,213:train:d25_u12,bb77a08dc1f57313f6deaa67e5d14272,1,1,0,clean,0,ok,"{""service"": ""deterministic_policy_gated_stub"", ""status"": ""executed"", ""record_id"": ""train:d25_u12"", ""safety"": ""ok""}",0,0,0.0,0.0005000001692678779,0.00019999970390927047,0.024400000256719068,0.003600000127335079,0.03099999958067201
214,214,train:d25_u13,,,,,,always,3,1,1,0,0,0,rbpg-7aae22b49a7d572c2348b241,rbpg-7aae22b49a7d572c2348b241,rbpg-exec-5d1bcb11ee7a4d89bf15f068dca853f2,214:train:d25_u13,3e2088591ee29047a786543d6f12d8c9,1,1,0,clean,0,ok,"{""service"": ""deterministic_policy_gated_stub"", ""status"": ""executed"", ""record_id"": ""train:d25_u13"", ""safety"": ""ok""}",0,0,0.0,0.0005000001692678779,0.00019999970390927047,0.010799998563015833,0.0032999996619764715,0.01720000000204891
215,215,train:d26_u1,,,,,,always,3,1,1,0,0,0,rbpg-7aae22b49a7d572c2348b241,rbpg-7aae22b49a7d572c2348b241,rbpg-exec-5d1bcb11ee7a4d89bf15f068dca853f2,215:train:d26_u1,23d1a21f522b4917d50f02e2fdd66f29,1,1,0,clean,0,ok,"{""service"": ""deterministic_policy_gated_stub"", ""status"": ""executed"", ""record_id"": ""train:d26_u1"", ""safety"": ""ok""}",0,0,0.0,0.00039999940781854093,0.00019999970390927047,0.009800000043469481,0.0032999996619764715,0.016199999663513154
216,216,train:d26_u3,,,,,,always,3,1,1,0,0,0,rbpg-7aae22b49a7d572c2348b241,rbpg-7aae22b49a7d572c2348b241,rbpg-exec-5d1bcb11ee7a4d89bf15f068dca853f2,216:train:d26_u3,c8bc35483a6ca4ac4ce2f404a12b5f12,1,1,0,clean,0,ok,"{""service"": ""deterministic_policy_gated_stub"", ""status"": ""executed"", ""record_id"": ""train:d26_u3"", ""safety"": ""ok""}",0,0,0.0,0.00039999940781854093,0.00030000046535860747,0.00940000063565094,0.0034000004234258085,0.015800000255694613
217,217,train:d26_u4,,,,,,always,3,1,1,0,0,0,rbpg-7aae22b49a7d572c2348b241,rbpg-7aae22b49a7d572c2348b241,rbpg-exec-5d1bcb11ee7a4d89bf15f068dca853f2,217:train:d26_u4,1e0680410cc2de422b9d340ec28f242b,1,1,0,clean,0,ok,"{""service"": ""deterministic_policy_gated_stub"", ""status"": ""executed"", ""record_id"": ""train:d26_u4"", ""safety"": ""ok""}",0,0,0.0,0.0005000001692678779,0.00019999970390927047,0.00960000033956021,0.003300001480965875,0.015800000255694613
218,218,train:d26_u5,,,,,,always,3,1,1,0,0,0,rbpg-7aae22b49a7d572c2348b241,rbpg-7aae22b49a7d572c2348b241,rbpg-exec-5d1bcb11ee7a4d89bf15f068dca853f2,218:train:d26_u5,1bf4dd4632fcac24281f74eef48558c1,1,1,0,clean,0,ok,"{""service"": ""deterministic_policy_gated_stub"", ""status"": ""executed"", ""record_id"": ""train:d26_u5"", ""safety"": ""ok""}",0,0,0.0,0.0004999983502784744,0.00019999970390927047,0.009499999578110874,0.003200000719516538,0.015600000551785342
219,219,train:d26_u6,,,,,,always,3,1,1,0,0,0,rbpg-7aae22b49a7d572c2348b241,rbpg-7aae22b49a7d572c2348b241,rbpg-exec-5d1bcb11ee7a4d89bf15f068dca853f2,219:train:d26_u6,b5ad36c9c05b3ad8a36c5d63f4799087,1,1,0,clean,0,ok,"{""service"": ""deterministic_policy_gated_stub"", ""status"": ""executed"", ""record_id"": ""train:d26_u6"", ""safety"": ""ok""}",0,0,0.0,0.0005000001692678779,0.0002999986463692039,0.009500001397100277,0.003200000719516538,0.015599998732795939
220,220,train:d26_u7,,,,,,always,3,1,1,0,0,0,rbpg-7aae22b49a7d572c2348b241,rbpg-7aae22b49a7d572c2348b241,rbpg-exec-5d1bcb11ee7a4d89bf15f068dca853f2,220:train:d26_u7,8324b6c130ab27b02db3395c2b4342f2,1,1,0,clean,0,ok,"{""service"": ""deterministic_policy_gated_stub"", ""status"": ""executed"", ""record_id"": ""train:d26_u7"", ""safety"": ""ok""}",0,0,0.0,0.0005000001692678779,0.00019999970390927047,0.009299999874201603,0.0034000004234258085,0.015699999494245276
221,221,train:d26_u8,,,,,,always,3,1,1,0,0,0,rbpg-7aae22b49a7d572c2348b241,rbpg-7aae22b49a7d572c2348b241,rbpg-exec-5d1bcb11ee7a4d89bf15f068dca853f2,221:train:d26_u8,f4a3b1f493ad869fbb4b775e42368bd8,1,1,0,clean,0,ok,"{""service"": ""deterministic_policy_gated_stub"", ""status"": ""executed"", ""record_id"": ""train:d26_u8"", ""safety"": ""ok""}",0,0,0.0,0.0004000012268079445,0.00019999970390927047,0.009499999578110874,0.0032999996619764715,0.015699999494245276
222,222,train:d26_u9,,,,,,always,3,1,1,0,0,0,rbpg-7aae22b49a7d572c2348b241,rbpg-7aae22b49a7d572c2348b241,rbpg-exec-5d1bcb11ee7a4d89bf15f068dca853f2,222:train:d26_u9,9be27b3153be0e7d5d1113b8dcc286d2,1,1,0,clean,0,ok,"{""service"": ""deterministic_policy_gated_stub"", ""status"": ""executed"", ""record_id"": ""train:d26_u9"", ""safety"": ""ok""}",0,0,0.0,0.0004000012268079445,0.00019999970390927047,0.00940000063565094,0.0031999989005271345,0.015599998732795939
223,223,train:d26_u10,,,,,,always,3,1,1,0,0,0,rbpg-7aae22b49a7d572c2348b241,rbpg-7aae22b49a7d572c2348b241,rbpg-exec-5d1bcb11ee7a4d89bf15f068dca853f2,223:train:d26_u10,5fb75890d5538be2cfda2d0eeb01c548,1,1,0,clean,0,ok,"{""service"": ""deterministic_policy_gated_stub"", ""status"": ""executed"", ""record_id"": ""train:d26_u10"", ""safety"": ""ok""}",0,0,0.0,0.0005000001692678779,0.00019999970390927047,0.00940000063565094,0.0032999996619764715,0.015800000255694613
224,224,train:d26_u11,,,,,,always,3,1,1,0,0,0,rbpg-7aae22b49a7d572c2348b241,rbpg-7aae22b49a7d572c2348b241,rbpg-exec-5d1bcb11ee7a4d89bf15f068dca853f2,224:train:d26_u11,9cc9a89e513b97a51542a4822bc9432c,1,1,0,clean,0,ok,"{""service"": ""deterministic_policy_gated_stub"", ""status"": ""executed"", ""record_id"": ""train:d26_u11"", ""safety"": ""ok""}",0,0,0.0,0.00039999940781854093,0.000200001522898674,0.00940000063565094,0.003200000719516538,0.015699999494245276
225,225,train:d26_u12,,,,,,always,3,1,1,0,0,0,rbpg-7aae22b49a7d572c2348b241,rbpg-7aae22b49a7d572c2348b241,rbpg-exec-5d1bcb11ee7a4d89bf15f068dca853f2,225:train:d26_u12,5dfc42e09eb2ca58c8105f0583bce05d,1,1,0,clean,0,ok,"{""service"": ""deterministic_policy_gated_stub"", ""status"": ""executed"", ""record_id"": ""train:d26_u12"", ""safety"": ""ok""}",0,0,0.0,0.0005000001692678779,0.00019999970390927047,0.00960000033956021,0.003300001480965875,0.015999999959603883
226,226,train:d26_u13,,,,,,always,3,1,1,0,0,0,rbpg-7aae22b49a7d572c2348b241,rbpg-7aae22b49a7d572c2348b241,rbpg-exec-5d1bcb11ee7a4d89bf15f068dca853f2,226:train:d26_u13,1c55ee21fbb8c99fccf86142250019d3,1,1,0,clean,0,ok,"{""service"": ""deterministic_policy_gated_stub"", ""status"": ""executed"", ""record_id"": ""train:d26_u13"", ""safety"": ""ok""}",0,0,0.0,0.00039999940781854093,0.00019999970390927047,0.00960000033956021,0.003200000719516538,0.015800000255694613
227,227,train:d27_u0,,,,,,always,3,1,1,0,0,0,rbpg-7aae22b49a7d572c2348b241,rbpg-7aae22b49a7d572c2348b241,rbpg-exec-5d1bcb11ee7a4d89bf15f068dca853f2,227:train:d27_u0,36fc4899851353c48594d8f85dbda39f,1,1,0,clean,0,ok,"{""service"": ""deterministic_policy_gated_stub"", ""status"": ""executed"", ""record_id"": ""train:d27_u0"", ""safety"": ""ok""}",0,0,0.0,0.0005000001692678779,0.00019999970390927047,0.00960000033956021,0.003200000719516538,0.015899999198154546
228,228,train:d27_u1,,,,,,always,3,1,1,0,0,0,rbpg-7aae22b49a7d572c2348b241,rbpg-7aae22b49a7d572c2348b241,rbpg-exec-5d1bcb11ee7a4d89bf15f068dca853f2,228:train:d27_u1,edc11cab753584e487064508298ffae5,1,1,0,clean,0,ok,"{""service"": ""deterministic_policy_gated_stub"", ""status"": ""executed"", ""record_id"": ""train:d27_u1"", ""safety"": ""ok""}",0,0,0.0,0.00039999940781854093,0.00019999970390927047,0.009700001101009548,0.003200000719516538,0.015999999959603883
229,229,train:d28_u0,,,,,,always,3,1,1,0,0,0,rbpg-7aae22b49a7d572c2348b241,rbpg-7aae22b49a7d572c2348b241,rbpg-exec-5d1bcb11ee7a4d89bf15f068dca853f2,229:train:d28_u0,8c7070b9537018c5f80572fb6531e90e,1,1,0,clean,0,ok,"{""service"": ""deterministic_policy_gated_stub"", ""status"": ""executed"", ""record_id"": ""train:d28_u0"", ""safety"": ""ok""}",0,0,0.0,0.0005000001692678779,0.00019999970390927047,0.00960000033956021,0.003200000719516538,0.015999999959603883
230,230,train:d28_u1,,,,,,always,3,1,1,0,0,0,rbpg-7aae22b49a7d572c2348b241,rbpg-7aae22b49a7d572c2348b241,rbpg-exec-5d1bcb11ee7a4d89bf15f068dca853f2,230:train:d28_u1,b29d5ffbf3d96facfc038045c18469f4,1,1,0,clean,0,ok,"{""service"": ""deterministic_policy_gated_stub"", ""status"": ""executed"", ""record_id"": ""train:d28_u1"", ""safety"": ""ok""}",0,0,0.0,0.0005000001692678779,0.00019999970390927047,0.009500001397100277,0.0032999996619764715,0.015800000255694613
231,231,train:d28_u2,,,,,,always,3,1,1,0,0,0,rbpg-7aae22b49a7d572c2348b241,rbpg-7aae22b49a7d572c2348b241,rbpg-exec-5d1bcb11ee7a4d89bf15f068dca853f2,231:train:d28_u2,db06ad585871f34dc07bc85fca3f97db,1,1,0,clean,0,ok,"{""service"": ""deterministic_policy_gated_stub"", ""status"": ""executed"", ""record_id"": ""train:d28_u2"", ""safety"": ""ok""}",0,0,0.0,0.0004999983502784744,0.00019999970390927047,0.009499999578110874,0.0032999996619764715,0.015899999198154546
232,232,train:d28_u3,,,,,,always,3,1,1,0,0,0,rbpg-7aae22b49a7d572c2348b241,rbpg-7aae22b49a7d572c2348b241,rbpg-exec-5d1bcb11ee7a4d89bf15f068dca853f2,232:train:d28_u3,71592cf098e8941da051b51973073233,1,1,0,clean,0,ok,"{""service"": ""deterministic_policy_gated_stub"", ""status"": ""executed"", ""record_id"": ""train:d28_u3"", ""safety"": ""ok""}",0,0,0.0,0.00039999940781854093,0.00030000046535860747,0.009499999578110874,0.0032999996619764715,0.015800000255694613
233,233,train:d28_u5,,,,,,always,3,1,1,0,0,0,rbpg-7aae22b49a7d572c2348b241,rbpg-7aae22b49a7d572c2348b241,rbpg-exec-5d1bcb11ee7a4d89bf15f068dca853f2,233:train:d28_u5,c61ead90e89c737ecaa0fc3b49099b2c,1,1,0,clean,0,ok,"{""service"": ""deterministic_policy_gated_stub"", ""status"": ""executed"", ""record_id"": ""train:d28_u5"", ""safety"": ""ok""}",0,0,0.0,0.0005000001692678779,0.00019999970390927047,0.00940000063565094,0.003399998604436405,0.015800000255694613
234,234,train:d28_u7,,,,,,always,3,1,1,0,0,0,rbpg-7aae22b49a7d572c2348b241,rbpg-7aae22b49a7d572c2348b241,rbpg-exec-5d1bcb11ee7a4d89bf15f068dca853f2,234:train:d28_u7,6ee93905c4072bd08d154f92829a233d,1,1,0,clean,0,ok,"{""service"": ""deterministic_policy_gated_stub"", ""status"": ""executed"", ""record_id"": ""train:d28_u7"", ""safety"": ""ok""}",0,0,0.0,0.0005000001692678779,0.00019999970390927047,0.009800000043469481,0.0034000004234258085,0.016099998902063817
235,235,train:d29_u1,,,,,,always,3,1,1,0,0,0,rbpg-7aae22b49a7d572c2348b241,rbpg-7aae22b49a7d572c2348b241,rbpg-exec-5d1bcb11ee7a4d89bf15f068dca853f2,235:train:d29_u1,6f8a01c6a87b35ad29a841e6a786e170,1,1,0,clean,0,ok,"{""service"": ""deterministic_policy_gated_stub"", ""status"": ""executed"", ""record_id"": ""train:d29_u1"", ""safety"": ""ok""}",0,0,0.0,0.0004000012268079445,0.00019999970390927047,0.009499999578110874,0.0031999989005271345,0.015699999494245276
236,236,train:d29_u2,,,,,,always,3,1,1,0,0,0,rbpg-7aae22b49a7d572c2348b241,rbpg-7aae22b49a7d572c2348b241,rbpg-exec-5d1bcb11ee7a4d89bf15f068dca853f2,236:train:d29_u2,e1b68fbc049f51e9fd0e9f777532ac3f,1,1,0,clean,0,ok,"{""service"": ""deterministic_policy_gated_stub"", ""status"": ""executed"", ""record_id"": ""train:d29_u2"", ""safety"": ""ok""}",0,0,0.0,0.0005000001692678779,0.00019999970390927047,0.00940000063565094,0.0031999989005271345,0.015600000551785342
237,237,train:d29_u3,,,,,,always,3,1,1,0,0,0,rbpg-7aae22b49a7d572c2348b241,rbpg-7aae22b49a7d572c2348b241,rbpg-exec-5d1bcb11ee7a4d89bf15f068dca853f2,237:train:d29_u3,18410871fa51c81a356736f4da4c87fa,1,1,0,clean,0,ok,"{""service"": ""deterministic_policy_gated_stub"", ""status"": ""executed"", ""record_id"": ""train:d29_u3"", ""safety"": ""ok""}",0,0,0.0,0.00039999940781854093,0.000200001522898674,0.009499999578110874,0.003200000719516538,0.015699999494245276
238,238,train:d29_u6,,,,,,always,3,1,1,0,0,0,rbpg-7aae22b49a7d572c2348b241,rbpg-7aae22b49a7d572c2348b241,rbpg-exec-5d1bcb11ee7a4d89bf15f068dca853f2,238:train:d29_u6,722ffd890058f083536230f5a8d4426e,1,1,0,clean,0,ok,"{""service"": ""deterministic_policy_gated_stub"", ""status"": ""executed"", ""record_id"": ""train:d29_u6"", ""safety"": ""ok""}",0,0,0.0,0.0004000012268079445,0.00019999970390927047,0.009499999578110874,0.0032999996619764715,0.01579999843670521
239,239,train:d29_u7,,,,,,always,3,1,1,0,0,0,rbpg-7aae22b49a7d572c2348b241,rbpg-7aae22b49a7d572c2348b241,rbpg-exec-5d1bcb11ee7a4d89bf15f068dca853f2,239:train:d29_u7,db10c44f5134f8d090f88a152a27d788,1,1,0,clean,0,ok,"{""service"": ""deterministic_policy_gated_stub"", ""status"": ""executed"", ""record_id"": ""train:d29_u7"", ""safety"": ""ok""}",0,0,0.0,0.0004000012268079445,0.00019999970390927047,0.009499999578110874,0.003200000719516538,0.01590000101714395
240,240,train:d29_u8,,,,,,always,3,1,1,0,0,0,rbpg-7aae22b49a7d572c2348b241,rbpg-7aae22b49a7d572c2348b241,rbpg-exec-5d1bcb11ee7a4d89bf15f068dca853f2,240:train:d29_u8,a1ee6686ae75c1f8c2b44ec9ea5370fa,1,1,0,clean,0,ok,"{""service"": ""deterministic_policy_gated_stub"", ""status"": ""executed"", ""record_id"": ""train:d29_u8"", ""safety"": ""ok""}",0,0,0.0,0.00039999940781854093,0.000200001522898674,0.009500001397100277,0.0034000004234258085,0.015899999198154546
241,241,train:d29_u9,,,,,,always,3,1,1,0,0,0,rbpg-7aae22b49a7d572c2348b241,rbpg-7aae22b49a7d572c2348b241,rbpg-exec-5d1bcb11ee7a4d89bf15f068dca853f2,241:train:d29_u9,e0b12df8961393f19e4ebd565d9d21d7,1,1,0,clean,0,ok,"{""service"": ""deterministic_policy_gated_stub"", ""status"": ""executed"", ""record_id"": ""train:d29_u9"", ""safety"": ""ok""}",0,0,0.0,0.0004000012268079445,0.00019999970390927047,0.009699999282020144,0.003200000719516538,0.01610000072105322
242,242,train:d29_u10,,,,,,always,3,1,1,0,0,0,rbpg-7aae22b49a7d572c2348b241,rbpg-7aae22b49a7d572c2348b241,rbpg-exec-5d1bcb11ee7a4d89bf15f068dca853f2,242:train:d29_u10,d2ee96817596c59d3239b19da45309bd,1,1,0,clean,0,ok,"{""service"": ""deterministic_policy_gated_stub"", ""status"": ""executed"", ""record_id"": ""train:d29_u10"", ""safety"": ""ok""}",0,0,0.0,0.00039999940781854093,0.0002999986463692039,0.009700001101009548,0.003200000719516538,0.01610000072105322
243,243,train:d29_u11,,,,,,always,3,1,1,0,0,0,rbpg-7aae22b49a7d572c2348b241,rbpg-7aae22b49a7d572c2348b241,rbpg-exec-5d1bcb11ee7a4d89bf15f068dca853f2,243:train:d29_u11,0d83fc0a5eb88ee54e822cf2cd2f7b0d,1,1,0,clean,0,ok,"{""service"": ""deterministic_policy_gated_stub"", ""status"": ""executed"", ""record_id"": ""train:d29_u11"", ""safety"": ""ok""}",0,0,0.0,0.00039999940781854093,0.00019999970390927047,0.00960000033956021,0.003200000719516538,0.01590000101714395
244,244,train:d29_u13,,,,,,always,3,1,1,0,0,0,rbpg-7aae22b49a7d572c2348b241,rbpg-7aae22b49a7d572c2348b241,rbpg-exec-5d1bcb11ee7a4d89bf15f068dca853f2,244:train:d29_u13,347a6d7b904dda39a45e6d182d6988d4,1,1,0,clean,0,ok,"{""service"": ""deterministic_policy_gated_stub"", ""status"": ""executed"", ""record_id"": ""train:d29_u13"", ""safety"": ""ok""}",0,0,0.0,0.0005000001692678779,0.00019999970390927047,0.009699999282020144,0.003200000719516538,0.016099998902063817
245,245,train:d30_u0,,,,,,always,3,1,1,0,0,0,rbpg-7aae22b49a7d572c2348b241,rbpg-7aae22b49a7d572c2348b241,rbpg-exec-5d1bcb11ee7a4d89bf15f068dca853f2,245:train:d30_u0,c0c363549a471fc767a935ec69d079bd,1,1,0,clean,0,ok,"{""service"": ""deterministic_policy_gated_stub"", ""status"": ""executed"", ""record_id"": ""train:d30_u0"", ""safety"": ""ok""}",0,0,0.0,0.00039999940781854093,0.0002999986463692039,0.009700001101009548,0.003300001480965875,0.015999999959603883
246,246,train:d30_u1,,,,,,always,3,1,1,0,0,0,rbpg-7aae22b49a7d572c2348b241,rbpg-7aae22b49a7d572c2348b241,rbpg-exec-5d1bcb11ee7a4d89bf15f068dca853f2,246:train:d30_u1,0798087a4e5c1cf3f924479cf2515b25,1,1,0,clean,0,ok,"{""service"": ""deterministic_policy_gated_stub"", ""status"": ""executed"", ""record_id"": ""train:d30_u1"", ""safety"": ""ok""}",0,0,0.0,0.0005000001692678779,0.00019999970390927047,0.010100000508828089,0.003200000719516538,0.01650000012887176
247,247,train:d30_u2,,,,,,always,3,1,1,0,0,0,rbpg-7aae22b49a7d572c2348b241,rbpg-7aae22b49a7d572c2348b241,rbpg-exec-5d1bcb11ee7a4d89bf15f068dca853f2,247:train:d30_u2,6a449b7750bb1a533695f0a8b0f908a0,1,1,0,clean,0,ok,"{""service"": ""deterministic_policy_gated_stub"", ""status"": ""executed"", ""record_id"": ""train:d30_u2"", ""safety"": ""ok""}",0,0,0.0,0.00039999940781854093,0.00019999970390927047,0.00960000033956021,0.0031999989005271345,0.015999999959603883
248,248,train:d30_u3,,,,,,always,3,1,1,0,0,0,rbpg-7aae22b49a7d572c2348b241,rbpg-7aae22b49a7d572c2348b241,rbpg-exec-5d1bcb11ee7a4d89bf15f068dca853f2,248:train:d30_u3,ac0d7f43678ae423625ece09a14dca53,1,1,0,clean,0,ok,"{""service"": ""deterministic_policy_gated_stub"", ""status"": ""executed"", ""record_id"": ""train:d30_u3"", ""safety"": ""ok""}",0,0,0.0,0.0004000012268079445,0.00030000046535860747,0.009699999282020144,0.0034000004234258085,0.016199999663513154
249,249,train:d30_u4,,,,,,always,3,1,1,0,0,0,rbpg-7aae22b49a7d572c2348b241,rbpg-7aae22b49a7d572c2348b241,rbpg-exec-5d1bcb11ee7a4d89bf15f068dca853f2,249:train:d30_u4,9ed6715069bb1c81bababc3baa3e905f,1,1,0,clean,0,ok,"{""service"": ""deterministic_policy_gated_stub"", ""status"": ""executed"", ""record_id"": ""train:d30_u4"", ""safety"": ""ok""}",0,0,0.0,0.0004000012268079445,0.00030000046535860747,0.00960000033956021,0.003200000719516538,0.015899999198154546
250,250,train:d30_u6,,,,,,always,3,1,1,0,0,0,rbpg-7aae22b49a7d572c2348b241,rbpg-7aae22b49a7d572c2348b241,rbpg-exec-5d1bcb11ee7a4d89bf15f068dca853f2,250:train:d30_u6,46dc08e35ec92442fe94ac175d4eda3f,1,1,0,clean,0,ok,"{""service"": ""deterministic_policy_gated_stub"", ""status"": ""executed"", ""record_id"": ""train:d30_u6"", ""safety"": ""ok""}",0,0,0.0,0.0005000001692678779,0.00019999970390927047,0.009599998520570807,0.0031999989005271345,0.016099998902063817
251,251,train:d30_u8,,,,,,always,3,1,1,0,0,0,rbpg-7aae22b49a7d572c2348b241,rbpg-7aae22b49a7d572c2348b241,rbpg-exec-5d1bcb11ee7a4d89bf15f068dca853f2,251:train:d30_u8,a625a139c1b94caf770f628616c5f894,1,1,0,clean,0,ok,"{""service"": ""deterministic_policy_gated_stub"", ""status"": ""executed"", ""record_id"": ""train:d30_u8"", ""safety"": ""ok""}",0,0,0.0,0.0005000001692678779,0.00019999970390927047,0.009699999282020144,0.0032999996619764715,0.016099998902063817
252,252,train:d30_u9,,,,,,always,3,1,1,0,0,0,rbpg-7aae22b49a7d572c2348b241,rbpg-7aae22b49a7d572c2348b241,rbpg-exec-5d1bcb11ee7a4d89bf15f068dca853f2,252:train:d30_u9,ce7f030b9bfdd96730c84a99faeea1d7,1,1,0,clean,0,ok,"{""service"": ""deterministic_policy_gated_stub"", ""status"": ""executed"", ""record_id"": ""train:d30_u9"", ""safety"": ""ok""}",0,0,0.0,0.0005000001692678779,0.00019999970390927047,0.009699999282020144,0.0032999996619764715,0.015999999959603883
253,253,train:d30_u10,,,,,,always,3,1,1,0,0,0,rbpg-7aae22b49a7d572c2348b241,rbpg-7aae22b49a7d572c2348b241,rbpg-exec-5d1bcb11ee7a4d89bf15f068dca853f2,253:train:d30_u10,d3793ceb59ca2a2b4f6f36b360c2838b,1,1,0,clean,0,ok,"{""service"": ""deterministic_policy_gated_stub"", ""status"": ""executed"", ""record_id"": ""train:d30_u10"", ""safety"": ""ok""}",0,0,0.0,0.0005000001692678779,0.00019999970390927047,0.009700001101009548,0.0031999989005271345,0.015899999198154546
254,254,train:d30_u12,,,,,,always,3,1,1,0,0,0,rbpg-7aae22b49a7d572c2348b241,rbpg-7aae22b49a7d572c2348b241,rbpg-exec-5d1bcb11ee7a4d89bf15f068dca853f2,254:train:d30_u12,a5b3996ba61fa14e68847ddbae49386c,1,1,0,clean,0,ok,"{""service"": ""deterministic_policy_gated_stub"", ""status"": ""executed"", ""record_id"": ""train:d30_u12"", ""safety"": ""ok""}",0,0,0.0,0.00039999940781854093,0.0002999986463692039,0.009599998520570807,0.0031999989005271345,0.01590000101714395
255,255,train:d30_u13,,,,,,always,3,1,1,0,0,0,rbpg-7aae22b49a7d572c2348b241,rbpg-7aae22b49a7d572c2348b241,rbpg-exec-5d1bcb11ee7a4d89bf15f068dca853f2,255:train:d30_u13,e846d9b4542574a28a16be0172ff13b7,1,1,0,clean,0,ok,"{""service"": ""deterministic_policy_gated_stub"", ""status"": ""executed"", ""record_id"": ""train:d30_u13"", ""safety"": ""ok""}",0,0,0.0,0.00039999940781854093,0.000200001522898674,0.017300000763498247,0.003300001480965875,0.023800001144991256
256,256,train:d30_u14,,,,,,always,3,1,1,0,0,0,rbpg-7aae22b49a7d572c2348b241,rbpg-7aae22b49a7d572c2348b241,rbpg-exec-5d1bcb11ee7a4d89bf15f068dca853f2,256:train:d30_u14,6cec90e5defb9255f5131ab9489cc577,1,1,0,clean,0,ok,"{""service"": ""deterministic_policy_gated_stub"", ""status"": ""executed"", ""record_id"": ""train:d30_u14"", ""safety"": ""ok""}",0,0,0.0,0.00039999940781854093,0.000200001522898674,0.010300000212737359,0.0032999996619764715,0.016899999536690302
257,257,train:d31_u0,,,,,,always,3,1,1,0,0,0,rbpg-7aae22b49a7d572c2348b241,rbpg-7aae22b49a7d572c2348b241,rbpg-exec-5d1bcb11ee7a4d89bf15f068dca853f2,257:train:d31_u0,50017aa78bb292cfc6263b2e4b692601,1,1,0,clean,0,ok,"{""service"": ""deterministic_policy_gated_stub"", ""status"": ""executed"", ""record_id"": ""train:d31_u0"", ""safety"": ""ok""}",0,0,0.0,0.0006000009307172149,0.00019999970390927047,0.010199999451288022,0.003499999365885742,0.017499998648418114
258,258,train:d31_u1,,,,,,always,3,1,1,0,0,0,rbpg-7aae22b49a7d572c2348b241,rbpg-7aae22b49a7d572c2348b241,rbpg-exec-5d1bcb11ee7a4d89bf15f068dca853f2,258:train:d31_u1,4c697ff7cf90286333a4a9ba31f1b2af,1,1,0,clean,0,ok,"{""service"": ""deterministic_policy_gated_stub"", ""status"": ""executed"", ""record_id"": ""train:d31_u1"", ""safety"": ""ok""}",0,0,0.0,0.0005000001692678779,0.00019999970390927047,0.00960000033956021,0.003099999958067201,0.01610000072105322
259,259,train:d31_u2,,,,,,always,3,1,1,0,0,0,rbpg-7aae22b49a7d572c2348b241,rbpg-7aae22b49a7d572c2348b241,rbpg-exec-5d1bcb11ee7a4d89bf15f068dca853f2,259:train:d31_u2,821eb982fffbd17e045ffbacde10cc60,1,1,0,clean,0,ok,"{""service"": ""deterministic_policy_gated_stub"", ""status"": ""executed"", ""record_id"": ""train:d31_u2"", ""safety"": ""ok""}",0,0,0.0,0.0005000001692678779,0.00019999970390927047,0.009800000043469481,0.0031999989005271345,0.016200001482502557
260,260,train:d31_u3,,,,,,always,3,1,1,0,0,0,rbpg-7aae22b49a7d572c2348b241,rbpg-7aae22b49a7d572c2348b241,rbpg-exec-5d1bcb11ee7a4d89bf15f068dca853f2,260:train:d31_u3,2f1c5451922e8bc99d02c95edd83f1e7,1,1,0,clean,0,ok,"{""service"": ""deterministic_policy_gated_stub"", ""status"": ""executed"", ""record_id"": ""train:d31_u3"", ""safety"": ""ok""}",0,0,0.0,0.0005000001692678779,0.00019999970390927047,0.00960000033956021,0.003200000719516538,0.015999999959603883
261,261,train:d32_u1,,,,,,always,3,1,1,0,0,0,rbpg-7aae22b49a7d572c2348b241,rbpg-7aae22b49a7d572c2348b241,rbpg-exec-5d1bcb11ee7a4d89bf15f068dca853f2,261:train:d32_u1,f204c1391a438a747cb696a313610b75,1,1,0,clean,0,ok,"{""service"": ""deterministic_policy_gated_stub"", ""status"": ""executed"", ""record_id"": ""train:d32_u1"", ""safety"": ""ok""}",0,0,0.0,0.0005000001692678779,0.00019999970390927047,0.009999999747378752,0.003200000719516538,0.016199999663513154
262,262,train:d32_u3,,,,,,always,3,1,1,0,0,0,rbpg-7aae22b49a7d572c2348b241,rbpg-7aae22b49a7d572c2348b241,rbpg-exec-5d1bcb11ee7a4d89bf15f068dca853f2,262:train:d32_u3,5fea2c1b5fd15301c263d47010e5169c,1,1,0,clean,0,ok,"{""service"": ""deterministic_policy_gated_stub"", ""status"": ""executed"", ""record_id"": ""train:d32_u3"", ""safety"": ""ok""}",0,0,0.0,0.0005000001692678779,0.00019999970390927047,0.026499999876250513,0.003600000127335079,0.03310000101919286
263,263,train:d32_u5,,,,,,always,3,1,1,0,0,0,rbpg-7aae22b49a7d572c2348b241,rbpg-7aae22b49a7d572c2348b241,rbpg-exec-5d1bcb11ee7a4d89bf15f068dca853f2,263:train:d32_u5,a30d090453fd95c83bb564e122758c61,1,1,0,clean,0,ok,"{""service"": ""deterministic_policy_gated_stub"", ""status"": ""executed"", ""record_id"": ""train:d32_u5"", ""safety"": ""ok""}",0,0,0.0,0.0005000001692678779,0.000200001522898674,0.010800000382005237,0.0032999996619764715,0.01739999970595818
264,264,train:d32_u8,,,,,,always,3,1,1,0,0,0,rbpg-7aae22b49a7d572c2348b241,rbpg-7aae22b49a7d572c2348b241,rbpg-exec-5d1bcb11ee7a4d89bf15f068dca853f2,264:train:d32_u8,72e77b4a61670e2e0a865dbe07a9d25e,1,1,0,clean,0,ok,"{""service"": ""deterministic_policy_gated_stub"", ""status"": ""executed"", ""record_id"": ""train:d32_u8"", ""safety"": ""ok""}",0,0,0.0,0.0005000001692678779,0.00019999970390927047,0.009499999578110874,0.003200000719516538,0.015899999198154546
265,265,train:d32_u10,,,,,,always,3,1,1,0,0,0,rbpg-7aae22b49a7d572c2348b241,rbpg-7aae22b49a7d572c2348b241,rbpg-exec-5d1bcb11ee7a4d89bf15f068dca853f2,265:train:d32_u10,5f195c7aeb8f27f6098d114740d2b736,1,1,0,clean,0,ok,"{""service"": ""deterministic_policy_gated_stub"", ""status"": ""executed"", ""record_id"": ""train:d32_u10"", ""safety"": ""ok""}",0,0,0.0,0.0004000012268079445,0.00019999970390927047,0.009900000804918818,0.0034000004234258085,0.016299998605973087
266,266,train:d32_u11,,,,,,always,3,1,1,0,0,0,rbpg-7aae22b49a7d572c2348b241,rbpg-7aae22b49a7d572c2348b241,rbpg-exec-5d1bcb11ee7a4d89bf15f068dca853f2,266:train:d32_u11,959e04f72e9d67ce02821f1e8dc410fa,1,1,0,clean,0,ok,"{""service"": ""deterministic_policy_gated_stub"", ""status"": ""executed"", ""record_id"": ""train:d32_u11"", ""safety"": ""ok""}",0,0,0.0,0.00039999940781854093,0.00019999970390927047,0.00960000033956021,0.0034000004234258085,0.015999999959603883
267,267,train:d32_u12,,,,,,always,3,1,1,0,0,0,rbpg-7aae22b49a7d572c2348b241,rbpg-7aae22b49a7d572c2348b241,rbpg-exec-5d1bcb11ee7a4d89bf15f068dca853f2,267:train:d32_u12,7df3c9cb4648c5f7b9eef7601f224255,1,1,0,clean,0,ok,"{""service"": ""deterministic_policy_gated_stub"", ""status"": ""executed"", ""record_id"": ""train:d32_u12"", ""safety"": ""ok""}",0,0,0.0,0.0004000012268079445,0.00019999970390927047,0.00960000033956021,0.0032999996619764715,0.015899999198154546
268,268,train:d32_u13,,,,,,always,3,1,1,0,0,0,rbpg-7aae22b49a7d572c2348b241,rbpg-7aae22b49a7d572c2348b241,rbpg-exec-5d1bcb11ee7a4d89bf15f068dca853f2,268:train:d32_u13,8faa80c95f912153aaff803d58d10d4d,1,1,0,clean,0,ok,"{""service"": ""deterministic_policy_gated_stub"", ""status"": ""executed"", ""record_id"": ""train:d32_u13"", ""safety"": ""ok""}",0,0,0.0,0.00039999940781854093,0.00030000046535860747,0.009599998520570807,0.0032999996619764715,0.01590000101714395
269,269,train:d32_u14,,,,,,always,3,1,1,0,0,0,rbpg-7aae22b49a7d572c2348b241,rbpg-7aae22b49a7d572c2348b241,rbpg-exec-5d1bcb11ee7a4d89bf15f068dca853f2,269:train:d32_u14,807e0b9964380ecef612c0f723d9c57d,1,1,0,clean,0,ok,"{""service"": ""deterministic_policy_gated_stub"", ""status"": ""executed"", ""record_id"": ""train:d32_u14"", ""safety"": ""ok""}",0,0,0.0,0.00039999940781854093,0.00019999970390927047,0.009900000804918818,0.0034000004234258085,0.016299998605973087
270,270,train:d32_u15,,,,,,always,3,1,1,0,0,0,rbpg-7aae22b49a7d572c2348b241,rbpg-7aae22b49a7d572c2348b241,rbpg-exec-5d1bcb11ee7a4d89bf15f068dca853f2,270:train:d32_u15,232ea6b2d4c91421c3798b18e92a684c,1,1,0,clean,0,ok,"{""service"": ""deterministic_policy_gated_stub"", ""status"": ""executed"", ""record_id"": ""train:d32_u15"", ""safety"": ""ok""}",0,0,0.0,0.00039999940781854093,0.00019999970390927047,0.009599998520570807,0.0031999989005271345,0.01590000101714395
271,271,train:d32_u16,,,,,,always,3,1,1,0,0,0,rbpg-7aae22b49a7d572c2348b241,rbpg-7aae22b49a7d572c2348b241,rbpg-exec-5d1bcb11ee7a4d89bf15f068dca853f2,271:train:d32_u16,8bdd5f93a5536a418f2354b4c8858bae,1,1,0,clean,0,ok,"{""service"": ""deterministic_policy_gated_stub"", ""status"": ""executed"", ""record_id"": ""train:d32_u16"", ""safety"": ""ok""}",0,0,0.0,0.0005000001692678779,0.00030000046535860747,0.00960000033956021,0.0034000004234258085,0.016000001778593287
272,272,train:d32_u18,,,,,,always,3,1,1,0,0,0,rbpg-7aae22b49a7d572c2348b241,rbpg-7aae22b49a7d572c2348b241,rbpg-exec-5d1bcb11ee7a4d89bf15f068dca853f2,272:train:d32_u18,aeb9472149ac33b2605393e008f241a6,1,1,0,clean,0,ok,"{""service"": ""deterministic_policy_gated_stub"", ""status"": ""executed"", ""record_id"": ""train:d32_u18"", ""safety"": ""ok""}",0,0,0.0,0.0005000001692678779,0.00019999970390927047,0.00960000033956021,0.0034000004234258085,0.015899999198154546
273,273,train:d33_u1,,,,,,always,3,1,1,0,0,0,rbpg-7aae22b49a7d572c2348b241,rbpg-7aae22b49a7d572c2348b241,rbpg-exec-5d1bcb11ee7a4d89bf15f068dca853f2,273:train:d33_u1,bc429b5faf2008864af07540b62216fc,1,1,0,clean,0,ok,"{""service"": ""deterministic_policy_gated_stub"", ""status"": ""executed"", ""record_id"": ""train:d33_u1"", ""safety"": ""ok""}",0,0,0.0,0.00039999940781854093,0.00019999970390927047,0.009499999578110874,0.0032999996619764715,0.015800000255694613
274,274,train:d33_u2,,,,,,always,3,1,1,0,0,0,rbpg-7aae22b49a7d572c2348b241,rbpg-7aae22b49a7d572c2348b241,rbpg-exec-5d1bcb11ee7a4d89bf15f068dca853f2,274:train:d33_u2,df3bd748fb658349be998eae99ca1f5a,1,1,0,clean,0,ok,"{""service"": ""deterministic_policy_gated_stub"", ""status"": ""executed"", ""record_id"": ""train:d33_u2"", ""safety"": ""ok""}",0,0,0.0,0.0005000001692678779,0.000200001522898674,0.00960000033956021,0.0032999996619764715,0.01590000101714395
275,275,train:d33_u3,,,,,,always,3,1,1,0,0,0,rbpg-7aae22b49a7d572c2348b241,rbpg-7aae22b49a7d572c2348b241,rbpg-exec-5d1bcb11ee7a4d89bf15f068dca853f2,275:train:d33_u3,f0b2ce3b1989bc5c32df2156931c353d,1,1,0,clean,0,ok,"{""service"": ""deterministic_policy_gated_stub"", ""status"": ""executed"", ""record_id"": ""train:d33_u3"", ""safety"": ""ok""}",0,0,0.0,0.00039999940781854093,0.000200001522898674,0.009599998520570807,0.0032999996619764715,0.015999999959603883
276,276,train:d33_u5,,,,,,always,3,1,1,0,0,0,rbpg-7aae22b49a7d572c2348b241,rbpg-7aae22b49a7d572c2348b241,rbpg-exec-5d1bcb11ee7a4d89bf15f068dca853f2,276:train:d33_u5,cf56eb7086774f3a63a48fc2eaa98d90,1,1,0,clean,0,ok,"{""service"": ""deterministic_policy_gated_stub"", ""status"": ""executed"", ""record_id"": ""train:d33_u5"", ""safety"": ""ok""}",0,0,0.0,0.0005000001692678779,0.00019999970390927047,0.009499999578110874,0.003399998604436405,0.015800000255694613
277,277,train:d33_u6,,,,,,always,3,1,1,0,0,0,rbpg-7aae22b49a7d572c2348b241,rbpg-7aae22b49a7d572c2348b241,rbpg-exec-5d1bcb11ee7a4d89bf15f068dca853f2,277:train:d33_u6,bc6b6368d1e43889aeb20ed9ac76977f,1,1,0,clean,0,ok,"{""service"": ""deterministic_policy_gated_stub"", ""status"": ""executed"", ""record_id"": ""train:d33_u6"", ""safety"": ""ok""}",0,0,0.0,0.0004000012268079445,0.000200001522898674,0.009399998816661537,0.0032999996619764715,0.01570000131323468
278,278,train:d33_u7,,,,,,always,3,1,1,0,0,0,rbpg-7aae22b49a7d572c2348b241,rbpg-7aae22b49a7d572c2348b241,rbpg-exec-5d1bcb11ee7a4d89bf15f068dca853f2,278:train:d33_u7,42dca99ed1f03f213550715d78056088,1,1,0,clean,0,ok,"{""service"": ""deterministic_policy_gated_stub"", ""status"": ""executed"", ""record_id"": ""train:d33_u7"", ""safety"": ""ok""}",0,0,0.0,0.00039999940781854093,0.00019999970390927047,0.009800000043469481,0.0032999996619764715,0.016099998902063817
279,279,train:d33_u8,,,,,,always,3,1,1,0,0,0,rbpg-7aae22b49a7d572c2348b241,rbpg-7aae22b49a7d572c2348b241,rbpg-exec-5d1bcb11ee7a4d89bf15f068dca853f2,279:train:d33_u8,d5a6b71e521fdfad2d35c95b318edf2b,1,1,0,clean,0,ok,"{""service"": ""deterministic_policy_gated_stub"", ""status"": ""executed"", ""record_id"": ""train:d33_u8"", ""safety"": ""ok""}",0,0,0.0,0.00039999940781854093,0.00019999970390927047,0.00960000033956021,0.0031999989005271345,0.015800000255694613
280,280,train:d33_u9,,,,,,always,3,1,1,0,0,0,rbpg-7aae22b49a7d572c2348b241,rbpg-7aae22b49a7d572c2348b241,rbpg-exec-5d1bcb11ee7a4d89bf15f068dca853f2,280:train:d33_u9,782cad220ba4d0cc7487825d7ffbb9c1,1,1,0,clean,0,ok,"{""service"": ""deterministic_policy_gated_stub"", ""status"": ""executed"", ""record_id"": ""train:d33_u9"", ""safety"": ""ok""}",0,0,0.0,0.00039999940781854093,0.00019999970390927047,0.009599998520570807,0.003200000719516538,0.01590000101714395
281,281,train:d33_u10,,,,,,always,3,1,1,0,0,0,rbpg-7aae22b49a7d572c2348b241,rbpg-7aae22b49a7d572c2348b241,rbpg-exec-5d1bcb11ee7a4d89bf15f068dca853f2,281:train:d33_u10,2c0800a403e3f1b164d61cbf5658942e,1,1,0,clean,0,ok,"{""service"": ""deterministic_policy_gated_stub"", ""status"": ""executed"", ""record_id"": ""train:d33_u10"", ""safety"": ""ok""}",0,0,0.0,0.0005000001692678779,0.00019999970390927047,0.009499999578110874,0.003200000719516538,0.01590000101714395
282,282,train:d34_u0,,,,,,always,3,1,1,0,0,0,rbpg-7aae22b49a7d572c2348b241,rbpg-7aae22b49a7d572c2348b241,rbpg-exec-5d1bcb11ee7a4d89bf15f068dca853f2,282:train:d34_u0,27e1d920c98d50a8444433c22347ba5b,1,1,0,clean,0,ok,"{""service"": ""deterministic_policy_gated_stub"", ""status"": ""executed"", ""record_id"": ""train:d34_u0"", ""safety"": ""ok""}",0,0,0.0,0.0004999983502784744,0.00019999970390927047,0.00940000063565094,0.0034000004234258085,0.015800000255694613
283,283,train:d34_u1,,,,,,always,3,1,1,0,0,0,rbpg-7aae22b49a7d572c2348b241,rbpg-7aae22b49a7d572c2348b241,rbpg-exec-5d1bcb11ee7a4d89bf15f068dca853f2,283:train:d34_u1,48ceacf4a71685b6c29143d8c287daa1,1,1,0,clean,0,ok,"{""service"": ""deterministic_policy_gated_stub"", ""status"": ""executed"", ""record_id"": ""train:d34_u1"", ""safety"": ""ok""}",0,0,0.0,0.0004000012268079445,0.00019999970390927047,0.009399998816661537,0.0031999989005271345,0.015800000255694613
284,284,train:d34_u2,,,,,,always,3,1,1,0,0,0,rbpg-7aae22b49a7d572c2348b241,rbpg-7aae22b49a7d572c2348b241,rbpg-exec-5d1bcb11ee7a4d89bf15f068dca853f2,284:train:d34_u2,69ab942100131267e120a323deb094ae,1,1,0,clean,0,ok,"{""service"": ""deterministic_policy_gated_stub"", ""status"": ""executed"", ""record_id"": ""train:d34_u2"", ""safety"": ""ok""}",0,0,0.0,0.0005000001692678779,0.00019999970390927047,0.009399998816661537,0.0032999996619764715,0.015699999494245276
285,285,train:d34_u3,,,,,,always,3,1,1,0,0,0,rbpg-7aae22b49a7d572c2348b241,rbpg-7aae22b49a7d572c2348b241,rbpg-exec-5d1bcb11ee7a4d89bf15f068dca853f2,285:train:d34_u3,19817904844bf96d5d1809912d7946e7,1,1,0,clean,0,ok,"{""service"": ""deterministic_policy_gated_stub"", ""status"": ""executed"", ""record_id"": ""train:d34_u3"", ""safety"": ""ok""}",0,0,0.0,0.0005000001692678779,0.00030000046535860747,0.009499999578110874,0.0032999996619764715,0.01590000101714395
286,286,train:d34_u4,,,,,,always,3,1,1,0,0,0,rbpg-7aae22b49a7d572c2348b241,rbpg-7aae22b49a7d572c2348b241,rbpg-exec-5d1bcb11ee7a4d89bf15f068dca853f2,286:train:d34_u4,d954e9dddf97cd4af66dc8ebf4d30544,1,1,0,clean,0,ok,"{""service"": ""deterministic_policy_gated_stub"", ""status"": ""executed"", ""record_id"": ""train:d34_u4"", ""safety"": ""ok""}",0,0,0.0,0.0005000001692678779,0.00019999970390927047,0.009899998985929415,0.0032999996619764715,0.01630000042496249
287,287,train:d34_u5,,,,,,always,3,1,1,0,0,0,rbpg-7aae22b49a7d572c2348b241,rbpg-7aae22b49a7d572c2348b241,rbpg-exec-5d1bcb11ee7a4d89bf15f068dca853f2,287:train:d34_u5,c525321b1b5f3e8f8aef1502f7a7edf8,1,1,0,clean,0,ok,"{""service"": ""deterministic_policy_gated_stub"", ""status"": ""executed"", ""record_id"": ""train:d34_u5"", ""safety"": ""ok""}",0,0,0.0,0.00039999940781854093,0.000200001522898674,0.009499999578110874,0.0034000004234258085,0.01590000101714395
288,288,train:d34_u6,,,,,,always,3,1,1,0,0,0,rbpg-7aae22b49a7d572c2348b241,rbpg-7aae22b49a7d572c2348b241,rbpg-exec-5d1bcb11ee7a4d89bf15f068dca853f2,288:train:d34_u6,07f40a4ecf53326ad8087d48ff47a439,1,1,0,clean,0,ok,"{""service"": ""deterministic_policy_gated_stub"", ""status"": ""executed"", ""record_id"": ""train:d34_u6"", ""safety"": ""ok""}",0,0,0.0,0.0005000001692678779,0.00019999970390927047,0.00940000063565094,0.003099999958067201,0.015599998732795939
289,289,train:d34_u7,,,,,,always,3,1,1,0,0,0,rbpg-7aae22b49a7d572c2348b241,rbpg-7aae22b49a7d572c2348b241,rbpg-exec-5d1bcb11ee7a4d89bf15f068dca853f2,289:train:d34_u7,b7474e3f6ff0203268777fc232b849bb,1,1,0,clean,0,ok,"{""service"": ""deterministic_policy_gated_stub"", ""status"": ""executed"", ""record_id"": ""train:d34_u7"", ""safety"": ""ok""}",0,0,0.0,0.00039999940781854093,0.00019999970390927047,0.009399998816661537,0.003099999958067201,0.015499999790336005
290,290,train:d34_u8,,,,,,always,3,1,1,0,0,0,rbpg-7aae22b49a7d572c2348b241,rbpg-7aae22b49a7d572c2348b241,rbpg-exec-5d1bcb11ee7a4d89bf15f068dca853f2,290:train:d34_u8,90bb7dce3b024990c11fca49199d99e7,1,1,0,clean,0,ok,"{""service"": ""deterministic_policy_gated_stub"", ""status"": ""executed"", ""record_id"": ""train:d34_u8"", ""safety"": ""ok""}",0,0,0.0,0.0005000001692678779,0.000200001522898674,0.00940000063565094,0.003300001480965875,0.015800000255694613
291,291,train:d34_u10,,,,,,always,3,1,1,0,0,0,rbpg-7aae22b49a7d572c2348b241,rbpg-7aae22b49a7d572c2348b241,rbpg-exec-5d1bcb11ee7a4d89bf15f068dca853f2,291:train:d34_u10,81e98e78cc58961678035eb448aa5c48,1,1,0,clean,0,ok,"{""service"": ""deterministic_policy_gated_stub"", ""status"": ""executed"", ""record_id"": ""train:d34_u10"", ""safety"": ""ok""}",0,0,0.0,0.00039999940781854093,0.00030000046535860747,0.009499999578110874,0.0034000004234258085,0.015999999959603883
292,292,train:d34_u11,,,,,,always,3,1,1,0,0,0,rbpg-7aae22b49a7d572c2348b241,rbpg-7aae22b49a7d572c2348b241,rbpg-exec-5d1bcb11ee7a4d89bf15f068dca853f2,292:train:d34_u11,b74c8c653e8ed80b4fbfee96fc76e677,1,1,0,clean,0,ok,"{""service"": ""deterministic_policy_gated_stub"", ""status"": ""executed"", ""record_id"": ""train:d34_u11"", ""safety"": ""ok""}",0,0,0.0,0.00039999940781854093,0.00019999970390927047,0.009500001397100277,0.0032999996619764715,0.015800000255694613
293,293,train:d34_u12,,,,,,always,3,1,1,0,0,0,rbpg-7aae22b49a7d572c2348b241,rbpg-7aae22b49a7d572c2348b241,rbpg-exec-5d1bcb11ee7a4d89bf15f068dca853f2,293:train:d34_u12,5dace2498a60fa7e4fa226df7de2b799,1,1,0,clean,0,ok,"{""service"": ""deterministic_policy_gated_stub"", ""status"": ""executed"", ""record_id"": ""train:d34_u12"", ""safety"": ""ok""}",0,0,0.0,0.0004000012268079445,0.00019999970390927047,0.00940000063565094,0.0031999989005271345,0.015699999494245276
294,294,train:d35_u1,,,,,,always,3,1,1,0,0,0,rbpg-7aae22b49a7d572c2348b241,rbpg-7aae22b49a7d572c2348b241,rbpg-exec-5d1bcb11ee7a4d89bf15f068dca853f2,294:train:d35_u1,274bff9ed071f803d649c2cd7360594b,1,1,0,clean,0,ok,"{""service"": ""deterministic_policy_gated_stub"", ""status"": ""executed"", ""record_id"": ""train:d35_u1"", ""safety"": ""ok""}",0,0,0.0,0.0004000012268079445,0.00019999970390927047,0.009499999578110874,0.0032999996619764715,0.015999999959603883
295,295,train:d35_u2,,,,,,always,3,1,1,0,0,0,rbpg-7aae22b49a7d572c2348b241,rbpg-7aae22b49a7d572c2348b241,rbpg-exec-5d1bcb11ee7a4d89bf15f068dca853f2,295:train:d35_u2,b0fb505e1ea021eee7899aa90d6085a8,1,1,0,clean,0,ok,"{""service"": ""deterministic_policy_gated_stub"", ""status"": ""executed"", ""record_id"": ""train:d35_u2"", ""safety"": ""ok""}",0,0,0.0,0.0004000012268079445,0.00019999970390927047,0.00940000063565094,0.0032999996619764715,0.015699999494245276
296,296,train:d35_u3,,,,,,always,3,1,1,0,0,0,rbpg-7aae22b49a7d572c2348b241,rbpg-7aae22b49a7d572c2348b241,rbpg-exec-5d1bcb11ee7a4d89bf15f068dca853f2,296:train:d35_u3,e632727102270045d60b08121d61f50d,1,1,0,clean,0,ok,"{""service"": ""deterministic_policy_gated_stub"", ""status"": ""executed"", ""record_id"": ""train:d35_u3"", ""safety"": ""ok""}",0,0,0.0,0.00039999940781854093,0.000200001522898674,0.00960000033956021,0.0031999989005271345,0.01590000101714395
297,297,train:d35_u4,,,,,,always,3,1,1,0,0,0,rbpg-7aae22b49a7d572c2348b241,rbpg-7aae22b49a7d572c2348b241,rbpg-exec-5d1bcb11ee7a4d89bf15f068dca853f2,297:train:d35_u4,d95323db7cd5a078696df6cc35704f5c,1,1,0,clean,0,ok,"{""service"": ""deterministic_policy_gated_stub"", ""status"": ""executed"", ""record_id"": ""train:d35_u4"", ""safety"": ""ok""}",0,0,0.0,0.0005000001692678779,0.00019999970390927047,0.009299999874201603,0.0034000004234258085,0.01579999843670521
298,298,train:d35_u5,,,,,,always,3,1,1,0,0,0,rbpg-7aae22b49a7d572c2348b241,rbpg-7aae22b49a7d572c2348b241,rbpg-exec-5d1bcb11ee7a4d89bf15f068dca853f2,298:train:d35_u5,45c1bae33876d4db1a843ec32c999051,1,1,0,clean,0,ok,"{""service"": ""deterministic_policy_gated_stub"", ""status"": ""executed"", ""record_id"": ""train:d35_u5"", ""safety"": ""ok""}",0,0,0.0,0.0004000012268079445,0.00019999970390927047,0.009199999112752266,0.0031999989005271345,0.015400000847876072
299,299,train:d36_u0,,,,,,always,3,1,1,0,0,0,rbpg-7aae22b49a7d572c2348b241,rbpg-7aae22b49a7d572c2348b241,rbpg-exec-5d1bcb11ee7a4d89bf15f068dca853f2,299:train:d36_u0,893e7cc3961529f57f6f86964689f8fe,1,1,0,clean,0,ok,"{""service"": ""deterministic_policy_gated_stub"", ""status"": ""executed"", ""record_id"": ""train:d36_u0"", ""safety"": ""ok""}",0,0,0.0,0.0004000012268079445,0.0002999986463692039,0.009499999578110874,0.003300001480965875,0.015999999959603883
300,300,train:d36_u1,,,,,,always,3,1,1,0,0,0,rbpg-7aae22b49a7d572c2348b241,rbpg-7aae22b49a7d572c2348b241,rbpg-exec-5d1bcb11ee7a4d89bf15f068dca853f2,300:train:d36_u1,6bd1e6988060aece6c5fd1a11599638c,1,1,0,clean,0,ok,"{""service"": ""deterministic_policy_gated_stub"", ""status"": ""executed"", ""record_id"": ""train:d36_u1"", ""safety"": ""ok""}",0,0,0.0,0.00039999940781854093,0.00019999970390927047,0.009699999282020144,0.0035000011848751456,0.016199999663513154
301,301,train:d36_u2,,,,,,always,3,1,1,0,0,0,rbpg-7aae22b49a7d572c2348b241,rbpg-7aae22b49a7d572c2348b241,rbpg-exec-5d1bcb11ee7a4d89bf15f068dca853f2,301:train:d36_u2,b7b305607b4de9fb25b0189662ecc896,1,1,0,clean,0,ok,"{""service"": ""deterministic_policy_gated_stub"", ""status"": ""executed"", ""record_id"": ""train:d36_u2"", ""safety"": ""ok""}",0,0,0.0,0.00039999940781854093,0.00019999970390927047,0.00940000063565094,0.003099999958067201,0.015600000551785342
302,302,train:d36_u3,,,,,,always,3,1,1,0,0,0,rbpg-7aae22b49a7d572c2348b241,rbpg-7aae22b49a7d572c2348b241,rbpg-exec-5d1bcb11ee7a4d89bf15f068dca853f2,302:train:d36_u3,3a9ff5724773ca3455dc8c05d3724f64,1,1,0,clean,0,ok,"{""service"": ""deterministic_policy_gated_stub"", ""status"": ""executed"", ""record_id"": ""train:d36_u3"", ""safety"": ""ok""}",0,0,0.0,0.00039999940781854093,0.00030000046535860747,0.009900000804918818,0.003200000719516538,0.016199999663513154
303,303,train:d36_u4,,,,,,always,3,1,1,0,0,0,rbpg-7aae22b49a7d572c2348b241,rbpg-7aae22b49a7d572c2348b241,rbpg-exec-5d1bcb11ee7a4d89bf15f068dca853f2,303:train:d36_u4,b12a477a462d6b1e1a81cbb3ddcd2576,1,1,0,clean,0,ok,"{""service"": ""deterministic_policy_gated_stub"", ""status"": ""executed"", ""record_id"": ""train:d36_u4"", ""safety"": ""ok""}",0,0,0.0,0.00039999940781854093,0.00019999970390927047,0.00940000063565094,0.003399998604436405,0.015800000255694613
304,304,train:d36_u5,,,,,,always,3,1,1,0,0,0,rbpg-7aae22b49a7d572c2348b241,rbpg-7aae22b49a7d572c2348b241,rbpg-exec-5d1bcb11ee7a4d89bf15f068dca853f2,304:train:d36_u5,4e79baeb0a70708f7a19668ba048f3df,1,1,0,clean,0,ok,"{""service"": ""deterministic_policy_gated_stub"", ""status"": ""executed"", ""record_id"": ""train:d36_u5"", ""safety"": ""ok""}",0,0,0.0,0.00039999940781854093,0.00019999970390927047,0.00960000033956021,0.0031999989005271345,0.015800000255694613
305,305,train:d37_u0,,,,,,always,3,1,1,0,0,0,rbpg-7aae22b49a7d572c2348b241,rbpg-7aae22b49a7d572c2348b241,rbpg-exec-5d1bcb11ee7a4d89bf15f068dca853f2,305:train:d37_u0,9d08c7c05b6ad6fe2c4d0582a80f7081,1,1,0,clean,0,ok,"{""service"": ""deterministic_policy_gated_stub"", ""status"": ""executed"", ""record_id"": ""train:d37_u0"", ""safety"": ""ok""}",0,0,0.0,0.00039999940781854093,0.00019999970390927047,0.00940000063565094,0.0032999996619764715,0.015800000255694613
306,306,train:d37_u1,,,,,,always,3,1,1,0,0,0,rbpg-7aae22b49a7d572c2348b241,rbpg-7aae22b49a7d572c2348b241,rbpg-exec-5d1bcb11ee7a4d89bf15f068dca853f2,306:train:d37_u1,8187995ca50635456467b0cb3ad3af59,1,1,0,clean,0,ok,"{""service"": ""deterministic_policy_gated_stub"", ""status"": ""executed"", ""record_id"": ""train:d37_u1"", ""safety"": ""ok""}",0,0,0.0,0.00039999940781854093,0.00019999970390927047,0.00940000063565094,0.003200000719516538,0.015699999494245276
307,307,train:d37_u2,,,,,,always,3,1,1,0,0,0,rbpg-7aae22b49a7d572c2348b241,rbpg-7aae22b49a7d572c2348b241,rbpg-exec-5d1bcb11ee7a4d89bf15f068dca853f2,307:train:d37_u2,44a6fa81fd91f1b5fb0d9dd1d04f2ac8,1,1,0,clean,0,ok,"{""service"": ""deterministic_policy_gated_stub"", ""status"": ""executed"", ""record_id"": ""train:d37_u2"", ""safety"": ""ok""}",0,0,0.0,0.00039999940781854093,0.000200001522898674,0.009699999282020144,0.0031999989005271345,0.01590000101714395
308,308,train:d38_u0,,,,,,always,3,1,1,0,0,0,rbpg-7aae22b49a7d572c2348b241,rbpg-7aae22b49a7d572c2348b241,rbpg-exec-5d1bcb11ee7a4d89bf15f068dca853f2,308:train:d38_u0,ca1a3466292a4f122772e07ffcce7dff,1,1,0,clean,0,ok,"{""service"": ""deterministic_policy_gated_stub"", ""status"": ""executed"", ""record_id"": ""train:d38_u0"", ""safety"": ""ok""}",0,0,0.0,0.00039999940781854093,0.00019999970390927047,0.009900000804918818,0.003200000719516538,0.01610000072105322
309,309,train:d38_u1,,,,,,always,3,1,1,0,0,0,rbpg-7aae22b49a7d572c2348b241,rbpg-7aae22b49a7d572c2348b241,rbpg-exec-5d1bcb11ee7a4d89bf15f068dca853f2,309:train:d38_u1,5d16fbd7e366ce6e063d1b6238a19a26,1,1,0,clean,0,ok,"{""service"": ""deterministic_policy_gated_stub"", ""status"": ""executed"", ""record_id"": ""train:d38_u1"", ""safety"": ""ok""}",0,0,0.0,0.00039999940781854093,0.00019999970390927047,0.009699999282020144,0.0031999989005271345,0.01610000072105322
310,310,train:d38_u2,,,,,,always,3,1,1,0,0,0,rbpg-7aae22b49a7d572c2348b241,rbpg-7aae22b49a7d572c2348b241,rbpg-exec-5d1bcb11ee7a4d89bf15f068dca853f2,310:train:d38_u2,573da7739cbd8bf42f3a6ff36ab9f83d,1,1,0,clean,0,ok,"{""service"": ""deterministic_policy_gated_stub"", ""status"": ""executed"", ""record_id"": ""train:d38_u2"", ""safety"": ""ok""}",0,0,0.0,0.00039999940781854093,0.00019999970390927047,0.009499999578110874,0.003200000719516538,0.015800000255694613
311,311,train:d38_u3,,,,,,always,3,1,1,0,0,0,rbpg-7aae22b49a7d572c2348b241,rbpg-7aae22b49a7d572c2348b241,rbpg-exec-5d1bcb11ee7a4d89bf15f068dca853f2,311:train:d38_u3,7afa86ca440aa0fa335d8b8455036f0a,1,1,0,clean,0,ok,"{""service"": ""deterministic_policy_gated_stub"", ""status"": ""executed"", ""record_id"": ""train:d38_u3"", ""safety"": ""ok""}",0,0,0.0,0.0004000012268079445,0.00019999970390927047,0.00940000063565094,0.003099999958067201,0.015599998732795939
312,312,train:d38_u5,,,,,,always,3,1,1,0,0,0,rbpg-7aae22b49a7d572c2348b241,rbpg-7aae22b49a7d572c2348b241,rbpg-exec-5d1bcb11ee7a4d89bf15f068dca853f2,312:train:d38_u5,125ecba475d280d225145ea843df9854,1,1,0,clean,0,ok,"{""service"": ""deterministic_policy_gated_stub"", ""status"": ""executed"", ""record_id"": ""train:d38_u5"", ""safety"": ""ok""}",0,0,0.0,0.00039999940781854093,0.00019999970390927047,0.011800000720540993,0.003499999365885742,0.01880000127130188
313,313,train:d38_u6,,,,,,always,3,1,1,0,0,0,rbpg-7aae22b49a7d572c2348b241,rbpg-7aae22b49a7d572c2348b241,rbpg-exec-5d1bcb11ee7a4d89bf15f068dca853f2,313:train:d38_u6,68e3579e2a18157f2904d3a4b3cc6e74,1,1,0,clean,0,ok,"{""service"": ""deterministic_policy_gated_stub"", ""status"": ""executed"", ""record_id"": ""train:d38_u6"", ""safety"": ""ok""}",0,0,0.0,0.00039999940781854093,0.00019999970390927047,0.009800000043469481,0.003399998604436405,0.01630000042496249
314,314,train:d39_u0,,,,,,always,3,1,1,0,0,0,rbpg-7aae22b49a7d572c2348b241,rbpg-7aae22b49a7d572c2348b241,rbpg-exec-5d1bcb11ee7a4d89bf15f068dca853f2,314:train:d39_u0,0c6b4bc010e01d8e2f899b01d6801e06,1,1,0,clean,0,ok,"{""service"": ""deterministic_policy_gated_stub"", ""status"": ""executed"", ""record_id"": ""train:d39_u0"", ""safety"": ""ok""}",0,0,0.0,0.00039999940781854093,0.000200001522898674,0.009699999282020144,0.0032999996619764715,0.015999999959603883
315,315,train:d39_u1,,,,,,always,3,1,1,0,0,0,rbpg-7aae22b49a7d572c2348b241,rbpg-7aae22b49a7d572c2348b241,rbpg-exec-5d1bcb11ee7a4d89bf15f068dca853f2,315:train:d39_u1,452f4e3ab64a881c2014a6b894bb8c34,1,1,0,clean,0,ok,"{""service"": ""deterministic_policy_gated_stub"", ""status"": ""executed"", ""record_id"": ""train:d39_u1"", ""safety"": ""ok""}",0,0,0.0,0.0004000012268079445,0.00030000046535860747,0.009499999578110874,0.0032999996619764715,0.015800000255694613
316,316,train:d39_u3,,,,,,always,3,1,1,0,0,0,rbpg-7aae22b49a7d572c2348b241,rbpg-7aae22b49a7d572c2348b241,rbpg-exec-5d1bcb11ee7a4d89bf15f068dca853f2,316:train:d39_u3,50aa802a373e53cb2f8cca934478c808,1,1,0,clean,0,ok,"{""service"": ""deterministic_policy_gated_stub"", ""status"": ""executed"", ""record_id"": ""train:d39_u3"", ""safety"": ""ok""}",0,0,0.0,0.00039999940781854093,0.00019999970390927047,0.009500001397100277,0.0032999996619764715,0.015800000255694613
317,317,train:d39_u4,,,,,,always,3,1,1,0,0,0,rbpg-7aae22b49a7d572c2348b241,rbpg-7aae22b49a7d572c2348b241,rbpg-exec-5d1bcb11ee7a4d89bf15f068dca853f2,317:train:d39_u4,6646e168a1ef96e2b0f2aa944c8509fb,1,1,0,clean,0,ok,"{""service"": ""deterministic_policy_gated_stub"", ""status"": ""executed"", ""record_id"": ""train:d39_u4"", ""safety"": ""ok""}",0,0,0.0,0.00039999940781854093,0.00019999970390927047,0.009499999578110874,0.003200000719516538,0.015800000255694613
318,318,train:d39_u5,,,,,,always,3,1,1,0,0,0,rbpg-7aae22b49a7d572c2348b241,rbpg-7aae22b49a7d572c2348b241,rbpg-exec-5d1bcb11ee7a4d89bf15f068dca853f2,318:train:d39_u5,7d9f479cdbc5b42e7dc553d7f29efc6f,1,1,0,clean,0,ok,"{""service"": ""deterministic_policy_gated_stub"", ""status"": ""executed"", ""record_id"": ""train:d39_u5"", ""safety"": ""ok""}",0,0,0.0,0.00039999940781854093,0.00019999970390927047,0.009500001397100277,0.0032999996619764715,0.015800000255694613
319,319,train:d39_u6,,,,,,always,3,1,1,0,0,0,rbpg-7aae22b49a7d572c2348b241,rbpg-7aae22b49a7d572c2348b241,rbpg-exec-5d1bcb11ee7a4d89bf15f068dca853f2,319:train:d39_u6,b85291aeba880caac4745f7d13bdbfc5,1,1,0,clean,0,ok,"{""service"": ""deterministic_policy_gated_stub"", ""status"": ""executed"", ""record_id"": ""train:d39_u6"", ""safety"": ""ok""}",0,0,0.0,0.0004000012268079445,0.00019999970390927047,0.009499999578110874,0.0031999989005271345,0.015800000255694613
320,320,train:d39_u7,,,,,,always,3,1,1,0,0,0,rbpg-7aae22b49a7d572c2348b241,rbpg-7aae22b49a7d572c2348b241,rbpg-exec-5d1bcb11ee7a4d89bf15f068dca853f2,320:train:d39_u7,92539c6c4c1be8792447227256b64a52,1,1,0,clean,0,ok,"{""service"": ""deterministic_policy_gated_stub"", ""status"": ""executed"", ""record_id"": ""train:d39_u7"", ""safety"": ""ok""}",0,0,0.0,0.0004000012268079445,0.00019999970390927047,0.009299999874201603,0.0032999996619764715,0.015599998732795939
321,321,train:d39_u8,,,,,,always,3,1,1,0,0,0,rbpg-7aae22b49a7d572c2348b241,rbpg-7aae22b49a7d572c2348b241,rbpg-exec-5d1bcb11ee7a4d89bf15f068dca853f2,321:train:d39_u8,4ca08bc1685b13659bdd8f1669d7e92a,1,1,0,clean,0,ok,"{""service"": ""deterministic_policy_gated_stub"", ""status"": ""executed"", ""record_id"": ""train:d39_u8"", ""safety"": ""ok""}",0,0,0.0,0.0004000012268079445,0.00019999970390927047,0.009800000043469481,0.0031999989005271345,0.01610000072105322
322,322,train:d39_u9,,,,,,always,3,1,1,0,0,0,rbpg-7aae22b49a7d572c2348b241,rbpg-7aae22b49a7d572c2348b241,rbpg-exec-5d1bcb11ee7a4d89bf15f068dca853f2,322:train:d39_u9,3c21e96d7f275943ebd61a6d5fee4de8,1,1,0,clean,0,ok,"{""service"": ""deterministic_policy_gated_stub"", ""status"": ""executed"", ""record_id"": ""train:d39_u9"", ""safety"": ""ok""}",0,0,0.0,0.0005000001692678779,0.00019999970390927047,0.00960000033956021,0.003499999365885742,0.01610000072105322
323,323,train:d39_u11,,,,,,always,3,1,1,0,0,0,rbpg-7aae22b49a7d572c2348b241,rbpg-7aae22b49a7d572c2348b241,rbpg-exec-5d1bcb11ee7a4d89bf15f068dca853f2,323:train:d39_u11,564809bf6c1646d984af13e2e2ecbbe6,1,1,0,clean,0,ok,"{""service"": ""deterministic_policy_gated_stub"", ""status"": ""executed"", ""record_id"": ""train:d39_u11"", ""safety"": ""ok""}",0,0,0.0,0.0005000001692678779,0.00019999970390927047,0.009499999578110874,0.0032999996619764715,0.015899999198154546
324,324,train:d39_u12,,,,,,always,3,1,1,0,0,0,rbpg-7aae22b49a7d572c2348b241,rbpg-7aae22b49a7d572c2348b241,rbpg-exec-5d1bcb11ee7a4d89bf15f068dca853f2,324:train:d39_u12,ed636e5b59431be21fdc2a723a4f8e67,1,1,0,clean,0,ok,"{""service"": ""deterministic_policy_gated_stub"", ""status"": ""executed"", ""record_id"": ""train:d39_u12"", ""safety"": ""ok""}",0,0,0.0,0.00039999940781854093,0.00019999970390927047,0.009499999578110874,0.0032999996619764715,0.01590000101714395
325,325,train:d39_u13,,,,,,always,3,1,1,0,0,0,rbpg-7aae22b49a7d572c2348b241,rbpg-7aae22b49a7d572c2348b241,rbpg-exec-5d1bcb11ee7a4d89bf15f068dca853f2,325:train:d39_u13,c6f4736d58b2691276570fd4061816d2,1,1,0,clean,0,ok,"{""service"": ""deterministic_policy_gated_stub"", ""status"": ""executed"", ""record_id"": ""train:d39_u13"", ""safety"": ""ok""}",0,0,0.0,0.0004000012268079445,0.00019999970390927047,0.00960000033956021,0.0032999996619764715,0.01590000101714395
326,326,train:d39_u14,,,,,,always,3,1,1,0,0,0,rbpg-7aae22b49a7d572c2348b241,rbpg-7aae22b49a7d572c2348b241,rbpg-exec-5d1bcb11ee7a4d89bf15f068dca853f2,326:train:d39_u14,264407ae2bc3744d892678f8ff2bd695,1,1,0,clean,0,ok,"{""service"": ""deterministic_policy_gated_stub"", ""status"": ""executed"", ""record_id"": ""train:d39_u14"", ""safety"": ""ok""}",0,0,0.0,0.00039999940781854093,0.00019999970390927047,0.00960000033956021,0.003200000719516538,0.01590000101714395
327,327,train:d39_u15,,,,,,always,3,1,1,0,0,0,rbpg-7aae22b49a7d572c2348b241,rbpg-7aae22b49a7d572c2348b241,rbpg-exec-5d1bcb11ee7a4d89bf15f068dca853f2,327:train:d39_u15,c5a67d727382224c62855ad19b037a85,1,1,0,clean,0,ok,"{""service"": ""deterministic_policy_gated_stub"", ""status"": ""executed"", ""record_id"": ""train:d39_u15"", ""safety"": ""ok""}",0,0,0.0,0.00039999940781854093,0.00019999970390927047,0.009499999578110874,0.0034000004234258085,0.01610000072105322
328,328,train:d39_u16,,,,,,always,3,1,1,0,0,0,rbpg-7aae22b49a7d572c2348b241,rbpg-7aae22b49a7d572c2348b241,rbpg-exec-5d1bcb11ee7a4d89bf15f068dca853f2,328:train:d39_u16,decc717f6288ca13cfd8ae1fc6d75149,1,1,0,clean,0,ok,"{""service"": ""deterministic_policy_gated_stub"", ""status"": ""executed"", ""record_id"": ""train:d39_u16"", ""safety"": ""ok""}",0,0,0.0,0.0004000012268079445,0.00019999970390927047,0.009499999578110874,0.003200000719516538,0.015800000255694613
329,329,train:d39_u17,,,,,,always,3,1,1,0,0,0,rbpg-7aae22b49a7d572c2348b241,rbpg-7aae22b49a7d572c2348b241,rbpg-exec-5d1bcb11ee7a4d89bf15f068dca853f2,329:train:d39_u17,bbab6eae91bfb4eed1be339057e8cbab,1,1,0,clean,0,ok,"{""service"": ""deterministic_policy_gated_stub"", ""status"": ""executed"", ""record_id"": ""train:d39_u17"", ""safety"": ""ok""}",0,0,0.0,0.00039999940781854093,0.00019999970390927047,0.009700001101009548,0.003200000719516538,0.01590000101714395
330,330,train:d39_u18,,,,,,always,3,1,1,0,0,0,rbpg-7aae22b49a7d572c2348b241,rbpg-7aae22b49a7d572c2348b241,rbpg-exec-5d1bcb11ee7a4d89bf15f068dca853f2,330:train:d39_u18,93efef79e9d217df77fc685268ab1cbb,1,1,0,clean,0,ok,"{""service"": ""deterministic_policy_gated_stub"", ""status"": ""executed"", ""record_id"": ""train:d39_u18"", ""safety"": ""ok""}",0,0,0.0,0.0004000012268079445,0.00019999970390927047,0.009700001101009548,0.0032999996619764715,0.01610000072105322
331,331,train:d40_u0,,,,,,always,3,1,1,0,0,0,rbpg-7aae22b49a7d572c2348b241,rbpg-7aae22b49a7d572c2348b241,rbpg-exec-5d1bcb11ee7a4d89bf15f068dca853f2,331:train:d40_u0,09316ce9736421739ddd6a13c62e3972,1,1,0,clean,0,ok,"{""service"": ""deterministic_policy_gated_stub"", ""status"": ""executed"", ""record_id"": ""train:d40_u0"", ""safety"": ""ok""}",0,0,0.0,0.00039999940781854093,0.00019999970390927047,0.009999999747378752,0.003200000719516538,0.016199999663513154
332,332,train:d40_u1,,,,,,always,3,1,1,0,0,0,rbpg-7aae22b49a7d572c2348b241,rbpg-7aae22b49a7d572c2348b241,rbpg-exec-5d1bcb11ee7a4d89bf15f068dca853f2,332:train:d40_u1,4d9912ec9374aa88078c38eb6a3353ba,1,1,0,clean,0,ok,"{""service"": ""deterministic_policy_gated_stub"", ""status"": ""executed"", ""record_id"": ""train:d40_u1"", ""safety"": ""ok""}",0,0,0.0,0.0004000012268079445,0.00019999970390927047,0.009800000043469481,0.003300001480965875,0.01610000072105322
333,333,train:d40_u2,,,,,,always,3,1,1,0,0,0,rbpg-7aae22b49a7d572c2348b241,rbpg-7aae22b49a7d572c2348b241,rbpg-exec-5d1bcb11ee7a4d89bf15f068dca853f2,333:train:d40_u2,9b4d3b22ed287cbea2f394b028a2ad17,1,1,0,clean,0,ok,"{""service"": ""deterministic_policy_gated_stub"", ""status"": ""executed"", ""record_id"": ""train:d40_u2"", ""safety"": ""ok""}",0,0,0.0,0.00039999940781854093,0.00019999970390927047,0.009700001101009548,0.003200000719516538,0.015899999198154546
334,334,train:d40_u3,,,,,,always,3,1,1,0,0,0,rbpg-7aae22b49a7d572c2348b241,rbpg-7aae22b49a7d572c2348b241,rbpg-exec-5d1bcb11ee7a4d89bf15f068dca853f2,334:train:d40_u3,3bb33208a9884b3339da16e79b77ab18,1,1,0,clean,0,ok,"{""service"": ""deterministic_policy_gated_stub"", ""status"": ""executed"", ""record_id"": ""train:d40_u3"", ""safety"": ""ok""}",0,0,0.0,0.00039999940781854093,0.00030000046535860747,0.009499999578110874,0.0034000004234258085,0.015999999959603883
335,335,train:d40_u4,,,,,,always,3,1,1,0,0,0,rbpg-7aae22b49a7d572c2348b241,rbpg-7aae22b49a7d572c2348b241,rbpg-exec-5d1bcb11ee7a4d89bf15f068dca853f2,335:train:d40_u4,e3fef86b6b0ea9496a95b0f12b101349,1,1,0,clean,0,ok,"{""service"": ""deterministic_policy_gated_stub"", ""status"": ""executed"", ""record_id"": ""train:d40_u4"", ""safety"": ""ok""}",0,0,0.0,0.00030000046535860747,0.00019999970390927047,0.010199999451288022,0.0031999989005271345,0.016400001186411828
336,336,train:d40_u5,,,,,,always,3,1,1,0,0,0,rbpg-7aae22b49a7d572c2348b241,rbpg-7aae22b49a7d572c2348b241,rbpg-exec-5d1bcb11ee7a4d89bf15f068dca853f2,336:train:d40_u5,b46af547e7ce868587e5131d079b301a,1,1,0,clean,0,ok,"{""service"": ""deterministic_policy_gated_stub"", ""status"": ""executed"", ""record_id"": ""train:d40_u5"", ""safety"": ""ok""}",0,0,0.0,0.00039999940781854093,0.00019999970390927047,0.009700001101009548,0.0034000004234258085,0.016099998902063817
337,337,train:d40_u6,,,,,,always,3,1,1,0,0,0,rbpg-7aae22b49a7d572c2348b241,rbpg-7aae22b49a7d572c2348b241,rbpg-exec-5d1bcb11ee7a4d89bf15f068dca853f2,337:train:d40_u6,57388188308555778f168a59bdc73669,1,1,0,clean,0,ok,"{""service"": ""deterministic_policy_gated_stub"", ""status"": ""executed"", ""record_id"": ""train:d40_u6"", ""safety"": ""ok""}",0,0,0.0,0.0004000012268079445,0.00030000046535860747,0.009999999747378752,0.003200000719516538,0.016400001186411828
338,338,train:d40_u7,,,,,,always,3,1,1,0,0,0,rbpg-7aae22b49a7d572c2348b241,rbpg-7aae22b49a7d572c2348b241,rbpg-exec-5d1bcb11ee7a4d89bf15f068dca853f2,338:train:d40_u7,4274f84b41bb7da153434544305740c9,1,1,0,clean,0,ok,"{""service"": ""deterministic_policy_gated_stub"", ""status"": ""executed"", ""record_id"": ""train:d40_u7"", ""safety"": ""ok""}",0,0,0.0,0.00039999940781854093,0.00019999970390927047,0.009999999747378752,0.0031999989005271345,0.01630000042496249
339,339,train:d40_u10,,,,,,always,3,1,1,0,0,0,rbpg-7aae22b49a7d572c2348b241,rbpg-7aae22b49a7d572c2348b241,rbpg-exec-5d1bcb11ee7a4d89bf15f068dca853f2,339:train:d40_u10,56dbd8024711fc89d403d4ec4ffa2efb,1,1,0,clean,0,ok,"{""service"": ""deterministic_policy_gated_stub"", ""status"": ""executed"", ""record_id"": ""train:d40_u10"", ""safety"": ""ok""}",0,0,0.0,0.0004000012268079445,0.00019999970390927047,0.009900000804918818,0.003200000719516538,0.015999999959603883
340,340,train:d40_u12,,,,,,always,3,1,1,0,0,0,rbpg-7aae22b49a7d572c2348b241,rbpg-7aae22b49a7d572c2348b241,rbpg-exec-5d1bcb11ee7a4d89bf15f068dca853f2,340:train:d40_u12,a1379149b411092e3b7c7bc8d65c57df,1,1,0,clean,0,ok,"{""service"": ""deterministic_policy_gated_stub"", ""status"": ""executed"", ""record_id"": ""train:d40_u12"", ""safety"": ""ok""}",0,0,0.0,0.0006999998731771484,0.00019999970390927047,0.009999999747378752,0.0032999996619764715,0.01680000059423037
341,341,train:d40_u13,,,,,,always,3,1,1,0,0,0,rbpg-7aae22b49a7d572c2348b241,rbpg-7aae22b49a7d572c2348b241,rbpg-exec-5d1bcb11ee7a4d89bf15f068dca853f2,341:train:d40_u13,8646b73238d3ac15cefabc4d3f2bb3da,1,1,0,clean,0,ok,"{""service"": ""deterministic_policy_gated_stub"", ""status"": ""executed"", ""record_id"": ""train:d40_u13"", ""safety"": ""ok""}",0,0,0.0,0.00039999940781854093,0.00019999970390927047,0.010100000508828089,0.0032999996619764715,0.01650000012887176
342,342,train:d40_u14,,,,,,always,3,1,1,0,0,0,rbpg-7aae22b49a7d572c2348b241,rbpg-7aae22b49a7d572c2348b241,rbpg-exec-5d1bcb11ee7a4d89bf15f068dca853f2,342:train:d40_u14,dd7352499efa859ba8f991d001f68c29,1,1,0,clean,0,ok,"{""service"": ""deterministic_policy_gated_stub"", ""status"": ""executed"", ""record_id"": ""train:d40_u14"", ""safety"": ""ok""}",0,0,0.0,0.0005000001692678779,0.00019999970390927047,0.009999999747378752,0.0036999990697950125,0.016899999536690302
343,343,train:d41_u0,,,,,,always,3,1,1,0,0,0,rbpg-7aae22b49a7d572c2348b241,rbpg-7aae22b49a7d572c2348b241,rbpg-exec-5d1bcb11ee7a4d89bf15f068dca853f2,343:train:d41_u0,86c7f96a0632888e8312d9f8f63e5f1a,1,1,0,clean,0,ok,"{""service"": ""deterministic_policy_gated_stub"", ""status"": ""executed"", ""record_id"": ""train:d41_u0"", ""safety"": ""ok""}",0,0,0.0,0.0004000012268079445,0.00019999970390927047,0.010100000508828089,0.0031999989005271345,0.016299998605973087
344,344,train:d41_u2,,,,,,always,3,1,1,0,0,0,rbpg-7aae22b49a7d572c2348b241,rbpg-7aae22b49a7d572c2348b241,rbpg-exec-5d1bcb11ee7a4d89bf15f068dca853f2,344:train:d41_u2,73993abb0a9d508569a2e0fe5c4d157e,1,1,0,clean,0,ok,"{""service"": ""deterministic_policy_gated_stub"", ""status"": ""executed"", ""record_id"": ""train:d41_u2"", ""safety"": ""ok""}",0,0,0.0,0.0004000012268079445,0.00019999970390927047,0.010199999451288022,0.003700000888784416,0.016999998479150236
345,345,train:d41_u3,,,,,,always,3,1,1,0,0,0,rbpg-7aae22b49a7d572c2348b241,rbpg-7aae22b49a7d572c2348b241,rbpg-exec-5d1bcb11ee7a4d89bf15f068dca853f2,345:train:d41_u3,5d59c80adf2b640d2304ad9040c7f46c,1,1,0,clean,0,ok,"{""service"": ""deterministic_policy_gated_stub"", ""status"": ""executed"", ""record_id"": ""train:d41_u3"", ""safety"": ""ok""}",0,0,0.0,0.0005000001692678779,0.00019999970390927047,0.009999999747378752,0.003499999365885742,0.0166000008903211
346,346,train:d41_u4,,,,,,always,3,1,1,0,0,0,rbpg-7aae22b49a7d572c2348b241,rbpg-7aae22b49a7d572c2348b241,rbpg-exec-5d1bcb11ee7a4d89bf15f068dca853f2,346:train:d41_u4,62e32c417ef0486c36e255ed99880157,1,1,0,clean,0,ok,"{""service"": ""deterministic_policy_gated_stub"", ""status"": ""executed"", ""record_id"": ""train:d41_u4"", ""safety"": ""ok""}",0,0,0.0,0.00039999940781854093,0.00019999970390927047,0.009700001101009548,0.0032999996619764715,0.01610000072105322
347,347,train:d41_u6,,,,,,always,3,1,1,0,0,0,rbpg-7aae22b49a7d572c2348b241,rbpg-7aae22b49a7d572c2348b241,rbpg-exec-5d1bcb11ee7a4d89bf15f068dca853f2,347:train:d41_u6,5a8e84cb845b49b7a40a66aa5558f626,1,1,0,clean,0,ok,"{""service"": ""deterministic_policy_gated_stub"", ""status"": ""executed"", ""record_id"": ""train:d41_u6"", ""safety"": ""ok""}",0,0,0.0,0.0004000012268079445,0.00019999970390927047,0.010300000212737359,0.0034000004234258085,0.016999998479150236
348,348,train:d41_u7,,,,,,always,3,1,1,0,0,0,rbpg-7aae22b49a7d572c2348b241,rbpg-7aae22b49a7d572c2348b241,rbpg-exec-5d1bcb11ee7a4d89bf15f068dca853f2,348:train:d41_u7,db8dcabb667fca8694384f3e7c9a2592,1,1,0,clean,0,ok,"{""service"": ""deterministic_policy_gated_stub"", ""status"": ""executed"", ""record_id"": ""train:d41_u7"", ""safety"": ""ok""}",0,0,0.0,0.00039999940781854093,0.00019999970390927047,0.010100000508828089,0.003600000127335079,0.016899999536690302
349,349,train:d41_u8,,,,,,always,3,1,1,0,0,0,rbpg-7aae22b49a7d572c2348b241,rbpg-7aae22b49a7d572c2348b241,rbpg-exec-5d1bcb11ee7a4d89bf15f068dca853f2,349:train:d41_u8,f311f63f07f299234d6f1b19b1008ac1,1,1,0,clean,0,ok,"{""service"": ""deterministic_policy_gated_stub"", ""status"": ""executed"", ""record_id"": ""train:d41_u8"", ""safety"": ""ok""}",0,0,0.0,0.00039999940781854093,0.00019999970390927047,0.009699999282020144,0.003499999365885742,0.01630000042496249
350,350,train:d41_u9,,,,,,always,3,1,1,0,0,0,rbpg-7aae22b49a7d572c2348b241,rbpg-7aae22b49a7d572c2348b241,rbpg-exec-5d1bcb11ee7a4d89bf15f068dca853f2,350:train:d41_u9,58296da655edb509cc453ce03b7d46ed,1,1,0,clean,0,ok,"{""service"": ""deterministic_policy_gated_stub"", ""status"": ""executed"", ""record_id"": ""train:d41_u9"", ""safety"": ""ok""}",0,0,0.0,0.0005000001692678779,0.00019999970390927047,0.010600000678095967,0.0034000004234258085,0.017099999240599573
351,351,train:d41_u10,,,,,,always,3,1,1,0,0,0,rbpg-7aae22b49a7d572c2348b241,rbpg-7aae22b49a7d572c2348b241,rbpg-exec-5d1bcb11ee7a4d89bf15f068dca853f2,351:train:d41_u10,7ae9b0cd0194807bbe6fa127117457a4,1,1,0,clean,0,ok,"{""service"": ""deterministic_policy_gated_stub"", ""status"": ""executed"", ""record_id"": ""train:d41_u10"", ""safety"": ""ok""}",0,0,0.0,0.00039999940781854093,0.00019999970390927047,0.010100000508828089,0.0032999996619764715,0.017100001059588976
352,352,train:d41_u11,,,,,,always,3,1,1,0,0,0,rbpg-7aae22b49a7d572c2348b241,rbpg-7aae22b49a7d572c2348b241,rbpg-exec-5d1bcb11ee7a4d89bf15f068dca853f2,352:train:d41_u11,a46e651d4336eda627a71761120dbe7f,1,1,0,clean,0,ok,"{""service"": ""deterministic_policy_gated_stub"", ""status"": ""executed"", ""record_id"": ""train:d41_u11"", ""safety"": ""ok""}",0,0,0.0,0.00039999940781854093,0.00019999970390927047,0.010199999451288022,0.0034000004234258085,0.01669999983278103
353,353,train:d41_u13,,,,,,always,3,1,1,0,0,0,rbpg-7aae22b49a7d572c2348b241,rbpg-7aae22b49a7d572c2348b241,rbpg-exec-5d1bcb11ee7a4d89bf15f068dca853f2,353:train:d41_u13,2367576a8ea5091b0b94bd4f7b038052,1,1,0,clean,0,ok,"{""service"": ""deterministic_policy_gated_stub"", ""status"": ""executed"", ""record_id"": ""train:d41_u13"", ""safety"": ""ok""}",0,0,0.0,0.0005000001692678779,0.00019999970390927047,0.012599999536178075,0.003499999365885742,0.019600000086938962
354,354,train:d42_u0,,,,,,always,3,1,1,0,0,0,rbpg-7aae22b49a7d572c2348b241,rbpg-7aae22b49a7d572c2348b241,rbpg-exec-5d1bcb11ee7a4d89bf15f068dca853f2,354:train:d42_u0,75edb67017c13329567ce13d43523cc1,1,1,0,clean,0,ok,"{""service"": ""deterministic_policy_gated_stub"", ""status"": ""executed"", ""record_id"": ""train:d42_u0"", ""safety"": ""ok""}",0,0,0.0,0.00039999940781854093,0.000200001522898674,0.0106999996205559,0.0034000004234258085,0.017300000763498247
355,355,train:d43_u0,,,,,,always,3,1,1,0,0,0,rbpg-7aae22b49a7d572c2348b241,rbpg-7aae22b49a7d572c2348b241,rbpg-exec-5d1bcb11ee7a4d89bf15f068dca853f2,355:train:d43_u0,139261a4a85ea7a21265c090fbfb82d4,1,1,0,clean,0,ok,"{""service"": ""deterministic_policy_gated_stub"", ""status"": ""executed"", ""record_id"": ""train:d43_u0"", ""safety"": ""ok""}",0,0,0.0,0.0004000012268079445,9.999894245993346e-05,0.010199999451288022,0.0032999996619764715,0.017400001524947584
356,356,train:d43_u1,,,,,,always,3,1,1,0,0,0,rbpg-7aae22b49a7d572c2348b241,rbpg-7aae22b49a7d572c2348b241,rbpg-exec-5d1bcb11ee7a4d89bf15f068dca853f2,356:train:d43_u1,63a738e89b224c4a2b6b781814db36dc,1,1,0,clean,0,ok,"{""service"": ""deterministic_policy_gated_stub"", ""status"": ""executed"", ""record_id"": ""train:d43_u1"", ""safety"": ""ok""}",0,0,0.0,0.00039999940781854093,0.00019999970390927047,0.010000001566368155,0.0034000004234258085,0.016499998309882358
357,357,train:d43_u2,,,,,,always,3,1,1,0,0,0,rbpg-7aae22b49a7d572c2348b241,rbpg-7aae22b49a7d572c2348b241,rbpg-exec-5d1bcb11ee7a4d89bf15f068dca853f2,357:train:d43_u2,ea1e1a24b84fa5bb388adf6731df6d0c,1,1,0,clean,0,ok,"{""service"": ""deterministic_policy_gated_stub"", ""status"": ""executed"", ""record_id"": ""train:d43_u2"", ""safety"": ""ok""}",0,0,0.0,0.0005000001692678779,0.00019999970390927047,0.009900000804918818,0.0034000004234258085,0.01630000042496249
358,358,train:d43_u3,,,,,,always,3,1,1,0,0,0,rbpg-7aae22b49a7d572c2348b241,rbpg-7aae22b49a7d572c2348b241,rbpg-exec-5d1bcb11ee7a4d89bf15f068dca853f2,358:train:d43_u3,b935fda4a1544c89ac5cdb17febebb47,1,1,0,clean,0,ok,"{""service"": ""deterministic_policy_gated_stub"", ""status"": ""executed"", ""record_id"": ""train:d43_u3"", ""safety"": ""ok""}",0,0,0.0,0.0004000012268079445,0.00019999970390927047,0.0106999996205559,0.003399998604436405,0.01759999940986745
359,359,train:d43_u4,,,,,,always,3,1,1,0,0,0,rbpg-7aae22b49a7d572c2348b241,rbpg-7aae22b49a7d572c2348b241,rbpg-exec-5d1bcb11ee7a4d89bf15f068dca853f2,359:train:d43_u4,1809c9d7a6351e0bf0def313546c7adb,1,1,0,clean,0,ok,"{""service"": ""deterministic_policy_gated_stub"", ""status"": ""executed"", ""record_id"": ""train:d43_u4"", ""safety"": ""ok""}",0,0,0.0,0.00039999940781854093,0.00019999970390927047,0.029999999242136255,0.003600000127335079,0.03699999979289714
360,360,train:d43_u5,,,,,,always,3,1,1,0,0,0,rbpg-7aae22b49a7d572c2348b241,rbpg-7aae22b49a7d572c2348b241,rbpg-exec-5d1bcb11ee7a4d89bf15f068dca853f2,360:train:d43_u5,6feb2ffb2b03188822bf41462226f89d,1,1,0,clean,0,ok,"{""service"": ""deterministic_policy_gated_stub"", ""status"": ""executed"", ""record_id"": ""train:d43_u5"", ""safety"": ""ok""}",0,0,0.0,0.0004000012268079445,0.000200001522898674,0.010599998859106563,0.0034000004234258085,0.017499998648418114
361,361,train:d43_u6,,,,,,always,3,1,1,0,0,0,rbpg-7aae22b49a7d572c2348b241,rbpg-7aae22b49a7d572c2348b241,rbpg-exec-5d1bcb11ee7a4d89bf15f068dca853f2,361:train:d43_u6,cda0caac0f011f5e34f2cc41d5541917,1,1,0,clean,0,ok,"{""service"": ""deterministic_policy_gated_stub"", ""status"": ""executed"", ""record_id"": ""train:d43_u6"", ""safety"": ""ok""}",0,0,0.0,0.00039999940781854093,0.00019999970390927047,0.009900000804918818,0.0034000004234258085,0.016400001186411828
362,362,train:d44_u0,,,,,,always,3,1,1,0,0,0,rbpg-7aae22b49a7d572c2348b241,rbpg-7aae22b49a7d572c2348b241,rbpg-exec-5d1bcb11ee7a4d89bf15f068dca853f2,362:train:d44_u0,1f96cba4b2cc8dbe3f6f3e7cee1133bf,1,1,0,clean,0,ok,"{""service"": ""deterministic_policy_gated_stub"", ""status"": ""executed"", ""record_id"": ""train:d44_u0"", ""safety"": ""ok""}",0,0,0.0,0.0004000012268079445,0.00019999970390927047,0.010100000508828089,0.003399998604436405,0.016599999071331695
363,363,train:d44_u2,,,,,,always,3,1,1,0,0,0,rbpg-7aae22b49a7d572c2348b241,rbpg-7aae22b49a7d572c2348b241,rbpg-exec-5d1bcb11ee7a4d89bf15f068dca853f2,363:train:d44_u2,df89919335cb3cbc8e7930a1f63f6faa,1,1,0,clean,0,ok,"{""service"": ""deterministic_policy_gated_stub"", ""status"": ""executed"", ""record_id"": ""train:d44_u2"", ""safety"": ""ok""}",0,0,0.0,0.00039999940781854093,0.00019999970390927047,0.010399999155197293,0.0034000004234258085,0.01700000029813964
364,364,train:d45_u0,,,,,,always,3,1,1,0,0,0,rbpg-7aae22b49a7d572c2348b241,rbpg-7aae22b49a7d572c2348b241,rbpg-exec-5d1bcb11ee7a4d89bf15f068dca853f2,364:train:d45_u0,1ec93ce68c4ca4bb358a669f19135c5c,1,1,0,clean,0,ok,"{""service"": ""deterministic_policy_gated_stub"", ""status"": ""executed"", ""record_id"": ""train:d45_u0"", ""safety"": ""ok""}",0,0,0.0,0.00039999940781854093,0.000200001522898674,0.010300000212737359,0.0032999996619764715,0.016700001651770435
365,365,train:d45_u2,,,,,,always,3,1,1,0,0,0,rbpg-7aae22b49a7d572c2348b241,rbpg-7aae22b49a7d572c2348b241,rbpg-exec-5d1bcb11ee7a4d89bf15f068dca853f2,365:train:d45_u2,909818aefdf93731071c6e0b0bc989e4,1,1,0,clean,0,ok,"{""service"": ""deterministic_policy_gated_stub"", ""status"": ""executed"", ""record_id"": ""train:d45_u2"", ""safety"": ""ok""}",0,0,0.0,0.0004000012268079445,0.00019999970390927047,0.010199999451288022,0.0032999996619764715,0.016599999071331695
366,366,train:d45_u3,,,,,,always,3,1,1,0,0,0,rbpg-7aae22b49a7d572c2348b241,rbpg-7aae22b49a7d572c2348b241,rbpg-exec-5d1bcb11ee7a4d89bf15f068dca853f2,366:train:d45_u3,9df4ef1300f14b0b37c95aa24e09a477,1,1,0,clean,0,ok,"{""service"": ""deterministic_policy_gated_stub"", ""status"": ""executed"", ""record_id"": ""train:d45_u3"", ""safety"": ""ok""}",0,0,0.0,0.0004000012268079445,0.00019999970390927047,0.009999999747378752,0.0035000011848751456,0.016599999071331695
367,367,train:d45_u4,,,,,,always,3,1,1,0,0,0,rbpg-7aae22b49a7d572c2348b241,rbpg-7aae22b49a7d572c2348b241,rbpg-exec-5d1bcb11ee7a4d89bf15f068dca853f2,367:train:d45_u4,e7c8874f0b5251eac31178df91df1b99,1,1,0,clean,0,ok,"{""service"": ""deterministic_policy_gated_stub"", ""status"": ""executed"", ""record_id"": ""train:d45_u4"", ""safety"": ""ok""}",0,0,0.0,0.0004000012268079445,0.000200001522898674,0.010300000212737359,0.0032999996619764715,0.016700001651770435
368,368,train:d46_u0,,,,,,always,3,1,1,0,0,0,rbpg-7aae22b49a7d572c2348b241,rbpg-7aae22b49a7d572c2348b241,rbpg-exec-5d1bcb11ee7a4d89bf15f068dca853f2,368:train:d46_u0,ee4524f6b57a26721d442cf8745a3a00,1,1,0,clean,0,ok,"{""service"": ""deterministic_policy_gated_stub"", ""status"": ""executed"", ""record_id"": ""train:d46_u0"", ""safety"": ""ok""}",0,0,0.0,0.00039999940781854093,0.00019999970390927047,0.009999999747378752,0.0032999996619764715,0.016399999367422424
369,369,train:d46_u2,,,,,,always,3,1,1,0,0,0,rbpg-7aae22b49a7d572c2348b241,rbpg-7aae22b49a7d572c2348b241,rbpg-exec-5d1bcb11ee7a4d89bf15f068dca853f2,369:train:d46_u2,15db164a81eb213574ad115feacb3ebc,1,1,0,clean,0,ok,"{""service"": ""deterministic_policy_gated_stub"", ""status"": ""executed"", ""record_id"": ""train:d46_u2"", ""safety"": ""ok""}",0,0,0.0,0.0004000012268079445,0.00019999970390927047,0.010599998859106563,0.004100000296602957,0.017700000171316788
370,370,train:d46_u4,,,,,,always,3,1,1,0,0,0,rbpg-7aae22b49a7d572c2348b241,rbpg-7aae22b49a7d572c2348b241,rbpg-exec-5d1bcb11ee7a4d89bf15f068dca853f2,370:train:d46_u4,87cd5209201b051e0eee6436e6f4f01a,1,1,0,clean,0,ok,"{""service"": ""deterministic_policy_gated_stub"", ""status"": ""executed"", ""record_id"": ""train:d46_u4"", ""safety"": ""ok""}",0,0,0.0,0.0005000001692678779,0.00019999970390927047,0.010399999155197293,0.0032999996619764715,0.016999998479150236
371,371,train:d46_u5,,,,,,always,3,1,1,0,0,0,rbpg-7aae22b49a7d572c2348b241,rbpg-7aae22b49a7d572c2348b241,rbpg-exec-5d1bcb11ee7a4d89bf15f068dca853f2,371:train:d46_u5,06715bda888f5695381c09c0b2ca69c2,1,1,0,clean,0,ok,"{""service"": ""deterministic_policy_gated_stub"", ""status"": ""executed"", ""record_id"": ""train:d46_u5"", ""safety"": ""ok""}",0,0,0.0,0.00039999940781854093,0.00019999970390927047,0.01049999991664663,0.003399998604436405,0.01700000029813964
372,372,train:d46_u6,,,,,,always,3,1,1,0,0,0,rbpg-7aae22b49a7d572c2348b241,rbpg-7aae22b49a7d572c2348b241,rbpg-exec-5d1bcb11ee7a4d89bf15f068dca853f2,372:train:d46_u6,d4f4fb1e98e74c63f00613de2f3962b5,1,1,0,clean,0,ok,"{""service"": ""deterministic_policy_gated_stub"", ""status"": ""executed"", ""record_id"": ""train:d46_u6"", ""safety"": ""ok""}",0,0,0.0,0.0005000001692678779,0.00019999970390927047,0.010000001566368155,0.0032999996619764715,0.016199999663513154
373,373,train:d46_u8,,,,,,always,3,1,1,0,0,0,rbpg-7aae22b49a7d572c2348b241,rbpg-7aae22b49a7d572c2348b241,rbpg-exec-5d1bcb11ee7a4d89bf15f068dca853f2,373:train:d46_u8,e2703d07c974d24d316e1a7cf64c1981,1,1,0,clean,0,ok,"{""service"": ""deterministic_policy_gated_stub"", ""status"": ""executed"", ""record_id"": ""train:d46_u8"", ""safety"": ""ok""}",0,0,0.0,0.00039999940781854093,0.00019999970390927047,0.009699999282020144,0.003300001480965875,0.016199999663513154
374,374,train:d46_u9,,,,,,always,3,1,1,0,0,0,rbpg-7aae22b49a7d572c2348b241,rbpg-7aae22b49a7d572c2348b241,rbpg-exec-5d1bcb11ee7a4d89bf15f068dca853f2,374:train:d46_u9,8e5b0fd6b6152b3f583fc251caa47cfc,1,1,0,clean,0,ok,"{""service"": ""deterministic_policy_gated_stub"", ""status"": ""executed"", ""record_id"": ""train:d46_u9"", ""safety"": ""ok""}",0,0,0.0,0.0004000012268079445,0.00019999970390927047,0.009800000043469481,0.0032999996619764715,0.016199999663513154
375,375,train:d46_u10,,,,,,always,3,1,1,0,0,0,rbpg-7aae22b49a7d572c2348b241,rbpg-7aae22b49a7d572c2348b241,rbpg-exec-5d1bcb11ee7a4d89bf15f068dca853f2,375:train:d46_u10,923ad6b0eb3bfacf5226706e4e2f883f,1,1,0,clean,0,ok,"{""service"": ""deterministic_policy_gated_stub"", ""status"": ""executed"", ""record_id"": ""train:d46_u10"", ""safety"": ""ok""}",0,0,0.0,0.00039999940781854093,0.00019999970390927047,0.009800000043469481,0.0032999996619764715,0.016299998605973087
376,376,train:d46_u12,,,,,,always,3,1,1,0,0,0,rbpg-7aae22b49a7d572c2348b241,rbpg-7aae22b49a7d572c2348b241,rbpg-exec-5d1bcb11ee7a4d89bf15f068dca853f2,376:train:d46_u12,a693161531c18e886244ccf65e550b2e,1,1,0,clean,0,ok,"{""service"": ""deterministic_policy_gated_stub"", ""status"": ""executed"", ""record_id"": ""train:d46_u12"", ""safety"": ""ok""}",0,0,0.0,0.00039999940781854093,0.00019999970390927047,0.010100000508828089,0.0034000004234258085,0.016599999071331695
377,377,train:d46_u14,,,,,,always,3,1,1,0,0,0,rbpg-7aae22b49a7d572c2348b241,rbpg-7aae22b49a7d572c2348b241,rbpg-exec-5d1bcb11ee7a4d89bf15f068dca853f2,377:train:d46_u14,edc1f963b2a146c2666765af3b6ca644,1,1,0,clean,0,ok,"{""service"": ""deterministic_policy_gated_stub"", ""status"": ""executed"", ""record_id"": ""train:d46_u14"", ""safety"": ""ok""}",0,0,0.0,0.0004000012268079445,0.00019999970390927047,0.00960000033956021,0.0034000004234258085,0.015999999959603883
378,378,train:d47_u0,,,,,,always,3,1,1,0,0,0,rbpg-7aae22b49a7d572c2348b241,rbpg-7aae22b49a7d572c2348b241,rbpg-exec-5d1bcb11ee7a4d89bf15f068dca853f2,378:train:d47_u0,f916928dbd7c9811eb8380f2332e4016,1,1,0,clean,0,ok,"{""service"": ""deterministic_policy_gated_stub"", ""status"": ""executed"", ""record_id"": ""train:d47_u0"", ""safety"": ""ok""}",0,0,0.0,0.00039999940781854093,0.00019999970390927047,0.009699999282020144,0.003499999365885742,0.0166000008903211
379,379,train:d47_u1,,,,,,always,3,1,1,0,0,0,rbpg-7aae22b49a7d572c2348b241,rbpg-7aae22b49a7d572c2348b241,rbpg-exec-5d1bcb11ee7a4d89bf15f068dca853f2,379:train:d47_u1,6b3915264b1736a6e8fe3615e25a5265,1,1,0,clean,0,ok,"{""service"": ""deterministic_policy_gated_stub"", ""status"": ""executed"", ""record_id"": ""train:d47_u1"", ""safety"": ""ok""}",0,0,0.0,0.00039999940781854093,0.000200001522898674,0.00960000033956021,0.003200000719516538,0.015800000255694613
380,380,train:d47_u2,,,,,,always,3,1,1,0,0,0,rbpg-7aae22b49a7d572c2348b241,rbpg-7aae22b49a7d572c2348b241,rbpg-exec-5d1bcb11ee7a4d89bf15f068dca853f2,380:train:d47_u2,a1d81d5c2cb2abfc773c90957f18a8d2,1,1,0,clean,0,ok,"{""service"": ""deterministic_policy_gated_stub"", ""status"": ""executed"", ""record_id"": ""train:d47_u2"", ""safety"": ""ok""}",0,0,0.0,0.0004000012268079445,0.00019999970390927047,0.009900000804918818,0.0031999989005271345,0.01610000072105322
381,381,train:d47_u3,,,,,,always,3,1,1,0,0,0,rbpg-7aae22b49a7d572c2348b241,rbpg-7aae22b49a7d572c2348b241,rbpg-exec-5d1bcb11ee7a4d89bf15f068dca853f2,381:train:d47_u3,bcd140395c24b9fcf75c631bf6558718,1,1,0,clean,0,ok,"{""service"": ""deterministic_policy_gated_stub"", ""status"": ""executed"", ""record_id"": ""train:d47_u3"", ""safety"": ""ok""}",0,0,0.0,0.0004000012268079445,0.00019999970390927047,0.009499999578110874,0.0032999996619764715,0.015899999198154546
382,382,train:d47_u4,,,,,,always,3,1,1,0,0,0,rbpg-7aae22b49a7d572c2348b241,rbpg-7aae22b49a7d572c2348b241,rbpg-exec-5d1bcb11ee7a4d89bf15f068dca853f2,382:train:d47_u4,a55303ef4b10223a63d3eba228fc16bd,1,1,0,clean,0,ok,"{""service"": ""deterministic_policy_gated_stub"", ""status"": ""executed"", ""record_id"": ""train:d47_u4"", ""safety"": ""ok""}",0,0,0.0,0.0005000001692678779,0.00019999970390927047,0.009800000043469481,0.003200000719516538,0.016099998902063817
383,383,train:d47_u5,,,,,,always,3,1,1,0,0,0,rbpg-7aae22b49a7d572c2348b241,rbpg-7aae22b49a7d572c2348b241,rbpg-exec-5d1bcb11ee7a4d89bf15f068dca853f2,383:train:d47_u5,056133354a932df8374f0ec5fa2266ea,1,1,0,clean,0,ok,"{""service"": ""deterministic_policy_gated_stub"", ""status"": ""executed"", ""record_id"": ""train:d47_u5"", ""safety"": ""ok""}",0,0,0.0,0.0005000001692678779,0.00019999970390927047,0.009800000043469481,0.003399998604436405,0.016199999663513154
384,384,train:d47_u6,,,,,,always,3,1,1,0,0,0,rbpg-7aae22b49a7d572c2348b241,rbpg-7aae22b49a7d572c2348b241,rbpg-exec-5d1bcb11ee7a4d89bf15f068dca853f2,384:train:d47_u6,ae839eaae01f0ac0f90d0628b11d7e15,1,1,0,clean,0,ok,"{""service"": ""deterministic_policy_gated_stub"", ""status"": ""executed"", ""record_id"": ""train:d47_u6"", ""safety"": ""ok""}",0,0,0.0,0.00039999940781854093,0.00019999970390927047,0.010300000212737359,0.0032999996619764715,0.0166000008903211
385,385,train:d47_u7,,,,,,always,3,1,1,0,0,0,rbpg-7aae22b49a7d572c2348b241,rbpg-7aae22b49a7d572c2348b241,rbpg-exec-5d1bcb11ee7a4d89bf15f068dca853f2,385:train:d47_u7,1038033b3ac587186891eb1acc60e98b,1,1,0,clean,0,ok,"{""service"": ""deterministic_policy_gated_stub"", ""status"": ""executed"", ""record_id"": ""train:d47_u7"", ""safety"": ""ok""}",0,0,0.0,0.0004000012268079445,0.00019999970390927047,0.009499999578110874,0.003399998604436405,0.015899999198154546
386,386,train:d47_u8,,,,,,always,3,1,1,0,0,0,rbpg-7aae22b49a7d572c2348b241,rbpg-7aae22b49a7d572c2348b241,rbpg-exec-5d1bcb11ee7a4d89bf15f068dca853f2,386:train:d47_u8,fb41ba002799ad8605f3c97adea9085f,1,1,0,clean,0,ok,"{""service"": ""deterministic_policy_gated_stub"", ""status"": ""executed"", ""record_id"": ""train:d47_u8"", ""safety"": ""ok""}",0,0,0.0,0.0004000012268079445,0.00030000046535860747,0.009699999282020144,0.0032999996619764715,0.016099998902063817
387,387,train:d47_u9,,,,,,always,3,1,1,0,0,0,rbpg-7aae22b49a7d572c2348b241,rbpg-7aae22b49a7d572c2348b241,rbpg-exec-5d1bcb11ee7a4d89bf15f068dca853f2,387:train:d47_u9,441995e11fd1d384a336886383216b32,1,1,0,clean,0,ok,"{""service"": ""deterministic_policy_gated_stub"", ""status"": ""executed"", ""record_id"": ""train:d47_u9"", ""safety"": ""ok""}",0,0,0.0,0.00039999940781854093,0.00019999970390927047,0.009700001101009548,0.003499999365885742,0.016199999663513154
388,388,train:d47_u12,,,,,,always,3,1,1,0,0,0,rbpg-7aae22b49a7d572c2348b241,rbpg-7aae22b49a7d572c2348b241,rbpg-exec-5d1bcb11ee7a4d89bf15f068dca853f2,388:train:d47_u12,eb9709f1f842efca7659b063c937fe88,1,1,0,clean,0,ok,"{""service"": ""deterministic_policy_gated_stub"", ""status"": ""executed"", ""record_id"": ""train:d47_u12"", ""safety"": ""ok""}",0,0,0.0,0.0005000001692678779,0.000200001522898674,0.009800000043469481,0.0036999990697950125,0.01650000012887176
389,389,train:d47_u14,,,,,,always,3,1,1,0,0,0,rbpg-7aae22b49a7d572c2348b241,rbpg-7aae22b49a7d572c2348b241,rbpg-exec-5d1bcb11ee7a4d89bf15f068dca853f2,389:train:d47_u14,aa96a058a06e5f23115216dfe4b0f764,1,1,0,clean,0,ok,"{""service"": ""deterministic_policy_gated_stub"", ""status"": ""executed"", ""record_id"": ""train:d47_u14"", ""safety"": ""ok""}",0,0,0.0,0.00039999940781854093,0.00019999970390927047,0.009800000043469481,0.0032999996619764715,0.016099998902063817
390,390,train:d47_u15,,,,,,always,3,1,1,0,0,0,rbpg-7aae22b49a7d572c2348b241,rbpg-7aae22b49a7d572c2348b241,rbpg-exec-5d1bcb11ee7a4d89bf15f068dca853f2,390:train:d47_u15,2f18533a18e415a54cd0a9d3c5bd153f,1,1,0,clean,0,ok,"{""service"": ""deterministic_policy_gated_stub"", ""status"": ""executed"", ""record_id"": ""train:d47_u15"", ""safety"": ""ok""}",0,0,0.0,0.0005000001692678779,0.0002999986463692039,0.009800000043469481,0.003300001480965875,0.016599999071331695
391,391,train:d47_u16,,,,,,always,3,1,1,0,0,0,rbpg-7aae22b49a7d572c2348b241,rbpg-7aae22b49a7d572c2348b241,rbpg-exec-5d1bcb11ee7a4d89bf15f068dca853f2,391:train:d47_u16,5e381ee9c63c6edaafbeec6e863ddd55,1,1,0,clean,0,ok,"{""service"": ""deterministic_policy_gated_stub"", ""status"": ""executed"", ""record_id"": ""train:d47_u16"", ""safety"": ""ok""}",0,0,0.0,0.00039999940781854093,0.000200001522898674,0.009699999282020144,0.0034000004234258085,0.01630000042496249
392,392,train:d47_u17,,,,,,always,3,1,1,0,0,0,rbpg-7aae22b49a7d572c2348b241,rbpg-7aae22b49a7d572c2348b241,rbpg-exec-5d1bcb11ee7a4d89bf15f068dca853f2,392:train:d47_u17,00bd7d52e4a9f92d435d842aabc8869e,1,1,0,clean,0,ok,"{""service"": ""deterministic_policy_gated_stub"", ""status"": ""executed"", ""record_id"": ""train:d47_u17"", ""safety"": ""ok""}",0,0,0.0,0.00039999940781854093,0.00019999970390927047,0.009699999282020144,0.0032999996619764715,0.01610000072105322
393,393,train:d48_u0,,,,,,always,3,1,1,0,0,0,rbpg-7aae22b49a7d572c2348b241,rbpg-7aae22b49a7d572c2348b241,rbpg-exec-5d1bcb11ee7a4d89bf15f068dca853f2,393:train:d48_u0,3ef8b1a2d53c0d66b699a70f5c403fad,1,1,0,clean,0,ok,"{""service"": ""deterministic_policy_gated_stub"", ""status"": ""executed"", ""record_id"": ""train:d48_u0"", ""safety"": ""ok""}",0,0,0.0,0.0004000012268079445,0.00019999970390927047,0.009899998985929415,0.0032999996619764715,0.016199999663513154
394,394,train:d49_u0,,,,,,always,3,1,1,0,0,0,rbpg-7aae22b49a7d572c2348b241,rbpg-7aae22b49a7d572c2348b241,rbpg-exec-5d1bcb11ee7a4d89bf15f068dca853f2,394:train:d49_u0,05869e7eab7123793c89489538c10e05,1,1,0,clean,0,ok,"{""service"": ""deterministic_policy_gated_stub"", ""status"": ""executed"", ""record_id"": ""train:d49_u0"", ""safety"": ""ok""}",0,0,0.0,0.00039999940781854093,0.00019999970390927047,0.009900000804918818,0.0032999996619764715,0.016099998902063817
395,395,train:d49_u1,,,,,,always,3,1,1,0,0,0,rbpg-7aae22b49a7d572c2348b241,rbpg-7aae22b49a7d572c2348b241,rbpg-exec-5d1bcb11ee7a4d89bf15f068dca853f2,395:train:d49_u1,e3a1e9f65e35a5ecc8c25252bcc82f41,1,1,0,clean,0,ok,"{""service"": ""deterministic_policy_gated_stub"", ""status"": ""executed"", ""record_id"": ""train:d49_u1"", ""safety"": ""ok""}",0,0,0.0,0.00039999940781854093,0.00019999970390927047,0.009499999578110874,0.0032999996619764715,0.015899999198154546
396,396,train:d49_u2,,,,,,always,3,1,1,0,0,0,rbpg-7aae22b49a7d572c2348b241,rbpg-7aae22b49a7d572c2348b241,rbpg-exec-5d1bcb11ee7a4d89bf15f068dca853f2,396:train:d49_u2,138041d93d36666565450cc3f2468e96,1,1,0,clean,0,ok,"{""service"": ""deterministic_policy_gated_stub"", ""status"": ""executed"", ""record_id"": ""train:d49_u2"", ""safety"": ""ok""}",0,0,0.0,0.00039999940781854093,0.00019999970390927047,0.00960000033956021,0.003399998604436405,0.016199999663513154
397,397,train:d49_u3,,,,,,always,3,1,1,0,0,0,rbpg-7aae22b49a7d572c2348b241,rbpg-7aae22b49a7d572c2348b241,rbpg-exec-5d1bcb11ee7a4d89bf15f068dca853f2,397:train:d49_u3,13449a9e6c7d6df01abc8254f5f569d5,1,1,0,clean,0,ok,"{""service"": ""deterministic_policy_gated_stub"", ""status"": ""executed"", ""record_id"": ""train:d49_u3"", ""safety"": ""ok""}",0,0,0.0,0.00039999940781854093,0.00019999970390927047,0.009700001101009548,0.0034000004234258085,0.01610000072105322
398,398,train:d49_u5,,,,,,always,3,1,1,0,0,0,rbpg-7aae22b49a7d572c2348b241,rbpg-7aae22b49a7d572c2348b241,rbpg-exec-5d1bcb11ee7a4d89bf15f068dca853f2,398:train:d49_u5,368f9f83a89c46a3a804672bd40c37fd,1,1,0,clean,0,ok,"{""service"": ""deterministic_policy_gated_stub"", ""status"": ""executed"", ""record_id"": ""train:d49_u5"", ""safety"": ""ok""}",0,0,0.0,0.00039999940781854093,0.00019999970390927047,0.009800000043469481,0.0035000011848751456,0.01650000012887176
399,399,train:d49_u6,,,,,,always,3,1,1,0,0,0,rbpg-7aae22b49a7d572c2348b241,rbpg-7aae22b49a7d572c2348b241,rbpg-exec-5d1bcb11ee7a4d89bf15f068dca853f2,399:train:d49_u6,649627e7a1a15254c3bea7dc0353305e,1,1,0,clean,0,ok,"{""service"": ""deterministic_policy_gated_stub"", ""status"": ""executed"", ""record_id"": ""train:d49_u6"", ""safety"": ""ok""}",0,0,0.0,0.00039999940781854093,0.000200001522898674,0.009399998816661537,0.0035000011848751456,0.015899999198154546
400,400,train:d49_u7,,,,,,always,3,1,1,0,0,0,rbpg-7aae22b49a7d572c2348b241,rbpg-7aae22b49a7d572c2348b241,rbpg-exec-5d1bcb11ee7a4d89bf15f068dca853f2,400:train:d49_u7,3ae0a6bef1dd5b62047efd0945c9babb,1,1,0,clean,0,ok,"{""service"": ""deterministic_policy_gated_stub"", ""status"": ""executed"", ""record_id"": ""train:d49_u7"", ""safety"": ""ok""}",0,0,0.0,0.0004000012268079445,0.00019999970390927047,0.00960000033956021,0.0031999989005271345,0.016000001778593287
401,401,train:d49_u8,,,,,,always,3,1,1,0,0,0,rbpg-7aae22b49a7d572c2348b241,rbpg-7aae22b49a7d572c2348b241,rbpg-exec-5d1bcb11ee7a4d89bf15f068dca853f2,401:train:d49_u8,9273023f5e8849cd2100e659c0b51748,1,1,0,clean,0,ok,"{""service"": ""deterministic_policy_gated_stub"", ""status"": ""executed"", ""record_id"": ""train:d49_u8"", ""safety"": ""ok""}",0,0,0.0,0.00039999940781854093,0.000200001522898674,0.009499999578110874,0.0034000004234258085,0.015999999959603883
402,402,train:d49_u9,,,,,,always,3,1,1,0,0,0,rbpg-7aae22b49a7d572c2348b241,rbpg-7aae22b49a7d572c2348b241,rbpg-exec-5d1bcb11ee7a4d89bf15f068dca853f2,402:train:d49_u9,a2f89fcf233d9fcfffbbfe83d29cd834,1,1,0,clean,0,ok,"{""service"": ""deterministic_policy_gated_stub"", ""status"": ""executed"", ""record_id"": ""train:d49_u9"", ""safety"": ""ok""}",0,0,0.0,0.00039999940781854093,0.00019999970390927047,0.00960000033956021,0.0034000004234258085,0.01610000072105322
403,403,train:d49_u10,,,,,,always,3,1,1,0,0,0,rbpg-7aae22b49a7d572c2348b241,rbpg-7aae22b49a7d572c2348b241,rbpg-exec-5d1bcb11ee7a4d89bf15f068dca853f2,403:train:d49_u10,cbb386f4d6d26318028ba80f1404d7a2,1,1,0,clean,0,ok,"{""service"": ""deterministic_policy_gated_stub"", ""status"": ""executed"", ""record_id"": ""train:d49_u10"", ""safety"": ""ok""}",0,0,0.0,0.00039999940781854093,0.000200001522898674,0.009599998520570807,0.0034000004234258085,0.015899999198154546
404,404,train:d49_u11,,,,,,always,3,1,1,0,0,0,rbpg-7aae22b49a7d572c2348b241,rbpg-7aae22b49a7d572c2348b241,rbpg-exec-5d1bcb11ee7a4d89bf15f068dca853f2,404:train:d49_u11,f59229474fd24aa208a7912b34a3eb19,1,1,0,clean,0,ok,"{""service"": ""deterministic_policy_gated_stub"", ""status"": ""executed"", ""record_id"": ""train:d49_u11"", ""safety"": ""ok""}",0,0,0.0,0.0005000001692678779,0.00019999970390927047,0.009699999282020144,0.0031999989005271345,0.01610000072105322
405,405,train:d49_u12,,,,,,always,3,1,1,0,0,0,rbpg-7aae22b49a7d572c2348b241,rbpg-7aae22b49a7d572c2348b241,rbpg-exec-5d1bcb11ee7a4d89bf15f068dca853f2,405:train:d49_u12,7be2100d7792e7c99b42bb7fb0dc43ef,1,1,0,clean,0,ok,"{""service"": ""deterministic_policy_gated_stub"", ""status"": ""executed"", ""record_id"": ""train:d49_u12"", ""safety"": ""ok""}",0,0,0.0,0.00039999940781854093,0.00019999970390927047,0.00960000033956021,0.0032999996619764715,0.01590000101714395
406,406,train:d49_u14,,,,,,always,3,1,1,0,0,0,rbpg-7aae22b49a7d572c2348b241,rbpg-7aae22b49a7d572c2348b241,rbpg-exec-5d1bcb11ee7a4d89bf15f068dca853f2,406:train:d49_u14,5102383245bf4218d34c71002b8b3aa5,1,1,0,clean,0,ok,"{""service"": ""deterministic_policy_gated_stub"", ""status"": ""executed"", ""record_id"": ""train:d49_u14"", ""safety"": ""ok""}",0,0,0.0,0.00039999940781854093,0.00019999970390927047,0.029799999538226984,0.004200001058052294,0.03719999949680641
407,407,train:d49_u16,,,,,,always,3,1,1,0,0,0,rbpg-7aae22b49a7d572c2348b241,rbpg-7aae22b49a7d572c2348b241,rbpg-exec-5d1bcb11ee7a4d89bf15f068dca853f2,407:train:d49_u16,47ae3c43508e0bfb7f306ca27b49d4ab,1,1,0,clean,0,ok,"{""service"": ""deterministic_policy_gated_stub"", ""status"": ""executed"", ""record_id"": ""train:d49_u16"", ""safety"": ""ok""}",0,0,0.0,0.0005000001692678779,0.00019999970390927047,0.011300000551273115,0.0032999996619764715,0.017899999875226058
408,408,train:d49_u17,,,,,,always,3,1,1,0,0,0,rbpg-7aae22b49a7d572c2348b241,rbpg-7aae22b49a7d572c2348b241,rbpg-exec-5d1bcb11ee7a4d89bf15f068dca853f2,408:train:d49_u17,3c302d6f6043335659fa7aa9274fcccb,1,1,0,clean,0,ok,"{""service"": ""deterministic_policy_gated_stub"", ""status"": ""executed"", ""record_id"": ""train:d49_u17"", ""safety"": ""ok""}",0,0,0.0,0.00039999940781854093,0.00019999970390927047,0.009700001101009548,0.0032999996619764715,0.016199999663513154
409,409,train:d49_u19,,,,,,always,3,1,1,0,0,0,rbpg-7aae22b49a7d572c2348b241,rbpg-7aae22b49a7d572c2348b241,rbpg-exec-5d1bcb11ee7a4d89bf15f068dca853f2,409:train:d49_u19,39abccd24f1d1b401a8b6751e5bf0c74,1,1,0,clean,0,ok,"{""service"": ""deterministic_policy_gated_stub"", ""status"": ""executed"", ""record_id"": ""train:d49_u19"", ""safety"": ""ok""}",0,0,0.0,0.0004000012268079445,0.00019999970390927047,0.009700001101009548,0.0034000004234258085,0.01630000042496249
410,410,train:d49_u21,,,,,,always,3,1,1,0,0,0,rbpg-7aae22b49a7d572c2348b241,rbpg-7aae22b49a7d572c2348b241,rbpg-exec-5d1bcb11ee7a4d89bf15f068dca853f2,410:train:d49_u21,c6b2088f2d939b71f43993203213ecb9,1,1,0,clean,0,ok,"{""service"": ""deterministic_policy_gated_stub"", ""status"": ""executed"", ""record_id"": ""train:d49_u21"", ""safety"": ""ok""}",0,0,0.0,0.00039999940781854093,0.000100000761449337,0.009900000804918818,0.0032999996619764715,0.016199999663513154
411,411,train:d50_u0,,,,,,always,3,1,1,0,0,0,rbpg-7aae22b49a7d572c2348b241,rbpg-7aae22b49a7d572c2348b241,rbpg-exec-5d1bcb11ee7a4d89bf15f068dca853f2,411:train:d50_u0,3a1c17f098ea4e659ed7713184b20e27,1,1,0,clean,0,ok,"{""service"": ""deterministic_policy_gated_stub"", ""status"": ""executed"", ""record_id"": ""train:d50_u0"", ""safety"": ""ok""}",0,0,0.0,0.00039999940781854093,0.00019999970390927047,0.00960000033956021,0.0032999996619764715,0.015999999959603883
412,412,train:d50_u1,,,,,,always,3,1,1,0,0,0,rbpg-7aae22b49a7d572c2348b241,rbpg-7aae22b49a7d572c2348b241,rbpg-exec-5d1bcb11ee7a4d89bf15f068dca853f2,412:train:d50_u1,5f23c5de7dd5a05606f1184baa2de394,1,1,0,clean,0,ok,"{""service"": ""deterministic_policy_gated_stub"", ""status"": ""executed"", ""record_id"": ""train:d50_u1"", ""safety"": ""ok""}",0,0,0.0,0.0005000001692678779,0.00019999970390927047,0.00960000033956021,0.009100000170292333,0.02179999864893034
413,413,train:d50_u3,,,,,,always,3,1,1,0,0,0,rbpg-7aae22b49a7d572c2348b241,rbpg-7aae22b49a7d572c2348b241,rbpg-exec-5d1bcb11ee7a4d89bf15f068dca853f2,413:train:d50_u3,b6e13eb96711464fc9a71708eccf4e80,1,1,0,clean,0,ok,"{""service"": ""deterministic_policy_gated_stub"", ""status"": ""executed"", ""record_id"": ""train:d50_u3"", ""safety"": ""ok""}",0,0,0.0,0.0004000012268079445,0.00019999970390927047,0.010099998689838685,0.0034000004234258085,0.016599999071331695
414,414,train:d50_u4,,,,,,always,3,1,1,0,0,0,rbpg-7aae22b49a7d572c2348b241,rbpg-7aae22b49a7d572c2348b241,rbpg-exec-5d1bcb11ee7a4d89bf15f068dca853f2,414:train:d50_u4,ebdf27c0d91feed41d3e4a778e5490d1,1,1,0,clean,0,ok,"{""service"": ""deterministic_policy_gated_stub"", ""status"": ""executed"", ""record_id"": ""train:d50_u4"", ""safety"": ""ok""}",0,0,0.0,0.0004000012268079445,0.000200001522898674,0.00960000033956021,0.003200000719516538,0.01590000101714395
415,415,train:d50_u7,,,,,,always,3,1,1,0,0,0,rbpg-7aae22b49a7d572c2348b241,rbpg-7aae22b49a7d572c2348b241,rbpg-exec-5d1bcb11ee7a4d89bf15f068dca853f2,415:train:d50_u7,1c2ff333a8806c7a76e7b37dbed8dc84,1,1,0,clean,0,ok,"{""service"": ""deterministic_policy_gated_stub"", ""status"": ""executed"", ""record_id"": ""train:d50_u7"", ""safety"": ""ok""}",0,0,0.0,0.00039999940781854093,0.000200001522898674,0.009699999282020144,0.0032999996619764715,0.015999999959603883
416,416,train:d50_u8,,,,,,always,3,1,1,0,0,0,rbpg-7aae22b49a7d572c2348b241,rbpg-7aae22b49a7d572c2348b241,rbpg-exec-5d1bcb11ee7a4d89bf15f068dca853f2,416:train:d50_u8,6ddda6a37c1e920e441e6ff5823674cc,1,1,0,clean,0,ok,"{""service"": ""deterministic_policy_gated_stub"", ""status"": ""executed"", ""record_id"": ""train:d50_u8"", ""safety"": ""ok""}",0,0,0.0,0.0005000001692678779,0.00019999970390927047,0.00960000033956021,0.0032999996619764715,0.015999999959603883
417,417,train:d50_u11,,,,,,always,3,1,1,0,0,0,rbpg-7aae22b49a7d572c2348b241,rbpg-7aae22b49a7d572c2348b241,rbpg-exec-5d1bcb11ee7a4d89bf15f068dca853f2,417:train:d50_u11,9ca7a8bf353fa3ab0eaa3f3ec640e5a7,1,1,0,clean,0,ok,"{""service"": ""deterministic_policy_gated_stub"", ""status"": ""executed"", ""record_id"": ""train:d50_u11"", ""safety"": ""ok""}",0,0,0.0,0.0004000012268079445,0.000200001522898674,0.00960000033956021,0.0032999996619764715,0.01590000101714395
418,418,train:d50_u12,,,,,,always,3,1,1,0,0,0,rbpg-7aae22b49a7d572c2348b241,rbpg-7aae22b49a7d572c2348b241,rbpg-exec-5d1bcb11ee7a4d89bf15f068dca853f2,418:train:d50_u12,01f96a1a407c5b09bf1e36e25175efb4,1,1,0,clean,0,ok,"{""service"": ""deterministic_policy_gated_stub"", ""status"": ""executed"", ""record_id"": ""train:d50_u12"", ""safety"": ""ok""}",0,0,0.0,0.0005000001692678779,0.00019999970390927047,0.009500001397100277,0.0032999996619764715,0.015800000255694613
419,419,train:d50_u13,,,,,,always,3,1,1,0,0,0,rbpg-7aae22b49a7d572c2348b241,rbpg-7aae22b49a7d572c2348b241,rbpg-exec-5d1bcb11ee7a4d89bf15f068dca853f2,419:train:d50_u13,e1c8eec17afc540f131867412e28a98e,1,1,0,clean,0,ok,"{""service"": ""deterministic_policy_gated_stub"", ""status"": ""executed"", ""record_id"": ""train:d50_u13"", ""safety"": ""ok""}",0,0,0.0,0.0004000012268079445,0.00019999970390927047,0.009499999578110874,0.003200000719516538,0.015899999198154546
420,420,train:d50_u15,,,,,,always,3,1,1,0,0,0,rbpg-7aae22b49a7d572c2348b241,rbpg-7aae22b49a7d572c2348b241,rbpg-exec-5d1bcb11ee7a4d89bf15f068dca853f2,420:train:d50_u15,5d32a00212345bfc4895e841962c20d2,1,1,0,clean,0,ok,"{""service"": ""deterministic_policy_gated_stub"", ""status"": ""executed"", ""record_id"": ""train:d50_u15"", ""safety"": ""ok""}",0,0,0.0,0.0004000012268079445,0.00019999970390927047,0.009800000043469481,0.003099999958067201,0.016099998902063817
421,421,train:d50_u16,,,,,,always,3,1,1,0,0,0,rbpg-7aae22b49a7d572c2348b241,rbpg-7aae22b49a7d572c2348b241,rbpg-exec-5d1bcb11ee7a4d89bf15f068dca853f2,421:train:d50_u16,848181bc8c20bac518221b8f5f3bdaee,1,1,0,clean,0,ok,"{""service"": ""deterministic_policy_gated_stub"", ""status"": ""executed"", ""record_id"": ""train:d50_u16"", ""safety"": ""ok""}",0,0,0.0,0.00039999940781854093,0.00019999970390927047,0.009499999578110874,0.003099999958067201,0.01570000131323468
422,422,train:d51_u0,,,,,,always,3,1,1,0,0,0,rbpg-7aae22b49a7d572c2348b241,rbpg-7aae22b49a7d572c2348b241,rbpg-exec-5d1bcb11ee7a4d89bf15f068dca853f2,422:train:d51_u0,45f82b2b847fb43ff3c2499b683e3c09,1,1,0,clean,0,ok,"{""service"": ""deterministic_policy_gated_stub"", ""status"": ""executed"", ""record_id"": ""train:d51_u0"", ""safety"": ""ok""}",0,0,0.0,0.00039999940781854093,0.00019999970390927047,0.00960000033956021,0.0034000004234258085,0.01610000072105322
423,423,train:d51_u1,,,,,,always,3,1,1,0,0,0,rbpg-7aae22b49a7d572c2348b241,rbpg-7aae22b49a7d572c2348b241,rbpg-exec-5d1bcb11ee7a4d89bf15f068dca853f2,423:train:d51_u1,0305f53f16ba9cd4dd0b374f6704caa1,1,1,0,clean,0,ok,"{""service"": ""deterministic_policy_gated_stub"", ""status"": ""executed"", ""record_id"": ""train:d51_u1"", ""safety"": ""ok""}",0,0,0.0,0.0004000012268079445,0.00019999970390927047,0.009500001397100277,0.0032999996619764715,0.015999999959603883
424,424,train:d51_u2,,,,,,always,3,1,1,0,0,0,rbpg-7aae22b49a7d572c2348b241,rbpg-7aae22b49a7d572c2348b241,rbpg-exec-5d1bcb11ee7a4d89bf15f068dca853f2,424:train:d51_u2,4c5c0f8168361f78a3a365653bdf2491,1,1,0,clean,0,ok,"{""service"": ""deterministic_policy_gated_stub"", ""status"": ""executed"", ""record_id"": ""train:d51_u2"", ""safety"": ""ok""}",0,0,0.0,0.0004000012268079445,0.00019999970390927047,0.00960000033956021,0.0031999989005271345,0.015999999959603883
425,425,train:d51_u4,,,,,,always,3,1,1,0,0,0,rbpg-7aae22b49a7d572c2348b241,rbpg-7aae22b49a7d572c2348b241,rbpg-exec-5d1bcb11ee7a4d89bf15f068dca853f2,425:train:d51_u4,bccb9b39a65e85eee2b3ac5c9ab6a6e1,1,1,0,clean,0,ok,"{""service"": ""deterministic_policy_gated_stub"", ""status"": ""executed"", ""record_id"": ""train:d51_u4"", ""safety"": ""ok""}",0,0,0.0,0.00039999940781854093,0.00019999970390927047,0.009599998520570807,0.0032999996619764715,0.015999999959603883
426,426,train:d51_u5,,,,,,always,3,1,1,0,0,0,rbpg-7aae22b49a7d572c2348b241,rbpg-7aae22b49a7d572c2348b241,rbpg-exec-5d1bcb11ee7a4d89bf15f068dca853f2,426:train:d51_u5,b41f32d06f724b3a310c6b43af413982,1,1,0,clean,0,ok,"{""service"": ""deterministic_policy_gated_stub"", ""status"": ""executed"", ""record_id"": ""train:d51_u5"", ""safety"": ""ok""}",0,0,0.0,0.0005000001692678779,0.00019999970390927047,0.009499999578110874,0.0032999996619764715,0.015899999198154546
427,427,train:d51_u6,,,,,,always,3,1,1,0,0,0,rbpg-7aae22b49a7d572c2348b241,rbpg-7aae22b49a7d572c2348b241,rbpg-exec-5d1bcb11ee7a4d89bf15f068dca853f2,427:train:d51_u6,cd23ad514ba45596429919e81d51fa38,1,1,0,clean,0,ok,"{""service"": ""deterministic_policy_gated_stub"", ""status"": ""executed"", ""record_id"": ""train:d51_u6"", ""safety"": ""ok""}",0,0,0.0,0.00039999940781854093,0.00019999970390927047,0.00940000063565094,0.003200000719516538,0.015800000255694613
428,428,train:d51_u7,,,,,,always,3,1,1,0,0,0,rbpg-7aae22b49a7d572c2348b241,rbpg-7aae22b49a7d572c2348b241,rbpg-exec-5d1bcb11ee7a4d89bf15f068dca853f2,428:train:d51_u7,feab91881e6a990a6aa39ece5b3dd170,1,1,0,clean,0,ok,"{""service"": ""deterministic_policy_gated_stub"", ""status"": ""executed"", ""record_id"": ""train:d51_u7"", ""safety"": ""ok""}",0,0,0.0,0.0004000012268079445,0.00019999970390927047,0.009499999578110874,0.0032999996619764715,0.015899999198154546
429,429,train:d51_u8,,,,,,always,3,1,1,0,0,0,rbpg-7aae22b49a7d572c2348b241,rbpg-7aae22b49a7d572c2348b241,rbpg-exec-5d1bcb11ee7a4d89bf15f068dca853f2,429:train:d51_u8,de7b1231fdea202523342748a78006b1,1,1,0,clean,0,ok,"{""service"": ""deterministic_policy_gated_stub"", ""status"": ""executed"", ""record_id"": ""train:d51_u8"", ""safety"": ""ok""}",0,0,0.0,0.00039999940781854093,0.00019999970390927047,0.009399998816661537,0.0031999989005271345,0.015600000551785342
430,430,train:d51_u9,,,,,,always,3,1,1,0,0,0,rbpg-7aae22b49a7d572c2348b241,rbpg-7aae22b49a7d572c2348b241,rbpg-exec-5d1bcb11ee7a4d89bf15f068dca853f2,430:train:d51_u9,849f8b516949649814070f923e20dd3d,1,1,0,clean,0,ok,"{""service"": ""deterministic_policy_gated_stub"", ""status"": ""executed"", ""record_id"": ""train:d51_u9"", ""safety"": ""ok""}",0,0,0.0,0.00039999940781854093,0.00019999970390927047,0.009700001101009548,0.003300001480965875,0.01610000072105322
431,431,train:d51_u10,,,,,,always,3,1,1,0,0,0,rbpg-7aae22b49a7d572c2348b241,rbpg-7aae22b49a7d572c2348b241,rbpg-exec-5d1bcb11ee7a4d89bf15f068dca853f2,431:train:d51_u10,ab82f5a6e86482fc4e2b04ba4c239b05,1,1,0,clean,0,ok,"{""service"": ""deterministic_policy_gated_stub"", ""status"": ""executed"", ""record_id"": ""train:d51_u10"", ""safety"": ""ok""}",0,0,0.0,0.00039999940781854093,0.00030000046535860747,0.009999999747378752,0.0032999996619764715,0.016599999071331695
432,432,train:d52_u0,,,,,,always,3,1,1,0,0,0,rbpg-7aae22b49a7d572c2348b241,rbpg-7aae22b49a7d572c2348b241,rbpg-exec-5d1bcb11ee7a4d89bf15f068dca853f2,432:train:d52_u0,b9d5ee20c61da85e3f56a28503596d6a,1,1,0,clean,0,ok,"{""service"": ""deterministic_policy_gated_stub"", ""status"": ""executed"", ""record_id"": ""train:d52_u0"", ""safety"": ""ok""}",0,0,0.0,0.0005000001692678779,0.00019999970390927047,0.009699999282020144,0.0032999996619764715,0.016199999663513154
433,433,train:d52_u1,,,,,,always,3,1,1,0,0,0,rbpg-7aae22b49a7d572c2348b241,rbpg-7aae22b49a7d572c2348b241,rbpg-exec-5d1bcb11ee7a4d89bf15f068dca853f2,433:train:d52_u1,96a6318ea67e77e4af25c943da1a0ca5,1,1,0,clean,0,ok,"{""service"": ""deterministic_policy_gated_stub"", ""status"": ""executed"", ""record_id"": ""train:d52_u1"", ""safety"": ""ok""}",0,0,0.0,0.0004000012268079445,0.00019999970390927047,0.009699999282020144,0.0031999989005271345,0.016099998902063817
434,434,train:d52_u2,,,,,,always,3,1,1,0,0,0,rbpg-7aae22b49a7d572c2348b241,rbpg-7aae22b49a7d572c2348b241,rbpg-exec-5d1bcb11ee7a4d89bf15f068dca853f2,434:train:d52_u2,291baeb1355d1229500a3ade852e72b5,1,1,0,clean,0,ok,"{""service"": ""deterministic_policy_gated_stub"", ""status"": ""executed"", ""record_id"": ""train:d52_u2"", ""safety"": ""ok""}",0,0,0.0,0.0004000012268079445,0.000200001522898674,0.00960000033956021,0.0031999989005271345,0.015999999959603883
435,435,train:d52_u3,,,,,,always,3,1,1,0,0,0,rbpg-7aae22b49a7d572c2348b241,rbpg-7aae22b49a7d572c2348b241,rbpg-exec-5d1bcb11ee7a4d89bf15f068dca853f2,435:train:d52_u3,baffa05f2c784443bb41398fa5c5b05e,1,1,0,clean,0,ok,"{""service"": ""deterministic_policy_gated_stub"", ""status"": ""executed"", ""record_id"": ""train:d52_u3"", ""safety"": ""ok""}",0,0,0.0,0.00039999940781854093,0.00019999970390927047,0.009900000804918818,0.003200000719516538,0.01630000042496249
436,436,train:d52_u4,,,,,,always,3,1,1,0,0,0,rbpg-7aae22b49a7d572c2348b241,rbpg-7aae22b49a7d572c2348b241,rbpg-exec-5d1bcb11ee7a4d89bf15f068dca853f2,436:train:d52_u4,f5106906b97e76c0e264c01bc19cb199,1,1,0,clean,0,ok,"{""service"": ""deterministic_policy_gated_stub"", ""status"": ""executed"", ""record_id"": ""train:d52_u4"", ""safety"": ""ok""}",0,0,0.0,0.00039999940781854093,0.000200001522898674,0.009599998520570807,0.003200000719516538,0.015800000255694613
437,437,train:d52_u5,,,,,,always,3,1,1,0,0,0,rbpg-7aae22b49a7d572c2348b241,rbpg-7aae22b49a7d572c2348b241,rbpg-exec-5d1bcb11ee7a4d89bf15f068dca853f2,437:train:d52_u5,827c6978d6c911bad1fe164379b29287,1,1,0,clean,0,ok,"{""service"": ""deterministic_policy_gated_stub"", ""status"": ""executed"", ""record_id"": ""train:d52_u5"", ""safety"": ""ok""}",0,0,0.0,0.00039999940781854093,0.00019999970390927047,0.009599998520570807,0.0031999989005271345,0.015999999959603883
438,438,train:d52_u6,,,,,,always,3,1,1,0,0,0,rbpg-7aae22b49a7d572c2348b241,rbpg-7aae22b49a7d572c2348b241,rbpg-exec-5d1bcb11ee7a4d89bf15f068dca853f2,438:train:d52_u6,e6fed5a80b45c160d7ff2ba4e2cfcc74,1,1,0,clean,0,ok,"{""service"": ""deterministic_policy_gated_stub"", ""status"": ""executed"", ""record_id"": ""train:d52_u6"", ""safety"": ""ok""}",0,0,0.0,0.00039999940781854093,0.00019999970390927047,0.00960000033956021,0.0031999989005271345,0.015899999198154546
439,439,train:d52_u7,,,,,,always,3,1,1,0,0,0,rbpg-7aae22b49a7d572c2348b241,rbpg-7aae22b49a7d572c2348b241,rbpg-exec-5d1bcb11ee7a4d89bf15f068dca853f2,439:train:d52_u7,37a4a6237d51aaffe6c4a1e76d8767f8,1,1,0,clean,0,ok,"{""service"": ""deterministic_policy_gated_stub"", ""status"": ""executed"", ""record_id"": ""train:d52_u7"", ""safety"": ""ok""}",0,0,0.0,0.00039999940781854093,0.00019999970390927047,0.00960000033956021,0.0032999996619764715,0.01590000101714395
440,440,train:d52_u8,,,,,,always,3,1,1,0,0,0,rbpg-7aae22b49a7d572c2348b241,rbpg-7aae22b49a7d572c2348b241,rbpg-exec-5d1bcb11ee7a4d89bf15f068dca853f2,440:train:d52_u8,4d6f5bf1759c3de34edd13b80c3ff004,1,1,0,clean,0,ok,"{""service"": ""deterministic_policy_gated_stub"", ""status"": ""executed"", ""record_id"": ""train:d52_u8"", ""safety"": ""ok""}",0,0,0.0,0.00039999940781854093,0.00019999970390927047,0.00940000063565094,0.003099999958067201,0.015699999494245276
441,441,train:d52_u9,,,,,,always,3,1,1,0,0,0,rbpg-7aae22b49a7d572c2348b241,rbpg-7aae22b49a7d572c2348b241,rbpg-exec-5d1bcb11ee7a4d89bf15f068dca853f2,441:train:d52_u9,b14e25eee20e7349ba4f5873c88a2cee,1,1,0,clean,0,ok,"{""service"": ""deterministic_policy_gated_stub"", ""status"": ""executed"", ""record_id"": ""train:d52_u9"", ""safety"": ""ok""}",0,0,0.0,0.0005000001692678779,0.00019999970390927047,0.00960000033956021,0.003300001480965875,0.015999999959603883
442,442,train:d52_u10,,,,,,always,3,1,1,0,0,0,rbpg-7aae22b49a7d572c2348b241,rbpg-7aae22b49a7d572c2348b241,rbpg-exec-5d1bcb11ee7a4d89bf15f068dca853f2,442:train:d52_u10,4aa72b3a6a978860ff8f9e7773429e86,1,1,0,clean,0,ok,"{""service"": ""deterministic_policy_gated_stub"", ""status"": ""executed"", ""record_id"": ""train:d52_u10"", ""safety"": ""ok""}",0,0,0.0,0.00039999940781854093,0.00019999970390927047,0.009599998520570807,0.003099999958067201,0.01590000101714395
443,443,train:d52_u11,,,,,,always,3,1,1,0,0,0,rbpg-7aae22b49a7d572c2348b241,rbpg-7aae22b49a7d572c2348b241,rbpg-exec-5d1bcb11ee7a4d89bf15f068dca853f2,443:train:d52_u11,ccc38449b275237f47f3739ba9b59845,1,1,0,clean,0,ok,"{""service"": ""deterministic_policy_gated_stub"", ""status"": ""executed"", ""record_id"": ""train:d52_u11"", ""safety"": ""ok""}",0,0,0.0,0.00039999940781854093,0.00019999970390927047,0.009699999282020144,0.0032999996619764715,0.01610000072105322
444,444,train:d53_u0,,,,,,always,3,1,1,0,0,0,rbpg-7aae22b49a7d572c2348b241,rbpg-7aae22b49a7d572c2348b241,rbpg-exec-5d1bcb11ee7a4d89bf15f068dca853f2,444:train:d53_u0,abb79362246b9b03714a7fa58dde3144,1,1,0,clean,0,ok,"{""service"": ""deterministic_policy_gated_stub"", ""status"": ""executed"", ""record_id"": ""train:d53_u0"", ""safety"": ""ok""}",0,0,0.0,0.00039999940781854093,0.000200001522898674,0.009499999578110874,0.003300001480965875,0.01590000101714395
445,445,train:d53_u1,,,,,,always,3,1,1,0,0,0,rbpg-7aae22b49a7d572c2348b241,rbpg-7aae22b49a7d572c2348b241,rbpg-exec-5d1bcb11ee7a4d89bf15f068dca853f2,445:train:d53_u1,bef066d7650e3886d90d43238d3f7c0e,1,1,0,clean,0,ok,"{""service"": ""deterministic_policy_gated_stub"", ""status"": ""executed"", ""record_id"": ""train:d53_u1"", ""safety"": ""ok""}",0,0,0.0,0.00039999940781854093,0.00019999970390927047,0.00940000063565094,0.003300001480965875,0.015699999494245276
446,446,train:d53_u2,,,,,,always,3,1,1,0,0,0,rbpg-7aae22b49a7d572c2348b241,rbpg-7aae22b49a7d572c2348b241,rbpg-exec-5d1bcb11ee7a4d89bf15f068dca853f2,446:train:d53_u2,83134e03336932a82007e01c63dc5577,1,1,0,clean,0,ok,"{""service"": ""deterministic_policy_gated_stub"", ""status"": ""executed"", ""record_id"": ""train:d53_u2"", ""safety"": ""ok""}",0,0,0.0,0.0005000001692678779,0.00019999970390927047,0.00960000033956021,0.0032999996619764715,0.01610000072105322
447,447,train:d53_u3,,,,,,always,3,1,1,0,0,0,rbpg-7aae22b49a7d572c2348b241,rbpg-7aae22b49a7d572c2348b241,rbpg-exec-5d1bcb11ee7a4d89bf15f068dca853f2,447:train:d53_u3,406742ccc197d86937b15fc3e4a2096f,1,1,0,clean,0,ok,"{""service"": ""deterministic_policy_gated_stub"", ""status"": ""executed"", ""record_id"": ""train:d53_u3"", ""safety"": ""ok""}",0,0,0.0,0.0004000012268079445,0.00019999970390927047,0.009500001397100277,0.0034000004234258085,0.015999999959603883
448,448,train:d53_u4,,,,,,always,3,1,1,0,0,0,rbpg-7aae22b49a7d572c2348b241,rbpg-7aae22b49a7d572c2348b241,rbpg-exec-5d1bcb11ee7a4d89bf15f068dca853f2,448:train:d53_u4,301ba15b1a77ef27642263019cb9396f,1,1,0,clean,0,ok,"{""service"": ""deterministic_policy_gated_stub"", ""status"": ""executed"", ""record_id"": ""train:d53_u4"", ""safety"": ""ok""}",0,0,0.0,0.00039999940781854093,0.00019999970390927047,0.018000000636675395,0.0031999989005271345,0.02429999949526973
449,449,train:d53_u5,,,,,,always,3,1,1,0,0,0,rbpg-7aae22b49a7d572c2348b241,rbpg-7aae22b49a7d572c2348b241,rbpg-exec-5d1bcb11ee7a4d89bf15f068dca853f2,449:train:d53_u5,55549582e8e7db3b21a58507c5374deb,1,1,0,clean,0,ok,"{""service"": ""deterministic_policy_gated_stub"", ""status"": ""executed"", ""record_id"": ""train:d53_u5"", ""safety"": ""ok""}",0,0,0.0,0.00039999940781854093,0.00019999970390927047,0.009999999747378752,0.0031999989005271345,0.01650000012887176
450,450,train:d53_u6,,,,,,always,3,1,1,0,0,0,rbpg-7aae22b49a7d572c2348b241,rbpg-7aae22b49a7d572c2348b241,rbpg-exec-5d1bcb11ee7a4d89bf15f068dca853f2,450:train:d53_u6,eb6f6c9fca65b14291f12d22e9e01877,1,1,0,clean,0,ok,"{""service"": ""deterministic_policy_gated_stub"", ""status"": ""executed"", ""record_id"": ""train:d53_u6"", ""safety"": ""ok""}",0,0,0.0,0.0004000012268079445,0.00019999970390927047,0.009499999578110874,0.0032999996619764715,0.015899999198154546
451,451,train:d53_u7,,,,,,always,3,1,1,0,0,0,rbpg-7aae22b49a7d572c2348b241,rbpg-7aae22b49a7d572c2348b241,rbpg-exec-5d1bcb11ee7a4d89bf15f068dca853f2,451:train:d53_u7,5fa002943e95099e4b20e28d73a4d39c,1,1,0,clean,0,ok,"{""service"": ""deterministic_policy_gated_stub"", ""status"": ""executed"", ""record_id"": ""train:d53_u7"", ""safety"": ""ok""}",0,0,0.0,0.0004000012268079445,0.00019999970390927047,0.009700001101009548,0.0032999996619764715,0.016299998605973087
452,452,train:d53_u8,,,,,,always,3,1,1,0,0,0,rbpg-7aae22b49a7d572c2348b241,rbpg-7aae22b49a7d572c2348b241,rbpg-exec-5d1bcb11ee7a4d89bf15f068dca853f2,452:train:d53_u8,560ba79791853f7bfb9322461c1edf8c,1,1,0,clean,0,ok,"{""service"": ""deterministic_policy_gated_stub"", ""status"": ""executed"", ""record_id"": ""train:d53_u8"", ""safety"": ""ok""}",0,0,0.0,0.0004000012268079445,0.00019999970390927047,0.009599998520570807,0.0032999996619764715,0.016099998902063817
453,453,train:d54_u1,,,,,,always,3,1,1,0,0,0,rbpg-7aae22b49a7d572c2348b241,rbpg-7aae22b49a7d572c2348b241,rbpg-exec-5d1bcb11ee7a4d89bf15f068dca853f2,453:train:d54_u1,d35d6c4ecbbbc4a8c6a5011361b117aa,1,1,0,clean,0,ok,"{""service"": ""deterministic_policy_gated_stub"", ""status"": ""executed"", ""record_id"": ""train:d54_u1"", ""safety"": ""ok""}",0,0,0.0,0.00039999940781854093,9.999894245993346e-05,0.00960000033956021,0.0034000004234258085,0.016099998902063817
454,454,train:d54_u2,,,,,,always,3,1,1,0,0,0,rbpg-7aae22b49a7d572c2348b241,rbpg-7aae22b49a7d572c2348b241,rbpg-exec-5d1bcb11ee7a4d89bf15f068dca853f2,454:train:d54_u2,ccf13276142b7c368c85729c475efc77,1,1,0,clean,0,ok,"{""service"": ""deterministic_policy_gated_stub"", ""status"": ""executed"", ""record_id"": ""train:d54_u2"", ""safety"": ""ok""}",0,0,0.0,0.00039999940781854093,0.00019999970390927047,0.009500001397100277,0.0031999989005271345,0.015800000255694613
455,455,train:d54_u5,,,,,,always,3,1,1,0,0,0,rbpg-7aae22b49a7d572c2348b241,rbpg-7aae22b49a7d572c2348b241,rbpg-exec-5d1bcb11ee7a4d89bf15f068dca853f2,455:train:d54_u5,a6465cf5ec27322e596d2dce1ec266ce,1,1,0,clean,0,ok,"{""service"": ""deterministic_policy_gated_stub"", ""status"": ""executed"", ""record_id"": ""train:d54_u5"", ""safety"": ""ok""}",0,0,0.0,0.0005000001692678779,0.00019999970390927047,0.011599999197642319,0.0034000004234258085,0.018400000044493936
456,456,train:d54_u6,,,,,,always,3,1,1,0,0,0,rbpg-7aae22b49a7d572c2348b241,rbpg-7aae22b49a7d572c2348b241,rbpg-exec-5d1bcb11ee7a4d89bf15f068dca853f2,456:train:d54_u6,f65650ec9b068aef06a21b6e52af2198,1,1,0,clean,0,ok,"{""service"": ""deterministic_policy_gated_stub"", ""status"": ""executed"", ""record_id"": ""train:d54_u6"", ""safety"": ""ok""}",0,0,0.0,0.0004000012268079445,0.00019999970390927047,0.009800000043469481,0.003200000719516538,0.016099998902063817
457,457,train:d54_u7,,,,,,always,3,1,1,0,0,0,rbpg-7aae22b49a7d572c2348b241,rbpg-7aae22b49a7d572c2348b241,rbpg-exec-5d1bcb11ee7a4d89bf15f068dca853f2,457:train:d54_u7,701a6268a9188100d9983594d2740a51,1,1,0,clean,0,ok,"{""service"": ""deterministic_policy_gated_stub"", ""status"": ""executed"", ""record_id"": ""train:d54_u7"", ""safety"": ""ok""}",0,0,0.0,0.00039999940781854093,0.00019999970390927047,0.00960000033956021,0.0032999996619764715,0.015899999198154546
458,458,train:d54_u8,,,,,,always,3,1,1,0,0,0,rbpg-7aae22b49a7d572c2348b241,rbpg-7aae22b49a7d572c2348b241,rbpg-exec-5d1bcb11ee7a4d89bf15f068dca853f2,458:train:d54_u8,c526796c6824950c73fd9644e8664b40,1,1,0,clean,0,ok,"{""service"": ""deterministic_policy_gated_stub"", ""status"": ""executed"", ""record_id"": ""train:d54_u8"", ""safety"": ""ok""}",0,0,0.0,0.0004000012268079445,0.00019999970390927047,0.009399998816661537,0.003200000719516538,0.015600000551785342
459,459,train:d54_u9,,,,,,always,3,1,1,0,0,0,rbpg-7aae22b49a7d572c2348b241,rbpg-7aae22b49a7d572c2348b241,rbpg-exec-5d1bcb11ee7a4d89bf15f068dca853f2,459:train:d54_u9,0674c0cee2783511f802802d7a04b78a,1,1,0,clean,0,ok,"{""service"": ""deterministic_policy_gated_stub"", ""status"": ""executed"", ""record_id"": ""train:d54_u9"", ""safety"": ""ok""}",0,0,0.0,0.0004000012268079445,0.00019999970390927047,0.00960000033956021,0.003200000719516538,0.015899999198154546
460,460,train:d54_u10,,,,,,always,3,1,1,0,0,0,rbpg-7aae22b49a7d572c2348b241,rbpg-7aae22b49a7d572c2348b241,rbpg-exec-5d1bcb11ee7a4d89bf15f068dca853f2,460:train:d54_u10,0bbcb652ce0cbacac3a31bc44e658fca,1,1,0,clean,0,ok,"{""service"": ""deterministic_policy_gated_stub"", ""status"": ""executed"", ""record_id"": ""train:d54_u10"", ""safety"": ""ok""}",0,0,0.0,0.00039999940781854093,0.000200001522898674,0.009699999282020144,0.003200000719516538,0.015999999959603883
461,461,train:d54_u11,,,,,,always,3,1,1,0,0,0,rbpg-7aae22b49a7d572c2348b241,rbpg-7aae22b49a7d572c2348b241,rbpg-exec-5d1bcb11ee7a4d89bf15f068dca853f2,461:train:d54_u11,a747796e2290d7606aac09c76d35cf00,1,1,0,clean,0,ok,"{""service"": ""deterministic_policy_gated_stub"", ""status"": ""executed"", ""record_id"": ""train:d54_u11"", ""safety"": ""ok""}",0,0,0.0,0.0004000012268079445,0.00019999970390927047,0.00960000033956021,0.0032999996619764715,0.015999999959603883
462,462,train:d54_u14,,,,,,always,3,1,1,0,0,0,rbpg-7aae22b49a7d572c2348b241,rbpg-7aae22b49a7d572c2348b241,rbpg-exec-5d1bcb11ee7a4d89bf15f068dca853f2,462:train:d54_u14,dbe3d8299584b9e56df7984ed4d1d33a,1,1,0,clean,0,ok,"{""service"": ""deterministic_policy_gated_stub"", ""status"": ""executed"", ""record_id"": ""train:d54_u14"", ""safety"": ""ok""}",0,0,0.0,0.00039999940781854093,0.00019999970390927047,0.009700001101009548,0.003200000719516538,0.015899999198154546
463,463,train:d54_u15,,,,,,always,3,1,1,0,0,0,rbpg-7aae22b49a7d572c2348b241,rbpg-7aae22b49a7d572c2348b241,rbpg-exec-5d1bcb11ee7a4d89bf15f068dca853f2,463:train:d54_u15,9ce947e0ddff94671842441ceefe46b4,1,1,0,clean,0,ok,"{""service"": ""deterministic_policy_gated_stub"", ""status"": ""executed"", ""record_id"": ""train:d54_u15"", ""safety"": ""ok""}",0,0,0.0,0.00039999940781854093,0.00019999970390927047,0.009499999578110874,0.0032999996619764715,0.015999999959603883
464,464,train:d54_u16,,,,,,always,3,1,1,0,0,0,rbpg-7aae22b49a7d572c2348b241,rbpg-7aae22b49a7d572c2348b241,rbpg-exec-5d1bcb11ee7a4d89bf15f068dca853f2,464:train:d54_u16,2bde400ab88c3c8329ee7f28d913b1eb,1,1,0,clean,0,ok,"{""service"": ""deterministic_policy_gated_stub"", ""status"": ""executed"", ""record_id"": ""train:d54_u16"", ""safety"": ""ok""}",0,0,0.0,0.0004000012268079445,0.00019999970390927047,0.009499999578110874,0.003200000719516538,0.015899999198154546
465,465,train:d54_u17,,,,,,always,3,1,1,0,0,0,rbpg-7aae22b49a7d572c2348b241,rbpg-7aae22b49a7d572c2348b241,rbpg-exec-5d1bcb11ee7a4d89bf15f068dca853f2,465:train:d54_u17,43d2d67ba046865849aabb7f058842e2,1,1,0,clean,0,ok,"{""service"": ""deterministic_policy_gated_stub"", ""status"": ""executed"", ""record_id"": ""train:d54_u17"", ""safety"": ""ok""}",0,0,0.0,0.00039999940781854093,0.00019999970390927047,0.009699999282020144,0.003300001480965875,0.015999999959603883
466,466,train:d54_u18,,,,,,always,3,1,1,0,0,0,rbpg-7aae22b49a7d572c2348b241,rbpg-7aae22b49a7d572c2348b241,rbpg-exec-5d1bcb11ee7a4d89bf15f068dca853f2,466:train:d54_u18,d4e9f7b035d4c6fb3a48afd017a11fe1,1,1,0,clean,0,ok,"{""service"": ""deterministic_policy_gated_stub"", ""status"": ""executed"", ""record_id"": ""train:d54_u18"", ""safety"": ""ok""}",0,0,0.0,0.00039999940781854093,0.000200001522898674,0.009399998816661537,0.0032999996619764715,0.01570000131323468
467,467,train:d54_u19,,,,,,always,3,1,1,0,0,0,rbpg-7aae22b49a7d572c2348b241,rbpg-7aae22b49a7d572c2348b241,rbpg-exec-5d1bcb11ee7a4d89bf15f068dca853f2,467:train:d54_u19,9bb2b8f7ca8082df506cdf472c459198,1,1,0,clean,0,ok,"{""service"": ""deterministic_policy_gated_stub"", ""status"": ""executed"", ""record_id"": ""train:d54_u19"", ""safety"": ""ok""}",0,0,0.0,0.00039999940781854093,0.00019999970390927047,0.00960000033956021,0.0031999989005271345,0.015699999494245276
468,468,train:d54_u20,,,,,,always,3,1,1,0,0,0,rbpg-7aae22b49a7d572c2348b241,rbpg-7aae22b49a7d572c2348b241,rbpg-exec-5d1bcb11ee7a4d89bf15f068dca853f2,468:train:d54_u20,9f90662a1d885e9092847edd74a5d4cd,1,1,0,clean,0,ok,"{""service"": ""deterministic_policy_gated_stub"", ""status"": ""executed"", ""record_id"": ""train:d54_u20"", ""safety"": ""ok""}",0,0,0.0,0.0004000012268079445,0.00019999970390927047,0.009700001101009548,0.0032999996619764715,0.01590000101714395
469,469,train:d54_u21,,,,,,always,3,1,1,0,0,0,rbpg-7aae22b49a7d572c2348b241,rbpg-7aae22b49a7d572c2348b241,rbpg-exec-5d1bcb11ee7a4d89bf15f068dca853f2,469:train:d54_u21,9fffe26e1d9ecaffdf6bdd68bc78fbac,1,1,0,clean,0,ok,"{""service"": ""deterministic_policy_gated_stub"", ""status"": ""executed"", ""record_id"": ""train:d54_u21"", ""safety"": ""ok""}",0,0,0.0,0.0004000012268079445,0.00019999970390927047,0.009499999578110874,0.003099999958067201,0.015699999494245276
470,470,train:d54_u22,,,,,,always,3,1,1,0,0,0,rbpg-7aae22b49a7d572c2348b241,rbpg-7aae22b49a7d572c2348b241,rbpg-exec-5d1bcb11ee7a4d89bf15f068dca853f2,470:train:d54_u22,625f8fc272c054a2911af4b0bc043aa1,1,1,0,clean,0,ok,"{""service"": ""deterministic_policy_gated_stub"", ""status"": ""executed"", ""record_id"": ""train:d54_u22"", ""safety"": ""ok""}",0,0,0.0,0.0004000012268079445,0.00019999970390927047,0.00960000033956021,0.003200000719516538,0.01579999843670521
471,471,train:d54_u23,,,,,,always,3,1,1,0,0,0,rbpg-7aae22b49a7d572c2348b241,rbpg-7aae22b49a7d572c2348b241,rbpg-exec-5d1bcb11ee7a4d89bf15f068dca853f2,471:train:d54_u23,92d388b2ca613f5ca92c59b0fcde1d8e,1,1,0,clean,0,ok,"{""service"": ""deterministic_policy_gated_stub"", ""status"": ""executed"", ""record_id"": ""train:d54_u23"", ""safety"": ""ok""}",0,0,0.0,0.00039999940781854093,0.000200001522898674,0.009299999874201603,0.0031999989005271345,0.015600000551785342
472,472,train:d55_u0,,,,,,always,3,1,1,0,0,0,rbpg-7aae22b49a7d572c2348b241,rbpg-7aae22b49a7d572c2348b241,rbpg-exec-5d1bcb11ee7a4d89bf15f068dca853f2,472:train:d55_u0,0e8103511d31c7991c07aac6d5e400fd,1,1,0,clean,0,ok,"{""service"": ""deterministic_policy_gated_stub"", ""status"": ""executed"", ""record_id"": ""train:d55_u0"", ""safety"": ""ok""}",0,0,0.0,0.0004000012268079445,0.00019999970390927047,0.009399998816661537,0.0032999996619764715,0.01579999843670521
473,473,train:d55_u1,,,,,,always,3,1,1,0,0,0,rbpg-7aae22b49a7d572c2348b241,rbpg-7aae22b49a7d572c2348b241,rbpg-exec-5d1bcb11ee7a4d89bf15f068dca853f2,473:train:d55_u1,cf99ce935c376379d49231b24fb85a1e,1,1,0,clean,0,ok,"{""service"": ""deterministic_policy_gated_stub"", ""status"": ""executed"", ""record_id"": ""train:d55_u1"", ""safety"": ""ok""}",0,0,0.0,0.00039999940781854093,0.000200001522898674,0.009399998816661537,0.003099999958067201,0.01570000131323468
474,474,train:d55_u2,,,,,,always,3,1,1,0,0,0,rbpg-7aae22b49a7d572c2348b241,rbpg-7aae22b49a7d572c2348b241,rbpg-exec-5d1bcb11ee7a4d89bf15f068dca853f2,474:train:d55_u2,40499f95e654c5504eb4185d008f2274,1,1,0,clean,0,ok,"{""service"": ""deterministic_policy_gated_stub"", ""status"": ""executed"", ""record_id"": ""train:d55_u2"", ""safety"": ""ok""}",0,0,0.0,0.0004000012268079445,0.00019999970390927047,0.00960000033956021,0.003200000719516538,0.015800000255694613
475,475,train:d55_u4,,,,,,always,3,1,1,0,0,0,rbpg-7aae22b49a7d572c2348b241,rbpg-7aae22b49a7d572c2348b241,rbpg-exec-5d1bcb11ee7a4d89bf15f068dca853f2,475:train:d55_u4,606f607c8a01f410542c12e359a81ed2,1,1,0,clean,0,ok,"{""service"": ""deterministic_policy_gated_stub"", ""status"": ""executed"", ""record_id"": ""train:d55_u4"", ""safety"": ""ok""}",0,0,0.0,0.00039999940781854093,0.00019999970390927047,0.009500001397100277,0.0031999989005271345,0.015800000255694613
476,476,train:d55_u5,,,,,,always,3,1,1,0,0,0,rbpg-7aae22b49a7d572c2348b241,rbpg-7aae22b49a7d572c2348b241,rbpg-exec-5d1bcb11ee7a4d89bf15f068dca853f2,476:train:d55_u5,e4c3744cf52a61088c6160c34dea37ef,1,1,0,clean,0,ok,"{""service"": ""deterministic_policy_gated_stub"", ""status"": ""executed"", ""record_id"": ""train:d55_u5"", ""safety"": ""ok""}",0,0,0.0,0.00039999940781854093,0.00019999970390927047,0.009500001397100277,0.0032999996619764715,0.015800000255694613
477,477,train:d55_u7,,,,,,always,3,1,1,0,0,0,rbpg-7aae22b49a7d572c2348b241,rbpg-7aae22b49a7d572c2348b241,rbpg-exec-5d1bcb11ee7a4d89bf15f068dca853f2,477:train:d55_u7,8578ba20d2e852d0a3b2c20106672158,1,1,0,clean,0,ok,"{""service"": ""deterministic_policy_gated_stub"", ""status"": ""executed"", ""record_id"": ""train:d55_u7"", ""safety"": ""ok""}",0,0,0.0,0.00039999940781854093,0.00019999970390927047,0.00960000033956021,0.0031999989005271345,0.015899999198154546
478,478,train:d55_u8,,,,,,always,3,1,1,0,0,0,rbpg-7aae22b49a7d572c2348b241,rbpg-7aae22b49a7d572c2348b241,rbpg-exec-5d1bcb11ee7a4d89bf15f068dca853f2,478:train:d55_u8,0bbed34bc4adfaeaeec0fd8d19538ff3,1,1,0,clean,0,ok,"{""service"": ""deterministic_policy_gated_stub"", ""status"": ""executed"", ""record_id"": ""train:d55_u8"", ""safety"": ""ok""}",0,0,0.0,0.00039999940781854093,0.00019999970390927047,0.00960000033956021,0.0032999996619764715,0.015899999198154546
479,479,train:d55_u9,,,,,,always,3,1,1,0,0,0,rbpg-7aae22b49a7d572c2348b241,rbpg-7aae22b49a7d572c2348b241,rbpg-exec-5d1bcb11ee7a4d89bf15f068dca853f2,479:train:d55_u9,32f2ca8073045bf1d4f45c664ad5a1a9,1,1,0,clean,0,ok,"{""service"": ""deterministic_policy_gated_stub"", ""status"": ""executed"", ""record_id"": ""train:d55_u9"", ""safety"": ""ok""}",0,0,0.0,0.00039999940781854093,0.00019999970390927047,0.00960000033956021,0.0031999989005271345,0.015800000255694613
480,480,train:d55_u10,,,,,,always,3,1,1,0,0,0,rbpg-7aae22b49a7d572c2348b241,rbpg-7aae22b49a7d572c2348b241,rbpg-exec-5d1bcb11ee7a4d89bf15f068dca853f2,480:train:d55_u10,53bda9f05c3f8b660bdc8a0933ff3ebb,1,1,0,clean,0,ok,"{""service"": ""deterministic_policy_gated_stub"", ""status"": ""executed"", ""record_id"": ""train:d55_u10"", ""safety"": ""ok""}",0,0,0.0,0.0004000012268079445,0.000200001522898674,0.00960000033956021,0.003099999958067201,0.01590000101714395
481,481,train:d55_u11,,,,,,always,3,1,1,0,0,0,rbpg-7aae22b49a7d572c2348b241,rbpg-7aae22b49a7d572c2348b241,rbpg-exec-5d1bcb11ee7a4d89bf15f068dca853f2,481:train:d55_u11,b9d627c1760453c2fbb36a7d4bf6d864,1,1,0,clean,0,ok,"{""service"": ""deterministic_policy_gated_stub"", ""status"": ""executed"", ""record_id"": ""train:d55_u11"", ""safety"": ""ok""}",0,0,0.0,0.00039999940781854093,0.00019999970390927047,0.009700001101009548,0.003200000719516538,0.015999999959603883
482,482,train:d55_u12,,,,,,always,3,1,1,0,0,0,rbpg-7aae22b49a7d572c2348b241,rbpg-7aae22b49a7d572c2348b241,rbpg-exec-5d1bcb11ee7a4d89bf15f068dca853f2,482:train:d55_u12,9c4f55173dfc2ba481ee60d2921ed9a3,1,1,0,clean,0,ok,"{""service"": ""deterministic_policy_gated_stub"", ""status"": ""executed"", ""record_id"": ""train:d55_u12"", ""safety"": ""ok""}",0,0,0.0,0.00039999940781854093,0.00019999970390927047,0.009700001101009548,0.0032999996619764715,0.01610000072105322
483,483,train:d55_u13,,,,,,always,3,1,1,0,0,0,rbpg-7aae22b49a7d572c2348b241,rbpg-7aae22b49a7d572c2348b241,rbpg-exec-5d1bcb11ee7a4d89bf15f068dca853f2,483:train:d55_u13,e863bd5f7fc2c8bd5558377737d27099,1,1,0,clean,0,ok,"{""service"": ""deterministic_policy_gated_stub"", ""status"": ""executed"", ""record_id"": ""train:d55_u13"", ""safety"": ""ok""}",0,0,0.0,0.0004000012268079445,0.00019999970390927047,0.00960000033956021,0.003300001480965875,0.015899999198154546
484,484,train:d55_u14,,,,,,always,3,1,1,0,0,0,rbpg-7aae22b49a7d572c2348b241,rbpg-7aae22b49a7d572c2348b241,rbpg-exec-5d1bcb11ee7a4d89bf15f068dca853f2,484:train:d55_u14,36b138ff10d4fde59a387990ecf10ac6,1,1,0,clean,0,ok,"{""service"": ""deterministic_policy_gated_stub"", ""status"": ""executed"", ""record_id"": ""train:d55_u14"", ""safety"": ""ok""}",0,0,0.0,0.00039999940781854093,0.000200001522898674,0.009999999747378752,0.003200000719516538,0.016200001482502557
485,485,train:d55_u15,,,,,,always,3,1,1,0,0,0,rbpg-7aae22b49a7d572c2348b241,rbpg-7aae22b49a7d572c2348b241,rbpg-exec-5d1bcb11ee7a4d89bf15f068dca853f2,485:train:d55_u15,d9b668ce1728fa6c7a5d5bb49ad88be1,1,1,0,clean,0,ok,"{""service"": ""deterministic_policy_gated_stub"", ""status"": ""executed"", ""record_id"": ""train:d55_u15"", ""safety"": ""ok""}",0,0,0.0,0.00039999940781854093,0.00019999970390927047,0.009700001101009548,0.003099999958067201,0.015800000255694613
486,486,train:d55_u16,,,,,,always,3,1,1,0,0,0,rbpg-7aae22b49a7d572c2348b241,rbpg-7aae22b49a7d572c2348b241,rbpg-exec-5d1bcb11ee7a4d89bf15f068dca853f2,486:train:d55_u16,3e41db142cd90f90794757d378cc27e4,1,1,0,clean,0,ok,"{""service"": ""deterministic_policy_gated_stub"", ""status"": ""executed"", ""record_id"": ""train:d55_u16"", ""safety"": ""ok""}",0,0,0.0,0.00039999940781854093,0.00019999970390927047,0.009700001101009548,0.003200000719516538,0.01610000072105322
487,487,train:d56_u1,,,,,,always,3,1,1,0,0,0,rbpg-7aae22b49a7d572c2348b241,rbpg-7aae22b49a7d572c2348b241,rbpg-exec-5d1bcb11ee7a4d89bf15f068dca853f2,487:train:d56_u1,3d131ba3cab5e88849025c1c72d6e65e,1,1,0,clean,0,ok,"{""service"": ""deterministic_policy_gated_stub"", ""status"": ""executed"", ""record_id"": ""train:d56_u1"", ""safety"": ""ok""}",0,0,0.0,0.0004000012268079445,0.00019999970390927047,0.009700001101009548,0.0032999996619764715,0.01610000072105322
488,488,train:d56_u3,,,,,,always,3,1,1,0,0,0,rbpg-7aae22b49a7d572c2348b241,rbpg-7aae22b49a7d572c2348b241,rbpg-exec-5d1bcb11ee7a4d89bf15f068dca853f2,488:train:d56_u3,e27b40c6cb390f81bcdcc70b2b9f3366,1,1,0,clean,0,ok,"{""service"": ""deterministic_policy_gated_stub"", ""status"": ""executed"", ""record_id"": ""train:d56_u3"", ""safety"": ""ok""}",0,0,0.0,0.00039999940781854093,0.00019999970390927047,0.00960000033956021,0.003200000719516538,0.015999999959603883
489,489,train:d56_u4,,,,,,always,3,1,1,0,0,0,rbpg-7aae22b49a7d572c2348b241,rbpg-7aae22b49a7d572c2348b241,rbpg-exec-5d1bcb11ee7a4d89bf15f068dca853f2,489:train:d56_u4,4e91e3050d1b4f66892a370e195ccd59,1,1,0,clean,0,ok,"{""service"": ""deterministic_policy_gated_stub"", ""status"": ""executed"", ""record_id"": ""train:d56_u4"", ""safety"": ""ok""}",0,0,0.0,0.00039999940781854093,0.00019999970390927047,0.00960000033956021,0.0031999989005271345,0.01590000101714395
490,490,train:d56_u5,,,,,,always,3,1,1,0,0,0,rbpg-7aae22b49a7d572c2348b241,rbpg-7aae22b49a7d572c2348b241,rbpg-exec-5d1bcb11ee7a4d89bf15f068dca853f2,490:train:d56_u5,7fc770a3bf63bc2b589b246629bd3174,1,1,0,clean,0,ok,"{""service"": ""deterministic_policy_gated_stub"", ""status"": ""executed"", ""record_id"": ""train:d56_u5"", ""safety"": ""ok""}",0,0,0.0,0.00039999940781854093,0.00019999970390927047,0.00960000033956021,0.0032999996619764715,0.01610000072105322
491,491,train:d56_u6,,,,,,always,3,1,1,0,0,0,rbpg-7aae22b49a7d572c2348b241,rbpg-7aae22b49a7d572c2348b241,rbpg-exec-5d1bcb11ee7a4d89bf15f068dca853f2,491:train:d56_u6,b0203f51287e4abaa37ef54e9652b6d0,1,1,0,clean,0,ok,"{""service"": ""deterministic_policy_gated_stub"", ""status"": ""executed"", ""record_id"": ""train:d56_u6"", ""safety"": ""ok""}",0,0,0.0,0.00039999940781854093,0.00019999970390927047,0.00960000033956021,0.0032999996619764715,0.01610000072105322
492,492,train:d57_u1,,,,,,always,3,1,1,0,0,0,rbpg-7aae22b49a7d572c2348b241,rbpg-7aae22b49a7d572c2348b241,rbpg-exec-5d1bcb11ee7a4d89bf15f068dca853f2,492:train:d57_u1,402de6410e862d47350112a80cbc7ed0,1,1,0,clean,0,ok,"{""service"": ""deterministic_policy_gated_stub"", ""status"": ""executed"", ""record_id"": ""train:d57_u1"", ""safety"": ""ok""}",0,0,0.0,0.00030000046535860747,0.00019999970390927047,0.00960000033956021,0.0031999989005271345,0.015800000255694613
493,493,train:d58_u0,,,,,,always,3,1,1,0,0,0,rbpg-7aae22b49a7d572c2348b241,rbpg-7aae22b49a7d572c2348b241,rbpg-exec-5d1bcb11ee7a4d89bf15f068dca853f2,493:train:d58_u0,f1aa5281e7445ea2bba333ea7b04d950,1,1,0,clean,0,ok,"{""service"": ""deterministic_policy_gated_stub"", ""status"": ""executed"", ""record_id"": ""train:d58_u0"", ""safety"": ""ok""}",0,0,0.0,0.00039999940781854093,0.00019999970390927047,0.00960000033956021,0.0031999989005271345,0.015899999198154546
494,494,train:d58_u1,,,,,,always,3,1,1,0,0,0,rbpg-7aae22b49a7d572c2348b241,rbpg-7aae22b49a7d572c2348b241,rbpg-exec-5d1bcb11ee7a4d89bf15f068dca853f2,494:train:d58_u1,79276da4900d47099cb89a94f0e5aee4,1,1,0,clean,0,ok,"{""service"": ""deterministic_policy_gated_stub"", ""status"": ""executed"", ""record_id"": ""train:d58_u1"", ""safety"": ""ok""}",0,0,0.0,0.00030000046535860747,0.00019999970390927047,0.009499999578110874,0.003099999958067201,0.015699999494245276
495,495,train:d58_u3,,,,,,always,3,1,1,0,0,0,rbpg-7aae22b49a7d572c2348b241,rbpg-7aae22b49a7d572c2348b241,rbpg-exec-5d1bcb11ee7a4d89bf15f068dca853f2,495:train:d58_u3,43e32f76a35603e32707e82212687891,1,1,0,clean,0,ok,"{""service"": ""deterministic_policy_gated_stub"", ""status"": ""executed"", ""record_id"": ""train:d58_u3"", ""safety"": ""ok""}",0,0,0.0,0.0004000012268079445,0.000200001522898674,0.009699999282020144,0.0032999996619764715,0.016199999663513154
496,496,train:d58_u4,,,,,,always,3,1,1,0,0,0,rbpg-7aae22b49a7d572c2348b241,rbpg-7aae22b49a7d572c2348b241,rbpg-exec-5d1bcb11ee7a4d89bf15f068dca853f2,496:train:d58_u4,4efb769ef186016789a5e0210407647a,1,1,0,clean,0,ok,"{""service"": ""deterministic_policy_gated_stub"", ""status"": ""executed"", ""record_id"": ""train:d58_u4"", ""safety"": ""ok""}",0,0,0.0,0.0004000012268079445,0.00019999970390927047,0.009700001101009548,0.003200000719516538,0.01610000072105322
497,497,train:d58_u6,,,,,,always,3,1,1,0,0,0,rbpg-7aae22b49a7d572c2348b241,rbpg-7aae22b49a7d572c2348b241,rbpg-exec-5d1bcb11ee7a4d89bf15f068dca853f2,497:train:d58_u6,aa7ad2d99dec152cd6ee3ef5f771995f,1,1,0,clean,0,ok,"{""service"": ""deterministic_policy_gated_stub"", ""status"": ""executed"", ""record_id"": ""train:d58_u6"", ""safety"": ""ok""}",0,0,0.0,0.00039999940781854093,0.00019999970390927047,0.00960000033956021,0.003200000719516538,0.015999999959603883
498,498,train:d58_u7,,,,,,always,3,1,1,0,0,0,rbpg-7aae22b49a7d572c2348b241,rbpg-7aae22b49a7d572c2348b241,rbpg-exec-5d1bcb11ee7a4d89bf15f068dca853f2,498:train:d58_u7,9d915096d228b181211356e4e5fc74f7,1,1,0,clean,0,ok,"{""service"": ""deterministic_policy_gated_stub"", ""status"": ""executed"", ""record_id"": ""train:d58_u7"", ""safety"": ""ok""}",0,0,0.0,0.00039999940781854093,0.00030000046535860747,0.009700001101009548,0.0032999996619764715,0.01610000072105322
499,499,train:d58_u8,,,,,,always,3,1,1,0,0,0,rbpg-7aae22b49a7d572c2348b241,rbpg-7aae22b49a7d572c2348b241,rbpg-exec-5d1bcb11ee7a4d89bf15f068dca853f2,499:train:d58_u8,b626e449b72a45eb49f3301ef626c49a,1,1,0,clean,0,ok,"{""service"": ""deterministic_policy_gated_stub"", ""status"": ""executed"", ""record_id"": ""train:d58_u8"", ""safety"": ""ok""}",0,0,0.0,0.00039999940781854093,0.00019999970390927047,0.00940000063565094,0.003300001480965875,0.015699999494245276
500,500,train:d58_u9,,,,,,always,3,1,1,0,0,0,rbpg-7aae22b49a7d572c2348b241,rbpg-7aae22b49a7d572c2348b241,rbpg-exec-5d1bcb11ee7a4d89bf15f068dca853f2,500:train:d58_u9,55d7c1309a204c7a758fb9b91183e7f9,1,1,0,clean,0,ok,"{""service"": ""deterministic_policy_gated_stub"", ""status"": ""executed"", ""record_id"": ""train:d58_u9"", ""safety"": ""ok""}",0,0,0.0,0.00039999940781854093,0.00019999970390927047,0.00960000033956021,0.0032999996619764715,0.01590000101714395
501,501,train:d59_u0,,,,,,always,3,1,1,0,0,0,rbpg-7aae22b49a7d572c2348b241,rbpg-7aae22b49a7d572c2348b241,rbpg-exec-5d1bcb11ee7a4d89bf15f068dca853f2,501:train:d59_u0,7fcf0edfae6b3dee2692bbeb75c0a183,1,1,0,clean,0,ok,"{""service"": ""deterministic_policy_gated_stub"", ""status"": ""executed"", ""record_id"": ""train:d59_u0"", ""safety"": ""ok""}",0,0,0.0,0.00039999940781854093,0.00019999970390927047,0.009900000804918818,0.0032999996619764715,0.016199999663513154
502,502,train:d59_u1,,,,,,always,3,1,1,0,0,0,rbpg-7aae22b49a7d572c2348b241,rbpg-7aae22b49a7d572c2348b241,rbpg-exec-5d1bcb11ee7a4d89bf15f068dca853f2,502:train:d59_u1,eb98e52cb19568061a8e2fa3b677a6ff,1,1,0,clean,0,ok,"{""service"": ""deterministic_policy_gated_stub"", ""status"": ""executed"", ""record_id"": ""train:d59_u1"", ""safety"": ""ok""}",0,0,0.0,0.0004000012268079445,0.00019999970390927047,0.009899998985929415,0.0034000004234258085,0.01630000042496249
503,503,train:d59_u2,,,,,,always,3,1,1,0,0,0,rbpg-7aae22b49a7d572c2348b241,rbpg-7aae22b49a7d572c2348b241,rbpg-exec-5d1bcb11ee7a4d89bf15f068dca853f2,503:train:d59_u2,6dc64363f56820656a0868571b4aa20d,1,1,0,clean,0,ok,"{""service"": ""deterministic_policy_gated_stub"", ""status"": ""executed"", ""record_id"": ""train:d59_u2"", ""safety"": ""ok""}",0,0,0.0,0.0004000012268079445,0.00019999970390927047,0.009800000043469481,0.003200000719516538,0.01610000072105322
504,504,train:d59_u3,,,,,,always,3,1,1,0,0,0,rbpg-7aae22b49a7d572c2348b241,rbpg-7aae22b49a7d572c2348b241,rbpg-exec-5d1bcb11ee7a4d89bf15f068dca853f2,504:train:d59_u3,39fbf580cdcca169a3ab4483aae88cb3,1,1,0,clean,0,ok,"{""service"": ""deterministic_policy_gated_stub"", ""status"": ""executed"", ""record_id"": ""train:d59_u3"", ""safety"": ""ok""}",0,0,0.0,0.00039999940781854093,0.00019999970390927047,0.024400000256719068,0.003600000127335079,0.031100000342121348
505,505,train:d59_u4,,,,,,always,3,1,1,0,0,0,rbpg-7aae22b49a7d572c2348b241,rbpg-7aae22b49a7d572c2348b241,rbpg-exec-5d1bcb11ee7a4d89bf15f068dca853f2,505:train:d59_u4,667c70ff17cb68f440c428c9b84c7f09,1,1,0,clean,0,ok,"{""service"": ""deterministic_policy_gated_stub"", ""status"": ""executed"", ""record_id"": ""train:d59_u4"", ""safety"": ""ok""}",0,0,0.0,0.00039999940781854093,0.00019999970390927047,0.011399999493733048,0.0032999996619764715,0.017899999875226058
506,506,train:d59_u5,,,,,,always,3,1,1,0,0,0,rbpg-7aae22b49a7d572c2348b241,rbpg-7aae22b49a7d572c2348b241,rbpg-exec-5d1bcb11ee7a4d89bf15f068dca853f2,506:train:d59_u5,8afcc197977f5255842446da15674fb6,1,1,0,clean,0,ok,"{""service"": ""deterministic_policy_gated_stub"", ""status"": ""executed"", ""record_id"": ""train:d59_u5"", ""safety"": ""ok""}",0,0,0.0,0.00039999940781854093,0.00019999970390927047,0.009899998985929415,0.003399998604436405,0.01630000042496249
507,507,train:d59_u6,,,,,,always,3,1,1,0,0,0,rbpg-7aae22b49a7d572c2348b241,rbpg-7aae22b49a7d572c2348b241,rbpg-exec-5d1bcb11ee7a4d89bf15f068dca853f2,507:train:d59_u6,63468f492c64048f2cc47fc13a14585b,1,1,0,clean,0,ok,"{""service"": ""deterministic_policy_gated_stub"", ""status"": ""executed"", ""record_id"": ""train:d59_u6"", ""safety"": ""ok""}",0,0,0.0,0.00039999940781854093,0.00019999970390927047,0.00940000063565094,0.0031999989005271345,0.015800000255694613
508,508,train:d59_u7,,,,,,always,3,1,1,0,0,0,rbpg-7aae22b49a7d572c2348b241,rbpg-7aae22b49a7d572c2348b241,rbpg-exec-5d1bcb11ee7a4d89bf15f068dca853f2,508:train:d59_u7,33aed65d5f91dd97f6ad67d8cbfa4696,1,1,0,clean,0,ok,"{""service"": ""deterministic_policy_gated_stub"", ""status"": ""executed"", ""record_id"": ""train:d59_u7"", ""safety"": ""ok""}",0,0,0.0,0.00039999940781854093,0.00030000046535860747,0.00960000033956021,0.0032999996619764715,0.01610000072105322
509,509,train:d59_u8,,,,,,always,3,1,1,0,0,0,rbpg-7aae22b49a7d572c2348b241,rbpg-7aae22b49a7d572c2348b241,rbpg-exec-5d1bcb11ee7a4d89bf15f068dca853f2,509:train:d59_u8,b5966a5fbbdab6887e7e32f72ea27aaa,1,1,0,clean,0,ok,"{""service"": ""deterministic_policy_gated_stub"", ""status"": ""executed"", ""record_id"": ""train:d59_u8"", ""safety"": ""ok""}",0,0,0.0,0.00039999940781854093,0.00019999970390927047,0.009499999578110874,0.003399998604436405,0.01590000101714395
510,510,train:d59_u9,,,,,,always,3,1,1,0,0,0,rbpg-7aae22b49a7d572c2348b241,rbpg-7aae22b49a7d572c2348b241,rbpg-exec-5d1bcb11ee7a4d89bf15f068dca853f2,510:train:d59_u9,92cf271943facc606f89f65eb25d1fb9,1,1,0,clean,0,ok,"{""service"": ""deterministic_policy_gated_stub"", ""status"": ""executed"", ""record_id"": ""train:d59_u9"", ""safety"": ""ok""}",0,0,0.0,0.0004000012268079445,0.00019999970390927047,0.009500001397100277,0.003200000719516538,0.015800000255694613
511,511,train:d61_u0,,,,,,always,3,1,1,0,0,0,rbpg-7aae22b49a7d572c2348b241,rbpg-7aae22b49a7d572c2348b241,rbpg-exec-5d1bcb11ee7a4d89bf15f068dca853f2,511:train:d61_u0,35a89ea44168d58ca8c5187ac06217f9,1,1,0,clean,0,ok,"{""service"": ""deterministic_policy_gated_stub"", ""status"": ""executed"", ""record_id"": ""train:d61_u0"", ""safety"": ""ok""}",0,0,0.0,0.0005000001692678779,0.00019999970390927047,0.009499999578110874,0.003200000719516538,0.015800000255694613
512,512,train:d61_u1,,,,,,always,3,1,1,0,0,0,rbpg-7aae22b49a7d572c2348b241,rbpg-7aae22b49a7d572c2348b241,rbpg-exec-5d1bcb11ee7a4d89bf15f068dca853f2,512:train:d61_u1,94d09ebc9585e0ec772e7476964bf217,1,1,0,clean,0,ok,"{""service"": ""deterministic_policy_gated_stub"", ""status"": ""executed"", ""record_id"": ""train:d61_u1"", ""safety"": ""ok""}",0,0,0.0,0.00039999940781854093,0.00019999970390927047,0.010000001566368155,0.0032999996619764715,0.016400001186411828
513,513,train:d61_u2,,,,,,always,3,1,1,0,0,0,rbpg-7aae22b49a7d572c2348b241,rbpg-7aae22b49a7d572c2348b241,rbpg-exec-5d1bcb11ee7a4d89bf15f068dca853f2,513:train:d61_u2,bc13367a7c91dafff749597bf0730720,1,1,0,clean,0,ok,"{""service"": ""deterministic_policy_gated_stub"", ""status"": ""executed"", ""record_id"": ""train:d61_u2"", ""safety"": ""ok""}",0,0,0.0,0.0004000012268079445,0.00019999970390927047,0.00960000033956021,0.003200000719516538,0.015999999959603883
514,514,train:d61_u3,,,,,,always,3,1,1,0,0,0,rbpg-7aae22b49a7d572c2348b241,rbpg-7aae22b49a7d572c2348b241,rbpg-exec-5d1bcb11ee7a4d89bf15f068dca853f2,514:train:d61_u3,13008eaf20b7a6b52a4333bff23f97ba,1,1,0,clean,0,ok,"{""service"": ""deterministic_policy_gated_stub"", ""status"": ""executed"", ""record_id"": ""train:d61_u3"", ""safety"": ""ok""}",0,0,0.0,0.0005000001692678779,0.00019999970390927047,0.00960000033956021,0.003200000719516538,0.015999999959603883
515,515,train:d61_u4,,,,,,always,3,1,1,0,0,0,rbpg-7aae22b49a7d572c2348b241,rbpg-7aae22b49a7d572c2348b241,rbpg-exec-5d1bcb11ee7a4d89bf15f068dca853f2,515:train:d61_u4,8cede2698e2b47e1cdceee56982aacf1,1,1,0,clean,0,ok,"{""service"": ""deterministic_policy_gated_stub"", ""status"": ""executed"", ""record_id"": ""train:d61_u4"", ""safety"": ""ok""}",0,0,0.0,0.00039999940781854093,0.00019999970390927047,0.009499999578110874,0.0032999996619764715,0.015800000255694613
516,516,train:d61_u5,,,,,,always,3,1,1,0,0,0,rbpg-7aae22b49a7d572c2348b241,rbpg-7aae22b49a7d572c2348b241,rbpg-exec-5d1bcb11ee7a4d89bf15f068dca853f2,516:train:d61_u5,d628890f464ecaaa429854d972079726,1,1,0,clean,0,ok,"{""service"": ""deterministic_policy_gated_stub"", ""status"": ""executed"", ""record_id"": ""train:d61_u5"", ""safety"": ""ok""}",0,0,0.0,0.0004000012268079445,0.0002999986463692039,0.009799998224480078,0.003200000719516538,0.016199999663513154
517,517,train:d61_u6,,,,,,always,3,1,1,0,0,0,rbpg-7aae22b49a7d572c2348b241,rbpg-7aae22b49a7d572c2348b241,rbpg-exec-5d1bcb11ee7a4d89bf15f068dca853f2,517:train:d61_u6,f3a550d4286f328c0f7b739bdc2d9fc9,1,1,0,clean,0,ok,"{""service"": ""deterministic_policy_gated_stub"", ""status"": ""executed"", ""record_id"": ""train:d61_u6"", ""safety"": ""ok""}",0,0,0.0,0.0004000012268079445,0.00030000046535860747,0.009599998520570807,0.0031999989005271345,0.016099998902063817
518,518,train:d61_u7,,,,,,always,3,1,1,0,0,0,rbpg-7aae22b49a7d572c2348b241,rbpg-7aae22b49a7d572c2348b241,rbpg-exec-5d1bcb11ee7a4d89bf15f068dca853f2,518:train:d61_u7,582e75443fc83655bcc3b59724e13a66,1,1,0,clean,0,ok,"{""service"": ""deterministic_policy_gated_stub"", ""status"": ""executed"", ""record_id"": ""train:d61_u7"", ""safety"": ""ok""}",0,0,0.0,0.00039999940781854093,0.00019999970390927047,0.009499999578110874,0.0032999996619764715,0.015800000255694613
519,519,train:d61_u8,,,,,,always,3,1,1,0,0,0,rbpg-7aae22b49a7d572c2348b241,rbpg-7aae22b49a7d572c2348b241,rbpg-exec-5d1bcb11ee7a4d89bf15f068dca853f2,519:train:d61_u8,449ddf042cc3619050d3967dfd716657,1,1,0,clean,0,ok,"{""service"": ""deterministic_policy_gated_stub"", ""status"": ""executed"", ""record_id"": ""train:d61_u8"", ""safety"": ""ok""}",0,0,0.0,0.00039999940781854093,0.00019999970390927047,0.00940000063565094,0.003099999958067201,0.015599998732795939
520,520,train:d62_u0,,,,,,always,3,1,1,0,0,0,rbpg-7aae22b49a7d572c2348b241,rbpg-7aae22b49a7d572c2348b241,rbpg-exec-5d1bcb11ee7a4d89bf15f068dca853f2,520:train:d62_u0,47351ea22949b72a28f521b31797546b,1,1,0,clean,0,ok,"{""service"": ""deterministic_policy_gated_stub"", ""status"": ""executed"", ""record_id"": ""train:d62_u0"", ""safety"": ""ok""}",0,0,0.0,0.00039999940781854093,0.00019999970390927047,0.00960000033956021,0.003099999958067201,0.015999999959603883
521,521,train:d62_u1,,,,,,always,3,1,1,0,0,0,rbpg-7aae22b49a7d572c2348b241,rbpg-7aae22b49a7d572c2348b241,rbpg-exec-5d1bcb11ee7a4d89bf15f068dca853f2,521:train:d62_u1,236149814ed5b3181aba4c803d5c650c,1,1,0,clean,0,ok,"{""service"": ""deterministic_policy_gated_stub"", ""status"": ""executed"", ""record_id"": ""train:d62_u1"", ""safety"": ""ok""}",0,0,0.0,0.00039999940781854093,0.00019999970390927047,0.00940000063565094,0.003099999958067201,0.015699999494245276
522,522,train:d62_u2,,,,,,always,3,1,1,0,0,0,rbpg-7aae22b49a7d572c2348b241,rbpg-7aae22b49a7d572c2348b241,rbpg-exec-5d1bcb11ee7a4d89bf15f068dca853f2,522:train:d62_u2,bf12af834204331ba24d6f5dec0e11c8,1,1,0,clean,0,ok,"{""service"": ""deterministic_policy_gated_stub"", ""status"": ""executed"", ""record_id"": ""train:d62_u2"", ""safety"": ""ok""}",0,0,0.0,0.00039999940781854093,0.00019999970390927047,0.009199999112752266,0.003200000719516538,0.015600000551785342
523,523,train:d62_u3,,,,,,always,3,1,1,0,0,0,rbpg-7aae22b49a7d572c2348b241,rbpg-7aae22b49a7d572c2348b241,rbpg-exec-5d1bcb11ee7a4d89bf15f068dca853f2,523:train:d62_u3,d2235edf505139f105c4965ad254effe,1,1,0,clean,0,ok,"{""service"": ""deterministic_policy_gated_stub"", ""status"": ""executed"", ""record_id"": ""train:d62_u3"", ""safety"": ""ok""}",0,0,0.0,0.0004000012268079445,0.00019999970390927047,0.00960000033956021,0.0032999996619764715,0.015899999198154546
524,524,train:d62_u5,,,,,,always,3,1,1,0,0,0,rbpg-7aae22b49a7d572c2348b241,rbpg-7aae22b49a7d572c2348b241,rbpg-exec-5d1bcb11ee7a4d89bf15f068dca853f2,524:train:d62_u5,28f6d0ccc8b7bb4a8640b15bcf4d3bcb,1,1,0,clean,0,ok,"{""service"": ""deterministic_policy_gated_stub"", ""status"": ""executed"", ""record_id"": ""train:d62_u5"", ""safety"": ""ok""}",0,0,0.0,0.0004000012268079445,0.00019999970390927047,0.00960000033956021,0.003099999958067201,0.01570000131323468
525,525,train:d62_u6,,,,,,always,3,1,1,0,0,0,rbpg-7aae22b49a7d572c2348b241,rbpg-7aae22b49a7d572c2348b241,rbpg-exec-5d1bcb11ee7a4d89bf15f068dca853f2,525:train:d62_u6,e684aaa5d9de619a7523f49103d9227e,1,1,0,clean,0,ok,"{""service"": ""deterministic_policy_gated_stub"", ""status"": ""executed"", ""record_id"": ""train:d62_u6"", ""safety"": ""ok""}",0,0,0.0,0.00039999940781854093,0.000200001522898674,0.009499999578110874,0.003099999958067201,0.01570000131323468
526,526,train:d62_u7,,,,,,always,3,1,1,0,0,0,rbpg-7aae22b49a7d572c2348b241,rbpg-7aae22b49a7d572c2348b241,rbpg-exec-5d1bcb11ee7a4d89bf15f068dca853f2,526:train:d62_u7,f3b8d90f92f40e4e543513e3f0300831,1,1,0,clean,0,ok,"{""service"": ""deterministic_policy_gated_stub"", ""status"": ""executed"", ""record_id"": ""train:d62_u7"", ""safety"": ""ok""}",0,0,0.0,0.00039999940781854093,0.00019999970390927047,0.009499999578110874,0.003200000719516538,0.015699999494245276
527,527,train:d62_u8,,,,,,always,3,1,1,0,0,0,rbpg-7aae22b49a7d572c2348b241,rbpg-7aae22b49a7d572c2348b241,rbpg-exec-5d1bcb11ee7a4d89bf15f068dca853f2,527:train:d62_u8,0aded6243018de91a318c1c40e278026,1,1,0,clean,0,ok,"{""service"": ""deterministic_policy_gated_stub"", ""status"": ""executed"", ""record_id"": ""train:d62_u8"", ""safety"": ""ok""}",0,0,0.0,0.00039999940781854093,0.00019999970390927047,0.00960000033956021,0.003300001480965875,0.015999999959603883
528,528,train:d62_u11,,,,,,always,3,1,1,0,0,0,rbpg-7aae22b49a7d572c2348b241,rbpg-7aae22b49a7d572c2348b241,rbpg-exec-5d1bcb11ee7a4d89bf15f068dca853f2,528:train:d62_u11,18dcf78f45d43cf81b2badd86e9b4416,1,1,0,clean,0,ok,"{""service"": ""deterministic_policy_gated_stub"", ""status"": ""executed"", ""record_id"": ""train:d62_u11"", ""safety"": ""ok""}",0,0,0.0,0.0004000012268079445,0.00019999970390927047,0.00960000033956021,0.003200000719516538,0.015699999494245276
529,529,train:d63_u0,,,,,,always,3,1,1,0,0,0,rbpg-7aae22b49a7d572c2348b241,rbpg-7aae22b49a7d572c2348b241,rbpg-exec-5d1bcb11ee7a4d89bf15f068dca853f2,529:train:d63_u0,19528ce5eb93fd1a1036f9ccf388057b,1,1,0,clean,0,ok,"{""service"": ""deterministic_policy_gated_stub"", ""status"": ""executed"", ""record_id"": ""train:d63_u0"", ""safety"": ""ok""}",0,0,0.0,0.00039999940781854093,0.00019999970390927047,0.00960000033956021,0.0032999996619764715,0.01590000101714395
530,530,train:d63_u1,,,,,,always,3,1,1,0,0,0,rbpg-7aae22b49a7d572c2348b241,rbpg-7aae22b49a7d572c2348b241,rbpg-exec-5d1bcb11ee7a4d89bf15f068dca853f2,530:train:d63_u1,402ae83a8c7bf3cfe16d262c73a6ce15,1,1,0,clean,0,ok,"{""service"": ""deterministic_policy_gated_stub"", ""status"": ""executed"", ""record_id"": ""train:d63_u1"", ""safety"": ""ok""}",0,0,0.0,0.00039999940781854093,0.00019999970390927047,0.009399998816661537,0.0032999996619764715,0.015800000255694613
531,531,train:d63_u2,,,,,,always,3,1,1,0,0,0,rbpg-7aae22b49a7d572c2348b241,rbpg-7aae22b49a7d572c2348b241,rbpg-exec-5d1bcb11ee7a4d89bf15f068dca853f2,531:train:d63_u2,95fd738428a422cbcb7427ad87655e01,1,1,0,clean,0,ok,"{""service"": ""deterministic_policy_gated_stub"", ""status"": ""executed"", ""record_id"": ""train:d63_u2"", ""safety"": ""ok""}",0,0,0.0,0.00039999940781854093,0.000200001522898674,0.009499999578110874,0.003200000719516538,0.01590000101714395
532,532,train:d63_u4,,,,,,always,3,1,1,0,0,0,rbpg-7aae22b49a7d572c2348b241,rbpg-7aae22b49a7d572c2348b241,rbpg-exec-5d1bcb11ee7a4d89bf15f068dca853f2,532:train:d63_u4,acbb1120ffa4cdb1a1ae029e5b90425e,1,1,0,clean,0,ok,"{""service"": ""deterministic_policy_gated_stub"", ""status"": ""executed"", ""record_id"": ""train:d63_u4"", ""safety"": ""ok""}",0,0,0.0,0.00039999940781854093,0.00019999970390927047,0.009399998816661537,0.0032999996619764715,0.015800000255694613
533,533,train:d63_u5,,,,,,always,3,1,1,0,0,0,rbpg-7aae22b49a7d572c2348b241,rbpg-7aae22b49a7d572c2348b241,rbpg-exec-5d1bcb11ee7a4d89bf15f068dca853f2,533:train:d63_u5,4747ef58951171ccfa6d9267e3a6be7f,1,1,0,clean,0,ok,"{""service"": ""deterministic_policy_gated_stub"", ""status"": ""executed"", ""record_id"": ""train:d63_u5"", ""safety"": ""ok""}",0,0,0.0,0.00039999940781854093,0.00019999970390927047,0.00960000033956021,0.0032999996619764715,0.01610000072105322
534,534,train:d63_u6,,,,,,always,3,1,1,0,0,0,rbpg-7aae22b49a7d572c2348b241,rbpg-7aae22b49a7d572c2348b241,rbpg-exec-5d1bcb11ee7a4d89bf15f068dca853f2,534:train:d63_u6,df12dedb04318c55afacf05fd010dd98,1,1,0,clean,0,ok,"{""service"": ""deterministic_policy_gated_stub"", ""status"": ""executed"", ""record_id"": ""train:d63_u6"", ""safety"": ""ok""}",0,0,0.0,0.0004000012268079445,0.00019999970390927047,0.009499999578110874,0.0031999989005271345,0.015699999494245276
535,535,train:d63_u7,,,,,,always,3,1,1,0,0,0,rbpg-7aae22b49a7d572c2348b241,rbpg-7aae22b49a7d572c2348b241,rbpg-exec-5d1bcb11ee7a4d89bf15f068dca853f2,535:train:d63_u7,796c133ab9e061ec26673b389148ab5d,1,1,0,clean,0,ok,"{""service"": ""deterministic_policy_gated_stub"", ""status"": ""executed"", ""record_id"": ""train:d63_u7"", ""safety"": ""ok""}",0,0,0.0,0.0004000012268079445,0.0002999986463692039,0.009299999874201603,0.003099999958067201,0.015699999494245276
536,536,train:d64_u0,,,,,,always,3,1,1,0,0,0,rbpg-7aae22b49a7d572c2348b241,rbpg-7aae22b49a7d572c2348b241,rbpg-exec-5d1bcb11ee7a4d89bf15f068dca853f2,536:train:d64_u0,dc38e88076795e815cc1fcac2b73497d,1,1,0,clean,0,ok,"{""service"": ""deterministic_policy_gated_stub"", ""status"": ""executed"", ""record_id"": ""train:d64_u0"", ""safety"": ""ok""}",0,0,0.0,0.00039999940781854093,0.00019999970390927047,0.00940000063565094,0.003200000719516538,0.015699999494245276
537,537,train:d64_u1,,,,,,always,3,1,1,0,0,0,rbpg-7aae22b49a7d572c2348b241,rbpg-7aae22b49a7d572c2348b241,rbpg-exec-5d1bcb11ee7a4d89bf15f068dca853f2,537:train:d64_u1,6dca4d6dc43f7e995d08011e6a22f8ee,1,1,0,clean,0,ok,"{""service"": ""deterministic_policy_gated_stub"", ""status"": ""executed"", ""record_id"": ""train:d64_u1"", ""safety"": ""ok""}",0,0,0.0,0.0004000012268079445,0.00019999970390927047,0.009499999578110874,0.003200000719516538,0.01579999843670521
538,538,train:d64_u2,,,,,,always,3,1,1,0,0,0,rbpg-7aae22b49a7d572c2348b241,rbpg-7aae22b49a7d572c2348b241,rbpg-exec-5d1bcb11ee7a4d89bf15f068dca853f2,538:train:d64_u2,1c39fdf9b980f7382f3c14cb98391769,1,1,0,clean,0,ok,"{""service"": ""deterministic_policy_gated_stub"", ""status"": ""executed"", ""record_id"": ""train:d64_u2"", ""safety"": ""ok""}",0,0,0.0,0.00039999940781854093,0.00019999970390927047,0.00940000063565094,0.0032999996619764715,0.015699999494245276
539,539,train:d64_u3,,,,,,always,3,1,1,0,0,0,rbpg-7aae22b49a7d572c2348b241,rbpg-7aae22b49a7d572c2348b241,rbpg-exec-5d1bcb11ee7a4d89bf15f068dca853f2,539:train:d64_u3,e9b462676d0c90d32c196172b53d43b6,1,1,0,clean,0,ok,"{""service"": ""deterministic_policy_gated_stub"", ""status"": ""executed"", ""record_id"": ""train:d64_u3"", ""safety"": ""ok""}",0,0,0.0,0.0004000012268079445,0.00019999970390927047,0.00940000063565094,0.0032999996619764715,0.015699999494245276
540,540,train:d64_u4,,,,,,always,3,1,1,0,0,0,rbpg-7aae22b49a7d572c2348b241,rbpg-7aae22b49a7d572c2348b241,rbpg-exec-5d1bcb11ee7a4d89bf15f068dca853f2,540:train:d64_u4,f8d7671b0be4f7f28d688094d9e585ac,1,1,0,clean,0,ok,"{""service"": ""deterministic_policy_gated_stub"", ""status"": ""executed"", ""record_id"": ""train:d64_u4"", ""safety"": ""ok""}",0,0,0.0,0.00039999940781854093,0.00019999970390927047,0.009299999874201603,0.0032999996619764715,0.015699999494245276
541,541,train:d64_u5,,,,,,always,3,1,1,0,0,0,rbpg-7aae22b49a7d572c2348b241,rbpg-7aae22b49a7d572c2348b241,rbpg-exec-5d1bcb11ee7a4d89bf15f068dca853f2,541:train:d64_u5,8ed2c143f4daad3756d4c0f9ec439f97,1,1,0,clean,0,ok,"{""service"": ""deterministic_policy_gated_stub"", ""status"": ""executed"", ""record_id"": ""train:d64_u5"", ""safety"": ""ok""}",0,0,0.0,0.0004000012268079445,0.00019999970390927047,0.009499999578110874,0.0031999989005271345,0.01579999843670521
542,542,train:d64_u6,,,,,,always,3,1,1,0,0,0,rbpg-7aae22b49a7d572c2348b241,rbpg-7aae22b49a7d572c2348b241,rbpg-exec-5d1bcb11ee7a4d89bf15f068dca853f2,542:train:d64_u6,b3bb671aae8e9ca2893a879a64f75ab6,1,1,0,clean,0,ok,"{""service"": ""deterministic_policy_gated_stub"", ""status"": ""executed"", ""record_id"": ""train:d64_u6"", ""safety"": ""ok""}",0,0,0.0,0.00039999940781854093,0.00030000046535860747,0.009299999874201603,0.0031999989005271345,0.015600000551785342
543,543,train:d64_u7,,,,,,always,3,1,1,0,0,0,rbpg-7aae22b49a7d572c2348b241,rbpg-7aae22b49a7d572c2348b241,rbpg-exec-5d1bcb11ee7a4d89bf15f068dca853f2,543:train:d64_u7,5b227fe497cced0cc8b4253b7f7a5d21,1,1,0,clean,0,ok,"{""service"": ""deterministic_policy_gated_stub"", ""status"": ""executed"", ""record_id"": ""train:d64_u7"", ""safety"": ""ok""}",0,0,0.0,0.0004000012268079445,0.00019999970390927047,0.00940000063565094,0.0032999996619764715,0.015699999494245276
544,544,train:d64_u8,,,,,,always,3,1,1,0,0,0,rbpg-7aae22b49a7d572c2348b241,rbpg-7aae22b49a7d572c2348b241,rbpg-exec-5d1bcb11ee7a4d89bf15f068dca853f2,544:train:d64_u8,8c95e4caeede8fb1ad13a13e21e0a934,1,1,0,clean,0,ok,"{""service"": ""deterministic_policy_gated_stub"", ""status"": ""executed"", ""record_id"": ""train:d64_u8"", ""safety"": ""ok""}",0,0,0.0,0.00039999940781854093,0.00019999970390927047,0.009499999578110874,0.003200000719516538,0.01579999843670521
545,545,train:d64_u9,,,,,,always,3,1,1,0,0,0,rbpg-7aae22b49a7d572c2348b241,rbpg-7aae22b49a7d572c2348b241,rbpg-exec-5d1bcb11ee7a4d89bf15f068dca853f2,545:train:d64_u9,407a242af39ee4aec31b10839cb75c1d,1,1,0,clean,0,ok,"{""service"": ""deterministic_policy_gated_stub"", ""status"": ""executed"", ""record_id"": ""train:d64_u9"", ""safety"": ""ok""}",0,0,0.0,0.00039999940781854093,0.00019999970390927047,0.00960000033956021,0.003600000127335079,0.016199999663513154
546,546,train:d64_u10,,,,,,always,3,1,1,0,0,0,rbpg-7aae22b49a7d572c2348b241,rbpg-7aae22b49a7d572c2348b241,rbpg-exec-5d1bcb11ee7a4d89bf15f068dca853f2,546:train:d64_u10,277f59af909b3da2cd388880374b5813,1,1,0,clean,0,ok,"{""service"": ""deterministic_policy_gated_stub"", ""status"": ""executed"", ""record_id"": ""train:d64_u10"", ""safety"": ""ok""}",0,0,0.0,0.00030000046535860747,0.000200001522898674,0.009500001397100277,0.0032999996619764715,0.015800000255694613
547,547,train:d64_u11,,,,,,always,3,1,1,0,0,0,rbpg-7aae22b49a7d572c2348b241,rbpg-7aae22b49a7d572c2348b241,rbpg-exec-5d1bcb11ee7a4d89bf15f068dca853f2,547:train:d64_u11,00447171eca69109cd28f2ea97d02241,1,1,0,clean,0,ok,"{""service"": ""deterministic_policy_gated_stub"", ""status"": ""executed"", ""record_id"": ""train:d64_u11"", ""safety"": ""ok""}",0,0,0.0,0.00039999940781854093,0.000200001522898674,0.015300000086426735,0.0034000004234258085,0.02170000152545981
548,548,train:d64_u12,,,,,,always,3,1,1,0,0,0,rbpg-7aae22b49a7d572c2348b241,rbpg-7aae22b49a7d572c2348b241,rbpg-exec-5d1bcb11ee7a4d89bf15f068dca853f2,548:train:d64_u12,09e1c2d3478e326c4bd1101728224bd0,1,1,0,clean,0,ok,"{""service"": ""deterministic_policy_gated_stub"", ""status"": ""executed"", ""record_id"": ""train:d64_u12"", ""safety"": ""ok""}",0,0,0.0,0.0004000012268079445,0.00019999970390927047,0.010300000212737359,0.003300001480965875,0.01669999983278103
549,549,train:d65_u0,,,,,,always,3,1,1,0,0,0,rbpg-7aae22b49a7d572c2348b241,rbpg-7aae22b49a7d572c2348b241,rbpg-exec-5d1bcb11ee7a4d89bf15f068dca853f2,549:train:d65_u0,5a5ad0f12c90135da2e3a40ce807ada4,1,1,0,clean,0,ok,"{""service"": ""deterministic_policy_gated_stub"", ""status"": ""executed"", ""record_id"": ""train:d65_u0"", ""safety"": ""ok""}",0,0,0.0,0.00030000046535860747,0.00019999970390927047,0.00960000033956021,0.0032999996619764715,0.015999999959603883
550,550,train:d65_u2,,,,,,always,3,1,1,0,0,0,rbpg-7aae22b49a7d572c2348b241,rbpg-7aae22b49a7d572c2348b241,rbpg-exec-5d1bcb11ee7a4d89bf15f068dca853f2,550:train:d65_u2,c0de1cd5f1bfce4ddea0b67573ab6e08,1,1,0,clean,0,ok,"{""service"": ""deterministic_policy_gated_stub"", ""status"": ""executed"", ""record_id"": ""train:d65_u2"", ""safety"": ""ok""}",0,0,0.0,0.0004000012268079445,0.000200001522898674,0.00960000033956021,0.0032999996619764715,0.01590000101714395
551,551,train:d65_u3,,,,,,always,3,1,1,0,0,0,rbpg-7aae22b49a7d572c2348b241,rbpg-7aae22b49a7d572c2348b241,rbpg-exec-5d1bcb11ee7a4d89bf15f068dca853f2,551:train:d65_u3,568298dd01bdcbaf390e645f93c249c5,1,1,0,clean,0,ok,"{""service"": ""deterministic_policy_gated_stub"", ""status"": ""executed"", ""record_id"": ""train:d65_u3"", ""safety"": ""ok""}",0,0,0.0,0.00039999940781854093,0.000200001522898674,0.009499999578110874,0.003300001480965875,0.015800000255694613
552,552,train:d66_u1,,,,,,always,3,1,1,0,0,0,rbpg-7aae22b49a7d572c2348b241,rbpg-7aae22b49a7d572c2348b241,rbpg-exec-5d1bcb11ee7a4d89bf15f068dca853f2,552:train:d66_u1,49cc10a8c58fe941bf1ac9410465f96a,1,1,0,clean,0,ok,"{""service"": ""deterministic_policy_gated_stub"", ""status"": ""executed"", ""record_id"": ""train:d66_u1"", ""safety"": ""ok""}",0,0,0.0,0.00039999940781854093,0.00019999970390927047,0.009800000043469481,0.003200000719516538,0.016099998902063817
553,553,train:d66_u2,,,,,,always,3,1,1,0,0,0,rbpg-7aae22b49a7d572c2348b241,rbpg-7aae22b49a7d572c2348b241,rbpg-exec-5d1bcb11ee7a4d89bf15f068dca853f2,553:train:d66_u2,e608cf4e2bdea71d76497f97579e67bd,1,1,0,clean,0,ok,"{""service"": ""deterministic_policy_gated_stub"", ""status"": ""executed"", ""record_id"": ""train:d66_u2"", ""safety"": ""ok""}",0,0,0.0,0.00039999940781854093,0.0002999986463692039,0.009500001397100277,0.0031999989005271345,0.015800000255694613
554,554,train:d66_u3,,,,,,always,3,1,1,0,0,0,rbpg-7aae22b49a7d572c2348b241,rbpg-7aae22b49a7d572c2348b241,rbpg-exec-5d1bcb11ee7a4d89bf15f068dca853f2,554:train:d66_u3,f8a217ca7ae239931d76b49dc631d04b,1,1,0,clean,0,ok,"{""service"": ""deterministic_policy_gated_stub"", ""status"": ""executed"", ""record_id"": ""train:d66_u3"", ""safety"": ""ok""}",0,0,0.0,0.0005000001692678779,0.00030000046535860747,0.011800000720540993,0.003499999365885742,0.03260000084992498
555,555,train:d66_u4,,,,,,always,3,1,1,0,0,0,rbpg-7aae22b49a7d572c2348b241,rbpg-7aae22b49a7d572c2348b241,rbpg-exec-5d1bcb11ee7a4d89bf15f068dca853f2,555:train:d66_u4,73ddac138fc5ebde9f598b933df9fd12,1,1,0,clean,0,ok,"{""service"": ""deterministic_policy_gated_stub"", ""status"": ""executed"", ""record_id"": ""train:d66_u4"", ""safety"": ""ok""}",0,0,0.0,0.00039999940781854093,0.00019999970390927047,0.009999999747378752,0.003200000719516538,0.016400001186411828
556,556,train:d66_u6,,,,,,always,3,1,1,0,0,0,rbpg-7aae22b49a7d572c2348b241,rbpg-7aae22b49a7d572c2348b241,rbpg-exec-5d1bcb11ee7a4d89bf15f068dca853f2,556:train:d66_u6,5121277bea36f4c3da50cd8734086688,1,1,0,clean,0,ok,"{""service"": ""deterministic_policy_gated_stub"", ""status"": ""executed"", ""record_id"": ""train:d66_u6"", ""safety"": ""ok""}",0,0,0.0,0.0004000012268079445,0.00019999970390927047,0.009900000804918818,0.0031999989005271345,0.01610000072105322
557,557,train:d66_u7,,,,,,always,3,1,1,0,0,0,rbpg-7aae22b49a7d572c2348b241,rbpg-7aae22b49a7d572c2348b241,rbpg-exec-5d1bcb11ee7a4d89bf15f068dca853f2,557:train:d66_u7,b4fe384ff52c1f0143b4e3adbd702fa9,1,1,0,clean,0,ok,"{""service"": ""deterministic_policy_gated_stub"", ""status"": ""executed"", ""record_id"": ""train:d66_u7"", ""safety"": ""ok""}",0,0,0.0,0.0004000012268079445,0.00019999970390927047,0.009899998985929415,0.003200000719516538,0.016200001482502557
558,558,train:d66_u8,,,,,,always,3,1,1,0,0,0,rbpg-7aae22b49a7d572c2348b241,rbpg-7aae22b49a7d572c2348b241,rbpg-exec-5d1bcb11ee7a4d89bf15f068dca853f2,558:train:d66_u8,03af3dc1589dfb8e81ad82cd4f068e70,1,1,0,clean,0,ok,"{""service"": ""deterministic_policy_gated_stub"", ""status"": ""executed"", ""record_id"": ""train:d66_u8"", ""safety"": ""ok""}",0,0,0.0,0.00039999940781854093,0.00019999970390927047,0.010800000382005237,0.003200000719516538,0.017099999240599573
559,559,train:d66_u9,,,,,,always,3,1,1,0,0,0,rbpg-7aae22b49a7d572c2348b241,rbpg-7aae22b49a7d572c2348b241,rbpg-exec-5d1bcb11ee7a4d89bf15f068dca853f2,559:train:d66_u9,96f8c9bac093fc2d7247ec60660a497d,1,1,0,clean,0,ok,"{""service"": ""deterministic_policy_gated_stub"", ""status"": ""executed"", ""record_id"": ""train:d66_u9"", ""safety"": ""ok""}",0,0,0.0,0.0004000012268079445,0.00019999970390927047,0.009800000043469481,0.0032999996619764715,0.01610000072105322
560,560,train:d66_u10,,,,,,always,3,1,1,0,0,0,rbpg-7aae22b49a7d572c2348b241,rbpg-7aae22b49a7d572c2348b241,rbpg-exec-5d1bcb11ee7a4d89bf15f068dca853f2,560:train:d66_u10,e3247c9208babba14c0fd311ab3e8391,1,1,0,clean,0,ok,"{""service"": ""deterministic_policy_gated_stub"", ""status"": ""executed"", ""record_id"": ""train:d66_u10"", ""safety"": ""ok""}",0,0,0.0,0.0004000012268079445,0.00019999970390927047,0.00960000033956021,0.0032999996619764715,0.01590000101714395
561,561,train:d66_u11,,,,,,always,3,1,1,0,0,0,rbpg-7aae22b49a7d572c2348b241,rbpg-7aae22b49a7d572c2348b241,rbpg-exec-5d1bcb11ee7a4d89bf15f068dca853f2,561:train:d66_u11,23876177e04243bb6d23ba9042344d94,1,1,0,clean,0,ok,"{""service"": ""deterministic_policy_gated_stub"", ""status"": ""executed"", ""record_id"": ""train:d66_u11"", ""safety"": ""ok""}",0,0,0.0,0.0004000012268079445,0.00019999970390927047,0.009899998985929415,0.003099999958067201,0.016199999663513154
562,562,train:d66_u12,,,,,,always,3,1,1,0,0,0,rbpg-7aae22b49a7d572c2348b241,rbpg-7aae22b49a7d572c2348b241,rbpg-exec-5d1bcb11ee7a4d89bf15f068dca853f2,562:train:d66_u12,4f6992408930da700f724309cfc2b8c3,1,1,0,clean,0,ok,"{""service"": ""deterministic_policy_gated_stub"", ""status"": ""executed"", ""record_id"": ""train:d66_u12"", ""safety"": ""ok""}",0,0,0.0,0.00039999940781854093,0.00019999970390927047,0.009499999578110874,0.003200000719516538,0.015699999494245276
563,563,train:d67_u1,,,,,,always,3,1,1,0,0,0,rbpg-7aae22b49a7d572c2348b241,rbpg-7aae22b49a7d572c2348b241,rbpg-exec-5d1bcb11ee7a4d89bf15f068dca853f2,563:train:d67_u1,6d67bcf2391201ac31f9379350985e7c,1,1,0,clean,0,ok,"{""service"": ""deterministic_policy_gated_stub"", ""status"": ""executed"", ""record_id"": ""train:d67_u1"", ""safety"": ""ok""}",0,0,0.0,0.0004000012268079445,0.00019999970390927047,0.009399998816661537,0.003300001480965875,0.015899999198154546
564,564,train:d67_u2,,,,,,always,3,1,1,0,0,0,rbpg-7aae22b49a7d572c2348b241,rbpg-7aae22b49a7d572c2348b241,rbpg-exec-5d1bcb11ee7a4d89bf15f068dca853f2,564:train:d67_u2,d8a7a623775c259417296125ddf51b6e,1,1,0,clean,0,ok,"{""service"": ""deterministic_policy_gated_stub"", ""status"": ""executed"", ""record_id"": ""train:d67_u2"", ""safety"": ""ok""}",0,0,0.0,0.0004000012268079445,0.00019999970390927047,0.00960000033956021,0.003200000719516538,0.01579999843670521
565,565,train:d67_u3,,,,,,always,3,1,1,0,0,0,rbpg-7aae22b49a7d572c2348b241,rbpg-7aae22b49a7d572c2348b241,rbpg-exec-5d1bcb11ee7a4d89bf15f068dca853f2,565:train:d67_u3,a04c65f1c7bc45354dd4c98f9c8c885f,1,1,0,clean,0,ok,"{""service"": ""deterministic_policy_gated_stub"", ""status"": ""executed"", ""record_id"": ""train:d67_u3"", ""safety"": ""ok""}",0,0,0.0,0.00039999940781854093,0.000200001522898674,0.009499999578110874,0.003200000719516538,0.015800000255694613
566,566,train:d67_u5,,,,,,always,3,1,1,0,0,0,rbpg-7aae22b49a7d572c2348b241,rbpg-7aae22b49a7d572c2348b241,rbpg-exec-5d1bcb11ee7a4d89bf15f068dca853f2,566:train:d67_u5,3f3d18b28d5e90d4d13ebd7fe6c02c29,1,1,0,clean,0,ok,"{""service"": ""deterministic_policy_gated_stub"", ""status"": ""executed"", ""record_id"": ""train:d67_u5"", ""safety"": ""ok""}",0,0,0.0,0.00039999940781854093,0.00019999970390927047,0.009499999578110874,0.0032999996619764715,0.015800000255694613
567,567,train:d67_u6,,,,,,always,3,1,1,0,0,0,rbpg-7aae22b49a7d572c2348b241,rbpg-7aae22b49a7d572c2348b241,rbpg-exec-5d1bcb11ee7a4d89bf15f068dca853f2,567:train:d67_u6,274ab69fb90eaa48169824e9c2c2d8f7,1,1,0,clean,0,ok,"{""service"": ""deterministic_policy_gated_stub"", ""status"": ""executed"", ""record_id"": ""train:d67_u6"", ""safety"": ""ok""}",0,0,0.0,0.0004000012268079445,0.00030000046535860747,0.009499999578110874,0.0034000004234258085,0.015999999959603883
568,568,train:d67_u7,,,,,,always,3,1,1,0,0,0,rbpg-7aae22b49a7d572c2348b241,rbpg-7aae22b49a7d572c2348b241,rbpg-exec-5d1bcb11ee7a4d89bf15f068dca853f2,568:train:d67_u7,87cee3f0f81e69b821ce48bb5a7a910b,1,1,0,clean,0,ok,"{""service"": ""deterministic_policy_gated_stub"", ""status"": ""executed"", ""record_id"": ""train:d67_u7"", ""safety"": ""ok""}",0,0,0.0,0.00039999940781854093,0.00019999970390927047,0.009499999578110874,0.003200000719516538,0.015800000255694613
569,569,train:d67_u8,,,,,,always,3,1,1,0,0,0,rbpg-7aae22b49a7d572c2348b241,rbpg-7aae22b49a7d572c2348b241,rbpg-exec-5d1bcb11ee7a4d89bf15f068dca853f2,569:train:d67_u8,33efbcc6ce06cefa56cfafd6c8b8a9e4,1,1,0,clean,0,ok,"{""service"": ""deterministic_policy_gated_stub"", ""status"": ""executed"", ""record_id"": ""train:d67_u8"", ""safety"": ""ok""}",0,0,0.0,0.00039999940781854093,0.00019999970390927047,0.01049999991664663,0.0031999989005271345,0.016899999536690302
570,570,train:d67_u9,,,,,,always,3,1,1,0,0,0,rbpg-7aae22b49a7d572c2348b241,rbpg-7aae22b49a7d572c2348b241,rbpg-exec-5d1bcb11ee7a4d89bf15f068dca853f2,570:train:d67_u9,36efe70ecbfa996c0d9c5df9c3304ec4,1,1,0,clean,0,ok,"{""service"": ""deterministic_policy_gated_stub"", ""status"": ""executed"", ""record_id"": ""train:d67_u9"", ""safety"": ""ok""}",0,0,0.0,0.00039999940781854093,0.00030000046535860747,0.009900000804918818,0.003200000719516538,0.016199999663513154
571,571,train:d67_u10,,,,,,always,3,1,1,0,0,0,rbpg-7aae22b49a7d572c2348b241,rbpg-7aae22b49a7d572c2348b241,rbpg-exec-5d1bcb11ee7a4d89bf15f068dca853f2,571:train:d67_u10,47759332acf5f21113eee05d2e843553,1,1,0,clean,0,ok,"{""service"": ""deterministic_policy_gated_stub"", ""status"": ""executed"", ""record_id"": ""train:d67_u10"", ""safety"": ""ok""}",0,0,0.0,0.00039999940781854093,0.00019999970390927047,0.009800000043469481,0.0031000017770566046,0.01590000101714395
572,572,train:d67_u11,,,,,,always,3,1,1,0,0,0,rbpg-7aae22b49a7d572c2348b241,rbpg-7aae22b49a7d572c2348b241,rbpg-exec-5d1bcb11ee7a4d89bf15f068dca853f2,572:train:d67_u11,2ea42bc62f118cdefc9bbb0c2896ed2f,1,1,0,clean,0,ok,"{""service"": ""deterministic_policy_gated_stub"", ""status"": ""executed"", ""record_id"": ""train:d67_u11"", ""safety"": ""ok""}",0,0,0.0,0.00039999940781854093,0.00019999970390927047,0.00960000033956021,0.003099999958067201,0.015800000255694613
573,573,train:d67_u12,,,,,,always,3,1,1,0,0,0,rbpg-7aae22b49a7d572c2348b241,rbpg-7aae22b49a7d572c2348b241,rbpg-exec-5d1bcb11ee7a4d89bf15f068dca853f2,573:train:d67_u12,b0c0addc1c8c838850b581b51212aae0,1,1,0,clean,0,ok,"{""service"": ""deterministic_policy_gated_stub"", ""status"": ""executed"", ""record_id"": ""train:d67_u12"", ""safety"": ""ok""}",0,0,0.0,0.00030000046535860747,0.00019999970390927047,0.009699999282020144,0.003099999958067201,0.015699999494245276
574,574,train:d67_u13,,,,,,always,3,1,1,0,0,0,rbpg-7aae22b49a7d572c2348b241,rbpg-7aae22b49a7d572c2348b241,rbpg-exec-5d1bcb11ee7a4d89bf15f068dca853f2,574:train:d67_u13,f3a9b54ed1aecc093922c63b0c2b48f0,1,1,0,clean,0,ok,"{""service"": ""deterministic_policy_gated_stub"", ""status"": ""executed"", ""record_id"": ""train:d67_u13"", ""safety"": ""ok""}",0,0,0.0,0.0005000001692678779,0.00019999970390927047,0.009499999578110874,0.003099999958067201,0.015600000551785342
575,575,train:d67_u14,,,,,,always,3,1,1,0,0,0,rbpg-7aae22b49a7d572c2348b241,rbpg-7aae22b49a7d572c2348b241,rbpg-exec-5d1bcb11ee7a4d89bf15f068dca853f2,575:train:d67_u14,0d21e355fa90192bd9a833b9671fac89,1,1,0,clean,0,ok,"{""service"": ""deterministic_policy_gated_stub"", ""status"": ""executed"", ""record_id"": ""train:d67_u14"", ""safety"": ""ok""}",0,0,0.0,0.00039999940781854093,0.00019999970390927047,0.009399998816661537,0.0031999989005271345,0.015600000551785342
576,576,train:d67_u15,,,,,,always,3,1,1,0,0,0,rbpg-7aae22b49a7d572c2348b241,rbpg-7aae22b49a7d572c2348b241,rbpg-exec-5d1bcb11ee7a4d89bf15f068dca853f2,576:train:d67_u15,249659f57bb228ecabd946bd851c44ce,1,1,0,clean,0,ok,"{""service"": ""deterministic_policy_gated_stub"", ""status"": ""executed"", ""record_id"": ""train:d67_u15"", ""safety"": ""ok""}",0,0,0.0,0.0004000012268079445,0.00019999970390927047,0.009899998985929415,0.003200000719516538,0.016099998902063817
577,577,train:d68_u0,,,,,,always,3,1,1,0,0,0,rbpg-7aae22b49a7d572c2348b241,rbpg-7aae22b49a7d572c2348b241,rbpg-exec-5d1bcb11ee7a4d89bf15f068dca853f2,577:train:d68_u0,e87c0c43358c7b2087631e1a6296325b,1,1,0,clean,0,ok,"{""service"": ""deterministic_policy_gated_stub"", ""status"": ""executed"", ""record_id"": ""train:d68_u0"", ""safety"": ""ok""}",0,0,0.0,0.00039999940781854093,0.00019999970390927047,0.00940000063565094,0.003099999958067201,0.015499999790336005
578,578,train:d68_u1,,,,,,always,3,1,1,0,0,0,rbpg-7aae22b49a7d572c2348b241,rbpg-7aae22b49a7d572c2348b241,rbpg-exec-5d1bcb11ee7a4d89bf15f068dca853f2,578:train:d68_u1,ffd2b2f14cdf85bb7db8510c8f6fec13,1,1,0,clean,0,ok,"{""service"": ""deterministic_policy_gated_stub"", ""status"": ""executed"", ""record_id"": ""train:d68_u1"", ""safety"": ""ok""}",0,0,0.0,0.00039999940781854093,0.00030000046535860747,0.00960000033956021,0.003099999958067201,0.015800000255694613
579,579,train:d68_u2,,,,,,always,3,1,1,0,0,0,rbpg-7aae22b49a7d572c2348b241,rbpg-7aae22b49a7d572c2348b241,rbpg-exec-5d1bcb11ee7a4d89bf15f068dca853f2,579:train:d68_u2,5136b274f5bf1a943833514a10692a11,1,1,0,clean,0,ok,"{""service"": ""deterministic_policy_gated_stub"", ""status"": ""executed"", ""record_id"": ""train:d68_u2"", ""safety"": ""ok""}",0,0,0.0,0.00030000046535860747,0.00019999970390927047,0.009300001693191007,0.0031999989005271345,0.015600000551785342
580,580,train:d69_u0,,,,,,always,3,1,1,0,0,0,rbpg-7aae22b49a7d572c2348b241,rbpg-7aae22b49a7d572c2348b241,rbpg-exec-5d1bcb11ee7a4d89bf15f068dca853f2,580:train:d69_u0,7f54bc0c767a60b4321303261248eabc,1,1,0,clean,0,ok,"{""service"": ""deterministic_policy_gated_stub"", ""status"": ""executed"", ""record_id"": ""train:d69_u0"", ""safety"": ""ok""}",0,0,0.0,0.00039999940781854093,0.00019999970390927047,0.009800000043469481,0.003099999958067201,0.015800000255694613
581,581,train:d69_u1,,,,,,always,3,1,1,0,0,0,rbpg-7aae22b49a7d572c2348b241,rbpg-7aae22b49a7d572c2348b241,rbpg-exec-5d1bcb11ee7a4d89bf15f068dca853f2,581:train:d69_u1,6989f5efdec5bb20cab6117da92fa3bd,1,1,0,clean,0,ok,"{""service"": ""deterministic_policy_gated_stub"", ""status"": ""executed"", ""record_id"": ""train:d69_u1"", ""safety"": ""ok""}",0,0,0.0,0.00039999940781854093,0.00019999970390927047,0.00940000063565094,0.003200000719516538,0.015699999494245276
582,582,train:d69_u2,,,,,,always,3,1,1,0,0,0,rbpg-7aae22b49a7d572c2348b241,rbpg-7aae22b49a7d572c2348b241,rbpg-exec-5d1bcb11ee7a4d89bf15f068dca853f2,582:train:d69_u2,8b01a0bebb02eb98f6b39c4a6df35a65,1,1,0,clean,0,ok,"{""service"": ""deterministic_policy_gated_stub"", ""status"": ""executed"", ""record_id"": ""train:d69_u2"", ""safety"": ""ok""}",0,0,0.0,0.00039999940781854093,0.00019999970390927047,0.00940000063565094,0.0031999989005271345,0.015600000551785342
583,583,train:d69_u4,,,,,,always,3,1,1,0,0,0,rbpg-7aae22b49a7d572c2348b241,rbpg-7aae22b49a7d572c2348b241,rbpg-exec-5d1bcb11ee7a4d89bf15f068dca853f2,583:train:d69_u4,7b14513a352b7cf40a202aac96a36fc3,1,1,0,clean,0,ok,"{""service"": ""deterministic_policy_gated_stub"", ""status"": ""executed"", ""record_id"": ""train:d69_u4"", ""safety"": ""ok""}",0,0,0.0,0.0005000001692678779,0.00030000046535860747,0.00940000063565094,0.003200000719516538,0.015699999494245276
584,584,train:d69_u5,,,,,,always,3,1,1,0,0,0,rbpg-7aae22b49a7d572c2348b241,rbpg-7aae22b49a7d572c2348b241,rbpg-exec-5d1bcb11ee7a4d89bf15f068dca853f2,584:train:d69_u5,3daf5457dffaa67bba9bf5c95f46b3e2,1,1,0,clean,0,ok,"{""service"": ""deterministic_policy_gated_stub"", ""status"": ""executed"", ""record_id"": ""train:d69_u5"", ""safety"": ""ok""}",0,0,0.0,0.0004000012268079445,0.0002999986463692039,0.00920000093174167,0.0031999989005271345,0.015499999790336005
585,585,train:d69_u6,,,,,,always,3,1,1,0,0,0,rbpg-7aae22b49a7d572c2348b241,rbpg-7aae22b49a7d572c2348b241,rbpg-exec-5d1bcb11ee7a4d89bf15f068dca853f2,585:train:d69_u6,65d8fcbe04b1225031c32a528fcd9314,1,1,0,clean,0,ok,"{""service"": ""deterministic_policy_gated_stub"", ""status"": ""executed"", ""record_id"": ""train:d69_u6"", ""safety"": ""ok""}",0,0,0.0,0.0005000001692678779,0.0002999986463692039,0.009300001693191007,0.003200000719516538,0.015599998732795939
586,586,train:d70_u0,,,,,,always,3,1,1,0,0,0,rbpg-7aae22b49a7d572c2348b241,rbpg-7aae22b49a7d572c2348b241,rbpg-exec-5d1bcb11ee7a4d89bf15f068dca853f2,586:train:d70_u0,3f7a7bada78a1dc69a8327c22408fd6b,1,1,0,clean,0,ok,"{""service"": ""deterministic_policy_gated_stub"", ""status"": ""executed"", ""record_id"": ""train:d70_u0"", ""safety"": ""ok""}",0,0,0.0,0.0005000001692678779,0.00019999970390927047,0.009399998816661537,0.0031999989005271345,0.015699999494245276
587,587,train:d70_u1,,,,,,always,3,1,1,0,0,0,rbpg-7aae22b49a7d572c2348b241,rbpg-7aae22b49a7d572c2348b241,rbpg-exec-5d1bcb11ee7a4d89bf15f068dca853f2,587:train:d70_u1,52a832b9b2d77e5c6d0a115e00dadd3e,1,1,0,clean,0,ok,"{""service"": ""deterministic_policy_gated_stub"", ""status"": ""executed"", ""record_id"": ""train:d70_u1"", ""safety"": ""ok""}",0,0,0.0,0.0004000012268079445,0.00019999970390927047,0.009499999578110874,0.0031999989005271345,0.015699999494245276
588,588,train:d70_u2,,,,,,always,3,1,1,0,0,0,rbpg-7aae22b49a7d572c2348b241,rbpg-7aae22b49a7d572c2348b241,rbpg-exec-5d1bcb11ee7a4d89bf15f068dca853f2,588:train:d70_u2,bc6fb4e52a53d49ba0d0d1fb43005139,1,1,0,clean,0,ok,"{""service"": ""deterministic_policy_gated_stub"", ""status"": ""executed"", ""record_id"": ""train:d70_u2"", ""safety"": ""ok""}",0,0,0.0,0.00039999940781854093,0.00019999970390927047,0.00940000063565094,0.0031999989005271345,0.015800000255694613
589,589,train:d70_u3,,,,,,always,3,1,1,0,0,0,rbpg-7aae22b49a7d572c2348b241,rbpg-7aae22b49a7d572c2348b241,rbpg-exec-5d1bcb11ee7a4d89bf15f068dca853f2,589:train:d70_u3,9c3303a6ab1ffbc3826c492da1b77678,1,1,0,clean,0,ok,"{""service"": ""deterministic_policy_gated_stub"", ""status"": ""executed"", ""record_id"": ""train:d70_u3"", ""safety"": ""ok""}",0,0,0.0,0.0004999983502784744,0.00019999970390927047,0.009299999874201603,0.003300001480965875,0.015600000551785342
590,590,train:d70_u4,,,,,,always,3,1,1,0,0,0,rbpg-7aae22b49a7d572c2348b241,rbpg-7aae22b49a7d572c2348b241,rbpg-exec-5d1bcb11ee7a4d89bf15f068dca853f2,590:train:d70_u4,d72d7bcc0ec1593829681d1b0021b1e8,1,1,0,clean,0,ok,"{""service"": ""deterministic_policy_gated_stub"", ""status"": ""executed"", ""record_id"": ""train:d70_u4"", ""safety"": ""ok""}",0,0,0.0,0.00039999940781854093,0.0002999986463692039,0.009300001693191007,0.003200000719516538,0.015499999790336005
591,591,train:d70_u5,,,,,,always,3,1,1,0,0,0,rbpg-7aae22b49a7d572c2348b241,rbpg-7aae22b49a7d572c2348b241,rbpg-exec-5d1bcb11ee7a4d89bf15f068dca853f2,591:train:d70_u5,a617dcadac5390790903a1f891ba7884,1,1,0,clean,0,ok,"{""service"": ""deterministic_policy_gated_stub"", ""status"": ""executed"", ""record_id"": ""train:d70_u5"", ""safety"": ""ok""}",0,0,0.0,0.00039999940781854093,0.00019999970390927047,0.009700001101009548,0.003200000719516538,0.015899999198154546
592,592,train:d70_u6,,,,,,always,3,1,1,0,0,0,rbpg-7aae22b49a7d572c2348b241,rbpg-7aae22b49a7d572c2348b241,rbpg-exec-5d1bcb11ee7a4d89bf15f068dca853f2,592:train:d70_u6,0a976a7116d15999d1a9c8b380c85ef5,1,1,0,clean,0,ok,"{""service"": ""deterministic_policy_gated_stub"", ""status"": ""executed"", ""record_id"": ""train:d70_u6"", ""safety"": ""ok""}",0,0,0.0,0.0004000012268079445,0.00019999970390927047,0.009399998816661537,0.003099999958067201,0.015599998732795939
593,593,train:d70_u7,,,,,,always,3,1,1,0,0,0,rbpg-7aae22b49a7d572c2348b241,rbpg-7aae22b49a7d572c2348b241,rbpg-exec-5d1bcb11ee7a4d89bf15f068dca853f2,593:train:d70_u7,786ed65628a0944a7d633420cc7c2c35,1,1,0,clean,0,ok,"{""service"": ""deterministic_policy_gated_stub"", ""status"": ""executed"", ""record_id"": ""train:d70_u7"", ""safety"": ""ok""}",0,0,0.0,0.00039999940781854093,0.00019999970390927047,0.00940000063565094,0.0031999989005271345,0.015600000551785342
594,594,train:d70_u8,,,,,,always,3,1,1,0,0,0,rbpg-7aae22b49a7d572c2348b241,rbpg-7aae22b49a7d572c2348b241,rbpg-exec-5d1bcb11ee7a4d89bf15f068dca853f2,594:train:d70_u8,fcf1379c40ada5cc525a34ca716bb379,1,1,0,clean,0,ok,"{""service"": ""deterministic_policy_gated_stub"", ""status"": ""executed"", ""record_id"": ""train:d70_u8"", ""safety"": ""ok""}",0,0,0.0,0.00039999940781854093,0.000200001522898674,0.009399998816661537,0.003099999958067201,0.015600000551785342
595,595,train:d71_u0,,,,,,always,3,1,1,0,0,0,rbpg-7aae22b49a7d572c2348b241,rbpg-7aae22b49a7d572c2348b241,rbpg-exec-5d1bcb11ee7a4d89bf15f068dca853f2,595:train:d71_u0,d1eab576d65d9387aeae832053e72998,1,1,0,clean,0,ok,"{""service"": ""deterministic_policy_gated_stub"", ""status"": ""executed"", ""record_id"": ""train:d71_u0"", ""safety"": ""ok""}",0,0,0.0,0.0004000012268079445,0.00019999970390927047,0.009699999282020144,0.0031999989005271345,0.015899999198154546
596,596,train:d71_u1,,,,,,always,3,1,1,0,0,0,rbpg-7aae22b49a7d572c2348b241,rbpg-7aae22b49a7d572c2348b241,rbpg-exec-5d1bcb11ee7a4d89bf15f068dca853f2,596:train:d71_u1,7f0bcb03ba7978865b14e0d2efcd50c6,1,1,0,clean,0,ok,"{""service"": ""deterministic_policy_gated_stub"", ""status"": ""executed"", ""record_id"": ""train:d71_u1"", ""safety"": ""ok""}",0,0,0.0,0.00039999940781854093,0.00019999970390927047,0.009500001397100277,0.003099999958067201,0.015600000551785342
597,597,train:d72_u0,,,,,,always,3,1,1,0,0,0,rbpg-7aae22b49a7d572c2348b241,rbpg-7aae22b49a7d572c2348b241,rbpg-exec-5d1bcb11ee7a4d89bf15f068dca853f2,597:train:d72_u0,9eb532fc325c2f1312396b41e6d379a1,1,1,0,clean,0,ok,"{""service"": ""deterministic_policy_gated_stub"", ""status"": ""executed"", ""record_id"": ""train:d72_u0"", ""safety"": ""ok""}",0,0,0.0,0.0004000012268079445,0.00019999970390927047,0.009699999282020144,0.003099999958067201,0.015800000255694613
598,598,train:d72_u2,,,,,,always,3,1,1,0,0,0,rbpg-7aae22b49a7d572c2348b241,rbpg-7aae22b49a7d572c2348b241,rbpg-exec-5d1bcb11ee7a4d89bf15f068dca853f2,598:train:d72_u2,05297956a92cdae2d18f9d578edf991e,1,1,0,clean,0,ok,"{""service"": ""deterministic_policy_gated_stub"", ""status"": ""executed"", ""record_id"": ""train:d72_u2"", ""safety"": ""ok""}",0,0,0.0,0.0004000012268079445,0.00019999970390927047,0.00940000063565094,0.003099999958067201,0.015699999494245276
599,599,train:d72_u4,,,,,,always,3,1,1,0,0,0,rbpg-7aae22b49a7d572c2348b241,rbpg-7aae22b49a7d572c2348b241,rbpg-exec-5d1bcb11ee7a4d89bf15f068dca853f2,599:train:d72_u4,7c90bad98b10f20a071a66ae92fdbab1,1,1,0,clean,0,ok,"{""service"": ""deterministic_policy_gated_stub"", ""status"": ""executed"", ""record_id"": ""train:d72_u4"", ""safety"": ""ok""}",0,0,0.0,0.00039999940781854093,0.000200001522898674,0.009699999282020144,0.003099999958067201,0.01590000101714395
600,600,train:d72_u5,,,,,,always,3,1,1,0,0,0,rbpg-7aae22b49a7d572c2348b241,rbpg-7aae22b49a7d572c2348b241,rbpg-exec-5d1bcb11ee7a4d89bf15f068dca853f2,600:train:d72_u5,ab83460855dd8bdafe70375bf0200426,1,1,0,clean,0,ok,"{""service"": ""deterministic_policy_gated_stub"", ""status"": ""executed"", ""record_id"": ""train:d72_u5"", ""safety"": ""ok""}",0,0,0.0,0.0004000012268079445,0.00019999970390927047,0.00940000063565094,0.003200000719516538,0.015699999494245276
601,601,train:d72_u6,,,,,,always,3,1,1,0,0,0,rbpg-7aae22b49a7d572c2348b241,rbpg-7aae22b49a7d572c2348b241,rbpg-exec-5d1bcb11ee7a4d89bf15f068dca853f2,601:train:d72_u6,a9913a100bc49d96511e300734e313aa,1,1,0,clean,0,ok,"{""service"": ""deterministic_policy_gated_stub"", ""status"": ""executed"", ""record_id"": ""train:d72_u6"", ""safety"": ""ok""}",0,0,0.0,0.00039999940781854093,0.00030000046535860747,0.009700001101009548,0.003099999958067201,0.01610000072105322
602,602,train:d72_u7,,,,,,always,3,1,1,0,0,0,rbpg-7aae22b49a7d572c2348b241,rbpg-7aae22b49a7d572c2348b241,rbpg-exec-5d1bcb11ee7a4d89bf15f068dca853f2,602:train:d72_u7,7d7dc569a738351485bdd043f259c2f4,1,1,0,clean,0,ok,"{""service"": ""deterministic_policy_gated_stub"", ""status"": ""executed"", ""record_id"": ""train:d72_u7"", ""safety"": ""ok""}",0,0,0.0,0.00039999940781854093,0.00019999970390927047,0.00960000033956021,0.003099999958067201,0.015800000255694613
603,603,train:d73_u0,,,,,,always,3,1,1,0,0,0,rbpg-7aae22b49a7d572c2348b241,rbpg-7aae22b49a7d572c2348b241,rbpg-exec-5d1bcb11ee7a4d89bf15f068dca853f2,603:train:d73_u0,693aafd828e4139e61a30b3b445bc2d8,1,1,0,clean,0,ok,"{""service"": ""deterministic_policy_gated_stub"", ""status"": ""executed"", ""record_id"": ""train:d73_u0"", ""safety"": ""ok""}",0,0,0.0,0.0004000012268079445,0.00019999970390927047,0.02469999890308827,0.003399998604436405,0.03130000004603062
604,604,train:d73_u1,,,,,,always,3,1,1,0,0,0,rbpg-7aae22b49a7d572c2348b241,rbpg-7aae22b49a7d572c2348b241,rbpg-exec-5d1bcb11ee7a4d89bf15f068dca853f2,604:train:d73_u1,e675c045e3e80a70b37db22303b24b5a,1,1,0,clean,0,ok,"{""service"": ""deterministic_policy_gated_stub"", ""status"": ""executed"", ""record_id"": ""train:d73_u1"", ""safety"": ""ok""}",0,0,0.0,0.00039999940781854093,0.000200001522898674,0.010900001143454574,0.0032999996619764715,0.017499998648418114
605,605,train:d73_u2,,,,,,always,3,1,1,0,0,0,rbpg-7aae22b49a7d572c2348b241,rbpg-7aae22b49a7d572c2348b241,rbpg-exec-5d1bcb11ee7a4d89bf15f068dca853f2,605:train:d73_u2,d68e1c73f12cfe2610a2a93965ec2a3a,1,1,0,clean,0,ok,"{""service"": ""deterministic_policy_gated_stub"", ""status"": ""executed"", ""record_id"": ""train:d73_u2"", ""safety"": ""ok""}",0,0,0.0,0.00039999940781854093,0.00019999970390927047,0.009599998520570807,0.003200000719516538,0.015999999959603883
606,606,train:d73_u3,,,,,,always,3,1,1,0,0,0,rbpg-7aae22b49a7d572c2348b241,rbpg-7aae22b49a7d572c2348b241,rbpg-exec-5d1bcb11ee7a4d89bf15f068dca853f2,606:train:d73_u3,195246489e1944dc5b75c830c53b7413,1,1,0,clean,0,ok,"{""service"": ""deterministic_policy_gated_stub"", ""status"": ""executed"", ""record_id"": ""train:d73_u3"", ""safety"": ""ok""}",0,0,0.0,0.00039999940781854093,0.000200001522898674,0.009499999578110874,0.0031999989005271345,0.015899999198154546
607,607,train:d73_u4,,,,,,always,3,1,1,0,0,0,rbpg-7aae22b49a7d572c2348b241,rbpg-7aae22b49a7d572c2348b241,rbpg-exec-5d1bcb11ee7a4d89bf15f068dca853f2,607:train:d73_u4,0b2c312bf42b0a15966532948239f29b,1,1,0,clean,0,ok,"{""service"": ""deterministic_policy_gated_stub"", ""status"": ""executed"", ""record_id"": ""train:d73_u4"", ""safety"": ""ok""}",0,0,0.0,0.00039999940781854093,0.00019999970390927047,0.009700001101009548,0.003200000719516538,0.01610000072105322
608,608,train:d73_u5,,,,,,always,3,1,1,0,0,0,rbpg-7aae22b49a7d572c2348b241,rbpg-7aae22b49a7d572c2348b241,rbpg-exec-5d1bcb11ee7a4d89bf15f068dca853f2,608:train:d73_u5,126c7932598e3aa3180425d734b1247c,1,1,0,clean,0,ok,"{""service"": ""deterministic_policy_gated_stub"", ""status"": ""executed"", ""record_id"": ""train:d73_u5"", ""safety"": ""ok""}",0,0,0.0,0.00039999940781854093,0.000200001522898674,0.009599998520570807,0.003200000719516538,0.015800000255694613
609,609,train:d73_u7,,,,,,always,3,1,1,0,0,0,rbpg-7aae22b49a7d572c2348b241,rbpg-7aae22b49a7d572c2348b241,rbpg-exec-5d1bcb11ee7a4d89bf15f068dca853f2,609:train:d73_u7,4366263bb3950f083f21f4e544e8e94d,1,1,0,clean,0,ok,"{""service"": ""deterministic_policy_gated_stub"", ""status"": ""executed"", ""record_id"": ""train:d73_u7"", ""safety"": ""ok""}",0,0,0.0,0.00039999940781854093,0.000200001522898674,0.009699999282020144,0.0032999996619764715,0.016099998902063817
610,610,train:d73_u8,,,,,,always,3,1,1,0,0,0,rbpg-7aae22b49a7d572c2348b241,rbpg-7aae22b49a7d572c2348b241,rbpg-exec-5d1bcb11ee7a4d89bf15f068dca853f2,610:train:d73_u8,c765c117d94289707c865ef499a80bb1,1,1,0,clean,0,ok,"{""service"": ""deterministic_policy_gated_stub"", ""status"": ""executed"", ""record_id"": ""train:d73_u8"", ""safety"": ""ok""}",0,0,0.0,0.00039999940781854093,0.00019999970390927047,0.00960000033956021,0.0032999996619764715,0.015899999198154546
611,611,train:d73_u9,,,,,,always,3,1,1,0,0,0,rbpg-7aae22b49a7d572c2348b241,rbpg-7aae22b49a7d572c2348b241,rbpg-exec-5d1bcb11ee7a4d89bf15f068dca853f2,611:train:d73_u9,118c6e6f68c0c463c00d2602a75b31d9,1,1,0,clean,0,ok,"{""service"": ""deterministic_policy_gated_stub"", ""status"": ""executed"", ""record_id"": ""train:d73_u9"", ""safety"": ""ok""}",0,0,0.0,0.0004000012268079445,0.00019999970390927047,0.009399998816661537,0.0031999989005271345,0.015800000255694613
612,612,train:d73_u11,,,,,,always,3,1,1,0,0,0,rbpg-7aae22b49a7d572c2348b241,rbpg-7aae22b49a7d572c2348b241,rbpg-exec-5d1bcb11ee7a4d89bf15f068dca853f2,612:train:d73_u11,33b769b3836c56558221908934d41dfa,1,1,0,clean,0,ok,"{""service"": ""deterministic_policy_gated_stub"", ""status"": ""executed"", ""record_id"": ""train:d73_u11"", ""safety"": ""ok""}",0,0,0.0,0.00039999940781854093,0.00030000046535860747,0.009399998816661537,0.0031000017770566046,0.015600000551785342
613,613,train:d74_u0,,,,,,always,3,1,1,0,0,0,rbpg-7aae22b49a7d572c2348b241,rbpg-7aae22b49a7d572c2348b241,rbpg-exec-5d1bcb11ee7a4d89bf15f068dca853f2,613:train:d74_u0,ed80bae0c154063280fd724ba5991a58,1,1,0,clean,0,ok,"{""service"": ""deterministic_policy_gated_stub"", ""status"": ""executed"", ""record_id"": ""train:d74_u0"", ""safety"": ""ok""}",0,0,0.0,0.00039999940781854093,0.00019999970390927047,0.009500001397100277,0.003200000719516538,0.015800000255694613
614,614,train:d74_u1,,,,,,always,3,1,1,0,0,0,rbpg-7aae22b49a7d572c2348b241,rbpg-7aae22b49a7d572c2348b241,rbpg-exec-5d1bcb11ee7a4d89bf15f068dca853f2,614:train:d74_u1,b04f5c7d89c5e8bf5998885a91205ed4,1,1,0,clean,0,ok,"{""service"": ""deterministic_policy_gated_stub"", ""status"": ""executed"", ""record_id"": ""train:d74_u1"", ""safety"": ""ok""}",0,0,0.0,0.0004000012268079445,0.00019999970390927047,0.009499999578110874,0.0031999989005271345,0.015699999494245276
615,615,train:d74_u2,,,,,,always,3,1,1,0,0,0,rbpg-7aae22b49a7d572c2348b241,rbpg-7aae22b49a7d572c2348b241,rbpg-exec-5d1bcb11ee7a4d89bf15f068dca853f2,615:train:d74_u2,489cdd4208110a918b2143fb8dfd7f1c,1,1,0,clean,0,ok,"{""service"": ""deterministic_policy_gated_stub"", ""status"": ""executed"", ""record_id"": ""train:d74_u2"", ""safety"": ""ok""}",0,0,0.0,0.0004000012268079445,0.00030000046535860747,0.009299999874201603,0.003099999958067201,0.015499999790336005
616,616,train:d74_u3,,,,,,always,3,1,1,0,0,0,rbpg-7aae22b49a7d572c2348b241,rbpg-7aae22b49a7d572c2348b241,rbpg-exec-5d1bcb11ee7a4d89bf15f068dca853f2,616:train:d74_u3,b11761d7b45946924dd250d09ad09e47,1,1,0,clean,0,ok,"{""service"": ""deterministic_policy_gated_stub"", ""status"": ""executed"", ""record_id"": ""train:d74_u3"", ""safety"": ""ok""}",0,0,0.0,0.0004000012268079445,0.00019999970390927047,0.00960000033956021,0.003200000719516538,0.015800000255694613
617,617,train:d74_u5,,,,,,always,3,1,1,0,0,0,rbpg-7aae22b49a7d572c2348b241,rbpg-7aae22b49a7d572c2348b241,rbpg-exec-5d1bcb11ee7a4d89bf15f068dca853f2,617:train:d74_u5,95c88ad64679e13a7ccbd469ec57519b,1,1,0,clean,0,ok,"{""service"": ""deterministic_policy_gated_stub"", ""status"": ""executed"", ""record_id"": ""train:d74_u5"", ""safety"": ""ok""}",0,0,0.0,0.0004000012268079445,0.00019999970390927047,0.009499999578110874,0.0031999989005271345,0.015600000551785342
618,618,train:d74_u6,,,,,,always,3,1,1,0,0,0,rbpg-7aae22b49a7d572c2348b241,rbpg-7aae22b49a7d572c2348b241,rbpg-exec-5d1bcb11ee7a4d89bf15f068dca853f2,618:train:d74_u6,f6c141df7c1cb535962d36a662cfb7b3,1,1,0,clean,0,ok,"{""service"": ""deterministic_policy_gated_stub"", ""status"": ""executed"", ""record_id"": ""train:d74_u6"", ""safety"": ""ok""}",0,0,0.0,0.0005000001692678779,0.00019999970390927047,0.009399998816661537,0.003200000719516538,0.015699999494245276
619,619,train:d75_u0,,,,,,always,3,1,1,0,0,0,rbpg-7aae22b49a7d572c2348b241,rbpg-7aae22b49a7d572c2348b241,rbpg-exec-5d1bcb11ee7a4d89bf15f068dca853f2,619:train:d75_u0,233cafa43cdd215615c88259c61486f3,1,1,0,clean,0,ok,"{""service"": ""deterministic_policy_gated_stub"", ""status"": ""executed"", ""record_id"": ""train:d75_u0"", ""safety"": ""ok""}",0,0,0.0,0.00039999940781854093,0.00019999970390927047,0.009499999578110874,0.003200000719516538,0.01570000131323468
620,620,train:d76_u0,,,,,,always,3,1,1,0,0,0,rbpg-7aae22b49a7d572c2348b241,rbpg-7aae22b49a7d572c2348b241,rbpg-exec-5d1bcb11ee7a4d89bf15f068dca853f2,620:train:d76_u0,caf57e38bf319e20a660eee2e3cdec76,1,1,0,clean,0,ok,"{""service"": ""deterministic_policy_gated_stub"", ""status"": ""executed"", ""record_id"": ""train:d76_u0"", ""safety"": ""ok""}",0,0,0.0,0.00039999940781854093,0.00019999970390927047,0.009500001397100277,0.003099999958067201,0.015699999494245276
621,621,train:d76_u1,,,,,,always,3,1,1,0,0,0,rbpg-7aae22b49a7d572c2348b241,rbpg-7aae22b49a7d572c2348b241,rbpg-exec-5d1bcb11ee7a4d89bf15f068dca853f2,621:train:d76_u1,23234b901628984b29986234bce60ad5,1,1,0,clean,0,ok,"{""service"": ""deterministic_policy_gated_stub"", ""status"": ""executed"", ""record_id"": ""train:d76_u1"", ""safety"": ""ok""}",0,0,0.0,0.0004000012268079445,0.00019999970390927047,0.009499999578110874,0.0031999989005271345,0.01570000131323468
622,622,train:d76_u2,,,,,,always,3,1,1,0,0,0,rbpg-7aae22b49a7d572c2348b241,rbpg-7aae22b49a7d572c2348b241,rbpg-exec-5d1bcb11ee7a4d89bf15f068dca853f2,622:train:d76_u2,e96d5261f1b4b12b5e7c7e106efb962d,1,1,0,clean,0,ok,"{""service"": ""deterministic_policy_gated_stub"", ""status"": ""executed"", ""record_id"": ""train:d76_u2"", ""safety"": ""ok""}",0,0,0.0,0.00039999940781854093,0.00019999970390927047,0.009299999874201603,0.003200000719516538,0.015599998732795939
623,623,train:d76_u3,,,,,,always,3,1,1,0,0,0,rbpg-7aae22b49a7d572c2348b241,rbpg-7aae22b49a7d572c2348b241,rbpg-exec-5d1bcb11ee7a4d89bf15f068dca853f2,623:train:d76_u3,254c0355fc032bcdf523316c54969b06,1,1,0,clean,0,ok,"{""service"": ""deterministic_policy_gated_stub"", ""status"": ""executed"", ""record_id"": ""train:d76_u3"", ""safety"": ""ok""}",0,0,0.0,0.0002999986463692039,0.00019999970390927047,0.009399998816661537,0.003300001480965875,0.015699999494245276
624,624,train:d76_u4,,,,,,always,3,1,1,0,0,0,rbpg-7aae22b49a7d572c2348b241,rbpg-7aae22b49a7d572c2348b241,rbpg-exec-5d1bcb11ee7a4d89bf15f068dca853f2,624:train:d76_u4,19ae579ceca17fc549765c2998c277d9,1,1,0,clean,0,ok,"{""service"": ""deterministic_policy_gated_stub"", ""status"": ""executed"", ""record_id"": ""train:d76_u4"", ""safety"": ""ok""}",0,0,0.0,0.0004000012268079445,0.00019999970390927047,0.009300001693191007,0.003200000719516538,0.015499999790336005
625,625,train:d76_u5,,,,,,always,3,1,1,0,0,0,rbpg-7aae22b49a7d572c2348b241,rbpg-7aae22b49a7d572c2348b241,rbpg-exec-5d1bcb11ee7a4d89bf15f068dca853f2,625:train:d76_u5,f0aa8763bc746ee70200732364ca8a3e,1,1,0,clean,0,ok,"{""service"": ""deterministic_policy_gated_stub"", ""status"": ""executed"", ""record_id"": ""train:d76_u5"", ""safety"": ""ok""}",0,0,0.0,0.00039999940781854093,0.00019999970390927047,0.009399998816661537,0.003099999958067201,0.015699999494245276
626,626,train:d76_u6,,,,,,always,3,1,1,0,0,0,rbpg-7aae22b49a7d572c2348b241,rbpg-7aae22b49a7d572c2348b241,rbpg-exec-5d1bcb11ee7a4d89bf15f068dca853f2,626:train:d76_u6,0596725e64ba53d28c5408cea3ee8588,1,1,0,clean,0,ok,"{""service"": ""deterministic_policy_gated_stub"", ""status"": ""executed"", ""record_id"": ""train:d76_u6"", ""safety"": ""ok""}",0,0,0.0,0.00039999940781854093,0.00019999970390927047,0.00940000063565094,0.0031999989005271345,0.015699999494245276
627,627,train:d76_u7,,,,,,always,3,1,1,0,0,0,rbpg-7aae22b49a7d572c2348b241,rbpg-7aae22b49a7d572c2348b241,rbpg-exec-5d1bcb11ee7a4d89bf15f068dca853f2,627:train:d76_u7,3bef3543ccabf263c08828a61ab7e25b,1,1,0,clean,0,ok,"{""service"": ""deterministic_policy_gated_stub"", ""status"": ""executed"", ""record_id"": ""train:d76_u7"", ""safety"": ""ok""}",0,0,0.0,0.00039999940781854093,0.00019999970390927047,0.009499999578110874,0.003200000719516538,0.015699999494245276
628,628,train:d77_u0,,,,,,always,3,1,1,0,0,0,rbpg-7aae22b49a7d572c2348b241,rbpg-7aae22b49a7d572c2348b241,rbpg-exec-5d1bcb11ee7a4d89bf15f068dca853f2,628:train:d77_u0,3b292a6fc64a574d0b1849fecb5563ab,1,1,0,clean,0,ok,"{""service"": ""deterministic_policy_gated_stub"", ""status"": ""executed"", ""record_id"": ""train:d77_u0"", ""safety"": ""ok""}",0,0,0.0,0.00030000046535860747,0.000200001522898674,0.009399998816661537,0.0032999996619764715,0.01570000131323468
629,629,train:d77_u1,,,,,,always,3,1,1,0,0,0,rbpg-7aae22b49a7d572c2348b241,rbpg-7aae22b49a7d572c2348b241,rbpg-exec-5d1bcb11ee7a4d89bf15f068dca853f2,629:train:d77_u1,9d778227a2e888e8536b3b8c4590c042,1,1,0,clean,0,ok,"{""service"": ""deterministic_policy_gated_stub"", ""status"": ""executed"", ""record_id"": ""train:d77_u1"", ""safety"": ""ok""}",0,0,0.0,0.0002999986463692039,0.00019999970390927047,0.00940000063565094,0.003099999958067201,0.015499999790336005
630,630,train:d77_u2,,,,,,always,3,1,1,0,0,0,rbpg-7aae22b49a7d572c2348b241,rbpg-7aae22b49a7d572c2348b241,rbpg-exec-5d1bcb11ee7a4d89bf15f068dca853f2,630:train:d77_u2,04541fd5db4c362257d3c676f61b492c,1,1,0,clean,0,ok,"{""service"": ""deterministic_policy_gated_stub"", ""status"": ""executed"", ""record_id"": ""train:d77_u2"", ""safety"": ""ok""}",0,0,0.0,0.0004000012268079445,0.00019999970390927047,0.00940000063565094,0.003200000719516538,0.015599998732795939
631,631,train:d77_u3,,,,,,always,3,1,1,0,0,0,rbpg-7aae22b49a7d572c2348b241,rbpg-7aae22b49a7d572c2348b241,rbpg-exec-5d1bcb11ee7a4d89bf15f068dca853f2,631:train:d77_u3,0ec024f97aba353d8b8389b5655778ec,1,1,0,clean,0,ok,"{""service"": ""deterministic_policy_gated_stub"", ""status"": ""executed"", ""record_id"": ""train:d77_u3"", ""safety"": ""ok""}",0,0,0.0,0.0004000012268079445,0.00019999970390927047,0.00960000033956021,0.003200000719516538,0.015699999494245276
632,632,train:d77_u4,,,,,,always,3,1,1,0,0,0,rbpg-7aae22b49a7d572c2348b241,rbpg-7aae22b49a7d572c2348b241,rbpg-exec-5d1bcb11ee7a4d89bf15f068dca853f2,632:train:d77_u4,c4fcece44a665a410eba652aed4a7a90,1,1,0,clean,0,ok,"{""service"": ""deterministic_policy_gated_stub"", ""status"": ""executed"", ""record_id"": ""train:d77_u4"", ""safety"": ""ok""}",0,0,0.0,0.00039999940781854093,0.00019999970390927047,0.00940000063565094,0.003300001480965875,0.015699999494245276
633,633,train:d78_u0,,,,,,always,3,1,1,0,0,0,rbpg-7aae22b49a7d572c2348b241,rbpg-7aae22b49a7d572c2348b241,rbpg-exec-5d1bcb11ee7a4d89bf15f068dca853f2,633:train:d78_u0,ae2e101b77bfc4edc184127a92bf7690,1,1,0,clean,0,ok,"{""service"": ""deterministic_policy_gated_stub"", ""status"": ""executed"", ""record_id"": ""train:d78_u0"", ""safety"": ""ok""}",0,0,0.0,0.00039999940781854093,0.00019999970390927047,0.009299999874201603,0.0031999989005271345,0.015499999790336005
634,634,train:d78_u1,,,,,,always,3,1,1,0,0,0,rbpg-7aae22b49a7d572c2348b241,rbpg-7aae22b49a7d572c2348b241,rbpg-exec-5d1bcb11ee7a4d89bf15f068dca853f2,634:train:d78_u1,455509f7a722285fbd7ed3fe79c107a5,1,1,0,clean,0,ok,"{""service"": ""deterministic_policy_gated_stub"", ""status"": ""executed"", ""record_id"": ""train:d78_u1"", ""safety"": ""ok""}",0,0,0.0,0.00039999940781854093,0.00019999970390927047,0.009300001693191007,0.003200000719516538,0.015499999790336005
635,635,train:d78_u2,,,,,,always,3,1,1,0,0,0,rbpg-7aae22b49a7d572c2348b241,rbpg-7aae22b49a7d572c2348b241,rbpg-exec-5d1bcb11ee7a4d89bf15f068dca853f2,635:train:d78_u2,8abd58e2f5aa53f651f8303e71069002,1,1,0,clean,0,ok,"{""service"": ""deterministic_policy_gated_stub"", ""status"": ""executed"", ""record_id"": ""train:d78_u2"", ""safety"": ""ok""}",0,0,0.0,0.0004999983502784744,0.00019999970390927047,0.009299999874201603,0.0031999989005271345,0.015499999790336005
636,636,train:d78_u3,,,,,,always,3,1,1,0,0,0,rbpg-7aae22b49a7d572c2348b241,rbpg-7aae22b49a7d572c2348b241,rbpg-exec-5d1bcb11ee7a4d89bf15f068dca853f2,636:train:d78_u3,70566dc011c391c249a61cf70273d524,1,1,0,clean,0,ok,"{""service"": ""deterministic_policy_gated_stub"", ""status"": ""executed"", ""record_id"": ""train:d78_u3"", ""safety"": ""ok""}",0,0,0.0,0.00039999940781854093,0.00019999970390927047,0.009500001397100277,0.003200000719516538,0.015699999494245276
637,637,train:d79_u0,,,,,,always,3,1,1,0,0,0,rbpg-7aae22b49a7d572c2348b241,rbpg-7aae22b49a7d572c2348b241,rbpg-exec-5d1bcb11ee7a4d89bf15f068dca853f2,637:train:d79_u0,4b37e86e9792705b2844ddbe13b8799a,1,1,0,clean,0,ok,"{""service"": ""deterministic_policy_gated_stub"", ""status"": ""executed"", ""record_id"": ""train:d79_u0"", ""safety"": ""ok""}",0,0,0.0,0.0004000012268079445,0.00019999970390927047,0.00940000063565094,0.0034000004234258085,0.015800000255694613
638,638,train:d79_u2,,,,,,always,3,1,1,0,0,0,rbpg-7aae22b49a7d572c2348b241,rbpg-7aae22b49a7d572c2348b241,rbpg-exec-5d1bcb11ee7a4d89bf15f068dca853f2,638:train:d79_u2,bec16a37f54e6ec245c8b92c7e318d8d,1,1,0,clean,0,ok,"{""service"": ""deterministic_policy_gated_stub"", ""status"": ""executed"", ""record_id"": ""train:d79_u2"", ""safety"": ""ok""}",0,0,0.0,0.00039999940781854093,0.00019999970390927047,0.009399998816661537,0.0031999989005271345,0.015600000551785342
639,639,train:d79_u4,,,,,,always,3,1,1,0,0,0,rbpg-7aae22b49a7d572c2348b241,rbpg-7aae22b49a7d572c2348b241,rbpg-exec-5d1bcb11ee7a4d89bf15f068dca853f2,639:train:d79_u4,13346d628f6ce5d9c7733e3c99bd9eb4,1,1,0,clean,0,ok,"{""service"": ""deterministic_policy_gated_stub"", ""status"": ""executed"", ""record_id"": ""train:d79_u4"", ""safety"": ""ok""}",0,0,0.0,0.0002999986463692039,0.00019999970390927047,0.00920000093174167,0.0032999996619764715,0.015499999790336005
640,640,train:d79_u6,,,,,,always,3,1,1,0,0,0,rbpg-7aae22b49a7d572c2348b241,rbpg-7aae22b49a7d572c2348b241,rbpg-exec-5d1bcb11ee7a4d89bf15f068dca853f2,640:train:d79_u6,40dc8b46445a23b0a423beac4dc3fcf1,1,1,0,clean,0,ok,"{""service"": ""deterministic_policy_gated_stub"", ""status"": ""executed"", ""record_id"": ""train:d79_u6"", ""safety"": ""ok""}",0,0,0.0,0.00039999940781854093,0.000200001522898674,0.009299999874201603,0.003099999958067201,0.015500001609325409
641,641,train:d79_u7,,,,,,always,3,1,1,0,0,0,rbpg-7aae22b49a7d572c2348b241,rbpg-7aae22b49a7d572c2348b241,rbpg-exec-5d1bcb11ee7a4d89bf15f068dca853f2,641:train:d79_u7,967c362bc99ab0de0f94fef42399ed30,1,1,0,clean,0,ok,"{""service"": ""deterministic_policy_gated_stub"", ""status"": ""executed"", ""record_id"": ""train:d79_u7"", ""safety"": ""ok""}",0,0,0.0,0.0004000012268079445,0.00019999970390927047,0.009300001693191007,0.0031999989005271345,0.015699999494245276
642,642,train:d80_u0,,,,,,always,3,1,1,0,0,0,rbpg-7aae22b49a7d572c2348b241,rbpg-7aae22b49a7d572c2348b241,rbpg-exec-5d1bcb11ee7a4d89bf15f068dca853f2,642:train:d80_u0,183d51bf6294ba851604c3d4d59a999d,1,1,0,clean,0,ok,"{""service"": ""deterministic_policy_gated_stub"", ""status"": ""executed"", ""record_id"": ""train:d80_u0"", ""safety"": ""ok""}",0,0,0.0,0.00039999940781854093,0.00019999970390927047,0.009299999874201603,0.0034000004234258085,0.015699999494245276
643,643,train:d80_u1,,,,,,always,3,1,1,0,0,0,rbpg-7aae22b49a7d572c2348b241,rbpg-7aae22b49a7d572c2348b241,rbpg-exec-5d1bcb11ee7a4d89bf15f068dca853f2,643:train:d80_u1,3735b7d9d4842f3bdccd7dce3f4a499c,1,1,0,clean,0,ok,"{""service"": ""deterministic_policy_gated_stub"", ""status"": ""executed"", ""record_id"": ""train:d80_u1"", ""safety"": ""ok""}",0,0,0.0,0.0004000012268079445,0.00019999970390927047,0.009299999874201603,0.0032999996619764715,0.015499999790336005
644,644,train:d80_u3,,,,,,always,3,1,1,0,0,0,rbpg-7aae22b49a7d572c2348b241,rbpg-7aae22b49a7d572c2348b241,rbpg-exec-5d1bcb11ee7a4d89bf15f068dca853f2,644:train:d80_u3,8f2d14f83a8033d15bbbd748a8f0857f,1,1,0,clean,0,ok,"{""service"": ""deterministic_policy_gated_stub"", ""status"": ""executed"", ""record_id"": ""train:d80_u3"", ""safety"": ""ok""}",0,0,0.0,0.0004000012268079445,0.00019999970390927047,0.009499999578110874,0.003399998604436405,0.015899999198154546
645,645,train:d80_u4,,,,,,always,3,1,1,0,0,0,rbpg-7aae22b49a7d572c2348b241,rbpg-7aae22b49a7d572c2348b241,rbpg-exec-5d1bcb11ee7a4d89bf15f068dca853f2,645:train:d80_u4,5ce6f1ab23d832a50f16c17a41fdaa5f,1,1,0,clean,0,ok,"{""service"": ""deterministic_policy_gated_stub"", ""status"": ""executed"", ""record_id"": ""train:d80_u4"", ""safety"": ""ok""}",0,0,0.0,0.0004000012268079445,0.00019999970390927047,0.009299999874201603,0.0031999989005271345,0.015499999790336005
646,646,train:d80_u5,,,,,,always,3,1,1,0,0,0,rbpg-7aae22b49a7d572c2348b241,rbpg-7aae22b49a7d572c2348b241,rbpg-exec-5d1bcb11ee7a4d89bf15f068dca853f2,646:train:d80_u5,161b368ee198b24d1b2b8b71037dbc34,1,1,0,clean,0,ok,"{""service"": ""deterministic_policy_gated_stub"", ""status"": ""executed"", ""record_id"": ""train:d80_u5"", ""safety"": ""ok""}",0,0,0.0,0.00039999940781854093,0.00019999970390927047,0.009699999282020144,0.003200000719516538,0.01610000072105322
647,647,train:d81_u0,,,,,,always,3,1,1,0,0,0,rbpg-7aae22b49a7d572c2348b241,rbpg-7aae22b49a7d572c2348b241,rbpg-exec-5d1bcb11ee7a4d89bf15f068dca853f2,647:train:d81_u0,9b352227fc14825ef78c5ff678a2c50a,1,1,0,clean,0,ok,"{""service"": ""deterministic_policy_gated_stub"", ""status"": ""executed"", ""record_id"": ""train:d81_u0"", ""safety"": ""ok""}",0,0,0.0,0.0004000012268079445,0.00019999970390927047,0.0106999996205559,0.0032999996619764715,0.017300000763498247
648,648,train:d81_u1,,,,,,always,3,1,1,0,0,0,rbpg-7aae22b49a7d572c2348b241,rbpg-7aae22b49a7d572c2348b241,rbpg-exec-5d1bcb11ee7a4d89bf15f068dca853f2,648:train:d81_u1,cdcd7af1ad1ab4ef29d510e42c041045,1,1,0,clean,0,ok,"{""service"": ""deterministic_policy_gated_stub"", ""status"": ""executed"", ""record_id"": ""train:d81_u1"", ""safety"": ""ok""}",0,0,0.0,0.00039999940781854093,0.00019999970390927047,0.009499999578110874,0.003099999958067201,0.015699999494245276
649,649,train:d81_u2,,,,,,always,3,1,1,0,0,0,rbpg-7aae22b49a7d572c2348b241,rbpg-7aae22b49a7d572c2348b241,rbpg-exec-5d1bcb11ee7a4d89bf15f068dca853f2,649:train:d81_u2,118e0f388c9eb793acf72a92c8b8fc90,1,1,0,clean,0,ok,"{""service"": ""deterministic_policy_gated_stub"", ""status"": ""executed"", ""record_id"": ""train:d81_u2"", ""safety"": ""ok""}",0,0,0.0,0.00039999940781854093,0.00019999970390927047,0.00960000033956021,0.0031999989005271345,0.01590000101714395
650,650,train:d81_u3,,,,,,always,3,1,1,0,0,0,rbpg-7aae22b49a7d572c2348b241,rbpg-7aae22b49a7d572c2348b241,rbpg-exec-5d1bcb11ee7a4d89bf15f068dca853f2,650:train:d81_u3,3076359719a5b16007f27579fa446ac4,1,1,0,clean,0,ok,"{""service"": ""deterministic_policy_gated_stub"", ""status"": ""executed"", ""record_id"": ""train:d81_u3"", ""safety"": ""ok""}",0,0,0.0,0.00039999940781854093,0.00019999970390927047,0.00940000063565094,0.003200000719516538,0.015699999494245276
651,651,train:d81_u5,,,,,,always,3,1,1,0,0,0,rbpg-7aae22b49a7d572c2348b241,rbpg-7aae22b49a7d572c2348b241,rbpg-exec-5d1bcb11ee7a4d89bf15f068dca853f2,651:train:d81_u5,a1fe9cbcbc5efa71c037997d4c08f9d3,1,1,0,clean,0,ok,"{""service"": ""deterministic_policy_gated_stub"", ""status"": ""executed"", ""record_id"": ""train:d81_u5"", ""safety"": ""ok""}",0,0,0.0,0.00039999940781854093,0.00019999970390927047,0.00940000063565094,0.0031999989005271345,0.015600000551785342
652,652,train:d81_u6,,,,,,always,3,1,1,0,0,0,rbpg-7aae22b49a7d572c2348b241,rbpg-7aae22b49a7d572c2348b241,rbpg-exec-5d1bcb11ee7a4d89bf15f068dca853f2,652:train:d81_u6,7b9178b570f929f3e903637d20920a50,1,1,0,clean,0,ok,"{""service"": ""deterministic_policy_gated_stub"", ""status"": ""executed"", ""record_id"": ""train:d81_u6"", ""safety"": ""ok""}",0,0,0.0,0.00039999940781854093,0.00019999970390927047,0.009599998520570807,0.0031999989005271345,0.01590000101714395
653,653,train:d81_u8,,,,,,always,3,1,1,0,0,0,rbpg-7aae22b49a7d572c2348b241,rbpg-7aae22b49a7d572c2348b241,rbpg-exec-5d1bcb11ee7a4d89bf15f068dca853f2,653:train:d81_u8,f6b798b5220363b4c0150771c3efb497,1,1,0,clean,0,ok,"{""service"": ""deterministic_policy_gated_stub"", ""status"": ""executed"", ""record_id"": ""train:d81_u8"", ""safety"": ""ok""}",0,0,0.0,0.00039999940781854093,0.00019999970390927047,0.023999999029911123,0.003600000127335079,0.030700000934302807
654,654,train:d81_u9,,,,,,always,3,1,1,0,0,0,rbpg-7aae22b49a7d572c2348b241,rbpg-7aae22b49a7d572c2348b241,rbpg-exec-5d1bcb11ee7a4d89bf15f068dca853f2,654:train:d81_u9,1219b4d55dda36119567bf5d49c1bdf4,1,1,0,clean,0,ok,"{""service"": ""deterministic_policy_gated_stub"", ""status"": ""executed"", ""record_id"": ""train:d81_u9"", ""safety"": ""ok""}",0,0,0.0,0.0005000001692678779,0.00019999970390927047,0.010799998563015833,0.0032999996619764715,0.01739999970595818
655,655,train:d81_u10,,,,,,always,3,1,1,0,0,0,rbpg-7aae22b49a7d572c2348b241,rbpg-7aae22b49a7d572c2348b241,rbpg-exec-5d1bcb11ee7a4d89bf15f068dca853f2,655:train:d81_u10,62661856e814948d671c516518f0e2b9,1,1,0,clean,0,ok,"{""service"": ""deterministic_policy_gated_stub"", ""status"": ""executed"", ""record_id"": ""train:d81_u10"", ""safety"": ""ok""}",0,0,0.0,0.00039999940781854093,0.000200001522898674,0.00960000033956021,0.0032999996619764715,0.015999999959603883
656,656,train:d81_u11,,,,,,always,3,1,1,0,0,0,rbpg-7aae22b49a7d572c2348b241,rbpg-7aae22b49a7d572c2348b241,rbpg-exec-5d1bcb11ee7a4d89bf15f068dca853f2,656:train:d81_u11,69aca638b8a7004fe2f76185c647e5d4,1,1,0,clean,0,ok,"{""service"": ""deterministic_policy_gated_stub"", ""status"": ""executed"", ""record_id"": ""train:d81_u11"", ""safety"": ""ok""}",0,0,0.0,0.0004000012268079445,0.00019999970390927047,0.009500001397100277,0.003200000719516538,0.01579999843670521
657,657,train:d81_u12,,,,,,always,3,1,1,0,0,0,rbpg-7aae22b49a7d572c2348b241,rbpg-7aae22b49a7d572c2348b241,rbpg-exec-5d1bcb11ee7a4d89bf15f068dca853f2,657:train:d81_u12,a5c1a3c2c4e1f34d7041bf1caf73fed7,1,1,0,clean,0,ok,"{""service"": ""deterministic_policy_gated_stub"", ""status"": ""executed"", ""record_id"": ""train:d81_u12"", ""safety"": ""ok""}",0,0,0.0,0.00039999940781854093,0.000200001522898674,0.00940000063565094,0.003300001480965875,0.015800000255694613
658,658,train:d81_u13,,,,,,always,3,1,1,0,0,0,rbpg-7aae22b49a7d572c2348b241,rbpg-7aae22b49a7d572c2348b241,rbpg-exec-5d1bcb11ee7a4d89bf15f068dca853f2,658:train:d81_u13,bc3cc5472f47ecf651feaeeb1c5b144b,1,1,0,clean,0,ok,"{""service"": ""deterministic_policy_gated_stub"", ""status"": ""executed"", ""record_id"": ""train:d81_u13"", ""safety"": ""ok""}",0,0,0.0,0.00039999940781854093,0.000100000761449337,0.009399998816661537,0.003200000719516538,0.015699999494245276
659,659,train:d81_u14,,,,,,always,3,1,1,0,0,0,rbpg-7aae22b49a7d572c2348b241,rbpg-7aae22b49a7d572c2348b241,rbpg-exec-5d1bcb11ee7a4d89bf15f068dca853f2,659:train:d81_u14,6633a04edb9c55b752e4e2f878eafb0e,1,1,0,clean,0,ok,"{""service"": ""deterministic_policy_gated_stub"", ""status"": ""executed"", ""record_id"": ""train:d81_u14"", ""safety"": ""ok""}",0,0,0.0,0.00039999940781854093,0.00019999970390927047,0.00940000063565094,0.0031999989005271345,0.015600000551785342
660,660,train:d81_u15,,,,,,always,3,1,1,0,0,0,rbpg-7aae22b49a7d572c2348b241,rbpg-7aae22b49a7d572c2348b241,rbpg-exec-5d1bcb11ee7a4d89bf15f068dca853f2,660:train:d81_u15,1ff124294e13938b29773e14f5519748,1,1,0,clean,0,ok,"{""service"": ""deterministic_policy_gated_stub"", ""status"": ""executed"", ""record_id"": ""train:d81_u15"", ""safety"": ""ok""}",0,0,0.0,0.00039999940781854093,0.00019999970390927047,0.009800000043469481,0.0032999996619764715,0.016099998902063817
661,661,train:d82_u0,,,,,,always,3,1,1,0,0,0,rbpg-7aae22b49a7d572c2348b241,rbpg-7aae22b49a7d572c2348b241,rbpg-exec-5d1bcb11ee7a4d89bf15f068dca853f2,661:train:d82_u0,438c1c1ffca550114aed8e359f9ba97c,1,1,0,clean,0,ok,"{""service"": ""deterministic_policy_gated_stub"", ""status"": ""executed"", ""record_id"": ""train:d82_u0"", ""safety"": ""ok""}",0,0,0.0,0.00039999940781854093,0.00019999970390927047,0.00960000033956021,0.003200000719516538,0.015800000255694613
662,662,train:d82_u1,,,,,,always,3,1,1,0,0,0,rbpg-7aae22b49a7d572c2348b241,rbpg-7aae22b49a7d572c2348b241,rbpg-exec-5d1bcb11ee7a4d89bf15f068dca853f2,662:train:d82_u1,dc35181bf90f715ffaac9b91facd9ab3,1,1,0,clean,0,ok,"{""service"": ""deterministic_policy_gated_stub"", ""status"": ""executed"", ""record_id"": ""train:d82_u1"", ""safety"": ""ok""}",0,0,0.0,0.00030000046535860747,0.0002999986463692039,0.00960000033956021,0.0031999989005271345,0.015800000255694613
663,663,train:d82_u2,,,,,,always,3,1,1,0,0,0,rbpg-7aae22b49a7d572c2348b241,rbpg-7aae22b49a7d572c2348b241,rbpg-exec-5d1bcb11ee7a4d89bf15f068dca853f2,663:train:d82_u2,cbeee0b08bd5166d63b12f311025f550,1,1,0,clean,0,ok,"{""service"": ""deterministic_policy_gated_stub"", ""status"": ""executed"", ""record_id"": ""train:d82_u2"", ""safety"": ""ok""}",0,0,0.0,0.0004000012268079445,0.00019999970390927047,0.00940000063565094,0.0032999996619764715,0.015699999494245276
664,664,train:d82_u4,,,,,,always,3,1,1,0,0,0,rbpg-7aae22b49a7d572c2348b241,rbpg-7aae22b49a7d572c2348b241,rbpg-exec-5d1bcb11ee7a4d89bf15f068dca853f2,664:train:d82_u4,72bc6b24b17c162e9e35924bbc687116,1,1,0,clean,0,ok,"{""service"": ""deterministic_policy_gated_stub"", ""status"": ""executed"", ""record_id"": ""train:d82_u4"", ""safety"": ""ok""}",0,0,0.0,0.00030000046535860747,0.00019999970390927047,0.009499999578110874,0.0031999989005271345,0.015699999494245276
665,665,train:d82_u5,,,,,,always,3,1,1,0,0,0,rbpg-7aae22b49a7d572c2348b241,rbpg-7aae22b49a7d572c2348b241,rbpg-exec-5d1bcb11ee7a4d89bf15f068dca853f2,665:train:d82_u5,67c96fafc2727b94b0b9fb541271ea6f,1,1,0,clean,0,ok,"{""service"": ""deterministic_policy_gated_stub"", ""status"": ""executed"", ""record_id"": ""train:d82_u5"", ""safety"": ""ok""}",0,0,0.0,0.0004000012268079445,0.00019999970390927047,0.009399998816661537,0.003099999958067201,0.015699999494245276
666,666,train:d82_u7,,,,,,always,3,1,1,0,0,0,rbpg-7aae22b49a7d572c2348b241,rbpg-7aae22b49a7d572c2348b241,rbpg-exec-5d1bcb11ee7a4d89bf15f068dca853f2,666:train:d82_u7,b441f9d55ff087a623c97827e5151e92,1,1,0,clean,0,ok,"{""service"": ""deterministic_policy_gated_stub"", ""status"": ""executed"", ""record_id"": ""train:d82_u7"", ""safety"": ""ok""}",0,0,0.0,0.00039999940781854093,0.00019999970390927047,0.009699999282020144,0.0031999989005271345,0.015999999959603883
667,667,train:d82_u10,,,,,,always,3,1,1,0,0,0,rbpg-7aae22b49a7d572c2348b241,rbpg-7aae22b49a7d572c2348b241,rbpg-exec-5d1bcb11ee7a4d89bf15f068dca853f2,667:train:d82_u10,83936ad778414088a6a1e725c88f3ee0,1,1,0,clean,0,ok,"{""service"": ""deterministic_policy_gated_stub"", ""status"": ""executed"", ""record_id"": ""train:d82_u10"", ""safety"": ""ok""}",0,0,0.0,0.0006000009307172149,0.00030000046535860747,0.01680000059423037,0.005500000042957254,0.02700000004551839
668,668,train:d82_u11,,,,,,always,3,1,1,0,0,0,rbpg-7aae22b49a7d572c2348b241,rbpg-7aae22b49a7d572c2348b241,rbpg-exec-5d1bcb11ee7a4d89bf15f068dca853f2,668:train:d82_u11,98a8ebb1ddb4cb584ccf87259d3cb6aa,1,1,0,clean,0,ok,"{""service"": ""deterministic_policy_gated_stub"", ""status"": ""executed"", ""record_id"": ""train:d82_u11"", ""safety"": ""ok""}",0,0,0.0,0.000700001692166552,0.00019999970390927047,0.03319999996165279,0.006000000212225132,0.0442000000475673
669,669,train:d83_u0,,,,,,always,3,1,1,0,0,0,rbpg-7aae22b49a7d572c2348b241,rbpg-7aae22b49a7d572c2348b241,rbpg-exec-5d1bcb11ee7a4d89bf15f068dca853f2,669:train:d83_u0,664446fe2a6a2f73194d55b4936c0651,1,1,0,clean,0,ok,"{""service"": ""deterministic_policy_gated_stub"", ""status"": ""executed"", ""record_id"": ""train:d83_u0"", ""safety"": ""ok""}",0,0,0.0,0.0008999995770864189,0.0005000001692678779,0.019600000086938962,0.005800000508315861,0.031100000342121348
670,670,train:d83_u1,,,,,,always,3,1,1,0,0,0,rbpg-7aae22b49a7d572c2348b241,rbpg-7aae22b49a7d572c2348b241,rbpg-exec-5d1bcb11ee7a4d89bf15f068dca853f2,670:train:d83_u1,e0016ebaba254a9d2f0cea7185ca4682,1,1,0,clean,0,ok,"{""service"": ""deterministic_policy_gated_stub"", ""status"": ""executed"", ""record_id"": ""train:d83_u1"", ""safety"": ""ok""}",0,0,0.0,0.0008999995770864189,0.0002999986463692039,0.01849999898695387,0.005599998985417187,0.029699998776777647
671,671,train:d83_u2,,,,,,always,3,1,1,0,0,0,rbpg-7aae22b49a7d572c2348b241,rbpg-7aae22b49a7d572c2348b241,rbpg-exec-5d1bcb11ee7a4d89bf15f068dca853f2,671:train:d83_u2,21e12d9049591a2bf9206bbea1231edb,1,1,0,clean,0,ok,"{""service"": ""deterministic_policy_gated_stub"", ""status"": ""executed"", ""record_id"": ""train:d83_u2"", ""safety"": ""ok""}",0,0,0.0,0.0008000006346264854,0.00030000046535860747,0.015999999959603883,0.004999999873689376,0.025999999706982635
672,672,train:d83_u3,,,,,,always,3,1,1,0,0,0,rbpg-7aae22b49a7d572c2348b241,rbpg-7aae22b49a7d572c2348b241,rbpg-exec-5d1bcb11ee7a4d89bf15f068dca853f2,672:train:d83_u3,9dccc1e9da0c795b882286a4f8505934,1,1,0,clean,0,ok,"{""service"": ""deterministic_policy_gated_stub"", ""status"": ""executed"", ""record_id"": ""train:d83_u3"", ""safety"": ""ok""}",0,0,0.0,0.0006999998731771484,0.0002999986463692039,0.01650000012887176,0.005300000339047983,0.02680000034160912
673,673,train:d84_u1,,,,,,always,3,1,1,0,0,0,rbpg-7aae22b49a7d572c2348b241,rbpg-7aae22b49a7d572c2348b241,rbpg-exec-5d1bcb11ee7a4d89bf15f068dca853f2,673:train:d84_u1,6c87aaaf84409133972344cce0629364,1,1,0,clean,0,ok,"{""service"": ""deterministic_policy_gated_stub"", ""status"": ""executed"", ""record_id"": ""train:d84_u1"", ""safety"": ""ok""}",0,0,0.0,0.0006000009307172149,0.00030000046535860747,0.015300000086426735,0.004999999873689376,0.025100000129896216
674,674,train:d84_u2,,,,,,always,3,1,1,0,0,0,rbpg-7aae22b49a7d572c2348b241,rbpg-7aae22b49a7d572c2348b241,rbpg-exec-5d1bcb11ee7a4d89bf15f068dca853f2,674:train:d84_u2,0bced4cee06f72272e940be7b552eec3,1,1,0,clean,0,ok,"{""service"": ""deterministic_policy_gated_stub"", ""status"": ""executed"", ""record_id"": ""train:d84_u2"", ""safety"": ""ok""}",0,0,0.0,0.0005000001692678779,0.00019999970390927047,0.015400000847876072,0.004999999873689376,0.02519999907235615
675,675,train:d84_u3,,,,,,always,3,1,1,0,0,0,rbpg-7aae22b49a7d572c2348b241,rbpg-7aae22b49a7d572c2348b241,rbpg-exec-5d1bcb11ee7a4d89bf15f068dca853f2,675:train:d84_u3,a893484c2f6059a10887c90012fc99a2,1,1,0,clean,0,ok,"{""service"": ""deterministic_policy_gated_stub"", ""status"": ""executed"", ""record_id"": ""train:d84_u3"", ""safety"": ""ok""}",0,0,0.0,0.0006999998731771484,0.00019999970390927047,0.015499999790336005,0.004900000931229442,0.025299999833805487
676,676,train:d84_u4,,,,,,always,3,1,1,0,0,0,rbpg-7aae22b49a7d572c2348b241,rbpg-7aae22b49a7d572c2348b241,rbpg-exec-5d1bcb11ee7a4d89bf15f068dca853f2,676:train:d84_u4,9f7591324097af6ecac9d140117b703e,1,1,0,clean,0,ok,"{""service"": ""deterministic_policy_gated_stub"", ""status"": ""executed"", ""record_id"": ""train:d84_u4"", ""safety"": ""ok""}",0,0,0.0,0.0005999991117278114,0.00030000046535860747,0.015500001609325409,0.004999999873689376,0.02499999936844688
677,677,train:d84_u5,,,,,,always,3,1,1,0,0,0,rbpg-7aae22b49a7d572c2348b241,rbpg-7aae22b49a7d572c2348b241,rbpg-exec-5d1bcb11ee7a4d89bf15f068dca853f2,677:train:d84_u5,ca48e0074f510ead7356ad75df12324b,1,1,0,clean,0,ok,"{""service"": ""deterministic_policy_gated_stub"", ""status"": ""executed"", ""record_id"": ""train:d84_u5"", ""safety"": ""ok""}",0,0,0.0,0.0006000009307172149,0.00019999970390927047,0.017600001228856854,0.005500000042957254,0.02789999962260481
678,678,train:d84_u6,,,,,,always,3,1,1,0,0,0,rbpg-7aae22b49a7d572c2348b241,rbpg-7aae22b49a7d572c2348b241,rbpg-exec-5d1bcb11ee7a4d89bf15f068dca853f2,678:train:d84_u6,8c7a3f37ab606bd70e4e44b0e6c33ceb,1,1,0,clean,0,ok,"{""service"": ""deterministic_policy_gated_stub"", ""status"": ""executed"", ""record_id"": ""train:d84_u6"", ""safety"": ""ok""}",0,0,0.0,0.0007999988156370819,0.0002999986463692039,0.01570000131323468,0.005399999281507917,0.026499999876250513
679,679,train:d85_u0,,,,,,always,3,1,1,0,0,0,rbpg-7aae22b49a7d572c2348b241,rbpg-7aae22b49a7d572c2348b241,rbpg-exec-5d1bcb11ee7a4d89bf15f068dca853f2,679:train:d85_u0,c3f819b79364551a9abb3a0f89cc4b1e,1,1,0,clean,0,ok,"{""service"": ""deterministic_policy_gated_stub"", ""status"": ""executed"", ""record_id"": ""train:d85_u0"", ""safety"": ""ok""}",0,0,0.0,0.0005999991117278114,0.00030000046535860747,0.015000001440057531,0.004899999112240039,0.024399998437729664
680,680,train:d85_u1,,,,,,always,3,1,1,0,0,0,rbpg-7aae22b49a7d572c2348b241,rbpg-7aae22b49a7d572c2348b241,rbpg-exec-5d1bcb11ee7a4d89bf15f068dca853f2,680:train:d85_u1,ee6d6bc145b56894c5dd32057dbd4b42,1,1,0,clean,0,ok,"{""service"": ""deterministic_policy_gated_stub"", ""status"": ""executed"", ""record_id"": ""train:d85_u1"", ""safety"": ""ok""}",0,0,0.0,0.0006000009307172149,0.00030000046535860747,0.015100000382517464,0.005500000042957254,0.025299999833805487
681,681,train:d85_u2,,,,,,always,3,1,1,0,0,0,rbpg-7aae22b49a7d572c2348b241,rbpg-7aae22b49a7d572c2348b241,rbpg-exec-5d1bcb11ee7a4d89bf15f068dca853f2,681:train:d85_u2,979ed4d3511e85209f9fe7e1f6dcef6a,1,1,0,clean,0,ok,"{""service"": ""deterministic_policy_gated_stub"", ""status"": ""executed"", ""record_id"": ""train:d85_u2"", ""safety"": ""ok""}",0,0,0.0,0.0006999998731771484,0.0002999986463692039,0.014799999917158857,0.004900000931229442,0.024599999960628338
682,682,train:d85_u3,,,,,,always,3,1,1,0,0,0,rbpg-7aae22b49a7d572c2348b241,rbpg-7aae22b49a7d572c2348b241,rbpg-exec-5d1bcb11ee7a4d89bf15f068dca853f2,682:train:d85_u3,788e49b56a169b9d36f3f8d754656524,1,1,0,clean,0,ok,"{""service"": ""deterministic_policy_gated_stub"", ""status"": ""executed"", ""record_id"": ""train:d85_u3"", ""safety"": ""ok""}",0,0,0.0,0.0006999998731771484,0.00019999970390927047,0.015599998732795939,0.004699999408330768,0.024599999960628338
683,683,train:d85_u4,,,,,,always,3,1,1,0,0,0,rbpg-7aae22b49a7d572c2348b241,rbpg-7aae22b49a7d572c2348b241,rbpg-exec-5d1bcb11ee7a4d89bf15f068dca853f2,683:train:d85_u4,70ba7add05795c863918d2bdf4a16fef,1,1,0,clean,0,ok,"{""service"": ""deterministic_policy_gated_stub"", ""status"": ""executed"", ""record_id"": ""train:d85_u4"", ""safety"": ""ok""}",0,0,0.0,0.0006999998731771484,0.00030000046535860747,0.016799998775240965,0.005500000042957254,0.027300000510877
684,684,train:d86_u0,,,,,,always,3,1,1,0,0,0,rbpg-7aae22b49a7d572c2348b241,rbpg-7aae22b49a7d572c2348b241,rbpg-exec-5d1bcb11ee7a4d89bf15f068dca853f2,684:train:d86_u0,99e0377a7f91f5573b3f9e16c6ada9fa,1,1,0,clean,0,ok,"{""service"": ""deterministic_policy_gated_stub"", ""status"": ""executed"", ""record_id"": ""train:d86_u0"", ""safety"": ""ok""}",0,0,0.0,0.0006000009307172149,0.0004000012268079445,0.01630000042496249,0.005500000042957254,0.02680000034160912
685,685,train:d86_u1,,,,,,always,3,1,1,0,0,0,rbpg-7aae22b49a7d572c2348b241,rbpg-7aae22b49a7d572c2348b241,rbpg-exec-5d1bcb11ee7a4d89bf15f068dca853f2,685:train:d86_u1,ef9672372231ebbb43066fc2381c1e01,1,1,0,clean,0,ok,"{""service"": ""deterministic_policy_gated_stub"", ""status"": ""executed"", ""record_id"": ""train:d86_u1"", ""safety"": ""ok""}",0,0,0.0,0.0006999998731771484,0.00030000046535860747,0.016399999367422424,0.005300000339047983,0.02640000093379058
686,686,train:d86_u3,,,,,,always,3,1,1,0,0,0,rbpg-7aae22b49a7d572c2348b241,rbpg-7aae22b49a7d572c2348b241,rbpg-exec-5d1bcb11ee7a4d89bf15f068dca853f2,686:train:d86_u3,bffa0a97137a50df30d3c4288ddf2d61,1,1,0,clean,0,ok,"{""service"": ""deterministic_policy_gated_stub"", ""status"": ""executed"", ""record_id"": ""train:d86_u3"", ""safety"": ""ok""}",0,0,0.0,0.0006999998731771484,0.0002999986463692039,0.01720000000204891,0.006099999154685065,0.02829999903042335
687,687,train:d86_u4,,,,,,always,3,1,1,0,0,0,rbpg-7aae22b49a7d572c2348b241,rbpg-7aae22b49a7d572c2348b241,rbpg-exec-5d1bcb11ee7a4d89bf15f068dca853f2,687:train:d86_u4,fc1dff41b4d910c8ea5f9ad08a866538,1,1,0,clean,0,ok,"{""service"": ""deterministic_policy_gated_stub"", ""status"": ""executed"", ""record_id"": ""train:d86_u4"", ""safety"": ""ok""}",0,0,0.0,0.0006999998731771484,0.0004000012268079445,0.05160000000614673,0.0068999997893115506,0.06430000030377414
688,688,train:d86_u6,,,,,,always,3,1,1,0,0,0,rbpg-7aae22b49a7d572c2348b241,rbpg-7aae22b49a7d572c2348b241,rbpg-exec-5d1bcb11ee7a4d89bf15f068dca853f2,688:train:d86_u6,afc8ef137a6013c8a1d3aa252f110208,1,1,0,clean,0,ok,"{""service"": ""deterministic_policy_gated_stub"", ""status"": ""executed"", ""record_id"": ""train:d86_u6"", ""safety"": ""ok""}",0,0,0.0,0.0007999988156370819,0.00030000046535860747,0.020400000721565448,0.006000000212225132,0.03199999991920777
689,689,train:d86_u7,,,,,,always,3,1,1,0,0,0,rbpg-7aae22b49a7d572c2348b241,rbpg-7aae22b49a7d572c2348b241,rbpg-exec-5d1bcb11ee7a4d89bf15f068dca853f2,689:train:d86_u7,71f0d7c1072c0b365c58733773251ca2,1,1,0,clean,0,ok,"{""service"": ""deterministic_policy_gated_stub"", ""status"": ""executed"", ""record_id"": ""train:d86_u7"", ""safety"": ""ok""}",0,0,0.0,0.0008000006346264854,0.0002999986463692039,0.018100001398124732,0.005699999746866524,0.029099999665049836
690,690,train:d86_u8,,,,,,always,3,1,1,0,0,0,rbpg-7aae22b49a7d572c2348b241,rbpg-7aae22b49a7d572c2348b241,rbpg-exec-5d1bcb11ee7a4d89bf15f068dca853f2,690:train:d86_u8,20085f6f8689e1cb8f30a0c3eaf53ae7,1,1,0,clean,0,ok,"{""service"": ""deterministic_policy_gated_stub"", ""status"": ""executed"", ""record_id"": ""train:d86_u8"", ""safety"": ""ok""}",0,0,0.0,0.0006999998731771484,0.00030000046535860747,0.01779999911377672,0.006000000212225132,0.02879999919969123
691,691,train:d86_u9,,,,,,always,3,1,1,0,0,0,rbpg-7aae22b49a7d572c2348b241,rbpg-7aae22b49a7d572c2348b241,rbpg-exec-5d1bcb11ee7a4d89bf15f068dca853f2,691:train:d86_u9,dc4a67e9ee4bcf25acd084bec7096fa3,1,1,0,clean,0,ok,"{""service"": ""deterministic_policy_gated_stub"", ""status"": ""executed"", ""record_id"": ""train:d86_u9"", ""safety"": ""ok""}",0,0,0.0,0.0006999998731771484,0.0002999986463692039,0.01809999957913533,0.005899999450775795,0.029000000722589903
692,692,train:d86_u10,,,,,,always,3,1,1,0,0,0,rbpg-7aae22b49a7d572c2348b241,rbpg-7aae22b49a7d572c2348b241,rbpg-exec-5d1bcb11ee7a4d89bf15f068dca853f2,692:train:d86_u10,22bafaf297b9cb2d268d6203c6173a57,1,1,0,clean,0,ok,"{""service"": ""deterministic_policy_gated_stub"", ""status"": ""executed"", ""record_id"": ""train:d86_u10"", ""safety"": ""ok""}",0,0,0.0,0.0006999998731771484,0.00019999970390927047,0.01990000055229757,0.006300000677583739,0.031600000511389226
693,693,train:d87_u0,,,,,,always,3,1,1,0,0,0,rbpg-7aae22b49a7d572c2348b241,rbpg-7aae22b49a7d572c2348b241,rbpg-exec-5d1bcb11ee7a4d89bf15f068dca853f2,693:train:d87_u0,3705cb828450e2b0401a8efc3bc70708,1,1,0,clean,0,ok,"{""service"": ""deterministic_policy_gated_stub"", ""status"": ""executed"", ""record_id"": ""train:d87_u0"", ""safety"": ""ok""}",0,0,0.0,0.0007999988156370819,0.00030000046535860747,0.01880000127130188,0.005500000042957254,0.029799999538226984
694,694,train:d87_u1,,,,,,always,3,1,1,0,0,0,rbpg-7aae22b49a7d572c2348b241,rbpg-7aae22b49a7d572c2348b241,rbpg-exec-5d1bcb11ee7a4d89bf15f068dca853f2,694:train:d87_u1,d44cc7776155a2fd3dedba5f56b1b9bb,1,1,0,clean,0,ok,"{""service"": ""deterministic_policy_gated_stub"", ""status"": ""executed"", ""record_id"": ""train:d87_u1"", ""safety"": ""ok""}",0,0,0.0,0.0006999998731771484,0.00030000046535860747,0.01590000101714395,0.004999999873689376,0.0259000007645227
695,695,train:d87_u2,,,,,,always,3,1,1,0,0,0,rbpg-7aae22b49a7d572c2348b241,rbpg-7aae22b49a7d572c2348b241,rbpg-exec-5d1bcb11ee7a4d89bf15f068dca853f2,695:train:d87_u2,65c584392ed8b0f4023cfd545f82e3bd,1,1,0,clean,0,ok,"{""service"": ""deterministic_policy_gated_stub"", ""status"": ""executed"", ""record_id"": ""train:d87_u2"", ""safety"": ""ok""}",0,0,0.0,0.0005999991117278114,0.0002999986463692039,0.015300000086426735,0.004999999873689376,0.024900000425986946
696,696,train:d87_u3,,,,,,always,3,1,1,0,0,0,rbpg-7aae22b49a7d572c2348b241,rbpg-7aae22b49a7d572c2348b241,rbpg-exec-5d1bcb11ee7a4d89bf15f068dca853f2,696:train:d87_u3,0b72042733bcdf0c8f000d495199f707,1,1,0,clean,0,ok,"{""service"": ""deterministic_policy_gated_stub"", ""status"": ""executed"", ""record_id"": ""train:d87_u3"", ""safety"": ""ok""}",0,0,0.0,0.0006000009307172149,0.00030000046535860747,0.015499999790336005,0.00540000110049732,0.025499999537714757
697,697,train:d87_u4,,,,,,always,3,1,1,0,0,0,rbpg-7aae22b49a7d572c2348b241,rbpg-7aae22b49a7d572c2348b241,rbpg-exec-5d1bcb11ee7a4d89bf15f068dca853f2,697:train:d87_u4,fb07399dd23d13756b86163395b256ef,1,1,0,clean,0,ok,"{""service"": ""deterministic_policy_gated_stub"", ""status"": ""executed"", ""record_id"": ""train:d87_u4"", ""safety"": ""ok""}",0,0,0.0,0.0006999998731771484,0.00030000046535860747,0.01720000000204891,0.005699999746866524,0.028000000384054147
698,698,train:d87_u5,,,,,,always,3,1,1,0,0,0,rbpg-7aae22b49a7d572c2348b241,rbpg-7aae22b49a7d572c2348b241,rbpg-exec-5d1bcb11ee7a4d89bf15f068dca853f2,698:train:d87_u5,c67cf7da3201f30dea5de955ca04f294,1,1,0,clean,0,ok,"{""service"": ""deterministic_policy_gated_stub"", ""status"": ""executed"", ""record_id"": ""train:d87_u5"", ""safety"": ""ok""}",0,0,0.0,0.0006999998731771484,0.00039999940781854093,0.017100001059588976,0.005599998985417187,0.02809999932651408
699,699,train:d87_u6,,,,,,always,3,1,1,0,0,0,rbpg-7aae22b49a7d572c2348b241,rbpg-7aae22b49a7d572c2348b241,rbpg-exec-5d1bcb11ee7a4d89bf15f068dca853f2,699:train:d87_u6,f9d25ccedd4de1751e530271390b8448,1,1,0,clean,0,ok,"{""service"": ""deterministic_policy_gated_stub"", ""status"": ""executed"", ""record_id"": ""train:d87_u6"", ""safety"": ""ok""}",0,0,0.0,0.000700001692166552,0.0002999986463692039,0.01849999898695387,0.006399999620043673,0.02970000059576705
700,700,train:d87_u7,,,,,,always,3,1,1,0,0,0,rbpg-7aae22b49a7d572c2348b241,rbpg-7aae22b49a7d572c2348b241,rbpg-exec-5d1bcb11ee7a4d89bf15f068dca853f2,700:train:d87_u7,271affb9283196bc3a679feb0e783dbb,1,1,0,clean,0,ok,"{""service"": ""deterministic_policy_gated_stub"", ""status"": ""executed"", ""record_id"": ""train:d87_u7"", ""safety"": ""ok""}",0,0,0.0,0.0006999998731771484,0.00030000046535860747,0.018100001398124732,0.006199999916134402,0.029599999834317714
701,701,train:d87_u8,,,,,,always,3,1,1,0,0,0,rbpg-7aae22b49a7d572c2348b241,rbpg-7aae22b49a7d572c2348b241,rbpg-exec-5d1bcb11ee7a4d89bf15f068dca853f2,701:train:d87_u8,254ef40eb95d2e3fa8f1e6765eb70ef6,1,1,0,clean,0,ok,"{""service"": ""deterministic_policy_gated_stub"", ""status"": ""executed"", ""record_id"": ""train:d87_u8"", ""safety"": ""ok""}",0,0,0.0,0.0006999998731771484,0.00039999940781854093,0.017300000763498247,0.005799998689326458,0.028200000087963417
702,702,train:d87_u9,,,,,,always,3,1,1,0,0,0,rbpg-7aae22b49a7d572c2348b241,rbpg-7aae22b49a7d572c2348b241,rbpg-exec-5d1bcb11ee7a4d89bf15f068dca853f2,702:train:d87_u9,5e72022173f69f1583fa6ea464d3fa39,1,1,0,clean,0,ok,"{""service"": ""deterministic_policy_gated_stub"", ""status"": ""executed"", ""record_id"": ""train:d87_u9"", ""safety"": ""ok""}",0,0,0.0,0.0006999998731771484,0.00030000046535860747,0.018900000213761814,0.005699999746866524,0.02970000059576705
703,703,train:d88_u0,,,,,,always,3,1,1,0,0,0,rbpg-7aae22b49a7d572c2348b241,rbpg-7aae22b49a7d572c2348b241,rbpg-exec-5d1bcb11ee7a4d89bf15f068dca853f2,703:train:d88_u0,2bfa8659fc2e49e525534474ddfde65c,1,1,0,clean,0,ok,"{""service"": ""deterministic_policy_gated_stub"", ""status"": ""executed"", ""record_id"": ""train:d88_u0"", ""safety"": ""ok""}",0,0,0.0,0.0008000006346264854,0.000200001522898674,0.017700000171316788,0.005599998985417187,0.028399999791872688
704,704,train:d88_u1,,,,,,always,3,1,1,0,0,0,rbpg-7aae22b49a7d572c2348b241,rbpg-7aae22b49a7d572c2348b241,rbpg-exec-5d1bcb11ee7a4d89bf15f068dca853f2,704:train:d88_u1,81af3230a3e565cb68c98913cd588c47,1,1,0,clean,0,ok,"{""service"": ""deterministic_policy_gated_stub"", ""status"": ""executed"", ""record_id"": ""train:d88_u1"", ""safety"": ""ok""}",0,0,0.0,0.0006999998731771484,0.00030000046535860747,0.01680000059423037,0.005900001269765198,0.02750000021478627
705,705,train:d88_u2,,,,,,always,3,1,1,0,0,0,rbpg-7aae22b49a7d572c2348b241,rbpg-7aae22b49a7d572c2348b241,rbpg-exec-5d1bcb11ee7a4d89bf15f068dca853f2,705:train:d88_u2,7930c92b66b04f2c9a6b9d033cb47581,1,1,0,clean,0,ok,"{""service"": ""deterministic_policy_gated_stub"", ""status"": ""executed"", ""record_id"": ""train:d88_u2"", ""safety"": ""ok""}",0,0,0.0,0.0006000009307172149,0.00039999940781854093,0.01630000042496249,0.005899999450775795,0.027499998395796865
706,706,train:d88_u3,,,,,,always,3,1,1,0,0,0,rbpg-7aae22b49a7d572c2348b241,rbpg-7aae22b49a7d572c2348b241,rbpg-exec-5d1bcb11ee7a4d89bf15f068dca853f2,706:train:d88_u3,a89076a5c76492769ccbf2a0de5b3899,1,1,0,clean,0,ok,"{""service"": ""deterministic_policy_gated_stub"", ""status"": ""executed"", ""record_id"": ""train:d88_u3"", ""safety"": ""ok""}",0,0,0.0,0.0008000006346264854,0.0002999986463692039,0.01680000059423037,0.006000000212225132,0.02809999932651408
707,707,train:d89_u0,,,,,,always,3,1,1,0,0,0,rbpg-7aae22b49a7d572c2348b241,rbpg-7aae22b49a7d572c2348b241,rbpg-exec-5d1bcb11ee7a4d89bf15f068dca853f2,707:train:d89_u0,2a19d9805dfdf1eb3bbd3d862b728ec8,1,1,0,clean,0,ok,"{""service"": ""deterministic_policy_gated_stub"", ""status"": ""executed"", ""record_id"": ""train:d89_u0"", ""safety"": ""ok""}",0,0,0.0,0.0005999991117278114,0.00030000046535860747,0.015999999959603883,0.005900001269765198,0.027100000806967728
708,708,train:d89_u1,,,,,,always,3,1,1,0,0,0,rbpg-7aae22b49a7d572c2348b241,rbpg-7aae22b49a7d572c2348b241,rbpg-exec-5d1bcb11ee7a4d89bf15f068dca853f2,708:train:d89_u1,351912ed085e9b10f153398c1f1e0cf6,1,1,0,clean,0,ok,"{""service"": ""deterministic_policy_gated_stub"", ""status"": ""executed"", ""record_id"": ""train:d89_u1"", ""safety"": ""ok""}",0,0,0.0,0.0006999998731771484,0.00030000046535860747,0.015999999959603883,0.005800000508315861,0.027100000806967728
709,709,train:d89_u2,,,,,,always,3,1,1,0,0,0,rbpg-7aae22b49a7d572c2348b241,rbpg-7aae22b49a7d572c2348b241,rbpg-exec-5d1bcb11ee7a4d89bf15f068dca853f2,709:train:d89_u2,ebfe0613edad96f91f406c4fac0a6af4,1,1,0,clean,0,ok,"{""service"": ""deterministic_policy_gated_stub"", ""status"": ""executed"", ""record_id"": ""train:d89_u2"", ""safety"": ""ok""}",0,0,0.0,0.0006999998731771484,0.00030000046535860747,0.016099998902063817,0.005600000804406591,0.026900001103058457
710,710,train:d89_u4,,,,,,always,3,1,1,0,0,0,rbpg-7aae22b49a7d572c2348b241,rbpg-7aae22b49a7d572c2348b241,rbpg-exec-5d1bcb11ee7a4d89bf15f068dca853f2,710:train:d89_u4,2a23bf80132b35c9640c6e2ec4a969cf,1,1,0,clean,0,ok,"{""service"": ""deterministic_policy_gated_stub"", ""status"": ""executed"", ""record_id"": ""train:d89_u4"", ""safety"": ""ok""}",0,0,0.0,0.0006999998731771484,0.00030000046535860747,0.015999999959603883,0.005599998985417187,0.026899999284069054
711,711,train:d89_u5,,,,,,always,3,1,1,0,0,0,rbpg-7aae22b49a7d572c2348b241,rbpg-7aae22b49a7d572c2348b241,rbpg-exec-5d1bcb11ee7a4d89bf15f068dca853f2,711:train:d89_u5,5042cad35f9d15f4c9dbc2e8922451d7,1,1,0,clean,0,ok,"{""service"": ""deterministic_policy_gated_stub"", ""status"": ""executed"", ""record_id"": ""train:d89_u5"", ""safety"": ""ok""}",0,0,0.0,0.0006999998731771484,0.00039999940781854093,0.017600001228856854,0.006199999916134402,0.04079999962414149
712,712,train:d89_u6,,,,,,always,3,1,1,0,0,0,rbpg-7aae22b49a7d572c2348b241,rbpg-7aae22b49a7d572c2348b241,rbpg-exec-5d1bcb11ee7a4d89bf15f068dca853f2,712:train:d89_u6,cf7782da52d3463ecfb09c666359f6fe,1,1,0,clean,0,ok,"{""service"": ""deterministic_policy_gated_stub"", ""status"": ""executed"", ""record_id"": ""train:d89_u6"", ""safety"": ""ok""}",0,0,0.0,0.0006999998731771484,0.0004000012268079445,0.016599999071331695,0.006100000973674469,0.028300000849412754
713,713,train:d89_u7,,,,,,always,3,1,1,0,0,0,rbpg-7aae22b49a7d572c2348b241,rbpg-7aae22b49a7d572c2348b241,rbpg-exec-5d1bcb11ee7a4d89bf15f068dca853f2,713:train:d89_u7,48bf3b3f0676b9ce46ee46823cc2601b,1,1,0,clean,0,ok,"{""service"": ""deterministic_policy_gated_stub"", ""status"": ""executed"", ""record_id"": ""train:d89_u7"", ""safety"": ""ok""}",0,0,0.0,0.0006999998731771484,0.00030000046535860747,0.015999999959603883,0.006199999916134402,0.02750000021478627
714,714,train:d89_u8,,,,,,always,3,1,1,0,0,0,rbpg-7aae22b49a7d572c2348b241,rbpg-7aae22b49a7d572c2348b241,rbpg-exec-5d1bcb11ee7a4d89bf15f068dca853f2,714:train:d89_u8,a7da0868b85af22d172b34fb2a63efba,1,1,0,clean,0,ok,"{""service"": ""deterministic_policy_gated_stub"", ""status"": ""executed"", ""record_id"": ""train:d89_u8"", ""safety"": ""ok""}",0,0,0.0,0.0006999998731771484,0.00030000046535860747,0.044099999286117963,0.005999998393235728,0.05539999983739108
715,715,train:d89_u9,,,,,,always,3,1,1,0,0,0,rbpg-7aae22b49a7d572c2348b241,rbpg-7aae22b49a7d572c2348b241,rbpg-exec-5d1bcb11ee7a4d89bf15f068dca853f2,715:train:d89_u9,f2278fd94427d4f334c426c9f712d57b,1,1,0,clean,0,ok,"{""service"": ""deterministic_policy_gated_stub"", ""status"": ""executed"", ""record_id"": ""train:d89_u9"", ""safety"": ""ok""}",0,0,0.0,0.0006999998731771484,0.0002999986463692039,0.019199998860131018,0.00650000038149301,0.03130000004603062
716,716,train:d89_u11,,,,,,always,3,1,1,0,0,0,rbpg-7aae22b49a7d572c2348b241,rbpg-7aae22b49a7d572c2348b241,rbpg-exec-5d1bcb11ee7a4d89bf15f068dca853f2,716:train:d89_u11,efd92a4e06abd72cc778e4adf7225f8a,1,1,0,clean,0,ok,"{""service"": ""deterministic_policy_gated_stub"", ""status"": ""executed"", ""record_id"": ""train:d89_u11"", ""safety"": ""ok""}",0,0,0.0,0.0006999998731771484,0.00030000046535860747,0.017500000467407517,0.02029999996011611,0.04289999924367294
717,717,train:d89_u15,,,,,,always,3,1,1,0,0,0,rbpg-7aae22b49a7d572c2348b241,rbpg-7aae22b49a7d572c2348b241,rbpg-exec-5d1bcb11ee7a4d89bf15f068dca853f2,717:train:d89_u15,383ca90e1fe5b30c05c31f1dd25a8303,1,1,0,clean,0,ok,"{""service"": ""deterministic_policy_gated_stub"", ""status"": ""executed"", ""record_id"": ""train:d89_u15"", ""safety"": ""ok""}",0,0,0.0,0.0006000009307172149,0.0002999986463692039,0.01630000042496249,0.005800000508315861,0.027299998691887595
718,718,train:d89_u16,,,,,,always,3,1,1,0,0,0,rbpg-7aae22b49a7d572c2348b241,rbpg-7aae22b49a7d572c2348b241,rbpg-exec-5d1bcb11ee7a4d89bf15f068dca853f2,718:train:d89_u16,bf5a028d270348a0f737f7320e1f0646,1,1,0,clean,0,ok,"{""service"": ""deterministic_policy_gated_stub"", ""status"": ""executed"", ""record_id"": ""train:d89_u16"", ""safety"": ""ok""}",0,0,0.0,0.0006000009307172149,0.0002999986463692039,0.016199999663513154,0.006199999916134402,0.027400001272326335
719,719,train:d91_u0,,,,,,always,3,1,1,0,0,0,rbpg-7aae22b49a7d572c2348b241,rbpg-7aae22b49a7d572c2348b241,rbpg-exec-5d1bcb11ee7a4d89bf15f068dca853f2,719:train:d91_u0,b594b464c94ae29902a9347b404834a1,1,1,0,clean,0,ok,"{""service"": ""deterministic_policy_gated_stub"", ""status"": ""executed"", ""record_id"": ""train:d91_u0"", ""safety"": ""ok""}",0,0,0.0,0.0006999998731771484,0.00039999940781854093,0.016399999367422424,0.006099999154685065,0.02769999991869554
720,720,train:d92_u0,,,,,,always,3,1,1,0,0,0,rbpg-7aae22b49a7d572c2348b241,rbpg-7aae22b49a7d572c2348b241,rbpg-exec-5d1bcb11ee7a4d89bf15f068dca853f2,720:train:d92_u0,c6898f5c02781ab744bc2b33867dda18,1,1,0,clean,0,ok,"{""service"": ""deterministic_policy_gated_stub"", ""status"": ""executed"", ""record_id"": ""train:d92_u0"", ""safety"": ""ok""}",0,0,0.0,0.0006000009307172149,0.00030000046535860747,0.016199999663513154,0.006000000212225132,0.027400001272326335
721,721,train:d92_u1,,,,,,always,3,1,1,0,0,0,rbpg-7aae22b49a7d572c2348b241,rbpg-7aae22b49a7d572c2348b241,rbpg-exec-5d1bcb11ee7a4d89bf15f068dca853f2,721:train:d92_u1,a6587d6bf985015d3311ecf0c219c81c,1,1,0,clean,0,ok,"{""service"": ""deterministic_policy_gated_stub"", ""status"": ""executed"", ""record_id"": ""train:d92_u1"", ""safety"": ""ok""}",0,0,0.0,0.0006999998731771484,0.00030000046535860747,0.015899999198154546,0.006000000212225132,0.027100000806967728
722,722,train:d93_u0,,,,,,always,3,1,1,0,0,0,rbpg-7aae22b49a7d572c2348b241,rbpg-7aae22b49a7d572c2348b241,rbpg-exec-5d1bcb11ee7a4d89bf15f068dca853f2,722:train:d93_u0,2ae439bcc80a78007811b80e4d12a041,1,1,0,clean,0,ok,"{""service"": ""deterministic_policy_gated_stub"", ""status"": ""executed"", ""record_id"": ""train:d93_u0"", ""safety"": ""ok""}",0,0,0.0,0.0005999991117278114,0.00039999940781854093,0.015699999494245276,0.006000000212225132,0.02660000063769985
723,723,train:d93_u1,,,,,,always,3,1,1,0,0,0,rbpg-7aae22b49a7d572c2348b241,rbpg-7aae22b49a7d572c2348b241,rbpg-exec-5d1bcb11ee7a4d89bf15f068dca853f2,723:train:d93_u1,cd8f44dadef7adbb25632591d02f24d0,1,1,0,clean,0,ok,"{""service"": ""deterministic_policy_gated_stub"", ""status"": ""executed"", ""record_id"": ""train:d93_u1"", ""safety"": ""ok""}",0,0,0.0,0.0005999991117278114,0.00030000046535860747,0.015999999959603883,0.006000000212225132,0.027300000510877
724,724,train:d93_u2,,,,,,always,3,1,1,0,0,0,rbpg-7aae22b49a7d572c2348b241,rbpg-7aae22b49a7d572c2348b241,rbpg-exec-5d1bcb11ee7a4d89bf15f068dca853f2,724:train:d93_u2,f7d6c0498d92b05489750f7becbba03f,1,1,0,clean,0,ok,"{""service"": ""deterministic_policy_gated_stub"", ""status"": ""executed"", ""record_id"": ""train:d93_u2"", ""safety"": ""ok""}",0,0,0.0,0.0005999991117278114,0.00030000046535860747,8.396799999900395,0.004100000296602957,8.405900000070687
725,725,train:d93_u4,,,,,,always,3,1,1,0,0,0,rbpg-7aae22b49a7d572c2348b241,rbpg-7aae22b49a7d572c2348b241,rbpg-exec-5d1bcb11ee7a4d89bf15f068dca853f2,725:train:d93_u4,26cd5a2435facf8e0cda043870806893,1,1,0,clean,0,ok,"{""service"": ""deterministic_policy_gated_stub"", ""status"": ""executed"", ""record_id"": ""train:d93_u4"", ""safety"": ""ok""}",0,0,0.0,0.001999998858082108,0.0004000012268079445,0.03860000106215011,0.0068999997893115506,0.057199998991563916
726,726,train:d94_u0,,,,,,always,3,1,1,0,0,0,rbpg-7aae22b49a7d572c2348b241,rbpg-7aae22b49a7d572c2348b241,rbpg-exec-5d1bcb11ee7a4d89bf15f068dca853f2,726:train:d94_u0,1217506d5656d02f102d3a753c8b6c43,1,1,0,clean,0,ok,"{""service"": ""deterministic_policy_gated_stub"", ""status"": ""executed"", ""record_id"": ""train:d94_u0"", ""safety"": ""ok""}",0,0,0.0,0.0006999998731771484,0.0002999986463692039,0.016799998775240965,0.004699999408330768,0.026199999410891905
727,727,train:d94_u1,,,,,,always,3,1,1,0,0,0,rbpg-7aae22b49a7d572c2348b241,rbpg-7aae22b49a7d572c2348b241,rbpg-exec-5d1bcb11ee7a4d89bf15f068dca853f2,727:train:d94_u1,365ff922994d995a6a94b56d39fe54d0,1,1,0,clean,0,ok,"{""service"": ""deterministic_policy_gated_stub"", ""status"": ""executed"", ""record_id"": ""train:d94_u1"", ""safety"": ""ok""}",0,0,0.0,0.0006000009307172149,0.00019999970390927047,0.012299999070819467,0.0037999998312443495,0.019799999790848233
728,728,train:d94_u3,,,,,,always,3,1,1,0,0,0,rbpg-7aae22b49a7d572c2348b241,rbpg-7aae22b49a7d572c2348b241,rbpg-exec-5d1bcb11ee7a4d89bf15f068dca853f2,728:train:d94_u3,a5338621f3366f429e4a4af0be3a29ae,1,1,0,clean,0,ok,"{""service"": ""deterministic_policy_gated_stub"", ""status"": ""executed"", ""record_id"": ""train:d94_u3"", ""safety"": ""ok""}",0,0,0.0,0.0004999983502784744,0.00019999970390927047,0.01089999932446517,0.003499999365885742,0.017600001228856854
729,729,train:d94_u6,,,,,,always,3,1,1,0,0,0,rbpg-7aae22b49a7d572c2348b241,rbpg-7aae22b49a7d572c2348b241,rbpg-exec-5d1bcb11ee7a4d89bf15f068dca853f2,729:train:d94_u6,9c200652824da2937a90dda2ae06e7d0,1,1,0,clean,0,ok,"{""service"": ""deterministic_policy_gated_stub"", ""status"": ""executed"", ""record_id"": ""train:d94_u6"", ""safety"": ""ok""}",0,0,0.0,0.0005000001692678779,0.00019999970390927047,0.010199999451288022,0.0032999996619764715,0.01669999983278103
730,730,train:d94_u7,,,,,,always,3,1,1,0,0,0,rbpg-7aae22b49a7d572c2348b241,rbpg-7aae22b49a7d572c2348b241,rbpg-exec-5d1bcb11ee7a4d89bf15f068dca853f2,730:train:d94_u7,ed448c05bd96862604ebafe02116b810,1,1,0,clean,0,ok,"{""service"": ""deterministic_policy_gated_stub"", ""status"": ""executed"", ""record_id"": ""train:d94_u7"", ""safety"": ""ok""}",0,0,0.0,0.00039999940781854093,0.00019999970390927047,0.009699999282020144,0.0032999996619764715,0.01610000072105322
731,731,train:d94_u8,,,,,,always,3,1,1,0,0,0,rbpg-7aae22b49a7d572c2348b241,rbpg-7aae22b49a7d572c2348b241,rbpg-exec-5d1bcb11ee7a4d89bf15f068dca853f2,731:train:d94_u8,91f1ae1f4c6d0f83e7731df67354885d,1,1,0,clean,0,ok,"{""service"": ""deterministic_policy_gated_stub"", ""status"": ""executed"", ""record_id"": ""train:d94_u8"", ""safety"": ""ok""}",0,0,0.0,0.00039999940781854093,0.000200001522898674,0.009800000043469481,0.0032999996619764715,0.01630000042496249
732,732,train:d94_u9,,,,,,always,3,1,1,0,0,0,rbpg-7aae22b49a7d572c2348b241,rbpg-7aae22b49a7d572c2348b241,rbpg-exec-5d1bcb11ee7a4d89bf15f068dca853f2,732:train:d94_u9,fcb24197cb662fb3134da515ec624c9d,1,1,0,clean,0,ok,"{""service"": ""deterministic_policy_gated_stub"", ""status"": ""executed"", ""record_id"": ""train:d94_u9"", ""safety"": ""ok""}",0,0,0.0,0.00039999940781854093,0.00019999970390927047,0.009900000804918818,0.003300001480965875,0.01630000042496249
733,733,train:d94_u10,,,,,,always,3,1,1,0,0,0,rbpg-7aae22b49a7d572c2348b241,rbpg-7aae22b49a7d572c2348b241,rbpg-exec-5d1bcb11ee7a4d89bf15f068dca853f2,733:train:d94_u10,3066403f2fdeb8bbf8aab428f42635f9,1,1,0,clean,0,ok,"{""service"": ""deterministic_policy_gated_stub"", ""status"": ""executed"", ""record_id"": ""train:d94_u10"", ""safety"": ""ok""}",0,0,0.0,0.0004000012268079445,0.00019999970390927047,0.009800000043469481,0.0032999996619764715,0.016099998902063817
734,734,train:d94_u11,,,,,,always,3,1,1,0,0,0,rbpg-7aae22b49a7d572c2348b241,rbpg-7aae22b49a7d572c2348b241,rbpg-exec-5d1bcb11ee7a4d89bf15f068dca853f2,734:train:d94_u11,99d7fe501d1a616c0697d8b53b5360c2,1,1,0,clean,0,ok,"{""service"": ""deterministic_policy_gated_stub"", ""status"": ""executed"", ""record_id"": ""train:d94_u11"", ""safety"": ""ok""}",0,0,0.0,0.0004000012268079445,0.00019999970390927047,0.009299999874201603,0.0032999996619764715,0.015699999494245276
735,735,train:d94_u12,,,,,,always,3,1,1,0,0,0,rbpg-7aae22b49a7d572c2348b241,rbpg-7aae22b49a7d572c2348b241,rbpg-exec-5d1bcb11ee7a4d89bf15f068dca853f2,735:train:d94_u12,1c87a192392657bb8e167768f3cee1f4,1,1,0,clean,0,ok,"{""service"": ""deterministic_policy_gated_stub"", ""status"": ""executed"", ""record_id"": ""train:d94_u12"", ""safety"": ""ok""}",0,0,0.0,0.0004999983502784744,0.00019999970390927047,0.00960000033956021,0.0032999996619764715,0.015999999959603883
736,736,train:d94_u13,,,,,,always,3,1,1,0,0,0,rbpg-7aae22b49a7d572c2348b241,rbpg-7aae22b49a7d572c2348b241,rbpg-exec-5d1bcb11ee7a4d89bf15f068dca853f2,736:train:d94_u13,0bc9a31162fbb830ab5d09c7db729c8f,1,1,0,clean,0,ok,"{""service"": ""deterministic_policy_gated_stub"", ""status"": ""executed"", ""record_id"": ""train:d94_u13"", ""safety"": ""ok""}",0,0,0.0,0.0004000012268079445,0.00019999970390927047,0.009399998816661537,0.0031999989005271345,0.015699999494245276
737,737,train:d94_u14,,,,,,always,3,1,1,0,0,0,rbpg-7aae22b49a7d572c2348b241,rbpg-7aae22b49a7d572c2348b241,rbpg-exec-5d1bcb11ee7a4d89bf15f068dca853f2,737:train:d94_u14,1e91d0b79f911939068f39a1edb9f08a,1,1,0,clean,0,ok,"{""service"": ""deterministic_policy_gated_stub"", ""status"": ""executed"", ""record_id"": ""train:d94_u14"", ""safety"": ""ok""}",0,0,0.0,0.0005000001692678779,0.00019999970390927047,0.009299999874201603,0.003200000719516538,0.015599998732795939
738,738,train:d94_u15,,,,,,always,3,1,1,0,0,0,rbpg-7aae22b49a7d572c2348b241,rbpg-7aae22b49a7d572c2348b241,rbpg-exec-5d1bcb11ee7a4d89bf15f068dca853f2,738:train:d94_u15,a81f3e36ccc05c84bdd0f61690df14db,1,1,0,clean,0,ok,"{""service"": ""deterministic_policy_gated_stub"", ""status"": ""executed"", ""record_id"": ""train:d94_u15"", ""safety"": ""ok""}",0,0,0.0,0.0004000012268079445,0.00019999970390927047,0.00940000063565094,0.003099999958067201,0.015599998732795939
739,739,train:d95_u0,,,,,,always,3,1,1,0,0,0,rbpg-7aae22b49a7d572c2348b241,rbpg-7aae22b49a7d572c2348b241,rbpg-exec-5d1bcb11ee7a4d89bf15f068dca853f2,739:train:d95_u0,2108a83d6e972a9f3541f8a09735dbdb,1,1,0,clean,0,ok,"{""service"": ""deterministic_policy_gated_stub"", ""status"": ""executed"", ""record_id"": ""train:d95_u0"", ""safety"": ""ok""}",0,0,0.0,0.0004000012268079445,0.00019999970390927047,0.009399998816661537,0.0032999996619764715,0.01579999843670521
740,740,train:d95_u2,,,,,,always,3,1,1,0,0,0,rbpg-7aae22b49a7d572c2348b241,rbpg-7aae22b49a7d572c2348b241,rbpg-exec-5d1bcb11ee7a4d89bf15f068dca853f2,740:train:d95_u2,665e47d15b434970ae8be18f2670f417,1,1,0,clean,0,ok,"{""service"": ""deterministic_policy_gated_stub"", ""status"": ""executed"", ""record_id"": ""train:d95_u2"", ""safety"": ""ok""}",0,0,0.0,0.0004000012268079445,0.00019999970390927047,0.009199999112752266,0.0031999989005271345,0.015399999028886668
741,741,train:d95_u3,,,,,,always,3,1,1,0,0,0,rbpg-7aae22b49a7d572c2348b241,rbpg-7aae22b49a7d572c2348b241,rbpg-exec-5d1bcb11ee7a4d89bf15f068dca853f2,741:train:d95_u3,45cf3ea87d3ad23935b1abafb2d0d205,1,1,0,clean,0,ok,"{""service"": ""deterministic_policy_gated_stub"", ""status"": ""executed"", ""record_id"": ""train:d95_u3"", ""safety"": ""ok""}",0,0,0.0,0.0004000012268079445,0.000200001522898674,0.009399998816661537,0.003200000719516538,0.015800000255694613
742,742,train:d95_u4,,,,,,always,3,1,1,0,0,0,rbpg-7aae22b49a7d572c2348b241,rbpg-7aae22b49a7d572c2348b241,rbpg-exec-5d1bcb11ee7a4d89bf15f068dca853f2,742:train:d95_u4,a76cee9c792b960f5b481e315baf5720,1,1,0,clean,0,ok,"{""service"": ""deterministic_policy_gated_stub"", ""status"": ""executed"", ""record_id"": ""train:d95_u4"", ""safety"": ""ok""}",0,0,0.0,0.00039999940781854093,0.00019999970390927047,0.00920000093174167,0.003099999958067201,0.015400000847876072
743,743,train:d95_u5,,,,,,always,3,1,1,0,0,0,rbpg-7aae22b49a7d572c2348b241,rbpg-7aae22b49a7d572c2348b241,rbpg-exec-5d1bcb11ee7a4d89bf15f068dca853f2,743:train:d95_u5,29cc85d56892aa7c35e60ba26f989a9b,1,1,0,clean,0,ok,"{""service"": ""deterministic_policy_gated_stub"", ""status"": ""executed"", ""record_id"": ""train:d95_u5"", ""safety"": ""ok""}",0,0,0.0,0.00039999940781854093,0.00019999970390927047,0.00920000093174167,0.0031999989005271345,0.015499999790336005
744,744,train:d95_u8,,,,,,always,3,1,1,0,0,0,rbpg-7aae22b49a7d572c2348b241,rbpg-7aae22b49a7d572c2348b241,rbpg-exec-5d1bcb11ee7a4d89bf15f068dca853f2,744:train:d95_u8,183c88930f752de2e9aa645c22e1942f,1,1,0,clean,0,ok,"{""service"": ""deterministic_policy_gated_stub"", ""status"": ""executed"", ""record_id"": ""train:d95_u8"", ""safety"": ""ok""}",0,0,0.0,0.00039999940781854093,0.00019999970390927047,0.009299999874201603,0.0031999989005271345,0.015699999494245276
745,745,train:d95_u9,,,,,,always,3,1,1,0,0,0,rbpg-7aae22b49a7d572c2348b241,rbpg-7aae22b49a7d572c2348b241,rbpg-exec-5d1bcb11ee7a4d89bf15f068dca853f2,745:train:d95_u9,434d9d66e68b09d087bc581f6bef2025,1,1,0,clean,0,ok,"{""service"": ""deterministic_policy_gated_stub"", ""status"": ""executed"", ""record_id"": ""train:d95_u9"", ""safety"": ""ok""}",0,0,0.0,0.0004000012268079445,0.00019999970390927047,0.00940000063565094,0.0032999996619764715,0.015699999494245276
746,746,train:d95_u10,,,,,,always,3,1,1,0,0,0,rbpg-7aae22b49a7d572c2348b241,rbpg-7aae22b49a7d572c2348b241,rbpg-exec-5d1bcb11ee7a4d89bf15f068dca853f2,746:train:d95_u10,a290f49f36b949ccd06a885b587f0a58,1,1,0,clean,0,ok,"{""service"": ""deterministic_policy_gated_stub"", ""status"": ""executed"", ""record_id"": ""train:d95_u10"", ""safety"": ""ok""}",0,0,0.0,0.00039999940781854093,0.00030000046535860747,0.00960000033956021,0.003099999958067201,0.015899999198154546
747,747,train:d95_u11,,,,,,always,3,1,1,0,0,0,rbpg-7aae22b49a7d572c2348b241,rbpg-7aae22b49a7d572c2348b241,rbpg-exec-5d1bcb11ee7a4d89bf15f068dca853f2,747:train:d95_u11,d5af2476cf11279d3331e33d6d94d26a,1,1,0,clean,0,ok,"{""service"": ""deterministic_policy_gated_stub"", ""status"": ""executed"", ""record_id"": ""train:d95_u11"", ""safety"": ""ok""}",0,0,0.0,0.0005000001692678779,0.00019999970390927047,0.009299999874201603,0.0032999996619764715,0.01570000131323468
748,748,train:d95_u13,,,,,,always,3,1,1,0,0,0,rbpg-7aae22b49a7d572c2348b241,rbpg-7aae22b49a7d572c2348b241,rbpg-exec-5d1bcb11ee7a4d89bf15f068dca853f2,748:train:d95_u13,fef2298697bff085e2194cc87f01ffbd,1,1,0,clean,0,ok,"{""service"": ""deterministic_policy_gated_stub"", ""status"": ""executed"", ""record_id"": ""train:d95_u13"", ""safety"": ""ok""}",0,0,0.0,0.00039999940781854093,0.00019999970390927047,0.009199999112752266,0.0032999996619764715,0.015699999494245276
749,749,train:d95_u14,,,,,,always,3,1,1,0,0,0,rbpg-7aae22b49a7d572c2348b241,rbpg-7aae22b49a7d572c2348b241,rbpg-exec-5d1bcb11ee7a4d89bf15f068dca853f2,749:train:d95_u14,0139f1ef747fffad40f923a94458a463,1,1,0,clean,0,ok,"{""service"": ""deterministic_policy_gated_stub"", ""status"": ""executed"", ""record_id"": ""train:d95_u14"", ""safety"": ""ok""}",0,0,0.0,0.00039999940781854093,0.00019999970390927047,0.00920000093174167,0.0032999996619764715,0.015499999790336005
750,750,train:d95_u15,,,,,,always,3,1,1,0,0,0,rbpg-7aae22b49a7d572c2348b241,rbpg-7aae22b49a7d572c2348b241,rbpg-exec-5d1bcb11ee7a4d89bf15f068dca853f2,750:train:d95_u15,aaa0e0651045bbf9502b1fd20c080166,1,1,0,clean,0,ok,"{""service"": ""deterministic_policy_gated_stub"", ""status"": ""executed"", ""record_id"": ""train:d95_u15"", ""safety"": ""ok""}",0,0,0.0,0.00039999940781854093,0.00019999970390927047,0.009100000170292333,0.0031999989005271345,0.015300000086426735
751,751,train:d95_u16,,,,,,always,3,1,1,0,0,0,rbpg-7aae22b49a7d572c2348b241,rbpg-7aae22b49a7d572c2348b241,rbpg-exec-5d1bcb11ee7a4d89bf15f068dca853f2,751:train:d95_u16,a2bc0a2c1a87b519a4a65cccb18e63c8,1,1,0,clean,0,ok,"{""service"": ""deterministic_policy_gated_stub"", ""status"": ""executed"", ""record_id"": ""train:d95_u16"", ""safety"": ""ok""}",0,0,0.0,0.0004000012268079445,0.00019999970390927047,0.009299999874201603,0.003300001480965875,0.015599998732795939
752,752,train:d95_u17,,,,,,always,3,1,1,0,0,0,rbpg-7aae22b49a7d572c2348b241,rbpg-7aae22b49a7d572c2348b241,rbpg-exec-5d1bcb11ee7a4d89bf15f068dca853f2,752:train:d95_u17,e956d57c8c07a9165d2771c213f1ac43,1,1,0,clean,0,ok,"{""service"": ""deterministic_policy_gated_stub"", ""status"": ""executed"", ""record_id"": ""train:d95_u17"", ""safety"": ""ok""}",0,0,0.0,0.00039999940781854093,0.000200001522898674,0.009499999578110874,0.024300001314259134,0.03690000085043721
753,753,train:d96_u0,,,,,,always,3,1,1,0,0,0,rbpg-7aae22b49a7d572c2348b241,rbpg-7aae22b49a7d572c2348b241,rbpg-exec-5d1bcb11ee7a4d89bf15f068dca853f2,753:train:d96_u0,3042b3e701a0e172126eda941f4ecd6a,1,1,0,clean,0,ok,"{""service"": ""deterministic_policy_gated_stub"", ""status"": ""executed"", ""record_id"": ""train:d96_u0"", ""safety"": ""ok""}",0,0,0.0,0.0005000001692678779,0.00019999970390927047,0.010400000974186696,0.0034000004234258085,0.01700000029813964
754,754,train:d96_u1,,,,,,always,3,1,1,0,0,0,rbpg-7aae22b49a7d572c2348b241,rbpg-7aae22b49a7d572c2348b241,rbpg-exec-5d1bcb11ee7a4d89bf15f068dca853f2,754:train:d96_u1,c3e1d00626ef177b8be1dc7b006a2b79,1,1,0,clean,0,ok,"{""service"": ""deterministic_policy_gated_stub"", ""status"": ""executed"", ""record_id"": ""train:d96_u1"", ""safety"": ""ok""}",0,0,0.0,0.00039999940781854093,0.000200001522898674,0.009499999578110874,0.003099999958067201,0.015600000551785342
755,755,train:d96_u2,,,,,,always,3,1,1,0,0,0,rbpg-7aae22b49a7d572c2348b241,rbpg-7aae22b49a7d572c2348b241,rbpg-exec-5d1bcb11ee7a4d89bf15f068dca853f2,755:train:d96_u2,270f172405d8d236e37770bb9e5fe74d,1,1,0,clean,0,ok,"{""service"": ""deterministic_policy_gated_stub"", ""status"": ""executed"", ""record_id"": ""train:d96_u2"", ""safety"": ""ok""}",0,0,0.0,0.0004000012268079445,0.00019999970390927047,0.009199999112752266,0.0032999996619764715,0.015599998732795939
756,756,train:d96_u3,,,,,,always,3,1,1,0,0,0,rbpg-7aae22b49a7d572c2348b241,rbpg-7aae22b49a7d572c2348b241,rbpg-exec-5d1bcb11ee7a4d89bf15f068dca853f2,756:train:d96_u3,3be72bf81622ec28be069f00a1c8ab3d,1,1,0,clean,0,ok,"{""service"": ""deterministic_policy_gated_stub"", ""status"": ""executed"", ""record_id"": ""train:d96_u3"", ""safety"": ""ok""}",0,0,0.0,0.0004000012268079445,0.00019999970390927047,0.00960000033956021,0.003200000719516538,0.01579999843670521
757,757,train:d96_u4,,,,,,always,3,1,1,0,0,0,rbpg-7aae22b49a7d572c2348b241,rbpg-7aae22b49a7d572c2348b241,rbpg-exec-5d1bcb11ee7a4d89bf15f068dca853f2,757:train:d96_u4,79f125ff25aaf98c08c460ff62ea7718,1,1,0,clean,0,ok,"{""service"": ""deterministic_policy_gated_stub"", ""status"": ""executed"", ""record_id"": ""train:d96_u4"", ""safety"": ""ok""}",0,0,0.0,0.00039999940781854093,0.000200001522898674,0.009399998816661537,0.0031999989005271345,0.015600000551785342
758,758,train:d97_u0,,,,,,always,3,1,1,0,0,0,rbpg-7aae22b49a7d572c2348b241,rbpg-7aae22b49a7d572c2348b241,rbpg-exec-5d1bcb11ee7a4d89bf15f068dca853f2,758:train:d97_u0,226eb66b4b8fdb8d4cc1c87109f7ba0f,1,1,0,clean,0,ok,"{""service"": ""deterministic_policy_gated_stub"", ""status"": ""executed"", ""record_id"": ""train:d97_u0"", ""safety"": ""ok""}",0,0,0.0,0.0004000012268079445,0.00019999970390927047,0.00940000063565094,0.0032999996619764715,0.015699999494245276
759,759,train:d97_u1,,,,,,always,3,1,1,0,0,0,rbpg-7aae22b49a7d572c2348b241,rbpg-7aae22b49a7d572c2348b241,rbpg-exec-5d1bcb11ee7a4d89bf15f068dca853f2,759:train:d97_u1,c3f851d5b540d4b9d46498354523d671,1,1,0,clean,0,ok,"{""service"": ""deterministic_policy_gated_stub"", ""status"": ""executed"", ""record_id"": ""train:d97_u1"", ""safety"": ""ok""}",0,0,0.0,0.0004000012268079445,0.00019999970390927047,0.00960000033956021,0.0034000004234258085,0.015999999959603883
760,760,train:d97_u2,,,,,,always,3,1,1,0,0,0,rbpg-7aae22b49a7d572c2348b241,rbpg-7aae22b49a7d572c2348b241,rbpg-exec-5d1bcb11ee7a4d89bf15f068dca853f2,760:train:d97_u2,ac73b0348bcae5aa182530593d0f493a,1,1,0,clean,0,ok,"{""service"": ""deterministic_policy_gated_stub"", ""status"": ""executed"", ""record_id"": ""train:d97_u2"", ""safety"": ""ok""}",0,0,0.0,0.0004999983502784744,0.00019999970390927047,0.009299999874201603,0.0031999989005271345,0.015400000847876072
761,761,train:d97_u3,,,,,,always,3,1,1,0,0,0,rbpg-7aae22b49a7d572c2348b241,rbpg-7aae22b49a7d572c2348b241,rbpg-exec-5d1bcb11ee7a4d89bf15f068dca853f2,761:train:d97_u3,12e670d745eb145c9b9520c963f025d1,1,1,0,clean,0,ok,"{""service"": ""deterministic_policy_gated_stub"", ""status"": ""executed"", ""record_id"": ""train:d97_u3"", ""safety"": ""ok""}",0,0,0.0,0.0004000012268079445,0.00019999970390927047,0.00940000063565094,0.0032999996619764715,0.015699999494245276
762,762,train:d98_u1,,,,,,always,3,1,1,0,0,0,rbpg-7aae22b49a7d572c2348b241,rbpg-7aae22b49a7d572c2348b241,rbpg-exec-5d1bcb11ee7a4d89bf15f068dca853f2,762:train:d98_u1,637548cae8c1d0dbc55cdb98afa48b1d,1,1,0,clean,0,ok,"{""service"": ""deterministic_policy_gated_stub"", ""status"": ""executed"", ""record_id"": ""train:d98_u1"", ""safety"": ""ok""}",0,0,0.0,0.00039999940781854093,0.00019999970390927047,0.00920000093174167,0.003200000719516538,0.015499999790336005
763,763,train:d99_u0,,,,,,always,3,1,1,0,0,0,rbpg-7aae22b49a7d572c2348b241,rbpg-7aae22b49a7d572c2348b241,rbpg-exec-5d1bcb11ee7a4d89bf15f068dca853f2,763:train:d99_u0,c1147fcc57d9920a2bd473c70b687a9c,1,1,0,clean,0,ok,"{""service"": ""deterministic_policy_gated_stub"", ""status"": ""executed"", ""record_id"": ""train:d99_u0"", ""safety"": ""ok""}",0,0,0.0,0.00039999940781854093,0.00019999970390927047,0.03339999966556206,0.003899998773704283,0.04040000021632295
764,764,train:d99_u1,,,,,,always,3,1,1,0,0,0,rbpg-7aae22b49a7d572c2348b241,rbpg-7aae22b49a7d572c2348b241,rbpg-exec-5d1bcb11ee7a4d89bf15f068dca853f2,764:train:d99_u1,d2bc3762e971a665870c0229da1ee7ef,1,1,0,clean,0,ok,"{""service"": ""deterministic_policy_gated_stub"", ""status"": ""executed"", ""record_id"": ""train:d99_u1"", ""safety"": ""ok""}",0,0,0.0,0.0005000001692678779,0.00019999970390927047,0.01739999970595818,0.005899999450775795,0.026699999580159783
765,765,train:d99_u2,,,,,,always,3,1,1,0,0,0,rbpg-7aae22b49a7d572c2348b241,rbpg-7aae22b49a7d572c2348b241,rbpg-exec-5d1bcb11ee7a4d89bf15f068dca853f2,765:train:d99_u2,52845ce968e24ec99dbb343897d3eb0c,1,1,0,clean,0,ok,"{""service"": ""deterministic_policy_gated_stub"", ""status"": ""executed"", ""record_id"": ""train:d99_u2"", ""safety"": ""ok""}",0,0,0.0,0.00039999940781854093,0.000200001522898674,0.011599999197642319,0.003399998604436405,0.018300001102034003
766,766,train:d99_u3,,,,,,always,3,1,1,0,0,0,rbpg-7aae22b49a7d572c2348b241,rbpg-7aae22b49a7d572c2348b241,rbpg-exec-5d1bcb11ee7a4d89bf15f068dca853f2,766:train:d99_u3,5d50406cdf992ddc8727558a2f1f24d8,1,1,0,clean,0,ok,"{""service"": ""deterministic_policy_gated_stub"", ""status"": ""executed"", ""record_id"": ""train:d99_u3"", ""safety"": ""ok""}",0,0,0.0,0.0005000001692678779,0.00019999970390927047,0.009800000043469481,0.003200000719516538,0.01610000072105322
767,767,train:d99_u4,,,,,,always,3,1,1,0,0,0,rbpg-7aae22b49a7d572c2348b241,rbpg-7aae22b49a7d572c2348b241,rbpg-exec-5d1bcb11ee7a4d89bf15f068dca853f2,767:train:d99_u4,57bd299c0852717182c125b3121aa8bb,1,1,0,clean,0,ok,"{""service"": ""deterministic_policy_gated_stub"", ""status"": ""executed"", ""record_id"": ""train:d99_u4"", ""safety"": ""ok""}",0,0,0.0,0.00039999940781854093,0.000200001522898674,0.009699999282020144,0.0031999989005271345,0.01590000101714395
768,768,train:d99_u6,,,,,,always,3,1,1,0,0,0,rbpg-7aae22b49a7d572c2348b241,rbpg-7aae22b49a7d572c2348b241,rbpg-exec-5d1bcb11ee7a4d89bf15f068dca853f2,768:train:d99_u6,a767b4aa530ade3ff263c41beea235cd,1,1,0,clean,0,ok,"{""service"": ""deterministic_policy_gated_stub"", ""status"": ""executed"", ""record_id"": ""train:d99_u6"", ""safety"": ""ok""}",0,0,0.0,0.00039999940781854093,0.00019999970390927047,0.00940000063565094,0.003200000719516538,0.015600000551785342
769,769,train:d99_u7,,,,,,always,3,1,1,0,0,0,rbpg-7aae22b49a7d572c2348b241,rbpg-7aae22b49a7d572c2348b241,rbpg-exec-5d1bcb11ee7a4d89bf15f068dca853f2,769:train:d99_u7,4565d0f55b8f7fc5392a912729340a14,1,1,0,clean,0,ok,"{""service"": ""deterministic_policy_gated_stub"", ""status"": ""executed"", ""record_id"": ""train:d99_u7"", ""safety"": ""ok""}",0,0,0.0,0.00039999940781854093,0.00019999970390927047,0.00940000063565094,0.003099999958067201,0.015699999494245276
770,770,train:d99_u8,,,,,,always,3,1,1,0,0,0,rbpg-7aae22b49a7d572c2348b241,rbpg-7aae22b49a7d572c2348b241,rbpg-exec-5d1bcb11ee7a4d89bf15f068dca853f2,770:train:d99_u8,a189fa92df6b2680ee76f4d8f7ce24c2,1,1,0,clean,0,ok,"{""service"": ""deterministic_policy_gated_stub"", ""status"": ""executed"", ""record_id"": ""train:d99_u8"", ""safety"": ""ok""}",0,0,0.0,0.0004000012268079445,0.00019999970390927047,0.00940000063565094,0.003300001480965875,0.015600000551785342
771,771,train:d99_u9,,,,,,always,3,1,1,0,0,0,rbpg-7aae22b49a7d572c2348b241,rbpg-7aae22b49a7d572c2348b241,rbpg-exec-5d1bcb11ee7a4d89bf15f068dca853f2,771:train:d99_u9,fbf8053c56e046ad5b2a06abed533186,1,1,0,clean,0,ok,"{""service"": ""deterministic_policy_gated_stub"", ""status"": ""executed"", ""record_id"": ""train:d99_u9"", ""safety"": ""ok""}",0,0,0.0,0.00039999940781854093,0.00019999970390927047,0.00940000063565094,0.003200000719516538,0.015499999790336005
772,772,train:d99_u10,,,,,,always,3,1,1,0,0,0,rbpg-7aae22b49a7d572c2348b241,rbpg-7aae22b49a7d572c2348b241,rbpg-exec-5d1bcb11ee7a4d89bf15f068dca853f2,772:train:d99_u10,569f0ea76e4f819edde78d5ff23faa8f,1,1,0,clean,0,ok,"{""service"": ""deterministic_policy_gated_stub"", ""status"": ""executed"", ""record_id"": ""train:d99_u10"", ""safety"": ""ok""}",0,0,0.0,0.0005000001692678779,0.00019999970390927047,0.009499999578110874,0.003099999958067201,0.015699999494245276
773,773,train:d99_u11,,,,,,always,3,1,1,0,0,0,rbpg-7aae22b49a7d572c2348b241,rbpg-7aae22b49a7d572c2348b241,rbpg-exec-5d1bcb11ee7a4d89bf15f068dca853f2,773:train:d99_u11,94dd46bd19085681aa390c0cf2ad3625,1,1,0,clean,0,ok,"{""service"": ""deterministic_policy_gated_stub"", ""status"": ""executed"", ""record_id"": ""train:d99_u11"", ""safety"": ""ok""}",0,0,0.0,0.0005000001692678779,0.00019999970390927047,0.00940000063565094,0.003300001480965875,0.015599998732795939
774,774,train:d99_u12,,,,,,always,3,1,1,0,0,0,rbpg-7aae22b49a7d572c2348b241,rbpg-7aae22b49a7d572c2348b241,rbpg-exec-5d1bcb11ee7a4d89bf15f068dca853f2,774:train:d99_u12,ef38a2141e1acb228646cf6dc3d97390,1,1,0,clean,0,ok,"{""service"": ""deterministic_policy_gated_stub"", ""status"": ""executed"", ""record_id"": ""train:d99_u12"", ""safety"": ""ok""}",0,0,0.0,0.0005000001692678779,0.00019999970390927047,0.009499999578110874,0.0031999989005271345,0.015600000551785342
775,775,train:d99_u13,,,,,,always,3,1,1,0,0,0,rbpg-7aae22b49a7d572c2348b241,rbpg-7aae22b49a7d572c2348b241,rbpg-exec-5d1bcb11ee7a4d89bf15f068dca853f2,775:train:d99_u13,e79482126c899c94e4c3950afd1363ba,1,1,0,clean,0,ok,"{""service"": ""deterministic_policy_gated_stub"", ""status"": ""executed"", ""record_id"": ""train:d99_u13"", ""safety"": ""ok""}",0,0,0.0,0.00039999940781854093,0.00019999970390927047,0.009300001693191007,0.003200000719516538,0.015600000551785342
776,776,train:d99_u14,,,,,,always,3,1,1,0,0,0,rbpg-7aae22b49a7d572c2348b241,rbpg-7aae22b49a7d572c2348b241,rbpg-exec-5d1bcb11ee7a4d89bf15f068dca853f2,776:train:d99_u14,40725c187f27abecb4c11aec760cec8b,1,1,0,clean,0,ok,"{""service"": ""deterministic_policy_gated_stub"", ""status"": ""executed"", ""record_id"": ""train:d99_u14"", ""safety"": ""ok""}",0,0,0.0,0.00030000046535860747,0.00019999970390927047,0.009500001397100277,0.003099999958067201,0.015499999790336005
777,777,train:d99_u15,,,,,,always,3,1,1,0,0,0,rbpg-7aae22b49a7d572c2348b241,rbpg-7aae22b49a7d572c2348b241,rbpg-exec-5d1bcb11ee7a4d89bf15f068dca853f2,777:train:d99_u15,aae0911b78f7637ceea127a637ebe822,1,1,0,clean,0,ok,"{""service"": ""deterministic_policy_gated_stub"", ""status"": ""executed"", ""record_id"": ""train:d99_u15"", ""safety"": ""ok""}",0,0,0.0,0.00039999940781854093,0.000200001522898674,0.009700001101009548,0.003200000719516538,0.015999999959603883
778,778,train:d99_u16,,,,,,always,3,1,1,0,0,0,rbpg-7aae22b49a7d572c2348b241,rbpg-7aae22b49a7d572c2348b241,rbpg-exec-5d1bcb11ee7a4d89bf15f068dca853f2,778:train:d99_u16,808730f1d7fe2a568c88ee0d2cf70ef3,1,1,0,clean,0,ok,"{""service"": ""deterministic_policy_gated_stub"", ""status"": ""executed"", ""record_id"": ""train:d99_u16"", ""safety"": ""ok""}",0,0,0.0,0.00039999940781854093,0.00019999970390927047,0.009700001101009548,0.003300001480965875,0.01610000072105322
779,779,train:d99_u17,,,,,,always,3,1,1,0,0,0,rbpg-7aae22b49a7d572c2348b241,rbpg-7aae22b49a7d572c2348b241,rbpg-exec-5d1bcb11ee7a4d89bf15f068dca853f2,779:train:d99_u17,ee6dbefd70c92bd3da2b64e5c24419a6,1,1,0,clean,0,ok,"{""service"": ""deterministic_policy_gated_stub"", ""status"": ""executed"", ""record_id"": ""train:d99_u17"", ""safety"": ""ok""}",0,0,0.0,0.00039999940781854093,0.00019999970390927047,0.009900000804918818,0.003200000719516538,0.016099998902063817
780,780,train:d99_u18,,,,,,always,3,1,1,0,0,0,rbpg-7aae22b49a7d572c2348b241,rbpg-7aae22b49a7d572c2348b241,rbpg-exec-5d1bcb11ee7a4d89bf15f068dca853f2,780:train:d99_u18,a8a36ad6d758330a55139490670d52cb,1,1,0,clean,0,ok,"{""service"": ""deterministic_policy_gated_stub"", ""status"": ""executed"", ""record_id"": ""train:d99_u18"", ""safety"": ""ok""}",0,0,0.0,0.0004000012268079445,0.000200001522898674,0.00960000033956021,0.0032999996619764715,0.01590000101714395
781,781,train:d100_u0,,,,,,always,3,1,1,0,0,0,rbpg-7aae22b49a7d572c2348b241,rbpg-7aae22b49a7d572c2348b241,rbpg-exec-5d1bcb11ee7a4d89bf15f068dca853f2,781:train:d100_u0,30067784ae7dbdf68917275651940866,1,1,0,clean,0,ok,"{""service"": ""deterministic_policy_gated_stub"", ""status"": ""executed"", ""record_id"": ""train:d100_u0"", ""safety"": ""ok""}",0,0,0.0,0.00039999940781854093,0.00019999970390927047,0.00940000063565094,0.003200000719516538,0.015699999494245276
782,782,train:d100_u1,,,,,,always,3,1,1,0,0,0,rbpg-7aae22b49a7d572c2348b241,rbpg-7aae22b49a7d572c2348b241,rbpg-exec-5d1bcb11ee7a4d89bf15f068dca853f2,782:train:d100_u1,0d028d3cb1d86c62999e543a470cb72f,1,1,0,clean,0,ok,"{""service"": ""deterministic_policy_gated_stub"", ""status"": ""executed"", ""record_id"": ""train:d100_u1"", ""safety"": ""ok""}",0,0,0.0,0.0004000012268079445,0.00019999970390927047,0.009499999578110874,0.003099999958067201,0.015699999494245276
783,783,train:d100_u2,,,,,,always,3,1,1,0,0,0,rbpg-7aae22b49a7d572c2348b241,rbpg-7aae22b49a7d572c2348b241,rbpg-exec-5d1bcb11ee7a4d89bf15f068dca853f2,783:train:d100_u2,a27fd17f0780f5a48875ae9b375051db,1,1,0,clean,0,ok,"{""service"": ""deterministic_policy_gated_stub"", ""status"": ""executed"", ""record_id"": ""train:d100_u2"", ""safety"": ""ok""}",0,0,0.0,0.00039999940781854093,0.00019999970390927047,0.00960000033956021,0.003200000719516538,0.015800000255694613
784,784,train:d100_u4,,,,,,always,3,1,1,0,0,0,rbpg-7aae22b49a7d572c2348b241,rbpg-7aae22b49a7d572c2348b241,rbpg-exec-5d1bcb11ee7a4d89bf15f068dca853f2,784:train:d100_u4,3d9bf97c1351d7d143b3a2effad43476,1,1,0,clean,0,ok,"{""service"": ""deterministic_policy_gated_stub"", ""status"": ""executed"", ""record_id"": ""train:d100_u4"", ""safety"": ""ok""}",0,0,0.0,0.0004000012268079445,0.00019999970390927047,0.009699999282020144,0.0032999996619764715,0.016099998902063817
785,785,train:d100_u5,,,,,,always,3,1,1,0,0,0,rbpg-7aae22b49a7d572c2348b241,rbpg-7aae22b49a7d572c2348b241,rbpg-exec-5d1bcb11ee7a4d89bf15f068dca853f2,785:train:d100_u5,31b5a786a52424853826ca41d3106b15,1,1,0,clean,0,ok,"{""service"": ""deterministic_policy_gated_stub"", ""status"": ""executed"", ""record_id"": ""train:d100_u5"", ""safety"": ""ok""}",0,0,0.0,0.00039999940781854093,0.000200001522898674,0.009499999578110874,0.003099999958067201,0.01570000131323468
786,786,train:d100_u6,,,,,,always,3,1,1,0,0,0,rbpg-7aae22b49a7d572c2348b241,rbpg-7aae22b49a7d572c2348b241,rbpg-exec-5d1bcb11ee7a4d89bf15f068dca853f2,786:train:d100_u6,85d6bce3aab3741bfce17ae5f09bc945,1,1,0,clean,0,ok,"{""service"": ""deterministic_policy_gated_stub"", ""status"": ""executed"", ""record_id"": ""train:d100_u6"", ""safety"": ""ok""}",0,0,0.0,0.0004000012268079445,0.000200001522898674,0.009499999578110874,0.003099999958067201,0.015600000551785342
787,787,train:d101_u0,,,,,,always,3,1,1,0,0,0,rbpg-7aae22b49a7d572c2348b241,rbpg-7aae22b49a7d572c2348b241,rbpg-exec-5d1bcb11ee7a4d89bf15f068dca853f2,787:train:d101_u0,18cd9cc736892d744cdcd7c9ac33e8a4,1,1,0,clean,0,ok,"{""service"": ""deterministic_policy_gated_stub"", ""status"": ""executed"", ""record_id"": ""train:d101_u0"", ""safety"": ""ok""}",0,0,0.0,0.00039999940781854093,0.00019999970390927047,0.009499999578110874,0.0031000017770566046,0.015699999494245276
788,788,train:d102_u0,,,,,,always,3,1,1,0,0,0,rbpg-7aae22b49a7d572c2348b241,rbpg-7aae22b49a7d572c2348b241,rbpg-exec-5d1bcb11ee7a4d89bf15f068dca853f2,788:train:d102_u0,d3b9faabb87ef7ffb1e11f32a42fdf09,1,1,0,clean,0,ok,"{""service"": ""deterministic_policy_gated_stub"", ""status"": ""executed"", ""record_id"": ""train:d102_u0"", ""safety"": ""ok""}",0,0,0.0,0.0004000012268079445,0.00019999970390927047,0.009800000043469481,0.003099999958067201,0.015899999198154546
789,789,train:d102_u1,,,,,,always,3,1,1,0,0,0,rbpg-7aae22b49a7d572c2348b241,rbpg-7aae22b49a7d572c2348b241,rbpg-exec-5d1bcb11ee7a4d89bf15f068dca853f2,789:train:d102_u1,528990a5c351000ada48f1877ccca19c,1,1,0,clean,0,ok,"{""service"": ""deterministic_policy_gated_stub"", ""status"": ""executed"", ""record_id"": ""train:d102_u1"", ""safety"": ""ok""}",0,0,0.0,0.0004000012268079445,0.00019999970390927047,0.009499999578110874,0.0031999989005271345,0.015699999494245276
790,790,train:d102_u2,,,,,,always,3,1,1,0,0,0,rbpg-7aae22b49a7d572c2348b241,rbpg-7aae22b49a7d572c2348b241,rbpg-exec-5d1bcb11ee7a4d89bf15f068dca853f2,790:train:d102_u2,766bb686ea12d33fa95fe143aacf8908,1,1,0,clean,0,ok,"{""service"": ""deterministic_policy_gated_stub"", ""status"": ""executed"", ""record_id"": ""train:d102_u2"", ""safety"": ""ok""}",0,0,0.0,0.0004000012268079445,0.00019999970390927047,0.009499999578110874,0.0031999989005271345,0.015699999494245276
791,791,train:d103_u0,,,,,,always,3,1,1,0,0,0,rbpg-7aae22b49a7d572c2348b241,rbpg-7aae22b49a7d572c2348b241,rbpg-exec-5d1bcb11ee7a4d89bf15f068dca853f2,791:train:d103_u0,ac1bc4503897eb410fd6f19012143478,1,1,0,clean,0,ok,"{""service"": ""deterministic_policy_gated_stub"", ""status"": ""executed"", ""record_id"": ""train:d103_u0"", ""safety"": ""ok""}",0,0,0.0,0.0004000012268079445,0.00019999970390927047,0.009699999282020144,0.0031999989005271345,0.015899999198154546
792,792,train:d103_u1,,,,,,always,3,1,1,0,0,0,rbpg-7aae22b49a7d572c2348b241,rbpg-7aae22b49a7d572c2348b241,rbpg-exec-5d1bcb11ee7a4d89bf15f068dca853f2,792:train:d103_u1,41a1c1b18f42ac770e043a775b9a3864,1,1,0,clean,0,ok,"{""service"": ""deterministic_policy_gated_stub"", ""status"": ""executed"", ""record_id"": ""train:d103_u1"", ""safety"": ""ok""}",0,0,0.0,0.00039999940781854093,0.000200001522898674,0.00960000033956021,0.003099999958067201,0.015699999494245276
793,793,train:d103_u3,,,,,,always,3,1,1,0,0,0,rbpg-7aae22b49a7d572c2348b241,rbpg-7aae22b49a7d572c2348b241,rbpg-exec-5d1bcb11ee7a4d89bf15f068dca853f2,793:train:d103_u3,4eb3a6ba2dcfe7e2c740527fadf765c6,1,1,0,clean,0,ok,"{""service"": ""deterministic_policy_gated_stub"", ""status"": ""executed"", ""record_id"": ""train:d103_u3"", ""safety"": ""ok""}",0,0,0.0,0.0005000001692678779,0.00019999970390927047,0.00960000033956021,0.003099999958067201,0.015699999494245276
794,794,train:d103_u4,,,,,,always,3,1,1,0,0,0,rbpg-7aae22b49a7d572c2348b241,rbpg-7aae22b49a7d572c2348b241,rbpg-exec-5d1bcb11ee7a4d89bf15f068dca853f2,794:train:d103_u4,89210bb011526c46b8e033c4f97ba572,1,1,0,clean,0,ok,"{""service"": ""deterministic_policy_gated_stub"", ""status"": ""executed"", ""record_id"": ""train:d103_u4"", ""safety"": ""ok""}",0,0,0.0,0.0005000001692678779,0.000200001522898674,0.009599998520570807,0.003099999958067201,0.015800000255694613
795,795,train:d103_u5,,,,,,always,3,1,1,0,0,0,rbpg-7aae22b49a7d572c2348b241,rbpg-7aae22b49a7d572c2348b241,rbpg-exec-5d1bcb11ee7a4d89bf15f068dca853f2,795:train:d103_u5,08bcd4cc7ea713dd82daa9c1abbc4117,1,1,0,clean,0,ok,"{""service"": ""deterministic_policy_gated_stub"", ""status"": ""executed"", ""record_id"": ""train:d103_u5"", ""safety"": ""ok""}",0,0,0.0,0.00039999940781854093,0.00019999970390927047,0.009299999874201603,0.0032999996619764715,0.01570000131323468
796,796,train:d103_u6,,,,,,always,3,1,1,0,0,0,rbpg-7aae22b49a7d572c2348b241,rbpg-7aae22b49a7d572c2348b241,rbpg-exec-5d1bcb11ee7a4d89bf15f068dca853f2,796:train:d103_u6,c595e9f5754f7aca7fe0ecd8bc5fda6f,1,1,0,clean,0,ok,"{""service"": ""deterministic_policy_gated_stub"", ""status"": ""executed"", ""record_id"": ""train:d103_u6"", ""safety"": ""ok""}",0,0,0.0,0.00039999940781854093,0.00019999970390927047,0.00940000063565094,0.003099999958067201,0.015600000551785342
797,797,train:d103_u7,,,,,,always,3,1,1,0,0,0,rbpg-7aae22b49a7d572c2348b241,rbpg-7aae22b49a7d572c2348b241,rbpg-exec-5d1bcb11ee7a4d89bf15f068dca853f2,797:train:d103_u7,36748a6d64c8dd6fa67dd49d7331a36d,1,1,0,clean,0,ok,"{""service"": ""deterministic_policy_gated_stub"", ""status"": ""executed"", ""record_id"": ""train:d103_u7"", ""safety"": ""ok""}",0,0,0.0,0.00039999940781854093,0.00030000046535860747,0.009499999578110874,0.0031999989005271345,0.015800000255694613
798,798,train:d104_u1,,,,,,always,3,1,1,0,0,0,rbpg-7aae22b49a7d572c2348b241,rbpg-7aae22b49a7d572c2348b241,rbpg-exec-5d1bcb11ee7a4d89bf15f068dca853f2,798:train:d104_u1,f958aad14ae9f8fd3f1513934928af70,1,1,0,clean,0,ok,"{""service"": ""deterministic_policy_gated_stub"", ""status"": ""executed"", ""record_id"": ""train:d104_u1"", ""safety"": ""ok""}",0,0,0.0,0.0005000001692678779,0.00019999970390927047,0.009499999578110874,0.003099999958067201,0.01570000131323468
799,799,train:d106_u0,,,,,,always,3,1,1,0,0,0,rbpg-7aae22b49a7d572c2348b241,rbpg-7aae22b49a7d572c2348b241,rbpg-exec-5d1bcb11ee7a4d89bf15f068dca853f2,799:train:d106_u0,ede109efcddc8983cc6f0d04b5b8ce4d,1,1,0,clean,0,ok,"{""service"": ""deterministic_policy_gated_stub"", ""status"": ""executed"", ""record_id"": ""train:d106_u0"", ""safety"": ""ok""}",0,0,0.0,0.0005000001692678779,0.00019999970390927047,0.009399998816661537,0.0031999989005271345,0.015499999790336005
800,800,train:d106_u2,,,,,,always,3,1,1,0,0,0,rbpg-7aae22b49a7d572c2348b241,rbpg-7aae22b49a7d572c2348b241,rbpg-exec-5d1bcb11ee7a4d89bf15f068dca853f2,800:train:d106_u2,bd405417c2bb3a3c8612f81bcc633603,1,1,0,clean,0,ok,"{""service"": ""deterministic_policy_gated_stub"", ""status"": ""executed"", ""record_id"": ""train:d106_u2"", ""safety"": ""ok""}",0,0,0.0,0.00039999940781854093,0.00019999970390927047,0.009499999578110874,0.0031999989005271345,0.015600000551785342
801,801,train:d106_u3,,,,,,always,3,1,1,0,0,0,rbpg-7aae22b49a7d572c2348b241,rbpg-7aae22b49a7d572c2348b241,rbpg-exec-5d1bcb11ee7a4d89bf15f068dca853f2,801:train:d106_u3,98b0ced47671d480ff60d620bd16e9fe,1,1,0,clean,0,ok,"{""service"": ""deterministic_policy_gated_stub"", ""status"": ""executed"", ""record_id"": ""train:d106_u3"", ""safety"": ""ok""}",0,0,0.0,0.00039999940781854093,0.0002999986463692039,0.009299999874201603,0.0032999996619764715,0.015600000551785342
802,802,train:d106_u4,,,,,,always,3,1,1,0,0,0,rbpg-7aae22b49a7d572c2348b241,rbpg-7aae22b49a7d572c2348b241,rbpg-exec-5d1bcb11ee7a4d89bf15f068dca853f2,802:train:d106_u4,20ad93f05e7c43bd65df29e88bb2145a,1,1,0,clean,0,ok,"{""service"": ""deterministic_policy_gated_stub"", ""status"": ""executed"", ""record_id"": ""train:d106_u4"", ""safety"": ""ok""}",0,0,0.0,0.0005000001692678779,0.00019999970390927047,0.00940000063565094,0.003099999958067201,0.015500001609325409
803,803,train:d107_u0,,,,,,always,3,1,1,0,0,0,rbpg-7aae22b49a7d572c2348b241,rbpg-7aae22b49a7d572c2348b241,rbpg-exec-5d1bcb11ee7a4d89bf15f068dca853f2,803:train:d107_u0,38a5c42d16a739172d3fad3ba4ebf63b,1,1,0,clean,0,ok,"{""service"": ""deterministic_policy_gated_stub"", ""status"": ""executed"", ""record_id"": ""train:d107_u0"", ""safety"": ""ok""}",0,0,0.0,0.0004000012268079445,0.000200001522898674,0.009399998816661537,0.003200000719516538,0.015600000551785342
804,804,train:d107_u1,,,,,,always,3,1,1,0,0,0,rbpg-7aae22b49a7d572c2348b241,rbpg-7aae22b49a7d572c2348b241,rbpg-exec-5d1bcb11ee7a4d89bf15f068dca853f2,804:train:d107_u1,3c5b46ffa3d851a804907a1c717ed241,1,1,0,clean,0,ok,"{""service"": ""deterministic_policy_gated_stub"", ""status"": ""executed"", ""record_id"": ""train:d107_u1"", ""safety"": ""ok""}",0,0,0.0,0.0005000001692678779,0.00019999970390927047,0.021500000002561137,0.003499999365885742,0.02809999932651408
805,805,train:d107_u2,,,,,,always,3,1,1,0,0,0,rbpg-7aae22b49a7d572c2348b241,rbpg-7aae22b49a7d572c2348b241,rbpg-exec-5d1bcb11ee7a4d89bf15f068dca853f2,805:train:d107_u2,4ea02b2ed0a6041e11161fc160cfd71a,1,1,0,clean,0,ok,"{""service"": ""deterministic_policy_gated_stub"", ""status"": ""executed"", ""record_id"": ""train:d107_u2"", ""safety"": ""ok""}",0,0,0.0,0.00039999940781854093,0.000200001522898674,0.010600000678095967,0.003099999958067201,0.01700000029813964
806,806,train:d107_u4,,,,,,always,3,1,1,0,0,0,rbpg-7aae22b49a7d572c2348b241,rbpg-7aae22b49a7d572c2348b241,rbpg-exec-5d1bcb11ee7a4d89bf15f068dca853f2,806:train:d107_u4,b3aa732a77883cd6115a46a6409b1d5e,1,1,0,clean,0,ok,"{""service"": ""deterministic_policy_gated_stub"", ""status"": ""executed"", ""record_id"": ""train:d107_u4"", ""safety"": ""ok""}",0,0,0.0,0.00039999940781854093,0.00019999970390927047,0.00960000033956021,0.003099999958067201,0.015699999494245276
807,807,train:d107_u5,,,,,,always,3,1,1,0,0,0,rbpg-7aae22b49a7d572c2348b241,rbpg-7aae22b49a7d572c2348b241,rbpg-exec-5d1bcb11ee7a4d89bf15f068dca853f2,807:train:d107_u5,682f2a1fd4104c9eb7ab4bd87cea24cb,1,1,0,clean,0,ok,"{""service"": ""deterministic_policy_gated_stub"", ""status"": ""executed"", ""record_id"": ""train:d107_u5"", ""safety"": ""ok""}",0,0,0.0,0.00039999940781854093,0.00019999970390927047,0.009500001397100277,0.003099999958067201,0.015699999494245276
808,808,train:d107_u6,,,,,,always,3,1,1,0,0,0,rbpg-7aae22b49a7d572c2348b241,rbpg-7aae22b49a7d572c2348b241,rbpg-exec-5d1bcb11ee7a4d89bf15f068dca853f2,808:train:d107_u6,c413889769a95c44eef80318a33a2e35,1,1,0,clean,0,ok,"{""service"": ""deterministic_policy_gated_stub"", ""status"": ""executed"", ""record_id"": ""train:d107_u6"", ""safety"": ""ok""}",0,0,0.0,0.0005000001692678779,0.00019999970390927047,0.009399998816661537,0.003099999958067201,0.015599998732795939
809,809,train:d107_u7,,,,,,always,3,1,1,0,0,0,rbpg-7aae22b49a7d572c2348b241,rbpg-7aae22b49a7d572c2348b241,rbpg-exec-5d1bcb11ee7a4d89bf15f068dca853f2,809:train:d107_u7,bf060656d9f1a7b70f3190c019a43702,1,1,0,clean,0,ok,"{""service"": ""deterministic_policy_gated_stub"", ""status"": ""executed"", ""record_id"": ""train:d107_u7"", ""safety"": ""ok""}",0,0,0.0,0.00039999940781854093,0.00019999970390927047,0.009499999578110874,0.003200000719516538,0.01570000131323468
810,810,train:d107_u8,,,,,,always,3,1,1,0,0,0,rbpg-7aae22b49a7d572c2348b241,rbpg-7aae22b49a7d572c2348b241,rbpg-exec-5d1bcb11ee7a4d89bf15f068dca853f2,810:train:d107_u8,e7c5e66d04d2c5f971dc4eba58f32e7e,1,1,0,clean,0,ok,"{""service"": ""deterministic_policy_gated_stub"", ""status"": ""executed"", ""record_id"": ""train:d107_u8"", ""safety"": ""ok""}",0,0,0.0,0.0005000001692678779,0.00019999970390927047,0.012000000424450263,0.0034000004234258085,0.018799999452312477
811,811,train:d107_u9,,,,,,always,3,1,1,0,0,0,rbpg-7aae22b49a7d572c2348b241,rbpg-7aae22b49a7d572c2348b241,rbpg-exec-5d1bcb11ee7a4d89bf15f068dca853f2,811:train:d107_u9,e962c06507907fdffdc59ec62859def9,1,1,0,clean,0,ok,"{""service"": ""deterministic_policy_gated_stub"", ""status"": ""executed"", ""record_id"": ""train:d107_u9"", ""safety"": ""ok""}",0,0,0.0,0.0004000012268079445,0.000200001522898674,0.009599998520570807,0.0032999996619764715,0.016099998902063817
812,812,train:d107_u10,,,,,,always,3,1,1,0,0,0,rbpg-7aae22b49a7d572c2348b241,rbpg-7aae22b49a7d572c2348b241,rbpg-exec-5d1bcb11ee7a4d89bf15f068dca853f2,812:train:d107_u10,7fbd3e048cb08f9c926e17be10e97ac6,1,1,0,clean,0,ok,"{""service"": ""deterministic_policy_gated_stub"", ""status"": ""executed"", ""record_id"": ""train:d107_u10"", ""safety"": ""ok""}",0,0,0.0,0.00039999940781854093,0.00019999970390927047,0.012799999240087345,0.005899999450775795,0.021800000467919745
813,813,train:d108_u0,,,,,,always,3,1,1,0,0,0,rbpg-7aae22b49a7d572c2348b241,rbpg-7aae22b49a7d572c2348b241,rbpg-exec-5d1bcb11ee7a4d89bf15f068dca853f2,813:train:d108_u0,560527ced477feed0938c9bf34b9a787,1,1,0,clean,0,ok,"{""service"": ""deterministic_policy_gated_stub"", ""status"": ""executed"", ""record_id"": ""train:d108_u0"", ""safety"": ""ok""}",0,0,0.0,0.0006999998731771484,0.00030000046535860747,0.012200000128359534,0.0032999996619764715,0.020399998902576044
814,814,train:d108_u1,,,,,,always,3,1,1,0,0,0,rbpg-7aae22b49a7d572c2348b241,rbpg-7aae22b49a7d572c2348b241,rbpg-exec-5d1bcb11ee7a4d89bf15f068dca853f2,814:train:d108_u1,cd88d392682d5483b26566a78c5893ac,1,1,0,clean,0,ok,"{""service"": ""deterministic_policy_gated_stub"", ""status"": ""executed"", ""record_id"": ""train:d108_u1"", ""safety"": ""ok""}",0,0,0.0,0.0005000001692678779,0.00019999970390927047,0.009800000043469481,0.003099999958067201,0.01590000101714395
815,815,train:d108_u2,,,,,,always,3,1,1,0,0,0,rbpg-7aae22b49a7d572c2348b241,rbpg-7aae22b49a7d572c2348b241,rbpg-exec-5d1bcb11ee7a4d89bf15f068dca853f2,815:train:d108_u2,4579b37289de9d5837ea010e48de25f5,1,1,0,clean,0,ok,"{""service"": ""deterministic_policy_gated_stub"", ""status"": ""executed"", ""record_id"": ""train:d108_u2"", ""safety"": ""ok""}",0,0,0.0,0.00039999940781854093,0.00019999970390927047,0.009499999578110874,0.003200000719516538,0.015899999198154546
816,816,train:d108_u3,,,,,,always,3,1,1,0,0,0,rbpg-7aae22b49a7d572c2348b241,rbpg-7aae22b49a7d572c2348b241,rbpg-exec-5d1bcb11ee7a4d89bf15f068dca853f2,816:train:d108_u3,20d19d0d3f9f6e1a14204fcf468a5423,1,1,0,clean,0,ok,"{""service"": ""deterministic_policy_gated_stub"", ""status"": ""executed"", ""record_id"": ""train:d108_u3"", ""safety"": ""ok""}",0,0,0.0,0.00039999940781854093,0.00019999970390927047,0.00940000063565094,0.003200000719516538,0.015699999494245276
817,817,train:d108_u4,,,,,,always,3,1,1,0,0,0,rbpg-7aae22b49a7d572c2348b241,rbpg-7aae22b49a7d572c2348b241,rbpg-exec-5d1bcb11ee7a4d89bf15f068dca853f2,817:train:d108_u4,c732a584a85b6df22141ec0a43043ee2,1,1,0,clean,0,ok,"{""service"": ""deterministic_policy_gated_stub"", ""status"": ""executed"", ""record_id"": ""train:d108_u4"", ""safety"": ""ok""}",0,0,0.0,0.00039999940781854093,0.000200001522898674,0.009399998816661537,0.003300001480965875,0.015800000255694613
818,818,train:d108_u5,,,,,,always,3,1,1,0,0,0,rbpg-7aae22b49a7d572c2348b241,rbpg-7aae22b49a7d572c2348b241,rbpg-exec-5d1bcb11ee7a4d89bf15f068dca853f2,818:train:d108_u5,e1722be738f8d4153b52462f6def8459,1,1,0,clean,0,ok,"{""service"": ""deterministic_policy_gated_stub"", ""status"": ""executed"", ""record_id"": ""train:d108_u5"", ""safety"": ""ok""}",0,0,0.0,0.0005000001692678779,0.000200001522898674,0.009800000043469481,0.003200000719516538,0.015999999959603883
819,819,train:d108_u6,,,,,,always,3,1,1,0,0,0,rbpg-7aae22b49a7d572c2348b241,rbpg-7aae22b49a7d572c2348b241,rbpg-exec-5d1bcb11ee7a4d89bf15f068dca853f2,819:train:d108_u6,cb0081c92abc9f6c41ce4ec7b8debea2,1,1,0,clean,0,ok,"{""service"": ""deterministic_policy_gated_stub"", ""status"": ""executed"", ""record_id"": ""train:d108_u6"", ""safety"": ""ok""}",0,0,0.0,0.00039999940781854093,0.00019999970390927047,0.00940000063565094,0.003499999365885742,0.015999999959603883
820,820,train:d109_u0,,,,,,always,3,1,1,0,0,0,rbpg-7aae22b49a7d572c2348b241,rbpg-7aae22b49a7d572c2348b241,rbpg-exec-5d1bcb11ee7a4d89bf15f068dca853f2,820:train:d109_u0,b5b9b7d69be78fff84bc1f32a8f014d0,1,1,0,clean,0,ok,"{""service"": ""deterministic_policy_gated_stub"", ""status"": ""executed"", ""record_id"": ""train:d109_u0"", ""safety"": ""ok""}",0,0,0.0,0.00039999940781854093,0.00019999970390927047,0.009499999578110874,0.0032999996619764715,0.015899999198154546
821,821,train:d109_u3,,,,,,always,3,1,1,0,0,0,rbpg-7aae22b49a7d572c2348b241,rbpg-7aae22b49a7d572c2348b241,rbpg-exec-5d1bcb11ee7a4d89bf15f068dca853f2,821:train:d109_u3,c2e582190463dd5ec29506b4c1c5702d,1,1,0,clean,0,ok,"{""service"": ""deterministic_policy_gated_stub"", ""status"": ""executed"", ""record_id"": ""train:d109_u3"", ""safety"": ""ok""}",0,0,0.0,0.00039999940781854093,0.00019999970390927047,0.009699999282020144,0.0031999989005271345,0.01590000101714395
822,822,train:d109_u4,,,,,,always,3,1,1,0,0,0,rbpg-7aae22b49a7d572c2348b241,rbpg-7aae22b49a7d572c2348b241,rbpg-exec-5d1bcb11ee7a4d89bf15f068dca853f2,822:train:d109_u4,a6d5c59243e9b0b0c1838488e4097903,1,1,0,clean,0,ok,"{""service"": ""deterministic_policy_gated_stub"", ""status"": ""executed"", ""record_id"": ""train:d109_u4"", ""safety"": ""ok""}",0,0,0.0,0.00039999940781854093,0.000200001522898674,0.009599998520570807,0.003499999365885742,0.01610000072105322
823,823,train:d109_u5,,,,,,always,3,1,1,0,0,0,rbpg-7aae22b49a7d572c2348b241,rbpg-7aae22b49a7d572c2348b241,rbpg-exec-5d1bcb11ee7a4d89bf15f068dca853f2,823:train:d109_u5,40723f2e3c7ff4b276a8c72fa11acb9a,1,1,0,clean,0,ok,"{""service"": ""deterministic_policy_gated_stub"", ""status"": ""executed"", ""record_id"": ""train:d109_u5"", ""safety"": ""ok""}",0,0,0.0,0.00039999940781854093,0.00019999970390927047,0.009500001397100277,0.003200000719516538,0.015699999494245276
824,824,train:d109_u6,,,,,,always,3,1,1,0,0,0,rbpg-7aae22b49a7d572c2348b241,rbpg-7aae22b49a7d572c2348b241,rbpg-exec-5d1bcb11ee7a4d89bf15f068dca853f2,824:train:d109_u6,ce43432ef190a8491792f53bafdc1061,1,1,0,clean,0,ok,"{""service"": ""deterministic_policy_gated_stub"", ""status"": ""executed"", ""record_id"": ""train:d109_u6"", ""safety"": ""ok""}",0,0,0.0,0.0004000012268079445,0.00019999970390927047,0.00960000033956021,0.0032999996619764715,0.015800000255694613
825,825,train:d109_u7,,,,,,always,3,1,1,0,0,0,rbpg-7aae22b49a7d572c2348b241,rbpg-7aae22b49a7d572c2348b241,rbpg-exec-5d1bcb11ee7a4d89bf15f068dca853f2,825:train:d109_u7,9c103e6612d9ff95d80e7479b1df558f,1,1,0,clean,0,ok,"{""service"": ""deterministic_policy_gated_stub"", ""status"": ""executed"", ""record_id"": ""train:d109_u7"", ""safety"": ""ok""}",0,0,0.0,0.0004000012268079445,0.00019999970390927047,0.00940000063565094,0.0032999996619764715,0.015899999198154546
826,826,train:d109_u8,,,,,,always,3,1,1,0,0,0,rbpg-7aae22b49a7d572c2348b241,rbpg-7aae22b49a7d572c2348b241,rbpg-exec-5d1bcb11ee7a4d89bf15f068dca853f2,826:train:d109_u8,759fbc039726475ef5d4823a76cee3a5,1,1,0,clean,0,ok,"{""service"": ""deterministic_policy_gated_stub"", ""status"": ""executed"", ""record_id"": ""train:d109_u8"", ""safety"": ""ok""}",0,0,0.0,0.00039999940781854093,0.000200001522898674,0.009500001397100277,0.0032999996619764715,0.015999999959603883
827,827,train:d109_u9,,,,,,always,3,1,1,0,0,0,rbpg-7aae22b49a7d572c2348b241,rbpg-7aae22b49a7d572c2348b241,rbpg-exec-5d1bcb11ee7a4d89bf15f068dca853f2,827:train:d109_u9,83e559ed540bd08e956ab89760d280a7,1,1,0,clean,0,ok,"{""service"": ""deterministic_policy_gated_stub"", ""status"": ""executed"", ""record_id"": ""train:d109_u9"", ""safety"": ""ok""}",0,0,0.0,0.0004000012268079445,0.00019999970390927047,0.00960000033956021,0.0034000004234258085,0.016099998902063817
828,828,train:d109_u10,,,,,,always,3,1,1,0,0,0,rbpg-7aae22b49a7d572c2348b241,rbpg-7aae22b49a7d572c2348b241,rbpg-exec-5d1bcb11ee7a4d89bf15f068dca853f2,828:train:d109_u10,e782e04f31aa6e1f171c2d7350864638,1,1,0,clean,0,ok,"{""service"": ""deterministic_policy_gated_stub"", ""status"": ""executed"", ""record_id"": ""train:d109_u10"", ""safety"": ""ok""}",0,0,0.0,0.00039999940781854093,0.000200001522898674,0.009599998520570807,0.003200000719516538,0.015800000255694613
829,829,train:d109_u11,,,,,,always,3,1,1,0,0,0,rbpg-7aae22b49a7d572c2348b241,rbpg-7aae22b49a7d572c2348b241,rbpg-exec-5d1bcb11ee7a4d89bf15f068dca853f2,829:train:d109_u11,314c886b8987bf494713f5190f834e2d,1,1,0,clean,0,ok,"{""service"": ""deterministic_policy_gated_stub"", ""status"": ""executed"", ""record_id"": ""train:d109_u11"", ""safety"": ""ok""}",0,0,0.0,0.0005000001692678779,0.0002999986463692039,0.009499999578110874,0.0032999996619764715,0.01579999843670521
830,830,train:d109_u12,,,,,,always,3,1,1,0,0,0,rbpg-7aae22b49a7d572c2348b241,rbpg-7aae22b49a7d572c2348b241,rbpg-exec-5d1bcb11ee7a4d89bf15f068dca853f2,830:train:d109_u12,70b3639e273e0e072b0101d1f72528e1,1,1,0,clean,0,ok,"{""service"": ""deterministic_policy_gated_stub"", ""status"": ""executed"", ""record_id"": ""train:d109_u12"", ""safety"": ""ok""}",0,0,0.0,0.0004000012268079445,0.00019999970390927047,0.009699999282020144,0.003099999958067201,0.015999999959603883
831,831,train:d109_u13,,,,,,always,3,1,1,0,0,0,rbpg-7aae22b49a7d572c2348b241,rbpg-7aae22b49a7d572c2348b241,rbpg-exec-5d1bcb11ee7a4d89bf15f068dca853f2,831:train:d109_u13,7b22d52ba76aaef9e31448341cedacfc,1,1,0,clean,0,ok,"{""service"": ""deterministic_policy_gated_stub"", ""status"": ""executed"", ""record_id"": ""train:d109_u13"", ""safety"": ""ok""}",0,0,0.0,0.00039999940781854093,0.00019999970390927047,0.009700001101009548,0.0034000004234258085,0.01610000072105322
832,832,train:d109_u14,,,,,,always,3,1,1,0,0,0,rbpg-7aae22b49a7d572c2348b241,rbpg-7aae22b49a7d572c2348b241,rbpg-exec-5d1bcb11ee7a4d89bf15f068dca853f2,832:train:d109_u14,680cf94a4857038fdc6a458d61b0792e,1,1,0,clean,0,ok,"{""service"": ""deterministic_policy_gated_stub"", ""status"": ""executed"", ""record_id"": ""train:d109_u14"", ""safety"": ""ok""}",0,0,0.0,0.00039999940781854093,0.00019999970390927047,0.00960000033956021,0.0032999996619764715,0.015899999198154546
833,833,train:d109_u15,,,,,,always,3,1,1,0,0,0,rbpg-7aae22b49a7d572c2348b241,rbpg-7aae22b49a7d572c2348b241,rbpg-exec-5d1bcb11ee7a4d89bf15f068dca853f2,833:train:d109_u15,7578d0dadbb5aefdbd430d5877dce79f,1,1,0,clean,0,ok,"{""service"": ""deterministic_policy_gated_stub"", ""status"": ""executed"", ""record_id"": ""train:d109_u15"", ""safety"": ""ok""}",0,0,0.0,0.00039999940781854093,0.00019999970390927047,0.009599998520570807,0.003200000719516538,0.015999999959603883
834,834,train:d109_u20,,,,,,always,3,1,1,0,0,0,rbpg-7aae22b49a7d572c2348b241,rbpg-7aae22b49a7d572c2348b241,rbpg-exec-5d1bcb11ee7a4d89bf15f068dca853f2,834:train:d109_u20,c3e619cf6ec5642632d3208a1fcfbf55,1,1,0,clean,0,ok,"{""service"": ""deterministic_policy_gated_stub"", ""status"": ""executed"", ""record_id"": ""train:d109_u20"", ""safety"": ""ok""}",0,0,0.0,0.0004000012268079445,0.00019999970390927047,0.00940000063565094,0.003499999365885742,0.015999999959603883
835,835,train:d109_u21,,,,,,always,3,1,1,0,0,0,rbpg-7aae22b49a7d572c2348b241,rbpg-7aae22b49a7d572c2348b241,rbpg-exec-5d1bcb11ee7a4d89bf15f068dca853f2,835:train:d109_u21,fc880314403d90eae346ba15b0bbd8df,1,1,0,clean,0,ok,"{""service"": ""deterministic_policy_gated_stub"", ""status"": ""executed"", ""record_id"": ""train:d109_u21"", ""safety"": ""ok""}",0,0,0.0,0.0004000012268079445,0.00019999970390927047,0.00960000033956021,0.0032999996619764715,0.01590000101714395
836,836,train:d110_u0,,,,,,always,3,1,1,0,0,0,rbpg-7aae22b49a7d572c2348b241,rbpg-7aae22b49a7d572c2348b241,rbpg-exec-5d1bcb11ee7a4d89bf15f068dca853f2,836:train:d110_u0,cb40cbfa993ea094f5378974fe610e1c,1,1,0,clean,0,ok,"{""service"": ""deterministic_policy_gated_stub"", ""status"": ""executed"", ""record_id"": ""train:d110_u0"", ""safety"": ""ok""}",0,0,0.0,0.00039999940781854093,0.000200001522898674,0.009499999578110874,0.003200000719516538,0.015699999494245276
837,837,train:d110_u3,,,,,,always,3,1,1,0,0,0,rbpg-7aae22b49a7d572c2348b241,rbpg-7aae22b49a7d572c2348b241,rbpg-exec-5d1bcb11ee7a4d89bf15f068dca853f2,837:train:d110_u3,a246200e6022626d63811da99688f360,1,1,0,clean,0,ok,"{""service"": ""deterministic_policy_gated_stub"", ""status"": ""executed"", ""record_id"": ""train:d110_u3"", ""safety"": ""ok""}",0,0,0.0,0.00039999940781854093,0.00019999970390927047,0.009700001101009548,0.0034000004234258085,0.01610000072105322
838,838,train:d110_u4,,,,,,always,3,1,1,0,0,0,rbpg-7aae22b49a7d572c2348b241,rbpg-7aae22b49a7d572c2348b241,rbpg-exec-5d1bcb11ee7a4d89bf15f068dca853f2,838:train:d110_u4,01e8583b2b93066efdb4bb0875e3763a,1,1,0,clean,0,ok,"{""service"": ""deterministic_policy_gated_stub"", ""status"": ""executed"", ""record_id"": ""train:d110_u4"", ""safety"": ""ok""}",0,0,0.0,0.0004000012268079445,0.00019999970390927047,0.00960000033956021,0.003200000719516538,0.015899999198154546
839,839,train:d110_u5,,,,,,always,3,1,1,0,0,0,rbpg-7aae22b49a7d572c2348b241,rbpg-7aae22b49a7d572c2348b241,rbpg-exec-5d1bcb11ee7a4d89bf15f068dca853f2,839:train:d110_u5,a6868eb641a8505725ff4cb9ec43cbbf,1,1,0,clean,0,ok,"{""service"": ""deterministic_policy_gated_stub"", ""status"": ""executed"", ""record_id"": ""train:d110_u5"", ""safety"": ""ok""}",0,0,0.0,0.00039999940781854093,0.00019999970390927047,0.00960000033956021,0.0032999996619764715,0.015999999959603883
840,840,train:d111_u0,,,,,,always,3,1,1,0,0,0,rbpg-7aae22b49a7d572c2348b241,rbpg-7aae22b49a7d572c2348b241,rbpg-exec-5d1bcb11ee7a4d89bf15f068dca853f2,840:train:d111_u0,832251897552d7a549929d926f419c43,1,1,0,clean,0,ok,"{""service"": ""deterministic_policy_gated_stub"", ""status"": ""executed"", ""record_id"": ""train:d111_u0"", ""safety"": ""ok""}",0,0,0.0,0.00039999940781854093,0.00019999970390927047,0.00940000063565094,0.003300001480965875,0.015699999494245276
841,841,train:d111_u2,,,,,,always,3,1,1,0,0,0,rbpg-7aae22b49a7d572c2348b241,rbpg-7aae22b49a7d572c2348b241,rbpg-exec-5d1bcb11ee7a4d89bf15f068dca853f2,841:train:d111_u2,12f3b0aec409a86b2ad248fddf58c3ce,1,1,0,clean,0,ok,"{""service"": ""deterministic_policy_gated_stub"", ""status"": ""executed"", ""record_id"": ""train:d111_u2"", ""safety"": ""ok""}",0,0,0.0,0.00039999940781854093,0.00019999970390927047,0.00940000063565094,0.003300001480965875,0.015600000551785342
842,842,train:d111_u3,,,,,,always,3,1,1,0,0,0,rbpg-7aae22b49a7d572c2348b241,rbpg-7aae22b49a7d572c2348b241,rbpg-exec-5d1bcb11ee7a4d89bf15f068dca853f2,842:train:d111_u3,946fd85427da7b87604321b343405c70,1,1,0,clean,0,ok,"{""service"": ""deterministic_policy_gated_stub"", ""status"": ""executed"", ""record_id"": ""train:d111_u3"", ""safety"": ""ok""}",0,0,0.0,0.00039999940781854093,0.00019999970390927047,0.00940000063565094,0.0031999989005271345,0.015699999494245276
843,843,train:d111_u7,,,,,,always,3,1,1,0,0,0,rbpg-7aae22b49a7d572c2348b241,rbpg-7aae22b49a7d572c2348b241,rbpg-exec-5d1bcb11ee7a4d89bf15f068dca853f2,843:train:d111_u7,4b3f94379bb1c808ca63a4fed54e8928,1,1,0,clean,0,ok,"{""service"": ""deterministic_policy_gated_stub"", ""status"": ""executed"", ""record_id"": ""train:d111_u7"", ""safety"": ""ok""}",0,0,0.0,0.00039999940781854093,0.000200001522898674,0.00940000063565094,0.003300001480965875,0.015699999494245276
844,844,train:d111_u9,,,,,,always,3,1,1,0,0,0,rbpg-7aae22b49a7d572c2348b241,rbpg-7aae22b49a7d572c2348b241,rbpg-exec-5d1bcb11ee7a4d89bf15f068dca853f2,844:train:d111_u9,34dfaec6204aebd3e20404991aed51a6,1,1,0,clean,0,ok,"{""service"": ""deterministic_policy_gated_stub"", ""status"": ""executed"", ""record_id"": ""train:d111_u9"", ""safety"": ""ok""}",0,0,0.0,0.0004000012268079445,0.00019999970390927047,0.009499999578110874,0.003200000719516538,0.015800000255694613
845,845,train:d111_u11,,,,,,always,3,1,1,0,0,0,rbpg-7aae22b49a7d572c2348b241,rbpg-7aae22b49a7d572c2348b241,rbpg-exec-5d1bcb11ee7a4d89bf15f068dca853f2,845:train:d111_u11,db72715ae7110b4e727856093e3b49c7,1,1,0,clean,0,ok,"{""service"": ""deterministic_policy_gated_stub"", ""status"": ""executed"", ""record_id"": ""train:d111_u11"", ""safety"": ""ok""}",0,0,0.0,0.00039999940781854093,0.00019999970390927047,0.00940000063565094,0.003099999958067201,0.015699999494245276
846,846,train:d111_u12,,,,,,always,3,1,1,0,0,0,rbpg-7aae22b49a7d572c2348b241,rbpg-7aae22b49a7d572c2348b241,rbpg-exec-5d1bcb11ee7a4d89bf15f068dca853f2,846:train:d111_u12,594befbf50c9d9ba34c98fac22f4c161,1,1,0,clean,0,ok,"{""service"": ""deterministic_policy_gated_stub"", ""status"": ""executed"", ""record_id"": ""train:d111_u12"", ""safety"": ""ok""}",0,0,0.0,0.00039999940781854093,0.00019999970390927047,0.009699999282020144,0.0032999996619764715,0.015999999959603883
847,847,train:d111_u14,,,,,,always,3,1,1,0,0,0,rbpg-7aae22b49a7d572c2348b241,rbpg-7aae22b49a7d572c2348b241,rbpg-exec-5d1bcb11ee7a4d89bf15f068dca853f2,847:train:d111_u14,fa8bca601ea1d3f19ff9bda2def5410f,1,1,0,clean,0,ok,"{""service"": ""deterministic_policy_gated_stub"", ""status"": ""executed"", ""record_id"": ""train:d111_u14"", ""safety"": ""ok""}",0,0,0.0,0.00039999940781854093,0.00019999970390927047,0.00940000063565094,0.003200000719516538,0.015800000255694613
848,848,train:d112_u2,,,,,,always,3,1,1,0,0,0,rbpg-7aae22b49a7d572c2348b241,rbpg-7aae22b49a7d572c2348b241,rbpg-exec-5d1bcb11ee7a4d89bf15f068dca853f2,848:train:d112_u2,78bcdaab62294438bc09f8e12ebda53e,1,1,0,clean,0,ok,"{""service"": ""deterministic_policy_gated_stub"", ""status"": ""executed"", ""record_id"": ""train:d112_u2"", ""safety"": ""ok""}",0,0,0.0,0.0005000001692678779,0.00019999970390927047,0.009299999874201603,0.003099999958067201,0.015300000086426735
849,849,train:d112_u3,,,,,,always,3,1,1,0,0,0,rbpg-7aae22b49a7d572c2348b241,rbpg-7aae22b49a7d572c2348b241,rbpg-exec-5d1bcb11ee7a4d89bf15f068dca853f2,849:train:d112_u3,e688337a145025a05309b91be0129792,1,1,0,clean,0,ok,"{""service"": ""deterministic_policy_gated_stub"", ""status"": ""executed"", ""record_id"": ""train:d112_u3"", ""safety"": ""ok""}",0,0,0.0,0.0005000001692678779,0.00019999970390927047,0.00960000033956021,0.003099999958067201,0.015999999959603883
850,850,train:d113_u0,,,,,,always,3,1,1,0,0,0,rbpg-7aae22b49a7d572c2348b241,rbpg-7aae22b49a7d572c2348b241,rbpg-exec-5d1bcb11ee7a4d89bf15f068dca853f2,850:train:d113_u0,7357df40d9759a40311496eed7efd571,1,1,0,clean,0,ok,"{""service"": ""deterministic_policy_gated_stub"", ""status"": ""executed"", ""record_id"": ""train:d113_u0"", ""safety"": ""ok""}",0,0,0.0,0.00039999940781854093,0.00019999970390927047,0.009900000804918818,0.0032999996619764715,0.016399999367422424
851,851,train:d113_u1,,,,,,always,3,1,1,0,0,0,rbpg-7aae22b49a7d572c2348b241,rbpg-7aae22b49a7d572c2348b241,rbpg-exec-5d1bcb11ee7a4d89bf15f068dca853f2,851:train:d113_u1,2cb9b625cea044deb25ef8df5c3cfbcf,1,1,0,clean,0,ok,"{""service"": ""deterministic_policy_gated_stub"", ""status"": ""executed"", ""record_id"": ""train:d113_u1"", ""safety"": ""ok""}",0,0,0.0,0.0005000001692678779,0.00019999970390927047,0.024000000848900527,0.003099999958067201,0.030299999707494862
852,852,train:d113_u2,,,,,,always,3,1,1,0,0,0,rbpg-7aae22b49a7d572c2348b241,rbpg-7aae22b49a7d572c2348b241,rbpg-exec-5d1bcb11ee7a4d89bf15f068dca853f2,852:train:d113_u2,7c20f8d6ccfd9d0bd48b0e0af061053a,1,1,0,clean,0,ok,"{""service"": ""deterministic_policy_gated_stub"", ""status"": ""executed"", ""record_id"": ""train:d113_u2"", ""safety"": ""ok""}",0,0,0.0,0.00039999940781854093,0.00019999970390927047,0.009800000043469481,0.003200000719516538,0.01610000072105322
853,853,train:d113_u3,,,,,,always,3,1,1,0,0,0,rbpg-7aae22b49a7d572c2348b241,rbpg-7aae22b49a7d572c2348b241,rbpg-exec-5d1bcb11ee7a4d89bf15f068dca853f2,853:train:d113_u3,f006e8e40ab7e14e074f453ce48c06a8,1,1,0,clean,0,ok,"{""service"": ""deterministic_policy_gated_stub"", ""status"": ""executed"", ""record_id"": ""train:d113_u3"", ""safety"": ""ok""}",0,0,0.0,0.0004000012268079445,0.00019999970390927047,0.009199999112752266,0.003200000719516538,0.015399999028886668
854,854,train:d113_u4,,,,,,always,3,1,1,0,0,0,rbpg-7aae22b49a7d572c2348b241,rbpg-7aae22b49a7d572c2348b241,rbpg-exec-5d1bcb11ee7a4d89bf15f068dca853f2,854:train:d113_u4,7d4260d59129a131a4d3fc5b3e412cea,1,1,0,clean,0,ok,"{""service"": ""deterministic_policy_gated_stub"", ""status"": ""executed"", ""record_id"": ""train:d113_u4"", ""safety"": ""ok""}",0,0,0.0,0.00039999940781854093,0.00019999970390927047,0.009299999874201603,0.003099999958067201,0.015499999790336005
855,855,train:d113_u5,,,,,,always,3,1,1,0,0,0,rbpg-7aae22b49a7d572c2348b241,rbpg-7aae22b49a7d572c2348b241,rbpg-exec-5d1bcb11ee7a4d89bf15f068dca853f2,855:train:d113_u5,b73c93d2e90fead70ca0f5e0560cc1b5,1,1,0,clean,0,ok,"{""service"": ""deterministic_policy_gated_stub"", ""status"": ""executed"", ""record_id"": ""train:d113_u5"", ""safety"": ""ok""}",0,0,0.0,0.0005000001692678779,0.000100000761449337,0.009199999112752266,0.0031999989005271345,0.015499999790336005
856,856,train:d113_u6,,,,,,always,3,1,1,0,0,0,rbpg-7aae22b49a7d572c2348b241,rbpg-7aae22b49a7d572c2348b241,rbpg-exec-5d1bcb11ee7a4d89bf15f068dca853f2,856:train:d113_u6,87b49e6aac01732c10698ea077076d27,1,1,0,clean,0,ok,"{""service"": ""deterministic_policy_gated_stub"", ""status"": ""executed"", ""record_id"": ""train:d113_u6"", ""safety"": ""ok""}",0,0,0.0,0.00039999940781854093,0.000100000761449337,0.009100000170292333,0.003099999958067201,0.015300000086426735
857,857,train:d113_u7,,,,,,always,3,1,1,0,0,0,rbpg-7aae22b49a7d572c2348b241,rbpg-7aae22b49a7d572c2348b241,rbpg-exec-5d1bcb11ee7a4d89bf15f068dca853f2,857:train:d113_u7,9884c410da0916c146c2f4c04d7856ed,1,1,0,clean,0,ok,"{""service"": ""deterministic_policy_gated_stub"", ""status"": ""executed"", ""record_id"": ""train:d113_u7"", ""safety"": ""ok""}",0,0,0.0,0.00039999940781854093,0.00019999970390927047,0.009100000170292333,0.003099999958067201,0.015300000086426735
858,858,train:d113_u8,,,,,,always,3,1,1,0,0,0,rbpg-7aae22b49a7d572c2348b241,rbpg-7aae22b49a7d572c2348b241,rbpg-exec-5d1bcb11ee7a4d89bf15f068dca853f2,858:train:d113_u8,fd3550d9a46ddc622d59c9ac508d510a,1,1,0,clean,0,ok,"{""service"": ""deterministic_policy_gated_stub"", ""status"": ""executed"", ""record_id"": ""train:d113_u8"", ""safety"": ""ok""}",0,0,0.0,0.00039999940781854093,0.00019999970390927047,0.011500000255182385,0.003200000719516538,0.03599999945436139
859,859,train:d113_u9,,,,,,always,3,1,1,0,0,0,rbpg-7aae22b49a7d572c2348b241,rbpg-7aae22b49a7d572c2348b241,rbpg-exec-5d1bcb11ee7a4d89bf15f068dca853f2,859:train:d113_u9,d76422790312259048730bade38725d6,1,1,0,clean,0,ok,"{""service"": ""deterministic_policy_gated_stub"", ""status"": ""executed"", ""record_id"": ""train:d113_u9"", ""safety"": ""ok""}",0,0,0.0,0.00039999940781854093,0.00019999970390927047,0.00960000033956021,0.0032999996619764715,0.015899999198154546
860,860,train:d113_u10,,,,,,always,3,1,1,0,0,0,rbpg-7aae22b49a7d572c2348b241,rbpg-7aae22b49a7d572c2348b241,rbpg-exec-5d1bcb11ee7a4d89bf15f068dca853f2,860:train:d113_u10,3a9c34256a4810955bf62215053752f1,1,1,0,clean,0,ok,"{""service"": ""deterministic_policy_gated_stub"", ""status"": ""executed"", ""record_id"": ""train:d113_u10"", ""safety"": ""ok""}",0,0,0.0,0.0004000012268079445,0.00019999970390927047,0.012599999536178075,0.005500000042957254,0.021299998479662463
861,861,train:d114_u0,,,,,,always,3,1,1,0,0,0,rbpg-7aae22b49a7d572c2348b241,rbpg-7aae22b49a7d572c2348b241,rbpg-exec-5d1bcb11ee7a4d89bf15f068dca853f2,861:train:d114_u0,4db1c20445e6d69aca5e88ffd09b5ca4,1,1,0,clean,0,ok,"{""service"": ""deterministic_policy_gated_stub"", ""status"": ""executed"", ""record_id"": ""train:d114_u0"", ""safety"": ""ok""}",0,0,0.0,0.0006000009307172149,0.00030000046535860747,0.011399999493733048,0.0032999996619764715,0.01920000067912042
862,862,train:d114_u2,,,,,,always,3,1,1,0,0,0,rbpg-7aae22b49a7d572c2348b241,rbpg-7aae22b49a7d572c2348b241,rbpg-exec-5d1bcb11ee7a4d89bf15f068dca853f2,862:train:d114_u2,87e816fabdabbdbfcc0cf306139994bd,1,1,0,clean,0,ok,"{""service"": ""deterministic_policy_gated_stub"", ""status"": ""executed"", ""record_id"": ""train:d114_u2"", ""safety"": ""ok""}",0,0,0.0,0.00039999940781854093,0.000200001522898674,0.00940000063565094,0.003200000719516538,0.015600000551785342
863,863,train:d114_u3,,,,,,always,3,1,1,0,0,0,rbpg-7aae22b49a7d572c2348b241,rbpg-7aae22b49a7d572c2348b241,rbpg-exec-5d1bcb11ee7a4d89bf15f068dca853f2,863:train:d114_u3,c6915b62acdf48e0b8a740550148322f,1,1,0,clean,0,ok,"{""service"": ""deterministic_policy_gated_stub"", ""status"": ""executed"", ""record_id"": ""train:d114_u3"", ""safety"": ""ok""}",0,0,0.0,0.0004000012268079445,0.00019999970390927047,0.009299999874201603,0.003099999958067201,0.015300000086426735
864,864,train:d114_u4,,,,,,always,3,1,1,0,0,0,rbpg-7aae22b49a7d572c2348b241,rbpg-7aae22b49a7d572c2348b241,rbpg-exec-5d1bcb11ee7a4d89bf15f068dca853f2,864:train:d114_u4,f803f635085777eeae7366acf966424f,1,1,0,clean,0,ok,"{""service"": ""deterministic_policy_gated_stub"", ""status"": ""executed"", ""record_id"": ""train:d114_u4"", ""safety"": ""ok""}",0,0,0.0,0.00039999940781854093,0.00019999970390927047,0.009100000170292333,0.0030000010156072676,0.015200001143966801
865,865,train:d115_u0,,,,,,always,3,1,1,0,0,0,rbpg-7aae22b49a7d572c2348b241,rbpg-7aae22b49a7d572c2348b241,rbpg-exec-5d1bcb11ee7a4d89bf15f068dca853f2,865:train:d115_u0,4ddd5616982eabde90483902ed8300e4,1,1,0,clean,0,ok,"{""service"": ""deterministic_policy_gated_stub"", ""status"": ""executed"", ""record_id"": ""train:d115_u0"", ""safety"": ""ok""}",0,0,0.0,0.00039999940781854093,0.00019999970390927047,0.009300001693191007,0.0032999996619764715,0.015499999790336005
866,866,train:d115_u1,,,,,,always,3,1,1,0,0,0,rbpg-7aae22b49a7d572c2348b241,rbpg-7aae22b49a7d572c2348b241,rbpg-exec-5d1bcb11ee7a4d89bf15f068dca853f2,866:train:d115_u1,ac8d4d977efa870329de2776b8f6b7a8,1,1,0,clean,0,ok,"{""service"": ""deterministic_policy_gated_stub"", ""status"": ""executed"", ""record_id"": ""train:d115_u1"", ""safety"": ""ok""}",0,0,0.0,0.00039999940781854093,0.00019999970390927047,0.00920000093174167,0.003099999958067201,0.015300000086426735
867,867,train:d115_u2,,,,,,always,3,1,1,0,0,0,rbpg-7aae22b49a7d572c2348b241,rbpg-7aae22b49a7d572c2348b241,rbpg-exec-5d1bcb11ee7a4d89bf15f068dca853f2,867:train:d115_u2,d3ad1c885b6e69f10d2d8641bfc119a4,1,1,0,clean,0,ok,"{""service"": ""deterministic_policy_gated_stub"", ""status"": ""executed"", ""record_id"": ""train:d115_u2"", ""safety"": ""ok""}",0,0,0.0,0.00039999940781854093,0.00019999970390927047,0.008999999408842996,0.003200000719516538,0.015300000086426735
868,868,train:d115_u3,,,,,,always,3,1,1,0,0,0,rbpg-7aae22b49a7d572c2348b241,rbpg-7aae22b49a7d572c2348b241,rbpg-exec-5d1bcb11ee7a4d89bf15f068dca853f2,868:train:d115_u3,5a71d01b80acc2e33ba602db2b05b90a,1,1,0,clean,0,ok,"{""service"": ""deterministic_policy_gated_stub"", ""status"": ""executed"", ""record_id"": ""train:d115_u3"", ""safety"": ""ok""}",0,0,0.0,0.0004000012268079445,0.00019999970390927047,0.009100000170292333,0.003099999958067201,0.015300000086426735
869,869,train:d115_u4,,,,,,always,3,1,1,0,0,0,rbpg-7aae22b49a7d572c2348b241,rbpg-7aae22b49a7d572c2348b241,rbpg-exec-5d1bcb11ee7a4d89bf15f068dca853f2,869:train:d115_u4,066647d0c1d3c594134a9ed85dfc1a2d,1,1,0,clean,0,ok,"{""service"": ""deterministic_policy_gated_stub"", ""status"": ""executed"", ""record_id"": ""train:d115_u4"", ""safety"": ""ok""}",0,0,0.0,0.00039999940781854093,0.00019999970390927047,0.009100000170292333,0.003099999958067201,0.015400000847876072
870,870,train:d115_u5,,,,,,always,3,1,1,0,0,0,rbpg-7aae22b49a7d572c2348b241,rbpg-7aae22b49a7d572c2348b241,rbpg-exec-5d1bcb11ee7a4d89bf15f068dca853f2,870:train:d115_u5,8b260dee9970f2b1832297d3fd51c7f7,1,1,0,clean,0,ok,"{""service"": ""deterministic_policy_gated_stub"", ""status"": ""executed"", ""record_id"": ""train:d115_u5"", ""safety"": ""ok""}",0,0,0.0,0.00039999940781854093,0.00019999970390927047,0.0090000012278324,0.003200000719516538,0.015200001143966801
871,871,train:d116_u0,,,,,,always,3,1,1,0,0,0,rbpg-7aae22b49a7d572c2348b241,rbpg-7aae22b49a7d572c2348b241,rbpg-exec-5d1bcb11ee7a4d89bf15f068dca853f2,871:train:d116_u0,f51a02926bb291685c6331d10339c3f9,1,1,0,clean,0,ok,"{""service"": ""deterministic_policy_gated_stub"", ""status"": ""executed"", ""record_id"": ""train:d116_u0"", ""safety"": ""ok""}",0,0,0.0,0.00039999940781854093,0.00019999970390927047,0.0090000012278324,0.0030000010156072676,0.014999999621068127
872,872,train:d116_u1,,,,,,always,3,1,1,0,0,0,rbpg-7aae22b49a7d572c2348b241,rbpg-7aae22b49a7d572c2348b241,rbpg-exec-5d1bcb11ee7a4d89bf15f068dca853f2,872:train:d116_u1,e6151de12dfbcc5b8989f761862edf04,1,1,0,clean,0,ok,"{""service"": ""deterministic_policy_gated_stub"", ""status"": ""executed"", ""record_id"": ""train:d116_u1"", ""safety"": ""ok""}",0,0,0.0,0.00039999940781854093,0.00019999970390927047,0.009100000170292333,0.0031999989005271345,0.015200001143966801
873,873,train:d116_u2,,,,,,always,3,1,1,0,0,0,rbpg-7aae22b49a7d572c2348b241,rbpg-7aae22b49a7d572c2348b241,rbpg-exec-5d1bcb11ee7a4d89bf15f068dca853f2,873:train:d116_u2,a340461d8767919b442fd73b177f34f0,1,1,0,clean,0,ok,"{""service"": ""deterministic_policy_gated_stub"", ""status"": ""executed"", ""record_id"": ""train:d116_u2"", ""safety"": ""ok""}",0,0,0.0,0.00039999940781854093,0.000200001522898674,0.008999999408842996,0.003099999958067201,0.015100000382517464
874,874,train:d116_u4,,,,,,always,3,1,1,0,0,0,rbpg-7aae22b49a7d572c2348b241,rbpg-7aae22b49a7d572c2348b241,rbpg-exec-5d1bcb11ee7a4d89bf15f068dca853f2,874:train:d116_u4,c722b42a28c080ecbc52c8d364ec0a90,1,1,0,clean,0,ok,"{""service"": ""deterministic_policy_gated_stub"", ""status"": ""executed"", ""record_id"": ""train:d116_u4"", ""safety"": ""ok""}",0,0,0.0,0.00039999940781854093,0.00019999970390927047,0.009100000170292333,0.0030000010156072676,0.015199999324977398
875,875,train:d116_u5,,,,,,always,3,1,1,0,0,0,rbpg-7aae22b49a7d572c2348b241,rbpg-7aae22b49a7d572c2348b241,rbpg-exec-5d1bcb11ee7a4d89bf15f068dca853f2,875:train:d116_u5,59ff69ada09fa32bde43e4bd72a83304,1,1,0,clean,0,ok,"{""service"": ""deterministic_policy_gated_stub"", ""status"": ""executed"", ""record_id"": ""train:d116_u5"", ""safety"": ""ok""}",0,0,0.0,0.0004000012268079445,0.00019999970390927047,0.008999999408842996,0.0031999989005271345,0.015599998732795939
876,876,train:d116_u6,,,,,,always,3,1,1,0,0,0,rbpg-7aae22b49a7d572c2348b241,rbpg-7aae22b49a7d572c2348b241,rbpg-exec-5d1bcb11ee7a4d89bf15f068dca853f2,876:train:d116_u6,f711bc4b6d85f42ac11b3dff34604b0e,1,1,0,clean,0,ok,"{""service"": ""deterministic_policy_gated_stub"", ""status"": ""executed"", ""record_id"": ""train:d116_u6"", ""safety"": ""ok""}",0,0,0.0,0.00039999940781854093,0.00019999970390927047,0.009100000170292333,0.003099999958067201,0.015200001143966801
877,877,train:d116_u7,,,,,,always,3,1,1,0,0,0,rbpg-7aae22b49a7d572c2348b241,rbpg-7aae22b49a7d572c2348b241,rbpg-exec-5d1bcb11ee7a4d89bf15f068dca853f2,877:train:d116_u7,09e99266672383b8196515dc3fc8b578,1,1,0,clean,0,ok,"{""service"": ""deterministic_policy_gated_stub"", ""status"": ""executed"", ""record_id"": ""train:d116_u7"", ""safety"": ""ok""}",0,0,0.0,0.00039999940781854093,0.00019999970390927047,0.009199999112752266,0.0031999989005271345,0.015300000086426735
878,878,train:d117_u0,,,,,,always,3,1,1,0,0,0,rbpg-7aae22b49a7d572c2348b241,rbpg-7aae22b49a7d572c2348b241,rbpg-exec-5d1bcb11ee7a4d89bf15f068dca853f2,878:train:d117_u0,38e9bd460f87856d3064c1fb1f37520a,1,1,0,clean,0,ok,"{""service"": ""deterministic_policy_gated_stub"", ""status"": ""executed"", ""record_id"": ""train:d117_u0"", ""safety"": ""ok""}",0,0,0.0,0.0004000012268079445,0.00019999970390927047,0.008899998647393659,0.002999999196617864,0.015000001440057531
879,879,train:d117_u1,,,,,,always,3,1,1,0,0,0,rbpg-7aae22b49a7d572c2348b241,rbpg-7aae22b49a7d572c2348b241,rbpg-exec-5d1bcb11ee7a4d89bf15f068dca853f2,879:train:d117_u1,9225ebc7d999a06d7bb4a15198d8ea68,1,1,0,clean,0,ok,"{""service"": ""deterministic_policy_gated_stub"", ""status"": ""executed"", ""record_id"": ""train:d117_u1"", ""safety"": ""ok""}",0,0,0.0,0.00039999940781854093,0.00019999970390927047,0.0090000012278324,0.003099999958067201,0.014999999621068127
880,880,train:d117_u2,,,,,,always,3,1,1,0,0,0,rbpg-7aae22b49a7d572c2348b241,rbpg-7aae22b49a7d572c2348b241,rbpg-exec-5d1bcb11ee7a4d89bf15f068dca853f2,880:train:d117_u2,194fcb20dc882275aa907775fd25cb7b,1,1,0,clean,0,ok,"{""service"": ""deterministic_policy_gated_stub"", ""status"": ""executed"", ""record_id"": ""train:d117_u2"", ""safety"": ""ok""}",0,0,0.0,0.00039999940781854093,0.00019999970390927047,0.0090000012278324,0.003099999958067201,0.015100000382517464
881,881,train:d117_u3,,,,,,always,3,1,1,0,0,0,rbpg-7aae22b49a7d572c2348b241,rbpg-7aae22b49a7d572c2348b241,rbpg-exec-5d1bcb11ee7a4d89bf15f068dca853f2,881:train:d117_u3,92053e398d8852377818b625097875d6,1,1,0,clean,0,ok,"{""service"": ""deterministic_policy_gated_stub"", ""status"": ""executed"", ""record_id"": ""train:d117_u3"", ""safety"": ""ok""}",0,0,0.0,0.00039999940781854093,0.000100000761449337,0.009199999112752266,0.003200000719516538,0.015300000086426735
882,882,train:d118_u0,,,,,,always,3,1,1,0,0,0,rbpg-7aae22b49a7d572c2348b241,rbpg-7aae22b49a7d572c2348b241,rbpg-exec-5d1bcb11ee7a4d89bf15f068dca853f2,882:train:d118_u0,7fc597a2a1ac1529811d0ee94b8dd27f,1,1,0,clean,0,ok,"{""service"": ""deterministic_policy_gated_stub"", ""status"": ""executed"", ""record_id"": ""train:d118_u0"", ""safety"": ""ok""}",0,0,0.0,0.00039999940781854093,0.00019999970390927047,0.009100000170292333,0.0031999989005271345,0.015300000086426735
883,883,train:d118_u2,,,,,,always,3,1,1,0,0,0,rbpg-7aae22b49a7d572c2348b241,rbpg-7aae22b49a7d572c2348b241,rbpg-exec-5d1bcb11ee7a4d89bf15f068dca853f2,883:train:d118_u2,231c8cda13a6e5d858829c6b9e3196f8,1,1,0,clean,0,ok,"{""service"": ""deterministic_policy_gated_stub"", ""status"": ""executed"", ""record_id"": ""train:d118_u2"", ""safety"": ""ok""}",0,0,0.0,0.00039999940781854093,0.000200001522898674,0.008999999408842996,0.0031999989005271345,0.015199999324977398
884,884,train:d118_u3,,,,,,always,3,1,1,0,0,0,rbpg-7aae22b49a7d572c2348b241,rbpg-7aae22b49a7d572c2348b241,rbpg-exec-5d1bcb11ee7a4d89bf15f068dca853f2,884:train:d118_u3,56465eb31710298910fa2ac5446854f5,1,1,0,clean,0,ok,"{""service"": ""deterministic_policy_gated_stub"", ""status"": ""executed"", ""record_id"": ""train:d118_u3"", ""safety"": ""ok""}",0,0,0.0,0.00039999940781854093,0.00019999970390927047,0.008999999408842996,0.003200000719516538,0.015100000382517464
885,885,train:d118_u4,,,,,,always,3,1,1,0,0,0,rbpg-7aae22b49a7d572c2348b241,rbpg-7aae22b49a7d572c2348b241,rbpg-exec-5d1bcb11ee7a4d89bf15f068dca853f2,885:train:d118_u4,621df00b1068c7b882f7ee916d73c37e,1,1,0,clean,0,ok,"{""service"": ""deterministic_policy_gated_stub"", ""status"": ""executed"", ""record_id"": ""train:d118_u4"", ""safety"": ""ok""}",0,0,0.0,0.00039999940781854093,0.000100000761449337,0.009199999112752266,0.0031999989005271345,0.015399999028886668
886,886,train:d118_u5,,,,,,always,3,1,1,0,0,0,rbpg-7aae22b49a7d572c2348b241,rbpg-7aae22b49a7d572c2348b241,rbpg-exec-5d1bcb11ee7a4d89bf15f068dca853f2,886:train:d118_u5,68bfc8f0a1b2c718019a908df31031a1,1,1,0,clean,0,ok,"{""service"": ""deterministic_policy_gated_stub"", ""status"": ""executed"", ""record_id"": ""train:d118_u5"", ""safety"": ""ok""}",0,0,0.0,0.00039999940781854093,0.00019999970390927047,0.0090000012278324,0.003099999958067201,0.015199999324977398
887,887,train:d119_u0,,,,,,always,3,1,1,0,0,0,rbpg-7aae22b49a7d572c2348b241,rbpg-7aae22b49a7d572c2348b241,rbpg-exec-5d1bcb11ee7a4d89bf15f068dca853f2,887:train:d119_u0,aa76de6241fb32eb434795344e669811,1,1,0,clean,0,ok,"{""service"": ""deterministic_policy_gated_stub"", ""status"": ""executed"", ""record_id"": ""train:d119_u0"", ""safety"": ""ok""}",0,0,0.0,0.00039999940781854093,0.000200001522898674,0.00920000093174167,0.003099999958067201,0.015199999324977398
888,888,train:d119_u1,,,,,,always,3,1,1,0,0,0,rbpg-7aae22b49a7d572c2348b241,rbpg-7aae22b49a7d572c2348b241,rbpg-exec-5d1bcb11ee7a4d89bf15f068dca853f2,888:train:d119_u1,76e5ec8132de42753b7d07a54ab6bc46,1,1,0,clean,0,ok,"{""service"": ""deterministic_policy_gated_stub"", ""status"": ""executed"", ""record_id"": ""train:d119_u1"", ""safety"": ""ok""}",0,0,0.0,0.00039999940781854093,0.00019999970390927047,0.008999999408842996,0.002999999196617864,0.015200001143966801
889,889,train:d119_u2,,,,,,always,3,1,1,0,0,0,rbpg-7aae22b49a7d572c2348b241,rbpg-7aae22b49a7d572c2348b241,rbpg-exec-5d1bcb11ee7a4d89bf15f068dca853f2,889:train:d119_u2,32ffc943bbdff7fd26bab4378f317766,1,1,0,clean,0,ok,"{""service"": ""deterministic_policy_gated_stub"", ""status"": ""executed"", ""record_id"": ""train:d119_u2"", ""safety"": ""ok""}",0,0,0.0,0.00039999940781854093,0.000100000761449337,0.009299999874201603,0.003099999958067201,0.015400000847876072
890,890,train:d119_u3,,,,,,always,3,1,1,0,0,0,rbpg-7aae22b49a7d572c2348b241,rbpg-7aae22b49a7d572c2348b241,rbpg-exec-5d1bcb11ee7a4d89bf15f068dca853f2,890:train:d119_u3,ab36128812cf5ee1c62be533e7c95c0c,1,1,0,clean,0,ok,"{""service"": ""deterministic_policy_gated_stub"", ""status"": ""executed"", ""record_id"": ""train:d119_u3"", ""safety"": ""ok""}",0,0,0.0,0.00039999940781854093,0.00019999970390927047,0.009100000170292333,0.0031999989005271345,0.015199999324977398
891,891,train:d119_u4,,,,,,always,3,1,1,0,0,0,rbpg-7aae22b49a7d572c2348b241,rbpg-7aae22b49a7d572c2348b241,rbpg-exec-5d1bcb11ee7a4d89bf15f068dca853f2,891:train:d119_u4,882084dd6c1f5dff1ab0dc3fabdc1dcd,1,1,0,clean,0,ok,"{""service"": ""deterministic_policy_gated_stub"", ""status"": ""executed"", ""record_id"": ""train:d119_u4"", ""safety"": ""ok""}",0,0,0.0,0.00039999940781854093,0.00019999970390927047,0.008999999408842996,0.0032999996619764715,0.015200001143966801
892,892,train:d119_u5,,,,,,always,3,1,1,0,0,0,rbpg-7aae22b49a7d572c2348b241,rbpg-7aae22b49a7d572c2348b241,rbpg-exec-5d1bcb11ee7a4d89bf15f068dca853f2,892:train:d119_u5,cc4f658a850040a451d7e0d39602afdb,1,1,0,clean,0,ok,"{""service"": ""deterministic_policy_gated_stub"", ""status"": ""executed"", ""record_id"": ""train:d119_u5"", ""safety"": ""ok""}",0,0,0.0,0.00039999940781854093,0.000200001522898674,0.008999999408842996,0.003099999958067201,0.015200001143966801
893,893,train:d119_u6,,,,,,always,3,1,1,0,0,0,rbpg-7aae22b49a7d572c2348b241,rbpg-7aae22b49a7d572c2348b241,rbpg-exec-5d1bcb11ee7a4d89bf15f068dca853f2,893:train:d119_u6,fe15cc1c91cacb6bf2de14e97e08ca65,1,1,0,clean,0,ok,"{""service"": ""deterministic_policy_gated_stub"", ""status"": ""executed"", ""record_id"": ""train:d119_u6"", ""safety"": ""ok""}",0,0,0.0,0.00039999940781854093,0.00019999970390927047,0.009100000170292333,0.0031999989005271345,0.015300000086426735
894,894,train:d119_u8,,,,,,always,3,1,1,0,0,0,rbpg-7aae22b49a7d572c2348b241,rbpg-7aae22b49a7d572c2348b241,rbpg-exec-5d1bcb11ee7a4d89bf15f068dca853f2,894:train:d119_u8,36b0bfaa161fe537ff61105be48adc5c,1,1,0,clean,0,ok,"{""service"": ""deterministic_policy_gated_stub"", ""status"": ""executed"", ""record_id"": ""train:d119_u8"", ""safety"": ""ok""}",0,0,0.0,0.0004000012268079445,0.00019999970390927047,0.0090000012278324,0.003099999958067201,0.014999999621068127
895,895,train:d119_u9,,,,,,always,3,1,1,0,0,0,rbpg-7aae22b49a7d572c2348b241,rbpg-7aae22b49a7d572c2348b241,rbpg-exec-5d1bcb11ee7a4d89bf15f068dca853f2,895:train:d119_u9,c585a23f8fd7c42649c6edaea147cae4,1,1,0,clean,0,ok,"{""service"": ""deterministic_policy_gated_stub"", ""status"": ""executed"", ""record_id"": ""train:d119_u9"", ""safety"": ""ok""}",0,0,0.0,0.00039999940781854093,0.00019999970390927047,0.008999999408842996,0.003099999958067201,0.015200001143966801
896,896,train:d119_u10,,,,,,always,3,1,1,0,0,0,rbpg-7aae22b49a7d572c2348b241,rbpg-7aae22b49a7d572c2348b241,rbpg-exec-5d1bcb11ee7a4d89bf15f068dca853f2,896:train:d119_u10,8bf4687deb1d939194cf6a58ef2786a9,1,1,0,clean,0,ok,"{""service"": ""deterministic_policy_gated_stub"", ""status"": ""executed"", ""record_id"": ""train:d119_u10"", ""safety"": ""ok""}",0,0,0.0,0.00039999940781854093,0.00019999970390927047,0.00909999835130293,0.003099999958067201,0.015100000382517464
897,897,train:d119_u11,,,,,,always,3,1,1,0,0,0,rbpg-7aae22b49a7d572c2348b241,rbpg-7aae22b49a7d572c2348b241,rbpg-exec-5d1bcb11ee7a4d89bf15f068dca853f2,897:train:d119_u11,6b106ddf8b18cb45d3aa788f8f48e5f2,1,1,0,clean,0,ok,"{""service"": ""deterministic_policy_gated_stub"", ""status"": ""executed"", ""record_id"": ""train:d119_u11"", ""safety"": ""ok""}",0,0,0.0,0.0004000012268079445,0.00019999970390927047,0.008999999408842996,0.0031999989005271345,0.015100000382517464
898,898,train:d119_u12,,,,,,always,3,1,1,0,0,0,rbpg-7aae22b49a7d572c2348b241,rbpg-7aae22b49a7d572c2348b241,rbpg-exec-5d1bcb11ee7a4d89bf15f068dca853f2,898:train:d119_u12,dda006d57ecc7698faa3915dacec87d3,1,1,0,clean,0,ok,"{""service"": ""deterministic_policy_gated_stub"", ""status"": ""executed"", ""record_id"": ""train:d119_u12"", ""safety"": ""ok""}",0,0,0.0,0.00039999940781854093,0.000100000761449337,0.009399998816661537,0.003099999958067201,0.015600000551785342
899,899,train:d120_u1,,,,,,always,3,1,1,0,0,0,rbpg-7aae22b49a7d572c2348b241,rbpg-7aae22b49a7d572c2348b241,rbpg-exec-5d1bcb11ee7a4d89bf15f068dca853f2,899:train:d120_u1,b2094f5264b0e15c14f339601d23dd58,1,1,0,clean,0,ok,"{""service"": ""deterministic_policy_gated_stub"", ""status"": ""executed"", ""record_id"": ""train:d120_u1"", ""safety"": ""ok""}",0,0,0.0,0.00039999940781854093,0.00019999970390927047,0.009100000170292333,0.0031999989005271345,0.015300000086426735
900,900,train:d120_u3,,,,,,always,3,1,1,0,0,0,rbpg-7aae22b49a7d572c2348b241,rbpg-7aae22b49a7d572c2348b241,rbpg-exec-5d1bcb11ee7a4d89bf15f068dca853f2,900:train:d120_u3,da18ba616e1d89fc94731659205417e6,1,1,0,clean,0,ok,"{""service"": ""deterministic_policy_gated_stub"", ""status"": ""executed"", ""record_id"": ""train:d120_u3"", ""safety"": ""ok""}",0,0,0.0,0.0004000012268079445,0.00019999970390927047,0.008999999408842996,0.0031000017770566046,0.015100000382517464
901,901,train:d120_u7,,,,,,always,3,1,1,0,0,0,rbpg-7aae22b49a7d572c2348b241,rbpg-7aae22b49a7d572c2348b241,rbpg-exec-5d1bcb11ee7a4d89bf15f068dca853f2,901:train:d120_u7,60fa6a3c6058c131cd3cade15ea0c28a,1,1,0,clean,0,ok,"{""service"": ""deterministic_policy_gated_stub"", ""status"": ""executed"", ""record_id"": ""train:d120_u7"", ""safety"": ""ok""}",0,0,0.0,0.0004000012268079445,0.000100000761449337,0.008999999408842996,0.003099999958067201,0.015200001143966801
902,902,train:d120_u8,,,,,,always,3,1,1,0,0,0,rbpg-7aae22b49a7d572c2348b241,rbpg-7aae22b49a7d572c2348b241,rbpg-exec-5d1bcb11ee7a4d89bf15f068dca853f2,902:train:d120_u8,12ea6a32be62ef23185634deacb59c51,1,1,0,clean,0,ok,"{""service"": ""deterministic_policy_gated_stub"", ""status"": ""executed"", ""record_id"": ""train:d120_u8"", ""safety"": ""ok""}",0,0,0.0,0.00039999940781854093,0.00019999970390927047,0.0090000012278324,0.024900000425986946,0.036899999031447805
903,903,train:d120_u9,,,,,,always,3,1,1,0,0,0,rbpg-7aae22b49a7d572c2348b241,rbpg-7aae22b49a7d572c2348b241,rbpg-exec-5d1bcb11ee7a4d89bf15f068dca853f2,903:train:d120_u9,21df2b904cd9cf32be84157cdcfffa5e,1,1,0,clean,0,ok,"{""service"": ""deterministic_policy_gated_stub"", ""status"": ""executed"", ""record_id"": ""train:d120_u9"", ""safety"": ""ok""}",0,0,0.0,0.00039999940781854093,0.000100000761449337,0.010199999451288022,0.0031999989005271345,0.01630000042496249
904,904,train:d120_u10,,,,,,always,3,1,1,0,0,0,rbpg-7aae22b49a7d572c2348b241,rbpg-7aae22b49a7d572c2348b241,rbpg-exec-5d1bcb11ee7a4d89bf15f068dca853f2,904:train:d120_u10,ea69a89cbd0f41ff890b324f0c852d2a,1,1,0,clean,0,ok,"{""service"": ""deterministic_policy_gated_stub"", ""status"": ""executed"", ""record_id"": ""train:d120_u10"", ""safety"": ""ok""}",0,0,0.0,0.00039999940781854093,0.000200001522898674,0.009399998816661537,0.0034000004234258085,0.015599998732795939
905,905,train:d120_u11,,,,,,always,3,1,1,0,0,0,rbpg-7aae22b49a7d572c2348b241,rbpg-7aae22b49a7d572c2348b241,rbpg-exec-5d1bcb11ee7a4d89bf15f068dca853f2,905:train:d120_u11,4c845d7a0e3cdeaa74650e3ebb569698,1,1,0,clean,0,ok,"{""service"": ""deterministic_policy_gated_stub"", ""status"": ""executed"", ""record_id"": ""train:d120_u11"", ""safety"": ""ok""}",0,0,0.0,0.00039999940781854093,0.000200001522898674,0.00960000033956021,0.003099999958067201,0.015499999790336005
906,906,train:d120_u12,,,,,,always,3,1,1,0,0,0,rbpg-7aae22b49a7d572c2348b241,rbpg-7aae22b49a7d572c2348b241,rbpg-exec-5d1bcb11ee7a4d89bf15f068dca853f2,906:train:d120_u12,2bd5b382e0b53c1a7cf88c2ec4cb4e8f,1,1,0,clean,0,ok,"{""service"": ""deterministic_policy_gated_stub"", ""status"": ""executed"", ""record_id"": ""train:d120_u12"", ""safety"": ""ok""}",0,0,0.0,0.00039999940781854093,0.00019999970390927047,0.02499999936844688,0.0034000004234258085,0.03119999928458128
907,907,train:d120_u13,,,,,,always,3,1,1,0,0,0,rbpg-7aae22b49a7d572c2348b241,rbpg-7aae22b49a7d572c2348b241,rbpg-exec-5d1bcb11ee7a4d89bf15f068dca853f2,907:train:d120_u13,0d91207b4dd5fcb67c0403480930cef6,1,1,0,clean,0,ok,"{""service"": ""deterministic_policy_gated_stub"", ""status"": ""executed"", ""record_id"": ""train:d120_u13"", ""safety"": ""ok""}",0,0,0.0,0.0004000012268079445,0.00019999970390927047,0.011000000085914508,0.0034000004234258085,0.01739999970595818
908,908,train:d120_u14,,,,,,always,3,1,1,0,0,0,rbpg-7aae22b49a7d572c2348b241,rbpg-7aae22b49a7d572c2348b241,rbpg-exec-5d1bcb11ee7a4d89bf15f068dca853f2,908:train:d120_u14,bbf756e030a1f8638bde36ddf898d710,1,1,0,clean,0,ok,"{""service"": ""deterministic_policy_gated_stub"", ""status"": ""executed"", ""record_id"": ""train:d120_u14"", ""safety"": ""ok""}",0,0,0.0,0.00039999940781854093,0.00019999970390927047,0.0090000012278324,0.003200000719516538,0.015000001440057531
909,909,train:d120_u15,,,,,,always,3,1,1,0,0,0,rbpg-7aae22b49a7d572c2348b241,rbpg-7aae22b49a7d572c2348b241,rbpg-exec-5d1bcb11ee7a4d89bf15f068dca853f2,909:train:d120_u15,80d355308fff789e9c803337e1cb0dca,1,1,0,clean,0,ok,"{""service"": ""deterministic_policy_gated_stub"", ""status"": ""executed"", ""record_id"": ""train:d120_u15"", ""safety"": ""ok""}",0,0,0.0,0.00039999940781854093,0.000200001522898674,0.008899998647393659,0.003200000719516538,0.014900000678608194
910,910,train:d121_u0,,,,,,always,3,1,1,0,0,0,rbpg-7aae22b49a7d572c2348b241,rbpg-7aae22b49a7d572c2348b241,rbpg-exec-5d1bcb11ee7a4d89bf15f068dca853f2,910:train:d121_u0,117f3adccd1c74126e9a4d5160b19902,1,1,0,clean,0,ok,"{""service"": ""deterministic_policy_gated_stub"", ""status"": ""executed"", ""record_id"": ""train:d121_u0"", ""safety"": ""ok""}",0,0,0.0,0.00039999940781854093,0.00019999970390927047,0.014199998986441642,0.005600000804406591,0.022899999748915434
911,911,train:d121_u1,,,,,,always,3,1,1,0,0,0,rbpg-7aae22b49a7d572c2348b241,rbpg-7aae22b49a7d572c2348b241,rbpg-exec-5d1bcb11ee7a4d89bf15f068dca853f2,911:train:d121_u1,cfcce381cbd4c78504442d2a51625bb6,1,1,0,clean,0,ok,"{""service"": ""deterministic_policy_gated_stub"", ""status"": ""executed"", ""record_id"": ""train:d121_u1"", ""safety"": ""ok""}",0,0,0.0,0.00039999940781854093,0.00019999970390927047,0.010800000382005237,0.003200000719516538,0.017099999240599573
912,912,train:d121_u2,,,,,,always,3,1,1,0,0,0,rbpg-7aae22b49a7d572c2348b241,rbpg-7aae22b49a7d572c2348b241,rbpg-exec-5d1bcb11ee7a4d89bf15f068dca853f2,912:train:d121_u2,b1a7bf53c865bfe2cd446ecaad80f437,1,1,0,clean,0,ok,"{""service"": ""deterministic_policy_gated_stub"", ""status"": ""executed"", ""record_id"": ""train:d121_u2"", ""safety"": ""ok""}",0,0,0.0,0.0004000012268079445,0.00019999970390927047,0.009100000170292333,0.002999999196617864,0.014999999621068127
913,913,train:d121_u5,,,,,,always,3,1,1,0,0,0,rbpg-7aae22b49a7d572c2348b241,rbpg-7aae22b49a7d572c2348b241,rbpg-exec-5d1bcb11ee7a4d89bf15f068dca853f2,913:train:d121_u5,d27c802acce4479c5f0b5cf848878fde,1,1,0,clean,0,ok,"{""service"": ""deterministic_policy_gated_stub"", ""status"": ""executed"", ""record_id"": ""train:d121_u5"", ""safety"": ""ok""}",0,0,0.0,0.0005000001692678779,0.000100000761449337,0.008799999704933725,0.003099999958067201,0.014900000678608194
914,914,train:d121_u6,,,,,,always,3,1,1,0,0,0,rbpg-7aae22b49a7d572c2348b241,rbpg-7aae22b49a7d572c2348b241,rbpg-exec-5d1bcb11ee7a4d89bf15f068dca853f2,914:train:d121_u6,9dfbd3c9c7dbe1bef9c3a1e34d6f7101,1,1,0,clean,0,ok,"{""service"": ""deterministic_policy_gated_stub"", ""status"": ""executed"", ""record_id"": ""train:d121_u6"", ""safety"": ""ok""}",0,0,0.0,0.0004000012268079445,0.00019999970390927047,0.008799999704933725,0.002999999196617864,0.01469999915570952
915,915,train:d121_u7,,,,,,always,3,1,1,0,0,0,rbpg-7aae22b49a7d572c2348b241,rbpg-7aae22b49a7d572c2348b241,rbpg-exec-5d1bcb11ee7a4d89bf15f068dca853f2,915:train:d121_u7,fb05962e3173a1061e6bd94391d2ffe4,1,1,0,clean,0,ok,"{""service"": ""deterministic_policy_gated_stub"", ""status"": ""executed"", ""record_id"": ""train:d121_u7"", ""safety"": ""ok""}",0,0,0.0,0.00039999940781854093,0.00019999970390927047,0.008799999704933725,0.003099999958067201,0.014799999917158857
916,916,train:d122_u2,,,,,,always,3,1,1,0,0,0,rbpg-7aae22b49a7d572c2348b241,rbpg-7aae22b49a7d572c2348b241,rbpg-exec-5d1bcb11ee7a4d89bf15f068dca853f2,916:train:d122_u2,033652c9d6908fa4ca2526b249dcb21e,1,1,0,clean,0,ok,"{""service"": ""deterministic_policy_gated_stub"", ""status"": ""executed"", ""record_id"": ""train:d122_u2"", ""safety"": ""ok""}",0,0,0.0,0.0004000012268079445,0.00019999970390927047,0.008900000466383062,0.002999999196617864,0.014799999917158857
917,917,train:d122_u3,,,,,,always,3,1,1,0,0,0,rbpg-7aae22b49a7d572c2348b241,rbpg-7aae22b49a7d572c2348b241,rbpg-exec-5d1bcb11ee7a4d89bf15f068dca853f2,917:train:d122_u3,b88dc6280067e765e25cc9bd8608c9b7,1,1,0,clean,0,ok,"{""service"": ""deterministic_policy_gated_stub"", ""status"": ""executed"", ""record_id"": ""train:d122_u3"", ""safety"": ""ok""}",0,0,0.0,0.00030000046535860747,0.00019999970390927047,0.008799999704933725,0.0030000010156072676,0.014900000678608194
918,918,train:d122_u4,,,,,,always,3,1,1,0,0,0,rbpg-7aae22b49a7d572c2348b241,rbpg-7aae22b49a7d572c2348b241,rbpg-exec-5d1bcb11ee7a4d89bf15f068dca853f2,918:train:d122_u4,b765f14c53701b46873922e33a1e98cf,1,1,0,clean,0,ok,"{""service"": ""deterministic_policy_gated_stub"", ""status"": ""executed"", ""record_id"": ""train:d122_u4"", ""safety"": ""ok""}",0,0,0.0,0.00030000046535860747,0.00019999970390927047,0.008799999704933725,0.002999999196617864,0.01469999915570952
919,919,train:d122_u5,,,,,,always,3,1,1,0,0,0,rbpg-7aae22b49a7d572c2348b241,rbpg-7aae22b49a7d572c2348b241,rbpg-exec-5d1bcb11ee7a4d89bf15f068dca853f2,919:train:d122_u5,a3d21375b4667f5ed477706907e4df66,1,1,0,clean,0,ok,"{""service"": ""deterministic_policy_gated_stub"", ""status"": ""executed"", ""record_id"": ""train:d122_u5"", ""safety"": ""ok""}",0,0,0.0,0.00039999940781854093,0.00019999970390927047,0.008900000466383062,0.003099999958067201,0.014900000678608194
920,920,train:d122_u6,,,,,,always,3,1,1,0,0,0,rbpg-7aae22b49a7d572c2348b241,rbpg-7aae22b49a7d572c2348b241,rbpg-exec-5d1bcb11ee7a4d89bf15f068dca853f2,920:train:d122_u6,9fdf34a172fd30cab9d9f2e373b86991,1,1,0,clean,0,ok,"{""service"": ""deterministic_policy_gated_stub"", ""status"": ""executed"", ""record_id"": ""train:d122_u6"", ""safety"": ""ok""}",0,0,0.0,0.0004000012268079445,0.00019999970390927047,0.0090000012278324,0.0030000010156072676,0.014799999917158857
921,921,train:d122_u7,,,,,,always,3,1,1,0,0,0,rbpg-7aae22b49a7d572c2348b241,rbpg-7aae22b49a7d572c2348b241,rbpg-exec-5d1bcb11ee7a4d89bf15f068dca853f2,921:train:d122_u7,753eb34385b17db45e4b3e199f647a4b,1,1,0,clean,0,ok,"{""service"": ""deterministic_policy_gated_stub"", ""status"": ""executed"", ""record_id"": ""train:d122_u7"", ""safety"": ""ok""}",0,0,0.0,0.00039999940781854093,0.00019999970390927047,0.009299999874201603,0.0030000010156072676,0.015400000847876072
922,922,train:d122_u8,,,,,,always,3,1,1,0,0,0,rbpg-7aae22b49a7d572c2348b241,rbpg-7aae22b49a7d572c2348b241,rbpg-exec-5d1bcb11ee7a4d89bf15f068dca853f2,922:train:d122_u8,0572547239658e85028f79687b57b6d9,1,1,0,clean,0,ok,"{""service"": ""deterministic_policy_gated_stub"", ""status"": ""executed"", ""record_id"": ""train:d122_u8"", ""safety"": ""ok""}",0,0,0.0,0.0004000012268079445,0.00019999970390927047,0.009100000170292333,0.002999999196617864,0.014999999621068127
923,923,train:d122_u10,,,,,,always,3,1,1,0,0,0,rbpg-7aae22b49a7d572c2348b241,rbpg-7aae22b49a7d572c2348b241,rbpg-exec-5d1bcb11ee7a4d89bf15f068dca853f2,923:train:d122_u10,849834cd1d8071b12b39a8c1dacd2db6,1,1,0,clean,0,ok,"{""service"": ""deterministic_policy_gated_stub"", ""status"": ""executed"", ""record_id"": ""train:d122_u10"", ""safety"": ""ok""}",0,0,0.0,0.00039999940781854093,0.00019999970390927047,0.008900000466383062,0.0030000010156072676,0.014799999917158857
924,924,train:d122_u11,,,,,,always,3,1,1,0,0,0,rbpg-7aae22b49a7d572c2348b241,rbpg-7aae22b49a7d572c2348b241,rbpg-exec-5d1bcb11ee7a4d89bf15f068dca853f2,924:train:d122_u11,6b7f6faf8a0874a63603d0a526024542,1,1,0,clean,0,ok,"{""service"": ""deterministic_policy_gated_stub"", ""status"": ""executed"", ""record_id"": ""train:d122_u11"", ""safety"": ""ok""}",0,0,0.0,0.00039999940781854093,0.00019999970390927047,0.009299999874201603,0.003200000719516538,0.015399999028886668
925,925,train:d122_u14,,,,,,always,3,1,1,0,0,0,rbpg-7aae22b49a7d572c2348b241,rbpg-7aae22b49a7d572c2348b241,rbpg-exec-5d1bcb11ee7a4d89bf15f068dca853f2,925:train:d122_u14,064fb993529bed594ba2d83334f5a393,1,1,0,clean,0,ok,"{""service"": ""deterministic_policy_gated_stub"", ""status"": ""executed"", ""record_id"": ""train:d122_u14"", ""safety"": ""ok""}",0,0,0.0,0.00039999940781854093,0.00019999970390927047,0.008900000466383062,0.0030000010156072676,0.014799999917158857
926,926,train:d122_u15,,,,,,always,3,1,1,0,0,0,rbpg-7aae22b49a7d572c2348b241,rbpg-7aae22b49a7d572c2348b241,rbpg-exec-5d1bcb11ee7a4d89bf15f068dca853f2,926:train:d122_u15,c5dfbad6d6ef9a2b353c26023a270c7f,1,1,0,clean,0,ok,"{""service"": ""deterministic_policy_gated_stub"", ""status"": ""executed"", ""record_id"": ""train:d122_u15"", ""safety"": ""ok""}",0,0,0.0,0.0004000012268079445,0.00019999970390927047,0.0090000012278324,0.0030000010156072676,0.01489999885961879
927,927,train:d123_u1,,,,,,always,3,1,1,0,0,0,rbpg-7aae22b49a7d572c2348b241,rbpg-7aae22b49a7d572c2348b241,rbpg-exec-5d1bcb11ee7a4d89bf15f068dca853f2,927:train:d123_u1,92df5cbbde588ea5daff8096d770bcb7,1,1,0,clean,0,ok,"{""service"": ""deterministic_policy_gated_stub"", ""status"": ""executed"", ""record_id"": ""train:d123_u1"", ""safety"": ""ok""}",0,0,0.0,0.00039999940781854093,0.00019999970390927047,0.008899998647393659,0.003200000719516538,0.014999999621068127
928,928,train:d123_u2,,,,,,always,3,1,1,0,0,0,rbpg-7aae22b49a7d572c2348b241,rbpg-7aae22b49a7d572c2348b241,rbpg-exec-5d1bcb11ee7a4d89bf15f068dca853f2,928:train:d123_u2,4f4c7b863b1ab1dac18f8907af89a640,1,1,0,clean,0,ok,"{""service"": ""deterministic_policy_gated_stub"", ""status"": ""executed"", ""record_id"": ""train:d123_u2"", ""safety"": ""ok""}",0,0,0.0,0.00039999940781854093,0.000200001522898674,0.009100000170292333,0.003099999958067201,0.015100000382517464
929,929,train:d123_u3,,,,,,always,3,1,1,0,0,0,rbpg-7aae22b49a7d572c2348b241,rbpg-7aae22b49a7d572c2348b241,rbpg-exec-5d1bcb11ee7a4d89bf15f068dca853f2,929:train:d123_u3,ace91dac425484e37de283b2336810a1,1,1,0,clean,0,ok,"{""service"": ""deterministic_policy_gated_stub"", ""status"": ""executed"", ""record_id"": ""train:d123_u3"", ""safety"": ""ok""}",0,0,0.0,0.0004000012268079445,9.999894245993346e-05,0.009100000170292333,0.003099999958067201,0.015100000382517464
930,930,train:d123_u4,,,,,,always,3,1,1,0,0,0,rbpg-7aae22b49a7d572c2348b241,rbpg-7aae22b49a7d572c2348b241,rbpg-exec-5d1bcb11ee7a4d89bf15f068dca853f2,930:train:d123_u4,ae7260b0e29e70acbcfefa4bb3d5d790,1,1,0,clean,0,ok,"{""service"": ""deterministic_policy_gated_stub"", ""status"": ""executed"", ""record_id"": ""train:d123_u4"", ""safety"": ""ok""}",0,0,0.0,0.0004000012268079445,0.00019999970390927047,0.009100000170292333,0.003099999958067201,0.015200001143966801
931,931,train:d123_u5,,,,,,always,3,1,1,0,0,0,rbpg-7aae22b49a7d572c2348b241,rbpg-7aae22b49a7d572c2348b241,rbpg-exec-5d1bcb11ee7a4d89bf15f068dca853f2,931:train:d123_u5,c3afcb0fb71d8c690180d4fc4d9c614c,1,1,0,clean,0,ok,"{""service"": ""deterministic_policy_gated_stub"", ""status"": ""executed"", ""record_id"": ""train:d123_u5"", ""safety"": ""ok""}",0,0,0.0,0.00030000046535860747,0.00019999970390927047,0.00920000093174167,0.003099999958067201,0.015200001143966801
932,932,train:d123_u6,,,,,,always,3,1,1,0,0,0,rbpg-7aae22b49a7d572c2348b241,rbpg-7aae22b49a7d572c2348b241,rbpg-exec-5d1bcb11ee7a4d89bf15f068dca853f2,932:train:d123_u6,621f7489bb862cf37658599d3c82f39b,1,1,0,clean,0,ok,"{""service"": ""deterministic_policy_gated_stub"", ""status"": ""executed"", ""record_id"": ""train:d123_u6"", ""safety"": ""ok""}",0,0,0.0,0.00039999940781854093,0.00019999970390927047,0.008799999704933725,0.002999999196617864,0.014700000974698924
933,933,train:d123_u7,,,,,,always,3,1,1,0,0,0,rbpg-7aae22b49a7d572c2348b241,rbpg-7aae22b49a7d572c2348b241,rbpg-exec-5d1bcb11ee7a4d89bf15f068dca853f2,933:train:d123_u7,b1db34792bca167e7bd17d7d2cc9f49d,1,1,0,clean,0,ok,"{""service"": ""deterministic_policy_gated_stub"", ""status"": ""executed"", ""record_id"": ""train:d123_u7"", ""safety"": ""ok""}",0,0,0.0,0.0005000001692678779,0.00019999970390927047,0.008900000466383062,0.003099999958067201,0.014999999621068127
934,934,train:d123_u8,,,,,,always,3,1,1,0,0,0,rbpg-7aae22b49a7d572c2348b241,rbpg-7aae22b49a7d572c2348b241,rbpg-exec-5d1bcb11ee7a4d89bf15f068dca853f2,934:train:d123_u8,95e759b7945091f2f95bc61e6afd218a,1,1,0,clean,0,ok,"{""service"": ""deterministic_policy_gated_stub"", ""status"": ""executed"", ""record_id"": ""train:d123_u8"", ""safety"": ""ok""}",0,0,0.0,0.0004000012268079445,0.00019999970390927047,0.008900000466383062,0.003099999958067201,0.014900000678608194
935,935,train:d123_u9,,,,,,always,3,1,1,0,0,0,rbpg-7aae22b49a7d572c2348b241,rbpg-7aae22b49a7d572c2348b241,rbpg-exec-5d1bcb11ee7a4d89bf15f068dca853f2,935:train:d123_u9,846c0fec0ce10e53cc73c4913a5b014e,1,1,0,clean,0,ok,"{""service"": ""deterministic_policy_gated_stub"", ""status"": ""executed"", ""record_id"": ""train:d123_u9"", ""safety"": ""ok""}",0,0,0.0,0.00039999940781854093,0.000200001522898674,0.009299999874201603,0.003099999958067201,0.015199999324977398
936,936,train:d123_u10,,,,,,always,3,1,1,0,0,0,rbpg-7aae22b49a7d572c2348b241,rbpg-7aae22b49a7d572c2348b241,rbpg-exec-5d1bcb11ee7a4d89bf15f068dca853f2,936:train:d123_u10,0b3f87f9297b37532c7c36f0bc35e979,1,1,0,clean,0,ok,"{""service"": ""deterministic_policy_gated_stub"", ""status"": ""executed"", ""record_id"": ""train:d123_u10"", ""safety"": ""ok""}",0,0,0.0,0.0004000012268079445,0.000100000761449337,0.009100000170292333,0.0029000002541579306,0.01489999885961879
937,937,train:d124_u0,,,,,,always,3,1,1,0,0,0,rbpg-7aae22b49a7d572c2348b241,rbpg-7aae22b49a7d572c2348b241,rbpg-exec-5d1bcb11ee7a4d89bf15f068dca853f2,937:train:d124_u0,e1d7b437cc13e41fee8c154e1834d56e,1,1,0,clean,0,ok,"{""service"": ""deterministic_policy_gated_stub"", ""status"": ""executed"", ""record_id"": ""train:d124_u0"", ""safety"": ""ok""}",0,0,0.0,0.00039999940781854093,0.00019999970390927047,0.008900000466383062,0.0030000010156072676,0.014900000678608194
938,938,train:d124_u2,,,,,,always,3,1,1,0,0,0,rbpg-7aae22b49a7d572c2348b241,rbpg-7aae22b49a7d572c2348b241,rbpg-exec-5d1bcb11ee7a4d89bf15f068dca853f2,938:train:d124_u2,dda6c807ba66582976fcbb5358b00a0f,1,1,0,clean,0,ok,"{""service"": ""deterministic_policy_gated_stub"", ""status"": ""executed"", ""record_id"": ""train:d124_u2"", ""safety"": ""ok""}",0,0,0.0,0.00039999940781854093,0.00019999970390927047,0.009100000170292333,0.002999999196617864,0.014999999621068127
939,939,train:d124_u4,,,,,,always,3,1,1,0,0,0,rbpg-7aae22b49a7d572c2348b241,rbpg-7aae22b49a7d572c2348b241,rbpg-exec-5d1bcb11ee7a4d89bf15f068dca853f2,939:train:d124_u4,ad1e55b9dbba083ff1c5254a27622d21,1,1,0,clean,0,ok,"{""service"": ""deterministic_policy_gated_stub"", ""status"": ""executed"", ""record_id"": ""train:d124_u4"", ""safety"": ""ok""}",0,0,0.0,0.00039999940781854093,0.00019999970390927047,0.009100000170292333,0.003099999958067201,0.015100000382517464
940,940,train:d124_u5,,,,,,always,3,1,1,0,0,0,rbpg-7aae22b49a7d572c2348b241,rbpg-7aae22b49a7d572c2348b241,rbpg-exec-5d1bcb11ee7a4d89bf15f068dca853f2,940:train:d124_u5,c5e485bd9250100355849a8a585ed43d,1,1,0,clean,0,ok,"{""service"": ""deterministic_policy_gated_stub"", ""status"": ""executed"", ""record_id"": ""train:d124_u5"", ""safety"": ""ok""}",0,0,0.0,0.00039999940781854093,0.00019999970390927047,0.008900000466383062,0.0030000010156072676,0.014799999917158857
941,941,train:d124_u6,,,,,,always,3,1,1,0,0,0,rbpg-7aae22b49a7d572c2348b241,rbpg-7aae22b49a7d572c2348b241,rbpg-exec-5d1bcb11ee7a4d89bf15f068dca853f2,941:train:d124_u6,693e40473c24e137bb02f26f16bc2da8,1,1,0,clean,0,ok,"{""service"": ""deterministic_policy_gated_stub"", ""status"": ""executed"", ""record_id"": ""train:d124_u6"", ""safety"": ""ok""}",0,0,0.0,0.0004000012268079445,9.999894245993346e-05,0.009100000170292333,0.003099999958067201,0.015100000382517464
942,942,train:d124_u8,,,,,,always,3,1,1,0,0,0,rbpg-7aae22b49a7d572c2348b241,rbpg-7aae22b49a7d572c2348b241,rbpg-exec-5d1bcb11ee7a4d89bf15f068dca853f2,942:train:d124_u8,78345f5d9e234a2f6cb2f95c4ec40476,1,1,0,clean,0,ok,"{""service"": ""deterministic_policy_gated_stub"", ""status"": ""executed"", ""record_id"": ""train:d124_u8"", ""safety"": ""ok""}",0,0,0.0,0.00039999940781854093,0.000200001522898674,0.008999999408842996,0.002999999196617864,0.014900000678608194
943,943,train:d124_u9,,,,,,always,3,1,1,0,0,0,rbpg-7aae22b49a7d572c2348b241,rbpg-7aae22b49a7d572c2348b241,rbpg-exec-5d1bcb11ee7a4d89bf15f068dca853f2,943:train:d124_u9,9f33072e0e419a0415e25b37810aae10,1,1,0,clean,0,ok,"{""service"": ""deterministic_policy_gated_stub"", ""status"": ""executed"", ""record_id"": ""train:d124_u9"", ""safety"": ""ok""}",0,0,0.0,0.0004000012268079445,0.00019999970390927047,0.00920000093174167,0.0030000010156072676,0.014999999621068127
944,944,train:d124_u10,,,,,,always,3,1,1,0,0,0,rbpg-7aae22b49a7d572c2348b241,rbpg-7aae22b49a7d572c2348b241,rbpg-exec-5d1bcb11ee7a4d89bf15f068dca853f2,944:train:d124_u10,dfb0c0e0b84256896269a2dfe159cd92,1,1,0,clean,0,ok,"{""service"": ""deterministic_policy_gated_stub"", ""status"": ""executed"", ""record_id"": ""train:d124_u10"", ""safety"": ""ok""}",0,0,0.0,0.00039999940781854093,0.00019999970390927047,0.008999999408842996,0.003099999958067201,0.01489999885961879
945,945,train:d124_u11,,,,,,always,3,1,1,0,0,0,rbpg-7aae22b49a7d572c2348b241,rbpg-7aae22b49a7d572c2348b241,rbpg-exec-5d1bcb11ee7a4d89bf15f068dca853f2,945:train:d124_u11,b72812263c1e6a253134246b6d48362c,1,1,0,clean,0,ok,"{""service"": ""deterministic_policy_gated_stub"", ""status"": ""executed"", ""record_id"": ""train:d124_u11"", ""safety"": ""ok""}",0,0,0.0,0.00030000046535860747,0.00019999970390927047,0.008799999704933725,0.003099999958067201,0.01469999915570952
946,946,train:d125_u0,,,,,,always,3,1,1,0,0,0,rbpg-7aae22b49a7d572c2348b241,rbpg-7aae22b49a7d572c2348b241,rbpg-exec-5d1bcb11ee7a4d89bf15f068dca853f2,946:train:d125_u0,8a9f2ecff21d0a10766aa291b0e0a451,1,1,0,clean,0,ok,"{""service"": ""deterministic_policy_gated_stub"", ""status"": ""executed"", ""record_id"": ""train:d125_u0"", ""safety"": ""ok""}",0,0,0.0,0.0005000001692678779,0.000100000761449337,0.008799999704933725,0.0029000002541579306,0.014600000213249587
947,947,train:d125_u1,,,,,,always,3,1,1,0,0,0,rbpg-7aae22b49a7d572c2348b241,rbpg-7aae22b49a7d572c2348b241,rbpg-exec-5d1bcb11ee7a4d89bf15f068dca853f2,947:train:d125_u1,2ea52fddc1c6ffc3bd7e4e4a5f691f11,1,1,0,clean,0,ok,"{""service"": ""deterministic_policy_gated_stub"", ""status"": ""executed"", ""record_id"": ""train:d125_u1"", ""safety"": ""ok""}",0,0,0.0,0.00039999940781854093,0.00019999970390927047,0.008799999704933725,0.0029000002541579306,0.014600000213249587
948,948,train:d125_u2,,,,,,always,3,1,1,0,0,0,rbpg-7aae22b49a7d572c2348b241,rbpg-7aae22b49a7d572c2348b241,rbpg-exec-5d1bcb11ee7a4d89bf15f068dca853f2,948:train:d125_u2,6e9e3620efe78c7f20564ad2e31852c5,1,1,0,clean,0,ok,"{""service"": ""deterministic_policy_gated_stub"", ""status"": ""executed"", ""record_id"": ""train:d125_u2"", ""safety"": ""ok""}",0,0,0.0,0.0004000012268079445,0.00019999970390927047,0.0090000012278324,0.0030000010156072676,0.01489999885961879
949,949,train:d125_u4,,,,,,always,3,1,1,0,0,0,rbpg-7aae22b49a7d572c2348b241,rbpg-7aae22b49a7d572c2348b241,rbpg-exec-5d1bcb11ee7a4d89bf15f068dca853f2,949:train:d125_u4,eb5711a5b808eadd15c5cd688ee1bea9,1,1,0,clean,0,ok,"{""service"": ""deterministic_policy_gated_stub"", ""status"": ""executed"", ""record_id"": ""train:d125_u4"", ""safety"": ""ok""}",0,0,0.0,0.0005000001692678779,0.00019999970390927047,0.008900000466383062,0.0030000010156072676,0.01469999915570952
950,950,train:d125_u5,,,,,,always,3,1,1,0,0,0,rbpg-7aae22b49a7d572c2348b241,rbpg-7aae22b49a7d572c2348b241,rbpg-exec-5d1bcb11ee7a4d89bf15f068dca853f2,950:train:d125_u5,4dabef0827a9d6fc24a8afd65b125795,1,1,0,clean,0,ok,"{""service"": ""deterministic_policy_gated_stub"", ""status"": ""executed"", ""record_id"": ""train:d125_u5"", ""safety"": ""ok""}",0,0,0.0,0.0005000001692678779,0.000200001522898674,0.008799999704933725,0.0029000002541579306,0.014600000213249587
951,951,train:d125_u6,,,,,,always,3,1,1,0,0,0,rbpg-7aae22b49a7d572c2348b241,rbpg-7aae22b49a7d572c2348b241,rbpg-exec-5d1bcb11ee7a4d89bf15f068dca853f2,951:train:d125_u6,bb292f6f57bd0db9251745e0a90ef498,1,1,0,clean,0,ok,"{""service"": ""deterministic_policy_gated_stub"", ""status"": ""executed"", ""record_id"": ""train:d125_u6"", ""safety"": ""ok""}",0,0,0.0,0.0005000001692678779,0.00019999970390927047,0.009100000170292333,0.01739999970595818,0.029299999368959107
952,952,train:d125_u7,,,,,,always,3,1,1,0,0,0,rbpg-7aae22b49a7d572c2348b241,rbpg-7aae22b49a7d572c2348b241,rbpg-exec-5d1bcb11ee7a4d89bf15f068dca853f2,952:train:d125_u7,df88a549e126d8570bfb2e779e81b44e,1,1,0,clean,0,ok,"{""service"": ""deterministic_policy_gated_stub"", ""status"": ""executed"", ""record_id"": ""train:d125_u7"", ""safety"": ""ok""}",0,0,0.0,0.00039999940781854093,0.00019999970390927047,0.008900000466383062,0.0030000010156072676,0.014700000974698924
953,953,train:d126_u0,,,,,,always,3,1,1,0,0,0,rbpg-7aae22b49a7d572c2348b241,rbpg-7aae22b49a7d572c2348b241,rbpg-exec-5d1bcb11ee7a4d89bf15f068dca853f2,953:train:d126_u0,2d77da9181ee274292915675e24df015,1,1,0,clean,0,ok,"{""service"": ""deterministic_policy_gated_stub"", ""status"": ""executed"", ""record_id"": ""train:d126_u0"", ""safety"": ""ok""}",0,0,0.0,0.0004000012268079445,0.00019999970390927047,0.009100000170292333,0.002999999196617864,0.014900000678608194
954,954,train:d126_u1,,,,,,always,3,1,1,0,0,0,rbpg-7aae22b49a7d572c2348b241,rbpg-7aae22b49a7d572c2348b241,rbpg-exec-5d1bcb11ee7a4d89bf15f068dca853f2,954:train:d126_u1,48bbcc01210498b8db5964b70e42d0aa,1,1,0,clean,0,ok,"{""service"": ""deterministic_policy_gated_stub"", ""status"": ""executed"", ""record_id"": ""train:d126_u1"", ""safety"": ""ok""}",0,0,0.0,0.0005000001692678779,0.00019999970390927047,0.008900000466383062,0.0030000010156072676,0.01469999915570952
955,955,train:d126_u2,,,,,,always,3,1,1,0,0,0,rbpg-7aae22b49a7d572c2348b241,rbpg-7aae22b49a7d572c2348b241,rbpg-exec-5d1bcb11ee7a4d89bf15f068dca853f2,955:train:d126_u2,78ac226edc1be67422c4e54d57ef9be1,1,1,0,clean,0,ok,"{""service"": ""deterministic_policy_gated_stub"", ""status"": ""executed"", ""record_id"": ""train:d126_u2"", ""safety"": ""ok""}",0,0,0.0,0.0005000001692678779,0.000100000761449337,0.008600000001024455,0.0029000002541579306,0.01449999945180025
956,956,train:d126_u3,,,,,,always,3,1,1,0,0,0,rbpg-7aae22b49a7d572c2348b241,rbpg-7aae22b49a7d572c2348b241,rbpg-exec-5d1bcb11ee7a4d89bf15f068dca853f2,956:train:d126_u3,0f547801ea8eb610ea6d3a1717e2b348,1,1,0,clean,0,ok,"{""service"": ""deterministic_policy_gated_stub"", ""status"": ""executed"", ""record_id"": ""train:d126_u3"", ""safety"": ""ok""}",0,0,0.0,0.0004000012268079445,0.000200001522898674,0.024500001018168405,0.0031999989005271345,0.030700000934302807
957,957,train:d126_u4,,,,,,always,3,1,1,0,0,0,rbpg-7aae22b49a7d572c2348b241,rbpg-7aae22b49a7d572c2348b241,rbpg-exec-5d1bcb11ee7a4d89bf15f068dca853f2,957:train:d126_u4,d21ffc7ae2c93aa389ec27c2ff73fa19,1,1,0,clean,0,ok,"{""service"": ""deterministic_policy_gated_stub"", ""status"": ""executed"", ""record_id"": ""train:d126_u4"", ""safety"": ""ok""}",0,0,0.0,0.00039999940781854093,0.00019999970390927047,0.010100000508828089,0.003099999958067201,0.016199999663513154
958,958,train:d126_u5,,,,,,always,3,1,1,0,0,0,rbpg-7aae22b49a7d572c2348b241,rbpg-7aae22b49a7d572c2348b241,rbpg-exec-5d1bcb11ee7a4d89bf15f068dca853f2,958:train:d126_u5,eed5cc9774af03a46c448b1bd7f7588b,1,1,0,clean,0,ok,"{""service"": ""deterministic_policy_gated_stub"", ""status"": ""executed"", ""record_id"": ""train:d126_u5"", ""safety"": ""ok""}",0,0,0.0,0.00039999940781854093,0.00019999970390927047,0.00920000093174167,0.0029000002541579306,0.015000001440057531
959,959,train:d126_u6,,,,,,always,3,1,1,0,0,0,rbpg-7aae22b49a7d572c2348b241,rbpg-7aae22b49a7d572c2348b241,rbpg-exec-5d1bcb11ee7a4d89bf15f068dca853f2,959:train:d126_u6,0d42fd0a115264b2631a17d3a3095de9,1,1,0,clean,0,ok,"{""service"": ""deterministic_policy_gated_stub"", ""status"": ""executed"", ""record_id"": ""train:d126_u6"", ""safety"": ""ok""}",0,0,0.0,0.00039999940781854093,0.00019999970390927047,0.008799999704933725,0.002999999196617864,0.014799999917158857
960,960,train:d126_u7,,,,,,always,3,1,1,0,0,0,rbpg-7aae22b49a7d572c2348b241,rbpg-7aae22b49a7d572c2348b241,rbpg-exec-5d1bcb11ee7a4d89bf15f068dca853f2,960:train:d126_u7,2c3c339f7ae3f59917163448ea69bcc0,1,1,0,clean,0,ok,"{""service"": ""deterministic_policy_gated_stub"", ""status"": ""executed"", ""record_id"": ""train:d126_u7"", ""safety"": ""ok""}",0,0,0.0,0.00030000046535860747,0.00019999970390927047,0.008800001523923129,0.0027999994927085936,0.014799999917158857
961,961,train:d126_u8,,,,,,always,3,1,1,0,0,0,rbpg-7aae22b49a7d572c2348b241,rbpg-7aae22b49a7d572c2348b241,rbpg-exec-5d1bcb11ee7a4d89bf15f068dca853f2,961:train:d126_u8,c0916f7bbf225a9537aac4c6351cac55,1,1,0,clean,0,ok,"{""service"": ""deterministic_policy_gated_stub"", ""status"": ""executed"", ""record_id"": ""train:d126_u8"", ""safety"": ""ok""}",0,0,0.0,0.0004000012268079445,0.00019999970390927047,0.008700000762473792,0.004500001523410901,0.016199999663513154
962,962,train:d126_u9,,,,,,always,3,1,1,0,0,0,rbpg-7aae22b49a7d572c2348b241,rbpg-7aae22b49a7d572c2348b241,rbpg-exec-5d1bcb11ee7a4d89bf15f068dca853f2,962:train:d126_u9,6b0d07c6ba9cb11b0c43bc441de2292f,1,1,0,clean,0,ok,"{""service"": ""deterministic_policy_gated_stub"", ""status"": ""executed"", ""record_id"": ""train:d126_u9"", ""safety"": ""ok""}",0,0,0.0,0.0006000009307172149,0.00019999970390927047,0.014199998986441642,0.002999999196617864,0.02190000122936908
963,963,train:d126_u10,,,,,,always,3,1,1,0,0,0,rbpg-7aae22b49a7d572c2348b241,rbpg-7aae22b49a7d572c2348b241,rbpg-exec-5d1bcb11ee7a4d89bf15f068dca853f2,963:train:d126_u10,ee4736dc3378a86217e027b5841ebfdc,1,1,0,clean,0,ok,"{""service"": ""deterministic_policy_gated_stub"", ""status"": ""executed"", ""record_id"": ""train:d126_u10"", ""safety"": ""ok""}",0,0,0.0,0.00039999940781854093,0.000100000761449337,0.00960000033956021,0.0029000002541579306,0.015499999790336005
964,964,train:d126_u11,,,,,,always,3,1,1,0,0,0,rbpg-7aae22b49a7d572c2348b241,rbpg-7aae22b49a7d572c2348b241,rbpg-exec-5d1bcb11ee7a4d89bf15f068dca853f2,964:train:d126_u11,4d56df8ce150ebefdc64e7c94e36f123,1,1,0,clean,0,ok,"{""service"": ""deterministic_policy_gated_stub"", ""status"": ""executed"", ""record_id"": ""train:d126_u11"", ""safety"": ""ok""}",0,0,0.0,0.0004000012268079445,0.00019999970390927047,0.008899998647393659,0.0029000002541579306,0.014600000213249587
965,965,train:d126_u12,,,,,,always,3,1,1,0,0,0,rbpg-7aae22b49a7d572c2348b241,rbpg-7aae22b49a7d572c2348b241,rbpg-exec-5d1bcb11ee7a4d89bf15f068dca853f2,965:train:d126_u12,3f1a0ad37a84a4220380ab91d982c378,1,1,0,clean,0,ok,"{""service"": ""deterministic_policy_gated_stub"", ""status"": ""executed"", ""record_id"": ""train:d126_u12"", ""safety"": ""ok""}",0,0,0.0,0.0004000012268079445,0.00019999970390927047,0.008799999704933725,0.0029000002541579306,0.014600000213249587
966,966,train:d127_u0,,,,,,always,3,1,1,0,0,0,rbpg-7aae22b49a7d572c2348b241,rbpg-7aae22b49a7d572c2348b241,rbpg-exec-5d1bcb11ee7a4d89bf15f068dca853f2,966:train:d127_u0,5e39aa7c83f4f331666901af13d040d5,1,1,0,clean,0,ok,"{""service"": ""deterministic_policy_gated_stub"", ""status"": ""executed"", ""record_id"": ""train:d127_u0"", ""safety"": ""ok""}",0,0,0.0,0.00039999940781854093,0.00019999970390927047,0.008699998943484388,0.002999999196617864,0.01449999945180025
967,967,train:d128_u0,,,,,,always,3,1,1,0,0,0,rbpg-7aae22b49a7d572c2348b241,rbpg-7aae22b49a7d572c2348b241,rbpg-exec-5d1bcb11ee7a4d89bf15f068dca853f2,967:train:d128_u0,4af02d9be612037e29a9d02e668937a0,1,1,0,clean,0,ok,"{""service"": ""deterministic_policy_gated_stub"", ""status"": ""executed"", ""record_id"": ""train:d128_u0"", ""safety"": ""ok""}",0,0,0.0,0.00030000046535860747,0.00019999970390927047,0.008499999239575118,0.002999999196617864,0.014399998690350913
968,968,train:d128_u1,,,,,,always,3,1,1,0,0,0,rbpg-7aae22b49a7d572c2348b241,rbpg-7aae22b49a7d572c2348b241,rbpg-exec-5d1bcb11ee7a4d89bf15f068dca853f2,968:train:d128_u1,4032be0433b0c2cec51264bd4ec76e85,1,1,0,clean,0,ok,"{""service"": ""deterministic_policy_gated_stub"", ""status"": ""executed"", ""record_id"": ""train:d128_u1"", ""safety"": ""ok""}",0,0,0.0,0.0004000012268079445,0.00019999970390927047,0.008600000001024455,0.0029000002541579306,0.014299999747890979
969,969,train:d128_u2,,,,,,always,3,1,1,0,0,0,rbpg-7aae22b49a7d572c2348b241,rbpg-7aae22b49a7d572c2348b241,rbpg-exec-5d1bcb11ee7a4d89bf15f068dca853f2,969:train:d128_u2,0109693e280c990ecff3d82c108623d6,1,1,0,clean,0,ok,"{""service"": ""deterministic_policy_gated_stub"", ""status"": ""executed"", ""record_id"": ""train:d128_u2"", ""safety"": ""ok""}",0,0,0.0,0.00039999940781854093,0.00019999970390927047,0.008600000001024455,0.003099999958067201,0.01449999945180025
970,970,train:d128_u3,,,,,,always,3,1,1,0,0,0,rbpg-7aae22b49a7d572c2348b241,rbpg-7aae22b49a7d572c2348b241,rbpg-exec-5d1bcb11ee7a4d89bf15f068dca853f2,970:train:d128_u3,38c0e601e8a55eaf51c0dbbf4a973bc2,1,1,0,clean,0,ok,"{""service"": ""deterministic_policy_gated_stub"", ""status"": ""executed"", ""record_id"": ""train:d128_u3"", ""safety"": ""ok""}",0,0,0.0,0.00039999940781854093,0.000200001522898674,0.008600000001024455,0.002999999196617864,0.01469999915570952
971,971,train:d128_u4,,,,,,always,3,1,1,0,0,0,rbpg-7aae22b49a7d572c2348b241,rbpg-7aae22b49a7d572c2348b241,rbpg-exec-5d1bcb11ee7a4d89bf15f068dca853f2,971:train:d128_u4,49f198af5c1a6fcf6887aedd79935e0c,1,1,0,clean,0,ok,"{""service"": ""deterministic_policy_gated_stub"", ""status"": ""executed"", ""record_id"": ""train:d128_u4"", ""safety"": ""ok""}",0,0,0.0,0.00039999940781854093,0.000200001522898674,0.008700000762473792,0.0030000010156072676,0.014400000509340316
972,972,train:d128_u5,,,,,,always,3,1,1,0,0,0,rbpg-7aae22b49a7d572c2348b241,rbpg-7aae22b49a7d572c2348b241,rbpg-exec-5d1bcb11ee7a4d89bf15f068dca853f2,972:train:d128_u5,f701b0fa39320f2bbee71f39cc0eaa55,1,1,0,clean,0,ok,"{""service"": ""deterministic_policy_gated_stub"", ""status"": ""executed"", ""record_id"": ""train:d128_u5"", ""safety"": ""ok""}",0,0,0.0,0.00039999940781854093,0.00019999970390927047,0.008500001058564521,0.002999999196617864,0.014399998690350913
973,973,train:d128_u6,,,,,,always,3,1,1,0,0,0,rbpg-7aae22b49a7d572c2348b241,rbpg-7aae22b49a7d572c2348b241,rbpg-exec-5d1bcb11ee7a4d89bf15f068dca853f2,973:train:d128_u6,0b123c14708817843d911af86f062ea8,1,1,0,clean,0,ok,"{""service"": ""deterministic_policy_gated_stub"", ""status"": ""executed"", ""record_id"": ""train:d128_u6"", ""safety"": ""ok""}",0,0,0.0,0.0004000012268079445,0.00019999970390927047,0.008500001058564521,0.003200000719516538,0.014599998394260183
974,974,train:d128_u7,,,,,,always,3,1,1,0,0,0,rbpg-7aae22b49a7d572c2348b241,rbpg-7aae22b49a7d572c2348b241,rbpg-exec-5d1bcb11ee7a4d89bf15f068dca853f2,974:train:d128_u7,cdee7e6e1c361bf1735d28b43167194d,1,1,0,clean,0,ok,"{""service"": ""deterministic_policy_gated_stub"", ""status"": ""executed"", ""record_id"": ""train:d128_u7"", ""safety"": ""ok""}",0,0,0.0,0.00039999940781854093,0.00019999970390927047,0.008600000001024455,0.002999999196617864,0.014400000509340316
975,975,train:d128_u8,,,,,,always,3,1,1,0,0,0,rbpg-7aae22b49a7d572c2348b241,rbpg-7aae22b49a7d572c2348b241,rbpg-exec-5d1bcb11ee7a4d89bf15f068dca853f2,975:train:d128_u8,07b692a69ad7a348a49e7e555ca81a82,1,1,0,clean,0,ok,"{""service"": ""deterministic_policy_gated_stub"", ""status"": ""executed"", ""record_id"": ""train:d128_u8"", ""safety"": ""ok""}",0,0,0.0,0.0004000012268079445,0.00019999970390927047,0.008899998647393659,0.002999999196617864,0.01480000173614826
976,976,train:d128_u9,,,,,,always,3,1,1,0,0,0,rbpg-7aae22b49a7d572c2348b241,rbpg-7aae22b49a7d572c2348b241,rbpg-exec-5d1bcb11ee7a4d89bf15f068dca853f2,976:train:d128_u9,4736612631cb7e1ba81b7eb1a89115f0,1,1,0,clean,0,ok,"{""service"": ""deterministic_policy_gated_stub"", ""status"": ""executed"", ""record_id"": ""train:d128_u9"", ""safety"": ""ok""}",0,0,0.0,0.0004000012268079445,0.000100000761449337,0.008699998943484388,0.002999999196617864,0.014600000213249587
977,977,train:d129_u0,,,,,,always,3,1,1,0,0,0,rbpg-7aae22b49a7d572c2348b241,rbpg-7aae22b49a7d572c2348b241,rbpg-exec-5d1bcb11ee7a4d89bf15f068dca853f2,977:train:d129_u0,fc415fd5db6370f960b42a6de4c893ea,1,1,0,clean,0,ok,"{""service"": ""deterministic_policy_gated_stub"", ""status"": ""executed"", ""record_id"": ""train:d129_u0"", ""safety"": ""ok""}",0,0,0.0,0.00039999940781854093,0.00019999970390927047,0.008799999704933725,0.0029000002541579306,0.014599998394260183
978,978,train:d129_u1,,,,,,always,3,1,1,0,0,0,rbpg-7aae22b49a7d572c2348b241,rbpg-7aae22b49a7d572c2348b241,rbpg-exec-5d1bcb11ee7a4d89bf15f068dca853f2,978:train:d129_u1,4c54cbae0c7a5f6ce1285dac8c26a031,1,1,0,clean,0,ok,"{""service"": ""deterministic_policy_gated_stub"", ""status"": ""executed"", ""record_id"": ""train:d129_u1"", ""safety"": ""ok""}",0,0,0.0,0.00030000046535860747,0.000200001522898674,0.008699998943484388,0.002999999196617864,0.01449999945180025
979,979,train:d129_u2,,,,,,always,3,1,1,0,0,0,rbpg-7aae22b49a7d572c2348b241,rbpg-7aae22b49a7d572c2348b241,rbpg-exec-5d1bcb11ee7a4d89bf15f068dca853f2,979:train:d129_u2,a8046ecddc00aff37284aa2460c2d34e,1,1,0,clean,0,ok,"{""service"": ""deterministic_policy_gated_stub"", ""status"": ""executed"", ""record_id"": ""train:d129_u2"", ""safety"": ""ok""}",0,0,0.0,0.00030000046535860747,0.00019999970390927047,0.0090000012278324,0.002999999196617864,0.015000001440057531
980,980,train:d129_u4,,,,,,always,3,1,1,0,0,0,rbpg-7aae22b49a7d572c2348b241,rbpg-7aae22b49a7d572c2348b241,rbpg-exec-5d1bcb11ee7a4d89bf15f068dca853f2,980:train:d129_u4,1ce88831f3de0ed4b6570506d56df5f9,1,1,0,clean,0,ok,"{""service"": ""deterministic_policy_gated_stub"", ""status"": ""executed"", ""record_id"": ""train:d129_u4"", ""safety"": ""ok""}",0,0,0.0,0.00039999940781854093,0.000200001522898674,0.008700000762473792,0.0029000002541579306,0.014299999747890979
981,981,train:d129_u5,,,,,,always,3,1,1,0,0,0,rbpg-7aae22b49a7d572c2348b241,rbpg-7aae22b49a7d572c2348b241,rbpg-exec-5d1bcb11ee7a4d89bf15f068dca853f2,981:train:d129_u5,bd4eca250c21026e66519eec862ee74f,1,1,0,clean,0,ok,"{""service"": ""deterministic_policy_gated_stub"", ""status"": ""executed"", ""record_id"": ""train:d129_u5"", ""safety"": ""ok""}",0,0,0.0,0.00039999940781854093,0.00019999970390927047,0.008700000762473792,0.0030000010156072676,0.01449999945180025
982,982,train:d129_u7,,,,,,always,3,1,1,0,0,0,rbpg-7aae22b49a7d572c2348b241,rbpg-7aae22b49a7d572c2348b241,rbpg-exec-5d1bcb11ee7a4d89bf15f068dca853f2,982:train:d129_u7,d9551aed7c2b8b600f03f89f0e4023be,1,1,0,clean,0,ok,"{""service"": ""deterministic_policy_gated_stub"", ""status"": ""executed"", ""record_id"": ""train:d129_u7"", ""safety"": ""ok""}",0,0,0.0,0.0004000012268079445,0.00019999970390927047,0.00940000063565094,0.0031000017770566046,0.015300000086426735
983,983,train:d129_u8,,,,,,always,3,1,1,0,0,0,rbpg-7aae22b49a7d572c2348b241,rbpg-7aae22b49a7d572c2348b241,rbpg-exec-5d1bcb11ee7a4d89bf15f068dca853f2,983:train:d129_u8,3574af45eed4cc76b12cf84801a794d1,1,1,0,clean,0,ok,"{""service"": ""deterministic_policy_gated_stub"", ""status"": ""executed"", ""record_id"": ""train:d129_u8"", ""safety"": ""ok""}",0,0,0.0,0.00039999940781854093,0.00019999970390927047,0.008700000762473792,0.003099999958067201,0.014700000974698924
984,984,train:d129_u9,,,,,,always,3,1,1,0,0,0,rbpg-7aae22b49a7d572c2348b241,rbpg-7aae22b49a7d572c2348b241,rbpg-exec-5d1bcb11ee7a4d89bf15f068dca853f2,984:train:d129_u9,1fcab4135ba9a4c77a5680bd69bd9542,1,1,0,clean,0,ok,"{""service"": ""deterministic_policy_gated_stub"", ""status"": ""executed"", ""record_id"": ""train:d129_u9"", ""safety"": ""ok""}",0,0,0.0,0.00039999940781854093,0.00019999970390927047,0.0090000012278324,0.003200000719516538,0.014900000678608194
985,985,train:d129_u10,,,,,,always,3,1,1,0,0,0,rbpg-7aae22b49a7d572c2348b241,rbpg-7aae22b49a7d572c2348b241,rbpg-exec-5d1bcb11ee7a4d89bf15f068dca853f2,985:train:d129_u10,97ae8539e74c2d332a47bf145b5afa79,1,1,0,clean,0,ok,"{""service"": ""deterministic_policy_gated_stub"", ""status"": ""executed"", ""record_id"": ""train:d129_u10"", ""safety"": ""ok""}",0,0,0.0,0.00039999940781854093,0.00019999970390927047,0.008999999408842996,0.0031999989005271345,0.014999999621068127
986,986,train:d129_u13,,,,,,always,3,1,1,0,0,0,rbpg-7aae22b49a7d572c2348b241,rbpg-7aae22b49a7d572c2348b241,rbpg-exec-5d1bcb11ee7a4d89bf15f068dca853f2,986:train:d129_u13,8117790f7c1c0619787f408a411e9764,1,1,0,clean,0,ok,"{""service"": ""deterministic_policy_gated_stub"", ""status"": ""executed"", ""record_id"": ""train:d129_u13"", ""safety"": ""ok""}",0,0,0.0,0.00039999940781854093,0.00019999970390927047,0.008699998943484388,0.002999999196617864,0.01449999945180025
987,987,train:d129_u14,,,,,,always,3,1,1,0,0,0,rbpg-7aae22b49a7d572c2348b241,rbpg-7aae22b49a7d572c2348b241,rbpg-exec-5d1bcb11ee7a4d89bf15f068dca853f2,987:train:d129_u14,554b2816ad4fa797a2a79e57a595fdc9,1,1,0,clean,0,ok,"{""service"": ""deterministic_policy_gated_stub"", ""status"": ""executed"", ""record_id"": ""train:d129_u14"", ""safety"": ""ok""}",0,0,0.0,0.00039999940781854093,0.000200001522898674,0.009599998520570807,0.002999999196617864,0.015400000847876072
988,988,train:d130_u0,,,,,,always,3,1,1,0,0,0,rbpg-7aae22b49a7d572c2348b241,rbpg-7aae22b49a7d572c2348b241,rbpg-exec-5d1bcb11ee7a4d89bf15f068dca853f2,988:train:d130_u0,329c0a31419f9e9b8a14f3712b2a0d04,1,1,0,clean,0,ok,"{""service"": ""deterministic_policy_gated_stub"", ""status"": ""executed"", ""record_id"": ""train:d130_u0"", ""safety"": ""ok""}",0,0,0.0,0.0004000012268079445,0.00019999970390927047,0.009399998816661537,0.0029000002541579306,0.015100000382517464
989,989,train:d130_u1,,,,,,always,3,1,1,0,0,0,rbpg-7aae22b49a7d572c2348b241,rbpg-7aae22b49a7d572c2348b241,rbpg-exec-5d1bcb11ee7a4d89bf15f068dca853f2,989:train:d130_u1,80b36064aaead9b1cfa1c1910b8c5eea,1,1,0,clean,0,ok,"{""service"": ""deterministic_policy_gated_stub"", ""status"": ""executed"", ""record_id"": ""train:d130_u1"", ""safety"": ""ok""}",0,0,0.0,0.0004000012268079445,0.00019999970390927047,0.009100000170292333,0.0029000002541579306,0.01489999885961879
990,990,train:d130_u2,,,,,,always,3,1,1,0,0,0,rbpg-7aae22b49a7d572c2348b241,rbpg-7aae22b49a7d572c2348b241,rbpg-exec-5d1bcb11ee7a4d89bf15f068dca853f2,990:train:d130_u2,cb4858cbb1173dc9661588ddfc92cc1d,1,1,0,clean,0,ok,"{""service"": ""deterministic_policy_gated_stub"", ""status"": ""executed"", ""record_id"": ""train:d130_u2"", ""safety"": ""ok""}",0,0,0.0,0.00039999940781854093,0.00019999970390927047,0.009199999112752266,0.0029000002541579306,0.01489999885961879
991,991,train:d130_u4,,,,,,always,3,1,1,0,0,0,rbpg-7aae22b49a7d572c2348b241,rbpg-7aae22b49a7d572c2348b241,rbpg-exec-5d1bcb11ee7a4d89bf15f068dca853f2,991:train:d130_u4,2bab59fc7d5432075d8ec042264a4fb6,1,1,0,clean,0,ok,"{""service"": ""deterministic_policy_gated_stub"", ""status"": ""executed"", ""record_id"": ""train:d130_u4"", ""safety"": ""ok""}",0,0,0.0,0.00030000046535860747,0.00019999970390927047,0.009100000170292333,0.0030000010156072676,0.015200001143966801
992,992,train:d130_u5,,,,,,always,3,1,1,0,0,0,rbpg-7aae22b49a7d572c2348b241,rbpg-7aae22b49a7d572c2348b241,rbpg-exec-5d1bcb11ee7a4d89bf15f068dca853f2,992:train:d130_u5,5aa00ef6a9b1a9965ca5467128dc0a58,1,1,0,clean,0,ok,"{""service"": ""deterministic_policy_gated_stub"", ""status"": ""executed"", ""record_id"": ""train:d130_u5"", ""safety"": ""ok""}",0,0,0.0,0.0005000001692678779,0.000200001522898674,0.00940000063565094,0.0029000002541579306,0.015300000086426735
993,993,train:d130_u6,,,,,,always,3,1,1,0,0,0,rbpg-7aae22b49a7d572c2348b241,rbpg-7aae22b49a7d572c2348b241,rbpg-exec-5d1bcb11ee7a4d89bf15f068dca853f2,993:train:d130_u6,eaca1e6ad25009c9030dfc70c65a13d1,1,1,0,clean,0,ok,"{""service"": ""deterministic_policy_gated_stub"", ""status"": ""executed"", ""record_id"": ""train:d130_u6"", ""safety"": ""ok""}",0,0,0.0,0.00039999940781854093,0.00019999970390927047,0.00960000033956021,0.002999999196617864,0.015600000551785342
994,994,train:d130_u7,,,,,,always,3,1,1,0,0,0,rbpg-7aae22b49a7d572c2348b241,rbpg-7aae22b49a7d572c2348b241,rbpg-exec-5d1bcb11ee7a4d89bf15f068dca853f2,994:train:d130_u7,01e0c07f0c2f4599becadd474abbe4bb,1,1,0,clean,0,ok,"{""service"": ""deterministic_policy_gated_stub"", ""status"": ""executed"", ""record_id"": ""train:d130_u7"", ""safety"": ""ok""}",0,0,0.0,0.0005000001692678779,0.00019999970390927047,0.010199999451288022,0.0030000010156072676,0.016199999663513154
995,995,train:d130_u8,,,,,,always,3,1,1,0,0,0,rbpg-7aae22b49a7d572c2348b241,rbpg-7aae22b49a7d572c2348b241,rbpg-exec-5d1bcb11ee7a4d89bf15f068dca853f2,995:train:d130_u8,4e3aefbeb15502cd8744e1caba59187d,1,1,0,clean,0,ok,"{""service"": ""deterministic_policy_gated_stub"", ""status"": ""executed"", ""record_id"": ""train:d130_u8"", ""safety"": ""ok""}",0,0,0.0,0.0005000001692678779,0.00019999970390927047,0.010199999451288022,0.0031999989005271345,0.016400001186411828
996,996,train:d130_u10,,,,,,always,3,1,1,0,0,0,rbpg-7aae22b49a7d572c2348b241,rbpg-7aae22b49a7d572c2348b241,rbpg-exec-5d1bcb11ee7a4d89bf15f068dca853f2,996:train:d130_u10,a0612c99b74876c301740db4ef78e35a,1,1,0,clean,0,ok,"{""service"": ""deterministic_policy_gated_stub"", ""status"": ""executed"", ""record_id"": ""train:d130_u10"", ""safety"": ""ok""}",0,0,0.0,0.0004000012268079445,0.000200001522898674,0.0106999996205559,0.0030000010156072676,0.016499998309882358
997,997,train:d130_u12,,,,,,always,3,1,1,0,0,0,rbpg-7aae22b49a7d572c2348b241,rbpg-7aae22b49a7d572c2348b241,rbpg-exec-5d1bcb11ee7a4d89bf15f068dca853f2,997:train:d130_u12,b6e7212c0afb4c5cd77bbf44a2b79f59,1,1,0,clean,0,ok,"{""service"": ""deterministic_policy_gated_stub"", ""status"": ""executed"", ""record_id"": ""train:d130_u12"", ""safety"": ""ok""}",0,0,0.0,0.00039999940781854093,0.00019999970390927047,0.0106999996205559,0.003200000719516538,0.016900001355679706
998,998,train:d130_u13,,,,,,always,3,1,1,0,0,0,rbpg-7aae22b49a7d572c2348b241,rbpg-7aae22b49a7d572c2348b241,rbpg-exec-5d1bcb11ee7a4d89bf15f068dca853f2,998:train:d130_u13,60093634e4b8567b1a60cf81bb41406c,1,1,0,clean,0,ok,"{""service"": ""deterministic_policy_gated_stub"", ""status"": ""executed"", ""record_id"": ""train:d130_u13"", ""safety"": ""ok""}",0,0,0.0,0.0004000012268079445,0.00019999970390927047,0.008999999408842996,0.003099999958067201,0.015199999324977398
999,999,train:d130_u14,,,,,,always,3,1,1,0,0,0,rbpg-7aae22b49a7d572c2348b241,rbpg-7aae22b49a7d572c2348b241,rbpg-exec-5d1bcb11ee7a4d89bf15f068dca853f2,999:train:d130_u14,27394c531bb927fee2fdf08994325672,1,1,0,clean,0,ok,"{""service"": ""deterministic_policy_gated_stub"", ""status"": ""executed"", ""record_id"": ""train:d130_u14"", ""safety"": ""ok""}",0,0,0.0,0.00039999940781854093,0.00019999970390927047,0.008900000466383062,0.003099999958067201,0.014799999917158857
1000,1000,train:d130_u15,,,,,,always,3,1,1,0,0,0,rbpg-7aae22b49a7d572c2348b241,rbpg-7aae22b49a7d572c2348b241,rbpg-exec-5d1bcb11ee7a4d89bf15f068dca853f2,1000:train:d130_u15,3481d6cdb175af116fe7012ac901112c,1,1,0,clean,0,ok,"{""service"": ""deterministic_policy_gated_stub"", ""status"": ""executed"", ""record_id"": ""train:d130_u15"", ""safety"": ""ok""}",0,0,0.0,0.0002999986463692039,0.00019999970390927047,0.008999999408842996,0.002999999196617864,0.01489999885961879
1001,1001,train:d130_u17,,,,,,always,3,1,1,0,0,0,rbpg-7aae22b49a7d572c2348b241,rbpg-7aae22b49a7d572c2348b241,rbpg-exec-5d1bcb11ee7a4d89bf15f068dca853f2,1001:train:d130_u17,a2aea4702d33f0ee2690f20d8dec904d,1,1,0,clean,0,ok,"{""service"": ""deterministic_policy_gated_stub"", ""status"": ""executed"", ""record_id"": ""train:d130_u17"", ""safety"": ""ok""}",0,0,0.0,0.0004000012268079445,0.00019999970390927047,0.008799999704933725,0.0029000002541579306,0.014599998394260183
1002,1002,train:d131_u0,,,,,,always,3,1,1,0,0,0,rbpg-7aae22b49a7d572c2348b241,rbpg-7aae22b49a7d572c2348b241,rbpg-exec-5d1bcb11ee7a4d89bf15f068dca853f2,1002:train:d131_u0,ec759e96b88bfe2c9db97e35f1bca829,1,1,0,clean,0,ok,"{""service"": ""deterministic_policy_gated_stub"", ""status"": ""executed"", ""record_id"": ""train:d131_u0"", ""safety"": ""ok""}",0,0,0.0,0.00039999940781854093,0.00019999970390927047,0.008999999408842996,0.002899998435168527,0.014799999917158857
1003,1003,train:d131_u1,,,,,,always,3,1,1,0,0,0,rbpg-7aae22b49a7d572c2348b241,rbpg-7aae22b49a7d572c2348b241,rbpg-exec-5d1bcb11ee7a4d89bf15f068dca853f2,1003:train:d131_u1,59fdf3462f0c3dc31877c699d02b5905,1,1,0,clean,0,ok,"{""service"": ""deterministic_policy_gated_stub"", ""status"": ""executed"", ""record_id"": ""train:d131_u1"", ""safety"": ""ok""}",0,0,0.0,0.0002999986463692039,0.00019999970390927047,0.008900000466383062,0.0029000002541579306,0.014600000213249587
1004,1004,train:d131_u2,,,,,,always,3,1,1,0,0,0,rbpg-7aae22b49a7d572c2348b241,rbpg-7aae22b49a7d572c2348b241,rbpg-exec-5d1bcb11ee7a4d89bf15f068dca853f2,1004:train:d131_u2,20494518909887725fece952aeb26111,1,1,0,clean,0,ok,"{""service"": ""deterministic_policy_gated_stub"", ""status"": ""executed"", ""record_id"": ""train:d131_u2"", ""safety"": ""ok""}",0,0,0.0,0.0005000001692678779,0.00019999970390927047,0.008600000001024455,0.0027999994927085936,0.014399998690350913
1005,1005,train:d132_u1,,,,,,always,3,1,1,0,0,0,rbpg-7aae22b49a7d572c2348b241,rbpg-7aae22b49a7d572c2348b241,rbpg-exec-5d1bcb11ee7a4d89bf15f068dca853f2,1005:train:d132_u1,9eed2afb8bf7d8f946b3f746dd2a50c0,1,1,0,clean,0,ok,"{""service"": ""deterministic_policy_gated_stub"", ""status"": ""executed"", ""record_id"": ""train:d132_u1"", ""safety"": ""ok""}",0,0,0.0,0.00039999940781854093,0.000200001522898674,0.01889999839477241,0.003600000127335079,0.04220000118948519
1006,1006,train:d132_u2,,,,,,always,3,1,1,0,0,0,rbpg-7aae22b49a7d572c2348b241,rbpg-7aae22b49a7d572c2348b241,rbpg-exec-5d1bcb11ee7a4d89bf15f068dca853f2,1006:train:d132_u2,8c70c3d9be89e0507716e100a12906f3,1,1,0,clean,0,ok,"{""service"": ""deterministic_policy_gated_stub"", ""status"": ""executed"", ""record_id"": ""train:d132_u2"", ""safety"": ""ok""}",0,0,0.0,0.0004000012268079445,0.00019999970390927047,0.011100000847363845,0.002899998435168527,0.01720000000204891
1007,1007,train:d132_u4,,,,,,always,3,1,1,0,0,0,rbpg-7aae22b49a7d572c2348b241,rbpg-7aae22b49a7d572c2348b241,rbpg-exec-5d1bcb11ee7a4d89bf15f068dca853f2,1007:train:d132_u4,4f999367c7cd2d42bbf56e6bf5ec7e0d,1,1,0,clean,0,ok,"{""service"": ""deterministic_policy_gated_stub"", ""status"": ""executed"", ""record_id"": ""train:d132_u4"", ""safety"": ""ok""}",0,0,0.0,0.00039999940781854093,0.000200001522898674,0.008999999408842996,0.002899998435168527,0.014900000678608194
1008,1008,train:d132_u5,,,,,,always,3,1,1,0,0,0,rbpg-7aae22b49a7d572c2348b241,rbpg-7aae22b49a7d572c2348b241,rbpg-exec-5d1bcb11ee7a4d89bf15f068dca853f2,1008:train:d132_u5,006f225df10825d74a43c5ae772971a1,1,1,0,clean,0,ok,"{""service"": ""deterministic_policy_gated_stub"", ""status"": ""executed"", ""record_id"": ""train:d132_u5"", ""safety"": ""ok""}",0,0,0.0,0.00030000046535860747,0.00019999970390927047,0.008700000762473792,0.0032999996619764715,0.01489999885961879
1009,1009,train:d132_u6,,,,,,always,3,1,1,0,0,0,rbpg-7aae22b49a7d572c2348b241,rbpg-7aae22b49a7d572c2348b241,rbpg-exec-5d1bcb11ee7a4d89bf15f068dca853f2,1009:train:d132_u6,12a186cc647f480080dd3bc0e580c2db,1,1,0,clean,0,ok,"{""service"": ""deterministic_policy_gated_stub"", ""status"": ""executed"", ""record_id"": ""train:d132_u6"", ""safety"": ""ok""}",0,0,0.0,0.0004000012268079445,0.00019999970390927047,0.008900000466383062,0.002999999196617864,0.014700000974698924
1010,1010,train:d132_u7,,,,,,always,3,1,1,0,0,0,rbpg-7aae22b49a7d572c2348b241,rbpg-7aae22b49a7d572c2348b241,rbpg-exec-5d1bcb11ee7a4d89bf15f068dca853f2,1010:train:d132_u7,0fc9b82182382d3a0a47493da9d4ff6a,1,1,0,clean,0,ok,"{""service"": ""deterministic_policy_gated_stub"", ""status"": ""executed"", ""record_id"": ""train:d132_u7"", ""safety"": ""ok""}",0,0,0.0,0.00039999940781854093,0.00019999970390927047,0.009199999112752266,0.002999999196617864,0.014999999621068127
1011,1011,train:d132_u8,,,,,,always,3,1,1,0,0,0,rbpg-7aae22b49a7d572c2348b241,rbpg-7aae22b49a7d572c2348b241,rbpg-exec-5d1bcb11ee7a4d89bf15f068dca853f2,1011:train:d132_u8,4ece6c1865706d4d62da7fd8bf67bc4d,1,1,0,clean,0,ok,"{""service"": ""deterministic_policy_gated_stub"", ""status"": ""executed"", ""record_id"": ""train:d132_u8"", ""safety"": ""ok""}",0,0,0.0,0.00039999940781854093,0.00019999970390927047,0.008700000762473792,0.002899998435168527,0.014400000509340316
1012,1012,train:d132_u9,,,,,,always,3,1,1,0,0,0,rbpg-7aae22b49a7d572c2348b241,rbpg-7aae22b49a7d572c2348b241,rbpg-exec-5d1bcb11ee7a4d89bf15f068dca853f2,1012:train:d132_u9,7e58c724d81cd4ac3f31b786537af665,1,1,0,clean,0,ok,"{""service"": ""deterministic_policy_gated_stub"", ""status"": ""executed"", ""record_id"": ""train:d132_u9"", ""safety"": ""ok""}",0,0,0.0,0.00039999940781854093,0.000200001522898674,0.009100000170292333,0.004599998646881431,0.01669999983278103
1013,1013,train:d132_u10,,,,,,always,3,1,1,0,0,0,rbpg-7aae22b49a7d572c2348b241,rbpg-7aae22b49a7d572c2348b241,rbpg-exec-5d1bcb11ee7a4d89bf15f068dca853f2,1013:train:d132_u10,728e73204d0c53f286af1f96c1ee3fa4,1,1,0,clean,0,ok,"{""service"": ""deterministic_policy_gated_stub"", ""status"": ""executed"", ""record_id"": ""train:d132_u10"", ""safety"": ""ok""}",0,0,0.0,0.0006000009307172149,0.0002999986463692039,0.01469999915570952,0.0034000004234258085,0.022500000341096893
1014,1014,train:d134_u0,,,,,,always,3,1,1,0,0,0,rbpg-7aae22b49a7d572c2348b241,rbpg-7aae22b49a7d572c2348b241,rbpg-exec-5d1bcb11ee7a4d89bf15f068dca853f2,1014:train:d134_u0,c8fbb0b66e8e6f81c0f57c16708c1dc6,1,1,0,clean,0,ok,"{""service"": ""deterministic_policy_gated_stub"", ""status"": ""executed"", ""record_id"": ""train:d134_u0"", ""safety"": ""ok""}",0,0,0.0,0.0004000012268079445,0.00019999970390927047,0.00960000033956021,0.002899998435168527,0.015500001609325409
1015,1015,train:d135_u0,,,,,,always,3,1,1,0,0,0,rbpg-7aae22b49a7d572c2348b241,rbpg-7aae22b49a7d572c2348b241,rbpg-exec-5d1bcb11ee7a4d89bf15f068dca853f2,1015:train:d135_u0,6f620433dd02f1c4bc4e0d5516cd2738,1,1,0,clean,0,ok,"{""service"": ""deterministic_policy_gated_stub"", ""status"": ""executed"", ""record_id"": ""train:d135_u0"", ""safety"": ""ok""}",0,0,0.0,0.00039999940781854093,0.00019999970390927047,0.009399998816661537,0.002999999196617864,0.015499999790336005
1016,1016,train:d135_u1,,,,,,always,3,1,1,0,0,0,rbpg-7aae22b49a7d572c2348b241,rbpg-7aae22b49a7d572c2348b241,rbpg-exec-5d1bcb11ee7a4d89bf15f068dca853f2,1016:train:d135_u1,632a4b0cd106d35b457db7eefa16c319,1,1,0,clean,0,ok,"{""service"": ""deterministic_policy_gated_stub"", ""status"": ""executed"", ""record_id"": ""train:d135_u1"", ""safety"": ""ok""}",0,0,0.0,0.00039999940781854093,0.00019999970390927047,0.008700000762473792,0.0032999996619764715,0.014999999621068127
1017,1017,train:d135_u2,,,,,,always,3,1,1,0,0,0,rbpg-7aae22b49a7d572c2348b241,rbpg-7aae22b49a7d572c2348b241,rbpg-exec-5d1bcb11ee7a4d89bf15f068dca853f2,1017:train:d135_u2,a0260c7c29a8a82e14f5d39e0b312be4,1,1,0,clean,0,ok,"{""service"": ""deterministic_policy_gated_stub"", ""status"": ""executed"", ""record_id"": ""train:d135_u2"", ""safety"": ""ok""}",0,0,0.0,0.0002999986463692039,0.00019999970390927047,0.009700001101009548,0.0032999996619764715,0.015800000255694613
1018,1018,train:d135_u4,,,,,,always,3,1,1,0,0,0,rbpg-7aae22b49a7d572c2348b241,rbpg-7aae22b49a7d572c2348b241,rbpg-exec-5d1bcb11ee7a4d89bf15f068dca853f2,1018:train:d135_u4,0574e3658c4ede7112fd5cc2ae9fe233,1,1,0,clean,0,ok,"{""service"": ""deterministic_policy_gated_stub"", ""status"": ""executed"", ""record_id"": ""train:d135_u4"", ""safety"": ""ok""}",0,0,0.0,0.00030000046535860747,0.00019999970390927047,0.008799999704933725,0.002999999196617864,0.014500001270789653
1019,1019,train:d135_u5,,,,,,always,3,1,1,0,0,0,rbpg-7aae22b49a7d572c2348b241,rbpg-7aae22b49a7d572c2348b241,rbpg-exec-5d1bcb11ee7a4d89bf15f068dca853f2,1019:train:d135_u5,7604829c402177ec0e0c2cdcaba04f53,1,1,0,clean,0,ok,"{""service"": ""deterministic_policy_gated_stub"", ""status"": ""executed"", ""record_id"": ""train:d135_u5"", ""safety"": ""ok""}",0,0,0.0,0.00030000046535860747,0.000200001522898674,0.008999999408842996,0.003099999958067201,0.014900000678608194
1020,1020,train:d135_u6,,,,,,always,3,1,1,0,0,0,rbpg-7aae22b49a7d572c2348b241,rbpg-7aae22b49a7d572c2348b241,rbpg-exec-5d1bcb11ee7a4d89bf15f068dca853f2,1020:train:d135_u6,cc69e7b7e63b5dfe7c2175477b6beae2,1,1,0,clean,0,ok,"{""service"": ""deterministic_policy_gated_stub"", ""status"": ""executed"", ""record_id"": ""train:d135_u6"", ""safety"": ""ok""}",0,0,0.0,0.00030000046535860747,0.00019999970390927047,0.008500001058564521,0.0032999996619764715,0.014600000213249587
1021,1021,train:d135_u7,,,,,,always,3,1,1,0,0,0,rbpg-7aae22b49a7d572c2348b241,rbpg-7aae22b49a7d572c2348b241,rbpg-exec-5d1bcb11ee7a4d89bf15f068dca853f2,1021:train:d135_u7,fdd337e40f919c1fa792fdca21826501,1,1,0,clean,0,ok,"{""service"": ""deterministic_policy_gated_stub"", ""status"": ""executed"", ""record_id"": ""train:d135_u7"", ""safety"": ""ok""}",0,0,0.0,0.0004000012268079445,0.00019999970390927047,0.008900000466383062,0.0030000010156072676,0.014700000974698924
1022,1022,train:d135_u8,,,,,,always,3,1,1,0,0,0,rbpg-7aae22b49a7d572c2348b241,rbpg-7aae22b49a7d572c2348b241,rbpg-exec-5d1bcb11ee7a4d89bf15f068dca853f2,1022:train:d135_u8,88d48994a3274f688eff8ecf19667ad0,1,1,0,clean,0,ok,"{""service"": ""deterministic_policy_gated_stub"", ""status"": ""executed"", ""record_id"": ""train:d135_u8"", ""safety"": ""ok""}",0,0,0.0,0.0004000012268079445,0.00019999970390927047,0.009399998816661537,0.0027999994927085936,0.015099998563528061
1023,1023,train:d136_u0,,,,,,always,3,1,1,0,0,0,rbpg-7aae22b49a7d572c2348b241,rbpg-7aae22b49a7d572c2348b241,rbpg-exec-5d1bcb11ee7a4d89bf15f068dca853f2,1023:train:d136_u0,63c085cc0b8ea774923bb220ead2a11b,1,1,0,clean,0,ok,"{""service"": ""deterministic_policy_gated_stub"", ""status"": ""executed"", ""record_id"": ""train:d136_u0"", ""safety"": ""ok""}",0,0,0.0,0.0004000012268079445,0.000100000761449337,0.009100000170292333,0.0030000010156072676,0.014999999621068127
1024,1024,train:d136_u1,,,,,,always,3,1,1,0,0,0,rbpg-7aae22b49a7d572c2348b241,rbpg-7aae22b49a7d572c2348b241,rbpg-exec-5d1bcb11ee7a4d89bf15f068dca853f2,1024:train:d136_u1,a55d5e3714c9c531c6bb18439b47bf15,1,1,0,clean,0,ok,"{""service"": ""deterministic_policy_gated_stub"", ""status"": ""executed"", ""record_id"": ""train:d136_u1"", ""safety"": ""ok""}",0,0,0.0,0.00030000046535860747,0.00019999970390927047,0.009100000170292333,0.003099999958067201,0.014999999621068127
1025,1025,train:d136_u4,,,,,,always,3,1,1,0,0,0,rbpg-7aae22b49a7d572c2348b241,rbpg-7aae22b49a7d572c2348b241,rbpg-exec-5d1bcb11ee7a4d89bf15f068dca853f2,1025:train:d136_u4,f5ee083f461e472f03f14459c46e0541,1,1,0,clean,0,ok,"{""service"": ""deterministic_policy_gated_stub"", ""status"": ""executed"", ""record_id"": ""train:d136_u4"", ""safety"": ""ok""}",0,0,0.0,0.0004000012268079445,0.000100000761449337,0.008700000762473792,0.0029000002541579306,0.01449999945180025
1026,1026,train:d136_u5,,,,,,always,3,1,1,0,0,0,rbpg-7aae22b49a7d572c2348b241,rbpg-7aae22b49a7d572c2348b241,rbpg-exec-5d1bcb11ee7a4d89bf15f068dca853f2,1026:train:d136_u5,37c438695657aaab4053e8e59253ba9f,1,1,0,clean,0,ok,"{""service"": ""deterministic_policy_gated_stub"", ""status"": ""executed"", ""record_id"": ""train:d136_u5"", ""safety"": ""ok""}",0,0,0.0,0.00039999940781854093,0.00019999970390927047,0.008700000762473792,0.002899998435168527,0.014400000509340316
1027,1027,train:d137_u0,,,,,,always,3,1,1,0,0,0,rbpg-7aae22b49a7d572c2348b241,rbpg-7aae22b49a7d572c2348b241,rbpg-exec-5d1bcb11ee7a4d89bf15f068dca853f2,1027:train:d137_u0,1abbf7c74d1b73cf42c50660317ce3b9,1,1,0,clean,0,ok,"{""service"": ""deterministic_policy_gated_stub"", ""status"": ""executed"", ""record_id"": ""train:d137_u0"", ""safety"": ""ok""}",0,0,0.0,0.00039999940781854093,0.00019999970390927047,0.00909999835130293,0.002999999196617864,0.014799999917158857
1028,1028,train:d137_u1,,,,,,always,3,1,1,0,0,0,rbpg-7aae22b49a7d572c2348b241,rbpg-7aae22b49a7d572c2348b241,rbpg-exec-5d1bcb11ee7a4d89bf15f068dca853f2,1028:train:d137_u1,abc0ea1e7cad7ba675d2a52c9ff07126,1,1,0,clean,0,ok,"{""service"": ""deterministic_policy_gated_stub"", ""status"": ""executed"", ""record_id"": ""train:d137_u1"", ""safety"": ""ok""}",0,0,0.0,0.0004000012268079445,0.000200001522898674,0.040699998862692155,0.002999999196617864,0.046499999371008016
1029,1029,train:d137_u2,,,,,,always,3,1,1,0,0,0,rbpg-7aae22b49a7d572c2348b241,rbpg-7aae22b49a7d572c2348b241,rbpg-exec-5d1bcb11ee7a4d89bf15f068dca853f2,1029:train:d137_u2,9913d343e9902f7beceb048171b67771,1,1,0,clean,0,ok,"{""service"": ""deterministic_policy_gated_stub"", ""status"": ""executed"", ""record_id"": ""train:d137_u2"", ""safety"": ""ok""}",0,0,0.0,0.00039999940781854093,0.00019999970390927047,0.009299999874201603,0.002999999196617864,0.014999999621068127
1030,1030,train:d137_u3,,,,,,always,3,1,1,0,0,0,rbpg-7aae22b49a7d572c2348b241,rbpg-7aae22b49a7d572c2348b241,rbpg-exec-5d1bcb11ee7a4d89bf15f068dca853f2,1030:train:d137_u3,b25131f5588e70c03dffe9dcd9bfbf69,1,1,0,clean,0,ok,"{""service"": ""deterministic_policy_gated_stub"", ""status"": ""executed"", ""record_id"": ""train:d137_u3"", ""safety"": ""ok""}",0,0,0.0,0.00039999940781854093,0.00019999970390927047,0.008999999408842996,0.02260000110254623,0.03449999894655775
1031,1031,train:d137_u4,,,,,,always,3,1,1,0,0,0,rbpg-7aae22b49a7d572c2348b241,rbpg-7aae22b49a7d572c2348b241,rbpg-exec-5d1bcb11ee7a4d89bf15f068dca853f2,1031:train:d137_u4,7f1f1f0db68ceecad0ccdbac5d1348eb,1,1,0,clean,0,ok,"{""service"": ""deterministic_policy_gated_stub"", ""status"": ""executed"", ""record_id"": ""train:d137_u4"", ""safety"": ""ok""}",0,0,0.0,0.00039999940781854093,0.02429999949526973,0.00960000033956021,0.003099999958067201,0.03980000110459514
1032,1032,train:d137_u5,,,,,,always,3,1,1,0,0,0,rbpg-7aae22b49a7d572c2348b241,rbpg-7aae22b49a7d572c2348b241,rbpg-exec-5d1bcb11ee7a4d89bf15f068dca853f2,1032:train:d137_u5,c0213db6dcd6cc3a1141992825133e2a,1,1,0,clean,0,ok,"{""service"": ""deterministic_policy_gated_stub"", ""status"": ""executed"", ""record_id"": ""train:d137_u5"", ""safety"": ""ok""}",0,0,0.0,0.00039999940781854093,0.00019999970390927047,0.008999999408842996,0.003099999958067201,0.014999999621068127
1033,1033,train:d137_u6,,,,,,always,3,1,1,0,0,0,rbpg-7aae22b49a7d572c2348b241,rbpg-7aae22b49a7d572c2348b241,rbpg-exec-5d1bcb11ee7a4d89bf15f068dca853f2,1033:train:d137_u6,afd849676205ca07892feeacfe66ae57,1,1,0,clean,0,ok,"{""service"": ""deterministic_policy_gated_stub"", ""status"": ""executed"", ""record_id"": ""train:d137_u6"", ""safety"": ""ok""}",0,0,0.0,0.00039999940781854093,0.00019999970390927047,0.008900000466383062,0.003099999958067201,0.015100000382517464
1034,1034,train:d137_u7,,,,,,always,3,1,1,0,0,0,rbpg-7aae22b49a7d572c2348b241,rbpg-7aae22b49a7d572c2348b241,rbpg-exec-5d1bcb11ee7a4d89bf15f068dca853f2,1034:train:d137_u7,5178fa97205f78cecfef8b888017fca2,1,1,0,clean,0,ok,"{""service"": ""deterministic_policy_gated_stub"", ""status"": ""executed"", ""record_id"": ""train:d137_u7"", ""safety"": ""ok""}",0,0,0.0,0.00039999940781854093,9.999894245993346e-05,0.008700000762473792,0.002999999196617864,0.03290000131528359
1035,1035,train:d138_u0,,,,,,always,3,1,1,0,0,0,rbpg-7aae22b49a7d572c2348b241,rbpg-7aae22b49a7d572c2348b241,rbpg-exec-5d1bcb11ee7a4d89bf15f068dca853f2,1035:train:d138_u0,11aaea89c21629e8ca41adbb32129c2c,1,1,0,clean,0,ok,"{""service"": ""deterministic_policy_gated_stub"", ""status"": ""executed"", ""record_id"": ""train:d138_u0"", ""safety"": ""ok""}",0,0,0.0,0.00039999940781854093,0.000100000761449337,0.008600000001024455,0.003099999958067201,0.01449999945180025
1036,1036,train:d138_u1,,,,,,always,3,1,1,0,0,0,rbpg-7aae22b49a7d572c2348b241,rbpg-7aae22b49a7d572c2348b241,rbpg-exec-5d1bcb11ee7a4d89bf15f068dca853f2,1036:train:d138_u1,9cdd38dee9aeb4d4e4fd66945d2da976,1,1,0,clean,0,ok,"{""service"": ""deterministic_policy_gated_stub"", ""status"": ""executed"", ""record_id"": ""train:d138_u1"", ""safety"": ""ok""}",0,0,0.0,0.00039999940781854093,9.999894245993346e-05,0.008799999704933725,0.002999999196617864,0.014600000213249587
1037,1037,train:d138_u2,,,,,,always,3,1,1,0,0,0,rbpg-7aae22b49a7d572c2348b241,rbpg-7aae22b49a7d572c2348b241,rbpg-exec-5d1bcb11ee7a4d89bf15f068dca853f2,1037:train:d138_u2,b5e52054bcc3e7520486a73611dab818,1,1,0,clean,0,ok,"{""service"": ""deterministic_policy_gated_stub"", ""status"": ""executed"", ""record_id"": ""train:d138_u2"", ""safety"": ""ok""}",0,0,0.0,0.00039999940781854093,0.00019999970390927047,0.00960000033956021,0.003200000719516538,0.015500001609325409
1038,1038,train:d138_u3,,,,,,always,3,1,1,0,0,0,rbpg-7aae22b49a7d572c2348b241,rbpg-7aae22b49a7d572c2348b241,rbpg-exec-5d1bcb11ee7a4d89bf15f068dca853f2,1038:train:d138_u3,b3dbe592258482fca27f8d5d77eb8a4d,1,1,0,clean,0,ok,"{""service"": ""deterministic_policy_gated_stub"", ""status"": ""executed"", ""record_id"": ""train:d138_u3"", ""safety"": ""ok""}",0,0,0.0,0.00039999940781854093,0.000100000761449337,0.008700000762473792,0.0030000010156072676,0.01449999945180025
1039,1039,train:d138_u7,,,,,,always,3,1,1,0,0,0,rbpg-7aae22b49a7d572c2348b241,rbpg-7aae22b49a7d572c2348b241,rbpg-exec-5d1bcb11ee7a4d89bf15f068dca853f2,1039:train:d138_u7,7e9f4a19b625dd6f4d32c8092add7c7d,1,1,0,clean,0,ok,"{""service"": ""deterministic_policy_gated_stub"", ""status"": ""executed"", ""record_id"": ""train:d138_u7"", ""safety"": ""ok""}",0,0,0.0,0.00030000046535860747,0.00019999970390927047,0.008900000466383062,0.002999999196617864,0.014700000974698924
1040,1040,train:d138_u8,,,,,,always,3,1,1,0,0,0,rbpg-7aae22b49a7d572c2348b241,rbpg-7aae22b49a7d572c2348b241,rbpg-exec-5d1bcb11ee7a4d89bf15f068dca853f2,1040:train:d138_u8,67c8e4bcc471a47875372a920c2f4426,1,1,0,clean,0,ok,"{""service"": ""deterministic_policy_gated_stub"", ""status"": ""executed"", ""record_id"": ""train:d138_u8"", ""safety"": ""ok""}",0,0,0.0,0.00039999940781854093,9.999894245993346e-05,0.0090000012278324,0.0029000002541579306,0.014799999917158857
1041,1041,train:d138_u9,,,,,,always,3,1,1,0,0,0,rbpg-7aae22b49a7d572c2348b241,rbpg-7aae22b49a7d572c2348b241,rbpg-exec-5d1bcb11ee7a4d89bf15f068dca853f2,1041:train:d138_u9,c3f25c40375b9bf55ab55f024da40446,1,1,0,clean,0,ok,"{""service"": ""deterministic_policy_gated_stub"", ""status"": ""executed"", ""record_id"": ""train:d138_u9"", ""safety"": ""ok""}",0,0,0.0,0.0004000012268079445,0.00019999970390927047,0.009100000170292333,0.003200000719516538,0.015100000382517464
1042,1042,train:d138_u10,,,,,,always,3,1,1,0,0,0,rbpg-7aae22b49a7d572c2348b241,rbpg-7aae22b49a7d572c2348b241,rbpg-exec-5d1bcb11ee7a4d89bf15f068dca853f2,1042:train:d138_u10,c2baad2c7d47b9a3bde394ea15aaf85d,1,1,0,clean,0,ok,"{""service"": ""deterministic_policy_gated_stub"", ""status"": ""executed"", ""record_id"": ""train:d138_u10"", ""safety"": ""ok""}",0,0,0.0,0.0005000001692678779,0.00019999970390927047,0.008899998647393659,0.003200000719516538,0.014999999621068127
1043,1043,train:d138_u11,,,,,,always,3,1,1,0,0,0,rbpg-7aae22b49a7d572c2348b241,rbpg-7aae22b49a7d572c2348b241,rbpg-exec-5d1bcb11ee7a4d89bf15f068dca853f2,1043:train:d138_u11,d3e35f8774087520e9f1efbbe48a33bb,1,1,0,clean,0,ok,"{""service"": ""deterministic_policy_gated_stub"", ""status"": ""executed"", ""record_id"": ""train:d138_u11"", ""safety"": ""ok""}",0,0,0.0,0.00039999940781854093,0.000200001522898674,0.00920000093174167,0.003099999958067201,0.015100000382517464
1044,1044,train:d138_u12,,,,,,always,3,1,1,0,0,0,rbpg-7aae22b49a7d572c2348b241,rbpg-7aae22b49a7d572c2348b241,rbpg-exec-5d1bcb11ee7a4d89bf15f068dca853f2,1044:train:d138_u12,7ca83136bb51a845569d328ce75a0e9c,1,1,0,clean,0,ok,"{""service"": ""deterministic_policy_gated_stub"", ""status"": ""executed"", ""record_id"": ""train:d138_u12"", ""safety"": ""ok""}",0,0,0.0,0.0004000012268079445,0.00019999970390927047,0.0090000012278324,0.0030000010156072676,0.015300000086426735
1045,1045,train:d138_u14,,,,,,always,3,1,1,0,0,0,rbpg-7aae22b49a7d572c2348b241,rbpg-7aae22b49a7d572c2348b241,rbpg-exec-5d1bcb11ee7a4d89bf15f068dca853f2,1045:train:d138_u14,d8436033db7b7a343ab80991c90281b6,1,1,0,clean,0,ok,"{""service"": ""deterministic_policy_gated_stub"", ""status"": ""executed"", ""record_id"": ""train:d138_u14"", ""safety"": ""ok""}",0,0,0.0,0.00039999940781854093,0.00019999970390927047,0.009100000170292333,0.002999999196617864,0.01489999885961879
1046,1046,train:d138_u15,,,,,,always,3,1,1,0,0,0,rbpg-7aae22b49a7d572c2348b241,rbpg-7aae22b49a7d572c2348b241,rbpg-exec-5d1bcb11ee7a4d89bf15f068dca853f2,1046:train:d138_u15,569fb8ee112044cc1505f62b8aa156c9,1,1,0,clean,0,ok,"{""service"": ""deterministic_policy_gated_stub"", ""status"": ""executed"", ""record_id"": ""train:d138_u15"", ""safety"": ""ok""}",0,0,0.0,0.00039999940781854093,0.000200001522898674,0.008899998647393659,0.002999999196617864,0.015000001440057531
1047,1047,train:d139_u0,,,,,,always,3,1,1,0,0,0,rbpg-7aae22b49a7d572c2348b241,rbpg-7aae22b49a7d572c2348b241,rbpg-exec-5d1bcb11ee7a4d89bf15f068dca853f2,1047:train:d139_u0,b31980c5a8a117a134f1e0ebae6fcf0a,1,1,0,clean,0,ok,"{""service"": ""deterministic_policy_gated_stub"", ""status"": ""executed"", ""record_id"": ""train:d139_u0"", ""safety"": ""ok""}",0,0,0.0,0.00039999940781854093,0.00019999970390927047,0.008800001523923129,0.003200000719516538,0.014799999917158857
1048,1048,train:d139_u1,,,,,,always,3,1,1,0,0,0,rbpg-7aae22b49a7d572c2348b241,rbpg-7aae22b49a7d572c2348b241,rbpg-exec-5d1bcb11ee7a4d89bf15f068dca853f2,1048:train:d139_u1,5adddbc31f4d15281c04e2cb594df196,1,1,0,clean,0,ok,"{""service"": ""deterministic_policy_gated_stub"", ""status"": ""executed"", ""record_id"": ""train:d139_u1"", ""safety"": ""ok""}",0,0,0.0,0.0004000012268079445,0.00019999970390927047,0.008699998943484388,0.002999999196617864,0.01449999945180025
1049,1049,train:d139_u2,,,,,,always,3,1,1,0,0,0,rbpg-7aae22b49a7d572c2348b241,rbpg-7aae22b49a7d572c2348b241,rbpg-exec-5d1bcb11ee7a4d89bf15f068dca853f2,1049:train:d139_u2,bec603ece61d509c290b2ed5b9f92e64,1,1,0,clean,0,ok,"{""service"": ""deterministic_policy_gated_stub"", ""status"": ""executed"", ""record_id"": ""train:d139_u2"", ""safety"": ""ok""}",0,0,0.0,0.00039999940781854093,0.00019999970390927047,0.008800001523923129,0.003099999958067201,0.014700000974698924
1050,1050,train:d139_u3,,,,,,always,3,1,1,0,0,0,rbpg-7aae22b49a7d572c2348b241,rbpg-7aae22b49a7d572c2348b241,rbpg-exec-5d1bcb11ee7a4d89bf15f068dca853f2,1050:train:d139_u3,2a4654fa0872227dd2852dd1a3e513ae,1,1,0,clean,0,ok,"{""service"": ""deterministic_policy_gated_stub"", ""status"": ""executed"", ""record_id"": ""train:d139_u3"", ""safety"": ""ok""}",0,0,0.0,0.00039999940781854093,0.00019999970390927047,0.008499999239575118,0.002800001311697997,0.014100000043981709
1051,1051,train:d139_u5,,,,,,always,3,1,1,0,0,0,rbpg-7aae22b49a7d572c2348b241,rbpg-7aae22b49a7d572c2348b241,rbpg-exec-5d1bcb11ee7a4d89bf15f068dca853f2,1051:train:d139_u5,cdd8626cd798dd10178b3ca3389b8517,1,1,0,clean,0,ok,"{""service"": ""deterministic_policy_gated_stub"", ""status"": ""executed"", ""record_id"": ""train:d139_u5"", ""safety"": ""ok""}",0,0,0.0,0.0004000012268079445,0.00019999970390927047,0.008600000001024455,0.0030000010156072676,0.014399998690350913
1052,1052,train:d140_u0,,,,,,always,3,1,1,0,0,0,rbpg-7aae22b49a7d572c2348b241,rbpg-7aae22b49a7d572c2348b241,rbpg-exec-5d1bcb11ee7a4d89bf15f068dca853f2,1052:train:d140_u0,0095b2c9136df874b133f2edace0d62f,1,1,0,clean,0,ok,"{""service"": ""deterministic_policy_gated_stub"", ""status"": ""executed"", ""record_id"": ""train:d140_u0"", ""safety"": ""ok""}",0,0,0.0,0.0004000012268079445,0.00019999970390927047,0.008600000001024455,0.0029000002541579306,0.014399998690350913
1053,1053,train:d140_u1,,,,,,always,3,1,1,0,0,0,rbpg-7aae22b49a7d572c2348b241,rbpg-7aae22b49a7d572c2348b241,rbpg-exec-5d1bcb11ee7a4d89bf15f068dca853f2,1053:train:d140_u1,fabf89ee40609ab8ea99cc5ae66155e1,1,1,0,clean,0,ok,"{""service"": ""deterministic_policy_gated_stub"", ""status"": ""executed"", ""record_id"": ""train:d140_u1"", ""safety"": ""ok""}",0,0,0.0,0.00039999940781854093,0.00019999970390927047,0.008499999239575118,0.002999999196617864,0.014400000509340316
1054,1054,train:d141_u0,,,,,,always,3,1,1,0,0,0,rbpg-7aae22b49a7d572c2348b241,rbpg-7aae22b49a7d572c2348b241,rbpg-exec-5d1bcb11ee7a4d89bf15f068dca853f2,1054:train:d141_u0,ad5cd7f75e3258f9f9b7fc33828fded0,1,1,0,clean,0,ok,"{""service"": ""deterministic_policy_gated_stub"", ""status"": ""executed"", ""record_id"": ""train:d141_u0"", ""safety"": ""ok""}",0,0,0.0,0.0004000012268079445,0.00019999970390927047,0.008400000297115184,0.0029000002541579306,0.014100000043981709
1055,1055,train:d141_u1,,,,,,always,3,1,1,0,0,0,rbpg-7aae22b49a7d572c2348b241,rbpg-7aae22b49a7d572c2348b241,rbpg-exec-5d1bcb11ee7a4d89bf15f068dca853f2,1055:train:d141_u1,56c5fcced4d0328efe13c3a45cc9f6b2,1,1,0,clean,0,ok,"{""service"": ""deterministic_policy_gated_stub"", ""status"": ""executed"", ""record_id"": ""train:d141_u1"", ""safety"": ""ok""}",0,0,0.0,0.0004000012268079445,0.000200001522898674,0.008699998943484388,0.0029000002541579306,0.01449999945180025
1056,1056,train:d141_u2,,,,,,always,3,1,1,0,0,0,rbpg-7aae22b49a7d572c2348b241,rbpg-7aae22b49a7d572c2348b241,rbpg-exec-5d1bcb11ee7a4d89bf15f068dca853f2,1056:train:d141_u2,3428120183c9bf4883d1a56238964cac,1,1,0,clean,0,ok,"{""service"": ""deterministic_policy_gated_stub"", ""status"": ""executed"", ""record_id"": ""train:d141_u2"", ""safety"": ""ok""}",0,0,0.0,0.00039999940781854093,0.000200001522898674,0.008499999239575118,0.002999999196617864,0.014400000509340316
1057,1057,train:d141_u3,,,,,,always,3,1,1,0,0,0,rbpg-7aae22b49a7d572c2348b241,rbpg-7aae22b49a7d572c2348b241,rbpg-exec-5d1bcb11ee7a4d89bf15f068dca853f2,1057:train:d141_u3,54a72843f02ab1966dc4acf8c080a63c,1,1,0,clean,0,ok,"{""service"": ""deterministic_policy_gated_stub"", ""status"": ""executed"", ""record_id"": ""train:d141_u3"", ""safety"": ""ok""}",0,0,0.0,0.0004000012268079445,0.00019999970390927047,0.027300000510877,0.003200000719516538,0.03319999996165279
1058,1058,train:d141_u4,,,,,,always,3,1,1,0,0,0,rbpg-7aae22b49a7d572c2348b241,rbpg-7aae22b49a7d572c2348b241,rbpg-exec-5d1bcb11ee7a4d89bf15f068dca853f2,1058:train:d141_u4,0de638a47e80eb33c03d0379dbcdf9fa,1,1,0,clean,0,ok,"{""service"": ""deterministic_policy_gated_stub"", ""status"": ""executed"", ""record_id"": ""train:d141_u4"", ""safety"": ""ok""}",0,0,0.0,0.00039999940781854093,0.000200001522898674,0.010100000508828089,0.0029000002541579306,0.01590000101714395
1059,1059,train:d141_u5,,,,,,always,3,1,1,0,0,0,rbpg-7aae22b49a7d572c2348b241,rbpg-7aae22b49a7d572c2348b241,rbpg-exec-5d1bcb11ee7a4d89bf15f068dca853f2,1059:train:d141_u5,9e159e9af98415a830a498bd42b55429,1,1,0,clean,0,ok,"{""service"": ""deterministic_policy_gated_stub"", ""status"": ""executed"", ""record_id"": ""train:d141_u5"", ""safety"": ""ok""}",0,0,0.0,0.00039999940781854093,0.000100000761449337,0.010600000678095967,0.004800000169780105,0.018400000044493936
1060,1060,train:d141_u6,,,,,,always,3,1,1,0,0,0,rbpg-7aae22b49a7d572c2348b241,rbpg-7aae22b49a7d572c2348b241,rbpg-exec-5d1bcb11ee7a4d89bf15f068dca853f2,1060:train:d141_u6,c1768f802c9bd50b91e55a7ad889d6e2,1,1,0,clean,0,ok,"{""service"": ""deterministic_policy_gated_stub"", ""status"": ""executed"", ""record_id"": ""train:d141_u6"", ""safety"": ""ok""}",0,0,0.0,0.0005999991117278114,0.00030000046535860747,0.01320000046689529,0.003099999958067201,0.02069999936793465
1061,1061,train:d141_u7,,,,,,always,3,1,1,0,0,0,rbpg-7aae22b49a7d572c2348b241,rbpg-7aae22b49a7d572c2348b241,rbpg-exec-5d1bcb11ee7a4d89bf15f068dca853f2,1061:train:d141_u7,f725c3460a534c29c5720cdfa67e7018,1,1,0,clean,0,ok,"{""service"": ""deterministic_policy_gated_stub"", ""status"": ""executed"", ""record_id"": ""train:d141_u7"", ""safety"": ""ok""}",0,0,0.0,0.00039999940781854093,0.000100000761449337,0.009499999578110874,0.003200000719516538,0.015699999494245276
1062,1062,train:d142_u0,,,,,,always,3,1,1,0,0,0,rbpg-7aae22b49a7d572c2348b241,rbpg-7aae22b49a7d572c2348b241,rbpg-exec-5d1bcb11ee7a4d89bf15f068dca853f2,1062:train:d142_u0,7d5283a5b8a8f2bc7eb935fd2b32156f,1,1,0,clean,0,ok,"{""service"": ""deterministic_policy_gated_stub"", ""status"": ""executed"", ""record_id"": ""train:d142_u0"", ""safety"": ""ok""}",0,0,0.0,0.0004000012268079445,9.999894245993346e-05,0.008700000762473792,0.0030000010156072676,0.014700000974698924
1063,1063,train:d142_u1,,,,,,always,3,1,1,0,0,0,rbpg-7aae22b49a7d572c2348b241,rbpg-7aae22b49a7d572c2348b241,rbpg-exec-5d1bcb11ee7a4d89bf15f068dca853f2,1063:train:d142_u1,e2d91c4873ab4cd80d615a0d6ab46bea,1,1,0,clean,0,ok,"{""service"": ""deterministic_policy_gated_stub"", ""status"": ""executed"", ""record_id"": ""train:d142_u1"", ""safety"": ""ok""}",0,0,0.0,0.00039999940781854093,0.00019999970390927047,0.008800001523923129,0.0029000002541579306,0.01449999945180025
1064,1064,train:d143_u0,,,,,,always,3,1,1,0,0,0,rbpg-7aae22b49a7d572c2348b241,rbpg-7aae22b49a7d572c2348b241,rbpg-exec-5d1bcb11ee7a4d89bf15f068dca853f2,1064:train:d143_u0,8175b4bf2bae834aebdc0da9f8237cdb,1,1,0,clean,0,ok,"{""service"": ""deterministic_policy_gated_stub"", ""status"": ""executed"", ""record_id"": ""train:d143_u0"", ""safety"": ""ok""}",0,0,0.0,0.0004000012268079445,0.000100000761449337,0.008499999239575118,0.0031999989005271345,0.01449999945180025
1065,1065,train:d143_u1,,,,,,always,3,1,1,0,0,0,rbpg-7aae22b49a7d572c2348b241,rbpg-7aae22b49a7d572c2348b241,rbpg-exec-5d1bcb11ee7a4d89bf15f068dca853f2,1065:train:d143_u1,5688c3055dd95e6d1bc904c4d071fe54,1,1,0,clean,0,ok,"{""service"": ""deterministic_policy_gated_stub"", ""status"": ""executed"", ""record_id"": ""train:d143_u1"", ""safety"": ""ok""}",0,0,0.0,0.00039999940781854093,0.00019999970390927047,0.008799999704933725,0.002999999196617864,0.014799999917158857
1066,1066,train:d143_u2,,,,,,always,3,1,1,0,0,0,rbpg-7aae22b49a7d572c2348b241,rbpg-7aae22b49a7d572c2348b241,rbpg-exec-5d1bcb11ee7a4d89bf15f068dca853f2,1066:train:d143_u2,b7e576a122fef1e4c06b69cfe4939b36,1,1,0,clean,0,ok,"{""service"": ""deterministic_policy_gated_stub"", ""status"": ""executed"", ""record_id"": ""train:d143_u2"", ""safety"": ""ok""}",0,0,0.0,0.00039999940781854093,0.00019999970390927047,0.008600000001024455,0.0029000002541579306,0.014300001566880383
1067,1067,train:d143_u3,,,,,,always,3,1,1,0,0,0,rbpg-7aae22b49a7d572c2348b241,rbpg-7aae22b49a7d572c2348b241,rbpg-exec-5d1bcb11ee7a4d89bf15f068dca853f2,1067:train:d143_u3,03b80b73ba41d97d7f2207ca5292266d,1,1,0,clean,0,ok,"{""service"": ""deterministic_policy_gated_stub"", ""status"": ""executed"", ""record_id"": ""train:d143_u3"", ""safety"": ""ok""}",0,0,0.0,0.00030000046535860747,0.00019999970390927047,0.008400000297115184,0.0029000002541579306,0.014100000043981709
1068,1068,train:d143_u4,,,,,,always,3,1,1,0,0,0,rbpg-7aae22b49a7d572c2348b241,rbpg-7aae22b49a7d572c2348b241,rbpg-exec-5d1bcb11ee7a4d89bf15f068dca853f2,1068:train:d143_u4,f4fde6ff534bc93af648eeb4f0df6e07,1,1,0,clean,0,ok,"{""service"": ""deterministic_policy_gated_stub"", ""status"": ""executed"", ""record_id"": ""train:d143_u4"", ""safety"": ""ok""}",0,0,0.0,0.00039999940781854093,0.00019999970390927047,0.008699998943484388,0.0029000002541579306,0.014400000509340316
1069,1069,train:d144_u0,,,,,,always,3,1,1,0,0,0,rbpg-7aae22b49a7d572c2348b241,rbpg-7aae22b49a7d572c2348b241,rbpg-exec-5d1bcb11ee7a4d89bf15f068dca853f2,1069:train:d144_u0,98455acd5d0bd1ecef2c2564663eae95,1,1,0,clean,0,ok,"{""service"": ""deterministic_policy_gated_stub"", ""status"": ""executed"", ""record_id"": ""train:d144_u0"", ""safety"": ""ok""}",0,0,0.0,0.00030000046535860747,0.000200001522898674,0.008499999239575118,0.0029000002541579306,0.014299999747890979
1070,1070,train:d144_u1,,,,,,always,3,1,1,0,0,0,rbpg-7aae22b49a7d572c2348b241,rbpg-7aae22b49a7d572c2348b241,rbpg-exec-5d1bcb11ee7a4d89bf15f068dca853f2,1070:train:d144_u1,0ab0aae4d7dfa5a6ff74912534e38bef,1,1,0,clean,0,ok,"{""service"": ""deterministic_policy_gated_stub"", ""status"": ""executed"", ""record_id"": ""train:d144_u1"", ""safety"": ""ok""}",0,0,0.0,0.00030000046535860747,0.00019999970390927047,0.008800001523923129,0.0029000002541579306,0.014500001270789653
1071,1071,train:d144_u2,,,,,,always,3,1,1,0,0,0,rbpg-7aae22b49a7d572c2348b241,rbpg-7aae22b49a7d572c2348b241,rbpg-exec-5d1bcb11ee7a4d89bf15f068dca853f2,1071:train:d144_u2,4ee12e15b94e931683e4bd9f0344392e,1,1,0,clean,0,ok,"{""service"": ""deterministic_policy_gated_stub"", ""status"": ""executed"", ""record_id"": ""train:d144_u2"", ""safety"": ""ok""}",0,0,0.0,0.00030000046535860747,0.00019999970390927047,0.008799999704933725,0.0030000010156072676,0.01449999945180025
1072,1072,train:d144_u3,,,,,,always,3,1,1,0,0,0,rbpg-7aae22b49a7d572c2348b241,rbpg-7aae22b49a7d572c2348b241,rbpg-exec-5d1bcb11ee7a4d89bf15f068dca853f2,1072:train:d144_u3,22c718a3570d6982a3c991917e8f4d9b,1,1,0,clean,0,ok,"{""service"": ""deterministic_policy_gated_stub"", ""status"": ""executed"", ""record_id"": ""train:d144_u3"", ""safety"": ""ok""}",0,0,0.0,0.00039999940781854093,0.00019999970390927047,0.008600000001024455,0.003099999958067201,0.01449999945180025
1073,1073,train:d144_u5,,,,,,always,3,1,1,0,0,0,rbpg-7aae22b49a7d572c2348b241,rbpg-7aae22b49a7d572c2348b241,rbpg-exec-5d1bcb11ee7a4d89bf15f068dca853f2,1073:train:d144_u5,24c3b522659eb1ac1e4c813a42d90d2c,1,1,0,clean,0,ok,"{""service"": ""deterministic_policy_gated_stub"", ""status"": ""executed"", ""record_id"": ""train:d144_u5"", ""safety"": ""ok""}",0,0,0.0,0.0004000012268079445,0.00019999970390927047,0.008499999239575118,0.002999999196617864,0.014300001566880383
1074,1074,train:d145_u1,,,,,,always,3,1,1,0,0,0,rbpg-7aae22b49a7d572c2348b241,rbpg-7aae22b49a7d572c2348b241,rbpg-exec-5d1bcb11ee7a4d89bf15f068dca853f2,1074:train:d145_u1,ad573e6d83b771eff09019500a46471e,1,1,0,clean,0,ok,"{""service"": ""deterministic_policy_gated_stub"", ""status"": ""executed"", ""record_id"": ""train:d145_u1"", ""safety"": ""ok""}",0,0,0.0,0.0004000012268079445,0.000200001522898674,0.008400000297115184,0.0029000002541579306,0.014199998986441642
1075,1075,train:d145_u2,,,,,,always,3,1,1,0,0,0,rbpg-7aae22b49a7d572c2348b241,rbpg-7aae22b49a7d572c2348b241,rbpg-exec-5d1bcb11ee7a4d89bf15f068dca853f2,1075:train:d145_u2,2e5e42cc418b48ed9ee2d8637c2121d6,1,1,0,clean,0,ok,"{""service"": ""deterministic_policy_gated_stub"", ""status"": ""executed"", ""record_id"": ""train:d145_u2"", ""safety"": ""ok""}",0,0,0.0,0.00030000046535860747,0.00019999970390927047,0.008600000001024455,0.002999999196617864,0.014400000509340316
1076,1076,train:d145_u3,,,,,,always,3,1,1,0,0,0,rbpg-7aae22b49a7d572c2348b241,rbpg-7aae22b49a7d572c2348b241,rbpg-exec-5d1bcb11ee7a4d89bf15f068dca853f2,1076:train:d145_u3,cc3954638a9968bf6dcb460a9dbc68d8,1,1,0,clean,0,ok,"{""service"": ""deterministic_policy_gated_stub"", ""status"": ""executed"", ""record_id"": ""train:d145_u3"", ""safety"": ""ok""}",0,0,0.0,0.00030000046535860747,9.999894245993346e-05,0.008799999704933725,0.0029000002541579306,0.01449999945180025
1077,1077,train:d145_u6,,,,,,always,3,1,1,0,0,0,rbpg-7aae22b49a7d572c2348b241,rbpg-7aae22b49a7d572c2348b241,rbpg-exec-5d1bcb11ee7a4d89bf15f068dca853f2,1077:train:d145_u6,d86a8df7e71f08a70e0766435a1a9205,1,1,0,clean,0,ok,"{""service"": ""deterministic_policy_gated_stub"", ""status"": ""executed"", ""record_id"": ""train:d145_u6"", ""safety"": ""ok""}",0,0,0.0,0.00039999940781854093,0.000200001522898674,0.008799999704933725,0.0030000010156072676,0.014599998394260183
1078,1078,train:d145_u8,,,,,,always,3,1,1,0,0,0,rbpg-7aae22b49a7d572c2348b241,rbpg-7aae22b49a7d572c2348b241,rbpg-exec-5d1bcb11ee7a4d89bf15f068dca853f2,1078:train:d145_u8,a44201dfe03645433d8ec4202b0a6f47,1,1,0,clean,0,ok,"{""service"": ""deterministic_policy_gated_stub"", ""status"": ""executed"", ""record_id"": ""train:d145_u8"", ""safety"": ""ok""}",0,0,0.0,0.00039999940781854093,0.000200001522898674,0.008600000001024455,0.0029000002541579306,0.014600000213249587
1079,1079,train:d145_u12,,,,,,always,3,1,1,0,0,0,rbpg-7aae22b49a7d572c2348b241,rbpg-7aae22b49a7d572c2348b241,rbpg-exec-5d1bcb11ee7a4d89bf15f068dca853f2,1079:train:d145_u12,add8240f6ae1472de50cea5a062d8316,1,1,0,clean,0,ok,"{""service"": ""deterministic_policy_gated_stub"", ""status"": ""executed"", ""record_id"": ""train:d145_u12"", ""safety"": ""ok""}",0,0,0.0,0.0004000012268079445,0.00019999970390927047,0.008500001058564521,0.0030000010156072676,0.01449999945180025
1080,1080,train:d145_u13,,,,,,always,3,1,1,0,0,0,rbpg-7aae22b49a7d572c2348b241,rbpg-7aae22b49a7d572c2348b241,rbpg-exec-5d1bcb11ee7a4d89bf15f068dca853f2,1080:train:d145_u13,a97381c595152bd74840a44a04a8da9d,1,1,0,clean,0,ok,"{""service"": ""deterministic_policy_gated_stub"", ""status"": ""executed"", ""record_id"": ""train:d145_u13"", ""safety"": ""ok""}",0,0,0.0,0.00030000046535860747,0.00019999970390927047,0.008500001058564521,0.0031000017770566046,0.014400000509340316
1081,1081,train:d145_u14,,,,,,always,3,1,1,0,0,0,rbpg-7aae22b49a7d572c2348b241,rbpg-7aae22b49a7d572c2348b241,rbpg-exec-5d1bcb11ee7a4d89bf15f068dca853f2,1081:train:d145_u14,05f49c3e35b3ab451f452ee92ca1e356,1,1,0,clean,0,ok,"{""service"": ""deterministic_policy_gated_stub"", ""status"": ""executed"", ""record_id"": ""train:d145_u14"", ""safety"": ""ok""}",0,0,0.0,0.00039999940781854093,0.00019999970390927047,0.008600000001024455,0.002999999196617864,0.014400000509340316
1082,1082,train:d145_u17,,,,,,always,3,1,1,0,0,0,rbpg-7aae22b49a7d572c2348b241,rbpg-7aae22b49a7d572c2348b241,rbpg-exec-5d1bcb11ee7a4d89bf15f068dca853f2,1082:train:d145_u17,84d87524ad24118c6c99d607080eaea9,1,1,0,clean,0,ok,"{""service"": ""deterministic_policy_gated_stub"", ""status"": ""executed"", ""record_id"": ""train:d145_u17"", ""safety"": ""ok""}",0,0,0.0,0.00039999940781854093,0.00019999970390927047,0.008600000001024455,0.0029000002541579306,0.014299999747890979
1083,1083,train:d146_u0,,,,,,always,3,1,1,0,0,0,rbpg-7aae22b49a7d572c2348b241,rbpg-7aae22b49a7d572c2348b241,rbpg-exec-5d1bcb11ee7a4d89bf15f068dca853f2,1083:train:d146_u0,590cb59c7b2af81f711e3bb0980fb1ab,1,1,0,clean,0,ok,"{""service"": ""deterministic_policy_gated_stub"", ""status"": ""executed"", ""record_id"": ""train:d146_u0"", ""safety"": ""ok""}",0,0,0.0,0.00030000046535860747,0.000200001522898674,0.008600000001024455,0.0029000002541579306,0.014199998986441642
1084,1084,train:d146_u1,,,,,,always,3,1,1,0,0,0,rbpg-7aae22b49a7d572c2348b241,rbpg-7aae22b49a7d572c2348b241,rbpg-exec-5d1bcb11ee7a4d89bf15f068dca853f2,1084:train:d146_u1,d370f0e8aeb48f942cbbb0d1abd07e66,1,1,0,clean,0,ok,"{""service"": ""deterministic_policy_gated_stub"", ""status"": ""executed"", ""record_id"": ""train:d146_u1"", ""safety"": ""ok""}",0,0,0.0,0.00039999940781854093,0.00019999970390927047,0.008500001058564521,0.0029000002541579306,0.014200000805431046
1085,1085,train:d146_u2,,,,,,always,3,1,1,0,0,0,rbpg-7aae22b49a7d572c2348b241,rbpg-7aae22b49a7d572c2348b241,rbpg-exec-5d1bcb11ee7a4d89bf15f068dca853f2,1085:train:d146_u2,7a9742f49ff176f55dba350f14d9fb45,1,1,0,clean,0,ok,"{""service"": ""deterministic_policy_gated_stub"", ""status"": ""executed"", ""record_id"": ""train:d146_u2"", ""safety"": ""ok""}",0,0,0.0,0.0002999986463692039,0.00019999970390927047,0.008700000762473792,0.002800001311697997,0.014299999747890979
1086,1086,train:d146_u3,,,,,,always,3,1,1,0,0,0,rbpg-7aae22b49a7d572c2348b241,rbpg-7aae22b49a7d572c2348b241,rbpg-exec-5d1bcb11ee7a4d89bf15f068dca853f2,1086:train:d146_u3,f66d9629bc4ad6ab970e823f8a3e3ff0,1,1,0,clean,0,ok,"{""service"": ""deterministic_policy_gated_stub"", ""status"": ""executed"", ""record_id"": ""train:d146_u3"", ""safety"": ""ok""}",0,0,0.0,0.00039999940781854093,0.000100000761449337,0.008400000297115184,0.0029000002541579306,0.014199998986441642
1087,1087,train:d146_u4,,,,,,always,3,1,1,0,0,0,rbpg-7aae22b49a7d572c2348b241,rbpg-7aae22b49a7d572c2348b241,rbpg-exec-5d1bcb11ee7a4d89bf15f068dca853f2,1087:train:d146_u4,9a7aa7b0a4076f5ead0ddf3afa7640c5,1,1,0,clean,0,ok,"{""service"": ""deterministic_policy_gated_stub"", ""status"": ""executed"", ""record_id"": ""train:d146_u4"", ""safety"": ""ok""}",0,0,0.0,0.0004000012268079445,0.00019999970390927047,0.008499999239575118,0.0029000002541579306,0.014100000043981709
1088,1088,train:d146_u5,,,,,,always,3,1,1,0,0,0,rbpg-7aae22b49a7d572c2348b241,rbpg-7aae22b49a7d572c2348b241,rbpg-exec-5d1bcb11ee7a4d89bf15f068dca853f2,1088:train:d146_u5,555ccea0a5fcb5606cad3198bb848049,1,1,0,clean,0,ok,"{""service"": ""deterministic_policy_gated_stub"", ""status"": ""executed"", ""record_id"": ""train:d146_u5"", ""safety"": ""ok""}",0,0,0.0,0.00039999940781854093,0.00019999970390927047,0.008600000001024455,0.0027999994927085936,0.014199998986441642
1089,1089,train:d146_u6,,,,,,always,3,1,1,0,0,0,rbpg-7aae22b49a7d572c2348b241,rbpg-7aae22b49a7d572c2348b241,rbpg-exec-5d1bcb11ee7a4d89bf15f068dca853f2,1089:train:d146_u6,d8af6069102595f05cda7f4d1cf27510,1,1,0,clean,0,ok,"{""service"": ""deterministic_policy_gated_stub"", ""status"": ""executed"", ""record_id"": ""train:d146_u6"", ""safety"": ""ok""}",0,0,0.0,0.00039999940781854093,0.00019999970390927047,0.008500001058564521,0.0030000010156072676,0.014199998986441642
1090,1090,train:d146_u7,,,,,,always,3,1,1,0,0,0,rbpg-7aae22b49a7d572c2348b241,rbpg-7aae22b49a7d572c2348b241,rbpg-exec-5d1bcb11ee7a4d89bf15f068dca853f2,1090:train:d146_u7,aae9d7d31a9f78c8e318746780e05819,1,1,0,clean,0,ok,"{""service"": ""deterministic_policy_gated_stub"", ""status"": ""executed"", ""record_id"": ""train:d146_u7"", ""safety"": ""ok""}",0,0,0.0,0.0004000012268079445,0.00019999970390927047,0.008600000001024455,0.02010000025620684,0.031400000807479955
1091,1091,train:d146_u8,,,,,,always,3,1,1,0,0,0,rbpg-7aae22b49a7d572c2348b241,rbpg-7aae22b49a7d572c2348b241,rbpg-exec-5d1bcb11ee7a4d89bf15f068dca853f2,1091:train:d146_u8,bdc547a4c1003749863f1d8c900af795,1,1,0,clean,0,ok,"{""service"": ""deterministic_policy_gated_stub"", ""status"": ""executed"", ""record_id"": ""train:d146_u8"", ""safety"": ""ok""}",0,0,0.0,0.00039999940781854093,0.00019999970390927047,0.010799998563015833,0.002999999196617864,0.01680000059423037
1092,1092,train:d146_u9,,,,,,always,3,1,1,0,0,0,rbpg-7aae22b49a7d572c2348b241,rbpg-7aae22b49a7d572c2348b241,rbpg-exec-5d1bcb11ee7a4d89bf15f068dca853f2,1092:train:d146_u9,011d1b6d901ed399c17f6dfac8a86394,1,1,0,clean,0,ok,"{""service"": ""deterministic_policy_gated_stub"", ""status"": ""executed"", ""record_id"": ""train:d146_u9"", ""safety"": ""ok""}",0,0,0.0,0.00039999940781854093,0.00019999970390927047,0.008600000001024455,0.0030000010156072676,0.014299999747890979
1093,1093,train:d146_u10,,,,,,always,3,1,1,0,0,0,rbpg-7aae22b49a7d572c2348b241,rbpg-7aae22b49a7d572c2348b241,rbpg-exec-5d1bcb11ee7a4d89bf15f068dca853f2,1093:train:d146_u10,e12351b5cdb307aaeb76b805dd69de55,1,1,0,clean,0,ok,"{""service"": ""deterministic_policy_gated_stub"", ""status"": ""executed"", ""record_id"": ""train:d146_u10"", ""safety"": ""ok""}",0,0,0.0,0.0004000012268079445,0.00019999970390927047,0.008700000762473792,0.003099999958067201,0.01469999915570952
1094,1094,train:d146_u11,,,,,,always,3,1,1,0,0,0,rbpg-7aae22b49a7d572c2348b241,rbpg-7aae22b49a7d572c2348b241,rbpg-exec-5d1bcb11ee7a4d89bf15f068dca853f2,1094:train:d146_u11,fd4ff56f462966c0c079cc8212d7275d,1,1,0,clean,0,ok,"{""service"": ""deterministic_policy_gated_stub"", ""status"": ""executed"", ""record_id"": ""train:d146_u11"", ""safety"": ""ok""}",0,0,0.0,0.00039999940781854093,0.00019999970390927047,0.008600000001024455,0.0030000010156072676,0.014400000509340316
1095,1095,train:d146_u12,,,,,,always,3,1,1,0,0,0,rbpg-7aae22b49a7d572c2348b241,rbpg-7aae22b49a7d572c2348b241,rbpg-exec-5d1bcb11ee7a4d89bf15f068dca853f2,1095:train:d146_u12,a959c06d4e006b2c47967b68c605dc25,1,1,0,clean,0,ok,"{""service"": ""deterministic_policy_gated_stub"", ""status"": ""executed"", ""record_id"": ""train:d146_u12"", ""safety"": ""ok""}",0,0,0.0,0.00039999940781854093,0.000100000761449337,0.008700000762473792,0.0029000002541579306,0.01449999945180025
1096,1096,train:d147_u0,,,,,,always,3,1,1,0,0,0,rbpg-7aae22b49a7d572c2348b241,rbpg-7aae22b49a7d572c2348b241,rbpg-exec-5d1bcb11ee7a4d89bf15f068dca853f2,1096:train:d147_u0,213cc3f4e4543d90f1ca3fff59434d72,1,1,0,clean,0,ok,"{""service"": ""deterministic_policy_gated_stub"", ""status"": ""executed"", ""record_id"": ""train:d147_u0"", ""safety"": ""ok""}",0,0,0.0,0.00039999940781854093,0.000100000761449337,0.008699998943484388,0.002999999196617864,0.01449999945180025
1097,1097,train:d147_u1,,,,,,always,3,1,1,0,0,0,rbpg-7aae22b49a7d572c2348b241,rbpg-7aae22b49a7d572c2348b241,rbpg-exec-5d1bcb11ee7a4d89bf15f068dca853f2,1097:train:d147_u1,6163dcdb4366f19b2f45d11c642a398b,1,1,0,clean,0,ok,"{""service"": ""deterministic_policy_gated_stub"", ""status"": ""executed"", ""record_id"": ""train:d147_u1"", ""safety"": ""ok""}",0,0,0.0,0.0004000012268079445,0.00019999970390927047,0.008999999408842996,0.003099999958067201,0.014999999621068127
1098,1098,train:d147_u2,,,,,,always,3,1,1,0,0,0,rbpg-7aae22b49a7d572c2348b241,rbpg-7aae22b49a7d572c2348b241,rbpg-exec-5d1bcb11ee7a4d89bf15f068dca853f2,1098:train:d147_u2,23288c82164eedb4a880831f1f77c101,1,1,0,clean,0,ok,"{""service"": ""deterministic_policy_gated_stub"", ""status"": ""executed"", ""record_id"": ""train:d147_u2"", ""safety"": ""ok""}",0,0,0.0,0.0004000012268079445,0.00019999970390927047,0.008499999239575118,0.0029000002541579306,0.014200000805431046
1099,1099,train:d147_u3,,,,,,always,3,1,1,0,0,0,rbpg-7aae22b49a7d572c2348b241,rbpg-7aae22b49a7d572c2348b241,rbpg-exec-5d1bcb11ee7a4d89bf15f068dca853f2,1099:train:d147_u3,098bb725301bda0ace5ea87dd47dd214,1,1,0,clean,0,ok,"{""service"": ""deterministic_policy_gated_stub"", ""status"": ""executed"", ""record_id"": ""train:d147_u3"", ""safety"": ""ok""}",0,0,0.0,0.0004000012268079445,0.00019999970390927047,0.008499999239575118,0.002999999196617864,0.014400000509340316
1100,1100,train:d147_u5,,,,,,always,3,1,1,0,0,0,rbpg-7aae22b49a7d572c2348b241,rbpg-7aae22b49a7d572c2348b241,rbpg-exec-5d1bcb11ee7a4d89bf15f068dca853f2,1100:train:d147_u5,d1c75bea7ba9604b675f6b1abc2f52ab,1,1,0,clean,0,ok,"{""service"": ""deterministic_policy_gated_stub"", ""status"": ""executed"", ""record_id"": ""train:d147_u5"", ""safety"": ""ok""}",0,0,0.0,0.00039999940781854093,9.999894245993346e-05,0.008499999239575118,0.003099999958067201,0.01449999945180025
1101,1101,train:d147_u9,,,,,,always,3,1,1,0,0,0,rbpg-7aae22b49a7d572c2348b241,rbpg-7aae22b49a7d572c2348b241,rbpg-exec-5d1bcb11ee7a4d89bf15f068dca853f2,1101:train:d147_u9,686efd5a9074437348c655c53549ec34,1,1,0,clean,0,ok,"{""service"": ""deterministic_policy_gated_stub"", ""status"": ""executed"", ""record_id"": ""train:d147_u9"", ""safety"": ""ok""}",0,0,0.0,0.00039999940781854093,0.000100000761449337,0.008499999239575118,0.003099999958067201,0.014400000509340316
1102,1102,train:d147_u10,,,,,,always,3,1,1,0,0,0,rbpg-7aae22b49a7d572c2348b241,rbpg-7aae22b49a7d572c2348b241,rbpg-exec-5d1bcb11ee7a4d89bf15f068dca853f2,1102:train:d147_u10,3792f02ca14e0f6fef1b01e7d79666eb,1,1,0,clean,0,ok,"{""service"": ""deterministic_policy_gated_stub"", ""status"": ""executed"", ""record_id"": ""train:d147_u10"", ""safety"": ""ok""}",0,0,0.0,0.00030000046535860747,0.00019999970390927047,0.008699998943484388,0.0029000002541579306,0.014500001270789653
1103,1103,train:d147_u11,,,,,,always,3,1,1,0,0,0,rbpg-7aae22b49a7d572c2348b241,rbpg-7aae22b49a7d572c2348b241,rbpg-exec-5d1bcb11ee7a4d89bf15f068dca853f2,1103:train:d147_u11,9bd646fb1d605f08ed296d8340a0a65f,1,1,0,clean,0,ok,"{""service"": ""deterministic_policy_gated_stub"", ""status"": ""executed"", ""record_id"": ""train:d147_u11"", ""safety"": ""ok""}",0,0,0.0,0.00039999940781854093,0.00019999970390927047,0.008700000762473792,0.003099999958067201,0.014700000974698924
1104,1104,train:d148_u0,,,,,,always,3,1,1,0,0,0,rbpg-7aae22b49a7d572c2348b241,rbpg-7aae22b49a7d572c2348b241,rbpg-exec-5d1bcb11ee7a4d89bf15f068dca853f2,1104:train:d148_u0,f36865da0efc735181240202b20d8ecb,1,1,0,clean,0,ok,"{""service"": ""deterministic_policy_gated_stub"", ""status"": ""executed"", ""record_id"": ""train:d148_u0"", ""safety"": ""ok""}",0,0,0.0,0.0005000001692678779,0.00019999970390927047,0.028500000553322025,0.0034000004234258085,0.03509999987727497
1105,1105,train:d148_u1,,,,,,always,3,1,1,0,0,0,rbpg-7aae22b49a7d572c2348b241,rbpg-7aae22b49a7d572c2348b241,rbpg-exec-5d1bcb11ee7a4d89bf15f068dca853f2,1105:train:d148_u1,a897fc696effe744264f4062fb3e8976,1,1,0,clean,0,ok,"{""service"": ""deterministic_policy_gated_stub"", ""status"": ""executed"", ""record_id"": ""train:d148_u1"", ""safety"": ""ok""}",0,0,0.0,0.00039999940781854093,0.00019999970390927047,0.010199999451288022,0.003099999958067201,0.016199999663513154
1106,1106,train:d148_u2,,,,,,always,3,1,1,0,0,0,rbpg-7aae22b49a7d572c2348b241,rbpg-7aae22b49a7d572c2348b241,rbpg-exec-5d1bcb11ee7a4d89bf15f068dca853f2,1106:train:d148_u2,1667c88c0c28bb43ebbaa3e472e07b24,1,1,0,clean,0,ok,"{""service"": ""deterministic_policy_gated_stub"", ""status"": ""executed"", ""record_id"": ""train:d148_u2"", ""safety"": ""ok""}",0,0,0.0,0.00039999940781854093,0.00019999970390927047,0.008600000001024455,0.0030000010156072676,0.014399998690350913
1107,1107,train:d148_u3,,,,,,always,3,1,1,0,0,0,rbpg-7aae22b49a7d572c2348b241,rbpg-7aae22b49a7d572c2348b241,rbpg-exec-5d1bcb11ee7a4d89bf15f068dca853f2,1107:train:d148_u3,cc65518d8ca5bd09b7bd83db8c021b0c,1,1,0,clean,0,ok,"{""service"": ""deterministic_policy_gated_stub"", ""status"": ""executed"", ""record_id"": ""train:d148_u3"", ""safety"": ""ok""}",0,0,0.0,0.00039999940781854093,0.00019999970390927047,0.008900000466383062,0.002999999196617864,0.014700000974698924
1108,1108,train:d148_u4,,,,,,always,3,1,1,0,0,0,rbpg-7aae22b49a7d572c2348b241,rbpg-7aae22b49a7d572c2348b241,rbpg-exec-5d1bcb11ee7a4d89bf15f068dca853f2,1108:train:d148_u4,0e1e4d2ccdb54e0210b2cf3ead87eaa2,1,1,0,clean,0,ok,"{""service"": ""deterministic_policy_gated_stub"", ""status"": ""executed"", ""record_id"": ""train:d148_u4"", ""safety"": ""ok""}",0,0,0.0,0.0004000012268079445,0.00019999970390927047,0.008500001058564521,0.003099999958067201,0.014500001270789653
1109,1109,train:d148_u7,,,,,,always,3,1,1,0,0,0,rbpg-7aae22b49a7d572c2348b241,rbpg-7aae22b49a7d572c2348b241,rbpg-exec-5d1bcb11ee7a4d89bf15f068dca853f2,1109:train:d148_u7,a8d2f559b742a9a8202203dfcb660abb,1,1,0,clean,0,ok,"{""service"": ""deterministic_policy_gated_stub"", ""status"": ""executed"", ""record_id"": ""train:d148_u7"", ""safety"": ""ok""}",0,0,0.0,0.00030000046535860747,0.00019999970390927047,0.008600000001024455,0.003099999958067201,0.014500001270789653
1110,1110,train:d148_u8,,,,,,always,3,1,1,0,0,0,rbpg-7aae22b49a7d572c2348b241,rbpg-7aae22b49a7d572c2348b241,rbpg-exec-5d1bcb11ee7a4d89bf15f068dca853f2,1110:train:d148_u8,50dc2998823454f14b759a009b3c45b3,1,1,0,clean,0,ok,"{""service"": ""deterministic_policy_gated_stub"", ""status"": ""executed"", ""record_id"": ""train:d148_u8"", ""safety"": ""ok""}",0,0,0.0,0.0002999986463692039,0.00019999970390927047,0.008600000001024455,0.002999999196617864,0.014400000509340316
1111,1111,train:d148_u9,,,,,,always,3,1,1,0,0,0,rbpg-7aae22b49a7d572c2348b241,rbpg-7aae22b49a7d572c2348b241,rbpg-exec-5d1bcb11ee7a4d89bf15f068dca853f2,1111:train:d148_u9,2b347a21bb628737332c307e53300d4c,1,1,0,clean,0,ok,"{""service"": ""deterministic_policy_gated_stub"", ""status"": ""executed"", ""record_id"": ""train:d148_u9"", ""safety"": ""ok""}",0,0,0.0,0.00039999940781854093,0.00019999970390927047,0.013099999705445953,0.005100000635138713,0.02119999953720253
1112,1112,train:d148_u10,,,,,,always,3,1,1,0,0,0,rbpg-7aae22b49a7d572c2348b241,rbpg-7aae22b49a7d572c2348b241,rbpg-exec-5d1bcb11ee7a4d89bf15f068dca853f2,1112:train:d148_u10,817857893ceaee8cb01f7b2db152157d,1,1,0,clean,0,ok,"{""service"": ""deterministic_policy_gated_stub"", ""status"": ""executed"", ""record_id"": ""train:d148_u10"", ""safety"": ""ok""}",0,0,0.0,0.0005000001692678779,0.00019999970390927047,0.01089999932446517,0.003200000719516538,0.018000000636675395
1113,1113,train:d148_u11,,,,,,always,3,1,1,0,0,0,rbpg-7aae22b49a7d572c2348b241,rbpg-7aae22b49a7d572c2348b241,rbpg-exec-5d1bcb11ee7a4d89bf15f068dca853f2,1113:train:d148_u11,669b6c32df41416f4a031c7423791432,1,1,0,clean,0,ok,"{""service"": ""deterministic_policy_gated_stub"", ""status"": ""executed"", ""record_id"": ""train:d148_u11"", ""safety"": ""ok""}",0,0,0.0,0.0004000012268079445,0.00019999970390927047,0.008900000466383062,0.0031999989005271345,0.014900000678608194
1114,1114,train:d148_u12,,,,,,always,3,1,1,0,0,0,rbpg-7aae22b49a7d572c2348b241,rbpg-7aae22b49a7d572c2348b241,rbpg-exec-5d1bcb11ee7a4d89bf15f068dca853f2,1114:train:d148_u12,8ca19e7dce5511e8169f9baef76dd116,1,1,0,clean,0,ok,"{""service"": ""deterministic_policy_gated_stub"", ""status"": ""executed"", ""record_id"": ""train:d148_u12"", ""safety"": ""ok""}",0,0,0.0,0.00030000046535860747,0.00019999970390927047,0.008500001058564521,0.0030000010156072676,0.014400000509340316
1115,1115,train:d148_u14,,,,,,always,3,1,1,0,0,0,rbpg-7aae22b49a7d572c2348b241,rbpg-7aae22b49a7d572c2348b241,rbpg-exec-5d1bcb11ee7a4d89bf15f068dca853f2,1115:train:d148_u14,96d2d1bde5e3072f528f2cb209515fdf,1,1,0,clean,0,ok,"{""service"": ""deterministic_policy_gated_stub"", ""status"": ""executed"", ""record_id"": ""train:d148_u14"", ""safety"": ""ok""}",0,0,0.0,0.0004000012268079445,0.00019999970390927047,0.008600000001024455,0.003099999958067201,0.014400000509340316
1116,1116,train:d148_u16,,,,,,always,3,1,1,0,0,0,rbpg-7aae22b49a7d572c2348b241,rbpg-7aae22b49a7d572c2348b241,rbpg-exec-5d1bcb11ee7a4d89bf15f068dca853f2,1116:train:d148_u16,bf87cff01e08beb817f082f3d2421fe6,1,1,0,clean,0,ok,"{""service"": ""deterministic_policy_gated_stub"", ""status"": ""executed"", ""record_id"": ""train:d148_u16"", ""safety"": ""ok""}",0,0,0.0,0.0004000012268079445,0.00019999970390927047,0.008600000001024455,0.003099999958067201,0.01449999945180025
1117,1117,train:d148_u17,,,,,,always,3,1,1,0,0,0,rbpg-7aae22b49a7d572c2348b241,rbpg-7aae22b49a7d572c2348b241,rbpg-exec-5d1bcb11ee7a4d89bf15f068dca853f2,1117:train:d148_u17,7ad200cb2ccec09605db6097841fa04a,1,1,0,clean,0,ok,"{""service"": ""deterministic_policy_gated_stub"", ""status"": ""executed"", ""record_id"": ""train:d148_u17"", ""safety"": ""ok""}",0,0,0.0,0.00030000046535860747,0.00019999970390927047,0.008600000001024455,0.0029000002541579306,0.01449999945180025
1118,1118,train:d148_u18,,,,,,always,3,1,1,0,0,0,rbpg-7aae22b49a7d572c2348b241,rbpg-7aae22b49a7d572c2348b241,rbpg-exec-5d1bcb11ee7a4d89bf15f068dca853f2,1118:train:d148_u18,5181dbfff616ccad1586219aaee961d5,1,1,0,clean,0,ok,"{""service"": ""deterministic_policy_gated_stub"", ""status"": ""executed"", ""record_id"": ""train:d148_u18"", ""safety"": ""ok""}",0,0,0.0,0.00039999940781854093,0.00019999970390927047,0.008900000466383062,0.003099999958067201,0.01489999885961879
1119,1119,train:d148_u19,,,,,,always,3,1,1,0,0,0,rbpg-7aae22b49a7d572c2348b241,rbpg-7aae22b49a7d572c2348b241,rbpg-exec-5d1bcb11ee7a4d89bf15f068dca853f2,1119:train:d148_u19,9c7ff7212c1cced68ab054adac23c4fa,1,1,0,clean,0,ok,"{""service"": ""deterministic_policy_gated_stub"", ""status"": ""executed"", ""record_id"": ""train:d148_u19"", ""safety"": ""ok""}",0,0,0.0,0.00039999940781854093,0.00019999970390927047,0.008700000762473792,0.0029000002541579306,0.014299999747890979
1120,1120,train:d148_u20,,,,,,always,3,1,1,0,0,0,rbpg-7aae22b49a7d572c2348b241,rbpg-7aae22b49a7d572c2348b241,rbpg-exec-5d1bcb11ee7a4d89bf15f068dca853f2,1120:train:d148_u20,8a3b813ff31ceef884bbbffbf0cafb75,1,1,0,clean,0,ok,"{""service"": ""deterministic_policy_gated_stub"", ""status"": ""executed"", ""record_id"": ""train:d148_u20"", ""safety"": ""ok""}",0,0,0.0,0.00030000046535860747,0.00019999970390927047,0.008499999239575118,0.002999999196617864,0.014300001566880383
1121,1121,train:d149_u0,,,,,,always,3,1,1,0,0,0,rbpg-7aae22b49a7d572c2348b241,rbpg-7aae22b49a7d572c2348b241,rbpg-exec-5d1bcb11ee7a4d89bf15f068dca853f2,1121:train:d149_u0,0baea3cb719e7c0216d6987dc6e95a33,1,1,0,clean,0,ok,"{""service"": ""deterministic_policy_gated_stub"", ""status"": ""executed"", ""record_id"": ""train:d149_u0"", ""safety"": ""ok""}",0,0,0.0,0.0004000012268079445,0.00019999970390927047,0.008800001523923129,0.0029000002541579306,0.014600000213249587
1122,1122,train:d149_u1,,,,,,always,3,1,1,0,0,0,rbpg-7aae22b49a7d572c2348b241,rbpg-7aae22b49a7d572c2348b241,rbpg-exec-5d1bcb11ee7a4d89bf15f068dca853f2,1122:train:d149_u1,a938fba2713bd346ff2f694da16a1dbf,1,1,0,clean,0,ok,"{""service"": ""deterministic_policy_gated_stub"", ""status"": ""executed"", ""record_id"": ""train:d149_u1"", ""safety"": ""ok""}",0,0,0.0,0.00039999940781854093,0.000200001522898674,0.008700000762473792,0.002800001311697997,0.014199998986441642
1123,1123,train:d149_u2,,,,,,always,3,1,1,0,0,0,rbpg-7aae22b49a7d572c2348b241,rbpg-7aae22b49a7d572c2348b241,rbpg-exec-5d1bcb11ee7a4d89bf15f068dca853f2,1123:train:d149_u2,a7e43adeb6edf70bf310bc13622d5b3e,1,1,0,clean,0,ok,"{""service"": ""deterministic_policy_gated_stub"", ""status"": ""executed"", ""record_id"": ""train:d149_u2"", ""safety"": ""ok""}",0,0,0.0,0.0004000012268079445,0.00019999970390927047,0.008600000001024455,0.0030000010156072676,0.014299999747890979
1124,1124,train:d149_u3,,,,,,always,3,1,1,0,0,0,rbpg-7aae22b49a7d572c2348b241,rbpg-7aae22b49a7d572c2348b241,rbpg-exec-5d1bcb11ee7a4d89bf15f068dca853f2,1124:train:d149_u3,8f4aad0645f063be97d41e4a545c1f75,1,1,0,clean,0,ok,"{""service"": ""deterministic_policy_gated_stub"", ""status"": ""executed"", ""record_id"": ""train:d149_u3"", ""safety"": ""ok""}",0,0,0.0,0.00039999940781854093,0.00019999970390927047,0.008799999704933725,0.002999999196617864,0.014600000213249587
1125,1125,train:d150_u1,,,,,,always,3,1,1,0,0,0,rbpg-7aae22b49a7d572c2348b241,rbpg-7aae22b49a7d572c2348b241,rbpg-exec-5d1bcb11ee7a4d89bf15f068dca853f2,1125:train:d150_u1,99cd5a052eeea21eb597ace244fc6dcb,1,1,0,clean,0,ok,"{""service"": ""deterministic_policy_gated_stub"", ""status"": ""executed"", ""record_id"": ""train:d150_u1"", ""safety"": ""ok""}",0,0,0.0,0.00030000046535860747,0.00019999970390927047,0.010100000508828089,0.0029000002541579306,0.015800000255694613
1126,1126,train:d150_u2,,,,,,always,3,1,1,0,0,0,rbpg-7aae22b49a7d572c2348b241,rbpg-7aae22b49a7d572c2348b241,rbpg-exec-5d1bcb11ee7a4d89bf15f068dca853f2,1126:train:d150_u2,a2b785f633c0056678fbbfcecab4c52d,1,1,0,clean,0,ok,"{""service"": ""deterministic_policy_gated_stub"", ""status"": ""executed"", ""record_id"": ""train:d150_u2"", ""safety"": ""ok""}",0,0,0.0,0.00039999940781854093,0.00019999970390927047,0.008799999704933725,0.0030000010156072676,0.014799999917158857
1127,1127,train:d150_u3,,,,,,always,3,1,1,0,0,0,rbpg-7aae22b49a7d572c2348b241,rbpg-7aae22b49a7d572c2348b241,rbpg-exec-5d1bcb11ee7a4d89bf15f068dca853f2,1127:train:d150_u3,0dd1add01cbcf6e19e940e9b8ec062fc,1,1,0,clean,0,ok,"{""service"": ""deterministic_policy_gated_stub"", ""status"": ""executed"", ""record_id"": ""train:d150_u3"", ""safety"": ""ok""}",0,0,0.0,0.0005000001692678779,0.00019999970390927047,0.008900000466383062,0.0030000010156072676,0.01489999885961879
1128,1128,train:d151_u0,,,,,,always,3,1,1,0,0,0,rbpg-7aae22b49a7d572c2348b241,rbpg-7aae22b49a7d572c2348b241,rbpg-exec-5d1bcb11ee7a4d89bf15f068dca853f2,1128:train:d151_u0,0a1e6ddaa0e3df10b6e4538bbe421fc0,1,1,0,clean,0,ok,"{""service"": ""deterministic_policy_gated_stub"", ""status"": ""executed"", ""record_id"": ""train:d151_u0"", ""safety"": ""ok""}",0,0,0.0,0.00039999940781854093,0.000200001522898674,0.008600000001024455,0.0029000002541579306,0.014400000509340316
1129,1129,train:d151_u1,,,,,,always,3,1,1,0,0,0,rbpg-7aae22b49a7d572c2348b241,rbpg-7aae22b49a7d572c2348b241,rbpg-exec-5d1bcb11ee7a4d89bf15f068dca853f2,1129:train:d151_u1,1498eee2f1364c1212dd98bc31b03563,1,1,0,clean,0,ok,"{""service"": ""deterministic_policy_gated_stub"", ""status"": ""executed"", ""record_id"": ""train:d151_u1"", ""safety"": ""ok""}",0,0,0.0,0.00039999940781854093,0.00019999970390927047,0.008600000001024455,0.002999999196617864,0.014500001270789653
1130,1130,train:d151_u2,,,,,,always,3,1,1,0,0,0,rbpg-7aae22b49a7d572c2348b241,rbpg-7aae22b49a7d572c2348b241,rbpg-exec-5d1bcb11ee7a4d89bf15f068dca853f2,1130:train:d151_u2,21b9cbb6c64015685a40a02e2a578268,1,1,0,clean,0,ok,"{""service"": ""deterministic_policy_gated_stub"", ""status"": ""executed"", ""record_id"": ""train:d151_u2"", ""safety"": ""ok""}",0,0,0.0,0.00039999940781854093,0.00019999970390927047,0.008499999239575118,0.002899998435168527,0.014200000805431046
1131,1131,train:d151_u3,,,,,,always,3,1,1,0,0,0,rbpg-7aae22b49a7d572c2348b241,rbpg-7aae22b49a7d572c2348b241,rbpg-exec-5d1bcb11ee7a4d89bf15f068dca853f2,1131:train:d151_u3,97dbf1e6a55bf2ec482948a71422ce1e,1,1,0,clean,0,ok,"{""service"": ""deterministic_policy_gated_stub"", ""status"": ""executed"", ""record_id"": ""train:d151_u3"", ""safety"": ""ok""}",0,0,0.0,0.00039999940781854093,0.00019999970390927047,0.0090000012278324,0.003200000719516538,0.015100000382517464
1132,1132,train:d151_u7,,,,,,always,3,1,1,0,0,0,rbpg-7aae22b49a7d572c2348b241,rbpg-7aae22b49a7d572c2348b241,rbpg-exec-5d1bcb11ee7a4d89bf15f068dca853f2,1132:train:d151_u7,827e8b9354503c6e5d28f2c727a5b282,1,1,0,clean,0,ok,"{""service"": ""deterministic_policy_gated_stub"", ""status"": ""executed"", ""record_id"": ""train:d151_u7"", ""safety"": ""ok""}",0,0,0.0,0.00039999940781854093,0.00019999970390927047,0.008700000762473792,0.002999999196617864,0.014500001270789653
1133,1133,train:d151_u8,,,,,,always,3,1,1,0,0,0,rbpg-7aae22b49a7d572c2348b241,rbpg-7aae22b49a7d572c2348b241,rbpg-exec-5d1bcb11ee7a4d89bf15f068dca853f2,1133:train:d151_u8,3d50ff8eec5144e8e53ad99a78c9fd83,1,1,0,clean,0,ok,"{""service"": ""deterministic_policy_gated_stub"", ""status"": ""executed"", ""record_id"": ""train:d151_u8"", ""safety"": ""ok""}",0,0,0.0,0.0004000012268079445,0.00019999970390927047,0.008799999704933725,0.002999999196617864,0.014600000213249587
1134,1134,train:d151_u9,,,,,,always,3,1,1,0,0,0,rbpg-7aae22b49a7d572c2348b241,rbpg-7aae22b49a7d572c2348b241,rbpg-exec-5d1bcb11ee7a4d89bf15f068dca853f2,1134:train:d151_u9,5fc85f6f2380da7183ae3112ba3fe3a4,1,1,0,clean,0,ok,"{""service"": ""deterministic_policy_gated_stub"", ""status"": ""executed"", ""record_id"": ""train:d151_u9"", ""safety"": ""ok""}",0,0,0.0,0.00039999940781854093,0.000100000761449337,0.008699998943484388,0.003099999958067201,0.014600000213249587
