row_index,utterance_id,label,split,Dialogue_ID,Utterance_ID,policy_mode,seed,action_before_fault,action,action_flip_fault_injected,unauthorized_invoke_fault_injected,fault_injected,authorized_to_generate,generation_invoked,unauthorized_invocation,response_safety,response_json,state_exists,state_size_bytes,state_loading_ms,policy_inference_ms,gating_ms,generation_stub_ms,logging_ms,total_latency_ms
0,d0_u0,neutral,train,0,0,bc,3,1,1,0,0,0,1,1,0,ok,"{""sentences"": [""I hear you."", ""We can pause here for a moment.""], ""safety"": ""ok""}",1,2176,1.1528000004545902,0.002499999936844688,0.0002999995558639057,0.017500000467407517,0.02029999996011611,1.1992999998255982
1,d0_u1,neutral,train,0,1,bc,3,1,1,0,0,0,1,1,0,ok,"{""sentences"": [""I hear you."", ""We can pause here for a moment.""], ""safety"": ""ok""}",1,2176,0.994199999695411,0.0013999997463542968,0.00019999970390927047,0.010799999472510535,0.004300000000512227,1.0154999999940628
2,d0_u2,neutral,train,0,2,bc,3,1,1,0,0,0,1,1,0,ok,"{""sentences"": [""I hear you."", ""We can pause here for a moment.""], ""safety"": ""ok""}",1,2176,0.8004000001164968,0.0012999998943996616,0.0002999995558639057,0.009999999747378752,0.004200000148557592,0.8203999996112543
3,d0_u3,neutral,train,0,3,bc,3,1,1,0,0,0,1,1,0,ok,"{""sentences"": [""I hear you."", ""We can pause here for a moment.""], ""safety"": ""ok""}",1,2176,0.8072999999058084,0.0012999998943996616,0.00019999970390927047,0.009899999895424116,0.00399999953515362,0.826799999231298
4,d0_u5,neutral,train,0,5,bc,3,1,1,0,0,0,1,1,0,ok,"{""sentences"": [""I hear you."", ""We can pause here for a moment.""], ""safety"": ""ok""}",1,2176,0.768699999753153,0.0012999998943996616,0.00019999970390927047,0.009800000043469481,0.0038999996831989847,0.7879999993747333
5,d0_u6,neutral,train,0,6,bc,3,1,1,0,0,0,1,1,0,ok,"{""sentences"": [""I hear you."", ""We can pause here for a moment.""], ""safety"": ""ok""}",1,2176,0.8168000003934139,0.0012999998943996616,0.00020000061340397224,0.009800000043469481,0.004000000444648322,0.8361999998669489
6,d0_u7,neutral,train,0,7,bc,3,1,1,0,0,0,1,1,0,ok,"{""sentences"": [""I hear you."", ""We can pause here for a moment.""], ""safety"": ""ok""}",1,2176,0.79600000026403,0.0013999997463542968,0.00019999970390927047,0.009700000191514846,0.0038000007407390513,0.815100000181701
7,d0_u8,neutral,train,0,8,bc,3,1,1,0,0,0,1,1,0,ok,"{""sentences"": [""I hear you."", ""We can pause here for a moment.""], ""safety"": ""ok""}",1,2176,0.7643999997526407,0.0012999998943996616,0.00019999970390927047,0.009999999747378752,0.0039000005926936865,0.783899999987625
8,d0_u9,neutral,train,0,9,bc,3,1,1,0,0,0,1,1,0,ok,"{""sentences"": [""I hear you."", ""We can pause here for a moment.""], ""safety"": ""ok""}",1,2176,0.9556000004522502,0.0012999998943996616,0.00020000061340397224,0.010400000064691994,0.004300000000512227,0.9763999996721395
9,d0_u11,neutral,train,0,11,bc,3,1,1,0,0,0,1,1,0,ok,"{""sentences"": [""I hear you."", ""We can pause here for a moment.""], ""safety"": ""ok""}",1,2176,0.949899999795889,0.0014000006558489986,0.00019999970390927047,0.0106999996205559,0.004200000148557592,0.9708999996291823
10,d0_u13,neutral,train,0,13,bc,3,1,1,0,0,0,1,1,0,ok,"{""sentences"": [""I hear you."", ""We can pause here for a moment.""], ""safety"": ""ok""}",1,2176,0.8504999996148399,0.0013000008038943633,0.00020000061340397224,0.010200000360782724,0.00399999953515362,0.8701999995537335
11,d1_u1,sad,train,1,1,bc,3,1,1,0,0,0,1,1,0,ok,"{""sentences"": [""I hear you."", ""We can pause here for a moment.""], ""safety"": ""ok""}",1,2176,0.8785999998508487,0.0012999998943996616,0.00019999970390927047,0.009899999895424116,0.0036999999792897142,0.8976999997685198
12,d1_u4,neutral,train,1,4,bc,3,1,1,0,0,0,1,1,0,ok,"{""sentences"": [""I hear you."", ""We can pause here for a moment.""], ""safety"": ""ok""}",1,2176,0.77780000083294,0.0012999998943996616,0.00019999970390927047,0.009899999895424116,0.0039000005926936865,0.7973000001584296
13,d1_u5,neutral,train,1,5,bc,3,1,1,0,0,0,1,1,0,ok,"{""sentences"": [""I hear you."", ""We can pause here for a moment.""], ""safety"": ""ok""}",1,2176,0.813900000139256,0.0012999998943996616,0.00020000061340397224,0.009899999895424116,0.004000000444648322,0.8334999993167003
14,d1_u8,neutral,train,1,8,bc,3,1,1,0,0,0,1,1,0,ok,"{""sentences"": [""I hear you."", ""We can pause here for a moment.""], ""safety"": ""ok""}",1,2176,1.0182999994867714,0.0015000005078036338,9.999985195463523e-05,0.0106999996205559,0.004399999852466863,1.039600000694918
15,d2_u0,neutral,train,2,0,bc,3,1,1,0,0,0,1,1,0,ok,"{""sentences"": [""I hear you."", ""We can pause here for a moment.""], ""safety"": ""ok""}",1,2176,0.9571000000505592,0.001499999598308932,0.00019999970390927047,0.012200000128359534,0.004900000021734741,0.9811999998419196
16,d2_u1,neutral,train,2,1,bc,3,1,1,0,0,0,1,1,0,ok,"{""sentences"": [""I hear you."", ""We can pause here for a moment.""], ""safety"": ""ok""}",1,2176,0.9190000000671716,0.0013999997463542968,0.00019999970390927047,0.0106999996205559,0.004200000148557592,0.9399000000485103
17,d2_u2,happy,train,2,2,bc,3,1,1,0,0,0,1,1,0,ok,"{""sentences"": [""I hear you."", ""We can pause here for a moment.""], ""safety"": ""ok""}",1,2176,0.7907999997769366,0.0013999997463542968,0.00019999970390927047,0.01049999991664663,0.004099999387108255,0.811299999440962
18,d2_u3,sad,train,2,3,bc,3,1,1,0,0,0,1,1,0,ok,"{""sentences"": [""I hear you."", ""We can pause here for a moment.""], ""safety"": ""ok""}",1,2176,0.860600000123668,0.001600000359758269,0.0002999995558639057,0.011300000551273115,0.004300000000512227,0.8830999995552702
19,d2_u5,neutral,train,2,5,bc,3,1,1,0,0,0,1,1,0,ok,"{""sentences"": [""I hear you."", ""We can pause here for a moment.""], ""safety"": ""ok""}",1,2176,0.738900000214926,0.0015000005078036338,0.00019999970390927047,0.010900000233959872,0.004300000000512227,0.7605000000694417
20,d2_u7,sad,train,2,7,bc,3,1,1,0,0,0,1,1,0,ok,"{""sentences"": [""I hear you."", ""We can pause here for a moment.""], ""safety"": ""ok""}",1,2176,0.7110000005923212,0.0013999997463542968,0.00020000061340397224,0.010900000233959872,0.004100000296602957,0.7322999999814783
21,d2_u8,neutral,train,2,8,bc,3,1,1,0,0,0,1,1,0,ok,"{""sentences"": [""I hear you."", ""We can pause here for a moment.""], ""safety"": ""ok""}",1,2176,0.9249999993699021,0.0016999993022182025,0.00030000046535860747,0.02700000004551839,0.0045000006139162,0.9637000002840068
22,d2_u9,neutral,train,2,9,bc,3,1,1,0,0,0,1,1,0,ok,"{""sentences"": [""I hear you."", ""We can pause here for a moment.""], ""safety"": ""ok""}",1,2176,1.0154000001421082,0.001499999598308932,0.00019999970390927047,0.011699999959091656,0.004399999852466863,1.0381000001871143
23,d2_u10,happy,train,2,10,bc,3,1,1,0,0,0,1,1,0,ok,"{""sentences"": [""I hear you."", ""We can pause here for a moment.""], ""safety"": ""ok""}",1,2176,0.9285000005547772,0.0018000000636675395,0.00020000061340397224,0.012900000001536682,0.0052999994295532815,0.9536999996271334
24,d2_u11,neutral,train,2,11,bc,3,1,1,0,0,0,1,1,0,ok,"{""sentences"": [""I hear you."", ""We can pause here for a moment.""], ""safety"": ""ok""}",1,2176,1.1204000002180692,0.0057999995988211595,0.00019999970390927047,0.030199999855540227,0.010400000064691994,1.1762999993152334
25,d2_u12,happy,train,2,12,bc,3,1,1,0,0,0,1,1,0,ok,"{""sentences"": [""I hear you."", ""We can pause here for a moment.""], ""safety"": ""ok""}",1,2176,1.402599999892118,0.0021999994714860804,0.00019999970390927047,0.014899999769113492,0.005399999281507917,1.4314000000013039
26,d3_u3,neutral,train,3,3,bc,3,1,1,0,0,0,1,1,0,ok,"{""sentences"": [""I hear you."", ""We can pause here for a moment.""], ""safety"": ""ok""}",1,2176,0.9424999998373096,0.001499999598308932,0.00019999970390927047,0.011999999514955562,0.004600000465870835,0.9658999997554929
27,d3_u4,neutral,train,3,4,bc,3,1,1,0,0,0,1,1,0,ok,"{""sentences"": [""I hear you."", ""We can pause here for a moment.""], ""safety"": ""ok""}",1,2176,0.7989999994606478,0.0012999998943996616,0.00020000061340397224,0.01049999991664663,0.004300000000512227,0.8197000006475719
28,d3_u5,neutral,train,3,5,bc,3,1,1,0,0,0,1,1,0,ok,"{""sentences"": [""I hear you."", ""We can pause here for a moment.""], ""safety"": ""ok""}",1,2176,0.7103999996616039,0.0014000006558489986,0.00019999970390927047,0.010400000064691994,0.00419999923906289,0.7308000003831694
29,d3_u8,sad,train,3,8,bc,3,1,1,0,0,0,1,1,0,ok,"{""sentences"": [""I hear you."", ""We can pause here for a moment.""], ""safety"": ""ok""}",1,2176,0.7408000001305481,0.0013999997463542968,0.00019999970390927047,0.010599999768601265,0.004100000296602957,0.7612999997945735
30,d3_u9,neutral,train,3,9,bc,3,1,1,0,0,0,1,1,0,ok,"{""sentences"": [""I hear you."", ""We can pause here for a moment.""], ""safety"": ""ok""}",1,2176,0.8445000003121095,0.0018000000636675395,0.00019999970390927047,0.012800000149582047,0.005199999577598646,0.8696999993844656
31,d4_u1,happy,train,4,1,bc,3,1,1,0,0,0,1,1,0,ok,"{""sentences"": [""I hear you."", ""We can pause here for a moment.""], ""safety"": ""ok""}",1,2176,1.1288999994576443,0.00199999976757681,0.00019999970390927047,0.0152000002344721,0.005199999577598646,1.1574000000109663
32,d4_u3,neutral,train,4,3,bc,3,1,1,0,0,0,1,1,0,ok,"{""sentences"": [""I hear you."", ""We can pause here for a moment.""], ""safety"": ""ok""}",1,2176,1.224700000420853,0.001499999598308932,0.00019999970390927047,0.012299999980314169,0.004499999704421498,1.247999999577587
33,d4_u4,neutral,train,4,4,bc,3,1,1,0,0,0,1,1,0,ok,"{""sentences"": [""I hear you."", ""We can pause here for a moment.""], ""safety"": ""ok""}",1,2176,0.7584000004499103,0.0012999998943996616,0.00019999970390927047,0.010700000530050602,0.004300000000512227,0.7796999998390675
34,d4_u5,neutral,train,4,5,bc,3,1,1,0,0,0,1,1,0,ok,"{""sentences"": [""I hear you."", ""We can pause here for a moment.""], ""safety"": ""ok""}",1,2176,0.6829999992987723,0.0012999998943996616,0.00019999970390927047,0.010599999768601265,0.004100000296602957,0.7034000000203378
35,d4_u6,neutral,train,4,6,bc,3,1,1,0,0,0,1,1,0,ok,"{""sentences"": [""I hear you."", ""We can pause here for a moment.""], ""safety"": ""ok""}",1,2176,0.6708999999318621,0.0012999998943996616,0.00019999970390927047,0.010400000064691994,0.004100000296602957,0.6912999997439329
36,d4_u7,neutral,train,4,7,bc,3,1,1,0,0,0,1,1,0,ok,"{""sentences"": [""I hear you."", ""We can pause here for a moment.""], ""safety"": ""ok""}",1,2176,0.6748000005245558,0.0013999997463542968,0.00019999970390927047,0.010400000064691994,0.00399999953515362,0.6948999998712679
37,d4_u8,happy,train,4,8,bc,3,1,1,0,0,0,1,1,0,ok,"{""sentences"": [""I hear you."", ""We can pause here for a moment.""], ""safety"": ""ok""}",1,2176,0.7169999998950516,0.0013999997463542968,0.00019999970390927047,0.01049999991664663,0.004100000296602957,0.7373999997071223
38,d4_u9,happy,train,4,9,bc,3,1,1,0,0,0,1,1,0,ok,"{""sentences"": [""I hear you."", ""We can pause here for a moment.""], ""safety"": ""ok""}",1,2176,0.7292999998753658,0.0013999997463542968,0.00019999970390927047,0.01049999991664663,0.004200000148557592,0.7498999993913458
39,d4_u10,happy,train,4,10,bc,3,1,1,0,0,0,1,1,0,ok,"{""sentences"": [""I hear you."", ""We can pause here for a moment.""], ""safety"": ""ok""}",1,2176,1.057800000126008,0.015800000255694613,0.00019999970390927047,0.012399999832268804,0.00470000031782547,1.0963999993691687
40,d4_u11,sad,train,4,11,bc,3,1,1,0,0,0,1,1,0,ok,"{""sentences"": [""I hear you."", ""We can pause here for a moment.""], ""safety"": ""ok""}",1,2176,0.9975000002668821,0.0013999997463542968,0.00019999970390927047,0.011399999493733048,0.0045000006139162,1.0198999998465297
41,d4_u12,neutral,train,4,12,bc,3,1,1,0,0,0,1,1,0,ok,"{""sentences"": [""I hear you."", ""We can pause here for a moment.""], ""safety"": ""ok""}",1,2176,0.7707000004302245,0.001499999598308932,0.00019999970390927047,0.010599999768601265,0.004200000148557592,0.7915999995020684
42,d4_u13,neutral,train,4,13,bc,3,1,1,0,0,0,1,1,0,ok,"{""sentences"": [""I hear you."", ""We can pause here for a moment.""], ""safety"": ""ok""}",1,2176,0.7662999996682629,0.0013999997463542968,0.00020000061340397224,0.01049999991664663,0.004200000148557592,0.786800000241783
43,d4_u14,neutral,train,4,14,bc,3,1,1,0,0,0,1,1,0,ok,"{""sentences"": [""I hear you."", ""We can pause here for a moment.""], ""safety"": ""ok""}",1,2176,0.7488999999623047,0.0012999998943996616,0.00019999970390927047,0.0106999996205559,0.004100000296602957,0.7693999996263301
44,d5_u0,neutral,train,5,0,bc,3,1,1,0,0,0,1,1,0,ok,"{""sentences"": [""I hear you."", ""We can pause here for a moment.""], ""safety"": ""ok""}",1,2176,0.7496999996874365,0.0014000006558489986,0.00019999970390927047,0.010799999472510535,0.004300000000512227,0.7711000007475377
45,d5_u1,neutral,train,5,1,bc,3,1,1,0,0,0,1,1,0,ok,"{""sentences"": [""I hear you."", ""We can pause here for a moment.""], ""safety"": ""ok""}",1,2176,0.6997999998930027,0.0014000006558489986,0.00019999970390927047,0.010900000233959872,0.004300000000512227,0.7213999997475185
46,d5_u2,neutral,train,5,2,bc,3,1,1,0,0,0,1,1,0,ok,"{""sentences"": [""I hear you."", ""We can pause here for a moment.""], ""safety"": ""ok""}",1,2176,0.7069999992381781,0.0014000006558489986,0.0002999995558639057,0.010799999472510535,0.004100000296602957,0.7279000001290115
47,d6_u0,happy,train,6,0,bc,3,1,1,0,0,0,1,1,0,ok,"{""sentences"": [""I hear you."", ""We can pause here for a moment.""], ""safety"": ""ok""}",1,2176,0.8829999997033156,0.001600000359758269,0.00020000061340397224,0.03569999989849748,0.005500000042957254,0.930599999264814
48,d6_u2,happy,train,6,2,bc,3,1,1,0,0,0,1,1,0,ok,"{""sentences"": [""I hear you."", ""We can pause here for a moment.""], ""safety"": ""ok""}",1,2176,1.129199999923003,0.001499999598308932,0.00019999970390927047,0.011799999811046291,0.005000000783184078,1.1528000004545902
49,d6_u3,neutral,train,6,3,bc,3,1,1,0,0,0,1,1,0,ok,"{""sentences"": [""I hear you."", ""We can pause here for a moment.""], ""safety"": ""ok""}",1,2176,0.7417999995595892,0.0015000005078036338,0.00019999970390927047,0.010800000382005237,0.004300000000512227,0.7630999998582411
50,d6_u4,neutral,train,6,4,bc,3,1,1,0,0,0,1,1,0,ok,"{""sentences"": [""I hear you."", ""We can pause here for a moment.""], ""safety"": ""ok""}",1,2176,0.7869000000937376,0.0015000005078036338,0.00019999970390927047,0.011000000085914508,0.004200000148557592,0.808599999800208
51,d6_u5,angry,train,6,5,bc,3,1,1,0,0,0,1,1,0,ok,"{""sentences"": [""I hear you."", ""We can pause here for a moment.""], ""safety"": ""ok""}",1,2176,0.7109000007403665,0.0012999998943996616,0.0002999995558639057,0.011000000085914508,0.004100000296602957,0.7320000004256144
52,d6_u6,happy,train,6,6,bc,3,1,1,0,0,0,1,1,0,ok,"{""sentences"": [""I hear you."", ""We can pause here for a moment.""], ""safety"": ""ok""}",1,2176,0.709100000676699,0.0012999998943996616,0.00019999970390927047,0.010599999768601265,0.004200000148557592,0.7298999998965883
53,d6_u7,neutral,train,6,7,bc,3,1,1,0,0,0,1,1,0,ok,"{""sentences"": [""I hear you."", ""We can pause here for a moment.""], ""safety"": ""ok""}",1,2176,0.6849000001238892,0.0012999998943996616,0.00019999970390927047,0.010700000530050602,0.004100000296602957,0.7057000002532732
54,d6_u9,angry,train,6,9,bc,3,1,1,0,0,0,1,1,0,ok,"{""sentences"": [""I hear you."", ""We can pause here for a moment.""], ""safety"": ""ok""}",1,2176,0.6953000001885812,0.0012999998943996616,0.00020000061340397224,0.01049999991664663,0.004300000000512227,0.7159000006140559
55,d6_u10,angry,train,6,10,bc,3,1,1,0,0,0,1,1,0,ok,"{""sentences"": [""I hear you."", ""We can pause here for a moment.""], ""safety"": ""ok""}",1,2176,0.6838999997853534,0.0015000005078036338,0.00019999970390927047,0.01049999991664663,0.02500000027794158,0.7255000000441214
56,d6_u11,angry,train,6,11,bc,3,1,1,0,0,0,1,1,0,ok,"{""sentences"": [""I hear you."", ""We can pause here for a moment.""], ""safety"": ""ok""}",1,2176,0.9166999998342362,0.0014000006558489986,0.00019999970390927047,0.011299999641778413,0.004799999260285404,0.9392000001753331
57,d6_u12,neutral,train,6,12,bc,3,1,1,0,0,0,1,1,0,ok,"{""sentences"": [""I hear you."", ""We can pause here for a moment.""], ""safety"": ""ok""}",1,2176,0.8170000000973232,0.0015000005078036338,0.00019999970390927047,0.011199999789823778,0.004300000000512227,0.838800000565243
58,d6_u13,neutral,train,6,13,bc,3,1,1,0,0,0,1,1,0,ok,"{""sentences"": [""I hear you."", ""We can pause here for a moment.""], ""safety"": ""ok""}",1,2176,0.7806000003256486,0.0013999997463542968,0.00019999970390927047,0.010900000233959872,0.004200000148557592,0.8017000000108965
59,d6_u14,sad,train,6,14,bc,3,1,1,0,0,0,1,1,0,ok,"{""sentences"": [""I hear you."", ""We can pause here for a moment.""], ""safety"": ""ok""}",1,2176,0.8404999998674612,0.0017000002117129043,0.0002999995558639057,0.012900000001536682,0.005100000635138713,0.8658000006107613
60,d6_u15,sad,train,6,15,bc,3,1,1,0,0,0,1,1,0,ok,"{""sentences"": [""I hear you."", ""We can pause here for a moment.""], ""safety"": ""ok""}",1,2176,0.8246999996117665,0.0018000000636675395,0.00020000061340397224,0.011300000551273115,0.004399999852466863,0.8468999994875048
61,d6_u16,sad,train,6,16,bc,3,1,1,0,0,0,1,1,0,ok,"{""sentences"": [""I hear you."", ""We can pause here for a moment.""], ""safety"": ""ok""}",1,2176,0.7810999995854218,0.0014000006558489986,0.00019999970390927047,0.011000000085914508,0.004300000000512227,0.8026999994399375
62,d6_u18,angry,train,6,18,bc,3,1,1,0,0,0,1,1,0,ok,"{""sentences"": [""I hear you."", ""We can pause here for a moment.""], ""safety"": ""ok""}",1,2176,0.7070999999996275,0.0013999997463542968,0.00020000061340397224,0.011000000085914508,0.004000000444648322,0.7280999998329207
63,d6_u19,angry,train,6,19,bc,3,1,1,0,0,0,1,1,0,ok,"{""sentences"": [""I hear you."", ""We can pause here for a moment.""], ""safety"": ""ok""}",1,2176,0.685699999849021,0.0013999997463542968,0.00020000061340397224,0.010800000382005237,0.00399999953515362,0.7063999992169556
64,d6_u20,angry,train,6,20,bc,3,1,1,0,0,0,1,1,0,ok,"{""sentences"": [""I hear you."", ""We can pause here for a moment.""], ""safety"": ""ok""}",1,2176,0.8952999996836297,0.01900000006571645,0.00019999970390927047,0.011599999197642319,0.004399999852466863,0.9351999997306848
65,d6_u21,angry,train,6,21,bc,3,1,1,0,0,0,1,1,0,ok,"{""sentences"": [""I hear you."", ""We can pause here for a moment.""], ""safety"": ""ok""}",1,2176,0.7532999998147716,0.0014000006558489986,0.00019999970390927047,0.011099999937869143,0.004399999852466863,0.7750000004307367
66,d7_u0,neutral,train,7,0,bc,3,1,1,0,0,0,1,1,0,ok,"{""sentences"": [""I hear you."", ""We can pause here for a moment.""], ""safety"": ""ok""}",1,2176,0.7211000001916545,0.0013999997463542968,0.00020000061340397224,0.010599999768601265,0.004100000296602957,0.7416999997076346
67,d7_u1,angry,train,7,1,bc,3,1,1,0,0,0,1,1,0,ok,"{""sentences"": [""I hear you."", ""We can pause here for a moment.""], ""safety"": ""ok""}",1,2176,0.7092999994711136,0.0015000005078036338,0.00019999970390927047,0.010799999472510535,0.004000000444648322,0.7301999994524522
68,d8_u0,neutral,train,8,0,bc,3,1,1,0,0,0,1,1,0,ok,"{""sentences"": [""I hear you."", ""We can pause here for a moment.""], ""safety"": ""ok""}",1,2176,0.6892000001244014,0.0013999997463542968,0.00019999970390927047,0.01049999991664663,0.004200000148557592,0.7100000002537854
69,d8_u1,neutral,train,8,1,bc,3,1,1,0,0,0,1,1,0,ok,"{""sentences"": [""I hear you."", ""We can pause here for a moment.""], ""safety"": ""ok""}",1,2176,0.6927999993422418,0.0012999998943996616,0.00019999970390927047,0.010599999768601265,0.004099999387108255,0.7135000005291658
70,d8_u2,neutral,train,8,2,bc,3,1,1,0,0,0,1,1,0,ok,"{""sentences"": [""I hear you."", ""We can pause here for a moment.""], ""safety"": ""ok""}",1,2176,0.8582999998907326,0.0015000005078036338,0.00020000061340397224,0.012000000424450263,0.004800000169780105,0.8820000002742745
71,d8_u3,neutral,train,8,3,bc,3,1,1,0,0,0,1,1,0,ok,"{""sentences"": [""I hear you."", ""We can pause here for a moment.""], ""safety"": ""ok""}",1,2176,0.8554000005460694,0.0018000000636675395,0.00030000046535860747,0.013500000022759195,0.005099999725644011,0.8816999998089159
72,d8_u4,happy,train,8,4,bc,3,1,1,0,0,0,1,1,0,ok,"{""sentences"": [""I hear you."", ""We can pause here for a moment.""], ""safety"": ""ok""}",1,2176,1.1180999999851338,0.015800000255694613,0.00019999970390927047,0.03219999962311704,0.026699999580159783,1.1977999993177946
73,d8_u5,neutral,train,8,5,bc,3,1,1,0,0,0,1,1,0,ok,"{""sentences"": [""I hear you."", ""We can pause here for a moment.""], ""safety"": ""ok""}",1,2176,0.7448999995176564,0.0013999997463542968,0.00020000061340397224,0.010600000678095967,0.011099999937869143,0.7728000000497559
74,d8_u6,happy,train,8,6,bc,3,1,1,0,0,0,1,1,0,ok,"{""sentences"": [""I hear you."", ""We can pause here for a moment.""], ""safety"": ""ok""}",1,2176,0.7315999991988065,0.0012999998943996616,0.00019999970390927047,0.010799999472510535,0.004300000000512227,0.7527000007030438
75,d9_u0,neutral,train,9,0,bc,3,1,1,0,0,0,1,1,0,ok,"{""sentences"": [""I hear you."", ""We can pause here for a moment.""], ""safety"": ""ok""}",1,2176,0.7002000002103159,0.0012999998943996616,0.00020000061340397224,0.010800000382005237,0.004200000148557592,0.7212000000436092
76,d9_u1,neutral,train,9,1,bc,3,1,1,0,0,0,1,1,0,ok,"{""sentences"": [""I hear you."", ""We can pause here for a moment.""], ""safety"": ""ok""}",1,2176,0.715499999387248,0.0013999997463542968,0.00019999970390927047,0.010900000233959872,0.004300000000512227,0.7368999995378545
77,d9_u2,neutral,train,9,2,bc,3,1,1,0,0,0,1,1,0,ok,"{""sentences"": [""I hear you."", ""We can pause here for a moment.""], ""safety"": ""ok""}",1,2176,0.7337999995797873,0.0012999998943996616,0.00019999970390927047,0.010600000678095967,0.004099999387108255,0.754600000618666
78,d9_u3,happy,train,9,3,bc,3,1,1,0,0,0,1,1,0,ok,"{""sentences"": [""I hear you."", ""We can pause here for a moment.""], ""safety"": ""ok""}",1,2176,0.6855000001451117,0.0012000000424450263,0.00020000061340397224,0.01049999991664663,0.004300000000512227,0.7063000002744957
79,d9_u4,neutral,train,9,4,bc,3,1,1,0,0,0,1,1,0,ok,"{""sentences"": [""I hear you."", ""We can pause here for a moment.""], ""safety"": ""ok""}",1,2176,0.7229000002553221,0.0013999997463542968,0.00020000061340397224,0.01049999991664663,0.004100000296602957,0.7433000000673928
80,d9_u5,neutral,train,9,5,bc,3,1,1,0,0,0,1,1,0,ok,"{""sentences"": [""I hear you."", ""We can pause here for a moment.""], ""safety"": ""ok""}",1,2176,0.6811000002926448,0.0012999998943996616,0.00019999970390927047,0.010400000064691994,0.004200000148557592,0.7015999999566702
81,d9_u6,neutral,train,9,6,bc,3,1,1,0,0,0,1,1,0,ok,"{""sentences"": [""I hear you."", ""We can pause here for a moment.""], ""safety"": ""ok""}",1,2176,0.8453999998891959,0.001499999598308932,0.0002999995558639057,0.012200000128359534,0.004699999408330768,0.8914000000004307
82,d9_u7,neutral,train,9,7,bc,3,1,1,0,0,0,1,1,0,ok,"{""sentences"": [""I hear you."", ""We can pause here for a moment.""], ""safety"": ""ok""}",1,2176,0.7637999997314182,0.0013999997463542968,0.00019999970390927047,0.011199999789823778,0.004399999852466863,0.7854999994378886
83,d9_u8,neutral,train,9,8,bc,3,1,1,0,0,0,1,1,0,ok,"{""sentences"": [""I hear you."", ""We can pause here for a moment.""], ""safety"": ""ok""}",1,2176,0.7900000000518048,0.0013999997463542968,0.00020000061340397224,0.010900000233959872,0.004100000296602957,0.8109999998850981
84,d9_u9,happy,train,9,9,bc,3,1,1,0,0,0,1,1,0,ok,"{""sentences"": [""I hear you."", ""We can pause here for a moment.""], ""safety"": ""ok""}",1,2176,0.7307999994736747,0.0013999997463542968,0.00030000046535860747,0.010900000233959872,0.004100000296602957,0.7519000000684173
85,d9_u10,neutral,train,9,10,bc,3,1,1,0,0,0,1,1,0,ok,"{""sentences"": [""I hear you."", ""We can pause here for a moment.""], ""safety"": ""ok""}",1,2176,0.7064000001264503,0.0013999997463542968,0.00019999970390927047,0.011099999937869143,0.004300000000512227,0.7277999993675621
86,d9_u11,neutral,train,9,11,bc,3,1,1,0,0,0,1,1,0,ok,"{""sentences"": [""I hear you."", ""We can pause here for a moment.""], ""safety"": ""ok""}",1,2176,0.7250999997268082,0.0014000006558489986,0.00030000046535860747,0.010599999768601265,0.004200000148557592,0.7458999998561922
87,d9_u13,angry,train,9,13,bc,3,1,1,0,0,0,1,1,0,ok,"{""sentences"": [""I hear you."", ""We can pause here for a moment.""], ""safety"": ""ok""}",1,2176,0.6933000004210044,0.0012999998943996616,0.00020000061340397224,0.0106999996205559,0.004100000296602957,0.7138999999369844
88,d10_u0,angry,train,10,0,bc,3,1,1,0,0,0,1,1,0,ok,"{""sentences"": [""I hear you."", ""We can pause here for a moment.""], ""safety"": ""ok""}",1,2176,0.6858999995529302,0.0015000005078036338,0.00019999970390927047,0.010700000530050602,0.004100000296602957,0.7065999998303596
89,d10_u1,angry,train,10,1,bc,3,1,1,0,0,0,1,1,0,ok,"{""sentences"": [""I hear you."", ""We can pause here for a moment.""], ""safety"": ""ok""}",1,2176,0.6862000000182888,0.0014000006558489986,0.00020000061340397224,0.010700000530050602,0.00399999953515362,0.7068000004437636
90,d10_u2,angry,train,10,2,bc,3,1,1,0,0,0,1,1,0,ok,"{""sentences"": [""I hear you."", ""We can pause here for a moment.""], ""safety"": ""ok""}",1,2176,0.7610000002387096,0.001600000359758269,0.00019999970390927047,0.012399999832268804,0.019799999790848233,0.8002000004125875
91,d10_u3,angry,train,10,3,bc,3,1,1,0,0,0,1,1,0,ok,"{""sentences"": [""I hear you."", ""We can pause here for a moment.""], ""safety"": ""ok""}",1,2176,0.8287999999083695,0.0013999997463542968,0.00020000061340397224,0.010800000382005237,0.004200000148557592,0.8498999995936174
92,d10_u4,angry,train,10,4,bc,3,1,1,0,0,0,1,1,0,ok,"{""sentences"": [""I hear you."", ""We can pause here for a moment.""], ""safety"": ""ok""}",1,2176,0.7065999998303596,0.0014000006558489986,0.00019999970390927047,0.01089999932446517,0.004300000000512227,0.7279999999809661
93,d10_u5,neutral,train,10,5,bc,3,1,1,0,0,0,1,1,0,ok,"{""sentences"": [""I hear you."", ""We can pause here for a moment.""], ""safety"": ""ok""}",1,2176,0.7065999998303596,0.0013999997463542968,0.00019999970390927047,0.010800000382005237,0.004200000148557592,0.7276999995156075
94,d11_u0,neutral,train,11,0,bc,3,1,1,0,0,0,1,1,0,ok,"{""sentences"": [""I hear you."", ""We can pause here for a moment.""], ""safety"": ""ok""}",1,2176,0.7068000004437636,0.0012999998943996616,0.00019999970390927047,0.010400000064691994,0.00399999953515362,0.727099999494385
95,d11_u1,angry,train,11,1,bc,3,1,1,0,0,0,1,1,0,ok,"{""sentences"": [""I hear you."", ""We can pause here for a moment.""], ""safety"": ""ok""}",1,2176,0.6942999998500454,0.0012999998943996616,0.00020000061340397224,0.010700000530050602,0.004100000296602957,0.7150000001274748
96,d11_u2,neutral,train,11,2,bc,3,1,1,0,0,0,1,1,0,ok,"{""sentences"": [""I hear you."", ""We can pause here for a moment.""], ""safety"": ""ok""}",1,2176,0.6886000001031789,0.0012999998943996616,0.00019999970390927047,0.010700000530050602,0.004100000296602957,0.709100000676699
97,d11_u3,happy,train,11,3,bc,3,1,1,0,0,0,1,1,0,ok,"{""sentences"": [""I hear you."", ""We can pause here for a moment.""], ""safety"": ""ok""}",1,2176,0.684200000250712,0.0012999998943996616,0.00020000061340397224,0.010599999768601265,0.00419999923906289,0.7049000005281414
98,d11_u4,neutral,train,11,4,bc,3,1,1,0,0,0,1,1,0,ok,"{""sentences"": [""I hear you."", ""We can pause here for a moment.""], ""safety"": ""ok""}",1,2176,0.689299999976356,0.0013999997463542968,0.00020000061340397224,0.010800000382005237,0.004100000296602957,0.7100000002537854
99,d11_u5,neutral,train,11,5,bc,3,1,1,0,0,0,1,1,0,ok,"{""sentences"": [""I hear you."", ""We can pause here for a moment.""], ""safety"": ""ok""}",1,2176,0.685499999235617,0.0014000006558489986,0.00019999970390927047,0.0106999996205559,0.004100000296602957,0.7063000002744957
100,d11_u6,happy,train,11,6,bc,3,1,1,0,0,0,1,1,0,ok,"{""sentences"": [""I hear you."", ""We can pause here for a moment.""], ""safety"": ""ok""}",1,2176,0.7494000001315726,0.0013999997463542968,0.0002999995558639057,0.010599999768601265,0.004000000444648322,0.7699999996475526
101,d11_u7,happy,train,11,7,bc,3,1,1,0,0,0,1,1,0,ok,"{""sentences"": [""I hear you."", ""We can pause here for a moment.""], ""safety"": ""ok""}",1,2176,0.6851999996797531,0.0012999998943996616,0.00020000061340397224,0.01049999991664663,0.004000000444648322,0.7056000004013185
102,d11_u8,happy,train,11,8,bc,3,1,1,0,0,0,1,1,0,ok,"{""sentences"": [""I hear you."", ""We can pause here for a moment.""], ""safety"": ""ok""}",1,2176,0.6821999995736405,0.0012999998943996616,0.00019999970390927047,0.0106999996205559,0.004300000000512227,0.7029000007605646
103,d11_u9,happy,train,11,9,bc,3,1,1,0,0,0,1,1,0,ok,"{""sentences"": [""I hear you."", ""We can pause here for a moment.""], ""safety"": ""ok""}",1,2176,0.6896000004417147,0.0012999998943996616,0.00019999970390927047,0.010599999768601265,0.004000000444648322,0.7101999999576947
104,d12_u0,neutral,train,12,0,bc,3,1,1,0,0,0,1,1,0,ok,"{""sentences"": [""I hear you."", ""We can pause here for a moment.""], ""safety"": ""ok""}",1,2176,0.7048999996186467,0.0012999998943996616,0.0002999995558639057,0.010599999768601265,0.004300000000512227,0.7257000006575254
105,d12_u1,happy,train,12,1,bc,3,1,1,0,0,0,1,1,0,ok,"{""sentences"": [""I hear you."", ""We can pause here for a moment.""], ""safety"": ""ok""}",1,2176,0.6832999997641309,0.0013999997463542968,0.00020000061340397224,0.01049999991664663,0.004099999387108255,0.7038999992801109
106,d12_u5,neutral,train,12,5,bc,3,1,1,0,0,0,1,1,0,ok,"{""sentences"": [""I hear you."", ""We can pause here for a moment.""], ""safety"": ""ok""}",1,2176,0.6894999996802653,0.0013000008038943633,0.00019999970390927047,0.010700000530050602,0.004100000296602957,0.7102999998096493
107,d12_u7,neutral,train,12,7,bc,3,1,1,0,0,0,1,1,0,ok,"{""sentences"": [""I hear you."", ""We can pause here for a moment.""], ""safety"": ""ok""}",1,2176,0.6858000006104703,0.0013999997463542968,0.00019999970390927047,0.010799999472510535,0.004099999387108255,0.7066999996823142
108,d12_u11,angry,train,12,11,bc,3,1,1,0,0,0,1,1,0,ok,"{""sentences"": [""I hear you."", ""We can pause here for a moment.""], ""safety"": ""ok""}",1,2176,0.6811000002926448,0.0013999997463542968,0.00019999970390927047,0.010599999768601265,0.004200000148557592,0.7017999996605795
109,d13_u0,happy,train,13,0,bc,3,1,1,0,0,0,1,1,0,ok,"{""sentences"": [""I hear you."", ""We can pause here for a moment.""], ""safety"": ""ok""}",1,2176,0.6925999996383325,0.0013999997463542968,0.00019999970390927047,0.010599999768601265,0.004300000000512227,0.7134999996196711
110,d13_u1,neutral,train,13,1,bc,3,1,1,0,0,0,1,1,0,ok,"{""sentences"": [""I hear you."", ""We can pause here for a moment.""], ""safety"": ""ok""}",1,2176,0.6883999994897749,0.0014000006558489986,0.00019999970390927047,0.010599999768601265,0.004200000148557592,0.7091999996191589
111,d13_u3,neutral,train,13,3,bc,3,1,1,0,0,0,1,1,0,ok,"{""sentences"": [""I hear you."", ""We can pause here for a moment.""], ""safety"": ""ok""}",1,2176,0.7055999994918238,0.001499999598308932,0.00030000046535860747,0.01049999991664663,0.004100000296602957,0.72589999945194
112,d14_u0,neutral,train,14,0,bc,3,1,1,0,0,0,1,1,0,ok,"{""sentences"": [""I hear you."", ""We can pause here for a moment.""], ""safety"": ""ok""}",1,2176,0.7141999994928483,0.0015999994502635673,0.0002999995558639057,0.011999999514955562,0.004599999556376133,0.7376999992629862
113,d14_u1,neutral,train,14,1,bc,3,1,1,0,0,0,1,1,0,ok,"{""sentences"": [""I hear you."", ""We can pause here for a moment.""], ""safety"": ""ok""}",1,2176,0.7308000003831694,0.0013999997463542968,0.0002999995558639057,0.011099999937869143,0.004200000148557592,0.7525000000896398
114,d14_u2,neutral,train,14,2,bc,3,1,1,0,0,0,1,1,0,ok,"{""sentences"": [""I hear you."", ""We can pause here for a moment.""], ""safety"": ""ok""}",1,2176,0.7525000000896398,0.0013999997463542968,0.00020000061340397224,0.011000000085914508,0.004399999852466863,0.7739999991827062
115,d14_u4,neutral,train,14,4,bc,3,1,1,0,0,0,1,1,0,ok,"{""sentences"": [""I hear you."", ""We can pause here for a moment.""], ""safety"": ""ok""}",1,2176,0.713000000359898,0.0012999998943996616,0.00019999970390927047,0.010599999768601265,0.004300000000512227,0.7339000003412366
116,d14_u5,neutral,train,14,5,bc,3,1,1,0,0,0,1,1,0,ok,"{""sentences"": [""I hear you."", ""We can pause here for a moment.""], ""safety"": ""ok""}",1,2176,0.6866000003356021,0.0013999997463542968,0.00019999970390927047,0.0106999996205559,0.004100000296602957,0.7072999997035367
117,d15_u0,angry,train,15,0,bc,3,1,1,0,0,0,1,1,0,ok,"{""sentences"": [""I hear you."", ""We can pause here for a moment.""], ""safety"": ""ok""}",1,2176,0.6961999997656676,0.0012999998943996616,0.00019999970390927047,0.010599999768601265,0.004100000296602957,0.716699999429693
118,d15_u1,neutral,train,15,1,bc,3,1,1,0,0,0,1,1,0,ok,"{""sentences"": [""I hear you."", ""We can pause here for a moment.""], ""safety"": ""ok""}",1,2176,0.7040999998935149,0.0013999997463542968,0.00019999970390927047,0.01049999991664663,0.004100000296602957,0.7249000000228989
119,d15_u2,neutral,train,15,2,bc,3,1,1,0,0,0,1,1,0,ok,"{""sentences"": [""I hear you."", ""We can pause here for a moment.""], ""safety"": ""ok""}",1,2176,0.6843999999546213,0.0013999997463542968,0.00030000046535860747,0.01049999991664663,0.004099999387108255,0.7052000000840053
120,d15_u3,sad,train,15,3,bc,3,1,1,0,0,0,1,1,0,ok,"{""sentences"": [""I hear you."", ""We can pause here for a moment.""], ""safety"": ""ok""}",1,2176,0.6959000002098037,0.0013999997463542968,0.00020000061340397224,0.010599999768601265,0.00419999923906289,0.7168000001911423
121,d15_u5,sad,train,15,5,bc,3,1,1,0,0,0,1,1,0,ok,"{""sentences"": [""I hear you."", ""We can pause here for a moment.""], ""safety"": ""ok""}",1,2176,0.6843999999546213,0.0014000006558489986,0.00019999970390927047,0.0106999996205559,0.004100000296602957,0.7052999999359599
122,d15_u6,angry,train,15,6,bc,3,1,1,0,0,0,1,1,0,ok,"{""sentences"": [""I hear you."", ""We can pause here for a moment.""], ""safety"": ""ok""}",1,2176,0.6864999995741528,0.0012999998943996616,0.00020000061340397224,0.010700000530050602,0.004200000148557592,0.7073000006130314
123,d15_u7,sad,train,15,7,bc,3,1,1,0,0,0,1,1,0,ok,"{""sentences"": [""I hear you."", ""We can pause here for a moment.""], ""safety"": ""ok""}",1,2176,0.6926000005478272,0.0013999997463542968,0.00019999970390927047,0.01049999991664663,0.004200000148557592,0.7132999999157619
124,d15_u8,neutral,train,15,8,bc,3,1,1,0,0,0,1,1,0,ok,"{""sentences"": [""I hear you."", ""We can pause here for a moment.""], ""safety"": ""ok""}",1,2176,0.6857000007585157,0.0013999997463542968,0.00019999970390927047,0.011199999789823778,0.004200000148557592,0.7070000001476728
125,d15_u9,sad,train,15,9,bc,3,1,1,0,0,0,1,1,0,ok,"{""sentences"": [""I hear you."", ""We can pause here for a moment.""], ""safety"": ""ok""}",1,2176,0.6945999994059093,0.0014000006558489986,0.00019999970390927047,0.01049999991664663,0.004200000148557592,0.7152999996833387
126,d15_u10,neutral,train,15,10,bc,3,1,1,0,0,0,1,1,0,ok,"{""sentences"": [""I hear you."", ""We can pause here for a moment.""], ""safety"": ""ok""}",1,2176,0.6993000006332295,0.0013999997463542968,0.00019999970390927047,0.01049999991664663,0.004200000148557592,0.7200000000011642
127,d15_u11,neutral,train,15,11,bc,3,1,1,0,0,0,1,1,0,ok,"{""sentences"": [""I hear you."", ""We can pause here for a moment.""], ""safety"": ""ok""}",1,2176,0.6828999994468177,0.0014000006558489986,0.00030000046535860747,0.010800000382005237,0.004200000148557592,0.7036999995762017
128,d15_u12,neutral,train,15,12,bc,3,1,1,0,0,0,1,1,0,ok,"{""sentences"": [""I hear you."", ""We can pause here for a moment.""], ""safety"": ""ok""}",1,2176,0.6896999993841746,0.0012999998943996616,0.00020000061340397224,0.010800000382005237,0.004200000148557592,0.7105000004230533
129,d15_u13,neutral,train,15,13,bc,3,1,1,0,0,0,1,1,0,ok,"{""sentences"": [""I hear you."", ""We can pause here for a moment.""], ""safety"": ""ok""}",1,2176,0.6855000001451117,0.0012999998943996616,0.00019999970390927047,0.010599999768601265,0.004100000296602957,0.7060999996610917
130,d15_u14,neutral,train,15,14,bc,3,1,1,0,0,0,1,1,0,ok,"{""sentences"": [""I hear you."", ""We can pause here for a moment.""], ""safety"": ""ok""}",1,2176,0.6831000000602216,0.0012999998943996616,0.00020000061340397224,0.0106999996205559,0.004099999387108255,0.7039000001896056
131,d15_u15,happy,train,15,15,bc,3,1,1,0,0,0,1,1,0,ok,"{""sentences"": [""I hear you."", ""We can pause here for a moment.""], ""safety"": ""ok""}",1,2176,0.6873000002087792,0.0013999997463542968,0.00020000061340397224,0.010599999768601265,0.004100000296602957,0.7078999997247593
132,d15_u16,angry,train,15,16,bc,3,1,1,0,0,0,1,1,0,ok,"{""sentences"": [""I hear you."", ""We can pause here for a moment.""], ""safety"": ""ok""}",1,2176,0.6823000003350899,0.0013999997463542968,0.00019999970390927047,0.010599999768601265,0.004100000296602957,0.7030999995549791
133,d15_u17,angry,train,15,17,bc,3,1,1,0,0,0,1,1,0,ok,"{""sentences"": [""I hear you."", ""We can pause here for a moment.""], ""safety"": ""ok""}",1,2176,0.6826999997429084,0.0013999997463542968,0.0002999995558639057,0.01049999991664663,0.004100000296602957,0.7031000004644739
134,d15_u18,angry,train,15,18,bc,3,1,1,0,0,0,1,1,0,ok,"{""sentences"": [""I hear you."", ""We can pause here for a moment.""], ""safety"": ""ok""}",1,2176,0.7027999999991152,0.0013999997463542968,0.00019999970390927047,0.010800000382005237,0.004100000296602957,0.7236000001284992
135,d15_u19,neutral,train,15,19,bc,3,1,1,0,0,0,1,1,0,ok,"{""sentences"": [""I hear you."", ""We can pause here for a moment.""], ""safety"": ""ok""}",1,2176,0.7915999995020684,0.0014000006558489986,0.00019999970390927047,0.011099999937869143,0.004399999852466863,0.8131999993565842
136,d15_u20,angry,train,15,20,bc,3,1,1,0,0,0,1,1,0,ok,"{""sentences"": [""I hear you."", ""We can pause here for a moment.""], ""safety"": ""ok""}",1,2176,0.7482000000891276,0.0015000005078036338,0.00019999970390927047,0.011000000085914508,0.004499999704421498,0.7699999996475526
137,d15_u21,happy,train,15,21,bc,3,1,1,0,0,0,1,1,0,ok,"{""sentences"": [""I hear you."", ""We can pause here for a moment.""], ""safety"": ""ok""}",1,2176,0.711599999704049,0.0014000006558489986,0.00019999970390927047,0.010599999768601265,0.004100000296602957,0.732399999833433
138,d15_u22,happy,train,15,22,bc,3,1,1,0,0,0,1,1,0,ok,"{""sentences"": [""I hear you."", ""We can pause here for a moment.""], ""safety"": ""ok""}",1,2176,0.7085999995979364,0.0013999997463542968,0.00020000061340397224,0.010700000530050602,0.004399999852466863,0.729700000192679
139,d16_u0,happy,train,16,0,bc,3,1,1,0,0,0,1,1,0,ok,"{""sentences"": [""I hear you."", ""We can pause here for a moment.""], ""safety"": ""ok""}",1,2176,0.6991000000198255,0.0013999997463542968,0.00019999970390927047,0.010500000826141331,0.004200000148557592,0.7196000005933456
140,d16_u1,happy,train,16,1,bc,3,1,1,0,0,0,1,1,0,ok,"{""sentences"": [""I hear you."", ""We can pause here for a moment.""], ""safety"": ""ok""}",1,2176,0.6843000001026667,0.0014000006558489986,0.00019999970390927047,0.010500000826141331,0.004099999387108255,0.705000000380096
141,d16_u4,neutral,train,16,4,bc,3,1,1,0,0,0,1,1,0,ok,"{""sentences"": [""I hear you."", ""We can pause here for a moment.""], ""safety"": ""ok""}",1,2176,0.7001000003583613,0.0013999997463542968,0.00020000061340397224,0.010599999768601265,0.004200000148557592,0.7208999995782506
142,d16_u5,neutral,train,16,5,bc,3,1,1,0,0,0,1,1,0,ok,"{""sentences"": [""I hear you."", ""We can pause here for a moment.""], ""safety"": ""ok""}",1,2176,0.6905999998707557,0.0012999998943996616,0.00019999970390927047,0.010599999768601265,0.004400000761961564,0.7114999998520943
143,d17_u0,angry,train,17,0,bc,3,1,1,0,0,0,1,1,0,ok,"{""sentences"": [""I hear you."", ""We can pause here for a moment.""], ""safety"": ""ok""}",1,2176,0.7119000001694076,0.0014000006558489986,0.00019999970390927047,0.01089999932446517,0.004300000000512227,0.7332000004680594
144,d17_u1,happy,train,17,1,bc,3,1,1,0,0,0,1,1,0,ok,"{""sentences"": [""I hear you."", ""We can pause here for a moment.""], ""safety"": ""ok""}",1,2176,0.7141999994928483,0.0013999997463542968,0.00020000061340397224,0.010599999768601265,0.00419999923906289,0.7351000003836816
145,d17_u2,neutral,train,17,2,bc,3,1,1,0,0,0,1,1,0,ok,"{""sentences"": [""I hear you."", ""We can pause here for a moment.""], ""safety"": ""ok""}",1,2176,0.6916000002092915,0.0013999997463542968,0.00020000061340397224,0.010599999768601265,0.00399999953515362,0.7120999998733168
146,d17_u3,neutral,train,17,3,bc,3,1,1,0,0,0,1,1,0,ok,"{""sentences"": [""I hear you."", ""We can pause here for a moment.""], ""safety"": ""ok""}",1,2176,0.6885000002512243,0.0013999997463542968,0.00019999970390927047,0.01049999991664663,0.004100000296602957,0.7091999996191589
147,d17_u5,neutral,train,17,5,bc,3,1,1,0,0,0,1,1,0,ok,"{""sentences"": [""I hear you."", ""We can pause here for a moment.""], ""safety"": ""ok""}",1,2176,0.685699999849021,0.001499999598308932,0.00030000046535860747,0.010599999768601265,0.004000000444648322,0.7064000001264503
148,d17_u7,happy,train,17,7,bc,3,1,1,0,0,0,1,1,0,ok,"{""sentences"": [""I hear you."", ""We can pause here for a moment.""], ""safety"": ""ok""}",1,2176,0.6938999995327322,0.0015000005078036338,0.00019999970390927047,0.010600000678095967,0.004100000296602957,0.7145999998101615
149,d17_u8,happy,train,17,8,bc,3,1,1,0,0,0,1,1,0,ok,"{""sentences"": [""I hear you."", ""We can pause here for a moment.""], ""safety"": ""ok""}",1,2176,0.7422000007863971,0.0012999998943996616,0.0002999995558639057,0.01049999991664663,0.004100000296602957,0.7628000003023772
150,d17_u9,happy,train,17,9,bc,3,1,1,0,0,0,1,1,0,ok,"{""sentences"": [""I hear you."", ""We can pause here for a moment.""], ""safety"": ""ok""}",1,2176,0.6909000003361143,0.0013999997463542968,0.00020000061340397224,0.010400000064691994,0.004300000000512227,0.7116000006135437
151,d17_u10,happy,train,17,10,bc,3,1,1,0,0,0,1,1,0,ok,"{""sentences"": [""I hear you."", ""We can pause here for a moment.""], ""safety"": ""ok""}",1,2176,0.7121999997252715,0.0013999997463542968,0.00019999970390927047,0.011099999937869143,0.004399999852466863,0.7338999994317419
152,d18_u0,neutral,train,18,0,bc,3,1,1,0,0,0,1,1,0,ok,"{""sentences"": [""I hear you."", ""We can pause here for a moment.""], ""safety"": ""ok""}",1,2176,0.7117000004654983,0.0013999997463542968,0.00019999970390927047,0.01049999991664663,0.004000000444648322,0.732100000277569
153,d18_u1,neutral,train,18,1,bc,3,1,1,0,0,0,1,1,0,ok,"{""sentences"": [""I hear you."", ""We can pause here for a moment.""], ""safety"": ""ok""}",1,2176,0.6917000000612461,0.0015000005078036338,0.00019999970390927047,0.010500000826141331,0.004099999387108255,0.7123000004867208
154,d18_u2,neutral,train,18,2,bc,3,1,1,0,0,0,1,1,0,ok,"{""sentences"": [""I hear you."", ""We can pause here for a moment.""], ""safety"": ""ok""}",1,2176,0.7172000005084556,0.0013999997463542968,0.00019999970390927047,0.01049999991664663,0.004200000148557592,0.7378000000244356
155,d18_u3,happy,train,18,3,bc,3,1,1,0,0,0,1,1,0,ok,"{""sentences"": [""I hear you."", ""We can pause here for a moment.""], ""safety"": ""ok""}",1,2176,0.7233999995150953,0.0015000005078036338,0.0002999995558639057,0.011099999937869143,0.004300000000512227,0.7451000001310604
156,d18_u4,neutral,train,18,4,bc,3,1,1,0,0,0,1,1,0,ok,"{""sentences"": [""I hear you."", ""We can pause here for a moment.""], ""safety"": ""ok""}",1,2176,0.7949000000735396,0.001600000359758269,0.0002999995558639057,0.01269999938813271,0.005099999725644011,0.8197999995900318
157,d18_u5,happy,train,18,5,bc,3,1,1,0,0,0,1,1,0,ok,"{""sentences"": [""I hear you."", ""We can pause here for a moment.""], ""safety"": ""ok""}",1,2176,0.8148999995682971,0.0013999997463542968,0.00020000061340397224,0.010700000530050602,0.004200000148557592,0.835900000311085
158,d18_u7,neutral,train,18,7,bc,3,1,1,0,0,0,1,1,0,ok,"{""sentences"": [""I hear you."", ""We can pause here for a moment.""], ""safety"": ""ok""}",1,2176,0.7924000001366949,0.0015000005078036338,0.00019999970390927047,0.010599999768601265,0.004100000296602957,0.8130000005621696
159,d18_u8,sad,train,18,8,bc,3,1,1,0,0,0,1,1,0,ok,"{""sentences"": [""I hear you."", ""We can pause here for a moment.""], ""safety"": ""ok""}",1,2176,0.7599999999001739,0.0012999998943996616,0.0002999995558639057,0.010600000678095967,0.004100000296602957,0.780500000473694
160,d19_u0,neutral,train,19,0,bc,3,1,1,0,0,0,1,1,0,ok,"{""sentences"": [""I hear you."", ""We can pause here for a moment.""], ""safety"": ""ok""}",1,2176,0.6825000000389991,0.0013999997463542968,0.00019999970390927047,0.010599999768601265,0.004200000148557592,0.7033000001683831
161,d19_u1,neutral,train,19,1,bc,3,1,1,0,0,0,1,1,0,ok,"{""sentences"": [""I hear you."", ""We can pause here for a moment.""], ""safety"": ""ok""}",1,2176,0.6911000000400236,0.0013999997463542968,0.00019999970390927047,0.010700000530050602,0.004000000444648322,0.7116000006135437
162,d20_u0,neutral,train,20,0,bc,3,1,1,0,0,0,1,1,0,ok,"{""sentences"": [""I hear you."", ""We can pause here for a moment.""], ""safety"": ""ok""}",1,2176,0.6929999999556458,0.0012999998943996616,0.00019999970390927047,0.01049999991664663,0.004200000148557592,0.7133999997677165
163,d20_u1,happy,train,20,1,bc,3,1,1,0,0,0,1,1,0,ok,"{""sentences"": [""I hear you."", ""We can pause here for a moment.""], ""safety"": ""ok""}",1,2176,0.6829000003563124,0.0013999997463542968,0.00019999970390927047,0.010800000382005237,0.004100000296602957,0.703599999724247
164,d20_u2,happy,train,20,2,bc,3,1,1,0,0,0,1,1,0,ok,"{""sentences"": [""I hear you."", ""We can pause here for a moment.""], ""safety"": ""ok""}",1,2176,0.692400000843918,0.0013999997463542968,0.00019999970390927047,0.010799999472510535,0.00419999923906289,0.7134000006772112
165,d20_u3,happy,train,20,3,bc,3,1,1,0,0,0,1,1,0,ok,"{""sentences"": [""I hear you."", ""We can pause here for a moment.""], ""safety"": ""ok""}",1,2176,0.6874000000607339,0.0013999997463542968,0.00020000061340397224,0.010599999768601265,0.00399999953515362,0.7078999997247593
166,d20_u4,happy,train,20,4,bc,3,1,1,0,0,0,1,1,0,ok,"{""sentences"": [""I hear you."", ""We can pause here for a moment.""], ""safety"": ""ok""}",1,2176,0.6880000000819564,0.0012999998943996616,0.00020000061340397224,0.010599999768601265,0.004099999387108255,0.7087999993018457
167,d20_u5,happy,train,20,5,bc,3,1,1,0,0,0,1,1,0,ok,"{""sentences"": [""I hear you."", ""We can pause here for a moment.""], ""safety"": ""ok""}",1,2176,0.6812000001445995,0.0013999997463542968,0.00019999970390927047,0.010599999768601265,0.004100000296602957,0.7017999996605795
168,d20_u6,happy,train,20,6,bc,3,1,1,0,0,0,1,1,0,ok,"{""sentences"": [""I hear you."", ""We can pause here for a moment.""], ""safety"": ""ok""}",1,2176,0.7126000000425847,0.0013999997463542968,0.00030000046535860747,0.01120000069931848,0.004300000000512227,0.7342999997490551
169,d20_u7,happy,train,20,7,bc,3,1,1,0,0,0,1,1,0,ok,"{""sentences"": [""I hear you."", ""We can pause here for a moment.""], ""safety"": ""ok""}",1,2176,0.7540999995399034,0.0015000005078036338,0.00019999970390927047,0.011099999937869143,0.004600000465870835,0.7759999998597777
170,d20_u8,neutral,train,20,8,bc,3,1,1,0,0,0,1,1,0,ok,"{""sentences"": [""I hear you."", ""We can pause here for a moment.""], ""safety"": ""ok""}",1,2176,0.7513999998991494,0.0013999997463542968,0.00020000061340397224,0.011199999789823778,0.004400000761961564,0.7731000005151145
171,d20_u9,neutral,train,20,9,bc,3,1,1,0,0,0,1,1,0,ok,"{""sentences"": [""I hear you."", ""We can pause here for a moment.""], ""safety"": ""ok""}",1,2176,0.7473000005120412,0.0013999997463542968,0.0002999995558639057,0.011000000085914508,0.004399999852466863,0.7691000000704662
172,d20_u10,neutral,train,20,10,bc,3,1,1,0,0,0,1,1,0,ok,"{""sentences"": [""I hear you."", ""We can pause here for a moment.""], ""safety"": ""ok""}",1,2176,0.7681999995838851,0.001499999598308932,0.00020000061340397224,0.011199999789823778,0.004399999852466863,0.7900999999037595
173,d20_u11,neutral,train,20,11,bc,3,1,1,0,0,0,1,1,0,ok,"{""sentences"": [""I hear you."", ""We can pause here for a moment.""], ""safety"": ""ok""}",1,2176,0.7378999998763902,0.0015000005078036338,0.00030000046535860747,0.011299999641778413,0.004499999704421498,0.7599999999001739
174,d20_u12,happy,train,20,12,bc,3,1,1,0,0,0,1,1,0,ok,"{""sentences"": [""I hear you."", ""We can pause here for a moment.""], ""safety"": ""ok""}",1,2176,0.7507000000259723,0.0013999997463542968,0.00020000061340397224,0.011099999937869143,0.004300000000512227,0.7723000007899827
175,d20_u13,happy,train,20,13,bc,3,1,1,0,0,0,1,1,0,ok,"{""sentences"": [""I hear you."", ""We can pause here for a moment.""], ""safety"": ""ok""}",1,2176,0.7116000006135437,0.0014000006558489986,0.00019999970390927047,0.010700000530050602,0.004000000444648322,0.7322000001295237
176,d20_u14,happy,train,20,14,bc,3,1,1,0,0,0,1,1,0,ok,"{""sentences"": [""I hear you."", ""We can pause here for a moment.""], ""safety"": ""ok""}",1,2176,0.6877000005260925,0.0013999997463542968,0.00030000046535860747,0.010599999768601265,0.004100000296602957,0.7083999998940271
177,d20_u16,neutral,train,20,16,bc,3,1,1,0,0,0,1,1,0,ok,"{""sentences"": [""I hear you."", ""We can pause here for a moment.""], ""safety"": ""ok""}",1,2176,0.6898000001456239,0.0013999997463542968,0.00019999970390927047,0.010599999768601265,0.004100000296602957,0.7104999995135586
178,d21_u1,neutral,train,21,1,bc,3,1,1,0,0,0,1,1,0,ok,"{""sentences"": [""I hear you."", ""We can pause here for a moment.""], ""safety"": ""ok""}",1,2176,0.7018999995125341,0.0013999997463542968,0.00019999970390927047,0.010500000826141331,0.004099999387108255,0.7224000000860542
179,d21_u2,happy,train,21,2,bc,3,1,1,0,0,0,1,1,0,ok,"{""sentences"": [""I hear you."", ""We can pause here for a moment.""], ""safety"": ""ok""}",1,2176,0.6807999998272862,0.0014000006558489986,0.00020000061340397224,0.010800000382005237,0.004000000444648322,0.701400000252761
180,d21_u4,neutral,train,21,4,bc,3,1,1,0,0,0,1,1,0,ok,"{""sentences"": [""I hear you."", ""We can pause here for a moment.""], ""safety"": ""ok""}",1,2176,0.690700000632205,0.0013999997463542968,0.00030000046535860747,0.010599999768601265,0.004100000296602957,0.7114999998520943
181,d21_u6,angry,train,21,6,bc,3,1,1,0,0,0,1,1,0,ok,"{""sentences"": [""I hear you."", ""We can pause here for a moment.""], ""safety"": ""ok""}",1,2176,0.6823000003350899,0.0013999997463542968,0.00020000061340397224,0.010800000382005237,0.004099999387108255,0.7033000001683831
182,d21_u7,neutral,train,21,7,bc,3,1,1,0,0,0,1,1,0,ok,"{""sentences"": [""I hear you."", ""We can pause here for a moment.""], ""safety"": ""ok""}",1,2176,0.6870999995953753,0.0013000008038943633,0.00020000061340397224,0.01049999991664663,0.004099999387108255,0.7075999992594006
183,d21_u9,neutral,train,21,9,bc,3,1,1,0,0,0,1,1,0,ok,"{""sentences"": [""I hear you."", ""We can pause here for a moment.""], ""safety"": ""ok""}",1,2176,0.692200000230514,0.0013999997463542968,0.00019999970390927047,0.01049999991664663,0.004100000296602957,0.712799999746494
184,d21_u10,neutral,train,21,10,bc,3,1,1,0,0,0,1,1,0,ok,"{""sentences"": [""I hear you."", ""We can pause here for a moment.""], ""safety"": ""ok""}",1,2176,0.6831999999121763,0.001499999598308932,0.00020000061340397224,0.0106999996205559,0.004099999387108255,0.7039000001896056
185,d21_u12,neutral,train,21,12,bc,3,1,1,0,0,0,1,1,0,ok,"{""sentences"": [""I hear you."", ""We can pause here for a moment.""], ""safety"": ""ok""}",1,2176,0.6819999998697313,0.0014000006558489986,0.00019999970390927047,0.010700000530050602,0.004000000444648322,0.702600000295206
186,d21_u13,happy,train,21,13,bc,3,1,1,0,0,0,1,1,0,ok,"{""sentences"": [""I hear you."", ""We can pause here for a moment.""], ""safety"": ""ok""}",1,2176,0.6941999999980908,0.0014000006558489986,0.00019999970390927047,0.010599999768601265,0.00419999923906289,0.7147000005716109
187,d22_u1,neutral,train,22,1,bc,3,1,1,0,0,0,1,1,0,ok,"{""sentences"": [""I hear you."", ""We can pause here for a moment.""], ""safety"": ""ok""}",1,2176,0.7107999999789172,0.0015000005078036338,0.0002999995558639057,0.011199999789823778,0.004300000000512227,0.7326000004468369
188,d22_u3,neutral,train,22,3,bc,3,1,1,0,0,0,1,1,0,ok,"{""sentences"": [""I hear you."", ""We can pause here for a moment.""], ""safety"": ""ok""}",1,2176,0.7472000006600865,0.001499999598308932,0.00019999970390927047,0.011099999937869143,0.004300000000512227,0.7690000002185116
189,d23_u1,angry,train,23,1,bc,3,1,1,0,0,0,1,1,0,ok,"{""sentences"": [""I hear you."", ""We can pause here for a moment.""], ""safety"": ""ok""}",1,2176,0.7104999995135586,0.0015000005078036338,0.00020000061340397224,0.0106999996205559,0.00419999923906289,0.7310999999390333
190,d23_u3,happy,train,23,3,bc,3,1,1,0,0,0,1,1,0,ok,"{""sentences"": [""I hear you."", ""We can pause here for a moment.""], ""safety"": ""ok""}",1,2176,0.6805000002714223,0.001499999598308932,0.00020000061340397224,0.010600000678095967,0.004099999387108255,0.701400000252761
191,d23_u4,neutral,train,23,4,bc,3,1,1,0,0,0,1,1,0,ok,"{""sentences"": [""I hear you."", ""We can pause here for a moment.""], ""safety"": ""ok""}",1,2176,0.6892000001244014,0.0013999997463542968,0.00020000061340397224,0.0106999996205559,0.0038999996831989847,0.7096999997884268
192,d23_u5,neutral,train,23,5,bc,3,1,1,0,0,0,1,1,0,ok,"{""sentences"": [""I hear you."", ""We can pause here for a moment.""], ""safety"": ""ok""}",1,2176,0.6801999998060637,0.0013999997463542968,0.00019999970390927047,0.010599999768601265,0.004099999387108255,0.7009000000834931
193,d23_u6,neutral,train,23,6,bc,3,1,1,0,0,0,1,1,0,ok,"{""sentences"": [""I hear you."", ""We can pause here for a moment.""], ""safety"": ""ok""}",1,2176,0.6867000001875567,0.0012999998943996616,0.00019999970390927047,0.0106999996205559,0.004100000296602957,0.7073999995554914
194,d23_u7,neutral,train,23,7,bc,3,1,1,0,0,0,1,1,0,ok,"{""sentences"": [""I hear you."", ""We can pause here for a moment.""], ""safety"": ""ok""}",1,2176,0.6959000002098037,0.0013999997463542968,0.00019999970390927047,0.010599999768601265,0.004000000444648322,0.7164999997257837
195,d24_u0,neutral,train,24,0,bc,3,1,1,0,0,0,1,1,0,ok,"{""sentences"": [""I hear you."", ""We can pause here for a moment.""], ""safety"": ""ok""}",1,2176,0.6845999996585306,0.001499999598308932,0.00020000061340397224,0.010599999768601265,0.004200000148557592,0.7052999999359599
196,d24_u1,neutral,train,24,1,bc,3,1,1,0,0,0,1,1,0,ok,"{""sentences"": [""I hear you."", ""We can pause here for a moment.""], ""safety"": ""ok""}",1,2176,0.6965000002310262,0.0013999997463542968,0.00019999970390927047,0.0106999996205559,0.004200000148557592,0.7171999995989609
197,d24_u2,neutral,train,24,2,bc,3,1,1,0,0,0,1,1,0,ok,"{""sentences"": [""I hear you."", ""We can pause here for a moment.""], ""safety"": ""ok""}",1,2176,0.7599999999001739,0.0015000005078036338,0.00019999970390927047,0.011299999641778413,0.004300000000512227,0.7820000000720029
198,d24_u3,happy,train,24,3,bc,3,1,1,0,0,0,1,1,0,ok,"{""sentences"": [""I hear you."", ""We can pause here for a moment.""], ""safety"": ""ok""}",1,2176,0.7472000006600865,0.001499999598308932,0.00030000046535860747,0.011199999789823778,0.004399999852466863,0.7691000000704662
199,d24_u5,neutral,train,24,5,bc,3,1,1,0,0,0,1,1,0,ok,"{""sentences"": [""I hear you."", ""We can pause here for a moment.""], ""safety"": ""ok""}",1,2176,0.7905000002210727,0.0015999994502635673,0.00020000061340397224,0.011000000085914508,0.004399999852466863,0.8121999999275431
200,d24_u6,neutral,train,24,6,bc,3,1,1,0,0,0,1,1,0,ok,"{""sentences"": [""I hear you."", ""We can pause here for a moment.""], ""safety"": ""ok""}",1,2176,0.7670999993933947,0.0014000006558489986,0.00019999970390927047,0.011000000085914508,0.004200000148557592,0.7888999998613144
201,d24_u7,happy,train,24,7,bc,3,1,1,0,0,0,1,1,0,ok,"{""sentences"": [""I hear you."", ""We can pause here for a moment.""], ""safety"": ""ok""}",1,2176,0.7422999997288571,0.0015999994502635673,0.00020000061340397224,0.011099999937869143,0.00419999923906289,0.7641000001967768
202,d25_u0,happy,train,25,0,bc,3,1,1,0,0,0,1,1,0,ok,"{""sentences"": [""I hear you."", ""We can pause here for a moment.""], ""safety"": ""ok""}",1,2176,0.7532999998147716,0.001499999598308932,0.0002999995558639057,0.011100000847363845,0.004300000000512227,0.7750000004307367
203,d25_u1,happy,train,25,1,bc,3,1,1,0,0,0,1,1,0,ok,"{""sentences"": [""I hear you."", ""We can pause here for a moment.""], ""safety"": ""ok""}",1,2176,0.7442999994964339,0.0015000005078036338,0.00019999970390927047,0.011199999789823778,0.004399999852466863,0.7660999999643536
204,d25_u2,happy,train,25,2,bc,3,1,1,0,0,0,1,1,0,ok,"{""sentences"": [""I hear you."", ""We can pause here for a moment.""], ""safety"": ""ok""}",1,2176,0.7569999997940613,0.001499999598308932,0.00020000061340397224,0.011099999937869143,0.00419999923906289,0.778800000261981
205,d25_u3,happy,train,25,3,bc,3,1,1,0,0,0,1,1,0,ok,"{""sentences"": [""I hear you."", ""We can pause here for a moment.""], ""safety"": ""ok""}",1,2176,0.741300000299816,0.0014000006558489986,0.00019999970390927047,0.011099999937869143,0.004300000000512227,0.7629000001543318
206,d25_u4,neutral,train,25,4,bc,3,1,1,0,0,0,1,1,0,ok,"{""sentences"": [""I hear you."", ""We can pause here for a moment.""], ""safety"": ""ok""}",1,2176,0.7132000000638072,0.001499999598308932,0.00019999970390927047,0.01049999991664663,0.004200000148557592,0.7338999994317419
207,d25_u5,neutral,train,25,5,bc,3,1,1,0,0,0,1,1,0,ok,"{""sentences"": [""I hear you."", ""We can pause here for a moment.""], ""safety"": ""ok""}",1,2176,0.6939999993846868,0.0013000008038943633,0.00019999970390927047,0.010700000530050602,0.004200000148557592,0.7148000004235655
208,d25_u6,neutral,train,25,6,bc,3,1,1,0,0,0,1,1,0,ok,"{""sentences"": [""I hear you."", ""We can pause here for a moment.""], ""safety"": ""ok""}",1,2176,0.6823000003350899,0.001499999598308932,0.00019999970390927047,0.010600000678095967,0.004099999387108255,0.7031000004644739
209,d25_u7,neutral,train,25,7,bc,3,1,1,0,0,0,1,1,0,ok,"{""sentences"": [""I hear you."", ""We can pause here for a moment.""], ""safety"": ""ok""}",1,2176,0.6829000003563124,0.0012999998943996616,0.00020000061340397224,0.0106999996205559,0.00399999953515362,0.7034999998722924
210,d25_u8,neutral,train,25,8,bc,3,1,1,0,0,0,1,1,0,ok,"{""sentences"": [""I hear you."", ""We can pause here for a moment.""], ""safety"": ""ok""}",1,2176,0.6913999995958875,0.0015000005078036338,0.00019999970390927047,0.010599999768601265,0.004100000296602957,0.7121999997252715
211,d25_u9,neutral,train,25,9,bc,3,1,1,0,0,0,1,1,0,ok,"{""sentences"": [""I hear you."", ""We can pause here for a moment.""], ""safety"": ""ok""}",1,2176,0.6857000007585157,0.0013999997463542968,0.00019999970390927047,0.0106999996205559,0.004100000296602957,0.706499999978405
212,d25_u10,neutral,train,25,10,bc,3,1,1,0,0,0,1,1,0,ok,"{""sentences"": [""I hear you."", ""We can pause here for a moment.""], ""safety"": ""ok""}",1,2176,0.7169999998950516,0.001499999598308932,0.00019999970390927047,0.01120000069931848,0.004300000000512227,0.7387999994534766
213,d25_u12,neutral,train,25,12,bc,3,1,1,0,0,0,1,1,0,ok,"{""sentences"": [""I hear you."", ""We can pause here for a moment.""], ""safety"": ""ok""}",1,2176,0.724399999853631,0.0013999997463542968,0.00030000046535860747,0.010400000064691994,0.004100000296602957,0.7449000004271511
214,d25_u13,neutral,train,25,13,bc,3,1,1,0,0,0,1,1,0,ok,"{""sentences"": [""I hear you."", ""We can pause here for a moment.""], ""safety"": ""ok""}",1,2176,0.6902999994053971,0.001499999598308932,0.00030000046535860747,0.010599999768601265,0.004099999387108255,0.7107999999789172
215,d26_u1,neutral,train,26,1,bc,3,1,1,0,0,0,1,1,0,ok,"{""sentences"": [""I hear you."", ""We can pause here for a moment.""], ""safety"": ""ok""}",1,2176,0.7224999999380088,0.001499999598308932,0.00020000061340397224,0.010600000678095967,0.004200000148557592,0.7433999999193475
216,d26_u3,neutral,train,26,3,bc,3,1,1,0,0,0,1,1,0,ok,"{""sentences"": [""I hear you."", ""We can pause here for a moment.""], ""safety"": ""ok""}",1,2176,0.7064000001264503,0.0012999998943996616,0.00020000061340397224,0.010500000826141331,0.004200000148557592,0.7271000004038797
217,d26_u4,neutral,train,26,4,bc,3,1,1,0,0,0,1,1,0,ok,"{""sentences"": [""I hear you."", ""We can pause here for a moment.""], ""safety"": ""ok""}",1,2176,0.7690000002185116,0.001499999598308932,0.00020000061340397224,0.010700000530050602,0.004399999852466863,0.7901999997557141
218,d26_u5,happy,train,26,5,bc,3,1,1,0,0,0,1,1,0,ok,"{""sentences"": [""I hear you."", ""We can pause here for a moment.""], ""safety"": ""ok""}",1,2176,0.7415999998556799,0.0015000005078036338,0.00019999970390927047,0.01120000069931848,0.004399999852466863,0.763399999414105
219,d26_u6,happy,train,26,6,bc,3,1,1,0,0,0,1,1,0,ok,"{""sentences"": [""I hear you."", ""We can pause here for a moment.""], ""safety"": ""ok""}",1,2176,0.8961000003182562,0.001499999598308932,0.00030000046535860747,0.011199999789823778,0.004799999260285404,0.9182999992844998
220,d26_u7,happy,train,26,7,bc,3,1,1,0,0,0,1,1,0,ok,"{""sentences"": [""I hear you."", ""We can pause here for a moment.""], ""safety"": ""ok""}",1,2176,0.8367999998881714,0.0018000000636675395,0.00030000046535860747,0.012000000424450263,0.004499999704421498,0.8600999999544001
221,d26_u8,neutral,train,26,8,bc,3,1,1,0,0,0,1,1,0,ok,"{""sentences"": [""I hear you."", ""We can pause here for a moment.""], ""safety"": ""ok""}",1,2176,0.7098000005498761,0.0017999991541728377,0.00019999970390927047,0.011099999937869143,0.004300000000512227,0.7317999998122104
222,d26_u9,neutral,train,26,9,bc,3,1,1,0,0,0,1,1,0,ok,"{""sentences"": [""I hear you."", ""We can pause here for a moment.""], ""safety"": ""ok""}",1,2176,0.7055000005493639,0.0014000006558489986,0.00019999970390927047,0.010900000233959872,0.004300000000512227,0.7267000000865664
223,d26_u10,neutral,train,26,10,bc,3,1,1,0,0,0,1,1,0,ok,"{""sentences"": [""I hear you."", ""We can pause here for a moment.""], ""safety"": ""ok""}",1,2176,0.732100000277569,0.0015000005078036338,0.00019999970390927047,0.010999999176419806,0.004399999852466863,0.7536000002801302
224,d26_u11,sad,train,26,11,bc,3,1,1,0,0,0,1,1,0,ok,"{""sentences"": [""I hear you."", ""We can pause here for a moment.""], ""safety"": ""ok""}",1,2176,0.7532999998147716,0.0015000005078036338,0.00019999970390927047,0.010600000678095967,0.004300000000512227,0.7741999997961102
225,d26_u12,neutral,train,26,12,bc,3,1,1,0,0,0,1,1,0,ok,"{""sentences"": [""I hear you."", ""We can pause here for a moment.""], ""safety"": ""ok""}",1,2176,0.6869999997434206,0.0013999997463542968,0.00020000061340397224,0.010700000530050602,0.004399999852466863,0.7081000003381632
226,d26_u13,neutral,train,26,13,bc,3,1,1,0,0,0,1,1,0,ok,"{""sentences"": [""I hear you."", ""We can pause here for a moment.""], ""safety"": ""ok""}",1,2176,0.6985999998505577,0.0013999997463542968,0.00019999970390927047,0.01049999991664663,0.004300000000512227,0.7193999999799416
227,d27_u0,sad,train,27,0,bc,3,1,1,0,0,0,1,1,0,ok,"{""sentences"": [""I hear you."", ""We can pause here for a moment.""], ""safety"": ""ok""}",1,2176,0.6854000002931571,0.0013999997463542968,0.00020000061340397224,0.0106999996205559,0.00419999923906289,0.706200000422541
228,d27_u1,happy,train,27,1,bc,3,1,1,0,0,0,1,1,0,ok,"{""sentences"": [""I hear you."", ""We can pause here for a moment.""], ""safety"": ""ok""}",1,2176,0.6837000000814442,0.0012999998943996616,0.00019999970390927047,0.010599999768601265,0.004399999852466863,0.7045000002108281
229,d28_u0,angry,train,28,0,bc,3,1,1,0,0,0,1,1,0,ok,"{""sentences"": [""I hear you."", ""We can pause here for a moment.""], ""safety"": ""ok""}",1,2176,0.6916000002092915,0.001499999598308932,0.00020000061340397224,0.01049999991664663,0.004000000444648322,0.7120999998733168
230,d28_u1,angry,train,28,1,bc,3,1,1,0,0,0,1,1,0,ok,"{""sentences"": [""I hear you."", ""We can pause here for a moment.""], ""safety"": ""ok""}",1,2176,0.6863999997221981,0.0012999998943996616,0.00030000046535860747,0.010400000064691994,0.004000000444648322,0.706499999978405
231,d28_u2,angry,train,28,2,bc,3,1,1,0,0,0,1,1,0,ok,"{""sentences"": [""I hear you."", ""We can pause here for a moment.""], ""safety"": ""ok""}",1,2176,0.6751999999323743,0.0012999998943996616,0.00019999970390927047,0.010299999303242657,0.0038999996831989847,0.6953000001885812
232,d28_u3,happy,train,28,3,bc,3,1,1,0,0,0,1,1,0,ok,"{""sentences"": [""I hear you."", ""We can pause here for a moment.""], ""safety"": ""ok""}",1,2176,0.7036999995762017,0.0014000006558489986,0.00020000061340397224,0.010200000360782724,0.004100000296602957,0.7237999998324085
233,d28_u5,happy,train,28,5,bc,3,1,1,0,0,0,1,1,0,ok,"{""sentences"": [""I hear you."", ""We can pause here for a moment.""], ""safety"": ""ok""}",1,2176,0.6948000000193133,0.0013999997463542968,0.00030000046535860747,0.01049999991664663,0.004100000296602957,0.7153999995352933
234,d28_u7,sad,train,28,7,bc,3,1,1,0,0,0,1,1,0,ok,"{""sentences"": [""I hear you."", ""We can pause here for a moment.""], ""safety"": ""ok""}",1,2176,0.68959999953222,0.0014000006558489986,0.00019999970390927047,0.010600000678095967,0.004200000148557592,0.7104000005710986
235,d29_u1,happy,train,29,1,bc,3,1,1,0,0,0,1,1,0,ok,"{""sentences"": [""I hear you."", ""We can pause here for a moment.""], ""safety"": ""ok""}",1,2176,0.7670999993933947,0.0014000006558489986,0.00020000061340397224,0.01049999991664663,0.004100000296602957,0.7875000001149601
236,d29_u2,neutral,train,29,2,bc,3,1,1,0,0,0,1,1,0,ok,"{""sentences"": [""I hear you."", ""We can pause here for a moment.""], ""safety"": ""ok""}",1,2176,0.672399999530171,0.0013999997463542968,0.00019999970390927047,0.01049999991664663,0.004099999387108255,0.6928999991941964
237,d29_u3,happy,train,29,3,bc,3,1,1,0,0,0,1,1,0,ok,"{""sentences"": [""I hear you."", ""We can pause here for a moment.""], ""safety"": ""ok""}",1,2176,0.6725000002916204,0.0012999998943996616,0.00019999970390927047,0.01049999991664663,0.00399999953515362,0.6929000001036911
238,d29_u6,angry,train,29,6,bc,3,1,1,0,0,0,1,1,0,ok,"{""sentences"": [""I hear you."", ""We can pause here for a moment.""], ""safety"": ""ok""}",1,2176,0.6991999998717802,0.0014000006558489986,0.00019999970390927047,0.010500000826141331,0.00399999953515362,0.7194999998318963
239,d29_u7,angry,train,29,7,bc,3,1,1,0,0,0,1,1,0,ok,"{""sentences"": [""I hear you."", ""We can pause here for a moment.""], ""safety"": ""ok""}",1,2176,0.6971000002522487,0.0013999997463542968,0.0002999995558639057,0.0106999996205559,0.004100000296602957,0.7177999996201834
240,d29_u8,angry,train,29,8,bc,3,1,1,0,0,0,1,1,0,ok,"{""sentences"": [""I hear you."", ""We can pause here for a moment.""], ""safety"": ""ok""}",1,2176,0.8340000003954628,0.0013999997463542968,0.00019999970390927047,0.010599999768601265,0.004200000148557592,0.8546999997633975
241,d29_u9,neutral,train,29,9,bc,3,1,1,0,0,0,1,1,0,ok,"{""sentences"": [""I hear you."", ""We can pause here for a moment.""], ""safety"": ""ok""}",1,2176,0.6985999998505577,0.0013999997463542968,0.00020000061340397224,0.010400000064691994,0.004100000296602957,0.7191000004240777
242,d29_u10,angry,train,29,10,bc,3,1,1,0,0,0,1,1,0,ok,"{""sentences"": [""I hear you."", ""We can pause here for a moment.""], ""safety"": ""ok""}",1,2176,0.6785999994463054,0.0013999997463542968,0.00020000061340397224,0.010400000064691994,0.004000000444648322,0.6989000003159163
243,d29_u11,angry,train,29,11,bc,3,1,1,0,0,0,1,1,0,ok,"{""sentences"": [""I hear you."", ""We can pause here for a moment.""], ""safety"": ""ok""}",1,2176,0.6686999995508813,0.0013999997463542968,0.00020000061340397224,0.01049999991664663,0.004100000296602957,0.6890000004204921
244,d29_u13,neutral,train,29,13,bc,3,1,1,0,0,0,1,1,0,ok,"{""sentences"": [""I hear you."", ""We can pause here for a moment.""], ""safety"": ""ok""}",1,2176,0.6858000006104703,0.0013999997463542968,0.00019999970390927047,0.010599999768601265,0.0039000005926936865,0.706200000422541
245,d30_u0,neutral,train,30,0,bc,3,1,1,0,0,0,1,1,0,ok,"{""sentences"": [""I hear you."", ""We can pause here for a moment.""], ""safety"": ""ok""}",1,2176,0.6923000000824686,0.0015000005078036338,0.00019999970390927047,0.0106999996205559,0.004200000148557592,0.7132000000638072
246,d30_u1,happy,train,30,1,bc,3,1,1,0,0,0,1,1,0,ok,"{""sentences"": [""I hear you."", ""We can pause here for a moment.""], ""safety"": ""ok""}",1,2176,0.6845999996585306,0.0014000006558489986,0.00020000061340397224,0.010900000233959872,0.004300000000512227,0.7056999993437785
247,d30_u2,neutral,train,30,2,bc,3,1,1,0,0,0,1,1,0,ok,"{""sentences"": [""I hear you."", ""We can pause here for a moment.""], ""safety"": ""ok""}",1,2176,0.681800000165822,0.001499999598308932,0.00020000061340397224,0.010400000064691994,0.004100000296602957,0.7024999995337566
248,d30_u3,neutral,train,30,3,bc,3,1,1,0,0,0,1,1,0,ok,"{""sentences"": [""I hear you."", ""We can pause here for a moment.""], ""safety"": ""ok""}",1,2176,0.6952000003366265,0.001499999598308932,0.00020000061340397224,0.010599999768601265,0.004100000296602957,0.7159999995565158
249,d30_u4,angry,train,30,4,bc,3,1,1,0,0,0,1,1,0,ok,"{""sentences"": [""I hear you."", ""We can pause here for a moment.""], ""safety"": ""ok""}",1,2176,0.6831999999121763,0.0013999997463542968,0.00019999970390927047,0.010800000382005237,0.004099999387108255,0.7039000001896056
250,d30_u6,angry,train,30,6,bc,3,1,1,0,0,0,1,1,0,ok,"{""sentences"": [""I hear you."", ""We can pause here for a moment.""], ""safety"": ""ok""}",1,2176,0.6855000001451117,0.0013999997463542968,0.00020000061340397224,0.01049999991664663,0.004300000000512227,0.7063000002744957
251,d30_u8,neutral,train,30,8,bc,3,1,1,0,0,0,1,1,0,ok,"{""sentences"": [""I hear you."", ""We can pause here for a moment.""], ""safety"": ""ok""}",1,2176,0.6916000002092915,0.0013999997463542968,0.00020000061340397224,0.010700000530050602,0.00399999953515362,0.7123000004867208
252,d30_u9,neutral,train,30,9,bc,3,1,1,0,0,0,1,1,0,ok,"{""sentences"": [""I hear you."", ""We can pause here for a moment.""], ""safety"": ""ok""}",1,2176,0.7098000005498761,0.0013999997463542968,0.00019999970390927047,0.0106999996205559,0.004300000000512227,0.730900000235124
253,d30_u10,neutral,train,30,10,bc,3,1,1,0,0,0,1,1,0,ok,"{""sentences"": [""I hear you."", ""We can pause here for a moment.""], ""safety"": ""ok""}",1,2176,0.706200000422541,0.0013999997463542968,0.00019999970390927047,0.010599999768601265,0.004200000148557592,0.7268999997904757
254,d30_u12,neutral,train,30,12,bc,3,1,1,0,0,0,1,1,0,ok,"{""sentences"": [""I hear you."", ""We can pause here for a moment.""], ""safety"": ""ok""}",1,2176,0.7134999996196711,0.0014000006558489986,0.00019999970390927047,0.010599999768601265,0.004200000148557592,0.7343999996010098
255,d30_u13,neutral,train,30,13,bc,3,1,1,0,0,0,1,1,0,ok,"{""sentences"": [""I hear you."", ""We can pause here for a moment.""], ""safety"": ""ok""}",1,2176,0.7078999997247593,0.0013999997463542968,0.00019999970390927047,0.0106999996205559,0.004100000296602957,0.7286999998541432
256,d30_u14,angry,train,30,14,bc,3,1,1,0,0,0,1,1,0,ok,"{""sentences"": [""I hear you."", ""We can pause here for a moment.""], ""safety"": ""ok""}",1,2176,0.7144000001062523,0.0013999997463542968,0.00020000061340397224,0.01049999991664663,0.00419999923906289,0.7352000002356363
257,d31_u0,neutral,train,31,0,bc,3,1,1,0,0,0,1,1,0,ok,"{""sentences"": [""I hear you."", ""We can pause here for a moment.""], ""safety"": ""ok""}",1,2176,0.7060000007186318,0.001499999598308932,0.00019999970390927047,0.010599999768601265,0.004200000148557592,0.7267999999385211
258,d31_u1,neutral,train,31,1,bc,3,1,1,0,0,0,1,1,0,ok,"{""sentences"": [""I hear you."", ""We can pause here for a moment.""], ""safety"": ""ok""}",1,2176,0.7071999998515821,0.001499999598308932,0.00020000061340397224,0.010599999768601265,0.004300000000512227,0.7280999998329207
259,d31_u2,neutral,train,31,2,bc,3,1,1,0,0,0,1,1,0,ok,"{""sentences"": [""I hear you."", ""We can pause here for a moment.""], ""safety"": ""ok""}",1,2176,0.7153999995352933,0.001499999598308932,0.00019999970390927047,0.010599999768601265,0.004200000148557592,0.7365000001300359
260,d31_u3,neutral,train,31,3,bc,3,1,1,0,0,0,1,1,0,ok,"{""sentences"": [""I hear you."", ""We can pause here for a moment.""], ""safety"": ""ok""}",1,2176,0.7255000000441214,0.0013999997463542968,0.00020000061340397224,0.010700000530050602,0.004300000000512227,0.7464999998774147
261,d32_u1,neutral,train,32,1,bc,3,1,1,0,0,0,1,1,0,ok,"{""sentences"": [""I hear you."", ""We can pause here for a moment.""], ""safety"": ""ok""}",1,2176,0.7048999996186467,0.0015000005078036338,0.00019999970390927047,0.010799999472510535,0.004300000000512227,0.7259999993038946
262,d32_u3,neutral,train,32,3,bc,3,1,1,0,0,0,1,1,0,ok,"{""sentences"": [""I hear you."", ""We can pause here for a moment.""], ""safety"": ""ok""}",1,2176,0.7916000004115631,0.0013999997463542968,0.00019999970390927047,0.010799999472510535,0.004099999387108255,0.8125000003929017
263,d32_u5,neutral,train,32,5,bc,3,1,1,0,0,0,1,1,0,ok,"{""sentences"": [""I hear you."", ""We can pause here for a moment.""], ""safety"": ""ok""}",1,2176,0.69199999961711,0.0015000005078036338,0.00030000046535860747,0.010900000233959872,0.004100000296602957,0.7131000002118526
264,d32_u8,neutral,train,32,8,bc,3,1,1,0,0,0,1,1,0,ok,"{""sentences"": [""I hear you."", ""We can pause here for a moment.""], ""safety"": ""ok""}",1,2176,0.6960000000617583,0.0013999997463542968,0.00030000046535860747,0.010700000530050602,0.004200000148557592,0.7169999998950516
265,d32_u10,happy,train,32,10,bc,3,1,1,0,0,0,1,1,0,ok,"{""sentences"": [""I hear you."", ""We can pause here for a moment.""], ""safety"": ""ok""}",1,2176,0.6823000003350899,0.001499999598308932,0.00019999970390927047,0.01049999991664663,0.00399999953515362,0.7027999999991152
266,d32_u11,happy,train,32,11,bc,3,1,1,0,0,0,1,1,0,ok,"{""sentences"": [""I hear you."", ""We can pause here for a moment.""], ""safety"": ""ok""}",1,2176,0.6853000004412024,0.0013999997463542968,0.00019999970390927047,0.010599999768601265,0.004000000444648322,0.7058999999571824
267,d32_u12,angry,train,32,12,bc,3,1,1,0,0,0,1,1,0,ok,"{""sentences"": [""I hear you."", ""We can pause here for a moment.""], ""safety"": ""ok""}",1,2176,0.6887000008646282,0.001600000359758269,0.00019999970390927047,0.010599999768601265,0.004300000000512227,0.7097000006979215
268,d32_u13,angry,train,32,13,bc,3,1,1,0,0,0,1,1,0,ok,"{""sentences"": [""I hear you."", ""We can pause here for a moment.""], ""safety"": ""ok""}",1,2176,0.6836000002294895,0.0015999994502635673,0.00020000061340397224,0.010400000064691994,0.004200000148557592,0.7042999995974242
269,d32_u14,angry,train,32,14,bc,3,1,1,0,0,0,1,1,0,ok,"{""sentences"": [""I hear you."", ""We can pause here for a moment.""], ""safety"": ""ok""}",1,2176,0.6850999998277985,0.0015000005078036338,0.0002999995558639057,0.010600000678095967,0.004099999387108255,0.7058000001052278
270,d32_u15,neutral,train,32,15,bc,3,1,1,0,0,0,1,1,0,ok,"{""sentences"": [""I hear you."", ""We can pause here for a moment.""], ""safety"": ""ok""}",1,2176,0.6918999997651554,0.0013999997463542968,0.00019999970390927047,0.010400000064691994,0.004300000000512227,0.7125000001906301
271,d32_u16,neutral,train,32,16,bc,3,1,1,0,0,0,1,1,0,ok,"{""sentences"": [""I hear you."", ""We can pause here for a moment.""], ""safety"": ""ok""}",1,2176,0.6829000003563124,0.001600000359758269,0.00019999970390927047,0.010700000530050602,0.00399999953515362,0.703800000337651
272,d32_u18,neutral,train,32,18,bc,3,1,1,0,0,0,1,1,0,ok,"{""sentences"": [""I hear you."", ""We can pause here for a moment.""], ""safety"": ""ok""}",1,2176,0.6823000003350899,0.0013999997463542968,0.00020000061340397224,0.010400000064691994,0.004200000148557592,0.7028999998510699
273,d33_u1,happy,train,33,1,bc,3,1,1,0,0,0,1,1,0,ok,"{""sentences"": [""I hear you."", ""We can pause here for a moment.""], ""safety"": ""ok""}",1,2176,0.6876999996165978,0.0015000005078036338,0.00019999970390927047,0.010599999768601265,0.004100000296602957,0.7085999995979364
274,d33_u2,neutral,train,33,2,bc,3,1,1,0,0,0,1,1,0,ok,"{""sentences"": [""I hear you."", ""We can pause here for a moment.""], ""safety"": ""ok""}",1,2176,0.6853999993836624,0.0015000005078036338,0.00019999970390927047,0.0106999996205559,0.004000000444648322,0.7059999998091371
275,d33_u3,neutral,train,33,3,bc,3,1,1,0,0,0,1,1,0,ok,"{""sentences"": [""I hear you."", ""We can pause here for a moment.""], ""safety"": ""ok""}",1,2176,0.6843999999546213,0.0013999997463542968,0.00019999970390927047,0.0106999996205559,0.004100000296602957,0.7052000000840053
276,d33_u5,neutral,train,33,5,bc,3,1,1,0,0,0,1,1,0,ok,"{""sentences"": [""I hear you."", ""We can pause here for a moment.""], ""safety"": ""ok""}",1,2176,0.6870000006529153,0.0015000005078036338,0.00019999970390927047,0.010599999768601265,0.004300000000512227,0.7081000003381632
277,d33_u6,neutral,train,33,6,bc,3,1,1,0,0,0,1,1,0,ok,"{""sentences"": [""I hear you."", ""We can pause here for a moment.""], ""safety"": ""ok""}",1,2176,0.6801999998060637,0.0015000005078036338,0.00019999970390927047,0.010600000678095967,0.004000000444648322,0.7008000002315384
278,d33_u7,neutral,train,33,7,bc,3,1,1,0,0,0,1,1,0,ok,"{""sentences"": [""I hear you."", ""We can pause here for a moment.""], ""safety"": ""ok""}",1,2176,0.6831000000602216,0.001499999598308932,0.00019999970390927047,0.01049999991664663,0.004000000444648322,0.7036000006337417
279,d33_u8,happy,train,33,8,bc,3,1,1,0,0,0,1,1,0,ok,"{""sentences"": [""I hear you."", ""We can pause here for a moment.""], ""safety"": ""ok""}",1,2176,0.6898000001456239,0.0015000005078036338,0.00019999970390927047,0.010400000064691994,0.004200000148557592,0.7105000004230533
280,d33_u9,happy,train,33,9,bc,3,1,1,0,0,0,1,1,0,ok,"{""sentences"": [""I hear you."", ""We can pause here for a moment.""], ""safety"": ""ok""}",1,2176,0.6865999994261074,0.0015000005078036338,0.00019999970390927047,0.01049999991664663,0.004100000296602957,0.7074000004649861
281,d33_u10,neutral,train,33,10,bc,3,1,1,0,0,0,1,1,0,ok,"{""sentences"": [""I hear you."", ""We can pause here for a moment.""], ""safety"": ""ok""}",1,2176,0.68950000058976,0.0013999997463542968,0.00020000061340397224,0.01049999991664663,0.0039000005926936865,0.71010000010574
282,d34_u0,neutral,train,34,0,bc,3,1,1,0,0,0,1,1,0,ok,"{""sentences"": [""I hear you."", ""We can pause here for a moment.""], ""safety"": ""ok""}",1,2176,0.7015000001047156,0.001499999598308932,0.00019999970390927047,0.010900000233959872,0.004099999387108255,0.7223000002340996
283,d34_u1,neutral,train,34,1,bc,3,1,1,0,0,0,1,1,0,ok,"{""sentences"": [""I hear you."", ""We can pause here for a moment.""], ""safety"": ""ok""}",1,2176,0.8664999995744438,0.0015000005078036338,0.00019999970390927047,0.01049999991664663,0.004100000296602957,0.8870999999999185
284,d34_u2,neutral,train,34,2,bc,3,1,1,0,0,0,1,1,0,ok,"{""sentences"": [""I hear you."", ""We can pause here for a moment.""], ""safety"": ""ok""}",1,2176,0.7393999994746991,0.0015000005078036338,0.00019999970390927047,0.010299999303242657,0.0039000005926936865,0.759499999730906
285,d34_u3,happy,train,34,3,bc,3,1,1,0,0,0,1,1,0,ok,"{""sentences"": [""I hear you."", ""We can pause here for a moment.""], ""safety"": ""ok""}",1,2176,0.7506000001740176,0.0013999997463542968,0.00019999970390927047,0.010399999155197293,0.00399999953515362,0.7709000001341337
286,d34_u4,neutral,train,34,4,bc,3,1,1,0,0,0,1,1,0,ok,"{""sentences"": [""I hear you."", ""We can pause here for a moment.""], ""safety"": ""ok""}",1,2176,0.7448999995176564,0.0013999997463542968,0.00020000061340397224,0.010500000826141331,0.0038999996831989847,0.7713999993939069
287,d34_u5,neutral,train,34,5,bc,3,1,1,0,0,0,1,1,0,ok,"{""sentences"": [""I hear you."", ""We can pause here for a moment.""], ""safety"": ""ok""}",1,2176,0.6705999994665035,0.0013999997463542968,0.00019999970390927047,0.01049999991664663,0.004100000296602957,0.6911999998919782
288,d34_u6,neutral,train,34,6,bc,3,1,1,0,0,0,1,1,0,ok,"{""sentences"": [""I hear you."", ""We can pause here for a moment.""], ""safety"": ""ok""}",1,2176,0.6834000005255803,0.0013999997463542968,0.00019999970390927047,0.010599999768601265,0.004100000296602957,0.7039000001896056
289,d34_u7,neutral,train,34,7,bc,3,1,1,0,0,0,1,1,0,ok,"{""sentences"": [""I hear you."", ""We can pause here for a moment.""], ""safety"": ""ok""}",1,2176,0.7175000000643195,0.0013999997463542968,0.00019999970390927047,0.01049999991664663,0.004099999387108255,0.7380000006378395
290,d34_u8,neutral,train,34,8,bc,3,1,1,0,0,0,1,1,0,ok,"{""sentences"": [""I hear you."", ""We can pause here for a moment.""], ""safety"": ""ok""}",1,2176,0.7060000007186318,0.0015999994502635673,0.00019999970390927047,0.010599999768601265,0.004300000000512227,0.7271000004038797
291,d34_u10,neutral,train,34,10,bc,3,1,1,0,0,0,1,1,0,ok,"{""sentences"": [""I hear you."", ""We can pause here for a moment.""], ""safety"": ""ok""}",1,2176,0.7042000006549642,0.0013999997463542968,0.00019999970390927047,0.010599999768601265,0.004200000148557592,0.7249999998748535
292,d34_u11,neutral,train,34,11,bc,3,1,1,0,0,0,1,1,0,ok,"{""sentences"": [""I hear you."", ""We can pause here for a moment.""], ""safety"": ""ok""}",1,2176,0.7108999998308718,0.001499999598308932,0.00020000061340397224,0.010700000530050602,0.004300000000512227,0.732100000277569
293,d34_u12,neutral,train,34,12,bc,3,1,1,0,0,0,1,1,0,ok,"{""sentences"": [""I hear you."", ""We can pause here for a moment.""], ""safety"": ""ok""}",1,2176,0.7189999996626284,0.0015000005078036338,0.00019999970390927047,0.010799999472510535,0.00470000031782547,0.7406999993690988
294,d35_u1,happy,train,35,1,bc,3,1,1,0,0,0,1,1,0,ok,"{""sentences"": [""I hear you."", ""We can pause here for a moment.""], ""safety"": ""ok""}",1,2176,0.7070000001476728,0.001499999598308932,0.00020000061340397224,0.010700000530050602,0.004300000000512227,0.7279999999809661
295,d35_u2,happy,train,35,2,bc,3,1,1,0,0,0,1,1,0,ok,"{""sentences"": [""I hear you."", ""We can pause here for a moment.""], ""safety"": ""ok""}",1,2176,0.7133999997677165,0.001499999598308932,0.00019999970390927047,0.010700000530050602,0.004499999704421498,0.7348000008278177
296,d35_u3,happy,train,35,3,bc,3,1,1,0,0,0,1,1,0,ok,"{""sentences"": [""I hear you."", ""We can pause here for a moment.""], ""safety"": ""ok""}",1,2176,0.7081000003381632,0.0013999997463542968,0.00019999970390927047,0.010799999472510535,0.008199999683711212,0.7329000000027008
297,d35_u4,happy,train,35,4,bc,3,1,1,0,0,0,1,1,0,ok,"{""sentences"": [""I hear you."", ""We can pause here for a moment.""], ""safety"": ""ok""}",1,2176,0.7059999998091371,0.001499999598308932,0.00020000061340397224,0.017500000467407517,0.004399999852466863,0.7339999992836965
298,d35_u5,happy,train,35,5,bc,3,1,1,0,0,0,1,1,0,ok,"{""sentences"": [""I hear you."", ""We can pause here for a moment.""], ""safety"": ""ok""}",1,2176,0.7056000004013185,0.0017000002117129043,0.00019999970390927047,0.010700000530050602,0.004200000148557592,0.7267999999385211
299,d36_u0,neutral,train,36,0,bc,3,1,1,0,0,0,1,1,0,ok,"{""sentences"": [""I hear you."", ""We can pause here for a moment.""], ""safety"": ""ok""}",1,2176,0.7038999992801109,0.0015000005078036338,0.00019999970390927047,0.010599999768601265,0.004100000296602957,0.7247000003189896
300,d36_u1,neutral,train,36,1,bc,3,1,1,0,0,0,1,1,0,ok,"{""sentences"": [""I hear you."", ""We can pause here for a moment.""], ""safety"": ""ok""}",1,2176,0.7140999996408937,0.0013999997463542968,0.00020000061340397224,0.010600000678095967,0.004300000000512227,0.735000000531727
301,d36_u2,neutral,train,36,2,bc,3,1,1,0,0,0,1,1,0,ok,"{""sentences"": [""I hear you."", ""We can pause here for a moment.""], ""safety"": ""ok""}",1,2176,0.7083000000420725,0.0015999994502635673,0.00020000061340397224,0.010800000382005237,0.004300000000512227,0.729700000192679
302,d36_u3,neutral,train,36,3,bc,3,1,1,0,0,0,1,1,0,ok,"{""sentences"": [""I hear you."", ""We can pause here for a moment.""], ""safety"": ""ok""}",1,2176,0.7030999995549791,0.0013999997463542968,0.00020000061340397224,0.010800000382005237,0.004200000148557592,0.7241000002977671
303,d36_u4,sad,train,36,4,bc,3,1,1,0,0,0,1,1,0,ok,"{""sentences"": [""I hear you."", ""We can pause here for a moment.""], ""safety"": ""ok""}",1,2176,0.7087000003593857,0.0015000005078036338,0.00019999970390927047,0.010900000233959872,0.004300000000512227,0.7299999997485429
304,d36_u5,sad,train,36,5,bc,3,1,1,0,0,0,1,1,0,ok,"{""sentences"": [""I hear you."", ""We can pause here for a moment.""], ""safety"": ""ok""}",1,2176,0.7059999998091371,0.0013999997463542968,0.00019999970390927047,0.0106999996205559,0.004300000000512227,0.7271000004038797
305,d37_u0,neutral,train,37,0,bc,3,1,1,0,0,0,1,1,0,ok,"{""sentences"": [""I hear you."", ""We can pause here for a moment.""], ""safety"": ""ok""}",1,2176,1.5958999993017642,0.0014000006558489986,0.00030000046535860747,0.010599999768601265,0.0038999996831989847,1.616200000171375
306,d37_u1,happy,train,37,1,bc,3,1,1,0,0,0,1,1,0,ok,"{""sentences"": [""I hear you."", ""We can pause here for a moment.""], ""safety"": ""ok""}",1,2176,0.7581999998365063,0.001499999598308932,0.00019999970390927047,0.010599999768601265,0.004100000296602957,0.7786999995005317
307,d37_u2,happy,train,37,2,bc,3,1,1,0,0,0,1,1,0,ok,"{""sentences"": [""I hear you."", ""We can pause here for a moment.""], ""safety"": ""ok""}",1,2176,0.7754999996905099,0.0014000006558489986,0.00020000061340397224,0.010400000064691994,0.004000000444648322,0.7956999997986713
308,d38_u0,angry,train,38,0,bc,3,1,1,0,0,0,1,1,0,ok,"{""sentences"": [""I hear you."", ""We can pause here for a moment.""], ""safety"": ""ok""}",1,2176,0.7484999996449915,0.0012999998943996616,0.00019999970390927047,0.010400000064691994,0.00399999953515362,0.7688000005146023
309,d38_u1,neutral,train,38,1,bc,3,1,1,0,0,0,1,1,0,ok,"{""sentences"": [""I hear you."", ""We can pause here for a moment.""], ""safety"": ""ok""}",1,2176,0.7469000001947279,0.0013999997463542968,0.00019999970390927047,0.01049999991664663,0.004100000296602957,0.7673000000067987
310,d38_u2,happy,train,38,2,bc,3,1,1,0,0,0,1,1,0,ok,"{""sentences"": [""I hear you."", ""We can pause here for a moment.""], ""safety"": ""ok""}",1,2176,0.7525000000896398,0.0015000005078036338,0.00019999970390927047,0.010300000212737359,0.004000000444648322,0.7728000000497559
311,d38_u3,neutral,train,38,3,bc,3,1,1,0,0,0,1,1,0,ok,"{""sentences"": [""I hear you."", ""We can pause here for a moment.""], ""safety"": ""ok""}",1,2176,0.7472999996025464,0.0012999998943996616,0.00019999970390927047,0.010200000360782724,0.00399999953515362,0.7675000006202026
312,d38_u5,neutral,train,38,5,bc,3,1,1,0,0,0,1,1,0,ok,"{""sentences"": [""I hear you."", ""We can pause here for a moment.""], ""safety"": ""ok""}",1,2176,0.7501000000047497,0.001499999598308932,0.00020000061340397224,0.010300000212737359,0.004100000296602957,0.7703999999648659
313,d38_u6,angry,train,38,6,bc,3,1,1,0,0,0,1,1,0,ok,"{""sentences"": [""I hear you."", ""We can pause here for a moment.""], ""safety"": ""ok""}",1,2176,0.7770999991407734,0.0015000005078036338,0.00019999970390927047,0.010200000360782724,0.004100000296602957,0.797200000306475
314,d39_u0,angry,train,39,0,bc,3,1,1,0,0,0,1,1,0,ok,"{""sentences"": [""I hear you."", ""We can pause here for a moment.""], ""safety"": ""ok""}",1,2176,0.742799999898125,0.0013999997463542968,0.00019999970390927047,0.010299999303242657,0.00399999953515362,0.7630999998582411
315,d39_u1,angry,train,39,1,bc,3,1,1,0,0,0,1,1,0,ok,"{""sentences"": [""I hear you."", ""We can pause here for a moment.""], ""safety"": ""ok""}",1,2176,0.7376000003205263,0.0015000005078036338,0.00019999970390927047,0.010500000826141331,0.004099999387108255,0.7579000002806424
316,d39_u3,angry,train,39,3,bc,3,1,1,0,0,0,1,1,0,ok,"{""sentences"": [""I hear you."", ""We can pause here for a moment.""], ""safety"": ""ok""}",1,2176,0.7513000000471948,0.001600000359758269,0.00019999970390927047,0.02519999998185085,0.004200000148557592,0.7869000000937376
317,d39_u4,angry,train,39,4,bc,3,1,1,0,0,0,1,1,0,ok,"{""sentences"": [""I hear you."", ""We can pause here for a moment.""], ""safety"": ""ok""}",1,2176,0.6822000004831352,0.001499999598308932,0.00019999970390927047,0.010599999768601265,0.004200000148557592,0.7027999999991152
318,d39_u5,angry,train,39,5,bc,3,1,1,0,0,0,1,1,0,ok,"{""sentences"": [""I hear you."", ""We can pause here for a moment.""], ""safety"": ""ok""}",1,2176,0.692200000230514,0.0013999997463542968,0.00019999970390927047,0.010599999768601265,0.004300000000512227,0.7132000000638072
319,d39_u6,angry,train,39,6,bc,3,1,1,0,0,0,1,1,0,ok,"{""sentences"": [""I hear you."", ""We can pause here for a moment.""], ""safety"": ""ok""}",1,2176,0.6804000004194677,0.0013999997463542968,0.00019999970390927047,0.010599999768601265,0.004100000296602957,0.7009999999354477
320,d39_u7,happy,train,39,7,bc,3,1,1,0,0,0,1,1,0,ok,"{""sentences"": [""I hear you."", ""We can pause here for a moment.""], ""safety"": ""ok""}",1,2176,0.6924999997863779,0.0015000005078036338,0.0002999995558639057,0.010799999472510535,0.004200000148557592,0.713799999175535
321,d39_u8,neutral,train,39,8,bc,3,1,1,0,0,0,1,1,0,ok,"{""sentences"": [""I hear you."", ""We can pause here for a moment.""], ""safety"": ""ok""}",1,2176,0.7021999999778927,0.001499999598308932,0.00030000046535860747,0.01049999991664663,0.004200000148557592,0.7227999994938727
322,d39_u9,neutral,train,39,9,bc,3,1,1,0,0,0,1,1,0,ok,"{""sentences"": [""I hear you."", ""We can pause here for a moment.""], ""safety"": ""ok""}",1,2176,0.6836000002294895,0.001499999598308932,0.00020000061340397224,0.010599999768601265,0.00419999923906289,0.7045000002108281
323,d39_u11,neutral,train,39,11,bc,3,1,1,0,0,0,1,1,0,ok,"{""sentences"": [""I hear you."", ""We can pause here for a moment.""], ""safety"": ""ok""}",1,2176,0.688099999933911,0.0013999997463542968,0.00019999970390927047,0.010800000382005237,0.004200000148557592,0.7249000000228989
324,d39_u12,neutral,train,39,12,bc,3,1,1,0,0,0,1,1,0,ok,"{""sentences"": [""I hear you."", ""We can pause here for a moment.""], ""safety"": ""ok""}",1,2176,0.701400000252761,0.001499999598308932,0.00030000046535860747,0.010900000233959872,0.004300000000512227,0.7226999996419181
325,d39_u13,neutral,train,39,13,bc,3,1,1,0,0,0,1,1,0,ok,"{""sentences"": [""I hear you."", ""We can pause here for a moment.""], ""safety"": ""ok""}",1,2176,0.7984999992913799,0.001600000359758269,0.00019999970390927047,0.010800000382005237,0.004100000296602957,0.8197000006475719
326,d39_u14,neutral,train,39,14,bc,3,1,1,0,0,0,1,1,0,ok,"{""sentences"": [""I hear you."", ""We can pause here for a moment.""], ""safety"": ""ok""}",1,2176,0.7331999995585647,0.0015000005078036338,0.00019999970390927047,0.010599999768601265,0.004100000296602957,0.7541000004493981
327,d39_u15,angry,train,39,15,bc,3,1,1,0,0,0,1,1,0,ok,"{""sentences"": [""I hear you."", ""We can pause here for a moment.""], ""safety"": ""ok""}",1,2176,0.685699999849021,0.0014000006558489986,0.00019999970390927047,0.010500000826141331,0.004099999387108255,0.706200000422541
328,d39_u16,angry,train,39,16,bc,3,1,1,0,0,0,1,1,0,ok,"{""sentences"": [""I hear you."", ""We can pause here for a moment.""], ""safety"": ""ok""}",1,2176,0.6806999999753316,0.0014000006558489986,0.00020000061340397224,0.010400000064691994,0.004300000000512227,0.7013000004008063
329,d39_u17,angry,train,39,17,bc,3,1,1,0,0,0,1,1,0,ok,"{""sentences"": [""I hear you."", ""We can pause here for a moment.""], ""safety"": ""ok""}",1,2176,0.6904000001668464,0.0013999997463542968,0.00030000046535860747,0.010700000530050602,0.004099999387108255,0.7113000001481851
330,d39_u18,angry,train,39,18,bc,3,1,1,0,0,0,1,1,0,ok,"{""sentences"": [""I hear you."", ""We can pause here for a moment.""], ""safety"": ""ok""}",1,2176,0.703599999724247,0.0015000005078036338,0.00019999970390927047,0.011099999937869143,0.004300000000512227,0.7249999998748535
331,d40_u0,angry,train,40,0,bc,3,1,1,0,0,0,1,1,0,ok,"{""sentences"": [""I hear you."", ""We can pause here for a moment.""], ""safety"": ""ok""}",1,2176,0.7091999996191589,0.001499999598308932,0.0002999995558639057,0.010900000233959872,0.004099999387108255,0.7303000002139015
332,d40_u1,angry,train,40,1,bc,3,1,1,0,0,0,1,1,0,ok,"{""sentences"": [""I hear you."", ""We can pause here for a moment.""], ""safety"": ""ok""}",1,2176,0.701400000252761,0.0012999998943996616,0.00030000046535860747,0.010599999768601265,0.004300000000512227,0.7223000002340996
333,d40_u2,neutral,train,40,2,bc,3,1,1,0,0,0,1,1,0,ok,"{""sentences"": [""I hear you."", ""We can pause here for a moment.""], ""safety"": ""ok""}",1,2176,0.6835000003775349,0.0013999997463542968,0.00020000061340397224,0.010700000530050602,0.004099999387108255,0.7044000003588735
334,d40_u3,neutral,train,40,3,bc,3,1,1,0,0,0,1,1,0,ok,"{""sentences"": [""I hear you."", ""We can pause here for a moment.""], ""safety"": ""ok""}",1,2176,0.6978000001254259,0.0015000005078036338,0.00020000061340397224,0.010700000530050602,0.004100000296602957,0.7187000001067645
335,d40_u4,neutral,train,40,4,bc,3,1,1,0,0,0,1,1,0,ok,"{""sentences"": [""I hear you."", ""We can pause here for a moment.""], ""safety"": ""ok""}",1,2176,0.6843000001026667,0.0013999997463542968,0.00019999970390927047,0.0106999996205559,0.004100000296602957,0.7049999994706013
336,d40_u5,neutral,train,40,5,bc,3,1,1,0,0,0,1,1,0,ok,"{""sentences"": [""I hear you."", ""We can pause here for a moment.""], ""safety"": ""ok""}",1,2176,0.7108999998308718,0.0015000005078036338,0.00019999970390927047,0.01089999932446517,0.004100000296602957,0.7318999996641651
337,d40_u6,happy,train,40,6,bc,3,1,1,0,0,0,1,1,0,ok,"{""sentences"": [""I hear you."", ""We can pause here for a moment.""], ""safety"": ""ok""}",1,2176,0.7182999997894512,0.0015000005078036338,0.00019999970390927047,0.010600000678095967,0.004300000000512227,0.7391999997707899
338,d40_u7,neutral,train,40,7,bc,3,1,1,0,0,0,1,1,0,ok,"{""sentences"": [""I hear you."", ""We can pause here for a moment.""], ""safety"": ""ok""}",1,2176,0.706499999978405,0.001499999598308932,0.00020000061340397224,0.010599999768601265,0.004100000296602957,0.7273999999597436
339,d40_u10,neutral,train,40,10,bc,3,1,1,0,0,0,1,1,0,ok,"{""sentences"": [""I hear you."", ""We can pause here for a moment.""], ""safety"": ""ok""}",1,2176,0.7140999996408937,0.0015999994502635673,0.00020000061340397224,0.010900000233959872,0.004200000148557592,0.7353999999395455
340,d40_u12,happy,train,40,12,bc,3,1,1,0,0,0,1,1,0,ok,"{""sentences"": [""I hear you."", ""We can pause here for a moment.""], ""safety"": ""ok""}",1,2176,0.7069999992381781,0.0015000005078036338,0.00019999970390927047,0.010799999472510535,0.004200000148557592,0.7280999998329207
341,d40_u13,sad,train,40,13,bc,3,1,1,0,0,0,1,1,0,ok,"{""sentences"": [""I hear you."", ""We can pause here for a moment.""], ""safety"": ""ok""}",1,2176,0.7107000001269625,0.0015000005078036338,0.00020000061340397224,0.01049999991664663,0.004100000296602957,0.7311999997909879
342,d40_u14,sad,train,40,14,bc,3,1,1,0,0,0,1,1,0,ok,"{""sentences"": [""I hear you."", ""We can pause here for a moment.""], ""safety"": ""ok""}",1,2176,0.6942999998500454,0.0014000006558489986,0.0002999995558639057,0.01049999991664663,0.004100000296602957,0.7152999996833387
343,d41_u0,sad,train,41,0,bc,3,1,1,0,0,0,1,1,0,ok,"{""sentences"": [""I hear you."", ""We can pause here for a moment.""], ""safety"": ""ok""}",1,2176,0.6863999997221981,0.0013999997463542968,0.00020000061340397224,0.010700000530050602,0.004100000296602957,0.7074000004649861
344,d41_u2,neutral,train,41,2,bc,3,1,1,0,0,0,1,1,0,ok,"{""sentences"": [""I hear you."", ""We can pause here for a moment.""], ""safety"": ""ok""}",1,2176,0.6948000000193133,0.0014000006558489986,0.00019999970390927047,0.010400000064691994,0.004100000296602957,0.7150000001274748
345,d41_u3,neutral,train,41,3,bc,3,1,1,0,0,0,1,1,0,ok,"{""sentences"": [""I hear you."", ""We can pause here for a moment.""], ""safety"": ""ok""}",1,2176,0.7044999993013334,0.0015000005078036338,0.00019999970390927047,0.010799999472510535,0.004200000148557592,0.725599999896076
346,d41_u4,neutral,train,41,4,bc,3,1,1,0,0,0,1,1,0,ok,"{""sentences"": [""I hear you."", ""We can pause here for a moment.""], ""safety"": ""ok""}",1,2176,0.698499999998603,0.001499999598308932,0.00019999970390927047,0.0106999996205559,0.00419999923906289,0.7196000005933456
347,d41_u6,neutral,train,41,6,bc,3,1,1,0,0,0,1,1,0,ok,"{""sentences"": [""I hear you."", ""We can pause here for a moment.""], ""safety"": ""ok""}",1,2176,0.857900000482914,0.001600000359758269,0.00019999970390927047,0.011000000085914508,0.004200000148557592,0.8792999997240258
348,d41_u7,neutral,train,41,7,bc,3,1,1,0,0,0,1,1,0,ok,"{""sentences"": [""I hear you."", ""We can pause here for a moment.""], ""safety"": ""ok""}",1,2176,0.724600000467035,0.0015000005078036338,0.00019999970390927047,0.010599999768601265,0.004300000000512227,0.7452999998349696
349,d41_u8,neutral,train,41,8,bc,3,1,1,0,0,0,1,1,0,ok,"{""sentences"": [""I hear you."", ""We can pause here for a moment.""], ""safety"": ""ok""}",1,2176,0.6872000003568246,0.0013999997463542968,0.0002999995558639057,0.01049999991664663,0.004100000296602957,0.7078999997247593
350,d41_u9,neutral,train,41,9,bc,3,1,1,0,0,0,1,1,0,ok,"{""sentences"": [""I hear you."", ""We can pause here for a moment.""], ""safety"": ""ok""}",1,2176,0.6885000002512243,0.0013999997463542968,0.00019999970390927047,0.0106999996205559,0.004100000296602957,0.7092999994711136
351,d41_u10,neutral,train,41,10,bc,3,1,1,0,0,0,1,1,0,ok,"{""sentences"": [""I hear you."", ""We can pause here for a moment.""], ""safety"": ""ok""}",1,2176,0.6929999999556458,0.001499999598308932,0.00030000046535860747,0.01049999991664663,0.004000000444648322,0.7133999997677165
352,d41_u11,neutral,train,41,11,bc,3,1,1,0,0,0,1,1,0,ok,"{""sentences"": [""I hear you."", ""We can pause here for a moment.""], ""safety"": ""ok""}",1,2176,0.6855999999970663,0.001499999598308932,0.00020000061340397224,0.010599999768601265,0.0039000005926936865,0.7061000005705864
353,d41_u13,neutral,train,41,13,bc,3,1,1,0,0,0,1,1,0,ok,"{""sentences"": [""I hear you."", ""We can pause here for a moment.""], ""safety"": ""ok""}",1,2176,0.7508000007874216,0.0015000005078036338,0.00019999970390927047,0.01049999991664663,0.004200000148557592,0.7715000001553562
354,d42_u0,neutral,train,42,0,bc,3,1,1,0,0,0,1,1,0,ok,"{""sentences"": [""I hear you."", ""We can pause here for a moment.""], ""safety"": ""ok""}",1,2176,0.6874000000607339,0.0013999997463542968,0.00019999970390927047,0.010799999472510535,0.004100000296602957,0.7083999998940271
355,d43_u0,neutral,train,43,0,bc,3,1,1,0,0,0,1,1,0,ok,"{""sentences"": [""I hear you."", ""We can pause here for a moment.""], ""safety"": ""ok""}",1,2176,0.6869999997434206,0.001600000359758269,0.00019999970390927047,0.0106999996205559,0.004100000296602957,0.7077999998728046
356,d43_u1,neutral,train,43,1,bc,3,1,1,0,0,0,1,1,0,ok,"{""sentences"": [""I hear you."", ""We can pause here for a moment.""], ""safety"": ""ok""}",1,2176,0.6987999995544669,0.0013999997463542968,0.00020000061340397224,0.0106999996205559,0.00419999923906289,0.719500000741391
357,d43_u2,neutral,train,43,2,bc,3,1,1,0,0,0,1,1,0,ok,"{""sentences"": [""I hear you."", ""We can pause here for a moment.""], ""safety"": ""ok""}",1,2176,0.6979999998293351,0.0015000005078036338,0.00019999970390927047,0.01049999991664663,0.00419999923906289,0.7185000004028552
358,d43_u3,neutral,train,43,3,bc,3,1,1,0,0,0,1,1,0,ok,"{""sentences"": [""I hear you."", ""We can pause here for a moment.""], ""safety"": ""ok""}",1,2176,0.7126999998945394,0.0014000006558489986,0.00019999970390927047,0.01089999932446517,0.00419999923906289,0.7339000003412366
359,d43_u4,neutral,train,43,4,bc,3,1,1,0,0,0,1,1,0,ok,"{""sentences"": [""I hear you."", ""We can pause here for a moment.""], ""safety"": ""ok""}",1,2176,0.7071999998515821,0.001499999598308932,0.00019999970390927047,0.011000000085914508,0.004200000148557592,0.728500000150234
360,d43_u5,neutral,train,43,5,bc,3,1,1,0,0,0,1,1,0,ok,"{""sentences"": [""I hear you."", ""We can pause here for a moment.""], ""safety"": ""ok""}",1,2176,0.7132000000638072,0.001499999598308932,0.00019999970390927047,0.01049999991664663,0.004200000148557592,0.7340000001931912
361,d43_u6,neutral,train,43,6,bc,3,1,1,0,0,0,1,1,0,ok,"{""sentences"": [""I hear you."", ""We can pause here for a moment.""], ""safety"": ""ok""}",1,2176,0.6877999994685524,0.0013999997463542968,0.00020000061340397224,0.01049999991664663,0.004200000148557592,0.7083000000420725
362,d44_u0,neutral,train,44,0,bc,3,1,1,0,0,0,1,1,0,ok,"{""sentences"": [""I hear you."", ""We can pause here for a moment.""], ""safety"": ""ok""}",1,2176,0.711599999704049,0.001600000359758269,0.00019999970390927047,0.010600000678095967,0.004200000148557592,0.732399999833433
363,d44_u2,neutral,train,44,2,bc,3,1,1,0,0,0,1,1,0,ok,"{""sentences"": [""I hear you."", ""We can pause here for a moment.""], ""safety"": ""ok""}",1,2176,0.7187999999587191,0.0013999997463542968,0.00019999970390927047,0.010900000233959872,0.004200000148557592,0.7399000005534617
364,d45_u0,sad,train,45,0,bc,3,1,1,0,0,0,1,1,0,ok,"{""sentences"": [""I hear you."", ""We can pause here for a moment.""], ""safety"": ""ok""}",1,2176,0.7378000000244356,0.001499999598308932,0.00019999970390927047,0.010599999768601265,0.004200000148557592,0.7587000000057742
365,d45_u2,neutral,train,45,2,bc,3,1,1,0,0,0,1,1,0,ok,"{""sentences"": [""I hear you."", ""We can pause here for a moment.""], ""safety"": ""ok""}",1,2176,0.6839999996373081,0.0012999998943996616,0.00019999970390927047,0.010599999768601265,0.004100000296602957,0.7046999999147374
366,d45_u3,angry,train,45,3,bc,3,1,1,0,0,0,1,1,0,ok,"{""sentences"": [""I hear you."", ""We can pause here for a moment.""], ""safety"": ""ok""}",1,2176,0.6857999997009756,0.0013999997463542968,0.00020000061340397224,0.010599999768601265,0.004300000000512227,0.7068000004437636
367,d45_u4,neutral,train,45,4,bc,3,1,1,0,0,0,1,1,0,ok,"{""sentences"": [""I hear you."", ""We can pause here for a moment.""], ""safety"": ""ok""}",1,2176,0.7109000007403665,0.001499999598308932,0.00019999970390927047,0.010799999472510535,0.00419999923906289,0.732100000277569
368,d46_u0,happy,train,46,0,bc,3,1,1,0,0,0,1,1,0,ok,"{""sentences"": [""I hear you."", ""We can pause here for a moment.""], ""safety"": ""ok""}",1,2176,0.699900000654452,0.0015000005078036338,0.00019999970390927047,0.011000000085914508,0.004200000148557592,0.7213999997475185
369,d46_u2,angry,train,46,2,bc,3,1,1,0,0,0,1,1,0,ok,"{""sentences"": [""I hear you."", ""We can pause here for a moment.""], ""safety"": ""ok""}",1,2176,0.7429999996020342,0.001499999598308932,0.00019999970390927047,0.010700000530050602,0.004100000296602957,0.7637999997314182
370,d46_u4,neutral,train,46,4,bc,3,1,1,0,0,0,1,1,0,ok,"{""sentences"": [""I hear you."", ""We can pause here for a moment.""], ""safety"": ""ok""}",1,2176,0.7147000005716109,0.0013999997463542968,0.00020000061340397224,0.011099999937869143,0.004300000000512227,0.7361000007222174
371,d46_u5,neutral,train,46,5,bc,3,1,1,0,0,0,1,1,0,ok,"{""sentences"": [""I hear you."", ""We can pause here for a moment.""], ""safety"": ""ok""}",1,2176,0.7120000000213622,0.0015000005078036338,0.00020000061340397224,0.010800000382005237,0.004100000296602957,0.7328000001507462
372,d46_u6,angry,train,46,6,bc,3,1,1,0,0,0,1,1,0,ok,"{""sentences"": [""I hear you."", ""We can pause here for a moment.""], ""safety"": ""ok""}",1,2176,0.6833000006736256,0.001499999598308932,0.00019999970390927047,0.0106999996205559,0.004200000148557592,0.7040000000415603
373,d46_u8,happy,train,46,8,bc,3,1,1,0,0,0,1,1,0,ok,"{""sentences"": [""I hear you."", ""We can pause here for a moment.""], ""safety"": ""ok""}",1,2176,0.6929999999556458,0.0013999997463542968,0.00020000061340397224,0.010599999768601265,0.004200000148557592,0.713799999175535
374,d46_u9,happy,train,46,9,bc,3,1,1,0,0,0,1,1,0,ok,"{""sentences"": [""I hear you."", ""We can pause here for a moment.""], ""safety"": ""ok""}",1,2176,0.7067000005918089,0.0015999994502635673,0.00019999970390927047,0.011199999789823778,0.00419999923906289,0.7283000004463247
375,d46_u10,neutral,train,46,10,bc,3,1,1,0,0,0,1,1,0,ok,"{""sentences"": [""I hear you."", ""We can pause here for a moment.""], ""safety"": ""ok""}",1,2176,0.7253000003402121,0.001600000359758269,0.00020000061340397224,0.010700000530050602,0.004200000148557592,0.74640000002546
376,d46_u12,happy,train,46,12,bc,3,1,1,0,0,0,1,1,0,ok,"{""sentences"": [""I hear you."", ""We can pause here for a moment.""], ""safety"": ""ok""}",1,2176,0.6850999998277985,0.001499999598308932,0.00019999970390927047,0.010599999768601265,0.004200000148557592,0.7057000002532732
377,d46_u14,happy,train,46,14,bc,3,1,1,0,0,0,1,1,0,ok,"{""sentences"": [""I hear you."", ""We can pause here for a moment.""], ""safety"": ""ok""}",1,2176,0.6845999996585306,0.001600000359758269,0.00019999970390927047,0.010800000382005237,0.004200000148557592,0.7055999994918238
378,d47_u0,neutral,train,47,0,bc,3,1,1,0,0,0,1,1,0,ok,"{""sentences"": [""I hear you."", ""We can pause here for a moment.""], ""safety"": ""ok""}",1,2176,0.7125000001906301,0.0015999994502635673,0.00020000061340397224,0.010900000233959872,0.004399999852466863,0.7340000001931912
379,d47_u1,neutral,train,47,1,bc,3,1,1,0,0,0,1,1,0,ok,"{""sentences"": [""I hear you."", ""We can pause here for a moment.""], ""safety"": ""ok""}",1,2176,0.7049999994706013,0.001600000359758269,0.00019999970390927047,0.011099999937869143,0.004200000148557592,0.7263999996212078
380,d47_u2,neutral,train,47,2,bc,3,1,1,0,0,0,1,1,0,ok,"{""sentences"": [""I hear you."", ""We can pause here for a moment.""], ""safety"": ""ok""}",1,2176,0.7009000000834931,0.001499999598308932,0.00030000046535860747,0.010900000233959872,0.004300000000512227,0.7222999993246049
381,d47_u3,neutral,train,47,3,bc,3,1,1,0,0,0,1,1,0,ok,"{""sentences"": [""I hear you."", ""We can pause here for a moment.""], ""safety"": ""ok""}",1,2176,0.7243000000016764,0.0013999997463542968,0.00019999970390927047,0.0106999996205559,0.004099999387108255,0.745199999983015
382,d47_u4,neutral,train,47,4,bc,3,1,1,0,0,0,1,1,0,ok,"{""sentences"": [""I hear you."", ""We can pause here for a moment.""], ""safety"": ""ok""}",1,2176,0.6862999998702435,0.0015000005078036338,0.00019999970390927047,0.010600000678095967,0.00399999953515362,0.7067999995342689
383,d47_u5,neutral,train,47,5,bc,3,1,1,0,0,0,1,1,0,ok,"{""sentences"": [""I hear you."", ""We can pause here for a moment.""], ""safety"": ""ok""}",1,2176,0.6862000000182888,0.0015000005078036338,0.00019999970390927047,0.010800000382005237,0.004200000148557592,0.7071999998515821
384,d47_u6,neutral,train,47,6,bc,3,1,1,0,0,0,1,1,0,ok,"{""sentences"": [""I hear you."", ""We can pause here for a moment.""], ""safety"": ""ok""}",1,2176,0.724399999853631,0.001600000359758269,0.00019999970390927047,0.010900000233959872,0.004200000148557592,0.7457000001522829
385,d47_u7,happy,train,47,7,bc,3,1,1,0,0,0,1,1,0,ok,"{""sentences"": [""I hear you."", ""We can pause here for a moment.""], ""safety"": ""ok""}",1,2176,0.699700000041048,0.001600000359758269,0.00019999970390927047,0.011000000085914508,0.004100000296602957,0.7212000000436092
386,d47_u8,neutral,train,47,8,bc,3,1,1,0,0,0,1,1,0,ok,"{""sentences"": [""I hear you."", ""We can pause here for a moment.""], ""safety"": ""ok""}",1,2176,0.7248000001709443,0.001499999598308932,0.00019999970390927047,0.01049999991664663,0.004100000296602957,0.7455000004483736
387,d47_u9,neutral,train,47,9,bc,3,1,1,0,0,0,1,1,0,ok,"{""sentences"": [""I hear you."", ""We can pause here for a moment.""], ""safety"": ""ok""}",1,2176,0.6940999992366415,0.0015000005078036338,0.00019999970390927047,0.0106999996205559,0.004200000148557592,0.715199999831384
388,d47_u12,neutral,train,47,12,bc,3,1,1,0,0,0,1,1,0,ok,"{""sentences"": [""I hear you."", ""We can pause here for a moment.""], ""safety"": ""ok""}",1,2176,0.7488000001103501,0.0015999994502635673,0.00020000061340397224,0.011000000085914508,0.004299999091017526,0.7703999999648659
389,d47_u14,neutral,train,47,14,bc,3,1,1,0,0,0,1,1,0,ok,"{""sentences"": [""I hear you."", ""We can pause here for a moment.""], ""safety"": ""ok""}",1,2176,0.7283999993887846,0.0014000006558489986,0.00019999970390927047,0.010700000530050602,0.004100000296602957,0.749300000279618
390,d47_u15,happy,train,47,15,bc,3,1,1,0,0,0,1,1,0,ok,"{""sentences"": [""I hear you."", ""We can pause here for a moment.""], ""safety"": ""ok""}",1,2176,0.6843000001026667,0.0013999997463542968,0.00019999970390927047,0.010799999472510535,0.004100000296602957,0.705099999322556
391,d47_u16,happy,train,47,16,bc,3,1,1,0,0,0,1,1,0,ok,"{""sentences"": [""I hear you."", ""We can pause here for a moment.""], ""safety"": ""ok""}",1,2176,0.8048999998209183,0.0015000005078036338,0.00019999970390927047,0.01120000069931848,0.004399999852466863,0.8265999995273887
392,d47_u17,neutral,train,47,17,bc,3,1,1,0,0,0,1,1,0,ok,"{""sentences"": [""I hear you."", ""We can pause here for a moment.""], ""safety"": ""ok""}",1,2176,0.7526999997935491,0.001600000359758269,0.00019999970390927047,0.011199999789823778,0.004399999852466863,0.7744999993519741
393,d48_u0,neutral,train,48,0,bc,3,1,1,0,0,0,1,1,0,ok,"{""sentences"": [""I hear you."", ""We can pause here for a moment.""], ""safety"": ""ok""}",1,2176,0.7157999998526066,0.001499999598308932,0.00019999970390927047,0.010599999768601265,0.004200000148557592,0.7367999996858998
394,d49_u0,neutral,train,49,0,bc,3,1,1,0,0,0,1,1,0,ok,"{""sentences"": [""I hear you."", ""We can pause here for a moment.""], ""safety"": ""ok""}",1,2176,0.7003000000622706,0.001499999598308932,0.00019999970390927047,0.0106999996205559,0.004099999387108255,0.7212999998955638
395,d49_u1,neutral,train,49,1,bc,3,1,1,0,0,0,1,1,0,ok,"{""sentences"": [""I hear you."", ""We can pause here for a moment.""], ""safety"": ""ok""}",1,2176,0.6851000007372932,0.001499999598308932,0.00019999970390927047,0.0106999996205559,0.004300000000512227,0.706200000422541
396,d49_u2,angry,train,49,2,bc,3,1,1,0,0,0,1,1,0,ok,"{""sentences"": [""I hear you."", ""We can pause here for a moment.""], ""safety"": ""ok""}",1,2176,0.6874000000607339,0.0013999997463542968,0.00020000061340397224,0.0106999996205559,0.004300000000512227,0.7082000001901179
397,d49_u3,happy,train,49,3,bc,3,1,1,0,0,0,1,1,0,ok,"{""sentences"": [""I hear you."", ""We can pause here for a moment.""], ""safety"": ""ok""}",1,2176,0.6977000002734712,0.0013999997463542968,0.00019999970390927047,0.010799999472510535,0.004099999387108255,0.7183999996414059
398,d49_u5,neutral,train,49,5,bc,3,1,1,0,0,0,1,1,0,ok,"{""sentences"": [""I hear you."", ""We can pause here for a moment.""], ""safety"": ""ok""}",1,2176,0.6881999997858657,0.0013999997463542968,0.00019999970390927047,0.010799999472510535,0.004100000296602957,0.7089999999152496
399,d49_u6,neutral,train,49,6,bc,3,1,1,0,0,0,1,1,0,ok,"{""sentences"": [""I hear you."", ""We can pause here for a moment.""], ""safety"": ""ok""}",1,2176,0.6883999994897749,0.0015000005078036338,0.00019999970390927047,0.010800000382005237,0.004100000296602957,0.7091999996191589
400,d49_u7,neutral,train,49,7,bc,3,1,1,0,0,0,1,1,0,ok,"{""sentences"": [""I hear you."", ""We can pause here for a moment.""], ""safety"": ""ok""}",1,2176,0.7362999995166319,0.0015999994502635673,0.00019999970390927047,0.0106999996205559,0.004200000148557592,0.7574999999633292
401,d49_u8,neutral,train,49,8,bc,3,1,1,0,0,0,1,1,0,ok,"{""sentences"": [""I hear you."", ""We can pause here for a moment.""], ""safety"": ""ok""}",1,2176,0.7120000000213622,0.0014000006558489986,0.00020000061340397224,0.01049999991664663,0.004099999387108255,0.7326999993892969
402,d49_u9,happy,train,49,9,bc,3,1,1,0,0,0,1,1,0,ok,"{""sentences"": [""I hear you."", ""We can pause here for a moment.""], ""safety"": ""ok""}",1,2176,0.6921000003785593,0.001499999598308932,0.00019999970390927047,0.0106999996205559,0.004300000000512227,0.7130999993023579
403,d49_u10,neutral,train,49,10,bc,3,1,1,0,0,0,1,1,0,ok,"{""sentences"": [""I hear you."", ""We can pause here for a moment.""], ""safety"": ""ok""}",1,2176,0.7457000001522829,0.0013999997463542968,0.00020000061340397224,0.010700000530050602,0.004099999387108255,0.7665000002816669
404,d49_u11,neutral,train,49,11,bc,3,1,1,0,0,0,1,1,0,ok,"{""sentences"": [""I hear you."", ""We can pause here for a moment.""], ""safety"": ""ok""}",1,2176,0.6859000004624249,0.0013999997463542968,0.00019999970390927047,0.010599999768601265,0.004300000000512227,0.7066999996823142
405,d49_u12,sad,train,49,12,bc,3,1,1,0,0,0,1,1,0,ok,"{""sentences"": [""I hear you."", ""We can pause here for a moment.""], ""safety"": ""ok""}",1,2176,0.7063000002744957,0.0015000005078036338,0.0002999995558639057,0.01089999932446517,0.004100000296602957,0.7275999996636529
406,d49_u14,neutral,train,49,14,bc,3,1,1,0,0,0,1,1,0,ok,"{""sentences"": [""I hear you."", ""We can pause here for a moment.""], ""safety"": ""ok""}",1,2176,0.7015000001047156,0.0013999997463542968,0.00019999970390927047,0.010900000233959872,0.004200000148557592,0.7227999994938727
407,d49_u16,neutral,train,49,16,bc,3,1,1,0,0,0,1,1,0,ok,"{""sentences"": [""I hear you."", ""We can pause here for a moment.""], ""safety"": ""ok""}",1,2176,0.7085999995979364,0.0015000005078036338,0.00019999970390927047,0.010800000382005237,0.004200000148557592,0.7298000000446336
408,d49_u17,neutral,train,49,17,bc,3,1,1,0,0,0,1,1,0,ok,"{""sentences"": [""I hear you."", ""We can pause here for a moment.""], ""safety"": ""ok""}",1,2176,0.7085000006554765,0.001499999598308932,0.000100000761449337,0.010900000233959872,0.004300000000512227,0.7299999997485429
409,d49_u19,neutral,train,49,19,bc,3,1,1,0,0,0,1,1,0,ok,"{""sentences"": [""I hear you."", ""We can pause here for a moment.""], ""safety"": ""ok""}",1,2176,0.7155000002967427,0.0013999997463542968,0.00020000061340397224,0.010900000233959872,0.004100000296602957,0.7365999999819905
410,d49_u21,angry,train,49,21,bc,3,1,1,0,0,0,1,1,0,ok,"{""sentences"": [""I hear you."", ""We can pause here for a moment.""], ""safety"": ""ok""}",1,2176,0.6984000001466484,0.001499999598308932,0.00019999970390927047,0.0106999996205559,0.004100000296602957,0.719300000127987
411,d50_u0,happy,train,50,0,bc,3,1,1,0,0,0,1,1,0,ok,"{""sentences"": [""I hear you."", ""We can pause here for a moment.""], ""safety"": ""ok""}",1,2176,0.69199999961711,0.0015000005078036338,0.00019999970390927047,0.01049999991664663,0.004100000296602957,0.7126000000425847
412,d50_u1,angry,train,50,1,bc,3,1,1,0,0,0,1,1,0,ok,"{""sentences"": [""I hear you."", ""We can pause here for a moment.""], ""safety"": ""ok""}",1,2176,0.6864000006316928,0.001499999598308932,0.00019999970390927047,0.03229999947507167,0.0045000006139162,0.7291000001714565
413,d50_u3,neutral,train,50,3,bc,3,1,1,0,0,0,1,1,0,ok,"{""sentences"": [""I hear you."", ""We can pause here for a moment.""], ""safety"": ""ok""}",1,2176,0.9579999996276456,0.0017000002117129043,0.00030000046535860747,0.011299999641778413,0.004399999852466863,0.9804000001167879
414,d50_u4,neutral,train,50,4,bc,3,1,1,0,0,0,1,1,0,ok,"{""sentences"": [""I hear you."", ""We can pause here for a moment.""], ""safety"": ""ok""}",1,2176,0.8367999998881714,0.001600000359758269,0.00019999970390927047,0.010999999176419806,0.004399999852466863,0.8586999992985511
415,d50_u7,sad,train,50,7,bc,3,1,1,0,0,0,1,1,0,ok,"{""sentences"": [""I hear you."", ""We can pause here for a moment.""], ""safety"": ""ok""}",1,2176,0.7203000004665228,0.0013999997463542968,0.00019999970390927047,0.0106999996205559,0.004200000148557592,0.741099999686412
416,d50_u8,happy,train,50,8,bc,3,1,1,0,0,0,1,1,0,ok,"{""sentences"": [""I hear you."", ""We can pause here for a moment.""], ""safety"": ""ok""}",1,2176,0.7003000000622706,0.0015999994502635673,0.00020000061340397224,0.010700000530050602,0.004099999387108255,0.7212000000436092
417,d50_u11,neutral,train,50,11,bc,3,1,1,0,0,0,1,1,0,ok,"{""sentences"": [""I hear you."", ""We can pause here for a moment.""], ""safety"": ""ok""}",1,2176,0.6914000005053822,0.001499999598308932,0.00020000061340397224,0.010700000530050602,0.004099999387108255,0.7123000004867208
418,d50_u12,neutral,train,50,12,bc,3,1,1,0,0,0,1,1,0,ok,"{""sentences"": [""I hear you."", ""We can pause here for a moment.""], ""safety"": ""ok""}",1,2176,0.6923999999344232,0.0014000006558489986,0.00019999970390927047,0.010700000530050602,0.004300000000512227,0.7133999997677165
419,d50_u13,angry,train,50,13,bc,3,1,1,0,0,0,1,1,0,ok,"{""sentences"": [""I hear you."", ""We can pause here for a moment.""], ""safety"": ""ok""}",1,2176,0.7046000000627828,0.001600000359758269,0.00019999970390927047,0.010800000382005237,0.004200000148557592,0.725599999896076
420,d50_u15,angry,train,50,15,bc,3,1,1,0,0,0,1,1,0,ok,"{""sentences"": [""I hear you."", ""We can pause here for a moment.""], ""safety"": ""ok""}",1,2176,0.6931000007170951,0.001499999598308932,0.0002999995558639057,0.0106999996205559,0.004300000000512227,0.7140999996408937
421,d50_u16,neutral,train,50,16,bc,3,1,1,0,0,0,1,1,0,ok,"{""sentences"": [""I hear you."", ""We can pause here for a moment.""], ""safety"": ""ok""}",1,2176,0.7541000004493981,0.001499999598308932,0.00030000046535860747,0.010800000382005237,0.004200000148557592,0.7752999999866006
422,d51_u0,neutral,train,51,0,bc,3,1,1,0,0,0,1,1,0,ok,"{""sentences"": [""I hear you."", ""We can pause here for a moment.""], ""safety"": ""ok""}",1,2176,0.6954000000405358,0.0014000006558489986,0.00020000061340397224,0.010599999768601265,0.00419999923906289,0.7160000004660105
423,d51_u1,sad,train,51,1,bc,3,1,1,0,0,0,1,1,0,ok,"{""sentences"": [""I hear you."", ""We can pause here for a moment.""], ""safety"": ""ok""}",1,2176,0.6861000001663342,0.0013999997463542968,0.00019999970390927047,0.010600000678095967,0.004200000148557592,0.7069000002957182
424,d51_u2,neutral,train,51,2,bc,3,1,1,0,0,0,1,1,0,ok,"{""sentences"": [""I hear you."", ""We can pause here for a moment.""], ""safety"": ""ok""}",1,2176,0.6935000001249136,0.0013999997463542968,0.00019999970390927047,0.010599999768601265,0.004200000148557592,0.7144000001062523
425,d51_u4,angry,train,51,4,bc,3,1,1,0,0,0,1,1,0,ok,"{""sentences"": [""I hear you."", ""We can pause here for a moment.""], ""safety"": ""ok""}",1,2176,0.7070000001476728,0.001499999598308932,0.00019999970390927047,0.0106999996205559,0.004100000296602957,0.7276999995156075
426,d51_u5,angry,train,51,5,bc,3,1,1,0,0,0,1,1,0,ok,"{""sentences"": [""I hear you."", ""We can pause here for a moment.""], ""safety"": ""ok""}",1,2176,0.7171999995989609,0.0015000005078036338,0.00019999970390927047,0.0106999996205559,0.004300000000512227,0.7384000000456581
427,d51_u6,angry,train,51,6,bc,3,1,1,0,0,0,1,1,0,ok,"{""sentences"": [""I hear you."", ""We can pause here for a moment.""], ""safety"": ""ok""}",1,2176,0.7199000001492095,0.0014000006558489986,0.00019999970390927047,0.010700000530050602,0.004200000148557592,0.7407000002785935
428,d51_u7,angry,train,51,7,bc,3,1,1,0,0,0,1,1,0,ok,"{""sentences"": [""I hear you."", ""We can pause here for a moment.""], ""safety"": ""ok""}",1,2176,0.6837000000814442,0.0013999997463542968,0.00019999970390927047,0.010599999768601265,0.004300000000512227,0.7045999991532881
429,d51_u8,angry,train,51,8,bc,3,1,1,0,0,0,1,1,0,ok,"{""sentences"": [""I hear you."", ""We can pause here for a moment.""], ""safety"": ""ok""}",1,2176,0.6849000001238892,0.001499999598308932,0.00020000061340397224,0.01049999991664663,0.004100000296602957,0.7055999994918238
430,d51_u9,angry,train,51,9,bc,3,1,1,0,0,0,1,1,0,ok,"{""sentences"": [""I hear you."", ""We can pause here for a moment.""], ""safety"": ""ok""}",1,2176,0.7344999994529644,0.0015000005078036338,0.00019999970390927047,0.011000000085914508,0.004200000148557592,0.7557999997516163
431,d51_u10,angry,train,51,10,bc,3,1,1,0,0,0,1,1,0,ok,"{""sentences"": [""I hear you."", ""We can pause here for a moment.""], ""safety"": ""ok""}",1,2176,0.7460999995601014,0.0015000005078036338,0.00019999970390927047,0.010600000678095967,0.00399999953515362,0.7669000005989801
432,d52_u0,neutral,train,52,0,bc,3,1,1,0,0,0,1,1,0,ok,"{""sentences"": [""I hear you."", ""We can pause here for a moment.""], ""safety"": ""ok""}",1,2176,0.6948000000193133,0.0015000005078036338,0.00019999970390927047,0.0106999996205559,0.004200000148557592,0.7157999998526066
433,d52_u1,happy,train,52,1,bc,3,1,1,0,0,0,1,1,0,ok,"{""sentences"": [""I hear you."", ""We can pause here for a moment.""], ""safety"": ""ok""}",1,2176,0.6841999993412173,0.0013999997463542968,0.00019999970390927047,0.010600000678095967,0.004200000148557592,0.704799999766692
434,d52_u2,neutral,train,52,2,bc,3,1,1,0,0,0,1,1,0,ok,"{""sentences"": [""I hear you."", ""We can pause here for a moment.""], ""safety"": ""ok""}",1,2176,0.9188999993057223,0.0015000005078036338,0.00019999970390927047,0.011000000085914508,0.004399999852466863,0.9403000003658235
435,d52_u3,neutral,train,52,3,bc,3,1,1,0,0,0,1,1,0,ok,"{""sentences"": [""I hear you."", ""We can pause here for a moment.""], ""safety"": ""ok""}",1,2176,0.730900000235124,0.001499999598308932,0.00019999970390927047,0.0106999996205559,0.004200000148557592,0.751799999306968
436,d52_u4,neutral,train,52,4,bc,3,1,1,0,0,0,1,1,0,ok,"{""sentences"": [""I hear you."", ""We can pause here for a moment.""], ""safety"": ""ok""}",1,2176,0.6868000000395114,0.001499999598308932,0.00020000061340397224,0.010700000530050602,0.00399999953515362,0.70770000002085
437,d52_u5,neutral,train,52,5,bc,3,1,1,0,0,0,1,1,0,ok,"{""sentences"": [""I hear you."", ""We can pause here for a moment.""], ""safety"": ""ok""}",1,2176,0.6991000000198255,0.0015000005078036338,0.00030000046535860747,0.010599999768601265,0.004100000296602957,0.7194999998318963
438,d52_u6,neutral,train,52,6,bc,3,1,1,0,0,0,1,1,0,ok,"{""sentences"": [""I hear you."", ""We can pause here for a moment.""], ""safety"": ""ok""}",1,2176,0.6974999996600673,0.0014000006558489986,0.00019999970390927047,0.0106999996205559,0.004100000296602957,0.7181999999374966
439,d52_u7,neutral,train,52,7,bc,3,1,1,0,0,0,1,1,0,ok,"{""sentences"": [""I hear you."", ""We can pause here for a moment.""], ""safety"": ""ok""}",1,2176,0.6836999991719495,0.0014000006558489986,0.0002999995558639057,0.0106999996205559,0.004100000296602957,0.7044000003588735
440,d52_u8,neutral,train,52,8,bc,3,1,1,0,0,0,1,1,0,ok,"{""sentences"": [""I hear you."", ""We can pause here for a moment.""], ""safety"": ""ok""}",1,2176,0.7107999999789172,0.0013999997463542968,0.00020000061340397224,0.010799999472510535,0.00399999953515362,0.7316000001083012
441,d52_u9,neutral,train,52,9,bc,3,1,1,0,0,0,1,1,0,ok,"{""sentences"": [""I hear you."", ""We can pause here for a moment.""], ""safety"": ""ok""}",1,2176,0.6852000005892478,0.0013999997463542968,0.00019999970390927047,0.01089999932446517,0.004200000148557592,0.7061999995130464
442,d52_u10,neutral,train,52,10,bc,3,1,1,0,0,0,1,1,0,ok,"{""sentences"": [""I hear you."", ""We can pause here for a moment.""], ""safety"": ""ok""}",1,2176,0.7121999997252715,0.0015000005078036338,0.00019999970390927047,0.011000000085914508,0.004300000000512227,0.733599999875878
443,d52_u11,neutral,train,52,11,bc,3,1,1,0,0,0,1,1,0,ok,"{""sentences"": [""I hear you."", ""We can pause here for a moment.""], ""safety"": ""ok""}",1,2176,0.7281999996848754,0.0015000005078036338,0.00019999970390927047,0.011099999937869143,0.004200000148557592,0.7495999998354819
444,d53_u0,happy,train,53,0,bc,3,1,1,0,0,0,1,1,0,ok,"{""sentences"": [""I hear you."", ""We can pause here for a moment.""], ""safety"": ""ok""}",1,2176,0.7201000007626135,0.0014000006558489986,0.00019999970390927047,0.010599999768601265,0.004100000296602957,0.7408000001305481
445,d53_u1,happy,train,53,1,bc,3,1,1,0,0,0,1,1,0,ok,"{""sentences"": [""I hear you."", ""We can pause here for a moment.""], ""safety"": ""ok""}",1,2176,0.6864999995741528,0.0013999997463542968,0.00020000061340397224,0.010800000382005237,0.004200000148557592,0.7074000004649861
446,d53_u2,neutral,train,53,2,bc,3,1,1,0,0,0,1,1,0,ok,"{""sentences"": [""I hear you."", ""We can pause here for a moment.""], ""safety"": ""ok""}",1,2176,0.6972000001042034,0.001499999598308932,0.00020000061340397224,0.010800000382005237,0.004200000148557592,0.7182999997894512
447,d53_u3,neutral,train,53,3,bc,3,1,1,0,0,0,1,1,0,ok,"{""sentences"": [""I hear you."", ""We can pause here for a moment.""], ""safety"": ""ok""}",1,2176,0.6924999997863779,0.001499999598308932,0.00019999970390927047,0.0106999996205559,0.004000000444648322,0.7131000002118526
448,d53_u4,neutral,train,53,4,bc,3,1,1,0,0,0,1,1,0,ok,"{""sentences"": [""I hear you."", ""We can pause here for a moment.""], ""safety"": ""ok""}",1,2176,0.6861000001663342,0.0013999997463542968,0.00019999970390927047,0.010400000064691994,0.004300000000512227,0.7065999998303596
449,d53_u5,neutral,train,53,5,bc,3,1,1,0,0,0,1,1,0,ok,"{""sentences"": [""I hear you."", ""We can pause here for a moment.""], ""safety"": ""ok""}",1,2176,0.6912999997439329,0.0013999997463542968,0.00019999970390927047,0.01089999932446517,0.004099999387108255,0.7121000007828115
450,d53_u6,happy,train,53,6,bc,3,1,1,0,0,0,1,1,0,ok,"{""sentences"": [""I hear you."", ""We can pause here for a moment.""], ""safety"": ""ok""}",1,2176,0.7104000005710986,0.001499999598308932,0.00019999970390927047,0.010900000233959872,0.004200000148557592,0.7316000001083012
451,d53_u7,neutral,train,53,7,bc,3,1,1,0,0,0,1,1,0,ok,"{""sentences"": [""I hear you."", ""We can pause here for a moment.""], ""safety"": ""ok""}",1,2176,0.7189000007201685,0.001499999598308932,0.00019999970390927047,0.010800000382005237,0.004099999387108255,0.7399000005534617
452,d53_u8,happy,train,53,8,bc,3,1,1,0,0,0,1,1,0,ok,"{""sentences"": [""I hear you."", ""We can pause here for a moment.""], ""safety"": ""ok""}",1,2176,0.6873000002087792,0.001499999598308932,0.00020000061340397224,0.010599999768601265,0.004100000296602957,0.7078999997247593
453,d54_u1,sad,train,54,1,bc,3,1,1,0,0,0,1,1,0,ok,"{""sentences"": [""I hear you."", ""We can pause here for a moment.""], ""safety"": ""ok""}",1,2176,0.7088000002113404,0.001499999598308932,0.00020000061340397224,0.010800000382005237,0.004399999852466863,0.7299999997485429
454,d54_u2,angry,train,54,2,bc,3,1,1,0,0,0,1,1,0,ok,"{""sentences"": [""I hear you."", ""We can pause here for a moment.""], ""safety"": ""ok""}",1,2176,0.7226999996419181,0.0015000005078036338,0.00019999970390927047,0.010400000064691994,0.004300000000512227,0.7433999999193475
455,d54_u5,neutral,train,54,5,bc,3,1,1,0,0,0,1,1,0,ok,"{""sentences"": [""I hear you."", ""We can pause here for a moment.""], ""safety"": ""ok""}",1,2176,0.6823999992775498,0.0015000005078036338,0.00019999970390927047,0.0106999996205559,0.004300000000512227,0.7032999992588884
456,d54_u6,happy,train,54,6,bc,3,1,1,0,0,0,1,1,0,ok,"{""sentences"": [""I hear you."", ""We can pause here for a moment.""], ""safety"": ""ok""}",1,2176,0.7961999999679392,0.001499999598308932,0.00020000061340397224,0.0106999996205559,0.00419999923906289,0.8170999999492778
457,d54_u7,angry,train,54,7,bc,3,1,1,0,0,0,1,1,0,ok,"{""sentences"": [""I hear you."", ""We can pause here for a moment.""], ""safety"": ""ok""}",1,2176,0.703599999724247,0.0013999997463542968,0.00030000046535860747,0.010599999768601265,0.00419999923906289,0.7243000000016764
458,d54_u8,sad,train,54,8,bc,3,1,1,0,0,0,1,1,0,ok,"{""sentences"": [""I hear you."", ""We can pause here for a moment.""], ""safety"": ""ok""}",1,2176,0.6799000002501998,0.0013999997463542968,0.00019999970390927047,0.0106999996205559,0.00419999923906289,0.7006000005276292
459,d54_u9,happy,train,54,9,bc,3,1,1,0,0,0,1,1,0,ok,"{""sentences"": [""I hear you."", ""We can pause here for a moment.""], ""safety"": ""ok""}",1,2176,0.6838999997853534,0.001600000359758269,0.00019999970390927047,0.0106999996205559,0.004000000444648322,0.7046000000627828
460,d54_u10,neutral,train,54,10,bc,3,1,1,0,0,0,1,1,0,ok,"{""sentences"": [""I hear you."", ""We can pause here for a moment.""], ""safety"": ""ok""}",1,2176,0.7163000000218744,0.001499999598308932,0.00020000061340397224,0.010800000382005237,0.004300000000512227,0.7377000001724809
461,d54_u11,neutral,train,54,11,bc,3,1,1,0,0,0,1,1,0,ok,"{""sentences"": [""I hear you."", ""We can pause here for a moment.""], ""safety"": ""ok""}",1,2176,0.6945999994059093,0.0015000005078036338,0.00019999970390927047,0.010799999472510535,0.004300000000512227,0.7157999998526066
462,d54_u14,sad,train,54,14,bc,3,1,1,0,0,0,1,1,0,ok,"{""sentences"": [""I hear you."", ""We can pause here for a moment.""], ""safety"": ""ok""}",1,2176,0.720700000783836,0.001499999598308932,0.00019999970390927047,0.010400000064691994,0.00399999953515362,0.7412000004478614
463,d54_u15,sad,train,54,15,bc,3,1,1,0,0,0,1,1,0,ok,"{""sentences"": [""I hear you."", ""We can pause here for a moment.""], ""safety"": ""ok""}",1,2176,0.6810000004406902,0.0013999997463542968,0.00020000061340397224,0.0106999996205559,0.004099999387108255,0.7017999996605795
464,d54_u16,sad,train,54,16,bc,3,1,1,0,0,0,1,1,0,ok,"{""sentences"": [""I hear you."", ""We can pause here for a moment.""], ""safety"": ""ok""}",1,2176,0.6805000002714223,0.001499999598308932,0.00019999970390927047,0.010800000382005237,0.004099999387108255,0.701400000252761
465,d54_u17,happy,train,54,17,bc,3,1,1,0,0,0,1,1,0,ok,"{""sentences"": [""I hear you."", ""We can pause here for a moment.""], ""safety"": ""ok""}",1,2176,0.6879000002300018,0.0013999997463542968,0.00030000046535860747,0.010799999472510535,0.004099999387108255,0.7087000003593857
466,d54_u18,happy,train,54,18,bc,3,1,1,0,0,0,1,1,0,ok,"{""sentences"": [""I hear you."", ""We can pause here for a moment.""], ""safety"": ""ok""}",1,2176,0.680600000123377,0.001499999598308932,0.00019999970390927047,0.026300000172341242,0.004300000000512227,0.7171999995989609
467,d54_u19,happy,train,54,19,bc,3,1,1,0,0,0,1,1,0,ok,"{""sentences"": [""I hear you."", ""We can pause here for a moment.""], ""safety"": ""ok""}",1,2176,0.6960000000617583,0.001499999598308932,0.00020000061340397224,0.010800000382005237,0.004300000000512227,0.7171999995989609
468,d54_u20,happy,train,54,20,bc,3,1,1,0,0,0,1,1,0,ok,"{""sentences"": [""I hear you."", ""We can pause here for a moment.""], ""safety"": ""ok""}",1,2176,0.7030999995549791,0.0015000005078036338,0.00019999970390927047,0.010799999472510535,0.004300000000512227,0.7242000001497217
469,d54_u21,neutral,train,54,21,bc,3,1,1,0,0,0,1,1,0,ok,"{""sentences"": [""I hear you."", ""We can pause here for a moment.""], ""safety"": ""ok""}",1,2176,0.7058000001052278,0.001600000359758269,0.00019999970390927047,0.010599999768601265,0.004200000148557592,0.7268999997904757
470,d54_u22,happy,train,54,22,bc,3,1,1,0,0,0,1,1,0,ok,"{""sentences"": [""I hear you."", ""We can pause here for a moment.""], ""safety"": ""ok""}",1,2176,0.6847999993624398,0.0013999997463542968,0.00019999970390927047,0.0106999996205559,0.0045000006139162,0.7059999998091371
471,d54_u23,angry,train,54,23,bc,3,1,1,0,0,0,1,1,0,ok,"{""sentences"": [""I hear you."", ""We can pause here for a moment.""], ""safety"": ""ok""}",1,2176,0.6875999997646431,0.0012999998943996616,0.00020000061340397224,0.01049999991664663,0.004200000148557592,0.7083000000420725
472,d55_u0,happy,train,55,0,bc,3,1,1,0,0,0,1,1,0,ok,"{""sentences"": [""I hear you."", ""We can pause here for a moment.""], ""safety"": ""ok""}",1,2176,0.7007999993220437,0.0015000005078036338,0.00019999970390927047,0.010900000233959872,0.004200000148557592,0.7224000000860542
473,d55_u1,happy,train,55,1,bc,3,1,1,0,0,0,1,1,0,ok,"{""sentences"": [""I hear you."", ""We can pause here for a moment.""], ""safety"": ""ok""}",1,2176,0.6972000001042034,0.0013999997463542968,0.00020000061340397224,0.010800000382005237,0.004100000296602957,0.7183999996414059
474,d55_u2,neutral,train,55,2,bc,3,1,1,0,0,0,1,1,0,ok,"{""sentences"": [""I hear you."", ""We can pause here for a moment.""], ""safety"": ""ok""}",1,2176,0.7225999997899635,0.001499999598308932,0.00020000061340397224,0.010900000233959872,0.004399999852466863,0.74399999994057
475,d55_u4,neutral,train,55,4,bc,3,1,1,0,0,0,1,1,0,ok,"{""sentences"": [""I hear you."", ""We can pause here for a moment.""], ""safety"": ""ok""}",1,2176,0.7009000000834931,0.0014000006558489986,0.00019999970390927047,0.0106999996205559,0.004000000444648322,0.7218000000648317
476,d55_u5,happy,train,55,5,bc,3,1,1,0,0,0,1,1,0,ok,"{""sentences"": [""I hear you."", ""We can pause here for a moment.""], ""safety"": ""ok""}",1,2176,0.7881999999881373,0.001499999598308932,0.00030000046535860747,0.010900000233959872,0.004399999852466863,0.8098000007521478
477,d55_u7,neutral,train,55,7,bc,3,1,1,0,0,0,1,1,0,ok,"{""sentences"": [""I hear you."", ""We can pause here for a moment.""], ""safety"": ""ok""}",1,2176,0.7206000000223867,0.0013999997463542968,0.00019999970390927047,0.011199999789823778,0.004399999852466863,0.7424000004903064
478,d55_u8,happy,train,55,8,bc,3,1,1,0,0,0,1,1,0,ok,"{""sentences"": [""I hear you."", ""We can pause here for a moment.""], ""safety"": ""ok""}",1,2176,0.7460000006176415,0.001499999598308932,0.00020000061340397224,0.0106999996205559,0.004399999852466863,0.767200000154844
479,d55_u9,happy,train,55,9,bc,3,1,1,0,0,0,1,1,0,ok,"{""sentences"": [""I hear you."", ""We can pause here for a moment.""], ""safety"": ""ok""}",1,2176,0.7485999994969461,0.0015000005078036338,0.0002999995558639057,0.01089999932446517,0.004600000465870835,0.7702000002609566
480,d55_u10,happy,train,55,10,bc,3,1,1,0,0,0,1,1,0,ok,"{""sentences"": [""I hear you."", ""We can pause here for a moment.""], ""safety"": ""ok""}",1,2176,0.7081000003381632,0.001499999598308932,0.00019999970390927047,0.010599999768601265,0.004200000148557592,0.7289999994100071
481,d55_u11,happy,train,55,11,bc,3,1,1,0,0,0,1,1,0,ok,"{""sentences"": [""I hear you."", ""We can pause here for a moment.""], ""safety"": ""ok""}",1,2176,0.6812000001445995,0.0013999997463542968,0.00020000061340397224,0.011099999937869143,0.004200000148557592,0.7024999995337566
482,d55_u12,happy,train,55,12,bc,3,1,1,0,0,0,1,1,0,ok,"{""sentences"": [""I hear you."", ""We can pause here for a moment.""], ""safety"": ""ok""}",1,2176,0.6893999998283107,0.0015000005078036338,0.0002999995558639057,0.010600000678095967,0.004100000296602957,0.7101999999576947
483,d55_u13,happy,train,55,13,bc,3,1,1,0,0,0,1,1,0,ok,"{""sentences"": [""I hear you."", ""We can pause here for a moment.""], ""safety"": ""ok""}",1,2176,0.6952000003366265,0.0013999997463542968,0.00020000061340397224,0.010599999768601265,0.004200000148557592,0.7158999997045612
484,d55_u14,happy,train,55,14,bc,3,1,1,0,0,0,1,1,0,ok,"{""sentences"": [""I hear you."", ""We can pause here for a moment.""], ""safety"": ""ok""}",1,2176,0.7040999998935149,0.0015000005078036338,0.00019999970390927047,0.010500000826141331,0.004200000148557592,0.7249000000228989
485,d55_u15,happy,train,55,15,bc,3,1,1,0,0,0,1,1,0,ok,"{""sentences"": [""I hear you."", ""We can pause here for a moment.""], ""safety"": ""ok""}",1,2176,0.6798000003982452,0.001499999598308932,0.00020000061340397224,0.010599999768601265,0.004099999387108255,0.7007000003795838
486,d55_u16,neutral,train,55,16,bc,3,1,1,0,0,0,1,1,0,ok,"{""sentences"": [""I hear you."", ""We can pause here for a moment.""], ""safety"": ""ok""}",1,2176,0.7226000006994582,0.001499999598308932,0.00020000061340397224,0.010900000233959872,0.004399999852466863,0.74399999994057
487,d56_u1,neutral,train,56,1,bc,3,1,1,0,0,0,1,1,0,ok,"{""sentences"": [""I hear you."", ""We can pause here for a moment.""], ""safety"": ""ok""}",1,2176,0.7096999997884268,0.0014000006558489986,0.00019999970390927047,0.010600000678095967,0.00399999953515362,0.7303000002139015
488,d56_u3,neutral,train,56,3,bc,3,1,1,0,0,0,1,1,0,ok,"{""sentences"": [""I hear you."", ""We can pause here for a moment.""], ""safety"": ""ok""}",1,2176,0.680600000123377,0.001499999598308932,0.00020000061340397224,0.01049999991664663,0.004200000148557592,0.701199999639357
489,d56_u4,neutral,train,56,4,bc,3,1,1,0,0,0,1,1,0,ok,"{""sentences"": [""I hear you."", ""We can pause here for a moment.""], ""safety"": ""ok""}",1,2176,0.7445999999617925,0.0013999997463542968,0.00020000061340397224,0.010800000382005237,0.004300000000512227,0.7656999996470404
490,d56_u5,neutral,train,56,5,bc,3,1,1,0,0,0,1,1,0,ok,"{""sentences"": [""I hear you."", ""We can pause here for a moment.""], ""safety"": ""ok""}",1,2176,0.6869999997434206,0.0015000005078036338,0.00019999970390927047,0.010600000678095967,0.004100000296602957,0.7078999997247593
491,d56_u6,happy,train,56,6,bc,3,1,1,0,0,0,1,1,0,ok,"{""sentences"": [""I hear you."", ""We can pause here for a moment.""], ""safety"": ""ok""}",1,2176,0.7045000002108281,0.0012999998943996616,0.00020000061340397224,0.010599999768601265,0.004200000148557592,0.7252000004882575
492,d57_u1,neutral,train,57,1,bc,3,1,1,0,0,0,1,1,0,ok,"{""sentences"": [""I hear you."", ""We can pause here for a moment.""], ""safety"": ""ok""}",1,2176,0.6780000003345776,0.001499999598308932,0.00019999970390927047,0.010599999768601265,0.004200000148557592,0.6989000003159163
493,d58_u0,neutral,train,58,0,bc,3,1,1,0,0,0,1,1,0,ok,"{""sentences"": [""I hear you."", ""We can pause here for a moment.""], ""safety"": ""ok""}",1,2176,0.697500000569562,0.001499999598308932,0.00020000061340397224,0.01049999991664663,0.004100000296602957,0.718100000085542
494,d58_u1,neutral,train,58,1,bc,3,1,1,0,0,0,1,1,0,ok,"{""sentences"": [""I hear you."", ""We can pause here for a moment.""], ""safety"": ""ok""}",1,2176,0.6904000001668464,0.0013999997463542968,0.00019999970390927047,0.0106999996205559,0.004100000296602957,0.7111999993867357
495,d58_u3,neutral,train,58,3,bc,3,1,1,0,0,0,1,1,0,ok,"{""sentences"": [""I hear you."", ""We can pause here for a moment.""], ""safety"": ""ok""}",1,2176,0.697299999956158,0.001499999598308932,0.00019999970390927047,0.011199999789823778,0.004200000148557592,0.7254000001921668
496,d58_u4,angry,train,58,4,bc,3,1,1,0,0,0,1,1,0,ok,"{""sentences"": [""I hear you."", ""We can pause here for a moment.""], ""safety"": ""ok""}",1,2176,0.6948000000193133,0.0014000006558489986,0.00019999970390927047,0.010599999768601265,0.004200000148557592,0.7158999997045612
497,d58_u6,neutral,train,58,6,bc,3,1,1,0,0,0,1,1,0,ok,"{""sentences"": [""I hear you."", ""We can pause here for a moment.""], ""safety"": ""ok""}",1,2176,0.6987999995544669,0.0014000006558489986,0.00019999970390927047,0.0106999996205559,0.004100000296602957,0.7196999995358055
498,d58_u7,neutral,train,58,7,bc,3,1,1,0,0,0,1,1,0,ok,"{""sentences"": [""I hear you."", ""We can pause here for a moment.""], ""safety"": ""ok""}",1,2176,0.8430999996562605,0.0018999999156221747,0.00030000046535860747,0.030100000003585592,0.004999999873689376,0.8853999997882056
499,d58_u8,neutral,train,58,8,bc,3,1,1,0,0,0,1,1,0,ok,"{""sentences"": [""I hear you."", ""We can pause here for a moment.""], ""safety"": ""ok""}",1,2176,0.9557000003042049,0.0017000002117129043,0.00020000061340397224,0.012299999980314169,0.004699999408330768,0.9796000003916561
500,d58_u9,neutral,train,58,9,bc,3,1,1,0,0,0,1,1,0,ok,"{""sentences"": [""I hear you."", ""We can pause here for a moment.""], ""safety"": ""ok""}",1,2176,0.7848999994166661,0.0017000002117129043,0.00019999970390927047,0.011500000255182385,0.004300000000512227,0.8070000003499445
501,d59_u0,neutral,train,59,0,bc,3,1,1,0,0,0,1,1,0,ok,"{""sentences"": [""I hear you."", ""We can pause here for a moment.""], ""safety"": ""ok""}",1,2176,0.7662999996682629,0.0013999997463542968,0.00020000061340397224,0.01049999991664663,0.004300000000512227,0.7869000000937376
502,d59_u1,happy,train,59,1,bc,3,1,1,0,0,0,1,1,0,ok,"{""sentences"": [""I hear you."", ""We can pause here for a moment.""], ""safety"": ""ok""}",1,2176,0.6878000003780471,0.001499999598308932,0.00020000061340397224,0.010599999768601265,0.004200000148557592,0.7084999997459818
503,d59_u2,neutral,train,59,2,bc,3,1,1,0,0,0,1,1,0,ok,"{""sentences"": [""I hear you."", ""We can pause here for a moment.""], ""safety"": ""ok""}",1,2176,0.6866000003356021,0.0018000000636675395,0.00019999970390927047,0.010600000678095967,0.004100000296602957,0.7076000001688953
504,d59_u3,happy,train,59,3,bc,3,1,1,0,0,0,1,1,0,ok,"{""sentences"": [""I hear you."", ""We can pause here for a moment.""], ""safety"": ""ok""}",1,2176,0.6811000002926448,0.0013999997463542968,0.00020000061340397224,0.0106999996205559,0.00419999923906289,0.7019000004220288
505,d59_u4,happy,train,59,4,bc,3,1,1,0,0,0,1,1,0,ok,"{""sentences"": [""I hear you."", ""We can pause here for a moment.""], ""safety"": ""ok""}",1,2176,0.7333000003200141,0.0018000000636675395,0.00030000046535860747,0.012000000424450263,0.004999999873689376,0.7570999996460159
506,d59_u5,happy,train,59,5,bc,3,1,1,0,0,0,1,1,0,ok,"{""sentences"": [""I hear you."", ""We can pause here for a moment.""], ""safety"": ""ok""}",1,2176,0.7962999998198939,0.001499999598308932,0.00019999970390927047,0.01120000069931848,0.004399999852466863,0.8181999992302735
507,d59_u6,happy,train,59,6,bc,3,1,1,0,0,0,1,1,0,ok,"{""sentences"": [""I hear you."", ""We can pause here for a moment.""], ""safety"": ""ok""}",1,2176,0.7122999995772261,0.0015000005078036338,0.00019999970390927047,0.01049999991664663,0.004200000148557592,0.7329000000027008
508,d59_u7,happy,train,59,7,bc,3,1,1,0,0,0,1,1,0,ok,"{""sentences"": [""I hear you."", ""We can pause here for a moment.""], ""safety"": ""ok""}",1,2176,0.6873000002087792,0.0013999997463542968,0.00030000046535860747,0.010599999768601265,0.004300000000512227,0.7080000004862086
509,d59_u8,happy,train,59,8,bc,3,1,1,0,0,0,1,1,0,ok,"{""sentences"": [""I hear you."", ""We can pause here for a moment.""], ""safety"": ""ok""}",1,2176,0.6798000003982452,0.0013999997463542968,0.00019999970390927047,0.010599999768601265,0.004100000296602957,0.7002000002103159
510,d59_u9,happy,train,59,9,bc,3,1,1,0,0,0,1,1,0,ok,"{""sentences"": [""I hear you."", ""We can pause here for a moment.""], ""safety"": ""ok""}",1,2176,0.6864999995741528,0.0014000006558489986,0.00019999970390927047,0.010700000530050602,0.004300000000512227,0.7075000003169407
511,d61_u0,neutral,train,61,0,bc,3,1,1,0,0,0,1,1,0,ok,"{""sentences"": [""I hear you."", ""We can pause here for a moment.""], ""safety"": ""ok""}",1,2176,0.7107000001269625,0.0013999997463542968,0.00019999970390927047,0.01049999991664663,0.004100000296602957,0.7313000005524373
512,d61_u1,happy,train,61,1,bc,3,1,1,0,0,0,1,1,0,ok,"{""sentences"": [""I hear you."", ""We can pause here for a moment.""], ""safety"": ""ok""}",1,2176,0.6796000006943359,0.0013999997463542968,0.00019999970390927047,0.0106999996205559,0.004100000296602957,0.7003999999142252
513,d61_u2,happy,train,61,2,bc,3,1,1,0,0,0,1,1,0,ok,"{""sentences"": [""I hear you."", ""We can pause here for a moment.""], ""safety"": ""ok""}",1,2176,0.678899999911664,0.001499999598308932,0.00020000061340397224,0.0106999996205559,0.00419999923906289,0.6998000008024974
514,d61_u3,neutral,train,61,3,bc,3,1,1,0,0,0,1,1,0,ok,"{""sentences"": [""I hear you."", ""We can pause here for a moment.""], ""safety"": ""ok""}",1,2176,0.6832999997641309,0.0014000006558489986,0.00019999970390927047,0.01049999991664663,0.00399999953515362,0.7036999995762017
515,d61_u4,neutral,train,61,4,bc,3,1,1,0,0,0,1,1,0,ok,"{""sentences"": [""I hear you."", ""We can pause here for a moment.""], ""safety"": ""ok""}",1,2176,0.8131000004141242,0.001499999598308932,0.00019999970390927047,0.01049999991664663,0.004200000148557592,0.833500000226195
516,d61_u5,sad,train,61,5,bc,3,1,1,0,0,0,1,1,0,ok,"{""sentences"": [""I hear you."", ""We can pause here for a moment.""], ""safety"": ""ok""}",1,2176,0.7144999999582069,0.001499999598308932,0.00020000061340397224,0.011000000085914508,0.0045000006139162,0.736200000574172
517,d61_u6,happy,train,61,6,bc,3,1,1,0,0,0,1,1,0,ok,"{""sentences"": [""I hear you."", ""We can pause here for a moment.""], ""safety"": ""ok""}",1,2176,0.7493999992220779,0.0015000005078036338,0.00019999970390927047,0.011000000085914508,0.004300000000512227,0.7707000004302245
518,d61_u7,sad,train,61,7,bc,3,1,1,0,0,0,1,1,0,ok,"{""sentences"": [""I hear you."", ""We can pause here for a moment.""], ""safety"": ""ok""}",1,2176,0.837399999909394,0.001600000359758269,0.00019999970390927047,0.011499999345687684,0.004300000000512227,0.8594999999331776
519,d61_u8,happy,train,61,8,bc,3,1,1,0,0,0,1,1,0,ok,"{""sentences"": [""I hear you."", ""We can pause here for a moment.""], ""safety"": ""ok""}",1,2176,0.8089999992080266,0.0014000006558489986,0.00019999970390927047,0.010800000382005237,0.004200000148557592,0.8299000000988599
520,d62_u0,neutral,train,62,0,bc,3,1,1,0,0,0,1,1,0,ok,"{""sentences"": [""I hear you."", ""We can pause here for a moment.""], ""safety"": ""ok""}",1,2176,0.6800000001021544,0.0013999997463542968,0.00020000061340397224,0.01049999991664663,0.004200000148557592,0.7006999994700891
521,d62_u1,happy,train,62,1,bc,3,1,1,0,0,0,1,1,0,ok,"{""sentences"": [""I hear you."", ""We can pause here for a moment.""], ""safety"": ""ok""}",1,2176,0.6836000002294895,0.0013999997463542968,0.00019999970390927047,0.010600000678095967,0.004200000148557592,0.7042999995974242
522,d62_u2,neutral,train,62,2,bc,3,1,1,0,0,0,1,1,0,ok,"{""sentences"": [""I hear you."", ""We can pause here for a moment.""], ""safety"": ""ok""}",1,2176,0.6934999992154189,0.0014000006558489986,0.00019999970390927047,0.010399999155197293,0.00419999923906289,0.7141000005503884
523,d62_u3,happy,train,62,3,bc,3,1,1,0,0,0,1,1,0,ok,"{""sentences"": [""I hear you."", ""We can pause here for a moment.""], ""safety"": ""ok""}",1,2176,0.6775000001653098,0.001499999598308932,0.00020000061340397224,0.01049999991664663,0.004200000148557592,0.6980999996812898
524,d62_u5,happy,train,62,5,bc,3,1,1,0,0,0,1,1,0,ok,"{""sentences"": [""I hear you."", ""We can pause here for a moment.""], ""safety"": ""ok""}",1,2176,0.6820999997216859,0.0015000005078036338,0.00019999970390927047,0.010800000382005237,0.004200000148557592,0.7033000001683831
525,d62_u6,neutral,train,62,6,bc,3,1,1,0,0,0,1,1,0,ok,"{""sentences"": [""I hear you."", ""We can pause here for a moment.""], ""safety"": ""ok""}",1,2176,0.7421999998769024,0.0013999997463542968,0.00019999970390927047,0.0106999996205559,0.004000000444648322,0.7626999995409278
526,d62_u7,neutral,train,62,7,bc,3,1,1,0,0,0,1,1,0,ok,"{""sentences"": [""I hear you."", ""We can pause here for a moment.""], ""safety"": ""ok""}",1,2176,0.6836000002294895,0.0013999997463542968,0.0002999995558639057,0.010599999768601265,0.004000000444648322,0.7041999997454695
527,d62_u8,neutral,train,62,8,bc,3,1,1,0,0,0,1,1,0,ok,"{""sentences"": [""I hear you."", ""We can pause here for a moment.""], ""safety"": ""ok""}",1,2176,0.6944999995539547,0.0015000005078036338,0.00019999970390927047,0.01089999932446517,0.004200000148557592,0.7157000000006519
528,d62_u11,neutral,train,62,11,bc,3,1,1,0,0,0,1,1,0,ok,"{""sentences"": [""I hear you."", ""We can pause here for a moment.""], ""safety"": ""ok""}",1,2176,0.685699999849021,0.0015000005078036338,0.00019999970390927047,0.010600000678095967,0.004100000296602957,0.7064000001264503
529,d63_u0,happy,train,63,0,bc,3,1,1,0,0,0,1,1,0,ok,"{""sentences"": [""I hear you."", ""We can pause here for a moment.""], ""safety"": ""ok""}",1,2176,0.6795000008423813,0.001499999598308932,0.00019999970390927047,0.01049999991664663,0.004100000296602957,0.7000000005064066
530,d63_u1,neutral,train,63,1,bc,3,1,1,0,0,0,1,1,0,ok,"{""sentences"": [""I hear you."", ""We can pause here for a moment.""], ""safety"": ""ok""}",1,2176,0.6859999994048849,0.0014000006558489986,0.00019999970390927047,0.010500000826141331,0.004099999387108255,0.706499999978405
531,d63_u2,happy,train,63,2,bc,3,1,1,0,0,0,1,1,0,ok,"{""sentences"": [""I hear you."", ""We can pause here for a moment.""], ""safety"": ""ok""}",1,2176,0.6787000002077548,0.0013999997463542968,0.0002999995558639057,0.010600000678095967,0.004100000296602957,0.6995000003371388
532,d63_u4,happy,train,63,4,bc,3,1,1,0,0,0,1,1,0,ok,"{""sentences"": [""I hear you."", ""We can pause here for a moment.""], ""safety"": ""ok""}",1,2176,0.6810000004406902,0.001499999598308932,0.00020000061340397224,0.010599999768601265,0.004200000148557592,0.7015999999566702
533,d63_u5,angry,train,63,5,bc,3,1,1,0,0,0,1,1,0,ok,"{""sentences"": [""I hear you."", ""We can pause here for a moment.""], ""safety"": ""ok""}",1,2176,0.6964000003790716,0.0013999997463542968,0.00019999970390927047,0.010599999768601265,0.004200000148557592,0.7171999995989609
534,d63_u6,neutral,train,63,6,bc,3,1,1,0,0,0,1,1,0,ok,"{""sentences"": [""I hear you."", ""We can pause here for a moment.""], ""safety"": ""ok""}",1,2176,0.6843000001026667,0.001499999598308932,0.00019999970390927047,0.01049999991664663,0.004100000296602957,0.7048999996186467
535,d63_u7,sad,train,63,7,bc,3,1,1,0,0,0,1,1,0,ok,"{""sentences"": [""I hear you."", ""We can pause here for a moment.""], ""safety"": ""ok""}",1,2176,0.6816999994043726,0.0014000006558489986,0.00019999970390927047,0.010599999768601265,0.004200000148557592,0.7025000004432513
536,d64_u0,angry,train,64,0,bc,3,1,1,0,0,0,1,1,0,ok,"{""sentences"": [""I hear you."", ""We can pause here for a moment.""], ""safety"": ""ok""}",1,2176,0.7163999998738291,0.0015000005078036338,0.00019999970390927047,0.010700000530050602,0.004100000296602957,0.737499999559077
537,d64_u1,neutral,train,64,1,bc,3,1,1,0,0,0,1,1,0,ok,"{""sentences"": [""I hear you."", ""We can pause here for a moment.""], ""safety"": ""ok""}",1,2176,0.6944999995539547,0.0014000006558489986,0.00019999970390927047,0.010799999472510535,0.004300000000512227,0.7155999992392026
538,d64_u2,neutral,train,64,2,bc,3,1,1,0,0,0,1,1,0,ok,"{""sentences"": [""I hear you."", ""We can pause here for a moment.""], ""safety"": ""ok""}",1,2176,0.7160000004660105,0.001499999598308932,0.00020000061340397224,0.010599999768601265,0.00419999923906289,0.7370000002993038
539,d64_u3,neutral,train,64,3,bc,3,1,1,0,0,0,1,1,0,ok,"{""sentences"": [""I hear you."", ""We can pause here for a moment.""], ""safety"": ""ok""}",1,2176,0.7069000002957182,0.001499999598308932,0.00019999970390927047,0.010900000233959872,0.004300000000512227,0.7280999998329207
540,d64_u4,neutral,train,64,4,bc,3,1,1,0,0,0,1,1,0,ok,"{""sentences"": [""I hear you."", ""We can pause here for a moment.""], ""safety"": ""ok""}",1,2176,0.7838000001356704,0.0013999997463542968,0.00019999970390927047,0.010599999768601265,0.004200000148557592,0.8043999996516504
541,d64_u5,happy,train,64,5,bc,3,1,1,0,0,0,1,1,0,ok,"{""sentences"": [""I hear you."", ""We can pause here for a moment.""], ""safety"": ""ok""}",1,2176,0.7216000003609224,0.0015999994502635673,0.00019999970390927047,0.011099999937869143,0.004300000000512227,0.7433999999193475
542,d64_u6,neutral,train,64,6,bc,3,1,1,0,0,0,1,1,0,ok,"{""sentences"": [""I hear you."", ""We can pause here for a moment.""], ""safety"": ""ok""}",1,2176,0.7420000001729932,0.001499999598308932,0.00020000061340397224,0.010800000382005237,0.004399999852466863,0.7637000007889583
543,d64_u7,happy,train,64,7,bc,3,1,1,0,0,0,1,1,0,ok,"{""sentences"": [""I hear you."", ""We can pause here for a moment.""], ""safety"": ""ok""}",1,2176,0.7660999999643536,0.001600000359758269,0.00019999970390927047,0.011099999937869143,0.004300000000512227,0.787799999670824
544,d64_u8,happy,train,64,8,bc,3,1,1,0,0,0,1,1,0,ok,"{""sentences"": [""I hear you."", ""We can pause here for a moment.""], ""safety"": ""ok""}",1,2176,0.7551999997303938,0.0015000005078036338,0.00019999970390927047,0.011000000085914508,0.004200000148557592,0.7765999998810003
545,d64_u9,angry,train,64,9,bc,3,1,1,0,0,0,1,1,0,ok,"{""sentences"": [""I hear you."", ""We can pause here for a moment.""], ""safety"": ""ok""}",1,2176,0.7073999995554914,0.0015000005078036338,9.999985195463523e-05,0.010599999768601265,0.004100000296602957,0.7280999998329207
546,d64_u10,neutral,train,64,10,bc,3,1,1,0,0,0,1,1,0,ok,"{""sentences"": [""I hear you."", ""We can pause here for a moment.""], ""safety"": ""ok""}",1,2176,0.6817999992563273,0.0015000005078036338,0.00019999970390927047,0.010500000826141331,0.004200000148557592,0.7025000004432513
547,d64_u11,angry,train,64,11,bc,3,1,1,0,0,0,1,1,0,ok,"{""sentences"": [""I hear you."", ""We can pause here for a moment.""], ""safety"": ""ok""}",1,2176,0.6866000003356021,0.001600000359758269,0.00019999970390927047,0.01049999991664663,0.004099999387108255,0.7072999997035367
548,d64_u12,neutral,train,64,12,bc,3,1,1,0,0,0,1,1,0,ok,"{""sentences"": [""I hear you."", ""We can pause here for a moment.""], ""safety"": ""ok""}",1,2176,0.6777999997211737,0.0015000005078036338,0.00019999970390927047,0.01049999991664663,0.004100000296602957,0.6984000001466484
549,d65_u0,happy,train,65,0,bc,3,1,1,0,0,0,1,1,0,ok,"{""sentences"": [""I hear you."", ""We can pause here for a moment.""], ""safety"": ""ok""}",1,2176,0.692200000230514,0.0015000005078036338,0.00019999970390927047,0.010700000530050602,0.004300000000512227,0.7131000002118526
550,d65_u2,neutral,train,65,2,bc,3,1,1,0,0,0,1,1,0,ok,"{""sentences"": [""I hear you."", ""We can pause here for a moment.""], ""safety"": ""ok""}",1,2176,0.6850999998277985,0.0014000006558489986,0.00020000061340397224,0.010600000678095967,0.004499999704421498,0.7061999995130464
551,d65_u3,happy,train,65,3,bc,3,1,1,0,0,0,1,1,0,ok,"{""sentences"": [""I hear you."", ""We can pause here for a moment.""], ""safety"": ""ok""}",1,2176,0.6954999998924905,0.0015000005078036338,0.00019999970390927047,0.01049999991664663,0.004099999387108255,0.7160999994084705
552,d66_u1,neutral,train,66,1,bc,3,1,1,0,0,0,1,1,0,ok,"{""sentences"": [""I hear you."", ""We can pause here for a moment.""], ""safety"": ""ok""}",1,2176,0.6862999998702435,0.0015000005078036338,0.00020000061340397224,0.010599999768601265,0.004099999387108255,0.7069999992381781
553,d66_u2,neutral,train,66,2,bc,3,1,1,0,0,0,1,1,0,ok,"{""sentences"": [""I hear you."", ""We can pause here for a moment.""], ""safety"": ""ok""}",1,2176,0.6773000004614005,0.001499999598308932,0.00019999970390927047,0.0106999996205559,0.004099999387108255,0.6983000002946937
554,d66_u3,neutral,train,66,3,bc,3,1,1,0,0,0,1,1,0,ok,"{""sentences"": [""I hear you."", ""We can pause here for a moment.""], ""safety"": ""ok""}",1,2176,0.6847999993624398,0.0015000005078036338,0.0002999995558639057,0.01049999991664663,0.004099999387108255,0.7054000006974093
555,d66_u4,neutral,train,66,4,bc,3,1,1,0,0,0,1,1,0,ok,"{""sentences"": [""I hear you."", ""We can pause here for a moment.""], ""safety"": ""ok""}",1,2176,0.6929000001036911,0.0013999997463542968,0.00020000061340397224,0.01049999991664663,0.004300000000512227,0.7137000002330751
556,d66_u6,neutral,train,66,6,bc,3,1,1,0,0,0,1,1,0,ok,"{""sentences"": [""I hear you."", ""We can pause here for a moment.""], ""safety"": ""ok""}",1,2176,0.6990000001678709,0.0014000006558489986,0.00019999970390927047,0.010700000530050602,0.004300000000512227,0.7200999998531188
557,d66_u7,neutral,train,66,7,bc,3,1,1,0,0,0,1,1,0,ok,"{""sentences"": [""I hear you."", ""We can pause here for a moment.""], ""safety"": ""ok""}",1,2176,0.7731999994575744,0.0013999997463542968,0.00019999970390927047,0.02519999998185085,0.004200000148557592,0.808599999800208
558,d66_u8,sad,train,66,8,bc,3,1,1,0,0,0,1,1,0,ok,"{""sentences"": [""I hear you."", ""We can pause here for a moment.""], ""safety"": ""ok""}",1,2176,0.7132999999157619,0.001499999598308932,0.00020000061340397224,0.0106999996205559,0.00419999923906289,0.7343000006585498
559,d66_u9,happy,train,66,9,bc,3,1,1,0,0,0,1,1,0,ok,"{""sentences"": [""I hear you."", ""We can pause here for a moment.""], ""safety"": ""ok""}",1,2176,0.6780000003345776,0.001499999598308932,0.00020000061340397224,0.010800000382005237,0.004200000148557592,0.6989000003159163
560,d66_u10,happy,train,66,10,bc,3,1,1,0,0,0,1,1,0,ok,"{""sentences"": [""I hear you."", ""We can pause here for a moment.""], ""safety"": ""ok""}",1,2176,0.6834999994680402,0.0014000006558489986,0.00019999970390927047,0.010400000064691994,0.004099999387108255,0.7040000000415603
561,d66_u11,sad,train,66,11,bc,3,1,1,0,0,0,1,1,0,ok,"{""sentences"": [""I hear you."", ""We can pause here for a moment.""], ""safety"": ""ok""}",1,2176,0.690700000632205,0.001499999598308932,0.00019999970390927047,0.010599999768601265,0.00399999953515362,0.7112000002962304
562,d66_u12,neutral,train,66,12,bc,3,1,1,0,0,0,1,1,0,ok,"{""sentences"": [""I hear you."", ""We can pause here for a moment.""], ""safety"": ""ok""}",1,2176,0.90970000019297,0.0015000005078036338,0.0002999995558639057,0.011000000085914508,0.004200000148557592,0.9310000004916219
563,d67_u1,neutral,train,67,1,bc,3,1,1,0,0,0,1,1,0,ok,"{""sentences"": [""I hear you."", ""We can pause here for a moment.""], ""safety"": ""ok""}",1,2176,0.7895999997344916,0.0013999997463542968,0.00020000061340397224,0.010599999768601265,0.004099999387108255,0.8105000006253249
564,d67_u2,happy,train,67,2,bc,3,1,1,0,0,0,1,1,0,ok,"{""sentences"": [""I hear you."", ""We can pause here for a moment.""], ""safety"": ""ok""}",1,2176,0.7636999998794636,0.0015000005078036338,0.00019999970390927047,0.010599999768601265,0.004300000000512227,0.7847999995647115
565,d67_u3,neutral,train,67,3,bc,3,1,1,0,0,0,1,1,0,ok,"{""sentences"": [""I hear you."", ""We can pause here for a moment.""], ""safety"": ""ok""}",1,2176,0.7022999998298474,0.0014000006558489986,0.00019999970390927047,0.010700000530050602,0.004100000296602957,0.7230999999592314
566,d67_u5,happy,train,67,5,bc,3,1,1,0,0,0,1,1,0,ok,"{""sentences"": [""I hear you."", ""We can pause here for a moment.""], ""safety"": ""ok""}",1,2176,0.7186999991972698,0.001499999598308932,0.00019999970390927047,0.0106999996205559,0.004200000148557592,0.7396999999400578
567,d67_u6,sad,train,67,6,bc,3,1,1,0,0,0,1,1,0,ok,"{""sentences"": [""I hear you."", ""We can pause here for a moment.""], ""safety"": ""ok""}",1,2176,0.6812999999965541,0.0015000005078036338,0.00019999970390927047,0.010600000678095967,0.004100000296602957,0.7021999999778927
568,d67_u7,happy,train,67,7,bc,3,1,1,0,0,0,1,1,0,ok,"{""sentences"": [""I hear you."", ""We can pause here for a moment.""], ""safety"": ""ok""}",1,2176,0.6840000005468028,0.0013999997463542968,0.00020000061340397224,0.0106999996205559,0.004200000148557592,0.7046999999147374
569,d67_u8,happy,train,67,8,bc,3,1,1,0,0,0,1,1,0,ok,"{""sentences"": [""I hear you."", ""We can pause here for a moment.""], ""safety"": ""ok""}",1,2176,0.6788000000597094,0.0013999997463542968,0.00020000061340397224,0.01049999991664663,0.004100000296602957,0.6992999997237348
570,d67_u9,neutral,train,67,9,bc,3,1,1,0,0,0,1,1,0,ok,"{""sentences"": [""I hear you."", ""We can pause here for a moment.""], ""safety"": ""ok""}",1,2176,0.6782000000384869,0.0013999997463542968,0.00019999970390927047,0.01049999991664663,0.004200000148557592,0.6989999992583762
571,d67_u10,happy,train,67,10,bc,3,1,1,0,0,0,1,1,0,ok,"{""sentences"": [""I hear you."", ""We can pause here for a moment.""], ""safety"": ""ok""}",1,2176,0.7087000003593857,0.001499999598308932,0.00030000046535860747,0.0106999996205559,0.004099999387108255,0.7298000000446336
572,d67_u11,happy,train,67,11,bc,3,1,1,0,0,0,1,1,0,ok,"{""sentences"": [""I hear you."", ""We can pause here for a moment.""], ""safety"": ""ok""}",1,2176,0.7032000003164285,0.0014000006558489986,0.00020000061340397224,0.010400000064691994,0.004200000148557592,0.7237999998324085
573,d67_u12,neutral,train,67,12,bc,3,1,1,0,0,0,1,1,0,ok,"{""sentences"": [""I hear you."", ""We can pause here for a moment.""], ""safety"": ""ok""}",1,2176,0.6754000005457783,0.001499999598308932,0.00019999970390927047,0.01049999991664663,0.004200000148557592,0.6961999997656676
574,d67_u13,neutral,train,67,13,bc,3,1,1,0,0,0,1,1,0,ok,"{""sentences"": [""I hear you."", ""We can pause here for a moment.""], ""safety"": ""ok""}",1,2176,0.7162000001699198,0.001499999598308932,0.00020000061340397224,0.010900000233959872,0.004300000000512227,0.737499999559077
575,d67_u14,neutral,train,67,14,bc,3,1,1,0,0,0,1,1,0,ok,"{""sentences"": [""I hear you."", ""We can pause here for a moment.""], ""safety"": ""ok""}",1,2176,0.7225999997899635,0.0015000005078036338,0.00019999970390927047,0.01049999991664663,0.004200000148557592,0.7433999999193475
576,d67_u15,angry,train,67,15,bc,3,1,1,0,0,0,1,1,0,ok,"{""sentences"": [""I hear you."", ""We can pause here for a moment.""], ""safety"": ""ok""}",1,2176,0.6777999997211737,0.0015000005078036338,0.00020000061340397224,0.010700000530050602,0.004099999387108255,0.6988000004639616
577,d68_u0,angry,train,68,0,bc,3,1,1,0,0,0,1,1,0,ok,"{""sentences"": [""I hear you."", ""We can pause here for a moment.""], ""safety"": ""ok""}",1,2176,0.6877000005260925,0.001499999598308932,9.999985195463523e-05,0.010599999768601265,0.004100000296602957,0.7083999998940271
578,d68_u1,happy,train,68,1,bc,3,1,1,0,0,0,1,1,0,ok,"{""sentences"": [""I hear you."", ""We can pause here for a moment.""], ""safety"": ""ok""}",1,2176,0.6757999999535969,0.0015000005078036338,0.00020000061340397224,0.010599999768601265,0.004099999387108255,0.6964999993215315
579,d68_u2,neutral,train,68,2,bc,3,1,1,0,0,0,1,1,0,ok,"{""sentences"": [""I hear you."", ""We can pause here for a moment.""], ""safety"": ""ok""}",1,2176,0.6990000001678709,0.0013999997463542968,0.00020000061340397224,0.0106999996205559,0.004300000000512227,0.7199000001492095
580,d69_u0,happy,train,69,0,bc,3,1,1,0,0,0,1,1,0,ok,"{""sentences"": [""I hear you."", ""We can pause here for a moment.""], ""safety"": ""ok""}",1,2176,0.701100000696897,0.001499999598308932,0.00020000061340397224,0.010800000382005237,0.004099999387108255,0.7221000005301903
581,d69_u1,neutral,train,69,1,bc,3,1,1,0,0,0,1,1,0,ok,"{""sentences"": [""I hear you."", ""We can pause here for a moment.""], ""safety"": ""ok""}",1,2176,0.6964000003790716,0.0013999997463542968,0.00020000061340397224,0.01049999991664663,0.004200000148557592,0.7169999998950516
582,d69_u2,neutral,train,69,2,bc,3,1,1,0,0,0,1,1,0,ok,"{""sentences"": [""I hear you."", ""We can pause here for a moment.""], ""safety"": ""ok""}",1,2176,0.8420000003752648,0.0017000002117129043,0.00020000061340397224,0.010999999176419806,0.004300000000512227,0.8797000000413391
583,d69_u4,sad,train,69,4,bc,3,1,1,0,0,0,1,1,0,ok,"{""sentences"": [""I hear you."", ""We can pause here for a moment.""], ""safety"": ""ok""}",1,2176,0.7727000001978013,0.0015000005078036338,0.00019999970390927047,0.011199999789823778,0.004400000761961564,0.7943999999042717
584,d69_u5,neutral,train,69,5,bc,3,1,1,0,0,0,1,1,0,ok,"{""sentences"": [""I hear you."", ""We can pause here for a moment.""], ""safety"": ""ok""}",1,2176,0.74640000002546,0.001499999598308932,0.00019999970390927047,0.011000000085914508,0.004399999852466863,0.7679000000280212
585,d69_u6,angry,train,69,6,bc,3,1,1,0,0,0,1,1,0,ok,"{""sentences"": [""I hear you."", ""We can pause here for a moment.""], ""safety"": ""ok""}",1,2176,0.7470999998986372,0.001600000359758269,0.00019999970390927047,0.011000000085914508,0.004399999852466863,0.7687999996051076
586,d70_u0,happy,train,70,0,bc,3,1,1,0,0,0,1,1,0,ok,"{""sentences"": [""I hear you."", ""We can pause here for a moment.""], ""safety"": ""ok""}",1,2176,0.736200000574172,0.001499999598308932,0.00020000061340397224,0.011099999937869143,0.004300000000512227,0.7578000004286878
587,d70_u1,neutral,train,70,1,bc,3,1,1,0,0,0,1,1,0,ok,"{""sentences"": [""I hear you."", ""We can pause here for a moment.""], ""safety"": ""ok""}",1,2176,0.7153999995352933,0.0015000005078036338,0.00019999970390927047,0.010599999768601265,0.004100000296602957,0.736200000574172
588,d70_u2,neutral,train,70,2,bc,3,1,1,0,0,0,1,1,0,ok,"{""sentences"": [""I hear you."", ""We can pause here for a moment.""], ""safety"": ""ok""}",1,2176,0.6921999993210193,0.0014000006558489986,0.00019999970390927047,0.010700000530050602,0.004200000148557592,0.7131000002118526
589,d70_u3,neutral,train,70,3,bc,3,1,1,0,0,0,1,1,0,ok,"{""sentences"": [""I hear you."", ""We can pause here for a moment.""], ""safety"": ""ok""}",1,2176,0.677699999869219,0.001499999598308932,0.00020000061340397224,0.010800000382005237,0.004599999556376133,0.6989999992583762
590,d70_u4,neutral,train,70,4,bc,3,1,1,0,0,0,1,1,0,ok,"{""sentences"": [""I hear you."", ""We can pause here for a moment.""], ""safety"": ""ok""}",1,2176,0.8017000000108965,0.001600000359758269,0.00019999970390927047,0.011099999937869143,0.004300000000512227,0.8233999997173669
591,d70_u5,angry,train,70,5,bc,3,1,1,0,0,0,1,1,0,ok,"{""sentences"": [""I hear you."", ""We can pause here for a moment.""], ""safety"": ""ok""}",1,2176,0.7101999999576947,0.001600000359758269,0.0002999995558639057,0.011000000085914508,0.004399999852466863,0.7316999999602558
592,d70_u6,neutral,train,70,6,bc,3,1,1,0,0,0,1,1,0,ok,"{""sentences"": [""I hear you."", ""We can pause here for a moment.""], ""safety"": ""ok""}",1,2176,0.7117999994079582,0.0014000006558489986,0.00019999970390927047,0.011199999789823778,0.004300000000512227,0.7334000001719687
593,d70_u7,angry,train,70,7,bc,3,1,1,0,0,0,1,1,0,ok,"{""sentences"": [""I hear you."", ""We can pause here for a moment.""], ""safety"": ""ok""}",1,2176,0.7424999994327663,0.0014000006558489986,0.00019999970390927047,0.011099999937869143,0.004600000465870835,0.7645000005140901
594,d70_u8,angry,train,70,8,bc,3,1,1,0,0,0,1,1,0,ok,"{""sentences"": [""I hear you."", ""We can pause here for a moment.""], ""safety"": ""ok""}",1,2176,0.7390999999188352,0.001499999598308932,0.00019999970390927047,0.010900000233959872,0.004400000761961564,0.7607000006828457
595,d71_u0,neutral,train,71,0,bc,3,1,1,0,0,0,1,1,0,ok,"{""sentences"": [""I hear you."", ""We can pause here for a moment.""], ""safety"": ""ok""}",1,2176,0.7262000008267933,0.001499999598308932,0.00020000061340397224,0.010800000382005237,0.004099999387108255,0.7473000005120412
596,d71_u1,neutral,train,71,1,bc,3,1,1,0,0,0,1,1,0,ok,"{""sentences"": [""I hear you."", ""We can pause here for a moment.""], ""safety"": ""ok""}",1,2176,0.6788000000597094,0.0014000006558489986,9.999985195463523e-05,0.010400000064691994,0.004100000296602957,0.6991999998717802
597,d72_u0,neutral,train,72,0,bc,3,1,1,0,0,0,1,1,0,ok,"{""sentences"": [""I hear you."", ""We can pause here for a moment.""], ""safety"": ""ok""}",1,2176,0.6766000005882233,0.0013999997463542968,0.00019999970390927047,0.01049999991664663,0.004100000296602957,0.697299999956158
598,d72_u2,neutral,train,72,2,bc,3,1,1,0,0,0,1,1,0,ok,"{""sentences"": [""I hear you."", ""We can pause here for a moment.""], ""safety"": ""ok""}",1,2176,0.6923999999344232,0.001499999598308932,0.00019999970390927047,0.01049999991664663,0.004100000296602957,0.7128999995984486
599,d72_u4,neutral,train,72,4,bc,3,1,1,0,0,0,1,1,0,ok,"{""sentences"": [""I hear you."", ""We can pause here for a moment.""], ""safety"": ""ok""}",1,2176,0.6778999995731283,0.001499999598308932,0.00020000061340397224,0.01049999991664663,0.00419999923906289,0.698700000612007
600,d72_u5,neutral,train,72,5,bc,3,1,1,0,0,0,1,1,0,ok,"{""sentences"": [""I hear you."", ""We can pause here for a moment.""], ""safety"": ""ok""}",1,2176,0.8096000001387438,0.0015000005078036338,0.00019999970390927047,0.011399999493733048,0.00419999923906289,0.8315000004586182
601,d72_u6,neutral,train,72,6,bc,3,1,1,0,0,0,1,1,0,ok,"{""sentences"": [""I hear you."", ""We can pause here for a moment.""], ""safety"": ""ok""}",1,2176,0.7470999998986372,0.001499999598308932,0.00030000046535860747,0.011000000085914508,0.004200000148557592,0.7685999999011983
602,d72_u7,neutral,train,72,7,bc,3,1,1,0,0,0,1,1,0,ok,"{""sentences"": [""I hear you."", ""We can pause here for a moment.""], ""safety"": ""ok""}",1,2176,0.873699999829114,0.001499999598308932,0.00020000061340397224,0.011300000551273115,0.004399999852466863,0.895700000000943
603,d73_u0,neutral,train,73,0,bc,3,1,1,0,0,0,1,1,0,ok,"{""sentences"": [""I hear you."", ""We can pause here for a moment.""], ""safety"": ""ok""}",1,2176,0.8379000000786618,0.0013999997463542968,0.00019999970390927047,0.0106999996205559,0.00419999923906289,0.8588000000600005
604,d73_u1,happy,train,73,1,bc,3,1,1,0,0,0,1,1,0,ok,"{""sentences"": [""I hear you."", ""We can pause here for a moment.""], ""safety"": ""ok""}",1,2176,0.6976000004215166,0.0015999994502635673,0.00020000061340397224,0.011100000847363845,0.004300000000512227,0.7193999999799416
605,d73_u2,happy,train,73,2,bc,3,1,1,0,0,0,1,1,0,ok,"{""sentences"": [""I hear you."", ""We can pause here for a moment.""], ""safety"": ""ok""}",1,2176,0.7181999999374966,0.001499999598308932,0.00020000061340397224,0.010700000530050602,0.004200000148557592,0.7392000006802846
606,d73_u3,neutral,train,73,3,bc,3,1,1,0,0,0,1,1,0,ok,"{""sentences"": [""I hear you."", ""We can pause here for a moment.""], ""safety"": ""ok""}",1,2176,0.7211000001916545,0.0015000005078036338,0.00019999970390927047,0.010799999472510535,0.004300000000512227,0.7423000006383518
607,d73_u4,neutral,train,73,4,bc,3,1,1,0,0,0,1,1,0,ok,"{""sentences"": [""I hear you."", ""We can pause here for a moment.""], ""safety"": ""ok""}",1,2176,0.680300000567513,0.0015999994502635673,0.00019999970390927047,0.010799999472510535,0.004200000148557592,0.701199999639357
608,d73_u5,neutral,train,73,5,bc,3,1,1,0,0,0,1,1,0,ok,"{""sentences"": [""I hear you."", ""We can pause here for a moment.""], ""safety"": ""ok""}",1,2176,0.6801999998060637,0.0014000006558489986,0.00019999970390927047,0.0106999996205559,0.004200000148557592,0.701199999639357
609,d73_u7,neutral,train,73,7,bc,3,1,1,0,0,0,1,1,0,ok,"{""sentences"": [""I hear you."", ""We can pause here for a moment.""], ""safety"": ""ok""}",1,2176,0.6915000003573368,0.001499999598308932,0.00019999970390927047,0.010600000678095967,0.004200000148557592,0.7120999998733168
610,d73_u8,neutral,train,73,8,bc,3,1,1,0,0,0,1,1,0,ok,"{""sentences"": [""I hear you."", ""We can pause here for a moment.""], ""safety"": ""ok""}",1,2176,0.6800000001021544,0.0015000005078036338,0.00019999970390927047,0.010600000678095967,0.004200000148557592,0.7006000005276292
611,d73_u9,neutral,train,73,9,bc,3,1,1,0,0,0,1,1,0,ok,"{""sentences"": [""I hear you."", ""We can pause here for a moment.""], ""safety"": ""ok""}",1,2176,0.681599999552418,0.0015000005078036338,0.00019999970390927047,0.010700000530050602,0.004200000148557592,0.7022999998298474
612,d73_u11,neutral,train,73,11,bc,3,1,1,0,0,0,1,1,0,ok,"{""sentences"": [""I hear you."", ""We can pause here for a moment.""], ""safety"": ""ok""}",1,2176,0.6902999994053971,0.0015000005078036338,0.0002999995558639057,0.010800000382005237,0.004200000148557592,0.7113000001481851
613,d74_u0,happy,train,74,0,bc,3,1,1,0,0,0,1,1,0,ok,"{""sentences"": [""I hear you."", ""We can pause here for a moment.""], ""safety"": ""ok""}",1,2176,0.6802999996580184,0.001499999598308932,0.00020000061340397224,0.010599999768601265,0.004300000000512227,0.7009999999354477
614,d74_u1,neutral,train,74,1,bc,3,1,1,0,0,0,1,1,0,ok,"{""sentences"": [""I hear you."", ""We can pause here for a moment.""], ""safety"": ""ok""}",1,2176,0.7017999996605795,0.0015000005078036338,0.00019999970390927047,0.01049999991664663,0.00399999953515362,0.7223000002340996
615,d74_u2,neutral,train,74,2,bc,3,1,1,0,0,0,1,1,0,ok,"{""sentences"": [""I hear you."", ""We can pause here for a moment.""], ""safety"": ""ok""}",1,2176,0.6653999998889049,0.001499999598308932,0.00019999970390927047,0.010300000212737359,0.004099999387108255,0.6857000007585157
616,d74_u3,neutral,train,74,3,bc,3,1,1,0,0,0,1,1,0,ok,"{""sentences"": [""I hear you."", ""We can pause here for a moment.""], ""safety"": ""ok""}",1,2176,0.6655000006503542,0.0015000005078036338,0.00019999970390927047,0.01049999991664663,0.004100000296602957,0.6861000001663342
617,d74_u5,angry,train,74,5,bc,3,1,1,0,0,0,1,1,0,ok,"{""sentences"": [""I hear you."", ""We can pause here for a moment.""], ""safety"": ""ok""}",1,2176,0.6973000008656527,0.001499999598308932,0.00019999970390927047,0.010599999768601265,0.004100000296602957,0.718100000085542
618,d74_u6,angry,train,74,6,bc,3,1,1,0,0,0,1,1,0,ok,"{""sentences"": [""I hear you."", ""We can pause here for a moment.""], ""safety"": ""ok""}",1,2176,0.6794999999328866,0.0013999997463542968,0.00019999970390927047,0.010700000530050602,0.004200000148557592,0.7004999997661798
619,d75_u0,neutral,train,75,0,bc,3,1,1,0,0,0,1,1,0,ok,"{""sentences"": [""I hear you."", ""We can pause here for a moment.""], ""safety"": ""ok""}",1,2176,0.6812999999965541,0.001499999598308932,0.0002999995558639057,0.010599999768601265,0.004000000444648322,0.7019000004220288
620,d76_u0,neutral,train,76,0,bc,3,1,1,0,0,0,1,1,0,ok,"{""sentences"": [""I hear you."", ""We can pause here for a moment.""], ""safety"": ""ok""}",1,2176,0.6871999994473299,0.0014000006558489986,0.00019999970390927047,0.010700000530050602,0.00399999953515362,0.7078000007822993
621,d76_u1,neutral,train,76,1,bc,3,1,1,0,0,0,1,1,0,ok,"{""sentences"": [""I hear you."", ""We can pause here for a moment.""], ""safety"": ""ok""}",1,2176,0.6891000002724468,0.0013999997463542968,0.00019999970390927047,0.010300000212737359,0.004100000296602957,0.7095000000845175
622,d76_u2,neutral,train,76,2,bc,3,1,1,0,0,0,1,1,0,ok,"{""sentences"": [""I hear you."", ""We can pause here for a moment.""], ""safety"": ""ok""}",1,2176,0.6852000005892478,0.001499999598308932,0.00030000046535860747,0.010599999768601265,0.004100000296602957,0.7060999996610917
623,d76_u3,neutral,train,76,3,bc,3,1,1,0,0,0,1,1,0,ok,"{""sentences"": [""I hear you."", ""We can pause here for a moment.""], ""safety"": ""ok""}",1,2176,0.691000000188069,0.0013999997463542968,0.00019999970390927047,0.010599999768601265,0.004100000296602957,0.711599999704049
624,d76_u4,neutral,train,76,4,bc,3,1,1,0,0,0,1,1,0,ok,"{""sentences"": [""I hear you."", ""We can pause here for a moment.""], ""safety"": ""ok""}",1,2176,0.7846999997127568,0.001499999598308932,0.00020000061340397224,0.010599999768601265,0.004099999387108255,0.8056000006035902
625,d76_u5,happy,train,76,5,bc,3,1,1,0,0,0,1,1,0,ok,"{""sentences"": [""I hear you."", ""We can pause here for a moment.""], ""safety"": ""ok""}",1,2176,0.8593000002292683,0.001499999598308932,0.00019999970390927047,0.010199999451288022,0.00399999953515362,0.8793999995759805
626,d76_u6,happy,train,76,6,bc,3,1,1,0,0,0,1,1,0,ok,"{""sentences"": [""I hear you."", ""We can pause here for a moment.""], ""safety"": ""ok""}",1,2176,0.761899999815796,0.0013999997463542968,0.00030000046535860747,0.010700000530050602,0.004200000148557592,0.7827999997971347
627,d76_u7,sad,train,76,7,bc,3,1,1,0,0,0,1,1,0,ok,"{""sentences"": [""I hear you."", ""We can pause here for a moment.""], ""safety"": ""ok""}",1,2176,0.7482000000891276,0.0013999997463542968,0.00019999970390927047,0.010700000530050602,0.004300000000512227,0.7691000000704662
628,d77_u0,neutral,train,77,0,bc,3,1,1,0,0,0,1,1,0,ok,"{""sentences"": [""I hear you."", ""We can pause here for a moment.""], ""safety"": ""ok""}",1,2176,0.7729999997536652,0.0015000005078036338,0.00019999970390927047,0.010400000064691994,0.004100000296602957,0.7932999997137813
629,d77_u1,neutral,train,77,1,bc,3,1,1,0,0,0,1,1,0,ok,"{""sentences"": [""I hear you."", ""We can pause here for a moment.""], ""safety"": ""ok""}",1,2176,0.7016999998086249,0.0013999997463542968,0.00020000061340397224,0.010300000212737359,0.00399999953515362,0.7218999999167863
630,d77_u2,neutral,train,77,2,bc,3,1,1,0,0,0,1,1,0,ok,"{""sentences"": [""I hear you."", ""We can pause here for a moment.""], ""safety"": ""ok""}",1,2176,0.7408000001305481,0.001499999598308932,0.00020000061340397224,0.010400000064691994,0.004200000148557592,0.7612999997945735
631,d77_u3,neutral,train,77,3,bc,3,1,1,0,0,0,1,1,0,ok,"{""sentences"": [""I hear you."", ""We can pause here for a moment.""], ""safety"": ""ok""}",1,2176,0.7453999996869243,0.0014000006558489986,0.00019999970390927047,0.01049999991664663,0.00399999953515362,0.7656999996470404
632,d77_u4,happy,train,77,4,bc,3,1,1,0,0,0,1,1,0,ok,"{""sentences"": [""I hear you."", ""We can pause here for a moment.""], ""safety"": ""ok""}",1,2176,0.7053999997879146,0.001499999598308932,0.00019999970390927047,0.010700000530050602,0.004300000000512227,0.7264999994731625
633,d78_u0,happy,train,78,0,bc,3,1,1,0,0,0,1,1,0,ok,"{""sentences"": [""I hear you."", ""We can pause here for a moment.""], ""safety"": ""ok""}",1,2176,0.7458999998561922,0.0013999997463542968,0.0002999995558639057,0.010099999599333387,0.007899999218352605,0.7700000005570473
634,d78_u1,angry,train,78,1,bc,3,1,1,0,0,0,1,1,0,ok,"{""sentences"": [""I hear you."", ""We can pause here for a moment.""], ""safety"": ""ok""}",1,2176,0.7351000003836816,0.0012999998943996616,0.00019999970390927047,0.010199999451288022,0.00399999953515362,0.7551999997303938
635,d78_u2,angry,train,78,2,bc,3,1,1,0,0,0,1,1,0,ok,"{""sentences"": [""I hear you."", ""We can pause here for a moment.""], ""safety"": ""ok""}",1,2176,0.7550999998784391,0.0014000006558489986,0.00019999970390927047,0.010600000678095967,0.004100000296602957,0.7757000003039138
636,d78_u3,neutral,train,78,3,bc,3,1,1,0,0,0,1,1,0,ok,"{""sentences"": [""I hear you."", ""We can pause here for a moment.""], ""safety"": ""ok""}",1,2176,0.7562000000689295,0.0015000005078036338,0.00019999970390927047,0.010600000678095967,0.004300000000512227,0.7771000000502681
637,d79_u0,neutral,train,79,0,bc,3,1,1,0,0,0,1,1,0,ok,"{""sentences"": [""I hear you."", ""We can pause here for a moment.""], ""safety"": ""ok""}",1,2176,0.7519000000684173,0.001499999598308932,0.00019999970390927047,0.010400000064691994,0.00399999953515362,0.7722000000285334
638,d79_u2,happy,train,79,2,bc,3,1,1,0,0,0,1,1,0,ok,"{""sentences"": [""I hear you."", ""We can pause here for a moment.""], ""safety"": ""ok""}",1,2176,0.738699999601522,0.0014000006558489986,0.00020000061340397224,0.016900000446185004,0.004100000296602957,0.7654999999431311
639,d79_u4,neutral,train,79,4,bc,3,1,1,0,0,0,1,1,0,ok,"{""sentences"": [""I hear you."", ""We can pause here for a moment.""], ""safety"": ""ok""}",1,2176,0.7326000004468369,0.001499999598308932,0.00020000061340397224,0.010400000064691994,0.004300000000512227,0.7532999998147716
640,d79_u6,neutral,train,79,6,bc,3,1,1,0,0,0,1,1,0,ok,"{""sentences"": [""I hear you."", ""We can pause here for a moment.""], ""safety"": ""ok""}",1,2176,0.6915000003573368,0.001499999598308932,0.00019999970390927047,0.01049999991664663,0.004200000148557592,0.7121999997252715
641,d79_u7,neutral,train,79,7,bc,3,1,1,0,0,0,1,1,0,ok,"{""sentences"": [""I hear you."", ""We can pause here for a moment.""], ""safety"": ""ok""}",1,2176,0.6855999999970663,0.0015000005078036338,0.00019999970390927047,0.01049999991664663,0.00399999953515362,0.7061000005705864
642,d80_u0,neutral,train,80,0,bc,3,1,1,0,0,0,1,1,0,ok,"{""sentences"": [""I hear you."", ""We can pause here for a moment.""], ""safety"": ""ok""}",1,2176,0.6988000004639616,0.001499999598308932,0.00030000046535860747,0.010600000678095967,0.004200000148557592,0.7199000001492095
643,d80_u1,happy,train,80,1,bc,3,1,1,0,0,0,1,1,0,ok,"{""sentences"": [""I hear you."", ""We can pause here for a moment.""], ""safety"": ""ok""}",1,2176,0.6944999995539547,0.001600000359758269,0.00019999970390927047,0.0106999996205559,0.004300000000512227,0.7158000007621013
644,d80_u3,neutral,train,80,3,bc,3,1,1,0,0,0,1,1,0,ok,"{""sentences"": [""I hear you."", ""We can pause here for a moment.""], ""safety"": ""ok""}",1,2176,0.7019000004220288,0.0015999994502635673,0.00030000046535860747,0.010900000233959872,0.004200000148557592,0.723199999811186
645,d80_u4,neutral,train,80,4,bc,3,1,1,0,0,0,1,1,0,ok,"{""sentences"": [""I hear you."", ""We can pause here for a moment.""], ""safety"": ""ok""}",1,2176,0.7437000003847061,0.0015000005078036338,0.00019999970390927047,0.010600000678095967,0.004200000148557592,0.7642999999006861
646,d80_u5,neutral,train,80,5,bc,3,1,1,0,0,0,1,1,0,ok,"{""sentences"": [""I hear you."", ""We can pause here for a moment.""], ""safety"": ""ok""}",1,2176,0.6987999995544669,0.001499999598308932,0.00030000046535860747,0.010700000530050602,0.004200000148557592,0.7197000004453002
647,d81_u0,neutral,train,81,0,bc,3,1,1,0,0,0,1,1,0,ok,"{""sentences"": [""I hear you."", ""We can pause here for a moment.""], ""safety"": ""ok""}",1,2176,0.690799999574665,0.0015000005078036338,0.00019999970390927047,0.01049999991664663,0.00399999953515362,0.7111999993867357
648,d81_u1,neutral,train,81,1,bc,3,1,1,0,0,0,1,1,0,ok,"{""sentences"": [""I hear you."", ""We can pause here for a moment.""], ""safety"": ""ok""}",1,2176,0.68959999953222,0.0015000005078036338,0.00019999970390927047,0.010599999768601265,0.004200000148557592,0.7102999998096493
649,d81_u2,neutral,train,81,2,bc,3,1,1,0,0,0,1,1,0,ok,"{""sentences"": [""I hear you."", ""We can pause here for a moment.""], ""safety"": ""ok""}",1,2176,0.7020999992164434,0.001600000359758269,0.00019999970390927047,0.011000000085914508,0.004200000148557592,0.72340000042459
650,d81_u3,happy,train,81,3,bc,3,1,1,0,0,0,1,1,0,ok,"{""sentences"": [""I hear you."", ""We can pause here for a moment.""], ""safety"": ""ok""}",1,2176,0.7036999995762017,0.0015000005078036338,0.00019999970390927047,0.010799999472510535,0.004099999387108255,0.7249000000228989
651,d81_u5,neutral,train,81,5,bc,3,1,1,0,0,0,1,1,0,ok,"{""sentences"": [""I hear you."", ""We can pause here for a moment.""], ""safety"": ""ok""}",1,2176,0.6955999997444451,0.0013999997463542968,0.00019999970390927047,0.010599999768601265,0.004100000296602957,0.7164999997257837
652,d81_u6,happy,train,81,6,bc,3,1,1,0,0,0,1,1,0,ok,"{""sentences"": [""I hear you."", ""We can pause here for a moment.""], ""safety"": ""ok""}",1,2176,0.699999999596912,0.0013999997463542968,0.00019999970390927047,0.0106999996205559,0.004300000000512227,0.7209999994302052
653,d81_u8,happy,train,81,8,bc,3,1,1,0,0,0,1,1,0,ok,"{""sentences"": [""I hear you."", ""We can pause here for a moment.""], ""safety"": ""ok""}",1,2176,0.7041999997454695,0.0014000006558489986,0.00019999970390927047,0.010600000678095967,0.004100000296602957,0.7248000001709443
654,d81_u9,neutral,train,81,9,bc,3,1,1,0,0,0,1,1,0,ok,"{""sentences"": [""I hear you."", ""We can pause here for a moment.""], ""safety"": ""ok""}",1,2176,0.6777999997211737,0.001499999598308932,0.00019999970390927047,0.010599999768601265,0.004399999852466863,0.698700000612007
655,d81_u10,neutral,train,81,10,bc,3,1,1,0,0,0,1,1,0,ok,"{""sentences"": [""I hear you."", ""We can pause here for a moment.""], ""safety"": ""ok""}",1,2176,0.7118000003174529,0.0015000005078036338,0.00019999970390927047,0.010800000382005237,0.004100000296602957,0.7328000001507462
656,d81_u11,angry,train,81,11,bc,3,1,1,0,0,0,1,1,0,ok,"{""sentences"": [""I hear you."", ""We can pause here for a moment.""], ""safety"": ""ok""}",1,2176,0.699700000041048,0.0013999997463542968,0.00019999970390927047,0.010600000678095967,0.004100000296602957,0.7202000006145681
657,d81_u12,neutral,train,81,12,bc,3,1,1,0,0,0,1,1,0,ok,"{""sentences"": [""I hear you."", ""We can pause here for a moment.""], ""safety"": ""ok""}",1,2176,0.6932000005690497,0.001499999598308932,0.00019999970390927047,0.010900000233959872,0.004300000000512227,0.7144999999582069
658,d81_u13,angry,train,81,13,bc,3,1,1,0,0,0,1,1,0,ok,"{""sentences"": [""I hear you."", ""We can pause here for a moment.""], ""safety"": ""ok""}",1,2176,0.7017999996605795,0.001499999598308932,0.00020000061340397224,0.010900000233959872,0.00399999953515362,0.7230000001072767
659,d81_u14,angry,train,81,14,bc,3,1,1,0,0,0,1,1,0,ok,"{""sentences"": [""I hear you."", ""We can pause here for a moment.""], ""safety"": ""ok""}",1,2176,0.6905000000188011,0.001499999598308932,0.00020000061340397224,0.010800000382005237,0.004200000148557592,0.7114999998520943
660,d81_u15,angry,train,81,15,bc,3,1,1,0,0,0,1,1,0,ok,"{""sentences"": [""I hear you."", ""We can pause here for a moment.""], ""safety"": ""ok""}",1,2176,0.6893999998283107,0.0013999997463542968,0.00020000061340397224,0.011000000085914508,0.004300000000512227,0.7106999992174678
661,d82_u0,neutral,train,82,0,bc,3,1,1,0,0,0,1,1,0,ok,"{""sentences"": [""I hear you."", ""We can pause here for a moment.""], ""safety"": ""ok""}",1,2176,0.7178000005296781,0.0013999997463542968,0.00019999970390927047,0.0106999996205559,0.004100000296602957,0.7385999997495674
662,d82_u1,neutral,train,82,1,bc,3,1,1,0,0,0,1,1,0,ok,"{""sentences"": [""I hear you."", ""We can pause here for a moment.""], ""safety"": ""ok""}",1,2176,0.6739999998899293,0.001499999598308932,0.0002999995558639057,0.010799999472510535,0.004200000148557592,0.6948000000193133
663,d82_u2,angry,train,82,2,bc,3,1,1,0,0,0,1,1,0,ok,"{""sentences"": [""I hear you."", ""We can pause here for a moment.""], ""safety"": ""ok""}",1,2176,0.6805000002714223,0.0013999997463542968,0.00020000061340397224,0.01049999991664663,0.004100000296602957,0.7010999997874023
664,d82_u4,sad,train,82,4,bc,3,1,1,0,0,0,1,1,0,ok,"{""sentences"": [""I hear you."", ""We can pause here for a moment.""], ""safety"": ""ok""}",1,2176,0.6751000000804197,0.001499999598308932,0.00030000046535860747,0.01049999991664663,0.004200000148557592,0.6957999994483544
665,d82_u5,neutral,train,82,5,bc,3,1,1,0,0,0,1,1,0,ok,"{""sentences"": [""I hear you."", ""We can pause here for a moment.""], ""safety"": ""ok""}",1,2176,0.6743999992977479,0.0015000005078036338,0.00019999970390927047,0.01049999991664663,0.00419999923906289,0.6948000000193133
666,d82_u7,neutral,train,82,7,bc,3,1,1,0,0,0,1,1,0,ok,"{""sentences"": [""I hear you."", ""We can pause here for a moment.""], ""safety"": ""ok""}",1,2176,0.7181999999374966,0.0015000005078036338,0.00019999970390927047,0.010600000678095967,0.00399999953515362,0.7388000003629713
667,d82_u10,neutral,train,82,10,bc,3,1,1,0,0,0,1,1,0,ok,"{""sentences"": [""I hear you."", ""We can pause here for a moment.""], ""safety"": ""ok""}",1,2176,0.8830999995552702,0.0018000000636675395,0.00020000061340397224,0.012700000297627412,0.004900000021734741,0.9079000001293025
668,d82_u11,neutral,train,82,11,bc,3,1,1,0,0,0,1,1,0,ok,"{""sentences"": [""I hear you."", ""We can pause here for a moment.""], ""safety"": ""ok""}",1,2176,0.8784000001469394,0.001600000359758269,0.00020000061340397224,0.011799999811046291,0.004399999852466863,0.9012999998958549
669,d83_u0,neutral,train,83,0,bc,3,1,1,0,0,0,1,1,0,ok,"{""sentences"": [""I hear you."", ""We can pause here for a moment.""], ""safety"": ""ok""}",1,2176,0.7631999997101957,0.0015000005078036338,0.0002999995558639057,0.011499999345687684,0.004699999408330768,0.7857000000512926
670,d83_u1,neutral,train,83,1,bc,3,1,1,0,0,0,1,1,0,ok,"{""sentences"": [""I hear you."", ""We can pause here for a moment.""], ""safety"": ""ok""}",1,2176,0.8035999999265186,0.001499999598308932,0.00030000046535860747,0.011000000085914508,0.0045000006139162,0.825500000246393
671,d83_u2,angry,train,83,2,bc,3,1,1,0,0,0,1,1,0,ok,"{""sentences"": [""I hear you."", ""We can pause here for a moment.""], ""safety"": ""ok""}",1,2176,0.7995999994818703,0.001600000359758269,0.00019999970390927047,0.01140000040322775,0.004200000148557592,0.8218000002671033
672,d83_u3,neutral,train,83,3,bc,3,1,1,0,0,0,1,1,0,ok,"{""sentences"": [""I hear you."", ""We can pause here for a moment.""], ""safety"": ""ok""}",1,2176,0.8043999996516504,0.001600000359758269,0.00030000046535860747,0.01120000069931848,0.004300000000512227,0.8265999995273887
673,d84_u1,angry,train,84,1,bc,3,1,1,0,0,0,1,1,0,ok,"{""sentences"": [""I hear you."", ""We can pause here for a moment.""], ""safety"": ""ok""}",1,2176,0.7978000003276975,0.001499999598308932,0.0002999995558639057,0.010799999472510535,0.004300000000512227,0.8190999997168547
674,d84_u2,angry,train,84,2,bc,3,1,1,0,0,0,1,1,0,ok,"{""sentences"": [""I hear you."", ""We can pause here for a moment.""], ""safety"": ""ok""}",1,2176,0.8496000000377535,0.001600000359758269,0.00020000061340397224,0.01140000040322775,0.004499999704421498,0.8718999997654464
675,d84_u3,angry,train,84,3,bc,3,1,1,0,0,0,1,1,0,ok,"{""sentences"": [""I hear you."", ""We can pause here for a moment.""], ""safety"": ""ok""}",1,2176,0.7129000005079433,0.0015999994502635673,0.00019999970390927047,0.011199999789823778,0.004399999852466863,0.7348999997702776
676,d84_u4,neutral,train,84,4,bc,3,1,1,0,0,0,1,1,0,ok,"{""sentences"": [""I hear you."", ""We can pause here for a moment.""], ""safety"": ""ok""}",1,2176,0.7230000001072767,0.001499999598308932,0.00019999970390927047,0.011300000551273115,0.00470000031782547,0.7452999998349696
677,d84_u5,neutral,train,84,5,bc,3,1,1,0,0,0,1,1,0,ok,"{""sentences"": [""I hear you."", ""We can pause here for a moment.""], ""safety"": ""ok""}",1,2176,0.708900000063295,0.001600000359758269,0.00020000061340397224,0.01140000040322775,0.00470000031782547,0.7317999998122104
678,d84_u6,sad,train,84,6,bc,3,1,1,0,0,0,1,1,0,ok,"{""sentences"": [""I hear you."", ""We can pause here for a moment.""], ""safety"": ""ok""}",1,2176,0.7095000000845175,0.001499999598308932,0.00020000061340397224,0.011199999789823778,0.00419999923906289,0.7311999997909879
679,d85_u0,neutral,train,85,0,bc,3,1,1,0,0,0,1,1,0,ok,"{""sentences"": [""I hear you."", ""We can pause here for a moment.""], ""safety"": ""ok""}",1,2176,0.7597999992867699,0.001499999598308932,0.00019999970390927047,0.011199999789823778,0.0045000006139162,0.7816999996066443
680,d85_u1,neutral,train,85,1,bc,3,1,1,0,0,0,1,1,0,ok,"{""sentences"": [""I hear you."", ""We can pause here for a moment.""], ""safety"": ""ok""}",1,2176,0.7365999999819905,0.001600000359758269,0.00019999970390927047,0.011000000085914508,0.004499999704421498,0.7584999993923702
681,d85_u2,neutral,train,85,2,bc,3,1,1,0,0,0,1,1,0,ok,"{""sentences"": [""I hear you."", ""We can pause here for a moment.""], ""safety"": ""ok""}",1,2176,0.7194999998318963,0.001600000359758269,0.00019999970390927047,0.011099999937869143,0.004300000000512227,0.7409999998344574
682,d85_u3,neutral,train,85,3,bc,3,1,1,0,0,0,1,1,0,ok,"{""sentences"": [""I hear you."", ""We can pause here for a moment.""], ""safety"": ""ok""}",1,2176,0.7802000000083353,0.0016999993022182025,0.00019999970390927047,0.011300000551273115,0.00470000031782547,0.8024999997360283
683,d85_u4,neutral,train,85,4,bc,3,1,1,0,0,0,1,1,0,ok,"{""sentences"": [""I hear you."", ""We can pause here for a moment.""], ""safety"": ""ok""}",1,2176,0.8566999995309743,0.001600000359758269,0.00019999970390927047,0.011699999959091656,0.004399999852466863,0.8790000001681619
684,d86_u0,neutral,train,86,0,bc,3,1,1,0,0,0,1,1,0,ok,"{""sentences"": [""I hear you."", ""We can pause here for a moment.""], ""safety"": ""ok""}",1,2176,0.7962999998198939,0.001600000359758269,0.00019999970390927047,0.011599999197642319,0.004399999852466863,0.8186000004570815
685,d86_u1,neutral,train,86,1,bc,3,1,1,0,0,0,1,1,0,ok,"{""sentences"": [""I hear you."", ""We can pause here for a moment.""], ""safety"": ""ok""}",1,2176,0.9714999996504048,0.0024000000848900527,0.0004000003173132427,0.018400000044493936,0.008200000593205914,1.0085999992952566
686,d86_u3,neutral,train,86,3,bc,3,1,1,0,0,0,1,1,0,ok,"{""sentences"": [""I hear you."", ""We can pause here for a moment.""], ""safety"": ""ok""}",1,2176,6.169399999635061,0.005000000783184078,0.0005000001692678779,0.03930000002583256,0.010200000360782724,6.2343999998120125
687,d86_u4,neutral,train,86,4,bc,3,1,1,0,0,0,1,1,0,ok,"{""sentences"": [""I hear you."", ""We can pause here for a moment.""], ""safety"": ""ok""}",1,2176,1.188400000501133,0.003099999958067201,0.0002999995558639057,0.020400000721565448,0.00869999985297909,1.2304000001677196
688,d86_u6,neutral,train,86,6,bc,3,1,1,0,0,0,1,1,0,ok,"{""sentences"": [""I hear you."", ""We can pause here for a moment.""], ""safety"": ""ok""}",1,2176,1.1195999995834427,0.002099999619531445,0.0002999995558639057,0.014500000361294951,0.005500000042957254,1.14800000028481
689,d86_u7,neutral,train,86,7,bc,3,1,1,0,0,0,1,1,0,ok,"{""sentences"": [""I hear you."", ""We can pause here for a moment.""], ""safety"": ""ok""}",1,2176,0.9018999999170774,0.00199999976757681,0.00030000046535860747,0.013899999430577736,0.005099999725644011,0.9289999998145504
690,d86_u8,neutral,train,86,8,bc,3,1,1,0,0,0,1,1,0,ok,"{""sentences"": [""I hear you."", ""We can pause here for a moment.""], ""safety"": ""ok""}",1,2176,0.8978000005299691,0.00199999976757681,0.00030000046535860747,0.013299999409355223,0.005200000487093348,0.923999999940861
691,d86_u9,neutral,train,86,9,bc,3,1,1,0,0,0,1,1,0,ok,"{""sentences"": [""I hear you."", ""We can pause here for a moment.""], ""safety"": ""ok""}",1,2176,0.9669000000940287,0.0027999994927085936,0.00039999940781854093,0.04239999998389976,0.007900000127847306,1.0276000002704677
692,d86_u10,happy,train,86,10,bc,3,1,1,0,0,0,1,1,0,ok,"{""sentences"": [""I hear you."", ""We can pause here for a moment.""], ""safety"": ""ok""}",1,2176,1.1193000000275788,0.0024000000848900527,0.00019999970390927047,0.016200000573007856,0.0057999995988211595,1.150900000538968
693,d87_u0,sad,train,87,0,bc,3,1,1,0,0,0,1,1,0,ok,"{""sentences"": [""I hear you."", ""We can pause here for a moment.""], ""safety"": ""ok""}",1,2176,1.2870000000475557,0.0028000004022032954,0.00020000061340397224,0.019799999790848233,0.007100000402715523,1.3243000003058114
694,d87_u1,neutral,train,87,1,bc,3,1,1,0,0,0,1,1,0,ok,"{""sentences"": [""I hear you."", ""We can pause here for a moment.""], ""safety"": ""ok""}",1,2176,1.1368999994374462,0.0031999998100218363,0.0002999995558639057,0.02229999972769292,0.007099999493220821,1.178099999378901
695,d87_u2,sad,train,87,2,bc,3,1,1,0,0,0,1,1,0,ok,"{""sentences"": [""I hear you."", ""We can pause here for a moment.""], ""safety"": ""ok""}",1,2176,1.0201000004599337,0.003000000106112566,0.00019999970390927047,0.018599999748403206,0.007099999493220821,1.0557999994489364
696,d87_u3,sad,train,87,3,bc,3,1,1,0,0,0,1,1,0,ok,"{""sentences"": [""I hear you."", ""We can pause here for a moment.""], ""safety"": ""ok""}",1,2176,0.995399999737856,0.002200000380980782,0.00019999970390927047,0.01579999934619991,0.00599999930273043,1.0254999997414416
697,d87_u4,happy,train,87,4,bc,3,1,1,0,0,0,1,1,0,ok,"{""sentences"": [""I hear you."", ""We can pause here for a moment.""], ""safety"": ""ok""}",1,2176,0.8962000001702108,0.002100000529026147,0.00019999970390927047,0.013500000022759195,0.005199999577598646,0.9227000000464614
698,d87_u5,neutral,train,87,5,bc,3,1,1,0,0,0,1,1,0,ok,"{""sentences"": [""I hear you."", ""We can pause here for a moment.""], ""safety"": ""ok""}",1,2176,1.1668000006466173,0.0036999999792897142,0.0004000003173132427,0.03710000055434648,0.009100000170292333,1.2268000000403845
699,d87_u6,neutral,train,87,6,bc,3,1,1,0,0,0,1,1,0,ok,"{""sentences"": [""I hear you."", ""We can pause here for a moment.""], ""safety"": ""ok""}",1,2176,1.408899999660207,0.00270000055024866,0.00039999940781854093,0.02099999983329326,0.00869999985297909,1.4789999995628023
700,d87_u7,happy,train,87,7,bc,3,1,1,0,0,0,1,1,0,ok,"{""sentences"": [""I hear you."", ""We can pause here for a moment.""], ""safety"": ""ok""}",1,2176,1.1961000000155764,0.002200000380980782,0.0004000003173132427,0.016799999684735667,0.007499999810534064,1.2304000001677196
701,d87_u8,happy,train,87,8,bc,3,1,1,0,0,0,1,1,0,ok,"{""sentences"": [""I hear you."", ""We can pause here for a moment.""], ""safety"": ""ok""}",1,2176,1.169300000583462,0.002499999936844688,0.0004000003173132427,0.017299999854003545,0.007099999493220821,1.2038999993819743
702,d87_u9,happy,train,87,9,bc,3,1,1,0,0,0,1,1,0,ok,"{""sentences"": [""I hear you."", ""We can pause here for a moment.""], ""safety"": ""ok""}",1,2176,1.1157999997521983,0.002499999936844688,0.0002999995558639057,0.01739999970595818,0.007200000254670158,1.1506000000736094
703,d88_u0,neutral,train,88,0,bc,3,1,1,0,0,0,1,1,0,ok,"{""sentences"": [""I hear you."", ""We can pause here for a moment.""], ""safety"": ""ok""}",1,2176,1.193299999613373,0.0028000004022032954,0.00039999940781854093,0.019799999790848233,0.007799999366397969,1.2317999999140739
704,d88_u1,happy,train,88,1,bc,3,1,1,0,0,0,1,1,0,ok,"{""sentences"": [""I hear you."", ""We can pause here for a moment.""], ""safety"": ""ok""}",1,2176,1.3048999999227817,0.0031999998100218363,0.0005000001692678779,0.022000000171829015,0.008799999704933725,1.3479999997798586
705,d88_u2,neutral,train,88,2,bc,3,1,1,0,0,0,1,1,0,ok,"{""sentences"": [""I hear you."", ""We can pause here for a moment.""], ""safety"": ""ok""}",1,2176,1.1790999997174367,0.003000000106112566,0.0004000003173132427,0.018500000805943273,0.007699999514443334,1.2164999998276471
706,d88_u3,neutral,train,88,3,bc,3,1,1,0,0,0,1,1,0,ok,"{""sentences"": [""I hear you."", ""We can pause here for a moment.""], ""safety"": ""ok""}",1,2176,1.2399000006553251,0.002600000698294025,0.0004000003173132427,0.018600000657897908,0.007800000275892671,1.276799999686773
707,d89_u0,angry,train,89,0,bc,3,1,1,0,0,0,1,1,0,ok,"{""sentences"": [""I hear you."", ""We can pause here for a moment.""], ""safety"": ""ok""}",1,2176,1.1889999996128608,0.002599999788799323,0.0004000003173132427,0.018199999431089964,0.00850000014906982,1.2266000003364752
708,d89_u1,neutral,train,89,1,bc,3,1,1,0,0,0,1,1,0,ok,"{""sentences"": [""I hear you."", ""We can pause here for a moment.""], ""safety"": ""ok""}",1,2176,1.2120000001232256,0.0026999996407539584,0.0004000003173132427,0.018600000657897908,0.008600000001024455,1.2501999999585678
709,d89_u2,happy,train,89,2,bc,3,1,1,0,0,0,1,1,0,ok,"{""sentences"": [""I hear you."", ""We can pause here for a moment.""], ""safety"": ""ok""}",1,2176,1.2593999999808148,0.0031999998100218363,0.0005000001692678779,0.02210000002378365,0.009399999726156238,1.30410000019765
710,d89_u4,neutral,train,89,4,bc,3,1,1,0,0,0,1,1,0,ok,"{""sentences"": [""I hear you."", ""We can pause here for a moment.""], ""safety"": ""ok""}",1,2176,1.230300000315765,0.0033999995139311068,0.0002999995558639057,0.019699999938893598,0.008700000762473792,1.271199999791861
711,d89_u5,neutral,train,89,5,bc,3,1,1,0,0,0,1,1,0,ok,"{""sentences"": [""I hear you."", ""We can pause here for a moment.""], ""safety"": ""ok""}",1,2176,1.1399999993955134,0.002499999936844688,0.0004000003173132427,0.017999999727180693,0.024699999812582973,1.192599999740196
712,d89_u6,happy,train,89,6,bc,3,1,1,0,0,0,1,1,0,ok,"{""sentences"": [""I hear you."", ""We can pause here for a moment.""], ""safety"": ""ok""}",1,2176,1.167899999927613,0.0018999999156221747,0.00019999970390927047,0.03639999977167463,0.006199999916134402,1.218400000652764
713,d89_u7,happy,train,89,7,bc,3,1,1,0,0,0,1,1,0,ok,"{""sentences"": [""I hear you."", ""We can pause here for a moment.""], ""safety"": ""ok""}",1,2176,1.3042000000496046,0.002999999196617864,0.00030000046535860747,0.03770000057556899,0.020399999812070746,1.371399999698042
714,d89_u8,neutral,train,89,8,bc,3,1,1,0,0,0,1,1,0,ok,"{""sentences"": [""I hear you."", ""We can pause here for a moment.""], ""safety"": ""ok""}",1,2176,1.14800000028481,0.0017000002117129043,0.00030000046535860747,0.034300000152143184,0.005300000339047983,1.2085999996997998
715,d89_u9,angry,train,89,9,bc,3,1,1,0,0,0,1,1,0,ok,"{""sentences"": [""I hear you."", ""We can pause here for a moment.""], ""safety"": ""ok""}",1,2176,1.1297999999442254,0.0016999993022182025,0.00020000061340397224,0.035200000638724305,0.004900000021734741,1.1764999999286374
716,d89_u11,angry,train,89,11,bc,3,1,1,0,0,0,1,1,0,ok,"{""sentences"": [""I hear you."", ""We can pause here for a moment.""], ""safety"": ""ok""}",1,2176,0.9203999998135259,0.001499999598308932,0.00020000061340397224,0.011000000085914508,0.004300000000512227,0.9416999992026831
717,d89_u15,neutral,train,89,15,bc,3,1,1,0,0,0,1,1,0,ok,"{""sentences"": [""I hear you."", ""We can pause here for a moment.""], ""safety"": ""ok""}",1,2176,0.9220000001732842,0.001499999598308932,0.00019999970390927047,0.010800000382005237,0.00399999953515362,0.9427999993931735
718,d89_u16,happy,train,89,16,bc,3,1,1,0,0,0,1,1,0,ok,"{""sentences"": [""I hear you."", ""We can pause here for a moment.""], ""safety"": ""ok""}",1,2176,0.9631000002627843,0.001600000359758269,0.0002999995558639057,0.01160000010713702,0.004399999852466863,0.9854999998424319
719,d91_u0,angry,train,91,0,bc,3,1,1,0,0,0,1,1,0,ok,"{""sentences"": [""I hear you."", ""We can pause here for a moment.""], ""safety"": ""ok""}",1,2176,0.8009000002857647,0.0015999994502635673,0.00030000046535860747,0.011099999937869143,0.004099999387108255,0.8224000002883258
720,d92_u0,angry,train,92,0,bc,3,1,1,0,0,0,1,1,0,ok,"{""sentences"": [""I hear you."", ""We can pause here for a moment.""], ""safety"": ""ok""}",1,2176,0.8643000001029577,0.0029000002541579306,0.0005000001692678779,0.01849999989644857,0.0073999999585794285,0.9008000006360817
721,d92_u1,neutral,train,92,1,bc,3,1,1,0,0,0,1,1,0,ok,"{""sentences"": [""I hear you."", ""We can pause here for a moment.""], ""safety"": ""ok""}",1,2176,1.1666000000332133,0.003000000106112566,0.0004000003173132427,0.022500000341096893,0.010400000064691994,1.2121999998271349
722,d93_u0,neutral,train,93,0,bc,3,1,1,0,0,0,1,1,0,ok,"{""sentences"": [""I hear you."", ""We can pause here for a moment.""], ""safety"": ""ok""}",1,2176,1.3833000002705376,0.0033999995139311068,0.0006999998731771484,0.02789999962260481,0.01160000010713702,1.439599999685015
723,d93_u1,neutral,train,93,1,bc,3,1,1,0,0,0,1,1,0,ok,"{""sentences"": [""I hear you."", ""We can pause here for a moment.""], ""safety"": ""ok""}",1,2176,1.260799999727169,0.004000000444648322,0.00039999940781854093,0.024699999812582973,0.009899999895424116,1.3109999999869615
724,d93_u2,neutral,train,93,2,bc,3,1,1,0,0,0,1,1,0,ok,"{""sentences"": [""I hear you."", ""We can pause here for a moment.""], ""safety"": ""ok""}",1,2176,1.2212000001454726,0.0031999998100218363,0.0004000003173132427,0.024400000256719068,0.01049999991664663,1.2688000006164657
725,d93_u4,neutral,train,93,4,bc,3,1,1,0,0,0,1,1,0,ok,"{""sentences"": [""I hear you."", ""We can pause here for a moment.""], ""safety"": ""ok""}",1,2176,1.191399999697751,0.003200000719516538,0.0004000003173132427,0.023699999474047218,0.009399999726156238,1.2377999992168043
726,d94_u0,neutral,train,94,0,bc,3,1,1,0,0,0,1,1,0,ok,"{""sentences"": [""I hear you."", ""We can pause here for a moment.""], ""safety"": ""ok""}",1,2176,1.162800000201969,0.0027999994927085936,0.00039999940781854093,0.02769999991869554,0.00830000044516055,1.214099999742757
727,d94_u1,neutral,train,94,1,bc,3,1,1,0,0,0,1,1,0,ok,"{""sentences"": [""I hear you."", ""We can pause here for a moment.""], ""safety"": ""ok""}",1,2176,1.1126999997941311,0.0024000000848900527,0.0002999995558639057,0.014299999747890979,0.005599999894911889,1.141000000643544
728,d94_u3,neutral,train,94,3,bc,3,1,1,0,0,0,1,1,0,ok,"{""sentences"": [""I hear you."", ""We can pause here for a moment.""], ""safety"": ""ok""}",1,2176,0.7908999996288912,0.0015000005078036338,0.00020000061340397224,0.012100000276404899,0.004600000465870835,0.8140999998431653
729,d94_u6,angry,train,94,6,bc,3,1,1,0,0,0,1,1,0,ok,"{""sentences"": [""I hear you."", ""We can pause here for a moment.""], ""safety"": ""ok""}",1,2176,0.7513999998991494,0.001600000359758269,0.00019999970390927047,0.011499999345687684,0.004699999408330768,0.773799999478797
730,d94_u7,sad,train,94,7,bc,3,1,1,0,0,0,1,1,0,ok,"{""sentences"": [""I hear you."", ""We can pause here for a moment.""], ""safety"": ""ok""}",1,2176,0.8066999998845858,0.0015999994502635673,0.00019999970390927047,0.01160000010713702,0.004599999556376133,0.829600000542996
731,d94_u8,neutral,train,94,8,bc,3,1,1,0,0,0,1,1,0,ok,"{""sentences"": [""I hear you."", ""We can pause here for a moment.""], ""safety"": ""ok""}",1,2176,0.7967000001372071,0.0015999994502635673,0.00019999970390927047,0.01140000040322775,0.004300000000512227,0.8190999997168547
732,d94_u9,neutral,train,94,9,bc,3,1,1,0,0,0,1,1,0,ok,"{""sentences"": [""I hear you."", ""We can pause here for a moment.""], ""safety"": ""ok""}",1,2176,0.7818999993105535,0.0015999994502635673,0.00020000061340397224,0.011199999789823778,0.004499999704421498,0.8041000000957865
733,d94_u10,happy,train,94,10,bc,3,1,1,0,0,0,1,1,0,ok,"{""sentences"": [""I hear you."", ""We can pause here for a moment.""], ""safety"": ""ok""}",1,2176,0.7942000002003624,0.0014000006558489986,0.00019999970390927047,0.011299999641778413,0.0045000006139162,0.8163000002241461
734,d94_u11,happy,train,94,11,bc,3,1,1,0,0,0,1,1,0,ok,"{""sentences"": [""I hear you."", ""We can pause here for a moment.""], ""safety"": ""ok""}",1,2176,1.0173000000577304,0.001600000359758269,0.00019999970390927047,0.012000000424450263,0.004499999704421498,1.040399999510555
735,d94_u12,neutral,train,94,12,bc,3,1,1,0,0,0,1,1,0,ok,"{""sentences"": [""I hear you."", ""We can pause here for a moment.""], ""safety"": ""ok""}",1,2176,0.9950000003300374,0.0015999994502635673,0.0002999995558639057,0.012600000445672777,0.004800000169780105,1.019100000121398
736,d94_u13,happy,train,94,13,bc,3,1,1,0,0,0,1,1,0,ok,"{""sentences"": [""I hear you."", ""We can pause here for a moment.""], ""safety"": ""ok""}",1,2176,0.7956999997986713,0.001600000359758269,0.00019999970390927047,0.011199999789823778,0.004300000000512227,0.8173999995051417
737,d94_u14,neutral,train,94,14,bc,3,1,1,0,0,0,1,1,0,ok,"{""sentences"": [""I hear you."", ""We can pause here for a moment.""], ""safety"": ""ok""}",1,2176,0.7900999999037595,0.0015000005078036338,0.00019999970390927047,0.010900000233959872,0.004300000000512227,0.811500000054366
738,d94_u15,happy,train,94,15,bc,3,1,1,0,0,0,1,1,0,ok,"{""sentences"": [""I hear you."", ""We can pause here for a moment.""], ""safety"": ""ok""}",1,2176,0.7662999996682629,0.001600000359758269,0.00030000046535860747,0.011000000085914508,0.004399999852466863,0.7877000007283641
739,d95_u0,happy,train,95,0,bc,3,1,1,0,0,0,1,1,0,ok,"{""sentences"": [""I hear you."", ""We can pause here for a moment.""], ""safety"": ""ok""}",1,2176,0.8163000002241461,0.0017000002117129043,0.00019999970390927047,0.011099999937869143,0.004200000148557592,0.8378000002267072
740,d95_u2,neutral,train,95,2,bc,3,1,1,0,0,0,1,1,0,ok,"{""sentences"": [""I hear you."", ""We can pause here for a moment.""], ""safety"": ""ok""}",1,2176,0.7754999996905099,0.001499999598308932,0.00019999970390927047,0.01120000069931848,0.004399999852466863,0.797200000306475
741,d95_u3,neutral,train,95,3,bc,3,1,1,0,0,0,1,1,0,ok,"{""sentences"": [""I hear you."", ""We can pause here for a moment.""], ""safety"": ""ok""}",1,2176,0.7629000001543318,0.001499999598308932,0.00020000061340397224,0.011099999937869143,0.004400000761961564,0.7845999998608022
742,d95_u4,happy,train,95,4,bc,3,1,1,0,0,0,1,1,0,ok,"{""sentences"": [""I hear you."", ""We can pause here for a moment.""], ""safety"": ""ok""}",1,2176,0.7833999998183572,0.0013999997463542968,0.00020000061340397224,0.010599999768601265,0.004100000296602957,0.8041000000957865
743,d95_u5,happy,train,95,5,bc,3,1,1,0,0,0,1,1,0,ok,"{""sentences"": [""I hear you."", ""We can pause here for a moment.""], ""safety"": ""ok""}",1,2176,1.1187000000063563,0.0015999994502635673,0.00030000046535860747,0.011599999197642319,0.004399999852466863,1.1412000003474532
744,d95_u8,angry,train,95,8,bc,3,1,1,0,0,0,1,1,0,ok,"{""sentences"": [""I hear you."", ""We can pause here for a moment.""], ""safety"": ""ok""}",1,2176,0.7937999998830492,0.0013999997463542968,0.00019999970390927047,0.010799999472510535,0.00419999923906289,0.8146999998643878
745,d95_u9,neutral,train,95,9,bc,3,1,1,0,0,0,1,1,0,ok,"{""sentences"": [""I hear you."", ""We can pause here for a moment.""], ""safety"": ""ok""}",1,2176,0.7657000005565351,0.001499999598308932,0.00019999970390927047,0.010900000233959872,0.004099999387108255,0.7867000003898283
746,d95_u10,neutral,train,95,10,bc,3,1,1,0,0,0,1,1,0,ok,"{""sentences"": [""I hear you."", ""We can pause here for a moment.""], ""safety"": ""ok""}",1,2176,0.7777000000714906,0.0015000005078036338,0.00019999970390927047,0.010700000530050602,0.004300000000512227,0.7986000000528293
747,d95_u11,neutral,train,95,11,bc,3,1,1,0,0,0,1,1,0,ok,"{""sentences"": [""I hear you."", ""We can pause here for a moment.""], ""safety"": ""ok""}",1,2176,0.7739000002402463,0.001499999598308932,0.00019999970390927047,0.01089999932446517,0.004300000000512227,0.7953000003908528
748,d95_u13,neutral,train,95,13,bc,3,1,1,0,0,0,1,1,0,ok,"{""sentences"": [""I hear you."", ""We can pause here for a moment.""], ""safety"": ""ok""}",1,2176,0.7712000005994923,0.0013999997463542968,0.00019999970390927047,0.0106999996205559,0.004100000296602957,0.7919999998193816
749,d95_u14,neutral,train,95,14,bc,3,1,1,0,0,0,1,1,0,ok,"{""sentences"": [""I hear you."", ""We can pause here for a moment.""], ""safety"": ""ok""}",1,2176,0.7837000002837158,0.001499999598308932,0.00019999970390927047,0.01089999932446517,0.004300000000512227,0.804700000117009
750,d95_u15,neutral,train,95,15,bc,3,1,1,0,0,0,1,1,0,ok,"{""sentences"": [""I hear you."", ""We can pause here for a moment.""], ""safety"": ""ok""}",1,2176,0.7621000004292,0.0013999997463542968,0.00019999970390927047,0.0106999996205559,0.004400000761961564,0.7831000002624933
751,d95_u16,neutral,train,95,16,bc,3,1,1,0,0,0,1,1,0,ok,"{""sentences"": [""I hear you."", ""We can pause here for a moment.""], ""safety"": ""ok""}",1,2176,0.9632000001147389,0.017600000319362152,0.00019999970390927047,0.027099999897473026,0.004599999556376133,1.017600000523089
752,d95_u17,neutral,train,95,17,bc,3,1,1,0,0,0,1,1,0,ok,"{""sentences"": [""I hear you."", ""We can pause here for a moment.""], ""safety"": ""ok""}",1,2176,0.7943999999042717,0.0015000005078036338,0.0002999995558639057,0.011000000085914508,0.004200000148557592,0.8153999997375649
753,d96_u0,neutral,train,96,0,bc,3,1,1,0,0,0,1,1,0,ok,"{""sentences"": [""I hear you."", ""We can pause here for a moment.""], ""safety"": ""ok""}",1,2176,0.7766999997329549,0.001499999598308932,0.00020000061340397224,0.010599999768601265,0.004200000148557592,0.7975000007718336
754,d96_u1,neutral,train,96,1,bc,3,1,1,0,0,0,1,1,0,ok,"{""sentences"": [""I hear you."", ""We can pause here for a moment.""], ""safety"": ""ok""}",1,2176,0.7423000006383518,0.0013999997463542968,0.00019999970390927047,0.010700000530050602,0.004300000000512227,0.7631999997101957
755,d96_u2,neutral,train,96,2,bc,3,1,1,0,0,0,1,1,0,ok,"{""sentences"": [""I hear you."", ""We can pause here for a moment.""], ""safety"": ""ok""}",1,2176,0.7304000000658561,0.001499999598308932,0.00030000046535860747,0.010700000530050602,0.004099999387108255,0.7512000001952401
756,d96_u3,neutral,train,96,3,bc,3,1,1,0,0,0,1,1,0,ok,"{""sentences"": [""I hear you."", ""We can pause here for a moment.""], ""safety"": ""ok""}",1,2176,0.7322999999814783,0.0013999997463542968,0.00030000046535860747,0.010599999768601265,0.004400000761961564,0.7531000001108623
757,d96_u4,neutral,train,96,4,bc,3,1,1,0,0,0,1,1,0,ok,"{""sentences"": [""I hear you."", ""We can pause here for a moment.""], ""safety"": ""ok""}",1,2176,0.7408999999825028,0.001600000359758269,0.00019999970390927047,0.0106999996205559,0.004300000000512227,0.761899999815796
758,d97_u0,neutral,train,97,0,bc,3,1,1,0,0,0,1,1,0,ok,"{""sentences"": [""I hear you."", ""We can pause here for a moment.""], ""safety"": ""ok""}",1,2176,0.7430000005115289,0.001499999598308932,0.00019999970390927047,0.01089999932446517,0.004300000000512227,0.7642000000487315
759,d97_u1,neutral,train,97,1,bc,3,1,1,0,0,0,1,1,0,ok,"{""sentences"": [""I hear you."", ""We can pause here for a moment.""], ""safety"": ""ok""}",1,2176,0.7421000000249478,0.0013999997463542968,0.00019999970390927047,0.010599999768601265,0.004300000000512227,0.7630000000062864
760,d97_u2,neutral,train,97,2,bc,3,1,1,0,0,0,1,1,0,ok,"{""sentences"": [""I hear you."", ""We can pause here for a moment.""], ""safety"": ""ok""}",1,2176,1.081000000340282,0.001499999598308932,0.00020000061340397224,0.01160000010713702,0.004300000000512227,1.103099999454571
761,d97_u3,angry,train,97,3,bc,3,1,1,0,0,0,1,1,0,ok,"{""sentences"": [""I hear you."", ""We can pause here for a moment.""], ""safety"": ""ok""}",1,2176,0.8582000000387779,0.0015000005078036338,0.0002999995558639057,0.010799999472510535,0.004200000148557592,0.8791999998720712
762,d98_u1,neutral,train,98,1,bc,3,1,1,0,0,0,1,1,0,ok,"{""sentences"": [""I hear you."", ""We can pause here for a moment.""], ""safety"": ""ok""}",1,2176,0.736200000574172,0.0013999997463542968,0.00019999970390927047,0.010799999472510535,0.004399999852466863,0.7574999999633292
763,d99_u0,happy,train,99,0,bc,3,1,1,0,0,0,1,1,0,ok,"{""sentences"": [""I hear you."", ""We can pause here for a moment.""], ""safety"": ""ok""}",1,2176,0.7361000007222174,0.001499999598308932,0.00019999970390927047,0.011000000085914508,0.004300000000512227,0.7573000002594199
764,d99_u1,happy,train,99,1,bc,3,1,1,0,0,0,1,1,0,ok,"{""sentences"": [""I hear you."", ""We can pause here for a moment.""], ""safety"": ""ok""}",1,2176,0.7406000004266389,0.0015000005078036338,0.00020000061340397224,0.010800000382005237,0.004300000000512227,0.761899999815796
765,d99_u2,happy,train,99,2,bc,3,1,1,0,0,0,1,1,0,ok,"{""sentences"": [""I hear you."", ""We can pause here for a moment.""], ""safety"": ""ok""}",1,2176,0.7364000002780813,0.001499999598308932,0.00020000061340397224,0.011000000085914508,0.004300000000512227,0.7577999995191931
766,d99_u3,happy,train,99,3,bc,3,1,1,0,0,0,1,1,0,ok,"{""sentences"": [""I hear you."", ""We can pause here for a moment.""], ""safety"": ""ok""}",1,2176,0.730900000235124,0.001499999598308932,0.00030000046535860747,0.010799999472510535,0.004300000000512227,0.7520999997723266
767,d99_u4,neutral,train,99,4,bc,3,1,1,0,0,0,1,1,0,ok,"{""sentences"": [""I hear you."", ""We can pause here for a moment.""], ""safety"": ""ok""}",1,2176,0.7388999993054313,0.0015000005078036338,0.00019999970390927047,0.010700000530050602,0.004200000148557592,0.7598000001962646
768,d99_u6,neutral,train,99,6,bc,3,1,1,0,0,0,1,1,0,ok,"{""sentences"": [""I hear you."", ""We can pause here for a moment.""], ""safety"": ""ok""}",1,2176,0.9487999996053986,0.0014000006558489986,0.0002999995558639057,0.03279999964433955,0.004900000021734741,1.0130999999091728
769,d99_u7,angry,train,99,7,bc,3,1,1,0,0,0,1,1,0,ok,"{""sentences"": [""I hear you."", ""We can pause here for a moment.""], ""safety"": ""ok""}",1,2176,0.916500000130327,0.001499999598308932,0.00019999970390927047,0.010900000233959872,0.004200000148557592,0.9378999993714388
770,d99_u8,happy,train,99,8,bc,3,1,1,0,0,0,1,1,0,ok,"{""sentences"": [""I hear you."", ""We can pause here for a moment.""], ""safety"": ""ok""}",1,2176,0.8129999996526749,0.0015000005078036338,0.00019999970390927047,0.010900000233959872,0.004399999852466863,0.8342000000993721
771,d99_u9,neutral,train,99,9,bc,3,1,1,0,0,0,1,1,0,ok,"{""sentences"": [""I hear you."", ""We can pause here for a moment.""], ""safety"": ""ok""}",1,2176,0.7438000002366607,0.0015000005078036338,0.00019999970390927047,0.010900000233959872,0.004300000000512227,0.7650999996258179
772,d99_u10,neutral,train,99,10,bc,3,1,1,0,0,0,1,1,0,ok,"{""sentences"": [""I hear you."", ""We can pause here for a moment.""], ""safety"": ""ok""}",1,2176,0.7335000000239233,0.001499999598308932,0.00020000061340397224,0.010599999768601265,0.004400000761961564,0.7543000001533073
773,d99_u11,angry,train,99,11,bc,3,1,1,0,0,0,1,1,0,ok,"{""sentences"": [""I hear you."", ""We can pause here for a moment.""], ""safety"": ""ok""}",1,2176,0.7314000004043919,0.001499999598308932,0.00030000046535860747,0.010800000382005237,0.004200000148557592,0.7524000002376852
774,d99_u12,neutral,train,99,12,bc,3,1,1,0,0,0,1,1,0,ok,"{""sentences"": [""I hear you."", ""We can pause here for a moment.""], ""safety"": ""ok""}",1,2176,0.7695000003877794,0.001499999598308932,0.00019999970390927047,0.0106999996205559,0.004200000148557592,0.790499999311578
775,d99_u13,happy,train,99,13,bc,3,1,1,0,0,0,1,1,0,ok,"{""sentences"": [""I hear you."", ""We can pause here for a moment.""], ""safety"": ""ok""}",1,2176,0.7319000005736598,0.001499999598308932,0.0002999995558639057,0.010799999472510535,0.00419999923906289,0.752900000406953
776,d99_u14,neutral,train,99,14,bc,3,1,1,0,0,0,1,1,0,ok,"{""sentences"": [""I hear you."", ""We can pause here for a moment.""], ""safety"": ""ok""}",1,2176,0.7375000004685717,0.001499999598308932,0.00020000061340397224,0.010800000382005237,0.011099999937869143,0.7654999999431311
777,d99_u15,neutral,train,99,15,bc,3,1,1,0,0,0,1,1,0,ok,"{""sentences"": [""I hear you."", ""We can pause here for a moment.""], ""safety"": ""ok""}",1,2176,1.0804000003190595,0.001499999598308932,0.00019999970390927047,0.011300000551273115,0.004599999556376133,1.1025000003428431
778,d99_u16,neutral,train,99,16,bc,3,1,1,0,0,0,1,1,0,ok,"{""sentences"": [""I hear you."", ""We can pause here for a moment.""], ""safety"": ""ok""}",1,2176,0.832099999570346,0.0015000005078036338,0.00020000061340397224,0.011000000085914508,0.004100000296602957,0.8538000001863111
779,d99_u17,angry,train,99,17,bc,3,1,1,0,0,0,1,1,0,ok,"{""sentences"": [""I hear you."", ""We can pause here for a moment.""], ""safety"": ""ok""}",1,2176,0.7507999998779269,0.0015000005078036338,0.00030000046535860747,0.010700000530050602,0.004200000148557592,0.7716000000073109
780,d99_u18,neutral,train,99,18,bc,3,1,1,0,0,0,1,1,0,ok,"{""sentences"": [""I hear you."", ""We can pause here for a moment.""], ""safety"": ""ok""}",1,2176,0.7653000002392218,0.0014000006558489986,0.0002999995558639057,0.0106999996205559,0.004200000148557592,0.7863000000725151
781,d100_u0,neutral,train,100,0,bc,3,1,1,0,0,0,1,1,0,ok,"{""sentences"": [""I hear you."", ""We can pause here for a moment.""], ""safety"": ""ok""}",1,2176,0.7451000001310604,0.0015999994502635673,0.00020000061340397224,0.010900000233959872,0.004200000148557592,0.7664999993721722
782,d100_u1,neutral,train,100,1,bc,3,1,1,0,0,0,1,1,0,ok,"{""sentences"": [""I hear you."", ""We can pause here for a moment.""], ""safety"": ""ok""}",1,2176,0.7325999995373422,0.0014000006558489986,0.00030000046535860747,0.010700000530050602,0.004300000000512227,0.7536000002801302
783,d100_u2,neutral,train,100,2,bc,3,1,1,0,0,0,1,1,0,ok,"{""sentences"": [""I hear you."", ""We can pause here for a moment.""], ""safety"": ""ok""}",1,2176,0.7364000002780813,0.001499999598308932,0.0002999995558639057,0.010799999472510535,0.004200000148557592,0.7572999993499252
784,d100_u4,neutral,train,100,4,bc,3,1,1,0,0,0,1,1,0,ok,"{""sentences"": [""I hear you."", ""We can pause here for a moment.""], ""safety"": ""ok""}",1,2176,0.7407000002785935,0.001499999598308932,0.00020000061340397224,0.010700000530050602,0.004399999852466863,0.7617999999638414
785,d100_u5,neutral,train,100,5,bc,3,1,1,0,0,0,1,1,0,ok,"{""sentences"": [""I hear you."", ""We can pause here for a moment.""], ""safety"": ""ok""}",1,2176,0.9573999996064231,0.0018999999156221747,0.00030000046535860747,0.013199999557400588,0.005100000635138713,0.9831000006670365
786,d100_u6,neutral,train,100,6,bc,3,1,1,0,0,0,1,1,0,ok,"{""sentences"": [""I hear you."", ""We can pause here for a moment.""], ""safety"": ""ok""}",1,2176,0.9468999996897765,0.0015000005078036338,0.00019999970390927047,0.01089999932446517,0.004099999387108255,0.9681000001364737
787,d101_u0,neutral,train,101,0,bc,3,1,1,0,0,0,1,1,0,ok,"{""sentences"": [""I hear you."", ""We can pause here for a moment.""], ""safety"": ""ok""}",1,2176,0.7773000006636721,0.001499999598308932,0.00020000061340397224,0.010700000530050602,0.004200000148557592,0.79840000034892
788,d102_u0,neutral,train,102,0,bc,3,1,1,0,0,0,1,1,0,ok,"{""sentences"": [""I hear you."", ""We can pause here for a moment.""], ""safety"": ""ok""}",1,2176,0.7795000001351582,0.0015000005078036338,0.00019999970390927047,0.010599999768601265,0.004200000148557592,0.8004000001164968
789,d102_u1,neutral,train,102,1,bc,3,1,1,0,0,0,1,1,0,ok,"{""sentences"": [""I hear you."", ""We can pause here for a moment.""], ""safety"": ""ok""}",1,2176,0.7431999993059435,0.0013999997463542968,0.0002999995558639057,0.010900000233959872,0.004200000148557592,0.7645000005140901
790,d102_u2,neutral,train,102,2,bc,3,1,1,0,0,0,1,1,0,ok,"{""sentences"": [""I hear you."", ""We can pause here for a moment.""], ""safety"": ""ok""}",1,2176,0.7696000002397341,0.0015000005078036338,0.00030000046535860747,0.010800000382005237,0.004300000000512227,0.7905000002210727
791,d103_u0,happy,train,103,0,bc,3,1,1,0,0,0,1,1,0,ok,"{""sentences"": [""I hear you."", ""We can pause here for a moment.""], ""safety"": ""ok""}",1,2176,0.7465000007869094,0.001499999598308932,0.00019999970390927047,0.010799999472510535,0.004100000296602957,0.7673000000067987
792,d103_u1,neutral,train,103,1,bc,3,1,1,0,0,0,1,1,0,ok,"{""sentences"": [""I hear you."", ""We can pause here for a moment.""], ""safety"": ""ok""}",1,2176,0.7371000001512584,0.001499999598308932,0.00030000046535860747,0.010599999768601265,0.004200000148557592,0.7580999999845517
793,d103_u3,happy,train,103,3,bc,3,1,1,0,0,0,1,1,0,ok,"{""sentences"": [""I hear you."", ""We can pause here for a moment.""], ""safety"": ""ok""}",1,2176,0.7599000000482192,0.0015000005078036338,0.00019999970390927047,0.011000000085914508,0.004200000148557592,0.781499999902735
794,d103_u4,neutral,train,103,4,bc,3,1,1,0,0,0,1,1,0,ok,"{""sentences"": [""I hear you."", ""We can pause here for a moment.""], ""safety"": ""ok""}",1,2176,1.0486999999557156,0.0015000005078036338,0.0002999995558639057,0.011499999345687684,0.004299999091017526,1.07060000027559
795,d103_u5,neutral,train,103,5,bc,3,1,1,0,0,0,1,1,0,ok,"{""sentences"": [""I hear you."", ""We can pause here for a moment.""], ""safety"": ""ok""}",1,2176,0.7335000000239233,0.001499999598308932,0.00020000061340397224,0.011000000085914508,0.004100000296602957,0.7548000003225752
796,d103_u6,happy,train,103,6,bc,3,1,1,0,0,0,1,1,0,ok,"{""sentences"": [""I hear you."", ""We can pause here for a moment.""], ""safety"": ""ok""}",1,2176,0.7395000002361485,0.0014000006558489986,0.00019999970390927047,0.010800000382005237,0.004100000296602957,0.7604000002174871
797,d103_u7,happy,train,103,7,bc,3,1,1,0,0,0,1,1,0,ok,"{""sentences"": [""I hear you."", ""We can pause here for a moment.""], ""safety"": ""ok""}",1,2176,0.7513999998991494,0.001499999598308932,0.00030000046535860747,0.010700000530050602,0.004300000000512227,0.7726000003458466
798,d104_u1,happy,train,104,1,bc,3,1,1,0,0,0,1,1,0,ok,"{""sentences"": [""I hear you."", ""We can pause here for a moment.""], ""safety"": ""ok""}",1,2176,0.7791999996697996,0.001499999598308932,0.00020000061340397224,0.010599999768601265,0.004099999387108255,0.8001000005606329
799,d106_u0,neutral,train,106,0,bc,3,1,1,0,0,0,1,1,0,ok,"{""sentences"": [""I hear you."", ""We can pause here for a moment.""], ""safety"": ""ok""}",1,2176,0.7709000001341337,0.0013999997463542968,0.00020000061340397224,0.010800000382005237,0.004099999387108255,0.7917000002635177
800,d106_u2,neutral,train,106,2,bc,3,1,1,0,0,0,1,1,0,ok,"{""sentences"": [""I hear you."", ""We can pause here for a moment.""], ""safety"": ""ok""}",1,2176,0.735999999960768,0.0015000005078036338,0.00019999970390927047,0.010900000233959872,0.004200000148557592,0.7568999999421067
801,d106_u3,neutral,train,106,3,bc,3,1,1,0,0,0,1,1,0,ok,"{""sentences"": [""I hear you."", ""We can pause here for a moment.""], ""safety"": ""ok""}",1,2176,0.7785999996485771,0.0017000002117129043,0.00019999970390927047,0.0106999996205559,0.004100000296602957,0.7995999994818703
802,d106_u4,neutral,train,106,4,bc,3,1,1,0,0,0,1,1,0,ok,"{""sentences"": [""I hear you."", ""We can pause here for a moment.""], ""safety"": ""ok""}",1,2176,0.965399999586225,0.0018000000636675395,0.00020000061340397224,0.01320000046689529,0.005099999725644011,0.9909000000334345
803,d107_u0,neutral,train,107,0,bc,3,1,1,0,0,0,1,1,0,ok,"{""sentences"": [""I hear you."", ""We can pause here for a moment.""], ""safety"": ""ok""}",1,2176,0.8252999996329891,0.0015000005078036338,0.00020000061340397224,0.011000000085914508,0.004200000148557592,0.8468000005450449
804,d107_u1,neutral,train,107,1,bc,3,1,1,0,0,0,1,1,0,ok,"{""sentences"": [""I hear you."", ""We can pause here for a moment.""], ""safety"": ""ok""}",1,2176,0.7335000000239233,0.0014000006558489986,0.00019999970390927047,0.010700000530050602,0.004200000148557592,0.7543000001533073
805,d107_u2,neutral,train,107,2,bc,3,1,1,0,0,0,1,1,0,ok,"{""sentences"": [""I hear you."", ""We can pause here for a moment.""], ""safety"": ""ok""}",1,2176,0.7678000001760665,0.001499999598308932,0.00020000061340397224,0.010700000530050602,0.004200000148557592,0.7888999998613144
806,d107_u4,neutral,train,107,4,bc,3,1,1,0,0,0,1,1,0,ok,"{""sentences"": [""I hear you."", ""We can pause here for a moment.""], ""safety"": ""ok""}",1,2176,0.8004999999684514,0.0013999997463542968,0.0002999995558639057,0.010799999472510535,0.00419999923906289,0.821600000563194
807,d107_u5,happy,train,107,5,bc,3,1,1,0,0,0,1,1,0,ok,"{""sentences"": [""I hear you."", ""We can pause here for a moment.""], ""safety"": ""ok""}",1,2176,0.7848000004742062,0.001499999598308932,0.00020000061340397224,0.010900000233959872,0.004200000148557592,0.8059000001594541
808,d107_u6,neutral,train,107,6,bc,3,1,1,0,0,0,1,1,0,ok,"{""sentences"": [""I hear you."", ""We can pause here for a moment.""], ""safety"": ""ok""}",1,2176,0.7462000003215508,0.0015000005078036338,0.00019999970390927047,0.010900000233959872,0.004300000000512227,0.7673999998587533
809,d107_u7,neutral,train,107,7,bc,3,1,1,0,0,0,1,1,0,ok,"{""sentences"": [""I hear you."", ""We can pause here for a moment.""], ""safety"": ""ok""}",1,2176,0.7654999999431311,0.0013999997463542968,0.00020000061340397224,0.0106999996205559,0.00419999923906289,0.7863000000725151
810,d107_u8,neutral,train,107,8,bc,3,1,1,0,0,0,1,1,0,ok,"{""sentences"": [""I hear you."", ""We can pause here for a moment.""], ""safety"": ""ok""}",1,2176,0.7600999997521285,0.0013999997463542968,0.00019999970390927047,0.011199999789823778,0.004399999852466863,0.7817999994585989
811,d107_u9,neutral,train,107,9,bc,3,1,1,0,0,0,1,1,0,ok,"{""sentences"": [""I hear you."", ""We can pause here for a moment.""], ""safety"": ""ok""}",1,2176,1.0412999999971362,0.001600000359758269,0.00019999970390927047,0.011299999641778413,0.004399999852466863,1.0633000001689652
812,d107_u10,neutral,train,107,10,bc,3,1,1,0,0,0,1,1,0,ok,"{""sentences"": [""I hear you."", ""We can pause here for a moment.""], ""safety"": ""ok""}",1,2176,0.7677000003241119,0.0015000005078036338,0.00019999970390927047,0.011199999789823778,0.004399999852466863,0.7894999998825369
813,d108_u0,neutral,train,108,0,bc,3,1,1,0,0,0,1,1,0,ok,"{""sentences"": [""I hear you."", ""We can pause here for a moment.""], ""safety"": ""ok""}",1,2176,0.7424000004903064,0.0015999994502635673,0.00020000061340397224,0.010700000530050602,0.004200000148557592,0.7635000001755543
814,d108_u1,neutral,train,108,1,bc,3,1,1,0,0,0,1,1,0,ok,"{""sentences"": [""I hear you."", ""We can pause here for a moment.""], ""safety"": ""ok""}",1,2176,0.7294000006368151,0.001499999598308932,0.00020000061340397224,0.0106999996205559,0.00419999923906289,0.750500000322063
815,d108_u2,happy,train,108,2,bc,3,1,1,0,0,0,1,1,0,ok,"{""sentences"": [""I hear you."", ""We can pause here for a moment.""], ""safety"": ""ok""}",1,2176,0.7300000006580376,0.001499999598308932,0.00019999970390927047,0.011000000085914508,0.004200000148557592,0.7512000001952401
816,d108_u3,neutral,train,108,3,bc,3,1,1,0,0,0,1,1,0,ok,"{""sentences"": [""I hear you."", ""We can pause here for a moment.""], ""safety"": ""ok""}",1,2176,0.7723999997324427,0.001499999598308932,0.00020000061340397224,0.010800000382005237,0.004300000000512227,0.7935000003271853
817,d108_u4,happy,train,108,4,bc,3,1,1,0,0,0,1,1,0,ok,"{""sentences"": [""I hear you."", ""We can pause here for a moment.""], ""safety"": ""ok""}",1,2176,0.8606999999756226,0.0013999997463542968,0.00019999970390927047,0.0106999996205559,0.004300000000512227,0.8815999999569613
818,d108_u5,neutral,train,108,5,bc,3,1,1,0,0,0,1,1,0,ok,"{""sentences"": [""I hear you."", ""We can pause here for a moment.""], ""safety"": ""ok""}",1,2176,0.7473000005120412,0.001499999598308932,0.00020000061340397224,0.0106999996205559,0.004099999387108255,0.7680999997319304
819,d108_u6,neutral,train,108,6,bc,3,1,1,0,0,0,1,1,0,ok,"{""sentences"": [""I hear you."", ""We can pause here for a moment.""], ""safety"": ""ok""}",1,2176,1.0580999996818719,0.001499999598308932,0.00030000046535860747,0.011299999641778413,0.004300000000512227,1.0803999994095648
820,d109_u0,neutral,train,109,0,bc,3,1,1,0,0,0,1,1,0,ok,"{""sentences"": [""I hear you."", ""We can pause here for a moment.""], ""safety"": ""ok""}",1,2176,0.8004000001164968,0.001499999598308932,0.00020000061340397224,0.010800000382005237,0.004300000000512227,0.8213999999497901
821,d109_u3,angry,train,109,3,bc,3,1,1,0,0,0,1,1,0,ok,"{""sentences"": [""I hear you."", ""We can pause here for a moment.""], ""safety"": ""ok""}",1,2176,0.7685999999011983,0.001499999598308932,0.00020000061340397224,0.010800000382005237,0.004300000000512227,0.7897000004959409
822,d109_u4,happy,train,109,4,bc,3,1,1,0,0,0,1,1,0,ok,"{""sentences"": [""I hear you."", ""We can pause here for a moment.""], ""safety"": ""ok""}",1,2176,0.7755000006000046,0.001499999598308932,0.00020000061340397224,0.010599999768601265,0.004499999704421498,0.7967000001372071
823,d109_u5,happy,train,109,5,bc,3,1,1,0,0,0,1,1,0,ok,"{""sentences"": [""I hear you."", ""We can pause here for a moment.""], ""safety"": ""ok""}",1,2176,0.820499999463209,0.0015000005078036338,0.00019999970390927047,0.010799999472510535,0.004200000148557592,0.8416000000579515
824,d109_u6,sad,train,109,6,bc,3,1,1,0,0,0,1,1,0,ok,"{""sentences"": [""I hear you."", ""We can pause here for a moment.""], ""safety"": ""ok""}",1,2176,0.7250999997268082,0.0015000005078036338,0.00019999970390927047,0.010900000233959872,0.004200000148557592,0.7460999995601014
825,d109_u7,sad,train,109,7,bc,3,1,1,0,0,0,1,1,0,ok,"{""sentences"": [""I hear you."", ""We can pause here for a moment.""], ""safety"": ""ok""}",1,2176,0.7406000004266389,0.001499999598308932,0.00019999970390927047,0.010900000233959872,0.004399999852466863,0.7616000002599321
826,d109_u8,sad,train,109,8,bc,3,1,1,0,0,0,1,1,0,ok,"{""sentences"": [""I hear you."", ""We can pause here for a moment.""], ""safety"": ""ok""}",1,2176,0.7458000000042375,0.0013999997463542968,0.00019999970390927047,0.010800000382005237,0.004200000148557592,0.7668999996894854
827,d109_u9,happy,train,109,9,bc,3,1,1,0,0,0,1,1,0,ok,"{""sentences"": [""I hear you."", ""We can pause here for a moment.""], ""safety"": ""ok""}",1,2176,0.9030000001075678,0.001600000359758269,0.00030000046535860747,0.012299999980314169,0.004800000169780105,0.926699999581615
828,d109_u10,neutral,train,109,10,bc,3,1,1,0,0,0,1,1,0,ok,"{""sentences"": [""I hear you."", ""We can pause here for a moment.""], ""safety"": ""ok""}",1,2176,0.9839000003921683,0.0015999994502635673,0.0002999995558639057,0.011599999197642319,0.004399999852466863,1.0062999999718159
829,d109_u11,neutral,train,109,11,bc,3,1,1,0,0,0,1,1,0,ok,"{""sentences"": [""I hear you."", ""We can pause here for a moment.""], ""safety"": ""ok""}",1,2176,0.8143999993990292,0.0015000005078036338,0.00019999970390927047,0.01089999932446517,0.004399999852466863,0.8358000004591304
830,d109_u12,neutral,train,109,12,bc,3,1,1,0,0,0,1,1,0,ok,"{""sentences"": [""I hear you."", ""We can pause here for a moment.""], ""safety"": ""ok""}",1,2176,0.7238999996843631,0.0013999997463542968,0.00030000046535860747,0.010300000212737359,0.004399999852466863,0.7445999999617925
831,d109_u13,neutral,train,109,13,bc,3,1,1,0,0,0,1,1,0,ok,"{""sentences"": [""I hear you."", ""We can pause here for a moment.""], ""safety"": ""ok""}",1,2176,0.7572000004074653,0.0015999994502635673,0.00020000061340397224,0.010900000233959872,0.004300000000512227,0.7783999999446678
832,d109_u14,neutral,train,109,14,bc,3,1,1,0,0,0,1,1,0,ok,"{""sentences"": [""I hear you."", ""We can pause here for a moment.""], ""safety"": ""ok""}",1,2176,0.7482999999410822,0.001499999598308932,0.00019999970390927047,0.011100000847363845,0.004399999852466863,0.770100000409002
833,d109_u15,angry,train,109,15,bc,3,1,1,0,0,0,1,1,0,ok,"{""sentences"": [""I hear you."", ""We can pause here for a moment.""], ""safety"": ""ok""}",1,2176,0.7403999998132349,0.001600000359758269,0.00020000061340397224,0.011000000085914508,0.004300000000512227,0.7617999999638414
834,d109_u20,angry,train,109,20,bc,3,1,1,0,0,0,1,1,0,ok,"{""sentences"": [""I hear you."", ""We can pause here for a moment.""], ""safety"": ""ok""}",1,2176,0.7383000001937035,0.0013999997463542968,0.0002999995558639057,0.010900000233959872,0.004300000000512227,0.7596000004923553
835,d109_u21,happy,train,109,21,bc,3,1,1,0,0,0,1,1,0,ok,"{""sentences"": [""I hear you."", ""We can pause here for a moment.""], ""safety"": ""ok""}",1,2176,0.7233999995150953,0.0015000005078036338,0.00020000061340397224,0.010700000530050602,0.004200000148557592,0.7443000004059286
836,d110_u0,neutral,train,110,0,bc,3,1,1,0,0,0,1,1,0,ok,"{""sentences"": [""I hear you."", ""We can pause here for a moment.""], ""safety"": ""ok""}",1,2176,1.1924000000362867,0.0015999994502635673,0.00019999970390927047,0.012500000593718141,0.004499999704421498,1.2163000001237378
837,d110_u3,angry,train,110,3,bc,3,1,1,0,0,0,1,1,0,ok,"{""sentences"": [""I hear you."", ""We can pause here for a moment.""], ""safety"": ""ok""}",1,2176,0.776400000177091,0.0015999994502635673,0.00019999970390927047,0.011399999493733048,0.00470000031782547,0.7990999993126024
838,d110_u4,neutral,train,110,4,bc,3,1,1,0,0,0,1,1,0,ok,"{""sentences"": [""I hear you."", ""We can pause here for a moment.""], ""safety"": ""ok""}",1,2176,0.791899999967427,0.0015000005078036338,0.00020000061340397224,0.010900000233959872,0.004300000000512227,0.8133999999699881
839,d110_u5,happy,train,110,5,bc,3,1,1,0,0,0,1,1,0,ok,"{""sentences"": [""I hear you."", ""We can pause here for a moment.""], ""safety"": ""ok""}",1,2176,0.7117999994079582,0.0014000006558489986,0.00020000061340397224,0.010599999768601265,0.00419999923906289,0.7324000007429277
840,d111_u0,happy,train,111,0,bc,3,1,1,0,0,0,1,1,0,ok,"{""sentences"": [""I hear you."", ""We can pause here for a moment.""], ""safety"": ""ok""}",1,2176,0.7099999993442907,0.0015000005078036338,0.00019999970390927047,0.010900000233959872,0.004200000148557592,0.7310000000870787
841,d111_u2,happy,train,111,2,bc,3,1,1,0,0,0,1,1,0,ok,"{""sentences"": [""I hear you."", ""We can pause here for a moment.""], ""safety"": ""ok""}",1,2176,0.7213999997475185,0.001499999598308932,0.00020000061340397224,0.010900000233959872,0.004499999704421498,0.7428999997500796
842,d111_u3,neutral,train,111,3,bc,3,1,1,0,0,0,1,1,0,ok,"{""sentences"": [""I hear you."", ""We can pause here for a moment.""], ""safety"": ""ok""}",1,2176,0.7174000002123648,0.0015000005078036338,0.00019999970390927047,0.011099999937869143,0.004200000148557592,0.7390000000668806
843,d111_u7,neutral,train,111,7,bc,3,1,1,0,0,0,1,1,0,ok,"{""sentences"": [""I hear you."", ""We can pause here for a moment.""], ""safety"": ""ok""}",1,2176,0.8010000001377193,0.001499999598308932,0.00019999970390927047,0.011000000085914508,0.004300000000512227,0.8221999996749219
844,d111_u9,neutral,train,111,9,bc,3,1,1,0,0,0,1,1,0,ok,"{""sentences"": [""I hear you."", ""We can pause here for a moment.""], ""safety"": ""ok""}",1,2176,0.8508000000801985,0.0016999993022182025,0.00019999970390927047,0.012299999980314169,0.005199999577598646,0.8749000007810537
845,d111_u11,neutral,train,111,11,bc,3,1,1,0,0,0,1,1,0,ok,"{""sentences"": [""I hear you."", ""We can pause here for a moment.""], ""safety"": ""ok""}",1,2176,0.9084000002985704,0.001499999598308932,0.00019999970390927047,0.012399999832268804,0.004499999704421498,0.931799999307259
846,d111_u12,neutral,train,111,12,bc,3,1,1,0,0,0,1,1,0,ok,"{""sentences"": [""I hear you."", ""We can pause here for a moment.""], ""safety"": ""ok""}",1,2176,0.8003000002645422,0.0015999994502635673,0.00020000061340397224,0.010900000233959872,0.004399999852466863,0.821699999505654
847,d111_u14,neutral,train,111,14,bc,3,1,1,0,0,0,1,1,0,ok,"{""sentences"": [""I hear you."", ""We can pause here for a moment.""], ""safety"": ""ok""}",1,2176,0.7256999997480307,0.001600000359758269,0.00019999970390927047,0.0106999996205559,0.004200000148557592,0.7465999997293693
848,d112_u2,angry,train,112,2,bc,3,1,1,0,0,0,1,1,0,ok,"{""sentences"": [""I hear you."", ""We can pause here for a moment.""], ""safety"": ""ok""}",1,2176,0.6966999999349355,0.0015999994502635673,0.00020000061340397224,0.010599999768601265,0.004100000296602957,0.7174999991548248
849,d112_u3,angry,train,112,3,bc,3,1,1,0,0,0,1,1,0,ok,"{""sentences"": [""I hear you."", ""We can pause here for a moment.""], ""safety"": ""ok""}",1,2176,0.6955999997444451,0.0015000005078036338,0.00019999970390927047,0.010700000530050602,0.004200000148557592,0.7164999997257837
850,d113_u0,neutral,train,113,0,bc,3,1,1,0,0,0,1,1,0,ok,"{""sentences"": [""I hear you."", ""We can pause here for a moment.""], ""safety"": ""ok""}",1,2176,0.7027999999991152,0.0013999997463542968,0.00019999970390927047,0.01089999932446517,0.004200000148557592,0.7237999998324085
851,d113_u1,angry,train,113,1,bc,3,1,1,0,0,0,1,1,0,ok,"{""sentences"": [""I hear you."", ""We can pause here for a moment.""], ""safety"": ""ok""}",1,2176,0.6933000004210044,0.0013999997463542968,0.00019999970390927047,0.0106999996205559,0.004200000148557592,0.7141999994928483
852,d113_u2,neutral,train,113,2,bc,3,1,1,0,0,0,1,1,0,ok,"{""sentences"": [""I hear you."", ""We can pause here for a moment.""], ""safety"": ""ok""}",1,2176,0.6923000000824686,0.001499999598308932,0.00020000061340397224,0.0106999996205559,0.00419999923906289,0.7132000000638072
853,d113_u3,neutral,train,113,3,bc,3,1,1,0,0,0,1,1,0,ok,"{""sentences"": [""I hear you."", ""We can pause here for a moment.""], ""safety"": ""ok""}",1,2176,0.8236000003307709,0.001600000359758269,0.00019999970390927047,0.011000000085914508,0.004300000000512227,0.845100000333332
854,d113_u4,neutral,train,113,4,bc,3,1,1,0,0,0,1,1,0,ok,"{""sentences"": [""I hear you."", ""We can pause here for a moment.""], ""safety"": ""ok""}",1,2176,0.8969999998953426,0.001499999598308932,0.00020000061340397224,0.01160000010713702,0.004400000761961564,0.9193000005325302
855,d113_u5,neutral,train,113,5,bc,3,1,1,0,0,0,1,1,0,ok,"{""sentences"": [""I hear you."", ""We can pause here for a moment.""], ""safety"": ""ok""}",1,2176,0.7577999995191931,0.0015000005078036338,0.00019999970390927047,0.011099999937869143,0.004200000148557592,0.7794000002832036
856,d113_u6,neutral,train,113,6,bc,3,1,1,0,0,0,1,1,0,ok,"{""sentences"": [""I hear you."", ""We can pause here for a moment.""], ""safety"": ""ok""}",1,2176,0.7986000000528293,0.0016999993022182025,0.0002999995558639057,0.011699999959091656,0.004800000169780105,0.821600000563194
857,d113_u7,neutral,train,113,7,bc,3,1,1,0,0,0,1,1,0,ok,"{""sentences"": [""I hear you."", ""We can pause here for a moment.""], ""safety"": ""ok""}",1,2176,0.7408999999825028,0.001600000359758269,0.0002999995558639057,0.012200000128359534,0.00470000031782547,0.7718999995631748
858,d113_u8,happy,train,113,8,bc,3,1,1,0,0,0,1,1,0,ok,"{""sentences"": [""I hear you."", ""We can pause here for a moment.""], ""safety"": ""ok""}",1,2176,0.8009000002857647,0.001499999598308932,0.00020000061340397224,0.010700000530050602,0.004300000000512227,0.8220999998229672
859,d113_u9,neutral,train,113,9,bc,3,1,1,0,0,0,1,1,0,ok,"{""sentences"": [""I hear you."", ""We can pause here for a moment.""], ""safety"": ""ok""}",1,2176,0.6938999995327322,0.0015000005078036338,0.00019999970390927047,0.01049999991664663,0.004200000148557592,0.7147000005716109
860,d113_u10,neutral,train,113,10,bc,3,1,1,0,0,0,1,1,0,ok,"{""sentences"": [""I hear you."", ""We can pause here for a moment.""], ""safety"": ""ok""}",1,2176,0.7445999999617925,0.0013999997463542968,0.00019999970390927047,0.01359999987471383,0.004300000000512227,0.7685999999011983
861,d114_u0,neutral,train,114,0,bc,3,1,1,0,0,0,1,1,0,ok,"{""sentences"": [""I hear you."", ""We can pause here for a moment.""], ""safety"": ""ok""}",1,2176,0.7008000002315384,0.0015000005078036338,0.00030000046535860747,0.010700000530050602,0.004100000296602957,0.7216000003609224
862,d114_u2,neutral,train,114,2,bc,3,1,1,0,0,0,1,1,0,ok,"{""sentences"": [""I hear you."", ""We can pause here for a moment.""], ""safety"": ""ok""}",1,2176,0.9241000007023104,0.001499999598308932,0.0002999995558639057,0.01919999976962572,0.004900000021734741,0.955200000134937
863,d114_u3,happy,train,114,3,bc,3,1,1,0,0,0,1,1,0,ok,"{""sentences"": [""I hear you."", ""We can pause here for a moment.""], ""safety"": ""ok""}",1,2176,0.772500000493892,0.0015999994502635673,0.00020000061340397224,0.010900000233959872,0.004499999704421498,0.7942000002003624
864,d114_u4,happy,train,114,4,bc,3,1,1,0,0,0,1,1,0,ok,"{""sentences"": [""I hear you."", ""We can pause here for a moment.""], ""safety"": ""ok""}",1,2176,0.7524000002376852,0.0015000005078036338,0.00019999970390927047,0.010799999472510535,0.004399999852466863,0.7738000003882917
865,d115_u0,neutral,train,115,0,bc,3,1,1,0,0,0,1,1,0,ok,"{""sentences"": [""I hear you."", ""We can pause here for a moment.""], ""safety"": ""ok""}",1,2176,0.7250999997268082,0.001600000359758269,0.00019999970390927047,0.010900000233959872,0.004300000000512227,0.7461999994120561
866,d115_u1,neutral,train,115,1,bc,3,1,1,0,0,0,1,1,0,ok,"{""sentences"": [""I hear you."", ""We can pause here for a moment.""], ""safety"": ""ok""}",1,2176,0.6955999997444451,0.0015000005078036338,0.00019999970390927047,0.0106999996205559,0.004100000296602957,0.7164999997257837
867,d115_u2,neutral,train,115,2,bc,3,1,1,0,0,0,1,1,0,ok,"{""sentences"": [""I hear you."", ""We can pause here for a moment.""], ""safety"": ""ok""}",1,2176,0.69199999961711,0.0014000006558489986,0.00020000061340397224,0.010599999768601265,0.004200000148557592,0.7128000006559887
868,d115_u3,neutral,train,115,3,bc,3,1,1,0,0,0,1,1,0,ok,"{""sentences"": [""I hear you."", ""We can pause here for a moment.""], ""safety"": ""ok""}",1,2176,0.7119000001694076,0.0015000005078036338,0.00019999970390927047,0.010600000678095967,0.004200000148557592,0.7327000002987916
869,d115_u4,angry,train,115,4,bc,3,1,1,0,0,0,1,1,0,ok,"{""sentences"": [""I hear you."", ""We can pause here for a moment.""], ""safety"": ""ok""}",1,2176,0.7503999995606137,0.0015000005078036338,0.00020000061340397224,0.010700000530050602,0.004300000000512227,0.7716000000073109
870,d115_u5,neutral,train,115,5,bc,3,1,1,0,0,0,1,1,0,ok,"{""sentences"": [""I hear you."", ""We can pause here for a moment.""], ""safety"": ""ok""}",1,2176,0.7654999999431311,0.0015000005078036338,0.00019999970390927047,0.010900000233959872,0.004300000000512227,0.7870999997976469
871,d116_u0,neutral,train,116,0,bc,3,1,1,0,0,0,1,1,0,ok,"{""sentences"": [""I hear you."", ""We can pause here for a moment.""], ""safety"": ""ok""}",1,2176,1.0038999998869258,0.0018999999156221747,0.00020000061340397224,0.011699999959091656,0.004300000000512227,1.026800000545336
872,d116_u1,neutral,train,116,1,bc,3,1,1,0,0,0,1,1,0,ok,"{""sentences"": [""I hear you."", ""We can pause here for a moment.""], ""safety"": ""ok""}",1,2176,0.8021999992706697,0.001499999598308932,0.00020000061340397224,0.011099999937869143,0.004300000000512227,0.8238999998866348
873,d116_u2,sad,train,116,2,bc,3,1,1,0,0,0,1,1,0,ok,"{""sentences"": [""I hear you."", ""We can pause here for a moment.""], ""safety"": ""ok""}",1,2176,0.7573000002594199,0.001499999598308932,0.00020000061340397224,0.010900000233959872,0.004300000000512227,0.7787999993524863
874,d116_u4,neutral,train,116,4,bc,3,1,1,0,0,0,1,1,0,ok,"{""sentences"": [""I hear you."", ""We can pause here for a moment.""], ""safety"": ""ok""}",1,2176,0.7426000001942157,0.0015000005078036338,0.00019999970390927047,0.011000000085914508,0.004399999852466863,0.7642999999006861
875,d116_u5,neutral,train,116,5,bc,3,1,1,0,0,0,1,1,0,ok,"{""sentences"": [""I hear you."", ""We can pause here for a moment.""], ""safety"": ""ok""}",1,2176,0.7319999995161197,0.0015000005078036338,0.0002999995558639057,0.010799999472510535,0.004000000444648322,0.7527999996455037
876,d116_u6,neutral,train,116,6,bc,3,1,1,0,0,0,1,1,0,ok,"{""sentences"": [""I hear you."", ""We can pause here for a moment.""], ""safety"": ""ok""}",1,2176,0.6994999994276441,0.0015000005078036338,0.0002999995558639057,0.010700000530050602,0.004000000444648322,0.7203000004665228
877,d116_u7,sad,train,116,7,bc,3,1,1,0,0,0,1,1,0,ok,"{""sentences"": [""I hear you."", ""We can pause here for a moment.""], ""safety"": ""ok""}",1,2176,0.8070999992924044,0.001499999598308932,0.00019999970390927047,0.011099999937869143,0.004300000000512227,0.828400000500551
878,d117_u0,happy,train,117,0,bc,3,1,1,0,0,0,1,1,0,ok,"{""sentences"": [""I hear you."", ""We can pause here for a moment.""], ""safety"": ""ok""}",1,2176,0.7738999993307516,0.001499999598308932,0.00020000061340397224,0.010799999472510535,0.004399999852466863,0.7951999996294035
879,d117_u1,neutral,train,117,1,bc,3,1,1,0,0,0,1,1,0,ok,"{""sentences"": [""I hear you."", ""We can pause here for a moment.""], ""safety"": ""ok""}",1,2176,0.8438000004389323,0.0018000000636675395,0.00019999970390927047,0.012199999218864832,0.004999999873689376,0.8678000003783382
880,d117_u2,happy,train,117,2,bc,3,1,1,0,0,0,1,1,0,ok,"{""sentences"": [""I hear you."", ""We can pause here for a moment.""], ""safety"": ""ok""}",1,2176,0.8661000001666253,0.001499999598308932,0.00019999970390927047,0.03860000015265541,0.004400000761961564,0.9159000001091044
881,d117_u3,neutral,train,117,3,bc,3,1,1,0,0,0,1,1,0,ok,"{""sentences"": [""I hear you."", ""We can pause here for a moment.""], ""safety"": ""ok""}",1,2176,0.770100000409002,0.0015000005078036338,0.00019999970390927047,0.01089999932446517,0.004300000000512227,0.7917000002635177
882,d118_u0,neutral,train,118,0,bc,3,1,1,0,0,0,1,1,0,ok,"{""sentences"": [""I hear you."", ""We can pause here for a moment.""], ""safety"": ""ok""}",1,2176,0.7421999998769024,0.0015999994502635673,0.00030000046535860747,0.010700000530050602,0.004300000000512227,0.7636000000275089
883,d118_u2,neutral,train,118,2,bc,3,1,1,0,0,0,1,1,0,ok,"{""sentences"": [""I hear you."", ""We can pause here for a moment.""], ""safety"": ""ok""}",1,2176,0.754400000005262,0.001499999598308932,0.00020000061340397224,0.010800000382005237,0.004300000000512227,0.7755999995424645
884,d118_u3,happy,train,118,3,bc,3,1,1,0,0,0,1,1,0,ok,"{""sentences"": [""I hear you."", ""We can pause here for a moment.""], ""safety"": ""ok""}",1,2176,0.7438000002366607,0.001499999598308932,0.00020000061340397224,0.010599999768601265,0.004399999852466863,0.7650999996258179
885,d118_u4,angry,train,118,4,bc,3,1,1,0,0,0,1,1,0,ok,"{""sentences"": [""I hear you."", ""We can pause here for a moment.""], ""safety"": ""ok""}",1,2176,0.7263999996212078,0.0014000006558489986,0.00019999970390927047,0.010399999155197293,0.00419999923906289,0.7470000000466825
886,d118_u5,happy,train,118,5,bc,3,1,1,0,0,0,1,1,0,ok,"{""sentences"": [""I hear you."", ""We can pause here for a moment.""], ""safety"": ""ok""}",1,2176,0.7063000002744957,0.001499999598308932,0.00019999970390927047,0.0106999996205559,0.004200000148557592,0.7269999996424303
887,d119_u0,neutral,train,119,0,bc,3,1,1,0,0,0,1,1,0,ok,"{""sentences"": [""I hear you."", ""We can pause here for a moment.""], ""safety"": ""ok""}",1,2176,0.7289000004675472,0.0015999994502635673,0.00030000046535860747,0.010900000233959872,0.004300000000512227,0.7501999998567044
888,d119_u1,neutral,train,119,1,bc,3,1,1,0,0,0,1,1,0,ok,"{""sentences"": [""I hear you."", ""We can pause here for a moment.""], ""safety"": ""ok""}",1,2176,0.947499999710999,0.001600000359758269,0.0002999995558639057,0.011399999493733048,0.004399999852466863,0.9695999997347826
889,d119_u2,neutral,train,119,2,bc,3,1,1,0,0,0,1,1,0,ok,"{""sentences"": [""I hear you."", ""We can pause here for a moment.""], ""safety"": ""ok""}",1,2176,0.7716000000073109,0.0017000002117129043,0.00019999970390927047,0.01120000069931848,0.004499999704421498,0.7936000001791399
890,d119_u3,neutral,train,119,3,bc,3,1,1,0,0,0,1,1,0,ok,"{""sentences"": [""I hear you."", ""We can pause here for a moment.""], ""safety"": ""ok""}",1,2176,0.7511000003432855,0.001499999598308932,0.00020000061340397224,0.010900000233959872,0.004499999704421498,0.7726000003458466
891,d119_u4,sad,train,119,4,bc,3,1,1,0,0,0,1,1,0,ok,"{""sentences"": [""I hear you."", ""We can pause here for a moment.""], ""safety"": ""ok""}",1,2176,0.7426000001942157,0.0015000005078036338,0.00019999970390927047,0.01089999932446517,0.004300000000512227,0.7640000003448222
892,d119_u5,neutral,train,119,5,bc,3,1,1,0,0,0,1,1,0,ok,"{""sentences"": [""I hear you."", ""We can pause here for a moment.""], ""safety"": ""ok""}",1,2176,0.7400000004054164,0.0015000005078036338,0.00030000046535860747,0.010800000382005237,0.004300000000512227,0.7613999996465282
893,d119_u6,sad,train,119,6,bc,3,1,1,0,0,0,1,1,0,ok,"{""sentences"": [""I hear you."", ""We can pause here for a moment.""], ""safety"": ""ok""}",1,2176,0.7533000007242663,0.001499999598308932,0.00020000061340397224,0.010800000382005237,0.004099999387108255,0.7744000004095142
894,d119_u8,neutral,train,119,8,bc,3,1,1,0,0,0,1,1,0,ok,"{""sentences"": [""I hear you."", ""We can pause here for a moment.""], ""safety"": ""ok""}",1,2176,0.7214000006570132,0.001499999598308932,0.00019999970390927047,0.010599999768601265,0.004099999387108255,0.7423000006383518
895,d119_u9,neutral,train,119,9,bc,3,1,1,0,0,0,1,1,0,ok,"{""sentences"": [""I hear you."", ""We can pause here for a moment.""], ""safety"": ""ok""}",1,2176,0.6972000001042034,0.001499999598308932,0.00020000061340397224,0.01049999991664663,0.004100000296602957,0.7177999996201834
896,d119_u10,neutral,train,119,10,bc,3,1,1,0,0,0,1,1,0,ok,"{""sentences"": [""I hear you."", ""We can pause here for a moment.""], ""safety"": ""ok""}",1,2176,0.7058000001052278,0.0015999994502635673,0.00020000061340397224,0.0106999996205559,0.004399999852466863,0.7268999997904757
897,d119_u11,neutral,train,119,11,bc,3,1,1,0,0,0,1,1,0,ok,"{""sentences"": [""I hear you."", ""We can pause here for a moment.""], ""safety"": ""ok""}",1,2176,1.0560000000623404,0.0015999994502635673,0.00019999970390927047,0.012100000276404899,0.004599999556376133,1.0793999999805237
898,d119_u12,angry,train,119,12,bc,3,1,1,0,0,0,1,1,0,ok,"{""sentences"": [""I hear you."", ""We can pause here for a moment.""], ""safety"": ""ok""}",1,2176,0.8449000006294227,0.0016999993022182025,0.00020000061340397224,0.011199999789823778,0.004499999704421498,0.8668000000398024
899,d120_u1,happy,train,120,1,bc,3,1,1,0,0,0,1,1,0,ok,"{""sentences"": [""I hear you."", ""We can pause here for a moment.""], ""safety"": ""ok""}",1,2176,0.7399999994959217,0.001499999598308932,0.00019999970390927047,0.010900000233959872,0.004200000148557592,0.7612999997945735
900,d120_u3,neutral,train,120,3,bc,3,1,1,0,0,0,1,1,0,ok,"{""sentences"": [""I hear you."", ""We can pause here for a moment.""], ""safety"": ""ok""}",1,2176,0.7250999997268082,0.001499999598308932,0.00020000061340397224,0.010599999768601265,0.004099999387108255,0.7460000006176415
901,d120_u7,neutral,train,120,7,bc,3,1,1,0,0,0,1,1,0,ok,"{""sentences"": [""I hear you."", ""We can pause here for a moment.""], ""safety"": ""ok""}",1,2176,0.713000000359898,0.001499999598308932,0.00019999970390927047,0.010599999768601265,0.004100000296602957,0.7336999997278326
902,d120_u8,neutral,train,120,8,bc,3,1,1,0,0,0,1,1,0,ok,"{""sentences"": [""I hear you."", ""We can pause here for a moment.""], ""safety"": ""ok""}",1,2176,0.6966000000829808,0.001499999598308932,0.00020000061340397224,0.010800000382005237,0.004200000148557592,0.7174000002123648
903,d120_u9,neutral,train,120,9,bc,3,1,1,0,0,0,1,1,0,ok,"{""sentences"": [""I hear you."", ""We can pause here for a moment.""], ""safety"": ""ok""}",1,2176,0.7087000003593857,0.0015000005078036338,0.0002999995558639057,0.010900000233959872,0.004100000296602957,0.7298999998965883
904,d120_u10,neutral,train,120,10,bc,3,1,1,0,0,0,1,1,0,ok,"{""sentences"": [""I hear you."", ""We can pause here for a moment.""], ""safety"": ""ok""}",1,2176,0.6972000001042034,0.0015999994502635673,0.00030000046535860747,0.010599999768601265,0.004300000000512227,0.7180999991760473
905,d120_u11,neutral,train,120,11,bc,3,1,1,0,0,0,1,1,0,ok,"{""sentences"": [""I hear you."", ""We can pause here for a moment.""], ""safety"": ""ok""}",1,2176,0.6940000002941815,0.001499999598308932,0.00019999970390927047,0.010599999768601265,0.004100000296602957,0.7145999998101615
906,d120_u12,neutral,train,120,12,bc,3,1,1,0,0,0,1,1,0,ok,"{""sentences"": [""I hear you."", ""We can pause here for a moment.""], ""safety"": ""ok""}",1,2176,0.9399999999004649,0.001499999598308932,0.0002999995558639057,0.012100000276404899,0.004599999556376133,0.9632000001147389
907,d120_u13,neutral,train,120,13,bc,3,1,1,0,0,0,1,1,0,ok,"{""sentences"": [""I hear you."", ""We can pause here for a moment.""], ""safety"": ""ok""}",1,2176,0.828199999887147,0.0015000005078036338,0.00019999970390927047,0.011000000085914508,0.004200000148557592,0.8497999997416628
908,d120_u14,neutral,train,120,14,bc,3,1,1,0,0,0,1,1,0,ok,"{""sentences"": [""I hear you."", ""We can pause here for a moment.""], ""safety"": ""ok""}",1,2176,0.7507000000259723,0.001499999598308932,0.0002999995558639057,0.011000000085914508,0.004300000000512227,0.7720000003246241
909,d120_u15,neutral,train,120,15,bc,3,1,1,0,0,0,1,1,0,ok,"{""sentences"": [""I hear you."", ""We can pause here for a moment.""], ""safety"": ""ok""}",1,2176,0.7169999998950516,0.0013999997463542968,0.00020000061340397224,0.0106999996205559,0.004300000000512227,0.7378999998763902
910,d121_u0,neutral,train,121,0,bc,3,1,1,0,0,0,1,1,0,ok,"{""sentences"": [""I hear you."", ""We can pause here for a moment.""], ""safety"": ""ok""}",1,2176,0.6966999999349355,0.001499999598308932,0.00019999970390927047,0.0106999996205559,0.004300000000512227,0.7177999996201834
911,d121_u1,happy,train,121,1,bc,3,1,1,0,0,0,1,1,0,ok,"{""sentences"": [""I hear you."", ""We can pause here for a moment.""], ""safety"": ""ok""}",1,2176,0.7373000007646624,0.0013999997463542968,0.00019999970390927047,0.010599999768601265,0.004200000148557592,0.7580999999845517
912,d121_u2,happy,train,121,2,bc,3,1,1,0,0,0,1,1,0,ok,"{""sentences"": [""I hear you."", ""We can pause here for a moment.""], ""safety"": ""ok""}",1,2176,0.6921000003785593,0.001499999598308932,0.00030000046535860747,0.010700000530050602,0.004200000148557592,0.713000000359898
913,d121_u5,angry,train,121,5,bc,3,1,1,0,0,0,1,1,0,ok,"{""sentences"": [""I hear you."", ""We can pause here for a moment.""], ""safety"": ""ok""}",1,2176,0.6951999994271318,0.0015000005078036338,0.00030000046535860747,0.010700000530050602,0.004200000148557592,0.7162000001699198
914,d121_u6,neutral,train,121,6,bc,3,1,1,0,0,0,1,1,0,ok,"{""sentences"": [""I hear you."", ""We can pause here for a moment.""], ""safety"": ""ok""}",1,2176,0.7034000000203378,0.0015999994502635673,0.00019999970390927047,0.010800000382005237,0.004399999852466863,0.7248000001709443
915,d121_u7,sad,train,121,7,bc,3,1,1,0,0,0,1,1,0,ok,"{""sentences"": [""I hear you."", ""We can pause here for a moment.""], ""safety"": ""ok""}",1,2176,1.006999999844993,0.001600000359758269,0.00019999970390927047,0.031100000342121348,0.004499999704421498,1.0492000001249835
916,d122_u2,neutral,train,122,2,bc,3,1,1,0,0,0,1,1,0,ok,"{""sentences"": [""I hear you."", ""We can pause here for a moment.""], ""safety"": ""ok""}",1,2176,0.7904000003691181,0.0015999994502635673,0.00019999970390927047,0.011199999789823778,0.004399999852466863,0.8121000000755885
917,d122_u3,neutral,train,122,3,bc,3,1,1,0,0,0,1,1,0,ok,"{""sentences"": [""I hear you."", ""We can pause here for a moment.""], ""safety"": ""ok""}",1,2176,0.8082000003923895,0.0013999997463542968,0.00020000061340397224,0.011000000085914508,0.004200000148557592,0.8293000000776374
918,d122_u4,neutral,train,122,4,bc,3,1,1,0,0,0,1,1,0,ok,"{""sentences"": [""I hear you."", ""We can pause here for a moment.""], ""safety"": ""ok""}",1,2176,0.7237999998324085,0.0014000006558489986,0.00020000061340397224,0.010800000382005237,0.004399999852466863,0.7448999995176564
919,d122_u5,neutral,train,122,5,bc,3,1,1,0,0,0,1,1,0,ok,"{""sentences"": [""I hear you."", ""We can pause here for a moment.""], ""safety"": ""ok""}",1,2176,0.7016999998086249,0.0015000005078036338,0.0002999995558639057,0.0106999996205559,0.004200000148557592,0.7225999997899635
920,d122_u6,neutral,train,122,6,bc,3,1,1,0,0,0,1,1,0,ok,"{""sentences"": [""I hear you."", ""We can pause here for a moment.""], ""safety"": ""ok""}",1,2176,0.7339999992836965,0.0015999994502635673,0.00019999970390927047,0.010900000233959872,0.004200000148557592,0.7551999997303938
921,d122_u7,happy,train,122,7,bc,3,1,1,0,0,0,1,1,0,ok,"{""sentences"": [""I hear you."", ""We can pause here for a moment.""], ""safety"": ""ok""}",1,2176,0.7027000001471606,0.0015000005078036338,0.00019999970390927047,0.010700000530050602,0.004100000296602957,0.72340000042459
922,d122_u8,happy,train,122,8,bc,3,1,1,0,0,0,1,1,0,ok,"{""sentences"": [""I hear you."", ""We can pause here for a moment.""], ""safety"": ""ok""}",1,2176,0.6947000001673587,0.0015000005078036338,0.00019999970390927047,0.010599999768601265,0.004100000296602957,0.7155000002967427
923,d122_u10,neutral,train,122,10,bc,3,1,1,0,0,0,1,1,0,ok,"{""sentences"": [""I hear you."", ""We can pause here for a moment.""], ""safety"": ""ok""}",1,2176,0.6960000000617583,0.001499999598308932,0.00019999970390927047,0.010799999472510535,0.004499999704421498,0.7174000002123648
924,d122_u11,neutral,train,122,11,bc,3,1,1,0,0,0,1,1,0,ok,"{""sentences"": [""I hear you."", ""We can pause here for a moment.""], ""safety"": ""ok""}",1,2176,1.0405000002720044,0.0017000002117129043,0.00019999970390927047,0.011799999811046291,0.004300000000512227,1.0630999995555612
925,d122_u14,neutral,train,122,14,bc,3,1,1,0,0,0,1,1,0,ok,"{""sentences"": [""I hear you."", ""We can pause here for a moment.""], ""safety"": ""ok""}",1,2176,0.7692999997743755,0.001600000359758269,0.00019999970390927047,0.011299999641778413,0.004300000000512227,0.7912000000942498
926,d122_u15,neutral,train,122,15,bc,3,1,1,0,0,0,1,1,0,ok,"{""sentences"": [""I hear you."", ""We can pause here for a moment.""], ""safety"": ""ok""}",1,2176,0.7501000000047497,0.001499999598308932,0.00020000061340397224,0.010900000233959872,0.004499999704421498,0.7718000006207149
927,d123_u1,angry,train,123,1,bc,3,1,1,0,0,0,1,1,0,ok,"{""sentences"": [""I hear you."", ""We can pause here for a moment.""], ""safety"": ""ok""}",1,2176,0.7191000004240777,0.0013999997463542968,0.00019999970390927047,0.010799999472510535,0.004099999387108255,0.739899999643967
928,d123_u2,angry,train,123,2,bc,3,1,1,0,0,0,1,1,0,ok,"{""sentences"": [""I hear you."", ""We can pause here for a moment.""], ""safety"": ""ok""}",1,2176,0.7010999997874023,0.001499999598308932,0.00019999970390927047,0.0106999996205559,0.004300000000512227,0.7224000000860542
929,d123_u3,angry,train,123,3,bc,3,1,1,0,0,0,1,1,0,ok,"{""sentences"": [""I hear you."", ""We can pause here for a moment.""], ""safety"": ""ok""}",1,2176,0.7279999999809661,0.0015999994502635673,0.00019999970390927047,0.010799999472510535,0.004300000000512227,0.749300000279618
930,d123_u4,angry,train,123,4,bc,3,1,1,0,0,0,1,1,0,ok,"{""sentences"": [""I hear you."", ""We can pause here for a moment.""], ""safety"": ""ok""}",1,2176,0.7408000001305481,0.001499999598308932,0.00020000061340397224,0.010800000382005237,0.004300000000512227,0.761899999815796
931,d123_u5,neutral,train,123,5,bc,3,1,1,0,0,0,1,1,0,ok,"{""sentences"": [""I hear you."", ""We can pause here for a moment.""], ""safety"": ""ok""}",1,2176,0.7480999993276782,0.001499999598308932,0.00019999970390927047,0.010799999472510535,0.004499999704421498,0.7694999994782847
932,d123_u6,angry,train,123,6,bc,3,1,1,0,0,0,1,1,0,ok,"{""sentences"": [""I hear you."", ""We can pause here for a moment.""], ""safety"": ""ok""}",1,2176,0.8207000000766129,0.0017000002117129043,0.00020000061340397224,0.012100000276404899,0.00470000031782547,0.8442999996987055
933,d123_u7,neutral,train,123,7,bc,3,1,1,0,0,0,1,1,0,ok,"{""sentences"": [""I hear you."", ""We can pause here for a moment.""], ""safety"": ""ok""}",1,2176,0.8581000001868233,0.001600000359758269,0.0002999995558639057,0.011199999789823778,0.004200000148557592,0.8798999997452484
934,d123_u8,angry,train,123,8,bc,3,1,1,0,0,0,1,1,0,ok,"{""sentences"": [""I hear you."", ""We can pause here for a moment.""], ""safety"": ""ok""}",1,2176,0.7522000005337759,0.0015999994502635673,0.00020000061340397224,0.010600000678095967,0.004200000148557592,0.7734999999229331
935,d123_u9,neutral,train,123,9,bc,3,1,1,0,0,0,1,1,0,ok,"{""sentences"": [""I hear you."", ""We can pause here for a moment.""], ""safety"": ""ok""}",1,2176,0.7953000003908528,0.0015000005078036338,0.0002999995558639057,0.010799999472510535,0.004300000000512227,0.8166000006895047
936,d123_u10,angry,train,123,10,bc,3,1,1,0,0,0,1,1,0,ok,"{""sentences"": [""I hear you."", ""We can pause here for a moment.""], ""safety"": ""ok""}",1,2176,0.7509000006393762,0.001499999598308932,0.00030000046535860747,0.010800000382005237,0.004300000000512227,0.7721000001765788
937,d124_u0,happy,train,124,0,bc,3,1,1,0,0,0,1,1,0,ok,"{""sentences"": [""I hear you."", ""We can pause here for a moment.""], ""safety"": ""ok""}",1,2176,0.8029000000533415,0.0016999993022182025,0.00019999970390927047,0.01049999991664663,0.0045000006139162,0.8238999998866348
938,d124_u2,neutral,train,124,2,bc,3,1,1,0,0,0,1,1,0,ok,"{""sentences"": [""I hear you."", ""We can pause here for a moment.""], ""safety"": ""ok""}",1,2176,0.6948000000193133,0.0015000005078036338,0.00019999970390927047,0.010600000678095967,0.004300000000512227,0.7156000001486973
939,d124_u4,sad,train,124,4,bc,3,1,1,0,0,0,1,1,0,ok,"{""sentences"": [""I hear you."", ""We can pause here for a moment.""], ""safety"": ""ok""}",1,2176,0.7003999999142252,0.0013999997463542968,0.00019999970390927047,0.010599999768601265,0.004100000296602957,0.7212000000436092
940,d124_u5,happy,train,124,5,bc,3,1,1,0,0,0,1,1,0,ok,"{""sentences"": [""I hear you."", ""We can pause here for a moment.""], ""safety"": ""ok""}",1,2176,0.7485000005544862,0.0015999994502635673,0.00030000046535860747,0.010800000382005237,0.004499999704421498,0.7699999996475526
941,d124_u6,happy,train,124,6,bc,3,1,1,0,0,0,1,1,0,ok,"{""sentences"": [""I hear you."", ""We can pause here for a moment.""], ""safety"": ""ok""}",1,2176,0.9738999997352948,0.0015999994502635673,0.00020000061340397224,0.01140000040322775,0.004499999704421498,0.9963000002244371
942,d124_u8,sad,train,124,8,bc,3,1,1,0,0,0,1,1,0,ok,"{""sentences"": [""I hear you."", ""We can pause here for a moment.""], ""safety"": ""ok""}",1,2176,0.780099999246886,0.001499999598308932,0.00019999970390927047,0.011000000085914508,0.004399999852466863,0.8015999992494471
943,d124_u9,neutral,train,124,9,bc,3,1,1,0,0,0,1,1,0,ok,"{""sentences"": [""I hear you."", ""We can pause here for a moment.""], ""safety"": ""ok""}",1,2176,0.7419000003210385,0.0017000002117129043,0.00019999970390927047,0.010900000233959872,0.004300000000512227,0.7634000003235997
944,d124_u10,neutral,train,124,10,bc,3,1,1,0,0,0,1,1,0,ok,"{""sentences"": [""I hear you."", ""We can pause here for a moment.""], ""safety"": ""ok""}",1,2176,0.7550000000264845,0.0015999994502635673,0.00020000061340397224,0.010900000233959872,0.004300000000512227,0.776400000177091
945,d124_u11,happy,train,124,11,bc,3,1,1,0,0,0,1,1,0,ok,"{""sentences"": [""I hear you."", ""We can pause here for a moment.""], ""safety"": ""ok""}",1,2176,0.7450000002791057,0.001499999598308932,0.00019999970390927047,0.011000000085914508,0.004200000148557592,0.7664999993721722
946,d125_u0,happy,train,125,0,bc,3,1,1,0,0,0,1,1,0,ok,"{""sentences"": [""I hear you."", ""We can pause here for a moment.""], ""safety"": ""ok""}",1,2176,0.72580000050948,0.0013999997463542968,0.00019999970390927047,0.01049999991664663,0.004200000148557592,0.7465999997293693
947,d125_u1,neutral,train,125,1,bc,3,1,1,0,0,0,1,1,0,ok,"{""sentences"": [""I hear you."", ""We can pause here for a moment.""], ""safety"": ""ok""}",1,2176,0.6941000001461362,0.001499999598308932,0.00030000046535860747,0.01049999991664663,0.004100000296602957,0.7150000001274748
948,d125_u2,neutral,train,125,2,bc,3,1,1,0,0,0,1,1,0,ok,"{""sentences"": [""I hear you."", ""We can pause here for a moment.""], ""safety"": ""ok""}",1,2176,0.6929999999556458,0.001499999598308932,0.00019999970390927047,0.010400000064691994,0.004300000000512227,0.7134999996196711
949,d125_u4,neutral,train,125,4,bc,3,1,1,0,0,0,1,1,0,ok,"{""sentences"": [""I hear you."", ""We can pause here for a moment.""], ""safety"": ""ok""}",1,2176,0.7744000004095142,0.0015999994502635673,0.00020000061340397224,0.010800000382005237,0.004300000000512227,0.795799999650626
950,d125_u5,neutral,train,125,5,bc,3,1,1,0,0,0,1,1,0,ok,"{""sentences"": [""I hear you."", ""We can pause here for a moment.""], ""safety"": ""ok""}",1,2176,0.9277999997721054,0.0015000005078036338,0.0002999995558639057,0.011699999959091656,0.004300000000512227,0.9500999994997983
951,d125_u6,neutral,train,125,6,bc,3,1,1,0,0,0,1,1,0,ok,"{""sentences"": [""I hear you."", ""We can pause here for a moment.""], ""safety"": ""ok""}",1,2176,0.8297999993374106,0.0015000005078036338,0.00019999970390927047,0.011000000085914508,0.004300000000512227,0.851400000101421
952,d125_u7,neutral,train,125,7,bc,3,1,1,0,0,0,1,1,0,ok,"{""sentences"": [""I hear you."", ""We can pause here for a moment.""], ""safety"": ""ok""}",1,2176,0.7402000001093256,0.001600000359758269,0.00030000046535860747,0.011000000085914508,0.004200000148557592,0.7617999999638414
953,d126_u0,happy,train,126,0,bc,3,1,1,0,0,0,1,1,0,ok,"{""sentences"": [""I hear you."", ""We can pause here for a moment.""], ""safety"": ""ok""}",1,2176,0.7394000003841938,0.0015999994502635673,0.00030000046535860747,0.010700000530050602,0.004399999852466863,0.7605999999213964
954,d126_u1,angry,train,126,1,bc,3,1,1,0,0,0,1,1,0,ok,"{""sentences"": [""I hear you."", ""We can pause here for a moment.""], ""safety"": ""ok""}",1,2176,0.7525999999415944,0.001499999598308932,0.00020000061340397224,0.010800000382005237,0.004200000148557592,0.7736999996268423
955,d126_u2,happy,train,126,2,bc,3,1,1,0,0,0,1,1,0,ok,"{""sentences"": [""I hear you."", ""We can pause here for a moment.""], ""safety"": ""ok""}",1,2176,0.7439000000886153,0.001499999598308932,0.00020000061340397224,0.010800000382005237,0.004499999704421498,0.7650999996258179
956,d126_u3,neutral,train,126,3,bc,3,1,1,0,0,0,1,1,0,ok,"{""sentences"": [""I hear you."", ""We can pause here for a moment.""], ""safety"": ""ok""}",1,2176,0.7165999995777383,0.0013999997463542968,0.00019999970390927047,0.010599999768601265,0.004300000000512227,0.7372999998551677
957,d126_u4,happy,train,126,4,bc,3,1,1,0,0,0,1,1,0,ok,"{""sentences"": [""I hear you."", ""We can pause here for a moment.""], ""safety"": ""ok""}",1,2176,0.7060999996610917,0.001499999598308932,0.00020000061340397224,0.0106999996205559,0.004200000148557592,0.7267999999385211
958,d126_u5,angry,train,126,5,bc,3,1,1,0,0,0,1,1,0,ok,"{""sentences"": [""I hear you."", ""We can pause here for a moment.""], ""safety"": ""ok""}",1,2176,0.8765000002313172,0.0018999999156221747,0.00019999970390927047,0.011999999514955562,0.004799999260285404,0.9004000003187684
959,d126_u6,neutral,train,126,6,bc,3,1,1,0,0,0,1,1,0,ok,"{""sentences"": [""I hear you."", ""We can pause here for a moment.""], ""safety"": ""ok""}",1,2176,0.9951000001819921,0.001600000359758269,0.00019999970390927047,0.011899999663000926,0.004800000169780105,1.0182999994867714
960,d126_u7,angry,train,126,7,bc,3,1,1,0,0,0,1,1,0,ok,"{""sentences"": [""I hear you."", ""We can pause here for a moment.""], ""safety"": ""ok""}",1,2176,0.7724000006419374,0.0013999997463542968,0.00019999970390927047,0.010900000233959872,0.004399999852466863,0.7938999997350038
961,d126_u8,neutral,train,126,8,bc,3,1,1,0,0,0,1,1,0,ok,"{""sentences"": [""I hear you."", ""We can pause here for a moment.""], ""safety"": ""ok""}",1,2176,0.7281999996848754,0.0015000005078036338,0.00019999970390927047,0.01049999991664663,0.004300000000512227,0.749099999666214
962,d126_u9,sad,train,126,9,bc,3,1,1,0,0,0,1,1,0,ok,"{""sentences"": [""I hear you."", ""We can pause here for a moment.""], ""safety"": ""ok""}",1,2176,0.6991999998717802,0.0015000005078036338,0.00030000046535860747,0.010700000530050602,0.004300000000512227,0.7200000000011642
963,d126_u10,neutral,train,126,10,bc,3,1,1,0,0,0,1,1,0,ok,"{""sentences"": [""I hear you."", ""We can pause here for a moment.""], ""safety"": ""ok""}",1,2176,0.721999999768741,0.001499999598308932,0.00020000061340397224,0.010700000530050602,0.004300000000512227,0.7432000002154382
964,d126_u11,neutral,train,126,11,bc,3,1,1,0,0,0,1,1,0,ok,"{""sentences"": [""I hear you."", ""We can pause here for a moment.""], ""safety"": ""ok""}",1,2176,0.7513999998991494,0.001499999598308932,0.00019999970390927047,0.011000000085914508,0.00419999923906289,0.7728000000497559
965,d126_u12,angry,train,126,12,bc,3,1,1,0,0,0,1,1,0,ok,"{""sentences"": [""I hear you."", ""We can pause here for a moment.""], ""safety"": ""ok""}",1,2176,0.7838000001356704,0.0015000005078036338,0.00019999970390927047,0.010799999472510535,0.004000000444648322,0.8046000002650544
966,d127_u0,neutral,train,127,0,bc,3,1,1,0,0,0,1,1,0,ok,"{""sentences"": [""I hear you."", ""We can pause here for a moment.""], ""safety"": ""ok""}",1,2176,0.7031999994069338,0.0013999997463542968,0.0002999995558639057,0.010799999472510535,0.004300000000512227,0.7243000000016764
967,d128_u0,neutral,train,128,0,bc,3,1,1,0,0,0,1,1,0,ok,"{""sentences"": [""I hear you."", ""We can pause here for a moment.""], ""safety"": ""ok""}",1,2176,0.8290000005217735,0.0015999994502635673,0.00019999970390927047,0.032699999792384915,0.004999999873689376,0.8730999998078914
968,d128_u1,neutral,train,128,1,bc,3,1,1,0,0,0,1,1,0,ok,"{""sentences"": [""I hear you."", ""We can pause here for a moment.""], ""safety"": ""ok""}",1,2176,0.8379999999306165,0.001499999598308932,0.00020000061340397224,0.01140000040322775,0.004300000000512227,0.8599000002504908
969,d128_u2,happy,train,128,2,bc,3,1,1,0,0,0,1,1,0,ok,"{""sentences"": [""I hear you."", ""We can pause here for a moment.""], ""safety"": ""ok""}",1,2176,0.7683000003453344,0.001499999598308932,0.00019999970390927047,0.010900000233959872,0.004300000000512227,0.7895999997344916
970,d128_u3,happy,train,128,3,bc,3,1,1,0,0,0,1,1,0,ok,"{""sentences"": [""I hear you."", ""We can pause here for a moment.""], ""safety"": ""ok""}",1,2176,0.7176000008257688,0.001499999598308932,0.00019999970390927047,0.010700000530050602,0.004200000148557592,0.7383000001937035
971,d128_u4,happy,train,128,4,bc,3,1,1,0,0,0,1,1,0,ok,"{""sentences"": [""I hear you."", ""We can pause here for a moment.""], ""safety"": ""ok""}",1,2176,0.7235000002765446,0.001600000359758269,0.00019999970390927047,0.010799999472510535,0.004099999387108255,0.7443999993483885
972,d128_u5,happy,train,128,5,bc,3,1,1,0,0,0,1,1,0,ok,"{""sentences"": [""I hear you."", ""We can pause here for a moment.""], ""safety"": ""ok""}",1,2176,0.7058000001052278,0.0015000005078036338,0.00020000061340397224,0.010700000530050602,0.00670000008540228,0.7293999997273204
973,d128_u6,neutral,train,128,6,bc,3,1,1,0,0,0,1,1,0,ok,"{""sentences"": [""I hear you."", ""We can pause here for a moment.""], ""safety"": ""ok""}",1,2176,0.6967999997868901,0.001600000359758269,0.00019999970390927047,0.010799999472510535,0.004200000148557592,0.7180000002335873
974,d128_u7,happy,train,128,7,bc,3,1,1,0,0,0,1,1,0,ok,"{""sentences"": [""I hear you."", ""We can pause here for a moment.""], ""safety"": ""ok""}",1,2176,0.7053999997879146,0.001499999598308932,0.00020000061340397224,0.011000000085914508,0.004200000148557592,0.7265000003826572
975,d128_u8,neutral,train,128,8,bc,3,1,1,0,0,0,1,1,0,ok,"{""sentences"": [""I hear you."", ""We can pause here for a moment.""], ""safety"": ""ok""}",1,2176,0.6948000000193133,0.0015999994502635673,0.00020000061340397224,0.010800000382005237,0.004300000000512227,0.7161000003179652
976,d128_u9,happy,train,128,9,bc,3,1,1,0,0,0,1,1,0,ok,"{""sentences"": [""I hear you."", ""We can pause here for a moment.""], ""safety"": ""ok""}",1,2176,0.8069999994404498,0.0015000005078036338,0.00019999970390927047,0.011099999937869143,0.004300000000512227,0.8285000003525056
977,d129_u0,happy,train,129,0,bc,3,1,1,0,0,0,1,1,0,ok,"{""sentences"": [""I hear you."", ""We can pause here for a moment.""], ""safety"": ""ok""}",1,2176,0.8726999994905782,0.0015999994502635673,0.00020000061340397224,0.011300000551273115,0.004300000000512227,0.8946999996624072
978,d129_u1,sad,train,129,1,bc,3,1,1,0,0,0,1,1,0,ok,"{""sentences"": [""I hear you."", ""We can pause here for a moment.""], ""safety"": ""ok""}",1,2176,0.8374999997613486,0.001600000359758269,0.0002999995558639057,0.011199999789823778,0.004399999852466863,0.859400000081223
979,d129_u2,sad,train,129,2,bc,3,1,1,0,0,0,1,1,0,ok,"{""sentences"": [""I hear you."", ""We can pause here for a moment.""], ""safety"": ""ok""}",1,2176,0.7533000007242663,0.0015999994502635673,0.00019999970390927047,0.011000000085914508,0.004300000000512227,0.7747999998173327
980,d129_u4,sad,train,129,4,bc,3,1,1,0,0,0,1,1,0,ok,"{""sentences"": [""I hear you."", ""We can pause here for a moment.""], ""safety"": ""ok""}",1,2176,0.7198000002972549,0.001499999598308932,0.00030000046535860747,0.0106999996205559,0.004200000148557592,0.7407000002785935
981,d129_u5,angry,train,129,5,bc,3,1,1,0,0,0,1,1,0,ok,"{""sentences"": [""I hear you."", ""We can pause here for a moment.""], ""safety"": ""ok""}",1,2176,0.6971000002522487,0.0013999997463542968,0.00019999970390927047,0.010600000678095967,0.004200000148557592,0.7179000003816327
982,d129_u7,angry,train,129,7,bc,3,1,1,0,0,0,1,1,0,ok,"{""sentences"": [""I hear you."", ""We can pause here for a moment.""], ""safety"": ""ok""}",1,2176,0.7106000002750079,0.001600000359758269,0.00019999970390927047,0.010500000826141331,0.004300000000512227,0.7314000004043919
983,d129_u8,neutral,train,129,8,bc,3,1,1,0,0,0,1,1,0,ok,"{""sentences"": [""I hear you."", ""We can pause here for a moment.""], ""safety"": ""ok""}",1,2176,0.6962999996176222,0.001600000359758269,0.00019999970390927047,0.010799999472510535,0.004200000148557592,0.7173999993028701
984,d129_u9,neutral,train,129,9,bc,3,1,1,0,0,0,1,1,0,ok,"{""sentences"": [""I hear you."", ""We can pause here for a moment.""], ""safety"": ""ok""}",1,2176,0.6985999998505577,0.0014000006558489986,0.00019999970390927047,0.011000000085914508,0.004300000000512227,0.7198000002972549
985,d129_u10,angry,train,129,10,bc,3,1,1,0,0,0,1,1,0,ok,"{""sentences"": [""I hear you."", ""We can pause here for a moment.""], ""safety"": ""ok""}",1,2176,0.7873000004110509,0.0018000000636675395,0.00030000046535860747,0.04960000023856992,0.005300000339047983,0.849000000016531
986,d129_u13,neutral,train,129,13,bc,3,1,1,0,0,0,1,1,0,ok,"{""sentences"": [""I hear you."", ""We can pause here for a moment.""], ""safety"": ""ok""}",1,2176,0.8121999999275431,0.00199999976757681,0.00019999970390927047,0.011000000085914508,0.004399999852466863,0.8344000007127761
987,d129_u14,neutral,train,129,14,bc,3,1,1,0,0,0,1,1,0,ok,"{""sentences"": [""I hear you."", ""We can pause here for a moment.""], ""safety"": ""ok""}",1,2176,0.7503000006181537,0.001499999598308932,0.00030000046535860747,0.011000000085914508,0.004300000000512227,0.7720000003246241
988,d130_u0,happy,train,130,0,bc,3,1,1,0,0,0,1,1,0,ok,"{""sentences"": [""I hear you."", ""We can pause here for a moment.""], ""safety"": ""ok""}",1,2176,0.7409999998344574,0.0015000005078036338,0.00019999970390927047,0.011000000085914508,0.004399999852466863,0.7624999998370185
989,d130_u1,neutral,train,130,1,bc,3,1,1,0,0,0,1,1,0,ok,"{""sentences"": [""I hear you."", ""We can pause here for a moment.""], ""safety"": ""ok""}",1,2176,0.742799999898125,0.0013999997463542968,0.00019999970390927047,0.011099999937869143,0.004300000000512227,0.7644000006621354
990,d130_u2,neutral,train,130,2,bc,3,1,1,0,0,0,1,1,0,ok,"{""sentences"": [""I hear you."", ""We can pause here for a moment.""], ""safety"": ""ok""}",1,2176,0.7598000001962646,0.001600000359758269,0.0002999995558639057,0.011000000085914508,0.004300000000512227,0.7813000001988257
991,d130_u4,neutral,train,130,4,bc,3,1,1,0,0,0,1,1,0,ok,"{""sentences"": [""I hear you."", ""We can pause here for a moment.""], ""safety"": ""ok""}",1,2176,0.7442999994964339,0.0015000005078036338,0.00019999970390927047,0.011099999937869143,0.004399999852466863,0.7659000002604444
992,d130_u5,neutral,train,130,5,bc,3,1,1,0,0,0,1,1,0,ok,"{""sentences"": [""I hear you."", ""We can pause here for a moment.""], ""safety"": ""ok""}",1,2176,0.7620999995197053,0.001499999598308932,0.00030000046535860747,0.011000000085914508,0.004300000000512227,0.7836999993742211
993,d130_u6,neutral,train,130,6,bc,3,1,1,0,0,0,1,1,0,ok,"{""sentences"": [""I hear you."", ""We can pause here for a moment.""], ""safety"": ""ok""}",1,2176,0.7204000003184774,0.0013999997463542968,0.00020000061340397224,0.010800000382005237,0.004200000148557592,0.7415000000037253
994,d130_u7,neutral,train,130,7,bc,3,1,1,0,0,0,1,1,0,ok,"{""sentences"": [""I hear you."", ""We can pause here for a moment.""], ""safety"": ""ok""}",1,2176,0.8648999992146855,0.0015999994502635673,0.00019999970390927047,0.011699999959091656,0.00470000031782547,0.887900000634545
995,d130_u8,neutral,train,130,8,bc,3,1,1,0,0,0,1,1,0,ok,"{""sentences"": [""I hear you."", ""We can pause here for a moment.""], ""safety"": ""ok""}",1,2176,0.7845000000088476,0.001499999598308932,0.00030000046535860747,0.011099999937869143,0.004300000000512227,0.806199999715318
996,d130_u10,neutral,train,130,10,bc,3,1,1,0,0,0,1,1,0,ok,"{""sentences"": [""I hear you."", ""We can pause here for a moment.""], ""safety"": ""ok""}",1,2176,0.7717000007687602,0.001499999598308932,0.00019999970390927047,0.011000000085914508,0.004499999704421498,0.793300000623276
997,d130_u12,neutral,train,130,12,bc,3,1,1,0,0,0,1,1,0,ok,"{""sentences"": [""I hear you."", ""We can pause here for a moment.""], ""safety"": ""ok""}",1,2176,0.7266000002346118,0.0015000005078036338,0.00020000061340397224,0.010900000233959872,0.004300000000512227,0.747899999623769
998,d130_u13,neutral,train,130,13,bc,3,1,1,0,0,0,1,1,0,ok,"{""sentences"": [""I hear you."", ""We can pause here for a moment.""], ""safety"": ""ok""}",1,2176,0.7536000002801302,0.017999999727180693,0.00020000061340397224,0.011699999959091656,0.004799999260285404,0.7929000003059627
999,d130_u14,neutral,train,130,14,bc,3,1,1,0,0,0,1,1,0,ok,"{""sentences"": [""I hear you."", ""We can pause here for a moment.""], ""safety"": ""ok""}",1,2176,0.7206000000223867,0.0015999994502635673,0.00030000046535860747,0.011099999937869143,0.004399999852466863,0.7423000006383518
1000,d130_u15,neutral,train,130,15,bc,3,1,1,0,0,0,1,1,0,ok,"{""sentences"": [""I hear you."", ""We can pause here for a moment.""], ""safety"": ""ok""}",1,2176,0.7102999998096493,0.0015999994502635673,0.00020000061340397224,0.011099999937869143,0.004399999852466863,0.7320000004256144
1001,d130_u17,happy,train,130,17,bc,3,1,1,0,0,0,1,1,0,ok,"{""sentences"": [""I hear you."", ""We can pause here for a moment.""], ""safety"": ""ok""}",1,2176,0.699900000654452,0.001499999598308932,0.00020000061340397224,0.010900000233959872,0.004399999852466863,0.7213999997475185
1002,d131_u0,neutral,train,131,0,bc,3,1,1,0,0,0,1,1,0,ok,"{""sentences"": [""I hear you."", ""We can pause here for a moment.""], ""safety"": ""ok""}",1,2176,0.6979999998293351,0.0013999997463542968,0.00019999970390927047,0.010700000530050602,0.004300000000512227,0.7187999999587191
1003,d131_u1,sad,train,131,1,bc,3,1,1,0,0,0,1,1,0,ok,"{""sentences"": [""I hear you."", ""We can pause here for a moment.""], ""safety"": ""ok""}",1,2176,0.9905999995680759,0.001600000359758269,0.00019999970390927047,0.011699999959091656,0.00470000031782547,1.0133000005225767
1004,d131_u2,neutral,train,131,2,bc,3,1,1,0,0,0,1,1,0,ok,"{""sentences"": [""I hear you."", ""We can pause here for a moment.""], ""safety"": ""ok""}",1,2176,0.7782000002407585,0.001499999598308932,0.00019999970390927047,0.011500000255182385,0.004399999852466863,0.8004000001164968
1005,d132_u1,neutral,train,132,1,bc,3,1,1,0,0,0,1,1,0,ok,"{""sentences"": [""I hear you."", ""We can pause here for a moment.""], ""safety"": ""ok""}",1,2176,0.7964999995238031,0.0017000002117129043,0.00019999970390927047,0.01089999932446517,0.004300000000512227,0.8179000005839043
1006,d132_u2,sad,train,132,2,bc,3,1,1,0,0,0,1,1,0,ok,"{""sentences"": [""I hear you."", ""We can pause here for a moment.""], ""safety"": ""ok""}",1,2176,0.7469999991371878,0.001600000359758269,0.00030000046535860747,0.010900000233959872,0.004200000148557592,0.7683000003453344
1007,d132_u4,sad,train,132,4,bc,3,1,1,0,0,0,1,1,0,ok,"{""sentences"": [""I hear you."", ""We can pause here for a moment.""], ""safety"": ""ok""}",1,2176,0.7194999998318963,0.0015000005078036338,0.00020000061340397224,0.010700000530050602,0.004200000148557592,0.7403999998132349
1008,d132_u5,neutral,train,132,5,bc,3,1,1,0,0,0,1,1,0,ok,"{""sentences"": [""I hear you."", ""We can pause here for a moment.""], ""safety"": ""ok""}",1,2176,0.7071999998515821,0.001499999598308932,0.00019999970390927047,0.010799999472510535,0.004400000761961564,0.7283000004463247
1009,d132_u6,sad,train,132,6,bc,3,1,1,0,0,0,1,1,0,ok,"{""sentences"": [""I hear you."", ""We can pause here for a moment.""], ""safety"": ""ok""}",1,2176,0.698700000612007,0.0015999994502635673,0.00020000061340397224,0.011000000085914508,0.004300000000512227,0.7200999998531188
1010,d132_u7,neutral,train,132,7,bc,3,1,1,0,0,0,1,1,0,ok,"{""sentences"": [""I hear you."", ""We can pause here for a moment.""], ""safety"": ""ok""}",1,2176,0.7052999999359599,0.0015000005078036338,0.00019999970390927047,0.011000000085914508,0.004200000148557592,0.7267000000865664
1011,d132_u8,sad,train,132,8,bc,3,1,1,0,0,0,1,1,0,ok,"{""sentences"": [""I hear you."", ""We can pause here for a moment.""], ""safety"": ""ok""}",1,2176,0.6998999997449573,0.001600000359758269,0.00019999970390927047,0.010799999472510535,0.004300000000512227,0.7208999995782506
1012,d132_u9,neutral,train,132,9,bc,3,1,1,0,0,0,1,1,0,ok,"{""sentences"": [""I hear you."", ""We can pause here for a moment.""], ""safety"": ""ok""}",1,2176,0.9428000003026682,0.001499999598308932,0.00019999970390927047,0.011699999959091656,0.004599999556376133,0.965399999586225
1013,d132_u10,neutral,train,132,10,bc,3,1,1,0,0,0,1,1,0,ok,"{""sentences"": [""I hear you."", ""We can pause here for a moment.""], ""safety"": ""ok""}",1,2176,0.8474000005662674,0.001499999598308932,0.00020000061340397224,0.011000000085914508,0.00419999923906289,0.8690000004207832
1014,d134_u0,neutral,train,134,0,bc,3,1,1,0,0,0,1,1,0,ok,"{""sentences"": [""I hear you."", ""We can pause here for a moment.""], ""safety"": ""ok""}",1,2176,0.8148999995682971,0.0017000002117129043,0.00019999970390927047,0.011500000255182385,0.004300000000512227,0.8372000002054847
1015,d135_u0,neutral,train,135,0,bc,3,1,1,0,0,0,1,1,0,ok,"{""sentences"": [""I hear you."", ""We can pause here for a moment.""], ""safety"": ""ok""}",1,2176,0.8187000003090361,0.001499999598308932,0.00030000046535860747,0.011099999937869143,0.004600000465870835,0.8404000000155065
1016,d135_u1,neutral,train,135,1,bc,3,1,1,0,0,0,1,1,0,ok,"{""sentences"": [""I hear you."", ""We can pause here for a moment.""], ""safety"": ""ok""}",1,2176,0.7873999993535108,0.0015000005078036338,0.0002999995558639057,0.01140000040322775,0.0045000006139162,0.8093000005828799
1017,d135_u2,neutral,train,135,2,bc,3,1,1,0,0,0,1,1,0,ok,"{""sentences"": [""I hear you."", ""We can pause here for a moment.""], ""safety"": ""ok""}",1,2176,0.8009999992282246,0.0015999994502635673,0.00019999970390927047,0.010799999472510535,0.004399999852466863,0.8224000002883258
1018,d135_u4,neutral,train,135,4,bc,3,1,1,0,0,0,1,1,0,ok,"{""sentences"": [""I hear you."", ""We can pause here for a moment.""], ""safety"": ""ok""}",1,2176,0.759499999730906,0.0018999999156221747,0.00030000046535860747,0.013099999705445953,0.005099999725644011,0.7850999991205754
1019,d135_u5,neutral,train,135,5,bc,3,1,1,0,0,0,1,1,0,ok,"{""sentences"": [""I hear you."", ""We can pause here for a moment.""], ""safety"": ""ok""}",1,2176,0.9313000000474858,0.0015999994502635673,0.00020000061340397224,0.011000000085914508,0.004200000148557592,0.9526999992885976
1020,d135_u6,neutral,train,135,6,bc,3,1,1,0,0,0,1,1,0,ok,"{""sentences"": [""I hear you."", ""We can pause here for a moment.""], ""safety"": ""ok""}",1,2176,0.9854999998424319,0.0018999999156221747,0.00019999970390927047,0.012799999240087345,0.004900000021734741,1.010599999972328
1021,d135_u7,neutral,train,135,7,bc,3,1,1,0,0,0,1,1,0,ok,"{""sentences"": [""I hear you."", ""We can pause here for a moment.""], ""safety"": ""ok""}",1,2176,0.8474000005662674,0.0018000000636675395,0.00019999970390927047,0.01140000040322775,0.004699999408330768,0.8701000006112736
1022,d135_u8,neutral,train,135,8,bc,3,1,1,0,0,0,1,1,0,ok,"{""sentences"": [""I hear you."", ""We can pause here for a moment.""], ""safety"": ""ok""}",1,2176,0.7200000000011642,0.0017000002117129043,0.00019999970390927047,0.01089999932446517,0.004300000000512227,0.7415999998556799
1023,d136_u0,neutral,train,136,0,bc,3,1,1,0,0,0,1,1,0,ok,"{""sentences"": [""I hear you."", ""We can pause here for a moment.""], ""safety"": ""ok""}",1,2176,0.7209999994302052,0.001600000359758269,0.00019999970390927047,0.011000000085914508,0.004200000148557592,0.742500000342261
1024,d136_u1,neutral,train,136,1,bc,3,1,1,0,0,0,1,1,0,ok,"{""sentences"": [""I hear you."", ""We can pause here for a moment.""], ""safety"": ""ok""}",1,2176,0.7464999998774147,0.001600000359758269,0.00020000061340397224,0.011000000085914508,0.004399999852466863,0.7679999998799758
1025,d136_u4,neutral,train,136,4,bc,3,1,1,0,0,0,1,1,0,ok,"{""sentences"": [""I hear you."", ""We can pause here for a moment.""], ""safety"": ""ok""}",1,2176,0.7585000003018649,0.001600000359758269,0.00019999970390927047,0.011000000085914508,0.004499999704421498,0.7803999997122446
1026,d136_u5,neutral,train,136,5,bc,3,1,1,0,0,0,1,1,0,ok,"{""sentences"": [""I hear you."", ""We can pause here for a moment.""], ""safety"": ""ok""}",1,2176,0.7462000003215508,0.0015999994502635673,0.00020000061340397224,0.011199999789823778,0.004300000000512227,0.7679000000280212
1027,d137_u0,neutral,train,137,0,bc,3,1,1,0,0,0,1,1,0,ok,"{""sentences"": [""I hear you."", ""We can pause here for a moment.""], ""safety"": ""ok""}",1,2176,0.9131999995588558,0.0018000000636675395,0.0002999995558639057,0.012399999832268804,0.00470000031782547,0.937000000703847
1028,d137_u1,neutral,train,137,1,bc,3,1,1,0,0,0,1,1,0,ok,"{""sentences"": [""I hear you."", ""We can pause here for a moment.""], ""safety"": ""ok""}",1,2176,0.9710000003906316,0.0018000000636675395,0.00030000046535860747,0.012600000445672777,0.026400000024295878,1.0169999995923718
1029,d137_u2,neutral,train,137,2,bc,3,1,1,0,0,0,1,1,0,ok,"{""sentences"": [""I hear you."", ""We can pause here for a moment.""], ""safety"": ""ok""}",1,2176,1.2461999995139195,0.0018999999156221747,0.00019999970390927047,0.011499999345687684,0.004399999852466863,1.269000000320375
1030,d137_u3,neutral,train,137,3,bc,3,1,1,0,0,0,1,1,0,ok,"{""sentences"": [""I hear you."", ""We can pause here for a moment.""], ""safety"": ""ok""}",1,2176,0.8797999998932937,0.001600000359758269,0.00019999970390927047,0.011000000085914508,0.004499999704421498,0.9015999994517188
1031,d137_u4,happy,train,137,4,bc,3,1,1,0,0,0,1,1,0,ok,"{""sentences"": [""I hear you."", ""We can pause here for a moment.""], ""safety"": ""ok""}",1,2176,0.8106000004772795,0.001499999598308932,0.00020000061340397224,0.011199999789823778,0.004300000000512227,0.8322000003317953
1032,d137_u5,neutral,train,137,5,bc,3,1,1,0,0,0,1,1,0,ok,"{""sentences"": [""I hear you."", ""We can pause here for a moment.""], ""safety"": ""ok""}",1,2176,0.9405000000697328,0.0017000002117129043,0.00020000061340397224,0.011799999811046291,0.004699999408330768,0.9637000002840068
1033,d137_u6,happy,train,137,6,bc,3,1,1,0,0,0,1,1,0,ok,"{""sentences"": [""I hear you."", ""We can pause here for a moment.""], ""safety"": ""ok""}",1,2176,0.876300000527408,0.0015999994502635673,0.00020000061340397224,0.011000000085914508,0.004200000148557592,0.8975999999165651
1034,d137_u7,neutral,train,137,7,bc,3,1,1,0,0,0,1,1,0,ok,"{""sentences"": [""I hear you."", ""We can pause here for a moment.""], ""safety"": ""ok""}",1,2176,0.7117000004654983,0.001499999598308932,0.00020000061340397224,0.010700000530050602,0.004499999704421498,0.7331999995585647
1035,d138_u0,angry,train,138,0,bc,3,1,1,0,0,0,1,1,0,ok,"{""sentences"": [""I hear you."", ""We can pause here for a moment.""], ""safety"": ""ok""}",1,2176,0.7349999996222323,0.0013999997463542968,0.00019999970390927047,0.01089999932446517,0.004399999852466863,0.7562999999208841
1036,d138_u1,angry,train,138,1,bc,3,1,1,0,0,0,1,1,0,ok,"{""sentences"": [""I hear you."", ""We can pause here for a moment.""], ""safety"": ""ok""}",1,2176,1.087300000108371,0.001499999598308932,0.00020000061340397224,0.011899999663000926,0.004999999873689376,1.110299999709241
1037,d138_u2,happy,train,138,2,bc,3,1,1,0,0,0,1,1,0,ok,"{""sentences"": [""I hear you."", ""We can pause here for a moment.""], ""safety"": ""ok""}",1,2176,0.8845000002111192,0.0015999994502635673,0.00020000061340397224,0.012000000424450263,0.004399999852466863,0.9071999993466306
1038,d138_u3,angry,train,138,3,bc,3,1,1,0,0,0,1,1,0,ok,"{""sentences"": [""I hear you."", ""We can pause here for a moment.""], ""safety"": ""ok""}",1,2176,0.8611000002929359,0.001600000359758269,0.00019999970390927047,0.011099999937869143,0.026499999876250513,0.9049999998751446
1039,d138_u7,neutral,train,138,7,bc,3,1,1,0,0,0,1,1,0,ok,"{""sentences"": [""I hear you."", ""We can pause here for a moment.""], ""safety"": ""ok""}",1,2176,0.734599999304919,0.0013999997463542968,0.00020000061340397224,0.011199999789823778,0.004400000761961564,0.7563999997728388
1040,d138_u8,neutral,train,138,8,bc,3,1,1,0,0,0,1,1,0,ok,"{""sentences"": [""I hear you."", ""We can pause here for a moment.""], ""safety"": ""ok""}",1,2176,0.7491999995181686,0.001600000359758269,0.0002999995558639057,0.011299999641778413,0.004399999852466863,0.7712000005994923
1041,d138_u9,neutral,train,138,9,bc,3,1,1,0,0,0,1,1,0,ok,"{""sentences"": [""I hear you."", ""We can pause here for a moment.""], ""safety"": ""ok""}",1,2176,0.7236000001284992,0.001600000359758269,0.00019999970390927047,0.010799999472510535,0.004200000148557592,0.7446999998137471
1042,d138_u10,happy,train,138,10,bc,3,1,1,0,0,0,1,1,0,ok,"{""sentences"": [""I hear you."", ""We can pause here for a moment.""], ""safety"": ""ok""}",1,2176,0.6972000001042034,0.001499999598308932,0.00020000061340397224,0.010800000382005237,0.004300000000512227,0.7182999997894512
1043,d138_u11,angry,train,138,11,bc,3,1,1,0,0,0,1,1,0,ok,"{""sentences"": [""I hear you."", ""We can pause here for a moment.""], ""safety"": ""ok""}",1,2176,1.1010999996869941,0.0018999999156221747,0.00019999970390927047,0.013199999557400588,0.004600000465870835,1.1255999997956678
1044,d138_u12,neutral,train,138,12,bc,3,1,1,0,0,0,1,1,0,ok,"{""sentences"": [""I hear you."", ""We can pause here for a moment.""], ""safety"": ""ok""}",1,2176,1.1636999997790554,0.0017000002117129043,0.0002999995558639057,0.012800000149582047,0.004900000021734741,1.1885000003530877
1045,d138_u14,neutral,train,138,14,bc,3,1,1,0,0,0,1,1,0,ok,"{""sentences"": [""I hear you."", ""We can pause here for a moment.""], ""safety"": ""ok""}",1,2176,0.8372999991479446,0.0015999994502635673,0.00019999970390927047,0.011500000255182385,0.0045000006139162,0.8597000005465816
1046,d138_u15,angry,train,138,15,bc,3,1,1,0,0,0,1,1,0,ok,"{""sentences"": [""I hear you."", ""We can pause here for a moment.""], ""safety"": ""ok""}",1,2176,0.937099999646307,0.0017000002117129043,0.00020000061340397224,0.01160000010713702,0.004300000000512227,0.9594999992259545
1047,d139_u0,neutral,train,139,0,bc,3,1,1,0,0,0,1,1,0,ok,"{""sentences"": [""I hear you."", ""We can pause here for a moment.""], ""safety"": ""ok""}",1,2176,0.7301000005099922,0.001499999598308932,0.00020000061340397224,0.010599999768601265,0.004300000000512227,0.7512000001952401
1048,d139_u1,neutral,train,139,1,bc,3,1,1,0,0,0,1,1,0,ok,"{""sentences"": [""I hear you."", ""We can pause here for a moment.""], ""safety"": ""ok""}",1,2176,0.697500000569562,0.001499999598308932,0.00019999970390927047,0.010799999472510535,0.004200000148557592,0.7185000004028552
1049,d139_u2,angry,train,139,2,bc,3,1,1,0,0,0,1,1,0,ok,"{""sentences"": [""I hear you."", ""We can pause here for a moment.""], ""safety"": ""ok""}",1,2176,0.6938000005902722,0.0013999997463542968,0.00019999970390927047,0.010800000382005237,0.004499999704421498,0.7150999999794294
1050,d139_u3,happy,train,139,3,bc,3,1,1,0,0,0,1,1,0,ok,"{""sentences"": [""I hear you."", ""We can pause here for a moment.""], ""safety"": ""ok""}",1,2176,0.7046999999147374,0.001499999598308932,0.00020000061340397224,0.010900000233959872,0.004300000000512227,0.7261000000653439
1051,d139_u5,happy,train,139,5,bc,3,1,1,0,0,0,1,1,0,ok,"{""sentences"": [""I hear you."", ""We can pause here for a moment.""], ""safety"": ""ok""}",1,2176,0.6973999998081126,0.001600000359758269,0.00019999970390927047,0.010700000530050602,0.004200000148557592,0.7182999997894512
1052,d140_u0,neutral,train,140,0,bc,3,1,1,0,0,0,1,1,0,ok,"{""sentences"": [""I hear you."", ""We can pause here for a moment.""], ""safety"": ""ok""}",1,2176,0.9234999997715931,0.0016999993022182025,0.00019999970390927047,0.012099999366910197,0.004600000465870835,0.9468999996897765
1053,d140_u1,neutral,train,140,1,bc,3,1,1,0,0,0,1,1,0,ok,"{""sentences"": [""I hear you."", ""We can pause here for a moment.""], ""safety"": ""ok""}",1,2176,0.7772999997541774,0.0015000005078036338,0.00019999970390927047,0.011299999641778413,0.004400000761961564,0.7994000006874558
1054,d141_u0,neutral,train,141,0,bc,3,1,1,0,0,0,1,1,0,ok,"{""sentences"": [""I hear you."", ""We can pause here for a moment.""], ""safety"": ""ok""}",1,2176,0.7749000005787821,0.0015999994502635673,0.00030000046535860747,0.010800000382005237,0.004200000148557592,0.7961000001159846
1055,d141_u1,neutral,train,141,1,bc,3,1,1,0,0,0,1,1,0,ok,"{""sentences"": [""I hear you."", ""We can pause here for a moment.""], ""safety"": ""ok""}",1,2176,0.7322999999814783,0.0017000002117129043,0.00019999970390927047,0.01269999938813271,0.005000000783184078,0.7569999997940613
1056,d141_u2,neutral,train,141,2,bc,3,1,1,0,0,0,1,1,0,ok,"{""sentences"": [""I hear you."", ""We can pause here for a moment.""], ""safety"": ""ok""}",1,2176,1.7620999997234321,0.001499999598308932,0.00020000061340397224,0.011299999641778413,0.0045000006139162,1.7840999998952611
1057,d141_u3,neutral,train,141,3,bc,3,1,1,0,0,0,1,1,0,ok,"{""sentences"": [""I hear you."", ""We can pause here for a moment.""], ""safety"": ""ok""}",1,2176,0.7338999994317419,0.001499999598308932,0.00019999970390927047,0.01089999932446517,0.004499999704421498,0.7552999995823484
1058,d141_u4,neutral,train,141,4,bc,3,1,1,0,0,0,1,1,0,ok,"{""sentences"": [""I hear you."", ""We can pause here for a moment.""], ""safety"": ""ok""}",1,2176,0.6963999994695769,0.001499999598308932,0.00019999970390927047,0.010799999472510535,0.004300000000512227,0.7176999997682287
1059,d141_u5,neutral,train,141,5,bc,3,1,1,0,0,0,1,1,0,ok,"{""sentences"": [""I hear you."", ""We can pause here for a moment.""], ""safety"": ""ok""}",1,2176,0.7522000005337759,0.001600000359758269,0.00020000061340397224,0.012200000128359534,0.004800000169780105,0.7758000001558685
1060,d141_u6,neutral,train,141,6,bc,3,1,1,0,0,0,1,1,0,ok,"{""sentences"": [""I hear you."", ""We can pause here for a moment.""], ""safety"": ""ok""}",1,2176,1.1593999997785431,0.002200000380980782,0.00019999970390927047,0.013699999726668466,0.023999999939405825,1.2049000006300048
1061,d141_u7,neutral,train,141,7,bc,3,1,1,0,0,0,1,1,0,ok,"{""sentences"": [""I hear you."", ""We can pause here for a moment.""], ""safety"": ""ok""}",1,2176,0.9450999996261089,0.0017000002117129043,0.00019999970390927047,0.01160000010713702,0.004599999556376133,0.9679999993750243
1062,d142_u0,neutral,train,142,0,bc,3,1,1,0,0,0,1,1,0,ok,"{""sentences"": [""I hear you."", ""We can pause here for a moment.""], ""safety"": ""ok""}",1,2176,0.7244000007631257,0.001499999598308932,0.00020000061340397224,0.010800000382005237,0.004499999704421498,0.7460000006176415
1063,d142_u1,happy,train,142,1,bc,3,1,1,0,0,0,1,1,0,ok,"{""sentences"": [""I hear you."", ""We can pause here for a moment.""], ""safety"": ""ok""}",1,2176,0.708900000063295,0.0015000005078036338,0.00019999970390927047,0.010799999472510535,0.004200000148557592,0.7301000005099922
1064,d143_u0,neutral,train,143,0,bc,3,1,1,0,0,0,1,1,0,ok,"{""sentences"": [""I hear you."", ""We can pause here for a moment.""], ""safety"": ""ok""}",1,2176,0.7027000001471606,0.0013999997463542968,0.00020000061340397224,0.010800000382005237,0.004200000148557592,0.7238999996843631
1065,d143_u1,neutral,train,143,1,bc,3,1,1,0,0,0,1,1,0,ok,"{""sentences"": [""I hear you."", ""We can pause here for a moment.""], ""safety"": ""ok""}",1,2176,0.7024999995337566,0.0015000005078036338,0.00019999970390927047,0.010600000678095967,0.004200000148557592,0.7232999996631406
1066,d143_u2,sad,train,143,2,bc,3,1,1,0,0,0,1,1,0,ok,"{""sentences"": [""I hear you."", ""We can pause here for a moment.""], ""safety"": ""ok""}",1,2176,0.7116000006135437,0.001499999598308932,0.00019999970390927047,0.011000000085914508,0.004300000000512227,0.7329000000027008
1067,d143_u3,happy,train,143,3,bc,3,1,1,0,0,0,1,1,0,ok,"{""sentences"": [""I hear you."", ""We can pause here for a moment.""], ""safety"": ""ok""}",1,2176,0.7194999998318963,0.0015000005078036338,0.00020000061340397224,0.010599999768601265,0.004300000000512227,0.7402999999612803
1068,d143_u4,neutral,train,143,4,bc,3,1,1,0,0,0,1,1,0,ok,"{""sentences"": [""I hear you."", ""We can pause here for a moment.""], ""safety"": ""ok""}",1,2176,0.999200000478595,0.0015999994502635673,0.0002999995558639057,0.012200000128359534,0.01869999960035784,1.037200000610028
1069,d144_u0,neutral,train,144,0,bc,3,1,1,0,0,0,1,1,0,ok,"{""sentences"": [""I hear you."", ""We can pause here for a moment.""], ""safety"": ""ok""}",1,2176,0.7933999995657359,0.001600000359758269,0.00019999970390927047,0.011000000085914508,0.004499999704421498,0.8152999998856103
1070,d144_u1,neutral,train,144,1,bc,3,1,1,0,0,0,1,1,0,ok,"{""sentences"": [""I hear you."", ""We can pause here for a moment.""], ""safety"": ""ok""}",1,2176,0.7005000006756745,0.0013999997463542968,0.0002999995558639057,0.010799999472510535,0.004300000000512227,0.7216000003609224
1071,d144_u2,neutral,train,144,2,bc,3,1,1,0,0,0,1,1,0,ok,"{""sentences"": [""I hear you."", ""We can pause here for a moment.""], ""safety"": ""ok""}",1,2176,0.706200000422541,0.001499999598308932,0.00019999970390927047,0.010700000530050602,0.004100000296602957,0.7272000002558343
1072,d144_u3,neutral,train,144,3,bc,3,1,1,0,0,0,1,1,0,ok,"{""sentences"": [""I hear you."", ""We can pause here for a moment.""], ""safety"": ""ok""}",1,2176,0.7180000002335873,0.0014000006558489986,0.00019999970390927047,0.010900000233959872,0.004100000296602957,0.7390000000668806
1073,d144_u5,happy,train,144,5,bc,3,1,1,0,0,0,1,1,0,ok,"{""sentences"": [""I hear you."", ""We can pause here for a moment.""], ""safety"": ""ok""}",1,2176,0.696099999913713,0.007900000127847306,0.00019999970390927047,0.011099999937869143,0.004300000000512227,0.7240999993882724
1074,d145_u1,neutral,train,145,1,bc,3,1,1,0,0,0,1,1,0,ok,"{""sentences"": [""I hear you."", ""We can pause here for a moment.""], ""safety"": ""ok""}",1,2176,0.8237000001827255,0.00199999976757681,0.0002999995558639057,0.02919999951700447,0.004699999408330768,0.8649000001241802
1075,d145_u2,angry,train,145,2,bc,3,1,1,0,0,0,1,1,0,ok,"{""sentences"": [""I hear you."", ""We can pause here for a moment.""], ""safety"": ""ok""}",1,2176,0.807399999757763,0.0017000002117129043,0.00020000061340397224,0.011799999811046291,0.004699999408330768,0.8304999992105877
1076,d145_u3,neutral,train,145,3,bc,3,1,1,0,0,0,1,1,0,ok,"{""sentences"": [""I hear you."", ""We can pause here for a moment.""], ""safety"": ""ok""}",1,2176,1.0377999997217557,0.001499999598308932,0.00020000061340397224,0.034300000152143184,0.00470000031782547,1.0829000002559042
1077,d145_u6,angry,train,145,6,bc,3,1,1,0,0,0,1,1,0,ok,"{""sentences"": [""I hear you."", ""We can pause here for a moment.""], ""safety"": ""ok""}",1,2176,0.9912000004987931,0.001499999598308932,0.00019999970390927047,0.011099999937869143,0.004399999852466863,1.0129000002052635
1078,d145_u8,angry,train,145,8,bc,3,1,1,0,0,0,1,1,0,ok,"{""sentences"": [""I hear you."", ""We can pause here for a moment.""], ""safety"": ""ok""}",1,2176,0.8301000007122639,0.001499999598308932,0.00020000061340397224,0.010900000233959872,0.004300000000512227,0.8515999998053303
1079,d145_u12,angry,train,145,12,bc,3,1,1,0,0,0,1,1,0,ok,"{""sentences"": [""I hear you."", ""We can pause here for a moment.""], ""safety"": ""ok""}",1,2176,0.6978000001254259,0.0015000005078036338,0.00019999970390927047,0.01089999932446517,0.004300000000512227,0.7191000004240777
1080,d145_u13,angry,train,145,13,bc,3,1,1,0,0,0,1,1,0,ok,"{""sentences"": [""I hear you."", ""We can pause here for a moment.""], ""safety"": ""ok""}",1,2176,0.706299999365001,0.0014000006558489986,0.00019999970390927047,0.010800000382005237,0.004300000000512227,0.7273999999597436
1081,d145_u14,happy,train,145,14,bc,3,1,1,0,0,0,1,1,0,ok,"{""sentences"": [""I hear you."", ""We can pause here for a moment.""], ""safety"": ""ok""}",1,2176,0.7013000004008063,0.0015999994502635673,0.00020000061340397224,0.010599999768601265,0.004200000148557592,0.7224000000860542
1082,d145_u17,neutral,train,145,17,bc,3,1,1,0,0,0,1,1,0,ok,"{""sentences"": [""I hear you."", ""We can pause here for a moment.""], ""safety"": ""ok""}",1,2176,0.6956000006539398,0.001499999598308932,0.00020000061340397224,0.010800000382005237,0.004200000148557592,0.716600000487233
1083,d146_u0,neutral,train,146,0,bc,3,1,1,0,0,0,1,1,0,ok,"{""sentences"": [""I hear you."", ""We can pause here for a moment.""], ""safety"": ""ok""}",1,2176,0.7532000008723116,0.001499999598308932,0.00019999970390927047,0.0106999996205559,0.00419999923906289,0.7743000005575595
1084,d146_u1,sad,train,146,1,bc,3,1,1,0,0,0,1,1,0,ok,"{""sentences"": [""I hear you."", ""We can pause here for a moment.""], ""safety"": ""ok""}",1,2176,0.6991999998717802,0.001499999598308932,0.00019999970390927047,0.010599999768601265,0.004200000148557592,0.7204000003184774
1085,d146_u2,neutral,train,146,2,bc,3,1,1,0,0,0,1,1,0,ok,"{""sentences"": [""I hear you."", ""We can pause here for a moment.""], ""safety"": ""ok""}",1,2176,1.0591999998723622,0.00199999976757681,0.00030000046535860747,0.011500000255182385,0.004800000169780105,1.0824000000866363
1086,d146_u3,angry,train,146,3,bc,3,1,1,0,0,0,1,1,0,ok,"{""sentences"": [""I hear you."", ""We can pause here for a moment.""], ""safety"": ""ok""}",1,2176,0.7913999997981591,0.0015000005078036338,0.00019999970390927047,0.01089999932446517,0.004300000000512227,0.8126000002448563
1087,d146_u4,neutral,train,146,4,bc,3,1,1,0,0,0,1,1,0,ok,"{""sentences"": [""I hear you."", ""We can pause here for a moment.""], ""safety"": ""ok""}",1,2176,0.7048000006761868,0.001499999598308932,0.00019999970390927047,0.0106999996205559,0.004300000000512227,0.7257999995999853
1088,d146_u5,neutral,train,146,5,bc,3,1,1,0,0,0,1,1,0,ok,"{""sentences"": [""I hear you."", ""We can pause here for a moment.""], ""safety"": ""ok""}",1,2176,0.7049000005281414,0.001499999598308932,0.00020000061340397224,0.010800000382005237,0.004200000148557592,0.7261000000653439
1089,d146_u6,neutral,train,146,6,bc,3,1,1,0,0,0,1,1,0,ok,"{""sentences"": [""I hear you."", ""We can pause here for a moment.""], ""safety"": ""ok""}",1,2176,0.695899999300309,0.0014000006558489986,0.00019999970390927047,0.010800000382005237,0.004300000000512227,0.7170999997470062
1090,d146_u7,neutral,train,146,7,bc,3,1,1,0,0,0,1,1,0,ok,"{""sentences"": [""I hear you."", ""We can pause here for a moment.""], ""safety"": ""ok""}",1,2176,0.7324999996853876,0.001600000359758269,0.00019999970390927047,0.010799999472510535,0.004300000000512227,0.7537000001320848
1091,d146_u8,neutral,train,146,8,bc,3,1,1,0,0,0,1,1,0,ok,"{""sentences"": [""I hear you."", ""We can pause here for a moment.""], ""safety"": ""ok""}",1,2176,0.7107999999789172,0.0013999997463542968,0.00019999970390927047,0.01089999932446517,0.00419999923906289,0.7318000007217051
1092,d146_u9,sad,train,146,9,bc,3,1,1,0,0,0,1,1,0,ok,"{""sentences"": [""I hear you."", ""We can pause here for a moment.""], ""safety"": ""ok""}",1,2176,0.7055000005493639,0.001499999598308932,0.00019999970390927047,0.0106999996205559,0.00419999923906289,0.7264000005307025
1093,d146_u10,sad,train,146,10,bc,3,1,1,0,0,0,1,1,0,ok,"{""sentences"": [""I hear you."", ""We can pause here for a moment.""], ""safety"": ""ok""}",1,2176,0.7086000005074311,0.001499999598308932,0.00020000061340397224,0.0106999996205559,0.004300000000512227,0.7296000003407244
1094,d146_u11,sad,train,146,11,bc,3,1,1,0,0,0,1,1,0,ok,"{""sentences"": [""I hear you."", ""We can pause here for a moment.""], ""safety"": ""ok""}",1,2176,0.9934000008797739,0.0017999991541728377,0.00019999970390927047,0.011699999959091656,0.004599999556376133,1.01619999986724
1095,d146_u12,sad,train,146,12,bc,3,1,1,0,0,0,1,1,0,ok,"{""sentences"": [""I hear you."", ""We can pause here for a moment.""], ""safety"": ""ok""}",1,2176,0.8052000002862769,0.001600000359758269,0.00019999970390927047,0.011399999493733048,0.004200000148557592,0.826999999844702
1096,d147_u0,neutral,train,147,0,bc,3,1,1,0,0,0,1,1,0,ok,"{""sentences"": [""I hear you."", ""We can pause here for a moment.""], ""safety"": ""ok""}",1,2176,0.7063000002744957,0.0015000005078036338,0.00019999970390927047,0.010900000233959872,0.004100000296602957,0.7275999996636529
1097,d147_u1,neutral,train,147,1,bc,3,1,1,0,0,0,1,1,0,ok,"{""sentences"": [""I hear you."", ""We can pause here for a moment.""], ""safety"": ""ok""}",1,2176,0.6967999997868901,0.001499999598308932,0.00020000061340397224,0.010600000678095967,0.004300000000512227,0.7176999997682287
1098,d147_u2,neutral,train,147,2,bc,3,1,1,0,0,0,1,1,0,ok,"{""sentences"": [""I hear you."", ""We can pause here for a moment.""], ""safety"": ""ok""}",1,2176,0.7116999995560036,0.001600000359758269,0.00019999970390927047,0.01089999932446517,0.00419999923906289,0.7330000007641502
1099,d147_u3,happy,train,147,3,bc,3,1,1,0,0,0,1,1,0,ok,"{""sentences"": [""I hear you."", ""We can pause here for a moment.""], ""safety"": ""ok""}",1,2176,0.6954999998924905,0.001499999598308932,0.00020000061340397224,0.0106999996205559,0.00419999923906289,0.7167000003391877
1100,d147_u5,happy,train,147,5,bc,3,1,1,0,0,0,1,1,0,ok,"{""sentences"": [""I hear you."", ""We can pause here for a moment.""], ""safety"": ""ok""}",1,2176,0.6951999994271318,0.0015000005078036338,9.999985195463523e-05,0.010800000382005237,0.004200000148557592,0.7163000000218744
1101,d147_u9,neutral,train,147,9,bc,3,1,1,0,0,0,1,1,0,ok,"{""sentences"": [""I hear you."", ""We can pause here for a moment.""], ""safety"": ""ok""}",1,2176,0.7685999999011983,0.0015000005078036338,0.00019999970390927047,0.010999999176419806,0.00419999923906289,0.7899000001998502
1102,d147_u10,neutral,train,147,10,bc,3,1,1,0,0,0,1,1,0,ok,"{""sentences"": [""I hear you."", ""We can pause here for a moment.""], ""safety"": ""ok""}",1,2176,0.698700000612007,0.001499999598308932,0.00030000046535860747,0.0106999996205559,0.004300000000512227,0.7198000002972549
1103,d147_u11,angry,train,147,11,bc,3,1,1,0,0,0,1,1,0,ok,"{""sentences"": [""I hear you."", ""We can pause here for a moment.""], ""safety"": ""ok""}",1,2176,1.0061000002679066,0.0015000005078036338,0.00019999970390927047,0.011500000255182385,0.004200000148557592,1.0282000002916902
1104,d148_u0,angry,train,148,0,bc,3,1,1,0,0,0,1,1,0,ok,"{""sentences"": [""I hear you."", ""We can pause here for a moment.""], ""safety"": ""ok""}",1,2176,0.7654000000911765,0.0015000005078036338,0.00019999970390927047,0.010900000233959872,0.004200000148557592,0.7866000005378737
1105,d148_u1,neutral,train,148,1,bc,3,1,1,0,0,0,1,1,0,ok,"{""sentences"": [""I hear you."", ""We can pause here for a moment.""], ""safety"": ""ok""}",1,2176,0.715199999831384,0.001499999598308932,0.0002999995558639057,0.010799999472510535,0.004200000148557592,0.7361999996646773
1106,d148_u2,angry,train,148,2,bc,3,1,1,0,0,0,1,1,0,ok,"{""sentences"": [""I hear you."", ""We can pause here for a moment.""], ""safety"": ""ok""}",1,2176,0.7059999998091371,0.0013999997463542968,0.00019999970390927047,0.011000000085914508,0.004200000148557592,0.727300000107789
1107,d148_u3,angry,train,148,3,bc,3,1,1,0,0,0,1,1,0,ok,"{""sentences"": [""I hear you."", ""We can pause here for a moment.""], ""safety"": ""ok""}",1,2176,0.6980999996812898,0.001499999598308932,0.00019999970390927047,0.010799999472510535,0.004399999852466863,0.7193999999799416
1108,d148_u4,angry,train,148,4,bc,3,1,1,0,0,0,1,1,0,ok,"{""sentences"": [""I hear you."", ""We can pause here for a moment.""], ""safety"": ""ok""}",1,2176,0.6948999998712679,0.001499999598308932,0.00020000061340397224,0.010800000382005237,0.004300000000512227,0.7163000000218744
1109,d148_u7,neutral,train,148,7,bc,3,1,1,0,0,0,1,1,0,ok,"{""sentences"": [""I hear you."", ""We can pause here for a moment.""], ""safety"": ""ok""}",1,2176,0.7302999993044068,0.001499999598308932,9.999985195463523e-05,0.010799999472510535,0.004300000000512227,0.7515000006605987
1110,d148_u8,neutral,train,148,8,bc,3,1,1,0,0,0,1,1,0,ok,"{""sentences"": [""I hear you."", ""We can pause here for a moment.""], ""safety"": ""ok""}",1,2176,0.7015000001047156,0.0015999994502635673,0.00020000061340397224,0.010599999768601265,0.004300000000512227,0.7227000005514128
1111,d148_u9,neutral,train,148,9,bc,3,1,1,0,0,0,1,1,0,ok,"{""sentences"": [""I hear you."", ""We can pause here for a moment.""], ""safety"": ""ok""}",1,2176,0.6945000004634494,0.001499999598308932,0.00019999970390927047,0.0106999996205559,0.004300000000512227,0.7157000000006519
1112,d148_u10,neutral,train,148,10,bc,3,1,1,0,0,0,1,1,0,ok,"{""sentences"": [""I hear you."", ""We can pause here for a moment.""], ""safety"": ""ok""}",1,2176,1.1385999996491591,0.001600000359758269,0.00019999970390927047,0.011599999197642319,0.00419999923906289,1.1604999999690335
1113,d148_u11,neutral,train,148,11,bc,3,1,1,0,0,0,1,1,0,ok,"{""sentences"": [""I hear you."", ""We can pause here for a moment.""], ""safety"": ""ok""}",1,2176,0.7019000004220288,0.001600000359758269,9.999985195463523e-05,0.010900000233959872,0.004099999387108255,0.7233000005726353
1114,d148_u12,neutral,train,148,12,bc,3,1,1,0,0,0,1,1,0,ok,"{""sentences"": [""I hear you."", ""We can pause here for a moment.""], ""safety"": ""ok""}",1,2176,0.7634000003235997,0.0017000002117129043,0.00019999970390927047,0.01089999932446517,0.004399999852466863,0.7992999999260064
1115,d148_u14,neutral,train,148,14,bc,3,1,1,0,0,0,1,1,0,ok,"{""sentences"": [""I hear you."", ""We can pause here for a moment.""], ""safety"": ""ok""}",1,2176,0.7004999997661798,0.001499999598308932,0.00019999970390927047,0.010700000530050602,0.004300000000512227,0.7216000003609224
1116,d148_u16,neutral,train,148,16,bc,3,1,1,0,0,0,1,1,0,ok,"{""sentences"": [""I hear you."", ""We can pause here for a moment.""], ""safety"": ""ok""}",1,2176,0.704799999766692,0.0015000005078036338,0.00019999970390927047,0.0106999996205559,0.004200000148557592,0.72589999945194
1117,d148_u17,angry,train,148,17,bc,3,1,1,0,0,0,1,1,0,ok,"{""sentences"": [""I hear you."", ""We can pause here for a moment.""], ""safety"": ""ok""}",1,2176,0.7152999996833387,0.0015000005078036338,0.00019999970390927047,0.0106999996205559,0.004100000296602957,0.7362999995166319
1118,d148_u18,angry,train,148,18,bc,3,1,1,0,0,0,1,1,0,ok,"{""sentences"": [""I hear you."", ""We can pause here for a moment.""], ""safety"": ""ok""}",1,2176,0.6978000001254259,0.001600000359758269,0.00020000061340397224,0.010599999768601265,0.004099999387108255,0.7187000001067645
1119,d148_u19,sad,train,148,19,bc,3,1,1,0,0,0,1,1,0,ok,"{""sentences"": [""I hear you."", ""We can pause here for a moment.""], ""safety"": ""ok""}",1,2176,0.7150999999794294,0.0013999997463542968,0.00019999970390927047,0.010799999472510535,0.004300000000512227,0.7364000002780813
1120,d148_u20,sad,train,148,20,bc,3,1,1,0,0,0,1,1,0,ok,"{""sentences"": [""I hear you."", ""We can pause here for a moment.""], ""safety"": ""ok""}",1,2176,0.6954999998924905,0.001499999598308932,0.00019999970390927047,0.010799999472510535,0.004399999852466863,0.7167000003391877
1121,d149_u0,sad,train,149,0,bc,3,1,1,0,0,0,1,1,0,ok,"{""sentences"": [""I hear you."", ""We can pause here for a moment.""], ""safety"": ""ok""}",1,2176,1.010899999528192,0.0015000005078036338,0.00020000061340397224,0.019400000383029692,0.004599999556376133,1.0413999998490908
1122,d149_u1,neutral,train,149,1,bc,3,1,1,0,0,0,1,1,0,ok,"{""sentences"": [""I hear you."", ""We can pause here for a moment.""], ""safety"": ""ok""}",1,2176,0.761899999815796,0.001499999598308932,0.00020000061340397224,0.010900000233959872,0.004300000000512227,0.7834000007278519
1123,d149_u2,neutral,train,149,2,bc,3,1,1,0,0,0,1,1,0,ok,"{""sentences"": [""I hear you."", ""We can pause here for a moment.""], ""safety"": ""ok""}",1,2176,0.6967999997868901,0.0015000005078036338,0.00019999970390927047,0.0106999996205559,0.004100000296602957,0.717899999472138
1124,d149_u3,happy,train,149,3,bc,3,1,1,0,0,0,1,1,0,ok,"{""sentences"": [""I hear you."", ""We can pause here for a moment.""], ""safety"": ""ok""}",1,2176,0.7040999998935149,0.0015000005078036338,0.00019999970390927047,0.010799999472510535,0.004200000148557592,0.7252999994307174
1125,d150_u1,neutral,train,150,1,bc,3,1,1,0,0,0,1,1,0,ok,"{""sentences"": [""I hear you."", ""We can pause here for a moment.""], ""safety"": ""ok""}",1,2176,0.7017999996605795,0.001600000359758269,0.00019999970390927047,0.010799999472510535,0.00419999923906289,0.7230999999592314
1126,d150_u2,angry,train,150,2,bc,3,1,1,0,0,0,1,1,0,ok,"{""sentences"": [""I hear you."", ""We can pause here for a moment.""], ""safety"": ""ok""}",1,2176,0.6953000001885812,0.0014000006558489986,0.00019999970390927047,0.010900000233959872,0.004300000000512227,0.7165000006352784
1127,d150_u3,sad,train,150,3,bc,3,1,1,0,0,0,1,1,0,ok,"{""sentences"": [""I hear you."", ""We can pause here for a moment.""], ""safety"": ""ok""}",1,2176,0.7069000002957182,0.0015000005078036338,0.00019999970390927047,0.01089999932446517,0.004200000148557592,0.72829999953683
1128,d151_u0,happy,train,151,0,bc,3,1,1,0,0,0,1,1,0,ok,"{""sentences"": [""I hear you."", ""We can pause here for a moment.""], ""safety"": ""ok""}",1,2176,0.697299999956158,0.0014000006558489986,0.00019999970390927047,0.0106999996205559,0.004300000000512227,0.7183999996414059
1129,d151_u1,happy,train,151,1,bc,3,1,1,0,0,0,1,1,0,ok,"{""sentences"": [""I hear you."", ""We can pause here for a moment.""], ""safety"": ""ok""}",1,2176,0.6969999994907994,0.0014000006558489986,0.00019999970390927047,0.011000000085914508,0.004200000148557592,0.718100000085542
1130,d151_u2,happy,train,151,2,bc,3,1,1,0,0,0,1,1,0,ok,"{""sentences"": [""I hear you."", ""We can pause here for a moment.""], ""safety"": ""ok""}",1,2176,0.9815000003072782,0.0013999997463542968,0.00020000061340397224,0.01140000040322775,0.004200000148557592,1.003399999717658
1131,d151_u3,happy,train,151,3,bc,3,1,1,0,0,0,1,1,0,ok,"{""sentences"": [""I hear you."", ""We can pause here for a moment.""], ""safety"": ""ok""}",1,2176,0.6978999999773805,0.001499999598308932,0.00020000061340397224,0.010800000382005237,0.004399999852466863,0.719300000127987
1132,d151_u7,neutral,train,151,7,bc,3,1,1,0,0,0,1,1,0,ok,"{""sentences"": [""I hear you."", ""We can pause here for a moment.""], ""safety"": ""ok""}",1,2176,0.7015999999566702,0.001600000359758269,0.00019999970390927047,0.010799999472510535,0.004300000000512227,0.7227999994938727
1133,d151_u8,angry,train,151,8,bc,3,1,1,0,0,0,1,1,0,ok,"{""sentences"": [""I hear you."", ""We can pause here for a moment.""], ""safety"": ""ok""}",1,2176,0.6941999999980908,0.001600000359758269,0.00019999970390927047,0.010700000530050602,0.004200000148557592,0.7150999999794294
1134,d151_u9,happy,train,151,9,bc,3,1,1,0,0,0,1,1,0,ok,"{""sentences"": [""I hear you."", ""We can pause here for a moment.""], ""safety"": ""ok""}",1,2176,0.6945999994059093,0.0015000005078036338,0.00019999970390927047,0.01089999932446517,0.00419999923906289,0.7158000007621013
