row_index,utterance_id,label,split,Dialogue_ID,Utterance_ID,policy_mode,seed,action_before_fault,action,action_flip_fault_injected,unauthorized_invoke_fault_injected,fault_injected,authorized_to_generate,generation_invoked,unauthorized_invocation,response_safety,response_json,state_exists,state_size_bytes,state_loading_ms,policy_inference_ms,gating_ms,generation_stub_ms,logging_ms,total_latency_ms
0,d0_u0,neutral,train,0,0,bc,2,1,1,0,0,0,1,1,0,ok,"{""sentences"": [""I hear you."", ""We can pause here for a moment.""], ""safety"": ""ok""}",1,2176,31.81990000030055,0.0031999998100218363,0.0002999995558639057,0.02320000021427404,0.009000000318337698,31.863500000326894
1,d0_u1,neutral,train,0,1,bc,2,1,1,0,0,0,1,1,0,ok,"{""sentences"": [""I hear you."", ""We can pause here for a moment.""], ""safety"": ""ok""}",1,2176,30.26880000015808,0.0029000002541579306,0.00019999970390927047,0.039200000173877925,0.00670000008540228,30.323999999382067
2,d0_u2,neutral,train,0,2,bc,2,1,1,0,0,0,1,1,0,ok,"{""sentences"": [""I hear you."", ""We can pause here for a moment.""], ""safety"": ""ok""}",1,2176,29.849800000192772,0.0018000000636675395,0.00030000046535860747,0.03399999968678458,0.006000000212225132,29.89770000021963
3,d0_u3,neutral,train,0,3,bc,2,1,1,0,0,0,1,1,0,ok,"{""sentences"": [""I hear you."", ""We can pause here for a moment.""], ""safety"": ""ok""}",1,2176,32.111299999996845,0.0029000002541579306,0.00039999940781854093,0.019600000086938962,0.008999999408842996,32.15199999976903
4,d0_u5,neutral,train,0,5,bc,2,1,1,0,0,0,1,1,0,ok,"{""sentences"": [""I hear you."", ""We can pause here for a moment.""], ""safety"": ""ok""}",1,2176,4.168200000094657,0.0023000002329354174,0.00019999970390927047,0.017500000467407517,0.006199999916134402,4.201499999908265
5,d0_u6,neutral,train,0,6,bc,2,1,1,0,0,0,1,1,0,ok,"{""sentences"": [""I hear you."", ""We can pause here for a moment.""], ""safety"": ""ok""}",1,2176,5.17760000002454,0.0018999999156221747,0.0002999995558639057,0.014799999917158857,0.0054000001910026185,5.205800000112504
6,d0_u7,neutral,train,0,7,bc,2,1,1,0,0,0,1,1,0,ok,"{""sentences"": [""I hear you."", ""We can pause here for a moment.""], ""safety"": ""ok""}",1,2176,3.6356999999043182,0.00199999976757681,0.0002999995558639057,0.0152000002344721,0.005800000508315861,3.6651000000347267
7,d0_u8,neutral,train,0,8,bc,2,1,1,0,0,0,1,1,0,ok,"{""sentences"": [""I hear you."", ""We can pause here for a moment.""], ""safety"": ""ok""}",1,2176,3.161799999361392,0.0017000002117129043,0.0002999995558639057,0.014100000043981709,0.0054000001910026185,3.18890000016836
8,d0_u9,neutral,train,0,9,bc,2,1,1,0,0,0,1,1,0,ok,"{""sentences"": [""I hear you."", ""We can pause here for a moment.""], ""safety"": ""ok""}",1,2176,2.891799999815703,0.002200000380980782,0.0004000003173132427,0.018200000340584666,0.007700000423938036,2.927800000179559
9,d0_u11,neutral,train,0,11,bc,2,1,1,0,0,0,1,1,0,ok,"{""sentences"": [""I hear you."", ""We can pause here for a moment.""], ""safety"": ""ok""}",1,2176,3.9191999994727666,0.002200000380980782,0.00020000061340397224,0.016399999367422424,0.006399999620043673,3.9511999993919744
10,d0_u13,neutral,train,0,13,bc,2,1,1,0,0,0,1,1,0,ok,"{""sentences"": [""I hear you."", ""We can pause here for a moment.""], ""safety"": ""ok""}",1,2176,2.445099999931699,0.0018999999156221747,0.00020000061340397224,0.01650000012887176,0.0068999997893115506,2.4769000001469976
11,d1_u1,sad,train,1,1,bc,2,1,1,0,0,0,1,1,0,ok,"{""sentences"": [""I hear you."", ""We can pause here for a moment.""], ""safety"": ""ok""}",1,2176,2.7706000000762288,0.0018999999156221747,0.00019999970390927047,0.014799999917158857,0.005700000656361226,2.798800000164192
12,d1_u4,neutral,train,1,4,bc,2,1,1,0,0,0,1,1,0,ok,"{""sentences"": [""I hear you."", ""We can pause here for a moment.""], ""safety"": ""ok""}",1,2176,3.5555000004023896,0.0019000008251168765,0.0002999995558639057,0.014799999917158857,0.006000000212225132,3.584999999475258
13,d1_u5,neutral,train,1,5,bc,2,1,1,0,0,0,1,1,0,ok,"{""sentences"": [""I hear you."", ""We can pause here for a moment.""], ""safety"": ""ok""}",1,2176,3.5654000002978137,0.0018000000636675395,0.0002999995558639057,0.013500000022759195,0.005200000487093348,3.592199999729928
14,d1_u8,neutral,train,1,8,bc,2,1,1,0,0,0,1,1,0,ok,"{""sentences"": [""I hear you."", ""We can pause here for a moment.""], ""safety"": ""ok""}",1,2176,3.0566000004910165,0.0018999999156221747,0.0002999995558639057,0.014299999747890979,0.005399999281507917,3.0842999995002174
15,d2_u0,neutral,train,2,0,bc,2,1,1,0,0,0,1,1,0,ok,"{""sentences"": [""I hear you."", ""We can pause here for a moment.""], ""safety"": ""ok""}",1,2176,2.7895000002899906,0.0018000000636675395,0.0002999995558639057,0.014299999747890979,0.005600000804406591,2.8173999999125954
16,d2_u1,neutral,train,2,1,bc,2,1,1,0,0,0,1,1,0,ok,"{""sentences"": [""I hear you."", ""We can pause here for a moment.""], ""safety"": ""ok""}",1,2176,2.6153999997404753,0.0018000000636675395,0.00020000061340397224,0.01359999987471383,0.005099999725644011,2.6412999995955033
17,d2_u2,happy,train,2,2,bc,2,1,1,0,0,0,1,1,0,ok,"{""sentences"": [""I hear you."", ""We can pause here for a moment.""], ""safety"": ""ok""}",1,2176,2.8897000001961715,0.0018000000636675395,0.00020000061340397224,0.014199999895936344,0.005300000339047983,2.9172000004109577
18,d2_u3,sad,train,2,3,bc,2,1,1,0,0,0,1,1,0,ok,"{""sentences"": [""I hear you."", ""We can pause here for a moment.""], ""safety"": ""ok""}",1,2176,2.8338000001895125,0.002599999788799323,0.00039999940781854093,0.04840000019612489,0.00830000044516055,2.9022999997323495
19,d2_u5,neutral,train,2,5,bc,2,1,1,0,0,0,1,1,0,ok,"{""sentences"": [""I hear you."", ""We can pause here for a moment.""], ""safety"": ""ok""}",1,2176,2.993300000525778,0.0017000002117129043,0.00030000046535860747,0.013100000614940654,0.004800000169780105,3.0182000000422704
20,d2_u7,sad,train,2,7,bc,2,1,1,0,0,0,1,1,0,ok,"{""sentences"": [""I hear you."", ""We can pause here for a moment.""], ""safety"": ""ok""}",1,2176,3.0627000005551963,0.0017999991541728377,0.0002999995558639057,0.014100000043981709,0.005300000339047983,3.090399999564397
21,d2_u8,neutral,train,2,8,bc,2,1,1,0,0,0,1,1,0,ok,"{""sentences"": [""I hear you."", ""We can pause here for a moment.""], ""safety"": ""ok""}",1,2176,2.8853000003437046,0.0018000000636675395,0.00019999970390927047,0.013500000022759195,0.005200000487093348,2.911800000219955
22,d2_u9,neutral,train,2,9,bc,2,1,1,0,0,0,1,1,0,ok,"{""sentences"": [""I hear you."", ""We can pause here for a moment.""], ""safety"": ""ok""}",1,2176,3.4275999996680184,0.0018000000636675395,0.00019999970390927047,0.013799999578623101,0.004999999873689376,3.454499999861582
23,d2_u10,happy,train,2,10,bc,2,1,1,0,0,0,1,1,0,ok,"{""sentences"": [""I hear you."", ""We can pause here for a moment.""], ""safety"": ""ok""}",1,2176,2.601400000457943,0.0018000000636675395,0.00019999970390927047,0.013900000340072438,0.005500000042957254,2.6288999997632345
24,d2_u11,neutral,train,2,11,bc,2,1,1,0,0,0,1,1,0,ok,"{""sentences"": [""I hear you."", ""We can pause here for a moment.""], ""safety"": ""ok""}",1,2176,2.585499999440799,0.0018000000636675395,0.00030000046535860747,0.013800000488117803,0.005199999577598646,2.612300000691903
25,d2_u12,happy,train,2,12,bc,2,1,1,0,0,0,1,1,0,ok,"{""sentences"": [""I hear you."", ""We can pause here for a moment.""], ""safety"": ""ok""}",1,2176,2.3038999997879728,0.0018999999156221747,0.0002999995558639057,0.014100000043981709,0.0054000001910026185,2.331699999558623
26,d3_u3,neutral,train,3,3,bc,2,1,1,0,0,0,1,1,0,ok,"{""sentences"": [""I hear you."", ""We can pause here for a moment.""], ""safety"": ""ok""}",1,2176,2.779200000077253,0.001600000359758269,0.0002999995558639057,0.012700000297627412,0.004800000169780105,2.803899999889836
27,d3_u4,neutral,train,3,4,bc,2,1,1,0,0,0,1,1,0,ok,"{""sentences"": [""I hear you."", ""We can pause here for a moment.""], ""safety"": ""ok""}",1,2176,2.9485999993994483,0.0018999999156221747,0.00019999970390927047,0.013899999430577736,0.005399999281507917,2.9760000006717746
28,d3_u5,neutral,train,3,5,bc,2,1,1,0,0,0,1,1,0,ok,"{""sentences"": [""I hear you."", ""We can pause here for a moment.""], ""safety"": ""ok""}",1,2176,2.907299999606039,0.0018000000636675395,0.00019999970390927047,0.01359999987471383,0.005500000042957254,2.9342999996515573
29,d3_u8,sad,train,3,8,bc,2,1,1,0,0,0,1,1,0,ok,"{""sentences"": [""I hear you."", ""We can pause here for a moment.""], ""safety"": ""ok""}",1,2176,2.6520999999775086,0.0018000000636675395,0.0002999995558639057,0.014100000043981709,0.005100000635138713,2.679100000023027
30,d3_u9,neutral,train,3,9,bc,2,1,1,0,0,0,1,1,0,ok,"{""sentences"": [""I hear you."", ""We can pause here for a moment.""], ""safety"": ""ok""}",1,2176,3.156999999191612,0.00199999976757681,0.0002999995558639057,0.014399999599845614,0.0052999994295532815,3.184900000633206
31,d4_u1,happy,train,4,1,bc,2,1,1,0,0,0,1,1,0,ok,"{""sentences"": [""I hear you."", ""We can pause here for a moment.""], ""safety"": ""ok""}",1,2176,3.115800000159652,0.0018000000636675395,0.00019999970390927047,0.013799999578623101,0.0054000001910026185,3.1428999991476303
32,d4_u3,neutral,train,4,3,bc,2,1,1,0,0,0,1,1,0,ok,"{""sentences"": [""I hear you."", ""We can pause here for a moment.""], ""safety"": ""ok""}",1,2176,2.48600000031729,0.0018000000636675395,0.00019999970390927047,0.013500000022759195,0.004900000021734741,2.5281999996877857
33,d4_u4,neutral,train,4,4,bc,2,1,1,0,0,0,1,1,0,ok,"{""sentences"": [""I hear you."", ""We can pause here for a moment.""], ""safety"": ""ok""}",1,2176,2.8272999998080195,0.0017000002117129043,0.00019999970390927047,0.01340000017080456,0.005200000487093348,2.853300000424497
34,d4_u5,neutral,train,4,5,bc,2,1,1,0,0,0,1,1,0,ok,"{""sentences"": [""I hear you."", ""We can pause here for a moment.""], ""safety"": ""ok""}",1,2176,2.5265000003855675,0.0018000000636675395,0.00030000046535860747,0.013700000636163168,0.004999999873689376,2.5529999993523234
35,d4_u6,neutral,train,4,6,bc,2,1,1,0,0,0,1,1,0,ok,"{""sentences"": [""I hear you."", ""We can pause here for a moment.""], ""safety"": ""ok""}",1,2176,2.652199999829463,0.001600000359758269,0.0002999995558639057,0.013099999705445953,0.005099999725644011,2.677399999811314
36,d4_u7,neutral,train,4,7,bc,2,1,1,0,0,0,1,1,0,ok,"{""sentences"": [""I hear you."", ""We can pause here for a moment.""], ""safety"": ""ok""}",1,2176,2.636799999891082,0.0015999994502635673,0.0002999995558639057,0.012900000001536682,0.004999999873689376,2.6617000003170688
37,d4_u8,happy,train,4,8,bc,2,1,1,0,0,0,1,1,0,ok,"{""sentences"": [""I hear you."", ""We can pause here for a moment.""], ""safety"": ""ok""}",1,2176,2.8246000001672655,0.0018999999156221747,0.0002999995558639057,0.01430000065738568,0.005199999577598646,2.8524999997898703
38,d4_u9,happy,train,4,9,bc,2,1,1,0,0,0,1,1,0,ok,"{""sentences"": [""I hear you."", ""We can pause here for a moment.""], ""safety"": ""ok""}",1,2176,2.9437000002872082,0.0019000008251168765,0.00019999970390927047,0.014600000213249587,0.005500000042957254,2.97229999978299
39,d4_u10,happy,train,4,10,bc,2,1,1,0,0,0,1,1,0,ok,"{""sentences"": [""I hear you."", ""We can pause here for a moment.""], ""safety"": ""ok""}",1,2176,3.1220000000757864,0.0018999999156221747,0.00019999970390927047,0.013900000340072438,0.0054000001910026185,3.1490000001213048
40,d4_u11,sad,train,4,11,bc,2,1,1,0,0,0,1,1,0,ok,"{""sentences"": [""I hear you."", ""We can pause here for a moment.""], ""safety"": ""ok""}",1,2176,2.9711999995925,0.0018000000636675395,0.00019999970390927047,0.013800000488117803,0.005099999725644011,2.9978000002301997
41,d4_u12,neutral,train,4,12,bc,2,1,1,0,0,0,1,1,0,ok,"{""sentences"": [""I hear you."", ""We can pause here for a moment.""], ""safety"": ""ok""}",1,2176,3.0481000003419467,0.0018000000636675395,0.00030000046535860747,0.01359999987471383,0.005099999725644011,3.0747999999221065
42,d4_u13,neutral,train,4,13,bc,2,1,1,0,0,0,1,1,0,ok,"{""sentences"": [""I hear you."", ""We can pause here for a moment.""], ""safety"": ""ok""}",1,2176,2.217000000200642,0.0016999993022182025,0.0002999995558639057,0.013699999726668466,0.005200000487093348,2.2435000000768923
43,d4_u14,neutral,train,4,14,bc,2,1,1,0,0,0,1,1,0,ok,"{""sentences"": [""I hear you."", ""We can pause here for a moment.""], ""safety"": ""ok""}",1,2176,2.732799999648705,0.0018999999156221747,0.00030000046535860747,0.013900000340072438,0.005099999725644011,2.7597000007517636
44,d5_u0,neutral,train,5,0,bc,2,1,1,0,0,0,1,1,0,ok,"{""sentences"": [""I hear you."", ""We can pause here for a moment.""], ""safety"": ""ok""}",1,2176,2.945299999737472,0.0018000000636675395,0.00030000046535860747,0.01359999987471383,0.005099999725644011,2.971899999465677
45,d5_u1,neutral,train,5,1,bc,2,1,1,0,0,0,1,1,0,ok,"{""sentences"": [""I hear you."", ""We can pause here for a moment.""], ""safety"": ""ok""}",1,2176,2.7435000001787557,0.0018000000636675395,0.00030000046535860747,0.013300000318849925,0.004900000021734741,2.769300000181829
46,d5_u2,neutral,train,5,2,bc,2,1,1,0,0,0,1,1,0,ok,"{""sentences"": [""I hear you."", ""We can pause here for a moment.""], ""safety"": ""ok""}",1,2176,2.860800000235031,0.0018999999156221747,0.00019999970390927047,0.013899999430577736,0.0052999994295532815,2.8879999999844586
47,d6_u0,happy,train,6,0,bc,2,1,1,0,0,0,1,1,0,ok,"{""sentences"": [""I hear you."", ""We can pause here for a moment.""], ""safety"": ""ok""}",1,2176,2.8529000001071836,0.00199999976757681,0.0002999995558639057,0.01609999981155852,0.006100000064179767,2.8838999996878556
48,d6_u2,happy,train,6,2,bc,2,1,1,0,0,0,1,1,0,ok,"{""sentences"": [""I hear you."", ""We can pause here for a moment.""], ""safety"": ""ok""}",1,2176,2.6530999994065496,0.0018999999156221747,0.00019999970390927047,0.014000000192027073,0.0052999994295532815,2.680500000678876
49,d6_u3,neutral,train,6,3,bc,2,1,1,0,0,0,1,1,0,ok,"{""sentences"": [""I hear you."", ""We can pause here for a moment.""], ""safety"": ""ok""}",1,2176,3.3245999993596342,0.0017000002117129043,0.00030000046535860747,0.014100000043981709,0.005100000635138713,3.3523000001878245
50,d6_u4,neutral,train,6,4,bc,2,1,1,0,0,0,1,1,0,ok,"{""sentences"": [""I hear you."", ""We can pause here for a moment.""], ""safety"": ""ok""}",1,2176,3.3082999998441665,0.0018000000636675395,0.00020000061340397224,0.014500000361294951,0.005599999894911889,3.3364000000801752
51,d6_u5,angry,train,6,5,bc,2,1,1,0,0,0,1,1,0,ok,"{""sentences"": [""I hear you."", ""We can pause here for a moment.""], ""safety"": ""ok""}",1,2176,2.6090999999723863,0.0016999993022182025,0.0002999995558639057,0.013699999726668466,0.022199999875738285,2.652500000294822
52,d6_u6,happy,train,6,6,bc,2,1,1,0,0,0,1,1,0,ok,"{""sentences"": [""I hear you."", ""We can pause here for a moment.""], ""safety"": ""ok""}",1,2176,3.1781999996383092,0.0018999999156221747,0.00020000061340397224,0.013799999578623101,0.005200000487093348,3.205099999831873
53,d6_u7,neutral,train,6,7,bc,2,1,1,0,0,0,1,1,0,ok,"{""sentences"": [""I hear you."", ""We can pause here for a moment.""], ""safety"": ""ok""}",1,2176,2.775899999505782,0.0016999993022182025,0.00019999970390927047,0.013799999578623101,0.005199999577598646,2.8025999999954365
54,d6_u9,angry,train,6,9,bc,2,1,1,0,0,0,1,1,0,ok,"{""sentences"": [""I hear you."", ""We can pause here for a moment.""], ""safety"": ""ok""}",1,2176,2.7099999997517443,0.0018000000636675395,0.00030000046535860747,0.014199999895936344,0.0052999994295532815,2.737199999501172
55,d6_u10,angry,train,6,10,bc,2,1,1,0,0,0,1,1,0,ok,"{""sentences"": [""I hear you."", ""We can pause here for a moment.""], ""safety"": ""ok""}",1,2176,2.4895000005926704,0.0018000000636675395,0.0002999995558639057,0.013500000022759195,0.005100000635138713,2.5156000001516077
56,d6_u11,angry,train,6,11,bc,2,1,1,0,0,0,1,1,0,ok,"{""sentences"": [""I hear you."", ""We can pause here for a moment.""], ""safety"": ""ok""}",1,2176,2.877200000511948,0.0018000000636675395,0.0002999995558639057,0.01340000017080456,0.005500000042957254,2.904099999796017
57,d6_u12,neutral,train,6,12,bc,2,1,1,0,0,0,1,1,0,ok,"{""sentences"": [""I hear you."", ""We can pause here for a moment.""], ""safety"": ""ok""}",1,2176,2.9001000002608635,0.0018999999156221747,0.00019999970390927047,0.014299999747890979,0.005200000487093348,2.9279999998834683
58,d6_u13,neutral,train,6,13,bc,2,1,1,0,0,0,1,1,0,ok,"{""sentences"": [""I hear you."", ""We can pause here for a moment.""], ""safety"": ""ok""}",1,2176,2.98320000001695,0.0018999999156221747,0.00020000061340397224,0.014700000065204222,0.005199999577598646,3.0119000002741814
59,d6_u14,sad,train,6,14,bc,2,1,1,0,0,0,1,1,0,ok,"{""sentences"": [""I hear you."", ""We can pause here for a moment.""], ""safety"": ""ok""}",1,2176,2.6232999998683226,0.0018000000636675395,0.00019999970390927047,0.013799999578623101,0.005200000487093348,2.649799999744573
60,d6_u15,sad,train,6,15,bc,2,1,1,0,0,0,1,1,0,ok,"{""sentences"": [""I hear you."", ""We can pause here for a moment.""], ""safety"": ""ok""}",1,2176,2.7529000008144067,0.0018000000636675395,0.00030000046535860747,0.013799999578623101,0.005300000339047983,2.7798999999504304
61,d6_u16,sad,train,6,16,bc,2,1,1,0,0,0,1,1,0,ok,"{""sentences"": [""I hear you."", ""We can pause here for a moment.""], ""safety"": ""ok""}",1,2176,2.8449999999793363,0.0018000000636675395,0.00030000046535860747,0.028700000257231295,0.004999999873689376,2.886199999920791
62,d6_u18,angry,train,6,18,bc,2,1,1,0,0,0,1,1,0,ok,"{""sentences"": [""I hear you."", ""We can pause here for a moment.""], ""safety"": ""ok""}",1,2176,3.0372999999599415,0.0018000000636675395,0.00030000046535860747,0.014000000192027073,0.0054000001910026185,3.06430000000546
63,d6_u19,angry,train,6,19,bc,2,1,1,0,0,0,1,1,0,ok,"{""sentences"": [""I hear you."", ""We can pause here for a moment.""], ""safety"": ""ok""}",1,2176,3.2801999996081577,0.0018000000636675395,0.00019999970390927047,0.013699999726668466,0.005200000487093348,3.306499999780499
64,d6_u20,angry,train,6,20,bc,2,1,1,0,0,0,1,1,0,ok,"{""sentences"": [""I hear you."", ""We can pause here for a moment.""], ""safety"": ""ok""}",1,2176,2.5580000001355074,0.0018000000636675395,0.00030000046535860747,0.01359999987471383,0.004999999873689376,2.584299999398354
65,d6_u21,angry,train,6,21,bc,2,1,1,0,0,0,1,1,0,ok,"{""sentences"": [""I hear you."", ""We can pause here for a moment.""], ""safety"": ""ok""}",1,2176,2.820599999722617,0.0018999999156221747,0.00019999970390927047,0.014000000192027073,0.005200000487093348,2.847900000233494
66,d7_u0,neutral,train,7,0,bc,2,1,1,0,0,0,1,1,0,ok,"{""sentences"": [""I hear you."", ""We can pause here for a moment.""], ""safety"": ""ok""}",1,2176,2.9182999996919534,0.0018999999156221747,0.00020000061340397224,0.015199999324977398,0.0052999994295532815,2.9472000005625887
67,d7_u1,angry,train,7,1,bc,2,1,1,0,0,0,1,1,0,ok,"{""sentences"": [""I hear you."", ""We can pause here for a moment.""], ""safety"": ""ok""}",1,2176,2.9214999995019753,0.0017000002117129043,0.0002999995558639057,0.014700000065204222,0.005300000339047983,2.949100000478211
68,d8_u0,neutral,train,8,0,bc,2,1,1,0,0,0,1,1,0,ok,"{""sentences"": [""I hear you."", ""We can pause here for a moment.""], ""safety"": ""ok""}",1,2176,2.9617999998663436,0.0018999999156221747,0.00019999970390927047,0.013800000488117803,0.005300000339047983,2.9888999997638166
69,d8_u1,neutral,train,8,1,bc,2,1,1,0,0,0,1,1,0,ok,"{""sentences"": [""I hear you."", ""We can pause here for a moment.""], ""safety"": ""ok""}",1,2176,2.3405000001730514,0.0018999999156221747,0.0002999995558639057,0.01359999987471383,0.005100000635138713,2.3670999999012565
70,d8_u2,neutral,train,8,2,bc,2,1,1,0,0,0,1,1,0,ok,"{""sentences"": [""I hear you."", ""We can pause here for a moment.""], ""safety"": ""ok""}",1,2176,2.907699999923352,0.0018000000636675395,0.00030000046535860747,0.05110000074637355,0.005099999725644011,2.9720999991695862
71,d8_u3,neutral,train,8,3,bc,2,1,1,0,0,0,1,1,0,ok,"{""sentences"": [""I hear you."", ""We can pause here for a moment.""], ""safety"": ""ok""}",1,2176,3.141400000458816,0.0018000000636675395,0.00020000061340397224,0.013900000340072438,0.004900000021734741,3.1677999995736172
72,d8_u4,happy,train,8,4,bc,2,1,1,0,0,0,1,1,0,ok,"{""sentences"": [""I hear you."", ""We can pause here for a moment.""], ""safety"": ""ok""}",1,2176,2.433499999824562,0.0018000000636675395,0.0002999995558639057,0.014200000805431046,0.005500000042957254,2.4615000002086163
73,d8_u5,neutral,train,8,5,bc,2,1,1,0,0,0,1,1,0,ok,"{""sentences"": [""I hear you."", ""We can pause here for a moment.""], ""safety"": ""ok""}",1,2176,2.942600000096718,0.0018000000636675395,0.00019999970390927047,0.013899999430577736,0.005099999725644011,2.9692999996768776
74,d8_u6,happy,train,8,6,bc,2,1,1,0,0,0,1,1,0,ok,"{""sentences"": [""I hear you."", ""We can pause here for a moment.""], ""safety"": ""ok""}",1,2176,2.7152000002388377,0.0018000000636675395,0.00019999970390927047,0.014100000043981709,0.005099999725644011,2.7421000004324014
75,d9_u0,neutral,train,9,0,bc,2,1,1,0,0,0,1,1,0,ok,"{""sentences"": [""I hear you."", ""We can pause here for a moment.""], ""safety"": ""ok""}",1,2176,3.079000000070664,0.0018000000636675395,0.0002999995558639057,0.014600000213249587,0.0054000001910026185,3.107199999249133
76,d9_u1,neutral,train,9,1,bc,2,1,1,0,0,0,1,1,0,ok,"{""sentences"": [""I hear you."", ""We can pause here for a moment.""], ""safety"": ""ok""}",1,2176,3.000900000188267,0.0018000000636675395,0.00019999970390927047,0.014600000213249587,0.0059000003602704965,3.0292999999801395
77,d9_u2,neutral,train,9,2,bc,2,1,1,0,0,0,1,1,0,ok,"{""sentences"": [""I hear you."", ""We can pause here for a moment.""], ""safety"": ""ok""}",1,2176,2.397499999460706,0.0018000000636675395,0.00030000046535860747,0.01449999945180025,0.0054000001910026185,2.42549999984476
78,d9_u3,happy,train,9,3,bc,2,1,1,0,0,0,1,1,0,ok,"{""sentences"": [""I hear you."", ""We can pause here for a moment.""], ""safety"": ""ok""}",1,2176,3.0402000002140994,0.0018000000636675395,0.00019999970390927047,0.014999999621068127,0.005500000042957254,3.0690000003232853
79,d9_u4,neutral,train,9,4,bc,2,1,1,0,0,0,1,1,0,ok,"{""sentences"": [""I hear you."", ""We can pause here for a moment.""], ""safety"": ""ok""}",1,2176,3.0026999993424397,0.0017000002117129043,0.0002999995558639057,0.014000000192027073,0.005300000339047983,3.029700000297453
80,d9_u5,neutral,train,9,5,bc,2,1,1,0,0,0,1,1,0,ok,"{""sentences"": [""I hear you."", ""We can pause here for a moment.""], ""safety"": ""ok""}",1,2176,2.985400000397931,0.0018000000636675395,0.00019999970390927047,0.013699999726668466,0.005300000339047983,3.012000000126136
81,d9_u6,neutral,train,9,6,bc,2,1,1,0,0,0,1,1,0,ok,"{""sentences"": [""I hear you."", ""We can pause here for a moment.""], ""safety"": ""ok""}",1,2176,2.6678000003812485,0.0017000002117129043,0.00019999970390927047,0.01359999987471383,0.005200000487093348,2.694300000257499
82,d9_u7,neutral,train,9,7,bc,2,1,1,0,0,0,1,1,0,ok,"{""sentences"": [""I hear you."", ""We can pause here for a moment.""], ""safety"": ""ok""}",1,2176,2.720700000281795,0.0018999999156221747,0.00019999970390927047,0.014500000361294951,0.005500000042957254,2.748799999608309
83,d9_u8,neutral,train,9,8,bc,2,1,1,0,0,0,1,1,0,ok,"{""sentences"": [""I hear you."", ""We can pause here for a moment.""], ""safety"": ""ok""}",1,2176,2.5247000003219,0.0018000000636675395,0.00020000061340397224,0.01359999987471383,0.004999999873689376,2.550899999732792
84,d9_u9,happy,train,9,9,bc,2,1,1,0,0,0,1,1,0,ok,"{""sentences"": [""I hear you."", ""We can pause here for a moment.""], ""safety"": ""ok""}",1,2176,3.1400999996549217,0.0018000000636675395,0.0002999995558639057,0.013900000340072438,0.005199999577598646,3.1672000004618894
85,d9_u10,neutral,train,9,10,bc,2,1,1,0,0,0,1,1,0,ok,"{""sentences"": [""I hear you."", ""We can pause here for a moment.""], ""safety"": ""ok""}",1,2176,2.558399999543326,0.0016999993022182025,0.00020000061340397224,0.013099999705445953,0.005200000487093348,2.584200000455894
86,d9_u11,neutral,train,9,11,bc,2,1,1,0,0,0,1,1,0,ok,"{""sentences"": [""I hear you."", ""We can pause here for a moment.""], ""safety"": ""ok""}",1,2176,2.5373999997100327,0.0022999993234407157,0.0002999995558639057,0.015100000382517464,0.006199999916134402,2.5673999998616637
87,d9_u13,angry,train,9,13,bc,2,1,1,0,0,0,1,1,0,ok,"{""sentences"": [""I hear you."", ""We can pause here for a moment.""], ""safety"": ""ok""}",1,2176,3.3655000006547198,0.0018999999156221747,0.00019999970390927047,0.014000000192027073,0.005100000635138713,3.392300000086834
88,d10_u0,angry,train,10,0,bc,2,1,1,0,0,0,1,1,0,ok,"{""sentences"": [""I hear you."", ""We can pause here for a moment.""], ""safety"": ""ok""}",1,2176,2.757400000518828,0.0018000000636675395,0.00020000061340397224,0.014900000678608194,0.005800000508315861,2.786500000183878
89,d10_u1,angry,train,10,1,bc,2,1,1,0,0,0,1,1,0,ok,"{""sentences"": [""I hear you."", ""We can pause here for a moment.""], ""safety"": ""ok""}",1,2176,3.362199999173754,0.0018000000636675395,0.00020000061340397224,0.030800000786257442,0.005099999725644011,3.405899999961548
90,d10_u2,angry,train,10,2,bc,2,1,1,0,0,0,1,1,0,ok,"{""sentences"": [""I hear you."", ""We can pause here for a moment.""], ""safety"": ""ok""}",1,2176,2.683499999875494,0.0018000000636675395,0.00019999970390927047,0.014000000192027073,0.005199999577598646,2.7106999996249215
91,d10_u3,angry,train,10,3,bc,2,1,1,0,0,0,1,1,0,ok,"{""sentences"": [""I hear you."", ""We can pause here for a moment.""], ""safety"": ""ok""}",1,2176,2.847900000233494,0.0018000000636675395,0.00019999970390927047,0.01359999987471383,0.005200000487093348,2.874599999813654
92,d10_u4,angry,train,10,4,bc,2,1,1,0,0,0,1,1,0,ok,"{""sentences"": [""I hear you."", ""We can pause here for a moment.""], ""safety"": ""ok""}",1,2176,2.947800000583811,0.0018000000636675395,0.00030000046535860747,0.013399999261309858,0.005199999577598646,2.9741999996986124
93,d10_u5,neutral,train,10,5,bc,2,1,1,0,0,0,1,1,0,ok,"{""sentences"": [""I hear you."", ""We can pause here for a moment.""], ""safety"": ""ok""}",1,2176,3.1258999997589854,0.0018000000636675395,0.0002999995558639057,0.013799999578623101,0.005100000635138713,3.1522999997832812
94,d11_u0,neutral,train,11,0,bc,2,1,1,0,0,0,1,1,0,ok,"{""sentences"": [""I hear you."", ""We can pause here for a moment.""], ""safety"": ""ok""}",1,2176,2.426900000500609,0.0016999993022182025,0.00020000061340397224,0.013100000614940654,0.005099999725644011,2.452800000355637
95,d11_u1,angry,train,11,1,bc,2,1,1,0,0,0,1,1,0,ok,"{""sentences"": [""I hear you."", ""We can pause here for a moment.""], ""safety"": ""ok""}",1,2176,3.3924999997907435,0.00199999976757681,0.00030000046535860747,0.01449999945180025,0.005500000042957254,3.420699999878707
96,d11_u2,neutral,train,11,2,bc,2,1,1,0,0,0,1,1,0,ok,"{""sentences"": [""I hear you."", ""We can pause here for a moment.""], ""safety"": ""ok""}",1,2176,2.4103000005197828,0.0021999994714860804,0.00019999970390927047,0.01559999964229064,0.006300000677583739,2.441300000100455
97,d11_u3,happy,train,11,3,bc,2,1,1,0,0,0,1,1,0,ok,"{""sentences"": [""I hear you."", ""We can pause here for a moment.""], ""safety"": ""ok""}",1,2176,2.8921000002810615,0.0018000000636675395,0.00020000061340397224,0.013699999726668466,0.005300000339047983,2.9187000000092667
98,d11_u4,neutral,train,11,4,bc,2,1,1,0,0,0,1,1,0,ok,"{""sentences"": [""I hear you."", ""We can pause here for a moment.""], ""safety"": ""ok""}",1,2176,3.228300000046147,0.002099999619531445,0.0002999995558639057,0.014500000361294951,0.0054000001910026185,3.2567999996899744
99,d11_u5,neutral,train,11,5,bc,2,1,1,0,0,0,1,1,0,ok,"{""sentences"": [""I hear you."", ""We can pause here for a moment.""], ""safety"": ""ok""}",1,2176,2.7939000001424574,0.0018999999156221747,0.0002999995558639057,0.014000000192027073,0.005300000339047983,2.821099999891885
100,d11_u6,happy,train,11,6,bc,2,1,1,0,0,0,1,1,0,ok,"{""sentences"": [""I hear you."", ""We can pause here for a moment.""], ""safety"": ""ok""}",1,2176,2.5284000003011897,0.0017000002117129043,0.0002999995558639057,0.01340000017080456,0.004900000021734741,2.553999999690859
101,d11_u7,happy,train,11,7,bc,2,1,1,0,0,0,1,1,0,ok,"{""sentences"": [""I hear you."", ""We can pause here for a moment.""], ""safety"": ""ok""}",1,2176,2.757199999905424,0.0018000000636675395,0.0002999995558639057,0.014299999747890979,0.005300000339047983,2.7848999998241197
102,d11_u8,happy,train,11,8,bc,2,1,1,0,0,0,1,1,0,ok,"{""sentences"": [""I hear you."", ""We can pause here for a moment.""], ""safety"": ""ok""}",1,2176,2.4653000000398606,0.0018000000636675395,0.00030000046535860747,0.014000000192027073,0.005099999725644011,2.4919999996200204
103,d11_u9,happy,train,11,9,bc,2,1,1,0,0,0,1,1,0,ok,"{""sentences"": [""I hear you."", ""We can pause here for a moment.""], ""safety"": ""ok""}",1,2176,2.9461999993145582,0.0018000000636675395,0.0002999995558639057,0.01359999987471383,0.005700000656361226,2.973000000565662
104,d12_u0,neutral,train,12,0,bc,2,1,1,0,0,0,1,1,0,ok,"{""sentences"": [""I hear you."", ""We can pause here for a moment.""], ""safety"": ""ok""}",1,2176,2.8394000000844244,0.0023000002329354174,0.0005000001692678779,0.01500000053056283,0.005300000339047983,2.8698000005533686
105,d12_u1,happy,train,12,1,bc,2,1,1,0,0,0,1,1,0,ok,"{""sentences"": [""I hear you."", ""We can pause here for a moment.""], ""safety"": ""ok""}",1,2176,2.860300000065763,0.0018000000636675395,0.00019999970390927047,0.014299999747890979,0.005600000804406591,2.888300000449817
106,d12_u5,neutral,train,12,5,bc,2,1,1,0,0,0,1,1,0,ok,"{""sentences"": [""I hear you."", ""We can pause here for a moment.""], ""safety"": ""ok""}",1,2176,2.915699999903154,0.0017000002117129043,0.00019999970390927047,0.012900000001536682,0.004900000021734741,2.940399999715737
107,d12_u7,neutral,train,12,7,bc,2,1,1,0,0,0,1,1,0,ok,"{""sentences"": [""I hear you."", ""We can pause here for a moment.""], ""safety"": ""ok""}",1,2176,2.7479999998831772,0.0016999993022182025,0.0002999995558639057,0.013800000488117803,0.020899999981338624,2.7907000003324356
108,d12_u11,angry,train,12,11,bc,2,1,1,0,0,0,1,1,0,ok,"{""sentences"": [""I hear you."", ""We can pause here for a moment.""], ""safety"": ""ok""}",1,2176,3.2502000003660214,0.0018000000636675395,0.00019999970390927047,0.014100000043981709,0.005300000339047983,3.2775999998193583
109,d13_u0,happy,train,13,0,bc,2,1,1,0,0,0,1,1,0,ok,"{""sentences"": [""I hear you."", ""We can pause here for a moment.""], ""safety"": ""ok""}",1,2176,2.9620000004797475,0.0018999999156221747,0.00020000061340397224,0.013900000340072438,0.005200000487093348,2.98930000008113
110,d13_u1,neutral,train,13,1,bc,2,1,1,0,0,0,1,1,0,ok,"{""sentences"": [""I hear you."", ""We can pause here for a moment.""], ""safety"": ""ok""}",1,2176,2.3928000000523753,0.0018999999156221747,0.00019999970390927047,0.014299999747890979,0.0054000001910026185,2.420499999971071
111,d13_u3,neutral,train,13,3,bc,2,1,1,0,0,0,1,1,0,ok,"{""sentences"": [""I hear you."", ""We can pause here for a moment.""], ""safety"": ""ok""}",1,2176,2.8105999999752385,0.0020000006770715117,0.0002999995558639057,0.01359999987471383,0.005099999725644011,2.837500000168802
112,d14_u0,neutral,train,14,0,bc,2,1,1,0,0,0,1,1,0,ok,"{""sentences"": [""I hear you."", ""We can pause here for a moment.""], ""safety"": ""ok""}",1,2176,3.066900000703754,0.0017000002117129043,0.00019999970390927047,0.013099999705445953,0.004900000021734741,3.0924000002414687
113,d14_u1,neutral,train,14,1,bc,2,1,1,0,0,0,1,1,0,ok,"{""sentences"": [""I hear you."", ""We can pause here for a moment.""], ""safety"": ""ok""}",1,2176,2.8592999997272273,0.0017000002117129043,0.0002999995558639057,0.013799999578623101,0.005099999725644011,2.8857999996034778
114,d14_u2,neutral,train,14,2,bc,2,1,1,0,0,0,1,1,0,ok,"{""sentences"": [""I hear you."", ""We can pause here for a moment.""], ""safety"": ""ok""}",1,2176,2.688300000045274,0.0018000000636675395,0.00030000046535860747,0.013799999578623101,0.005300000339047983,2.715399999942747
115,d14_u4,neutral,train,14,4,bc,2,1,1,0,0,0,1,1,0,ok,"{""sentences"": [""I hear you."", ""We can pause here for a moment.""], ""safety"": ""ok""}",1,2176,3.1999000002542743,0.0024000000848900527,0.0002999995558639057,0.01609999981155852,0.00599999930273043,3.2313000001522596
116,d14_u5,neutral,train,14,5,bc,2,1,1,0,0,0,1,1,0,ok,"{""sentences"": [""I hear you."", ""We can pause here for a moment.""], ""safety"": ""ok""}",1,2176,2.390900000136753,0.0018000000636675395,0.00019999970390927047,0.013799999578623101,0.005100000635138713,2.418000000034226
117,d15_u0,angry,train,15,0,bc,2,1,1,0,0,0,1,1,0,ok,"{""sentences"": [""I hear you."", ""We can pause here for a moment.""], ""safety"": ""ok""}",1,2176,3.01949999993667,0.0017999991541728377,0.0002999995558639057,0.013900000340072438,0.005300000339047983,3.0467999995380524
118,d15_u1,neutral,train,15,1,bc,2,1,1,0,0,0,1,1,0,ok,"{""sentences"": [""I hear you."", ""We can pause here for a moment.""], ""safety"": ""ok""}",1,2176,2.946499999779917,0.0018000000636675395,0.00019999970390927047,0.013800000488117803,0.005099999725644011,2.9733999999734806
119,d15_u2,neutral,train,15,2,bc,2,1,1,0,0,0,1,1,0,ok,"{""sentences"": [""I hear you."", ""We can pause here for a moment.""], ""safety"": ""ok""}",1,2176,2.9961999998704414,0.0018999999156221747,0.00019999970390927047,0.013699999726668466,0.005199999577598646,3.0227000006561866
120,d15_u3,sad,train,15,3,bc,2,1,1,0,0,0,1,1,0,ok,"{""sentences"": [""I hear you."", ""We can pause here for a moment.""], ""safety"": ""ok""}",1,2176,2.395599999545084,0.0018999999156221747,0.00030000046535860747,0.013899999430577736,0.005500000042957254,2.42309999975987
121,d15_u5,sad,train,15,5,bc,2,1,1,0,0,0,1,1,0,ok,"{""sentences"": [""I hear you."", ""We can pause here for a moment.""], ""safety"": ""ok""}",1,2176,2.6707999995778664,0.0017000002117129043,0.00030000046535860747,0.013999999282532372,0.005199999577598646,2.6980999991792487
122,d15_u6,angry,train,15,6,bc,2,1,1,0,0,0,1,1,0,ok,"{""sentences"": [""I hear you."", ""We can pause here for a moment.""], ""safety"": ""ok""}",1,2176,2.88760000057664,0.0018999999156221747,0.00019999970390927047,0.014299999747890979,0.005300000339047983,2.915299999585841
123,d15_u7,sad,train,15,7,bc,2,1,1,0,0,0,1,1,0,ok,"{""sentences"": [""I hear you."", ""We can pause here for a moment.""], ""safety"": ""ok""}",1,2176,2.989099999467726,0.0018000000636675395,0.00019999970390927047,0.014799999917158857,0.005599999894911889,3.0177000007824972
124,d15_u8,neutral,train,15,8,bc,2,1,1,0,0,0,1,1,0,ok,"{""sentences"": [""I hear you."", ""We can pause here for a moment.""], ""safety"": ""ok""}",1,2176,2.7578999997786013,0.0018000000636675395,0.0002999995558639057,0.01359999987471383,0.0054000001910026185,2.784399999654852
125,d15_u9,sad,train,15,9,bc,2,1,1,0,0,0,1,1,0,ok,"{""sentences"": [""I hear you."", ""We can pause here for a moment.""], ""safety"": ""ok""}",1,2176,2.403299999969022,0.0018999999156221747,0.00019999970390927047,0.014500000361294951,0.0054000001910026185,2.43159999990894
126,d15_u10,neutral,train,15,10,bc,2,1,1,0,0,0,1,1,0,ok,"{""sentences"": [""I hear you."", ""We can pause here for a moment.""], ""safety"": ""ok""}",1,2176,3.0075000004217145,0.00199999976757681,0.00019999970390927047,0.01500000053056283,0.0054000001910026185,3.036699999938719
127,d15_u11,neutral,train,15,11,bc,2,1,1,0,0,0,1,1,0,ok,"{""sentences"": [""I hear you."", ""We can pause here for a moment.""], ""safety"": ""ok""}",1,2176,2.6347000002715504,0.0018000000636675395,0.00019999970390927047,0.013900000340072438,0.005800000508315861,2.6630000002114684
128,d15_u12,neutral,train,15,12,bc,2,1,1,0,0,0,1,1,0,ok,"{""sentences"": [""I hear you."", ""We can pause here for a moment.""], ""safety"": ""ok""}",1,2176,2.652199999829463,0.0017000002117129043,0.00030000046535860747,0.013799999578623101,0.005200000487093348,2.679299999726936
129,d15_u13,neutral,train,15,13,bc,2,1,1,0,0,0,1,1,0,ok,"{""sentences"": [""I hear you."", ""We can pause here for a moment.""], ""safety"": ""ok""}",1,2176,3.088999999818043,0.0018999999156221747,0.00019999970390927047,0.014000000192027073,0.0054000001910026185,3.116500000032829
130,d15_u14,neutral,train,15,14,bc,2,1,1,0,0,0,1,1,0,ok,"{""sentences"": [""I hear you."", ""We can pause here for a moment.""], ""safety"": ""ok""}",1,2176,2.6318000000173924,0.0020000006770715117,0.00019999970390927047,0.013500000022759195,0.005000000783184078,2.6582000000416883
131,d15_u15,happy,train,15,15,bc,2,1,1,0,0,0,1,1,0,ok,"{""sentences"": [""I hear you."", ""We can pause here for a moment.""], ""safety"": ""ok""}",1,2176,2.8062999999747262,0.0017000002117129043,0.00019999970390927047,0.013800000488117803,0.004999999873689376,2.8327999998509767
132,d15_u16,angry,train,15,16,bc,2,1,1,0,0,0,1,1,0,ok,"{""sentences"": [""I hear you."", ""We can pause here for a moment.""], ""safety"": ""ok""}",1,2176,2.7903000000151224,0.0017000002117129043,0.00019999970390927047,0.013800000488117803,0.004999999873689376,2.8171999992991914
133,d15_u17,angry,train,15,17,bc,2,1,1,0,0,0,1,1,0,ok,"{""sentences"": [""I hear you."", ""We can pause here for a moment.""], ""safety"": ""ok""}",1,2176,3.036100000826991,0.0017000002117129043,0.00030000046535860747,0.015099999473022763,0.005699999746866524,3.064999999878637
134,d15_u18,angry,train,15,18,bc,2,1,1,0,0,0,1,1,0,ok,"{""sentences"": [""I hear you."", ""We can pause here for a moment.""], ""safety"": ""ok""}",1,2176,2.268599999297294,0.0018000000636675395,0.0002999995558639057,0.013899999430577736,0.005000000783184078,2.29490000037913
135,d15_u19,neutral,train,15,19,bc,2,1,1,0,0,0,1,1,0,ok,"{""sentences"": [""I hear you."", ""We can pause here for a moment.""], ""safety"": ""ok""}",1,2176,2.6970999997502076,0.0023000002329354174,0.0002999995558639057,0.014899999769113492,0.005599999894911889,2.7264000000286615
136,d15_u20,angry,train,15,20,bc,2,1,1,0,0,0,1,1,0,ok,"{""sentences"": [""I hear you."", ""We can pause here for a moment.""], ""safety"": ""ok""}",1,2176,3.506299999571638,0.0018999999156221747,0.0002999995558639057,0.013799999578623101,0.0054000001910026185,3.533600000082515
137,d15_u21,happy,train,15,21,bc,2,1,1,0,0,0,1,1,0,ok,"{""sentences"": [""I hear you."", ""We can pause here for a moment.""], ""safety"": ""ok""}",1,2176,2.8427999995983555,0.0018000000636675395,0.00030000046535860747,0.014500000361294951,0.0054000001910026185,2.8705999993690057
138,d15_u22,happy,train,15,22,bc,2,1,1,0,0,0,1,1,0,ok,"{""sentences"": [""I hear you."", ""We can pause here for a moment.""], ""safety"": ""ok""}",1,2176,2.7887999995073187,0.0018000000636675395,0.0002999995558639057,0.013399999261309858,0.004999999873689376,2.814599999510392
139,d16_u0,happy,train,16,0,bc,2,1,1,0,0,0,1,1,0,ok,"{""sentences"": [""I hear you."", ""We can pause here for a moment.""], ""safety"": ""ok""}",1,2176,3.2102999994094716,0.00199999976757681,0.0002999995558639057,0.030500000320898835,0.005500000042957254,3.254700000070443
140,d16_u1,happy,train,16,1,bc,2,1,1,0,0,0,1,1,0,ok,"{""sentences"": [""I hear you."", ""We can pause here for a moment.""], ""safety"": ""ok""}",1,2176,3.106399999524001,0.0018000000636675395,0.00019999970390927047,0.013500000022759195,0.005500000042957254,3.133000000161701
141,d16_u4,neutral,train,16,4,bc,2,1,1,0,0,0,1,1,0,ok,"{""sentences"": [""I hear you."", ""We can pause here for a moment.""], ""safety"": ""ok""}",1,2176,2.5582999996913713,0.0017000002117129043,0.00020000061340397224,0.01320000046689529,0.005099999725644011,2.5838999999905354
142,d16_u5,neutral,train,16,5,bc,2,1,1,0,0,0,1,1,0,ok,"{""sentences"": [""I hear you."", ""We can pause here for a moment.""], ""safety"": ""ok""}",1,2176,2.549900000303751,0.0018000000636675395,0.0002999995558639057,0.013799999578623101,0.005200000487093348,2.576500000031956
143,d17_u0,angry,train,17,0,bc,2,1,1,0,0,0,1,1,0,ok,"{""sentences"": [""I hear you."", ""We can pause here for a moment.""], ""safety"": ""ok""}",1,2176,2.924700000221492,0.00199999976757681,0.0002999995558639057,0.014500000361294951,0.0054000001910026185,2.952499999992142
144,d17_u1,happy,train,17,1,bc,2,1,1,0,0,0,1,1,0,ok,"{""sentences"": [""I hear you."", ""We can pause here for a moment.""], ""safety"": ""ok""}",1,2176,3.777399999307818,0.0018000000636675395,0.00019999970390927047,0.013500000022759195,0.004900000021734741,3.803100000368431
145,d17_u2,neutral,train,17,2,bc,2,1,1,0,0,0,1,1,0,ok,"{""sentences"": [""I hear you."", ""We can pause here for a moment.""], ""safety"": ""ok""}",1,2176,2.6894000002357643,0.0018000000636675395,0.00019999970390927047,0.013699999726668466,0.005300000339047983,2.7159999999639695
146,d17_u3,neutral,train,17,3,bc,2,1,1,0,0,0,1,1,0,ok,"{""sentences"": [""I hear you."", ""We can pause here for a moment.""], ""safety"": ""ok""}",1,2176,2.592299999378156,0.0018999999156221747,0.0002999995558639057,0.01359999987471383,0.005100000635138713,2.6185000006080372
147,d17_u5,neutral,train,17,5,bc,2,1,1,0,0,0,1,1,0,ok,"{""sentences"": [""I hear you."", ""We can pause here for a moment.""], ""safety"": ""ok""}",1,2176,3.0925000000934233,0.0018000000636675395,0.00019999970390927047,0.013500000022759195,0.005099999725644011,3.1185999996523606
148,d17_u7,happy,train,17,7,bc,2,1,1,0,0,0,1,1,0,ok,"{""sentences"": [""I hear you."", ""We can pause here for a moment.""], ""safety"": ""ok""}",1,2176,2.6010000001406297,0.0017999991541728377,0.0002999995558639057,0.013899999430577736,0.005399999281507917,2.6281000000381027
149,d17_u8,happy,train,17,8,bc,2,1,1,0,0,0,1,1,0,ok,"{""sentences"": [""I hear you."", ""We can pause here for a moment.""], ""safety"": ""ok""}",1,2176,2.813199999764038,0.0017000002117129043,0.00030000046535860747,0.013300000318849925,0.004999999873689376,2.8391000005285605
150,d17_u9,happy,train,17,9,bc,2,1,1,0,0,0,1,1,0,ok,"{""sentences"": [""I hear you."", ""We can pause here for a moment.""], ""safety"": ""ok""}",1,2176,2.267000000756525,0.0018000000636675395,0.00019999970390927047,0.013300000318849925,0.005100000635138713,2.293200000167417
151,d17_u10,happy,train,17,10,bc,2,1,1,0,0,0,1,1,0,ok,"{""sentences"": [""I hear you."", ""We can pause here for a moment.""], ""safety"": ""ok""}",1,2176,4.119100000025355,0.0018000000636675395,0.0002999995558639057,0.013799999578623101,0.005099999725644011,4.145599999901606
152,d18_u0,neutral,train,18,0,bc,2,1,1,0,0,0,1,1,0,ok,"{""sentences"": [""I hear you."", ""We can pause here for a moment.""], ""safety"": ""ok""}",1,2176,3.724099999999453,0.0016999993022182025,0.0002999995558639057,0.013999999282532372,0.005199999577598646,3.7511000000449712
153,d18_u1,neutral,train,18,1,bc,2,1,1,0,0,0,1,1,0,ok,"{""sentences"": [""I hear you."", ""We can pause here for a moment.""], ""safety"": ""ok""}",1,2176,3.1713000007584924,0.0017000002117129043,0.00030000046535860747,0.014000000192027073,0.005200000487093348,3.1982000000425614
154,d18_u2,neutral,train,18,2,bc,2,1,1,0,0,0,1,1,0,ok,"{""sentences"": [""I hear you."", ""We can pause here for a moment.""], ""safety"": ""ok""}",1,2176,2.7646999997159583,0.0018000000636675395,0.00030000046535860747,0.014100000043981709,0.005300000339047983,2.7924000005441485
155,d18_u3,happy,train,18,3,bc,2,1,1,0,0,0,1,1,0,ok,"{""sentences"": [""I hear you."", ""We can pause here for a moment.""], ""safety"": ""ok""}",1,2176,2.655899999808753,0.0018000000636675395,0.00020000061340397224,0.01430000065738568,0.005199999577598646,2.68320000031963
156,d18_u4,neutral,train,18,4,bc,2,1,1,0,0,0,1,1,0,ok,"{""sentences"": [""I hear you."", ""We can pause here for a moment.""], ""safety"": ""ok""}",1,2176,3.405600000405684,0.0018999999156221747,0.00019999970390927047,0.020500000573520083,0.005199999577598646,3.4389999991617515
157,d18_u5,happy,train,18,5,bc,2,1,1,0,0,0,1,1,0,ok,"{""sentences"": [""I hear you."", ""We can pause here for a moment.""], ""safety"": ""ok""}",1,2176,3.238400000554975,0.0017000002117129043,0.0002999995558639057,0.01340000017080456,0.004900000021734741,3.264099999796599
158,d18_u7,neutral,train,18,7,bc,2,1,1,0,0,0,1,1,0,ok,"{""sentences"": [""I hear you."", ""We can pause here for a moment.""], ""safety"": ""ok""}",1,2176,2.337500000066939,0.0018000000636675395,0.00020000061340397224,0.014000000192027073,0.005300000339047983,2.364799999668321
159,d18_u8,sad,train,18,8,bc,2,1,1,0,0,0,1,1,0,ok,"{""sentences"": [""I hear you."", ""We can pause here for a moment.""], ""safety"": ""ok""}",1,2176,2.916899999945599,0.0017000002117129043,0.00019999970390927047,0.014100000043981709,0.005199999577598646,2.9438999999911175
160,d19_u0,neutral,train,19,0,bc,2,1,1,0,0,0,1,1,0,ok,"{""sentences"": [""I hear you."", ""We can pause here for a moment.""], ""safety"": ""ok""}",1,2176,2.7473999998619547,0.0018999999156221747,0.00019999970390927047,0.013800000488117803,0.0052999994295532815,2.7748000002247863
161,d19_u1,neutral,train,19,1,bc,2,1,1,0,0,0,1,1,0,ok,"{""sentences"": [""I hear you."", ""We can pause here for a moment.""], ""safety"": ""ok""}",1,2176,3.148499999952037,0.0018000000636675395,0.00030000046535860747,0.014000000192027073,0.005200000487093348,3.1754000001456006
162,d20_u0,neutral,train,20,0,bc,2,1,1,0,0,0,1,1,0,ok,"{""sentences"": [""I hear you."", ""We can pause here for a moment.""], ""safety"": ""ok""}",1,2176,2.765199999885226,0.0018000000636675395,0.00030000046535860747,0.013799999578623101,0.005199999577598646,2.7920000002268353
163,d20_u1,happy,train,20,1,bc,2,1,1,0,0,0,1,1,0,ok,"{""sentences"": [""I hear you."", ""We can pause here for a moment.""], ""safety"": ""ok""}",1,2176,2.706600000237813,0.0017999991541728377,0.00030000046535860747,0.013500000022759195,0.005199999577598646,2.732799999648705
164,d20_u2,happy,train,20,2,bc,2,1,1,0,0,0,1,1,0,ok,"{""sentences"": [""I hear you."", ""We can pause here for a moment.""], ""safety"": ""ok""}",1,2176,3.3448000003772904,0.001600000359758269,0.00019999970390927047,0.01269999938813271,0.004599999556376133,3.3690000000206055
165,d20_u3,happy,train,20,3,bc,2,1,1,0,0,0,1,1,0,ok,"{""sentences"": [""I hear you."", ""We can pause here for a moment.""], ""safety"": ""ok""}",1,2176,2.2601999999096734,0.0018999999156221747,0.00030000046535860747,0.013700000636163168,0.005199999577598646,2.2870000002512825
166,d20_u4,happy,train,20,4,bc,2,1,1,0,0,0,1,1,0,ok,"{""sentences"": [""I hear you."", ""We can pause here for a moment.""], ""safety"": ""ok""}",1,2176,2.7048000001741457,0.0018999999156221747,0.0002999995558639057,0.013699999726668466,0.005099999725644011,2.7314000008118455
167,d20_u5,happy,train,20,5,bc,2,1,1,0,0,0,1,1,0,ok,"{""sentences"": [""I hear you."", ""We can pause here for a moment.""], ""safety"": ""ok""}",1,2176,2.378799999860348,0.0018000000636675395,0.00030000046535860747,0.013700000636163168,0.004999999873689376,2.405199999884644
168,d20_u6,happy,train,20,6,bc,2,1,1,0,0,0,1,1,0,ok,"{""sentences"": [""I hear you."", ""We can pause here for a moment.""], ""safety"": ""ok""}",1,2176,2.631699999255943,0.0018000000636675395,0.00030000046535860747,0.014000000192027073,0.0054000001910026185,2.6588999999148655
169,d20_u7,happy,train,20,7,bc,2,1,1,0,0,0,1,1,0,ok,"{""sentences"": [""I hear you."", ""We can pause here for a moment.""], ""safety"": ""ok""}",1,2176,3.291900000476744,0.0018999999156221747,0.0002999995558639057,0.01359999987471383,0.005200000487093348,3.3186999999088584
170,d20_u8,neutral,train,20,8,bc,2,1,1,0,0,0,1,1,0,ok,"{""sentences"": [""I hear you."", ""We can pause here for a moment.""], ""safety"": ""ok""}",1,2176,2.4447999994663405,0.0018999999156221747,0.00020000061340397224,0.013999999282532372,0.0054000001910026185,2.472199999829172
171,d20_u9,neutral,train,20,9,bc,2,1,1,0,0,0,1,1,0,ok,"{""sentences"": [""I hear you."", ""We can pause here for a moment.""], ""safety"": ""ok""}",1,2176,2.9294000005393173,0.0018000000636675395,0.00030000046535860747,0.013899999430577736,0.005300000339047983,2.956399999675341
172,d20_u10,neutral,train,20,10,bc,2,1,1,0,0,0,1,1,0,ok,"{""sentences"": [""I hear you."", ""We can pause here for a moment.""], ""safety"": ""ok""}",1,2176,2.744200000051933,0.0018000000636675395,0.00030000046535860747,0.013800000488117803,0.0054000001910026185,2.7712000000974513
173,d20_u11,neutral,train,20,11,bc,2,1,1,0,0,0,1,1,0,ok,"{""sentences"": [""I hear you."", ""We can pause here for a moment.""], ""safety"": ""ok""}",1,2176,2.816799999891373,0.0018000000636675395,0.00030000046535860747,0.013900000340072438,0.005599999894911889,2.844099999492755
174,d20_u12,happy,train,20,12,bc,2,1,1,0,0,0,1,1,0,ok,"{""sentences"": [""I hear you."", ""We can pause here for a moment.""], ""safety"": ""ok""}",1,2176,2.834900000380003,0.0018000000636675395,0.00020000061340397224,0.01359999987471383,0.004999999873689376,2.8611999996428494
175,d20_u13,happy,train,20,13,bc,2,1,1,0,0,0,1,1,0,ok,"{""sentences"": [""I hear you."", ""We can pause here for a moment.""], ""safety"": ""ok""}",1,2176,2.5120000000242726,0.0018999999156221747,0.00030000046535860747,0.014100000043981709,0.005100000635138713,2.539299999625655
176,d20_u14,happy,train,20,14,bc,2,1,1,0,0,0,1,1,0,ok,"{""sentences"": [""I hear you."", ""We can pause here for a moment.""], ""safety"": ""ok""}",1,2176,2.75820000024396,0.0017000002117129043,0.00030000046535860747,0.013799999578623101,0.005200000487093348,2.7852000002894783
177,d20_u16,neutral,train,20,16,bc,2,1,1,0,0,0,1,1,0,ok,"{""sentences"": [""I hear you."", ""We can pause here for a moment.""], ""safety"": ""ok""}",1,2176,2.622500000143191,0.0018999999156221747,0.00030000046535860747,0.01340000017080456,0.005099999725644011,2.648399999998219
178,d21_u1,neutral,train,21,1,bc,2,1,1,0,0,0,1,1,0,ok,"{""sentences"": [""I hear you."", ""We can pause here for a moment.""], ""safety"": ""ok""}",1,2176,2.789400000438036,0.0019000008251168765,0.0002999995558639057,0.014100000043981709,0.005300000339047983,2.8167000000394182
179,d21_u2,happy,train,21,2,bc,2,1,1,0,0,0,1,1,0,ok,"{""sentences"": [""I hear you."", ""We can pause here for a moment.""], ""safety"": ""ok""}",1,2176,2.7706999999281834,0.0018000000636675395,0.00030000046535860747,0.013700000636163168,0.0052999994295532815,2.797400000417838
180,d21_u4,neutral,train,21,4,bc,2,1,1,0,0,0,1,1,0,ok,"{""sentences"": [""I hear you."", ""We can pause here for a moment.""], ""safety"": ""ok""}",1,2176,3.096200000072713,0.0017000002117129043,0.00019999970390927047,0.013900000340072438,0.005099999725644011,3.1231000002662768
181,d21_u6,angry,train,21,6,bc,2,1,1,0,0,0,1,1,0,ok,"{""sentences"": [""I hear you."", ""We can pause here for a moment.""], ""safety"": ""ok""}",1,2176,2.9138999998394866,0.0018999999156221747,0.00020000061340397224,0.014200000805431046,0.005099999725644011,2.941199999440869
182,d21_u7,neutral,train,21,7,bc,2,1,1,0,0,0,1,1,0,ok,"{""sentences"": [""I hear you."", ""We can pause here for a moment.""], ""safety"": ""ok""}",1,2176,3.011499999956868,0.0018999999156221747,0.0002999995558639057,0.014100000043981709,0.0054000001910026185,3.038699999706296
183,d21_u9,neutral,train,21,9,bc,2,1,1,0,0,0,1,1,0,ok,"{""sentences"": [""I hear you."", ""We can pause here for a moment.""], ""safety"": ""ok""}",1,2176,2.4350000003323657,0.0018999999156221747,0.0002999995558639057,0.013800000488117803,0.0052999994295532815,2.462000000377884
184,d21_u10,neutral,train,21,10,bc,2,1,1,0,0,0,1,1,0,ok,"{""sentences"": [""I hear you."", ""We can pause here for a moment.""], ""safety"": ""ok""}",1,2176,3.1324000001404784,0.0018999999156221747,0.0002999995558639057,0.01359999987471383,0.005099999725644011,3.1588000001647742
185,d21_u12,neutral,train,21,12,bc,2,1,1,0,0,0,1,1,0,ok,"{""sentences"": [""I hear you."", ""We can pause here for a moment.""], ""safety"": ""ok""}",1,2176,3.5219000001234235,0.001499999598308932,0.00030000046535860747,0.01249999968422344,0.004599999556376133,3.545299999132112
186,d21_u13,happy,train,21,13,bc,2,1,1,0,0,0,1,1,0,ok,"{""sentences"": [""I hear you."", ""We can pause here for a moment.""], ""safety"": ""ok""}",1,2176,2.521800000067742,0.0016999993022182025,0.00019999970390927047,0.013699999726668466,0.004800000169780105,2.5478999996266793
187,d22_u1,neutral,train,22,1,bc,2,1,1,0,0,0,1,1,0,ok,"{""sentences"": [""I hear you."", ""We can pause here for a moment.""], ""safety"": ""ok""}",1,2176,2.0915000004606554,0.0018000000636675395,0.00019999970390927047,0.013500000022759195,0.004999999873689376,2.117799999723502
188,d22_u3,neutral,train,22,3,bc,2,1,1,0,0,0,1,1,0,ok,"{""sentences"": [""I hear you."", ""We can pause here for a moment.""], ""safety"": ""ok""}",1,2176,2.4515000004612375,0.0018000000636675395,0.0002999995558639057,0.013900000340072438,0.004999999873689376,2.478299999893352
189,d23_u1,angry,train,23,1,bc,2,1,1,0,0,0,1,1,0,ok,"{""sentences"": [""I hear you."", ""We can pause here for a moment.""], ""safety"": ""ok""}",1,2176,2.8735000005326583,0.0018000000636675395,0.00030000046535860747,0.013399999261309858,0.005199999577598646,2.8998999996474595
190,d23_u3,happy,train,23,3,bc,2,1,1,0,0,0,1,1,0,ok,"{""sentences"": [""I hear you."", ""We can pause here for a moment.""], ""safety"": ""ok""}",1,2176,3.0430999995587626,0.0018000000636675395,0.00019999970390927047,0.01359999987471383,0.005200000487093348,3.069600000344508
191,d23_u4,neutral,train,23,4,bc,2,1,1,0,0,0,1,1,0,ok,"{""sentences"": [""I hear you."", ""We can pause here for a moment.""], ""safety"": ""ok""}",1,2176,2.3677000008319737,0.0018000000636675395,0.00019999970390927047,0.013300000318849925,0.005100000635138713,2.3939000002428656
192,d23_u5,neutral,train,23,5,bc,2,1,1,0,0,0,1,1,0,ok,"{""sentences"": [""I hear you."", ""We can pause here for a moment.""], ""safety"": ""ok""}",1,2176,2.7298000004520873,0.0016999993022182025,0.0002999995558639057,0.014000000192027073,0.00470000031782547,2.756500000032247
193,d23_u6,neutral,train,23,6,bc,2,1,1,0,0,0,1,1,0,ok,"{""sentences"": [""I hear you."", ""We can pause here for a moment.""], ""safety"": ""ok""}",1,2176,3.034000000297965,0.0017000002117129043,0.00030000046535860747,0.013300000318849925,0.011000000085914508,3.0653999992864556
194,d23_u7,neutral,train,23,7,bc,2,1,1,0,0,0,1,1,0,ok,"{""sentences"": [""I hear you."", ""We can pause here for a moment.""], ""safety"": ""ok""}",1,2176,2.6092999996762956,0.0017000002117129043,0.00019999970390927047,0.01340000017080456,0.004999999873689376,2.635300000292773
195,d24_u0,neutral,train,24,0,bc,2,1,1,0,0,0,1,1,0,ok,"{""sentences"": [""I hear you."", ""We can pause here for a moment.""], ""safety"": ""ok""}",1,2176,3.0200999999578926,0.0018000000636675395,0.00019999970390927047,0.01359999987471383,0.004999999873689376,3.0464999999821885
196,d24_u1,neutral,train,24,1,bc,2,1,1,0,0,0,1,1,0,ok,"{""sentences"": [""I hear you."", ""We can pause here for a moment.""], ""safety"": ""ok""}",1,2176,2.8060000004188623,0.0020000006770715117,0.0004000003173132427,0.013999999282532372,0.005099999725644011,2.8333999998721993
197,d24_u2,neutral,train,24,2,bc,2,1,1,0,0,0,1,1,0,ok,"{""sentences"": [""I hear you."", ""We can pause here for a moment.""], ""safety"": ""ok""}",1,2176,2.327299999706156,0.0018000000636675395,0.00030000046535860747,0.014000000192027073,0.005100000635138713,2.354399999603629
198,d24_u3,happy,train,24,3,bc,2,1,1,0,0,0,1,1,0,ok,"{""sentences"": [""I hear you."", ""We can pause here for a moment.""], ""safety"": ""ok""}",1,2176,2.800500000375905,0.0018999999156221747,0.0002999995558639057,0.013699999726668466,0.005099999725644011,2.8272999998080195
199,d24_u5,neutral,train,24,5,bc,2,1,1,0,0,0,1,1,0,ok,"{""sentences"": [""I hear you."", ""We can pause here for a moment.""], ""safety"": ""ok""}",1,2176,3.1689000006736023,0.0018999999156221747,0.0002999995558639057,0.01359999987471383,0.005099999725644011,3.195199999936449
200,d24_u6,neutral,train,24,6,bc,2,1,1,0,0,0,1,1,0,ok,"{""sentences"": [""I hear you."", ""We can pause here for a moment.""], ""safety"": ""ok""}",1,2176,2.9010000007474446,0.0018000000636675395,0.0002999995558639057,0.013900000340072438,0.004999999873689376,2.9273999998622457
201,d24_u7,happy,train,24,7,bc,2,1,1,0,0,0,1,1,0,ok,"{""sentences"": [""I hear you."", ""We can pause here for a moment.""], ""safety"": ""ok""}",1,2176,2.36140000015439,0.0018000000636675395,0.00030000046535860747,0.013500000022759195,0.005200000487093348,2.3876999994172365
202,d25_u0,happy,train,25,0,bc,2,1,1,0,0,0,1,1,0,ok,"{""sentences"": [""I hear you."", ""We can pause here for a moment.""], ""safety"": ""ok""}",1,2176,3.0931999999666004,0.0017000002117129043,0.00019999970390927047,0.013900000340072438,0.004999999873689376,3.120100000160164
203,d25_u1,happy,train,25,1,bc,2,1,1,0,0,0,1,1,0,ok,"{""sentences"": [""I hear you."", ""We can pause here for a moment.""], ""safety"": ""ok""}",1,2176,2.6140999998460757,0.0017000002117129043,0.00019999970390927047,0.013699999726668466,0.005100000635138713,2.640599999722326
204,d25_u2,happy,train,25,2,bc,2,1,1,0,0,0,1,1,0,ok,"{""sentences"": [""I hear you."", ""We can pause here for a moment.""], ""safety"": ""ok""}",1,2176,2.66990000000078,0.0017000002117129043,0.00020000061340397224,0.013299999409355223,0.005099999725644011,2.696099999411672
205,d25_u3,happy,train,25,3,bc,2,1,1,0,0,0,1,1,0,ok,"{""sentences"": [""I hear you."", ""We can pause here for a moment.""], ""safety"": ""ok""}",1,2176,2.8410000004441827,0.0018000000636675395,0.00030000046535860747,0.013699999726668466,0.004999999873689376,2.867399999558984
206,d25_u4,neutral,train,25,4,bc,2,1,1,0,0,0,1,1,0,ok,"{""sentences"": [""I hear you."", ""We can pause here for a moment.""], ""safety"": ""ok""}",1,2176,2.6511000005484675,0.0018000000636675395,0.00030000046535860747,0.029999999242136255,0.005199999577598646,2.6941999994960497
207,d25_u5,neutral,train,25,5,bc,2,1,1,0,0,0,1,1,0,ok,"{""sentences"": [""I hear you."", ""We can pause here for a moment.""], ""safety"": ""ok""}",1,2176,2.732300000388932,0.0018000000636675395,0.0002999995558639057,0.014100000043981709,0.005200000487093348,2.7595000001383596
208,d25_u6,neutral,train,25,6,bc,2,1,1,0,0,0,1,1,0,ok,"{""sentences"": [""I hear you."", ""We can pause here for a moment.""], ""safety"": ""ok""}",1,2176,3.419499999836262,0.0018000000636675395,0.00030000046535860747,0.014199999895936344,0.0054000001910026185,3.4470999999030028
209,d25_u7,neutral,train,25,7,bc,2,1,1,0,0,0,1,1,0,ok,"{""sentences"": [""I hear you."", ""We can pause here for a moment.""], ""safety"": ""ok""}",1,2176,2.482800000507268,0.0018999999156221747,0.00030000046535860747,0.013900000340072438,0.005200000487093348,2.509799999643292
210,d25_u8,neutral,train,25,8,bc,2,1,1,0,0,0,1,1,0,ok,"{""sentences"": [""I hear you."", ""We can pause here for a moment.""], ""safety"": ""ok""}",1,2176,3.070799999477458,0.0018999999156221747,0.0002999995558639057,0.014100000043981709,0.005199999577598646,3.098300000601739
211,d25_u9,neutral,train,25,9,bc,2,1,1,0,0,0,1,1,0,ok,"{""sentences"": [""I hear you."", ""We can pause here for a moment.""], ""safety"": ""ok""}",1,2176,2.8720999998768093,0.0018000000636675395,0.00020000061340397224,0.013800000488117803,0.005099999725644011,2.8986000006625545
212,d25_u10,neutral,train,25,10,bc,2,1,1,0,0,0,1,1,0,ok,"{""sentences"": [""I hear you."", ""We can pause here for a moment.""], ""safety"": ""ok""}",1,2176,2.616900000248279,0.0018000000636675395,0.0002999995558639057,0.013699999726668466,0.005199999577598646,2.643499999976484
213,d25_u12,neutral,train,25,12,bc,2,1,1,0,0,0,1,1,0,ok,"{""sentences"": [""I hear you."", ""We can pause here for a moment.""], ""safety"": ""ok""}",1,2176,2.784600000268256,0.0018999999156221747,0.00020000061340397224,0.01359999987471383,0.005099999725644011,2.810999999383057
214,d25_u13,neutral,train,25,13,bc,2,1,1,0,0,0,1,1,0,ok,"{""sentences"": [""I hear you."", ""We can pause here for a moment.""], ""safety"": ""ok""}",1,2176,2.9105000003255554,0.0019000008251168765,0.0002999995558639057,0.014100000043981709,0.005099999725644011,2.9377999999269377
215,d26_u1,neutral,train,26,1,bc,2,1,1,0,0,0,1,1,0,ok,"{""sentences"": [""I hear you."", ""We can pause here for a moment.""], ""safety"": ""ok""}",1,2176,2.365000000281725,0.0018000000636675395,0.0002999995558639057,0.030299999707494862,0.022300000637187622,2.425599999696715
216,d26_u3,neutral,train,26,3,bc,2,1,1,0,0,0,1,1,0,ok,"{""sentences"": [""I hear you."", ""We can pause here for a moment.""], ""safety"": ""ok""}",1,2176,3.070800000386953,0.0018000000636675395,0.0002999995558639057,0.013299999409355223,0.005099999725644011,3.096699999332486
217,d26_u4,neutral,train,26,4,bc,2,1,1,0,0,0,1,1,0,ok,"{""sentences"": [""I hear you."", ""We can pause here for a moment.""], ""safety"": ""ok""}",1,2176,3.17319999976462,0.0017000002117129043,0.00030000046535860747,0.013700000636163168,0.004999999873689376,3.199799999492825
218,d26_u5,happy,train,26,5,bc,2,1,1,0,0,0,1,1,0,ok,"{""sentences"": [""I hear you."", ""We can pause here for a moment.""], ""safety"": ""ok""}",1,2176,2.6337999997849693,0.0018000000636675395,0.00030000046535860747,0.01359999987471383,0.004999999873689376,2.6603999995131744
219,d26_u6,happy,train,26,6,bc,2,1,1,0,0,0,1,1,0,ok,"{""sentences"": [""I hear you."", ""We can pause here for a moment.""], ""safety"": ""ok""}",1,2176,2.6239999997414998,0.0018999999156221747,0.00030000046535860747,0.01359999987471383,0.004999999873689376,2.6502000000618864
220,d26_u7,happy,train,26,7,bc,2,1,1,0,0,0,1,1,0,ok,"{""sentences"": [""I hear you."", ""We can pause here for a moment.""], ""safety"": ""ok""}",1,2176,2.6431999995111255,0.0018999999156221747,0.0002999995558639057,0.013900000340072438,0.005099999725644011,2.670399999260553
221,d26_u8,neutral,train,26,8,bc,2,1,1,0,0,0,1,1,0,ok,"{""sentences"": [""I hear you."", ""We can pause here for a moment.""], ""safety"": ""ok""}",1,2176,2.9346999999688705,0.0018000000636675395,0.00030000046535860747,0.030899999728717376,0.005500000042957254,2.9791999995723017
222,d26_u9,neutral,train,26,9,bc,2,1,1,0,0,0,1,1,0,ok,"{""sentences"": [""I hear you."", ""We can pause here for a moment.""], ""safety"": ""ok""}",1,2176,2.6056999995489605,0.0017000002117129043,0.00019999970390927047,0.01359999987471383,0.005100000635138713,2.632100000482751
223,d26_u10,neutral,train,26,10,bc,2,1,1,0,0,0,1,1,0,ok,"{""sentences"": [""I hear you."", ""We can pause here for a moment.""], ""safety"": ""ok""}",1,2176,3.006699999787088,0.0018999999156221747,0.00020000061340397224,0.013800000488117803,0.005800000508315861,3.034500000467233
224,d26_u11,sad,train,26,11,bc,2,1,1,0,0,0,1,1,0,ok,"{""sentences"": [""I hear you."", ""We can pause here for a moment.""], ""safety"": ""ok""}",1,2176,2.7753000003940542,0.0018000000636675395,0.0002999995558639057,0.014199999895936344,0.005599999894911889,2.8032999998686137
225,d26_u12,neutral,train,26,12,bc,2,1,1,0,0,0,1,1,0,ok,"{""sentences"": [""I hear you."", ""We can pause here for a moment.""], ""safety"": ""ok""}",1,2176,2.80650000058813,0.016599999980826396,0.0002999995558639057,0.030500000320898835,0.017100000150094274,2.876999999898544
226,d26_u13,neutral,train,26,13,bc,2,1,1,0,0,0,1,1,0,ok,"{""sentences"": [""I hear you."", ""We can pause here for a moment.""], ""safety"": ""ok""}",1,2176,2.911399999902642,0.0018000000636675395,0.0002999995558639057,0.013800000488117803,0.005199999577598646,2.9377999999269377
227,d27_u0,sad,train,27,0,bc,2,1,1,0,0,0,1,1,0,ok,"{""sentences"": [""I hear you."", ""We can pause here for a moment.""], ""safety"": ""ok""}",1,2176,2.603599999929429,0.00199999976757681,0.00030000046535860747,0.013899999430577736,0.005099999725644011,2.6307999996788567
228,d27_u1,happy,train,27,1,bc,2,1,1,0,0,0,1,1,0,ok,"{""sentences"": [""I hear you."", ""We can pause here for a moment.""], ""safety"": ""ok""}",1,2176,2.4474000001646345,0.0016999993022182025,0.00019999970390927047,0.013399999261309858,0.004999999873689376,2.473200000167708
229,d28_u0,angry,train,28,0,bc,2,1,1,0,0,0,1,1,0,ok,"{""sentences"": [""I hear you."", ""We can pause here for a moment.""], ""safety"": ""ok""}",1,2176,3.1355000000985456,0.0016999993022182025,0.00019999970390927047,0.013500000022759195,0.004999999873689376,3.161799999361392
230,d28_u1,angry,train,28,1,bc,2,1,1,0,0,0,1,1,0,ok,"{""sentences"": [""I hear you."", ""We can pause here for a moment.""], ""safety"": ""ok""}",1,2176,2.7181000004929956,0.0018000000636675395,0.00020000061340397224,0.014200000805431046,0.005399999281507917,2.745400000094378
231,d28_u2,angry,train,28,2,bc,2,1,1,0,0,0,1,1,0,ok,"{""sentences"": [""I hear you."", ""We can pause here for a moment.""], ""safety"": ""ok""}",1,2176,3.0008000003363122,0.00199999976757681,0.00020000061340397224,0.014400000509340316,0.005500000042957254,3.028699999958917
232,d28_u3,happy,train,28,3,bc,2,1,1,0,0,0,1,1,0,ok,"{""sentences"": [""I hear you."", ""We can pause here for a moment.""], ""safety"": ""ok""}",1,2176,2.394099999946775,0.0018000000636675395,0.0002999995558639057,0.013500000022759195,0.004999999873689376,2.420200000415207
233,d28_u5,happy,train,28,5,bc,2,1,1,0,0,0,1,1,0,ok,"{""sentences"": [""I hear you."", ""We can pause here for a moment.""], ""safety"": ""ok""}",1,2176,2.7641000006042304,0.0017000002117129043,0.00019999970390927047,0.013699999726668466,0.005300000339047983,2.790900000036345
234,d28_u7,sad,train,28,7,bc,2,1,1,0,0,0,1,1,0,ok,"{""sentences"": [""I hear you."", ""We can pause here for a moment.""], ""safety"": ""ok""}",1,2176,2.7668000002449844,0.0018000000636675395,0.00019999970390927047,0.013799999578623101,0.005300000339047983,2.793599999677099
235,d29_u1,happy,train,29,1,bc,2,1,1,0,0,0,1,1,0,ok,"{""sentences"": [""I hear you."", ""We can pause here for a moment.""], ""safety"": ""ok""}",1,2176,2.7864000003319234,0.0018999999156221747,0.0002999995558639057,0.013899999430577736,0.004999999873689376,2.8180999997857725
236,d29_u2,neutral,train,29,2,bc,2,1,1,0,0,0,1,1,0,ok,"{""sentences"": [""I hear you."", ""We can pause here for a moment.""], ""safety"": ""ok""}",1,2176,3.142900000057125,0.0018000000636675395,0.00020000061340397224,0.01359999987471383,0.005100000635138713,3.1692000002294662
237,d29_u3,happy,train,29,3,bc,2,1,1,0,0,0,1,1,0,ok,"{""sentences"": [""I hear you."", ""We can pause here for a moment.""], ""safety"": ""ok""}",1,2176,2.869299999474606,0.0017000002117129043,0.00030000046535860747,0.012900000001536682,0.005100000635138713,2.894400000513997
238,d29_u6,angry,train,29,6,bc,2,1,1,0,0,0,1,1,0,ok,"{""sentences"": [""I hear you."", ""We can pause here for a moment.""], ""safety"": ""ok""}",1,2176,2.367400000366615,0.0018000000636675395,0.00030000046535860747,0.013700000636163168,0.005199999577598646,2.3940000000948203
239,d29_u7,angry,train,29,7,bc,2,1,1,0,0,0,1,1,0,ok,"{""sentences"": [""I hear you."", ""We can pause here for a moment.""], ""safety"": ""ok""}",1,2176,3.2178000001295004,0.0017000002117129043,0.00019999970390927047,0.013699999726668466,0.005100000635138713,3.244000000449887
240,d29_u8,angry,train,29,8,bc,2,1,1,0,0,0,1,1,0,ok,"{""sentences"": [""I hear you."", ""We can pause here for a moment.""], ""safety"": ""ok""}",1,2176,2.329699999791046,0.0016999993022182025,0.00020000061340397224,0.01320000046689529,0.004900000021734741,2.355199999328761
241,d29_u9,neutral,train,29,9,bc,2,1,1,0,0,0,1,1,0,ok,"{""sentences"": [""I hear you."", ""We can pause here for a moment.""], ""safety"": ""ok""}",1,2176,3.0307999995784485,0.001600000359758269,0.00019999970390927047,0.012900000001536682,0.004800000169780105,3.0554999993910315
242,d29_u10,angry,train,29,10,bc,2,1,1,0,0,0,1,1,0,ok,"{""sentences"": [""I hear you."", ""We can pause here for a moment.""], ""safety"": ""ok""}",1,2176,2.5112999992416007,0.0018000000636675395,0.00019999970390927047,0.01340000017080456,0.005099999725644011,2.5374000006195274
243,d29_u11,angry,train,29,11,bc,2,1,1,0,0,0,1,1,0,ok,"{""sentences"": [""I hear you."", ""We can pause here for a moment.""], ""safety"": ""ok""}",1,2176,2.659000000676315,0.0018000000636675395,0.00030000046535860747,0.013299999409355223,0.004999999873689376,2.6852999999391614
244,d29_u13,neutral,train,29,13,bc,2,1,1,0,0,0,1,1,0,ok,"{""sentences"": [""I hear you."", ""We can pause here for a moment.""], ""safety"": ""ok""}",1,2176,2.7933999999731896,0.0018000000636675395,0.00020000061340397224,0.01359999987471383,0.005199999577598646,2.8197999999974854
245,d30_u0,neutral,train,30,0,bc,2,1,1,0,0,0,1,1,0,ok,"{""sentences"": [""I hear you."", ""We can pause here for a moment.""], ""safety"": ""ok""}",1,2176,2.4012000003494904,0.0018999999156221747,0.0002999995558639057,0.013899999430577736,0.004999999873689376,2.4280999996335595
246,d30_u1,happy,train,30,1,bc,2,1,1,0,0,0,1,1,0,ok,"{""sentences"": [""I hear you."", ""We can pause here for a moment.""], ""safety"": ""ok""}",1,2176,2.9588999996121856,0.0018000000636675395,0.00020000061340397224,0.013300000318849925,0.004999999873689376,2.984600000672799
247,d30_u2,neutral,train,30,2,bc,2,1,1,0,0,0,1,1,0,ok,"{""sentences"": [""I hear you."", ""We can pause here for a moment.""], ""safety"": ""ok""}",1,2176,2.5908999996318016,0.0018999999156221747,0.0002999995558639057,0.013900000340072438,0.004900000021734741,2.61780000073486
248,d30_u3,neutral,train,30,3,bc,2,1,1,0,0,0,1,1,0,ok,"{""sentences"": [""I hear you."", ""We can pause here for a moment.""], ""safety"": ""ok""}",1,2176,3.014400000211026,0.0018999999156221747,0.0002999995558639057,0.01320000046689529,0.004999999873689376,3.040500000679458
249,d30_u4,angry,train,30,4,bc,2,1,1,0,0,0,1,1,0,ok,"{""sentences"": [""I hear you."", ""We can pause here for a moment.""], ""safety"": ""ok""}",1,2176,2.630999999382766,0.0018000000636675395,0.00030000046535860747,0.014100000043981709,0.005099999725644011,2.6582000000416883
250,d30_u6,angry,train,30,6,bc,2,1,1,0,0,0,1,1,0,ok,"{""sentences"": [""I hear you."", ""We can pause here for a moment.""], ""safety"": ""ok""}",1,2176,2.722399999584013,0.0018000000636675395,0.00020000061340397224,0.013900000340072438,0.005100000635138713,2.7493000006870716
251,d30_u8,neutral,train,30,8,bc,2,1,1,0,0,0,1,1,0,ok,"{""sentences"": [""I hear you."", ""We can pause here for a moment.""], ""safety"": ""ok""}",1,2176,2.744600000369246,0.0018000000636675395,0.00019999970390927047,0.013699999726668466,0.005200000487093348,2.7713999998013605
252,d30_u9,neutral,train,30,9,bc,2,1,1,0,0,0,1,1,0,ok,"{""sentences"": [""I hear you."", ""We can pause here for a moment.""], ""safety"": ""ok""}",1,2176,2.971599999909813,0.0018000000636675395,0.00030000046535860747,0.013500000022759195,0.005200000487093348,2.998400000251422
253,d30_u10,neutral,train,30,10,bc,2,1,1,0,0,0,1,1,0,ok,"{""sentences"": [""I hear you."", ""We can pause here for a moment.""], ""safety"": ""ok""}",1,2176,2.5402999999641906,0.0017000002117129043,0.00020000061340397224,0.013700000636163168,0.004999999873689376,2.566599999227037
254,d30_u12,neutral,train,30,12,bc,2,1,1,0,0,0,1,1,0,ok,"{""sentences"": [""I hear you."", ""We can pause here for a moment.""], ""safety"": ""ok""}",1,2176,2.5911999991876655,0.0018000000636675395,0.00020000061340397224,0.013900000340072438,0.005200000487093348,2.6182000001426786
255,d30_u13,neutral,train,30,13,bc,2,1,1,0,0,0,1,1,0,ok,"{""sentences"": [""I hear you."", ""We can pause here for a moment.""], ""safety"": ""ok""}",1,2176,2.9773000005661743,0.0018000000636675395,0.00020000061340397224,0.013799999578623101,0.005300000339047983,3.0043999995541526
256,d30_u14,angry,train,30,14,bc,2,1,1,0,0,0,1,1,0,ok,"{""sentences"": [""I hear you."", ""We can pause here for a moment.""], ""safety"": ""ok""}",1,2176,2.732099999775528,0.0018000000636675395,0.00020000061340397224,0.014199999895936344,0.005199999577598646,2.759499999228865
257,d31_u0,neutral,train,31,0,bc,2,1,1,0,0,0,1,1,0,ok,"{""sentences"": [""I hear you."", ""We can pause here for a moment.""], ""safety"": ""ok""}",1,2176,2.720000000408618,0.0018999999156221747,0.00019999970390927047,0.013900000340072438,0.005300000339047983,2.747100000306091
258,d31_u1,neutral,train,31,1,bc,2,1,1,0,0,0,1,1,0,ok,"{""sentences"": [""I hear you."", ""We can pause here for a moment.""], ""safety"": ""ok""}",1,2176,2.7916999997614766,0.0018999999156221747,0.00030000046535860747,0.013900000340072438,0.005300000339047983,2.8187999996589497
259,d31_u2,neutral,train,31,2,bc,2,1,1,0,0,0,1,1,0,ok,"{""sentences"": [""I hear you."", ""We can pause here for a moment.""], ""safety"": ""ok""}",1,2176,2.846999999746913,0.0026999996407539584,0.0002999995558639057,0.014000000192027073,0.005099999725644011,2.875300000596326
260,d31_u3,neutral,train,31,3,bc,2,1,1,0,0,0,1,1,0,ok,"{""sentences"": [""I hear you."", ""We can pause here for a moment.""], ""safety"": ""ok""}",1,2176,2.533999999286607,0.00199999976757681,0.00019999970390927047,0.013999999282532372,0.005099999725644011,2.5611999999455293
261,d32_u1,neutral,train,32,1,bc,2,1,1,0,0,0,1,1,0,ok,"{""sentences"": [""I hear you."", ""We can pause here for a moment.""], ""safety"": ""ok""}",1,2176,3.0428000000028987,0.00199999976757681,0.00019999970390927047,0.013799999578623101,0.005099999725644011,3.0697000001964625
262,d32_u3,neutral,train,32,3,bc,2,1,1,0,0,0,1,1,0,ok,"{""sentences"": [""I hear you."", ""We can pause here for a moment.""], ""safety"": ""ok""}",1,2176,2.852099999472557,0.0019000008251168765,0.00019999970390927047,0.013799999578623101,0.005099999725644011,2.87919999937003
263,d32_u5,neutral,train,32,5,bc,2,1,1,0,0,0,1,1,0,ok,"{""sentences"": [""I hear you."", ""We can pause here for a moment.""], ""safety"": ""ok""}",1,2176,3.0588999998144573,0.0018999999156221747,0.00030000046535860747,0.013899999430577736,0.005300000339047983,3.086099999563885
264,d32_u8,neutral,train,32,8,bc,2,1,1,0,0,0,1,1,0,ok,"{""sentences"": [""I hear you."", ""We can pause here for a moment.""], ""safety"": ""ok""}",1,2176,2.547999999478634,0.00199999976757681,0.00030000046535860747,0.013700000636163168,0.005099999725644011,2.574800000729738
265,d32_u10,happy,train,32,10,bc,2,1,1,0,0,0,1,1,0,ok,"{""sentences"": [""I hear you."", ""We can pause here for a moment.""], ""safety"": ""ok""}",1,2176,2.6951999998345855,0.002099999619531445,0.00019999970390927047,0.013700000636163168,0.005099999725644011,2.7218999994147453
266,d32_u11,happy,train,32,11,bc,2,1,1,0,0,0,1,1,0,ok,"{""sentences"": [""I hear you."", ""We can pause here for a moment.""], ""safety"": ""ok""}",1,2176,2.2112000006018206,0.0018999999156221747,0.00019999970390927047,0.013500000022759195,0.005099999725644011,2.2376999995685765
267,d32_u12,angry,train,32,12,bc,2,1,1,0,0,0,1,1,0,ok,"{""sentences"": [""I hear you."", ""We can pause here for a moment.""], ""safety"": ""ok""}",1,2176,3.4063000002788613,0.00199999976757681,0.00030000046535860747,0.014100000043981709,0.005199999577598646,3.4335999998802436
268,d32_u13,angry,train,32,13,bc,2,1,1,0,0,0,1,1,0,ok,"{""sentences"": [""I hear you."", ""We can pause here for a moment.""], ""safety"": ""ok""}",1,2176,2.494700000170269,0.0018000000636675395,0.00019999970390927047,0.01359999987471383,0.005100000635138713,2.521299999898474
269,d32_u14,angry,train,32,14,bc,2,1,1,0,0,0,1,1,0,ok,"{""sentences"": [""I hear you."", ""We can pause here for a moment.""], ""safety"": ""ok""}",1,2176,2.918399999543908,0.0019000008251168765,0.00030000046535860747,0.014299999747890979,0.005699999746866524,2.9468000002452754
270,d32_u15,neutral,train,32,15,bc,2,1,1,0,0,0,1,1,0,ok,"{""sentences"": [""I hear you."", ""We can pause here for a moment.""], ""safety"": ""ok""}",1,2176,2.924700000221492,0.0018999999156221747,0.00030000046535860747,0.013900000340072438,0.005099999725644011,2.951299999949697
271,d32_u16,neutral,train,32,16,bc,2,1,1,0,0,0,1,1,0,ok,"{""sentences"": [""I hear you."", ""We can pause here for a moment.""], ""safety"": ""ok""}",1,2176,2.710300000217103,0.0018000000636675395,0.00019999970390927047,0.013799999578623101,0.0052999994295532815,2.7374999999665306
272,d32_u18,neutral,train,32,18,bc,2,1,1,0,0,0,1,1,0,ok,"{""sentences"": [""I hear you."", ""We can pause here for a moment.""], ""safety"": ""ok""}",1,2176,3.1391000002258806,0.0020000006770715117,0.0002999995558639057,0.01359999987471383,0.0052999994295532815,3.165699999954086
273,d33_u1,happy,train,33,1,bc,2,1,1,0,0,0,1,1,0,ok,"{""sentences"": [""I hear you."", ""We can pause here for a moment.""], ""safety"": ""ok""}",1,2176,2.341399999750138,0.00199999976757681,0.0002999995558639057,0.030000000151630957,0.004900000021734741,2.3845999994591693
274,d33_u2,neutral,train,33,2,bc,2,1,1,0,0,0,1,1,0,ok,"{""sentences"": [""I hear you."", ""We can pause here for a moment.""], ""safety"": ""ok""}",1,2176,3.102000000581029,0.0020000006770715117,0.00019999970390927047,0.01340000017080456,0.005300000339047983,3.1287000001611887
275,d33_u3,neutral,train,33,3,bc,2,1,1,0,0,0,1,1,0,ok,"{""sentences"": [""I hear you."", ""We can pause here for a moment.""], ""safety"": ""ok""}",1,2176,2.642599999489903,0.002100000529026147,0.00030000046535860747,0.01359999987471383,0.005199999577598646,2.6692999999795575
276,d33_u5,neutral,train,33,5,bc,2,1,1,0,0,0,1,1,0,ok,"{""sentences"": [""I hear you."", ""We can pause here for a moment.""], ""safety"": ""ok""}",1,2176,3.00989999959711,0.0018999999156221747,0.00020000061340397224,0.013900000340072438,0.0054000001910026185,3.0372999999599415
277,d33_u6,neutral,train,33,6,bc,2,1,1,0,0,0,1,1,0,ok,"{""sentences"": [""I hear you."", ""We can pause here for a moment.""], ""safety"": ""ok""}",1,2176,2.5514999997540144,0.00199999976757681,0.0002999995558639057,0.014000000192027073,0.005099999725644011,2.578400000857073
278,d33_u7,neutral,train,33,7,bc,2,1,1,0,0,0,1,1,0,ok,"{""sentences"": [""I hear you."", ""We can pause here for a moment.""], ""safety"": ""ok""}",1,2176,2.8977000001759734,0.0020000006770715117,0.0002999995558639057,0.01359999987471383,0.005200000487093348,2.924600000369537
279,d33_u8,happy,train,33,8,bc,2,1,1,0,0,0,1,1,0,ok,"{""sentences"": [""I hear you."", ""We can pause here for a moment.""], ""safety"": ""ok""}",1,2176,2.759899999546178,0.002099999619531445,0.00030000046535860747,0.014100000043981709,0.005700000656361226,2.7876000003743684
280,d33_u9,happy,train,33,9,bc,2,1,1,0,0,0,1,1,0,ok,"{""sentences"": [""I hear you."", ""We can pause here for a moment.""], ""safety"": ""ok""}",1,2176,2.8626000002986984,0.0021999994714860804,0.00019999970390927047,0.014399999599845614,0.005399999281507917,2.8909000002386165
281,d33_u10,neutral,train,33,10,bc,2,1,1,0,0,0,1,1,0,ok,"{""sentences"": [""I hear you."", ""We can pause here for a moment.""], ""safety"": ""ok""}",1,2176,3.044199999749253,0.00199999976757681,0.00030000046535860747,0.01320000046689529,0.004800000169780105,3.070099999604281
282,d34_u0,neutral,train,34,0,bc,2,1,1,0,0,0,1,1,0,ok,"{""sentences"": [""I hear you."", ""We can pause here for a moment.""], ""safety"": ""ok""}",1,2176,2.593199999864737,0.0018999999156221747,0.00019999970390927047,0.013800000488117803,0.004999999873689376,2.620099999148806
283,d34_u1,neutral,train,34,1,bc,2,1,1,0,0,0,1,1,0,ok,"{""sentences"": [""I hear you."", ""We can pause here for a moment.""], ""safety"": ""ok""}",1,2176,2.5860999994620215,0.0018999999156221747,0.00020000061340397224,0.01340000017080456,0.005099999725644011,2.612500000395812
284,d34_u2,neutral,train,34,2,bc,2,1,1,0,0,0,1,1,0,ok,"{""sentences"": [""I hear you."", ""We can pause here for a moment.""], ""safety"": ""ok""}",1,2176,2.5161000003208756,0.0018000000636675395,0.00030000046535860747,0.01359999987471383,0.005099999725644011,2.542399999583722
285,d34_u3,happy,train,34,3,bc,2,1,1,0,0,0,1,1,0,ok,"{""sentences"": [""I hear you."", ""We can pause here for a moment.""], ""safety"": ""ok""}",1,2176,3.3437000001868,0.0018999999156221747,0.00020000061340397224,0.013800000488117803,0.005300000339047983,3.370600000380364
286,d34_u4,neutral,train,34,4,bc,2,1,1,0,0,0,1,1,0,ok,"{""sentences"": [""I hear you."", ""We can pause here for a moment.""], ""safety"": ""ok""}",1,2176,2.500700000382494,0.0018999999156221747,0.00019999970390927047,0.013199999557400588,0.004900000021734741,2.5261000000682543
287,d34_u5,neutral,train,34,5,bc,2,1,1,0,0,0,1,1,0,ok,"{""sentences"": [""I hear you."", ""We can pause here for a moment.""], ""safety"": ""ok""}",1,2176,3.0815999998594634,0.00199999976757681,0.00020000061340397224,0.013300000318849925,0.004999999873689376,3.107500000623986
288,d34_u6,neutral,train,34,6,bc,2,1,1,0,0,0,1,1,0,ok,"{""sentences"": [""I hear you."", ""We can pause here for a moment.""], ""safety"": ""ok""}",1,2176,2.4592999998276355,0.0018999999156221747,0.00030000046535860747,0.014199999895936344,0.005300000339047983,2.486700000190467
289,d34_u7,neutral,train,34,7,bc,2,1,1,0,0,0,1,1,0,ok,"{""sentences"": [""I hear you."", ""We can pause here for a moment.""], ""safety"": ""ok""}",1,2176,2.7512000006026938,0.00199999976757681,0.00030000046535860747,0.013600000784208532,0.004999999873689376,2.7774999998655403
290,d34_u8,neutral,train,34,8,bc,2,1,1,0,0,0,1,1,0,ok,"{""sentences"": [""I hear you."", ""We can pause here for a moment.""], ""safety"": ""ok""}",1,2176,2.8711000004477683,0.0018999999156221747,0.0002999995558639057,0.014000000192027073,0.005500000042957254,2.8986999996050145
291,d34_u10,neutral,train,34,10,bc,2,1,1,0,0,0,1,1,0,ok,"{""sentences"": [""I hear you."", ""We can pause here for a moment.""], ""safety"": ""ok""}",1,2176,2.98800000018673,0.0018999999156221747,0.00030000046535860747,0.031099999432626646,0.005099999725644011,3.032099999472848
292,d34_u11,neutral,train,34,11,bc,2,1,1,0,0,0,1,1,0,ok,"{""sentences"": [""I hear you."", ""We can pause here for a moment.""], ""safety"": ""ok""}",1,2176,2.5778999997783103,0.0018999999156221747,0.00020000061340397224,0.014100000043981709,0.0052999994295532815,2.605499999845051
293,d34_u12,neutral,train,34,12,bc,2,1,1,0,0,0,1,1,0,ok,"{""sentences"": [""I hear you."", ""We can pause here for a moment.""], ""safety"": ""ok""}",1,2176,3.1903999997666688,0.00199999976757681,0.00019999970390927047,0.014100000043981709,0.005099999725644011,3.2178000001295004
294,d35_u1,happy,train,35,1,bc,2,1,1,0,0,0,1,1,0,ok,"{""sentences"": [""I hear you."", ""We can pause here for a moment.""], ""safety"": ""ok""}",1,2176,2.4056000002019573,0.00199999976757681,0.00030000046535860747,0.013900000340072438,0.005300000339047983,2.4326000002474757
295,d35_u2,happy,train,35,2,bc,2,1,1,0,0,0,1,1,0,ok,"{""sentences"": [""I hear you."", ""We can pause here for a moment.""], ""safety"": ""ok""}",1,2176,2.6310000002922607,0.0020000006770715117,0.00019999970390927047,0.013899999430577736,0.005099999725644011,2.657799999724375
296,d35_u3,happy,train,35,3,bc,2,1,1,0,0,0,1,1,0,ok,"{""sentences"": [""I hear you."", ""We can pause here for a moment.""], ""safety"": ""ok""}",1,2176,2.9555000000982545,0.0018000000636675395,0.00019999970390927047,0.013399999261309858,0.004999999873689376,2.981300000101328
297,d35_u4,happy,train,35,4,bc,2,1,1,0,0,0,1,1,0,ok,"{""sentences"": [""I hear you."", ""We can pause here for a moment.""], ""safety"": ""ok""}",1,2176,3.238700000110839,0.0018999999156221747,0.00020000061340397224,0.014199999895936344,0.005300000339047983,3.266599999733444
298,d35_u5,happy,train,35,5,bc,2,1,1,0,0,0,1,1,0,ok,"{""sentences"": [""I hear you."", ""We can pause here for a moment.""], ""safety"": ""ok""}",1,2176,2.3707000000285916,0.002100000529026147,0.00030000046535860747,0.013900000340072438,0.005200000487093348,2.39770000007411
299,d36_u0,neutral,train,36,0,bc,2,1,1,0,0,0,1,1,0,ok,"{""sentences"": [""I hear you."", ""We can pause here for a moment.""], ""safety"": ""ok""}",1,2176,3.2010999993872247,0.0018999999156221747,0.0002999995558639057,0.014100000043981709,0.005200000487093348,3.2286000005115056
300,d36_u1,neutral,train,36,1,bc,2,1,1,0,0,0,1,1,0,ok,"{""sentences"": [""I hear you."", ""We can pause here for a moment.""], ""safety"": ""ok""}",1,2176,2.8311999994912185,0.00199999976757681,0.00030000046535860747,0.014399999599845614,0.005200000487093348,2.8589000003194087
301,d36_u2,neutral,train,36,2,bc,2,1,1,0,0,0,1,1,0,ok,"{""sentences"": [""I hear you."", ""We can pause here for a moment.""], ""safety"": ""ok""}",1,2176,2.6586000003590016,0.0018000000636675395,0.00019999970390927047,0.013799999578623101,0.0052999994295532815,2.6858000001084292
302,d36_u3,neutral,train,36,3,bc,2,1,1,0,0,0,1,1,0,ok,"{""sentences"": [""I hear you."", ""We can pause here for a moment.""], ""safety"": ""ok""}",1,2176,3.061599999455211,0.00199999976757681,0.00030000046535860747,0.03099999958067201,0.004900000021734741,3.1055999997988692
303,d36_u4,sad,train,36,4,bc,2,1,1,0,0,0,1,1,0,ok,"{""sentences"": [""I hear you."", ""We can pause here for a moment.""], ""safety"": ""ok""}",1,2176,2.9078000006848015,0.0018999999156221747,0.00030000046535860747,0.013500000022759195,0.005100000635138713,2.9340000000956934
304,d36_u5,sad,train,36,5,bc,2,1,1,0,0,0,1,1,0,ok,"{""sentences"": [""I hear you."", ""We can pause here for a moment.""], ""safety"": ""ok""}",1,2176,2.328200000192737,0.00199999976757681,0.00030000046535860747,0.013999999282532372,0.005099999725644011,2.3554999997941195
305,d37_u0,neutral,train,37,0,bc,2,1,1,0,0,0,1,1,0,ok,"{""sentences"": [""I hear you."", ""We can pause here for a moment.""], ""safety"": ""ok""}",1,2176,2.6066999998874962,0.0018999999156221747,0.0002999995558639057,0.013799999578623101,0.005099999725644011,2.6334000003771507
306,d37_u1,happy,train,37,1,bc,2,1,1,0,0,0,1,1,0,ok,"{""sentences"": [""I hear you."", ""We can pause here for a moment.""], ""safety"": ""ok""}",1,2176,2.7788000006694347,0.0018999999156221747,0.00019999970390927047,0.014000000192027073,0.005500000042957254,2.8062999999747262
307,d37_u2,happy,train,37,2,bc,2,1,1,0,0,0,1,1,0,ok,"{""sentences"": [""I hear you."", ""We can pause here for a moment.""], ""safety"": ""ok""}",1,2176,2.6763999994727783,0.002099999619531445,0.0002999995558639057,0.013899999430577736,0.005100000635138713,2.7033999995182967
308,d38_u0,angry,train,38,0,bc,2,1,1,0,0,0,1,1,0,ok,"{""sentences"": [""I hear you."", ""We can pause here for a moment.""], ""safety"": ""ok""}",1,2176,3.026800000043295,0.00199999976757681,0.00020000061340397224,0.01340000017080456,0.005100000635138713,3.053100000215636
309,d38_u1,neutral,train,38,1,bc,2,1,1,0,0,0,1,1,0,ok,"{""sentences"": [""I hear you."", ""We can pause here for a moment.""], ""safety"": ""ok""}",1,2176,3.0334000002767425,0.0018999999156221747,0.00019999970390927047,0.013299999409355223,0.005200000487093348,3.0595999996876344
310,d38_u2,happy,train,38,2,bc,2,1,1,0,0,0,1,1,0,ok,"{""sentences"": [""I hear you."", ""We can pause here for a moment.""], ""safety"": ""ok""}",1,2176,2.6738999995359336,0.0018999999156221747,0.00019999970390927047,0.013699999726668466,0.0054000001910026185,2.7006999998775427
311,d38_u3,neutral,train,38,3,bc,2,1,1,0,0,0,1,1,0,ok,"{""sentences"": [""I hear you."", ""We can pause here for a moment.""], ""safety"": ""ok""}",1,2176,2.6816999998118263,0.00199999976757681,0.00030000046535860747,0.01359999987471383,0.005099999725644011,2.708100000745617
312,d38_u5,neutral,train,38,5,bc,2,1,1,0,0,0,1,1,0,ok,"{""sentences"": [""I hear you."", ""We can pause here for a moment.""], ""safety"": ""ok""}",1,2176,2.6746000003186055,0.0020000006770715117,0.00019999970390927047,0.013699999726668466,0.005200000487093348,2.7014999996026745
313,d38_u6,angry,train,38,6,bc,2,1,1,0,0,0,1,1,0,ok,"{""sentences"": [""I hear you."", ""We can pause here for a moment.""], ""safety"": ""ok""}",1,2176,2.7812999996967847,0.0018999999156221747,0.00019999970390927047,0.01340000017080456,0.004999999873689376,2.8072999994037673
314,d39_u0,angry,train,39,0,bc,2,1,1,0,0,0,1,1,0,ok,"{""sentences"": [""I hear you."", ""We can pause here for a moment.""], ""safety"": ""ok""}",1,2176,3.07159999920259,0.0020000006770715117,0.0002999995558639057,0.014399999599845614,0.0052999994295532815,3.099500000644184
315,d39_u1,angry,train,39,1,bc,2,1,1,0,0,0,1,1,0,ok,"{""sentences"": [""I hear you."", ""We can pause here for a moment.""], ""safety"": ""ok""}",1,2176,2.3770999996486353,0.0018999999156221747,0.0002999995558639057,0.014100000043981709,0.005200000487093348,2.404699999715376
316,d39_u3,angry,train,39,3,bc,2,1,1,0,0,0,1,1,0,ok,"{""sentences"": [""I hear you."", ""We can pause here for a moment.""], ""safety"": ""ok""}",1,2176,2.9523000002882327,0.00199999976757681,0.0002999995558639057,0.013799999578623101,0.005300000339047983,2.979599999889615
317,d39_u4,angry,train,39,4,bc,2,1,1,0,0,0,1,1,0,ok,"{""sentences"": [""I hear you."", ""We can pause here for a moment.""], ""safety"": ""ok""}",1,2176,2.648599999702128,0.00199999976757681,0.00019999970390927047,0.013800000488117803,0.005199999577598646,2.6758000003610505
318,d39_u5,angry,train,39,5,bc,2,1,1,0,0,0,1,1,0,ok,"{""sentences"": [""I hear you."", ""We can pause here for a moment.""], ""safety"": ""ok""}",1,2176,2.482699999745819,0.002099999619531445,0.00030000046535860747,0.029399999220913742,0.005099999725644011,2.525400000195077
319,d39_u6,angry,train,39,6,bc,2,1,1,0,0,0,1,1,0,ok,"{""sentences"": [""I hear you."", ""We can pause here for a moment.""], ""safety"": ""ok""}",1,2176,3.228000000490283,0.0018999999156221747,0.00030000046535860747,0.013800000488117803,0.005099999725644011,3.254499999457039
320,d39_u7,happy,train,39,7,bc,2,1,1,0,0,0,1,1,0,ok,"{""sentences"": [""I hear you."", ""We can pause here for a moment.""], ""safety"": ""ok""}",1,2176,2.920500000072934,0.0020000006770715117,0.00019999970390927047,0.013799999578623101,0.005199999577598646,2.9472999995050486
321,d39_u8,neutral,train,39,8,bc,2,1,1,0,0,0,1,1,0,ok,"{""sentences"": [""I hear you."", ""We can pause here for a moment.""], ""safety"": ""ok""}",1,2176,2.8033999997205683,0.0018999999156221747,0.00019999970390927047,0.014100000043981709,0.004999999873689376,2.830599999469996
322,d39_u9,neutral,train,39,9,bc,2,1,1,0,0,0,1,1,0,ok,"{""sentences"": [""I hear you."", ""We can pause here for a moment.""], ""safety"": ""ok""}",1,2176,2.6172000007136376,0.0018999999156221747,0.00019999970390927047,0.014000000192027073,0.005099999725644011,2.644299999701616
323,d39_u11,neutral,train,39,11,bc,2,1,1,0,0,0,1,1,0,ok,"{""sentences"": [""I hear you."", ""We can pause here for a moment.""], ""safety"": ""ok""}",1,2176,2.8074000001652166,0.00199999976757681,0.00019999970390927047,0.014299999747890979,0.0054000001910026185,2.83560000025318
324,d39_u12,neutral,train,39,12,bc,2,1,1,0,0,0,1,1,0,ok,"{""sentences"": [""I hear you."", ""We can pause here for a moment.""], ""safety"": ""ok""}",1,2176,2.7668000002449844,0.0018999999156221747,0.0002999995558639057,0.013699999726668466,0.005000000783184078,2.793499999825144
325,d39_u13,neutral,train,39,13,bc,2,1,1,0,0,0,1,1,0,ok,"{""sentences"": [""I hear you."", ""We can pause here for a moment.""], ""safety"": ""ok""}",1,2176,3.0999000000520027,0.00199999976757681,0.00019999970390927047,0.013800000488117803,0.0054000001910026185,3.1270999998014304
326,d39_u14,neutral,train,39,14,bc,2,1,1,0,0,0,1,1,0,ok,"{""sentences"": [""I hear you."", ""We can pause here for a moment.""], ""safety"": ""ok""}",1,2176,2.992600000652601,0.002100000529026147,0.0002999995558639057,0.014100000043981709,0.005200000487093348,3.020199999809847
327,d39_u15,angry,train,39,15,bc,2,1,1,0,0,0,1,1,0,ok,"{""sentences"": [""I hear you."", ""We can pause here for a moment.""], ""safety"": ""ok""}",1,2176,2.6929999994536047,0.0020000006770715117,0.00019999970390927047,0.013199999557400588,0.004999999873689376,2.7188000003661728
328,d39_u16,angry,train,39,16,bc,2,1,1,0,0,0,1,1,0,ok,"{""sentences"": [""I hear you."", ""We can pause here for a moment.""], ""safety"": ""ok""}",1,2176,2.7835000000777654,0.0018999999156221747,0.0002999995558639057,0.013300000318849925,0.004800000169780105,2.8093999999327934
329,d39_u17,angry,train,39,17,bc,2,1,1,0,0,0,1,1,0,ok,"{""sentences"": [""I hear you."", ""We can pause here for a moment.""], ""safety"": ""ok""}",1,2176,2.802699999847391,0.0020000006770715117,0.0002999995558639057,0.013799999578623101,0.005200000487093348,2.8292999995755963
330,d39_u18,angry,train,39,18,bc,2,1,1,0,0,0,1,1,0,ok,"{""sentences"": [""I hear you."", ""We can pause here for a moment.""], ""safety"": ""ok""}",1,2176,2.6226999998471,0.0018999999156221747,0.0002999995558639057,0.014000000192027073,0.0054000001910026185,2.656399999978021
331,d40_u0,angry,train,40,0,bc,2,1,1,0,0,0,1,1,0,ok,"{""sentences"": [""I hear you."", ""We can pause here for a moment.""], ""safety"": ""ok""}",1,2176,2.7970000001005246,0.0018000000636675395,0.00019999970390927047,0.013900000340072438,0.005099999725644011,2.8240999999979977
332,d40_u1,angry,train,40,1,bc,2,1,1,0,0,0,1,1,0,ok,"{""sentences"": [""I hear you."", ""We can pause here for a moment.""], ""safety"": ""ok""}",1,2176,2.585499999440799,0.00199999976757681,0.0002999995558639057,0.014199999895936344,0.005100000635138713,2.6132000002689892
333,d40_u2,neutral,train,40,2,bc,2,1,1,0,0,0,1,1,0,ok,"{""sentences"": [""I hear you."", ""We can pause here for a moment.""], ""safety"": ""ok""}",1,2176,2.9549999999289867,0.00199999976757681,0.00020000061340397224,0.013300000318849925,0.005199999577598646,2.9811000003974186
334,d40_u3,neutral,train,40,3,bc,2,1,1,0,0,0,1,1,0,ok,"{""sentences"": [""I hear you."", ""We can pause here for a moment.""], ""safety"": ""ok""}",1,2176,2.716099999815924,0.00199999976757681,0.00020000061340397224,0.014199999895936344,0.005199999577598646,2.7438000006441143
335,d40_u4,neutral,train,40,4,bc,2,1,1,0,0,0,1,1,0,ok,"{""sentences"": [""I hear you."", ""We can pause here for a moment.""], ""safety"": ""ok""}",1,2176,2.8886999998576357,0.0018999999156221747,0.00020000061340397224,0.013699999726668466,0.005300000339047983,2.9157999997551087
336,d40_u5,neutral,train,40,5,bc,2,1,1,0,0,0,1,1,0,ok,"{""sentences"": [""I hear you."", ""We can pause here for a moment.""], ""safety"": ""ok""}",1,2176,2.8023000004395726,0.0018000000636675395,0.0002999995558639057,0.013899999430577736,0.005199999577598646,2.8291999997236417
337,d40_u6,happy,train,40,6,bc,2,1,1,0,0,0,1,1,0,ok,"{""sentences"": [""I hear you."", ""We can pause here for a moment.""], ""safety"": ""ok""}",1,2176,3.127900000436057,0.00199999976757681,0.0002999995558639057,0.014299999747890979,0.005500000042957254,3.1558999999106163
338,d40_u7,neutral,train,40,7,bc,2,1,1,0,0,0,1,1,0,ok,"{""sentences"": [""I hear you."", ""We can pause here for a moment.""], ""safety"": ""ok""}",1,2176,2.832699999999022,0.0018999999156221747,0.00019999970390927047,0.013999999282532372,0.005099999725644011,2.859799999896495
339,d40_u10,neutral,train,40,10,bc,2,1,1,0,0,0,1,1,0,ok,"{""sentences"": [""I hear you."", ""We can pause here for a moment.""], ""safety"": ""ok""}",1,2176,2.709600000343926,0.0020000006770715117,0.0002999995558639057,0.013799999578623101,0.005100000635138713,2.73639999977604
340,d40_u12,happy,train,40,12,bc,2,1,1,0,0,0,1,1,0,ok,"{""sentences"": [""I hear you."", ""We can pause here for a moment.""], ""safety"": ""ok""}",1,2176,2.2993000002315966,0.0018000000636675395,0.00019999970390927047,0.013699999726668466,0.005099999725644011,2.325699999346398
341,d40_u13,sad,train,40,13,bc,2,1,1,0,0,0,1,1,0,ok,"{""sentences"": [""I hear you."", ""We can pause here for a moment.""], ""safety"": ""ok""}",1,2176,2.7629000005617854,0.0018999999156221747,0.0002999995558639057,0.013900000340072438,0.0052999994295532815,2.7902000001631677
342,d40_u14,sad,train,40,14,bc,2,1,1,0,0,0,1,1,0,ok,"{""sentences"": [""I hear you."", ""We can pause here for a moment.""], ""safety"": ""ok""}",1,2176,2.7774000000135857,0.0019000008251168765,0.00019999970390927047,0.014199999895936344,0.005099999725644011,2.8045999997630133
343,d41_u0,sad,train,41,0,bc,2,1,1,0,0,0,1,1,0,ok,"{""sentences"": [""I hear you."", ""We can pause here for a moment.""], ""safety"": ""ok""}",1,2176,2.924600000369537,0.0018999999156221747,0.0002999995558639057,0.013799999578623101,0.005200000487093348,2.968400000099791
344,d41_u2,neutral,train,41,2,bc,2,1,1,0,0,0,1,1,0,ok,"{""sentences"": [""I hear you."", ""We can pause here for a moment.""], ""safety"": ""ok""}",1,2176,2.243000000817119,0.0020000006770715117,0.00019999970390927047,0.013900000340072438,0.004999999873689376,2.269999999953143
345,d41_u3,neutral,train,41,3,bc,2,1,1,0,0,0,1,1,0,ok,"{""sentences"": [""I hear you."", ""We can pause here for a moment.""], ""safety"": ""ok""}",1,2176,2.4606999995739898,0.0018999999156221747,0.00030000046535860747,0.014099999134487007,0.005099999725644011,2.487799999471463
346,d41_u4,neutral,train,41,4,bc,2,1,1,0,0,0,1,1,0,ok,"{""sentences"": [""I hear you."", ""We can pause here for a moment.""], ""safety"": ""ok""}",1,2176,2.6182999999946333,0.0018999999156221747,0.00019999970390927047,0.014100000043981709,0.005099999725644011,2.6458000002094195
347,d41_u6,neutral,train,41,6,bc,2,1,1,0,0,0,1,1,0,ok,"{""sentences"": [""I hear you."", ""We can pause here for a moment.""], ""safety"": ""ok""}",1,2176,3.2623999995848862,0.0017000002117129043,0.00030000046535860747,0.012900000001536682,0.004799999260285404,3.287300000010873
348,d41_u7,neutral,train,41,7,bc,2,1,1,0,0,0,1,1,0,ok,"{""sentences"": [""I hear you."", ""We can pause here for a moment.""], ""safety"": ""ok""}",1,2176,2.902600000197708,0.0020000006770715117,0.00020000061340397224,0.01359999987471383,0.005099999725644011,2.9288999994605547
349,d41_u8,neutral,train,41,8,bc,2,1,1,0,0,0,1,1,0,ok,"{""sentences"": [""I hear you."", ""We can pause here for a moment.""], ""safety"": ""ok""}",1,2176,3.0532000000675907,0.0018999999156221747,0.00019999970390927047,0.013799999578623101,0.005300000339047983,3.079799999795796
350,d41_u9,neutral,train,41,9,bc,2,1,1,0,0,0,1,1,0,ok,"{""sentences"": [""I hear you."", ""We can pause here for a moment.""], ""safety"": ""ok""}",1,2176,3.0145000000629807,0.0018999999156221747,0.00019999970390927047,0.013999999282532372,0.004999999873689376,3.041500000108499
351,d41_u10,neutral,train,41,10,bc,2,1,1,0,0,0,1,1,0,ok,"{""sentences"": [""I hear you."", ""We can pause here for a moment.""], ""safety"": ""ok""}",1,2176,3.0176999998730025,0.0018999999156221747,0.00019999970390927047,0.013799999578623101,0.005200000487093348,3.044699999918521
352,d41_u11,neutral,train,41,11,bc,2,1,1,0,0,0,1,1,0,ok,"{""sentences"": [""I hear you."", ""We can pause here for a moment.""], ""safety"": ""ok""}",1,2176,2.600400000119407,0.0018000000636675395,0.00030000046535860747,0.013999999282532372,0.005099999725644011,2.6276999997207895
353,d41_u13,neutral,train,41,13,bc,2,1,1,0,0,0,1,1,0,ok,"{""sentences"": [""I hear you."", ""We can pause here for a moment.""], ""safety"": ""ok""}",1,2176,2.4038999999902444,0.0018999999156221747,0.0002999995558639057,0.01359999987471383,0.005099999725644011,2.4307000003318535
354,d42_u0,neutral,train,42,0,bc,2,1,1,0,0,0,1,1,0,ok,"{""sentences"": [""I hear you."", ""We can pause here for a moment.""], ""safety"": ""ok""}",1,2176,2.5186000002577202,0.00199999976757681,0.00030000046535860747,0.014599999303754885,0.0054000001910026185,2.5468000003456837
355,d43_u0,neutral,train,43,0,bc,2,1,1,0,0,0,1,1,0,ok,"{""sentences"": [""I hear you."", ""We can pause here for a moment.""], ""safety"": ""ok""}",1,2176,3.027700000529876,0.0019000008251168765,0.00030000046535860747,0.013799999578623101,0.005300000339047983,3.0544999999619904
356,d43_u1,neutral,train,43,1,bc,2,1,1,0,0,0,1,1,0,ok,"{""sentences"": [""I hear you."", ""We can pause here for a moment.""], ""safety"": ""ok""}",1,2176,3.05819999994128,0.0018999999156221747,0.0002999995558639057,0.014100000043981709,0.005300000339047983,3.0859999997119303
357,d43_u2,neutral,train,43,2,bc,2,1,1,0,0,0,1,1,0,ok,"{""sentences"": [""I hear you."", ""We can pause here for a moment.""], ""safety"": ""ok""}",1,2176,2.870199999961187,0.0018000000636675395,0.00020000061340397224,0.01359999987471383,0.005099999725644011,2.8964000002815737
358,d43_u3,neutral,train,43,3,bc,2,1,1,0,0,0,1,1,0,ok,"{""sentences"": [""I hear you."", ""We can pause here for a moment.""], ""safety"": ""ok""}",1,2176,2.7592999995249556,0.00199999976757681,0.00020000061340397224,0.013899999430577736,0.005200000487093348,2.786299999570474
359,d43_u4,neutral,train,43,4,bc,2,1,1,0,0,0,1,1,0,ok,"{""sentences"": [""I hear you."", ""We can pause here for a moment.""], ""safety"": ""ok""}",1,2176,3.120100000160164,0.0017000002117129043,0.00030000046535860747,0.013900000340072438,0.004999999873689376,3.146700000797864
360,d43_u5,neutral,train,43,5,bc,2,1,1,0,0,0,1,1,0,ok,"{""sentences"": [""I hear you."", ""We can pause here for a moment.""], ""safety"": ""ok""}",1,2176,2.707900000132213,0.0018999999156221747,0.00030000046535860747,0.013799999578623101,0.005200000487093348,2.7348000003257766
361,d43_u6,neutral,train,43,6,bc,2,1,1,0,0,0,1,1,0,ok,"{""sentences"": [""I hear you."", ""We can pause here for a moment.""], ""safety"": ""ok""}",1,2176,2.4113999998007785,0.0018999999156221747,0.00019999970390927047,0.013500000022759195,0.005100000635138713,2.4376999999731197
362,d44_u0,neutral,train,44,0,bc,2,1,1,0,0,0,1,1,0,ok,"{""sentences"": [""I hear you."", ""We can pause here for a moment.""], ""safety"": ""ok""}",1,2176,2.850599999874248,0.0021999994714860804,0.00019999970390927047,0.014000000192027073,0.005099999725644011,2.8778999994756305
363,d44_u2,neutral,train,44,2,bc,2,1,1,0,0,0,1,1,0,ok,"{""sentences"": [""I hear you."", ""We can pause here for a moment.""], ""safety"": ""ok""}",1,2176,3.0501000001095235,0.0018000000636675395,0.0002999995558639057,0.013799999578623101,0.0054000001910026185,3.0774000006204005
364,d45_u0,sad,train,45,0,bc,2,1,1,0,0,0,1,1,0,ok,"{""sentences"": [""I hear you."", ""We can pause here for a moment.""], ""safety"": ""ok""}",1,2176,2.7617999994618003,0.002099999619531445,0.0002999995558639057,0.014299999747890979,0.005599999894911889,2.7897999998458545
365,d45_u2,neutral,train,45,2,bc,2,1,1,0,0,0,1,1,0,ok,"{""sentences"": [""I hear you."", ""We can pause here for a moment.""], ""safety"": ""ok""}",1,2176,2.7911999995922088,0.0018999999156221747,0.00019999970390927047,0.013800000488117803,0.005099999725644011,2.8176000005259993
366,d45_u3,angry,train,45,3,bc,2,1,1,0,0,0,1,1,0,ok,"{""sentences"": [""I hear you."", ""We can pause here for a moment.""], ""safety"": ""ok""}",1,2176,2.3134000002755783,0.0019000008251168765,0.00030000046535860747,0.013500000022759195,0.004999999873689376,2.339399999982561
367,d45_u4,neutral,train,45,4,bc,2,1,1,0,0,0,1,1,0,ok,"{""sentences"": [""I hear you."", ""We can pause here for a moment.""], ""safety"": ""ok""}",1,2176,2.749000000221713,0.002099999619531445,0.00030000046535860747,0.014299999747890979,0.005800000508315861,2.777300000161631
368,d46_u0,happy,train,46,0,bc,2,1,1,0,0,0,1,1,0,ok,"{""sentences"": [""I hear you."", ""We can pause here for a moment.""], ""safety"": ""ok""}",1,2176,3.2998999995470513,0.002099999619531445,0.00020000061340397224,0.013399999261309858,0.005199999577598646,3.326500000184751
369,d46_u2,angry,train,46,2,bc,2,1,1,0,0,0,1,1,0,ok,"{""sentences"": [""I hear you."", ""We can pause here for a moment.""], ""safety"": ""ok""}",1,2176,2.5899000002027606,0.00199999976757681,0.00030000046535860747,0.03099999958067201,0.0054000001910026185,2.6343999998061918
370,d46_u4,neutral,train,46,4,bc,2,1,1,0,0,0,1,1,0,ok,"{""sentences"": [""I hear you."", ""We can pause here for a moment.""], ""safety"": ""ok""}",1,2176,3.2228999998551444,0.00199999976757681,0.00020000061340397224,0.014000000192027073,0.005000000783184078,3.249899999900663
371,d46_u5,neutral,train,46,5,bc,2,1,1,0,0,0,1,1,0,ok,"{""sentences"": [""I hear you."", ""We can pause here for a moment.""], ""safety"": ""ok""}",1,2176,3.1604000005245325,0.0018000000636675395,0.00020000061340397224,0.013100000614940654,0.004900000021734741,3.1859000000622473
372,d46_u6,angry,train,46,6,bc,2,1,1,0,0,0,1,1,0,ok,"{""sentences"": [""I hear you."", ""We can pause here for a moment.""], ""safety"": ""ok""}",1,2176,2.595400000245718,0.0018999999156221747,0.00020000061340397224,0.013800000488117803,0.005199999577598646,2.6223000004392816
373,d46_u8,happy,train,46,8,bc,2,1,1,0,0,0,1,1,0,ok,"{""sentences"": [""I hear you."", ""We can pause here for a moment.""], ""safety"": ""ok""}",1,2176,2.7205999995203456,0.0018000000636675395,0.00019999970390927047,0.01359999987471383,0.004999999873689376,2.746399999523419
374,d46_u9,happy,train,46,9,bc,2,1,1,0,0,0,1,1,0,ok,"{""sentences"": [""I hear you."", ""We can pause here for a moment.""], ""safety"": ""ok""}",1,2176,2.822800000103598,0.00199999976757681,0.00019999970390927047,0.013899999430577736,0.005099999725644011,2.8498000001491164
375,d46_u10,neutral,train,46,10,bc,2,1,1,0,0,0,1,1,0,ok,"{""sentences"": [""I hear you."", ""We can pause here for a moment.""], ""safety"": ""ok""}",1,2176,2.924200000052224,0.0018999999156221747,0.00019999970390927047,0.014000000192027073,0.005100000635138713,2.951299999949697
376,d46_u12,happy,train,46,12,bc,2,1,1,0,0,0,1,1,0,ok,"{""sentences"": [""I hear you."", ""We can pause here for a moment.""], ""safety"": ""ok""}",1,2176,2.494999999726133,0.00199999976757681,0.00030000046535860747,0.013899999430577736,0.005199999577598646,2.521800000067742
377,d46_u14,happy,train,46,14,bc,2,1,1,0,0,0,1,1,0,ok,"{""sentences"": [""I hear you."", ""We can pause here for a moment.""], ""safety"": ""ok""}",1,2176,2.6947999995172722,0.0018000000636675395,0.00019999970390927047,0.013699999726668466,0.005000000783184078,2.721200000451063
378,d47_u0,neutral,train,47,0,bc,2,1,1,0,0,0,1,1,0,ok,"{""sentences"": [""I hear you."", ""We can pause here for a moment.""], ""safety"": ""ok""}",1,2176,2.884999999878346,0.0018999999156221747,0.00030000046535860747,0.013600000784208532,0.004900000021734741,2.9113000000506872
379,d47_u1,neutral,train,47,1,bc,2,1,1,0,0,0,1,1,0,ok,"{""sentences"": [""I hear you."", ""We can pause here for a moment.""], ""safety"": ""ok""}",1,2176,2.6324999998905696,0.00199999976757681,0.00030000046535860747,0.014000000192027073,0.005200000487093348,2.6595999997880426
380,d47_u2,neutral,train,47,2,bc,2,1,1,0,0,0,1,1,0,ok,"{""sentences"": [""I hear you."", ""We can pause here for a moment.""], ""safety"": ""ok""}",1,2176,3.1009000003905385,0.0018999999156221747,0.00020000061340397224,0.013500000022759195,0.004999999873689376,3.1273999993572943
381,d47_u3,neutral,train,47,3,bc,2,1,1,0,0,0,1,1,0,ok,"{""sentences"": [""I hear you."", ""We can pause here for a moment.""], ""safety"": ""ok""}",1,2176,2.5098999994952464,0.0018000000636675395,0.0002999995558639057,0.028899999961140566,0.005000000783184078,2.5516000005154638
382,d47_u4,neutral,train,47,4,bc,2,1,1,0,0,0,1,1,0,ok,"{""sentences"": [""I hear you."", ""We can pause here for a moment.""], ""safety"": ""ok""}",1,2176,2.8122000003349967,0.0018999999156221747,0.0002999995558639057,0.013799999578623101,0.005000000783184078,2.838800000063202
383,d47_u5,neutral,train,47,5,bc,2,1,1,0,0,0,1,1,0,ok,"{""sentences"": [""I hear you."", ""We can pause here for a moment.""], ""safety"": ""ok""}",1,2176,2.90580000000773,0.00199999976757681,0.00030000046535860747,0.013799999578623101,0.005300000339047983,2.9329999997571576
384,d47_u6,neutral,train,47,6,bc,2,1,1,0,0,0,1,1,0,ok,"{""sentences"": [""I hear you."", ""We can pause here for a moment.""], ""safety"": ""ok""}",1,2176,2.5293999997302308,0.00199999976757681,0.00030000046535860747,0.013699999726668466,0.005200000487093348,2.556499999627704
385,d47_u7,happy,train,47,7,bc,2,1,1,0,0,0,1,1,0,ok,"{""sentences"": [""I hear you."", ""We can pause here for a moment.""], ""safety"": ""ok""}",1,2176,2.749500000390981,0.0019000008251168765,0.00030000046535860747,0.013399999261309858,0.004900000021734741,2.7755000000979635
386,d47_u8,neutral,train,47,8,bc,2,1,1,0,0,0,1,1,0,ok,"{""sentences"": [""I hear you."", ""We can pause here for a moment.""], ""safety"": ""ok""}",1,2176,2.6465999999345513,0.002099999619531445,0.00019999970390927047,0.013500000022759195,0.004999999873689376,2.673099999810802
387,d47_u9,neutral,train,47,9,bc,2,1,1,0,0,0,1,1,0,ok,"{""sentences"": [""I hear you."", ""We can pause here for a moment.""], ""safety"": ""ok""}",1,2176,2.695000000130676,0.0018000000636675395,0.00019999970390927047,0.014000000192027073,0.005199999577598646,2.7220000001761946
388,d47_u12,neutral,train,47,12,bc,2,1,1,0,0,0,1,1,0,ok,"{""sentences"": [""I hear you."", ""We can pause here for a moment.""], ""safety"": ""ok""}",1,2176,2.4939000004451373,0.002100000529026147,0.00030000046535860747,0.013700000636163168,0.0052999994295532815,2.521100000194565
389,d47_u14,neutral,train,47,14,bc,2,1,1,0,0,0,1,1,0,ok,"{""sentences"": [""I hear you."", ""We can pause here for a moment.""], ""safety"": ""ok""}",1,2176,3.0455000005531474,0.0018000000636675395,0.00020000061340397224,0.013100000614940654,0.005099999725644011,3.071299999646726
390,d47_u15,happy,train,47,15,bc,2,1,1,0,0,0,1,1,0,ok,"{""sentences"": [""I hear you."", ""We can pause here for a moment.""], ""safety"": ""ok""}",1,2176,2.47880000006262,0.0018999999156221747,0.00020000061340397224,0.013900000340072438,0.004900000021734741,2.5050999993254663
391,d47_u16,happy,train,47,16,bc,2,1,1,0,0,0,1,1,0,ok,"{""sentences"": [""I hear you."", ""We can pause here for a moment.""], ""safety"": ""ok""}",1,2176,2.779299999929208,0.0020000006770715117,0.00019999970390927047,0.013799999578623101,0.005399999281507917,2.80650000058813
392,d47_u17,neutral,train,47,17,bc,2,1,1,0,0,0,1,1,0,ok,"{""sentences"": [""I hear you."", ""We can pause here for a moment.""], ""safety"": ""ok""}",1,2176,2.5737000005392474,0.0018999999156221747,0.00019999970390927047,0.013500000022759195,0.004900000021734741,2.6000999996540486
393,d48_u0,neutral,train,48,0,bc,2,1,1,0,0,0,1,1,0,ok,"{""sentences"": [""I hear you."", ""We can pause here for a moment.""], ""safety"": ""ok""}",1,2176,2.81749999976455,0.0018999999156221747,0.00019999970390927047,0.01340000017080456,0.005199999577598646,2.8439000006983406
394,d49_u0,neutral,train,49,0,bc,2,1,1,0,0,0,1,1,0,ok,"{""sentences"": [""I hear you."", ""We can pause here for a moment.""], ""safety"": ""ok""}",1,2176,2.6363999995737686,0.0018999999156221747,0.00020000061340397224,0.014000000192027073,0.004800000169780105,2.663100000063423
395,d49_u1,neutral,train,49,1,bc,2,1,1,0,0,0,1,1,0,ok,"{""sentences"": [""I hear you."", ""We can pause here for a moment.""], ""safety"": ""ok""}",1,2176,2.7241999996476807,0.0018999999156221747,0.0002999995558639057,0.013699999726668466,0.005399999281507917,2.7513000004546484
396,d49_u2,angry,train,49,2,bc,2,1,1,0,0,0,1,1,0,ok,"{""sentences"": [""I hear you."", ""We can pause here for a moment.""], ""safety"": ""ok""}",1,2176,2.96029999935854,0.0018000000636675395,0.00030000046535860747,0.013699999726668466,0.0054000001910026185,2.9872000004615984
397,d49_u3,happy,train,49,3,bc,2,1,1,0,0,0,1,1,0,ok,"{""sentences"": [""I hear you."", ""We can pause here for a moment.""], ""safety"": ""ok""}",1,2176,2.494700000170269,0.0019000008251168765,0.0002999995558639057,0.013900000340072438,0.005099999725644011,2.5218999999196967
398,d49_u5,neutral,train,49,5,bc,2,1,1,0,0,0,1,1,0,ok,"{""sentences"": [""I hear you."", ""We can pause here for a moment.""], ""safety"": ""ok""}",1,2176,2.2688999997626524,0.0018000000636675395,0.00019999970390927047,0.012999999853491317,0.004999999873689376,2.2942999994484126
399,d49_u6,neutral,train,49,6,bc,2,1,1,0,0,0,1,1,0,ok,"{""sentences"": [""I hear you."", ""We can pause here for a moment.""], ""safety"": ""ok""}",1,2176,2.684699999917939,0.0017000002117129043,0.00019999970390927047,0.013099999705445953,0.004900000021734741,2.710099999603699
400,d49_u7,neutral,train,49,7,bc,2,1,1,0,0,0,1,1,0,ok,"{""sentences"": [""I hear you."", ""We can pause here for a moment.""], ""safety"": ""ok""}",1,2176,2.94209999992745,0.0019000008251168765,0.00020000061340397224,0.013500000022759195,0.0052999994295532815,2.9688000004171045
401,d49_u8,neutral,train,49,8,bc,2,1,1,0,0,0,1,1,0,ok,"{""sentences"": [""I hear you."", ""We can pause here for a moment.""], ""safety"": ""ok""}",1,2176,2.8161000000181957,0.0019000008251168765,0.00019999970390927047,0.012900000001536682,0.004999999873689376,2.841699999407865
402,d49_u9,happy,train,49,9,bc,2,1,1,0,0,0,1,1,0,ok,"{""sentences"": [""I hear you."", ""We can pause here for a moment.""], ""safety"": ""ok""}",1,2176,2.7764000005845446,0.0019000008251168765,0.00019999970390927047,0.013799999578623101,0.005099999725644011,2.8032999998686137
403,d49_u10,neutral,train,49,10,bc,2,1,1,0,0,0,1,1,0,ok,"{""sentences"": [""I hear you."", ""We can pause here for a moment.""], ""safety"": ""ok""}",1,2176,2.66269999974611,0.0018999999156221747,0.00020000061340397224,0.013300000318849925,0.005100000635138713,2.688999999918451
404,d49_u11,neutral,train,49,11,bc,2,1,1,0,0,0,1,1,0,ok,"{""sentences"": [""I hear you."", ""We can pause here for a moment.""], ""safety"": ""ok""}",1,2176,3.3455000002504676,0.0019000008251168765,0.00019999970390927047,0.013799999578623101,0.004900000021734741,3.3719000002747634
405,d49_u12,sad,train,49,12,bc,2,1,1,0,0,0,1,1,0,ok,"{""sentences"": [""I hear you."", ""We can pause here for a moment.""], ""safety"": ""ok""}",1,2176,2.821099999891885,0.0018000000636675395,0.00030000046535860747,0.013300000318849925,0.004999999873689376,2.8468999998949585
406,d49_u14,neutral,train,49,14,bc,2,1,1,0,0,0,1,1,0,ok,"{""sentences"": [""I hear you."", ""We can pause here for a moment.""], ""safety"": ""ok""}",1,2176,2.4759999996604165,0.00199999976757681,0.00030000046535860747,0.013800000488117803,0.005200000487093348,2.5028000000020256
407,d49_u16,neutral,train,49,16,bc,2,1,1,0,0,0,1,1,0,ok,"{""sentences"": [""I hear you."", ""We can pause here for a moment.""], ""safety"": ""ok""}",1,2176,2.535900000111724,0.0018999999156221747,0.0002999995558639057,0.013899999430577736,0.005099999725644011,2.563199999713106
408,d49_u17,neutral,train,49,17,bc,2,1,1,0,0,0,1,1,0,ok,"{""sentences"": [""I hear you."", ""We can pause here for a moment.""], ""safety"": ""ok""}",1,2176,2.66139999985171,0.0018999999156221747,0.00030000046535860747,0.013899999430577736,0.005199999577598646,2.6889000000664964
409,d49_u19,neutral,train,49,19,bc,2,1,1,0,0,0,1,1,0,ok,"{""sentences"": [""I hear you."", ""We can pause here for a moment.""], ""safety"": ""ok""}",1,2176,2.5937999998859596,0.0018999999156221747,0.0002999995558639057,0.02840000070136739,0.004599999556376133,2.633800000694464
410,d49_u21,angry,train,49,21,bc,2,1,1,0,0,0,1,1,0,ok,"{""sentences"": [""I hear you."", ""We can pause here for a moment.""], ""safety"": ""ok""}",1,2176,2.7854999998453422,0.0018999999156221747,0.0002999995558639057,0.014100000043981709,0.005099999725644011,2.81269999959477
411,d50_u0,happy,train,50,0,bc,2,1,1,0,0,0,1,1,0,ok,"{""sentences"": [""I hear you."", ""We can pause here for a moment.""], ""safety"": ""ok""}",1,2176,2.6182000001426786,0.00199999976757681,0.00019999970390927047,0.014100000043981709,0.005200000487093348,2.645200000188197
412,d50_u1,angry,train,50,1,bc,2,1,1,0,0,0,1,1,0,ok,"{""sentences"": [""I hear you."", ""We can pause here for a moment.""], ""safety"": ""ok""}",1,2176,2.610800000184099,0.0019000008251168765,0.0002999995558639057,0.014100000043981709,0.005300000339047983,2.6380999997854815
413,d50_u3,neutral,train,50,3,bc,2,1,1,0,0,0,1,1,0,ok,"{""sentences"": [""I hear you."", ""We can pause here for a moment.""], ""safety"": ""ok""}",1,2176,2.9968999997436185,0.0018999999156221747,0.00020000061340397224,0.01340000017080456,0.005199999577598646,3.02319999991596
414,d50_u4,neutral,train,50,4,bc,2,1,1,0,0,0,1,1,0,ok,"{""sentences"": [""I hear you."", ""We can pause here for a moment.""], ""safety"": ""ok""}",1,2176,2.8028999995513004,0.0018999999156221747,0.00020000061340397224,0.014100000043981709,0.005099999725644011,2.8299999994487735
415,d50_u7,sad,train,50,7,bc,2,1,1,0,0,0,1,1,0,ok,"{""sentences"": [""I hear you."", ""We can pause here for a moment.""], ""safety"": ""ok""}",1,2176,3.0065000000831787,0.00199999976757681,0.00019999970390927047,0.014100000043981709,0.005200000487093348,3.0336999998326064
416,d50_u8,happy,train,50,8,bc,2,1,1,0,0,0,1,1,0,ok,"{""sentences"": [""I hear you."", ""We can pause here for a moment.""], ""safety"": ""ok""}",1,2176,3.252799999245326,0.0018999999156221747,0.00019999970390927047,0.013900000340072438,0.005099999725644011,3.279399999883026
417,d50_u11,neutral,train,50,11,bc,2,1,1,0,0,0,1,1,0,ok,"{""sentences"": [""I hear you."", ""We can pause here for a moment.""], ""safety"": ""ok""}",1,2176,2.4687000004632864,0.0018000000636675395,0.00030000046535860747,0.013700000636163168,0.005199999577598646,2.495400000043446
418,d50_u12,neutral,train,50,12,bc,2,1,1,0,0,0,1,1,0,ok,"{""sentences"": [""I hear you."", ""We can pause here for a moment.""], ""safety"": ""ok""}",1,2176,2.632900000207883,0.0017000002117129043,0.0002999995558639057,0.011899999663000926,0.0045000006139162,2.6559999996607075
419,d50_u13,angry,train,50,13,bc,2,1,1,0,0,0,1,1,0,ok,"{""sentences"": [""I hear you."", ""We can pause here for a moment.""], ""safety"": ""ok""}",1,2176,2.941100000498409,0.0020000006770715117,0.0002999995558639057,0.013699999726668466,0.005199999577598646,2.9680999996344326
420,d50_u15,angry,train,50,15,bc,2,1,1,0,0,0,1,1,0,ok,"{""sentences"": [""I hear you."", ""We can pause here for a moment.""], ""safety"": ""ok""}",1,2176,2.9264999993756646,0.0018000000636675395,0.0002999995558639057,0.013500000022759195,0.004900000021734741,2.9525999998440966
421,d50_u16,neutral,train,50,16,bc,2,1,1,0,0,0,1,1,0,ok,"{""sentences"": [""I hear you."", ""We can pause here for a moment.""], ""safety"": ""ok""}",1,2176,2.5285000001531444,0.0020000006770715117,0.00019999970390927047,0.013800000488117803,0.004900000021734741,2.5550999998813495
422,d51_u0,neutral,train,51,0,bc,2,1,1,0,0,0,1,1,0,ok,"{""sentences"": [""I hear you."", ""We can pause here for a moment.""], ""safety"": ""ok""}",1,2176,2.8044999999110587,0.0018999999156221747,0.00019999970390927047,0.01449999945180025,0.005200000487093348,2.8323999995336635
423,d51_u1,sad,train,51,1,bc,2,1,1,0,0,0,1,1,0,ok,"{""sentences"": [""I hear you."", ""We can pause here for a moment.""], ""safety"": ""ok""}",1,2176,2.4621000002298388,0.0017000002117129043,0.00030000046535860747,0.013800000488117803,0.005500000042957254,2.4890000004234025
424,d51_u2,neutral,train,51,2,bc,2,1,1,0,0,0,1,1,0,ok,"{""sentences"": [""I hear you."", ""We can pause here for a moment.""], ""safety"": ""ok""}",1,2176,2.683400000023539,0.0020000006770715117,0.0002999995558639057,0.013699999726668466,0.005300000339047983,2.7098999998997897
425,d51_u4,angry,train,51,4,bc,2,1,1,0,0,0,1,1,0,ok,"{""sentences"": [""I hear you."", ""We can pause here for a moment.""], ""safety"": ""ok""}",1,2176,3.4198999992440804,0.0018000000636675395,0.00020000061340397224,0.013600000784208532,0.005099999725644011,3.446599999733735
426,d51_u5,angry,train,51,5,bc,2,1,1,0,0,0,1,1,0,ok,"{""sentences"": [""I hear you."", ""We can pause here for a moment.""], ""safety"": ""ok""}",1,2176,2.9262000007292954,0.0020000006770715117,0.0002999995558639057,0.013899999430577736,0.005200000487093348,2.953199999865319
427,d51_u6,angry,train,51,6,bc,2,1,1,0,0,0,1,1,0,ok,"{""sentences"": [""I hear you."", ""We can pause here for a moment.""], ""safety"": ""ok""}",1,2176,2.6883999998972286,0.00199999976757681,0.00019999970390927047,0.013900000340072438,0.005100000635138713,2.7153000000907923
428,d51_u7,angry,train,51,7,bc,2,1,1,0,0,0,1,1,0,ok,"{""sentences"": [""I hear you."", ""We can pause here for a moment.""], ""safety"": ""ok""}",1,2176,2.987399999256013,0.0018999999156221747,0.00020000061340397224,0.014000000192027073,0.005200000487093348,3.0145000000629807
429,d51_u8,angry,train,51,8,bc,2,1,1,0,0,0,1,1,0,ok,"{""sentences"": [""I hear you."", ""We can pause here for a moment.""], ""safety"": ""ok""}",1,2176,2.3520000004282338,0.0019000008251168765,0.0002999995558639057,0.01359999987471383,0.004900000021734741,2.3785000003044843
430,d51_u9,angry,train,51,9,bc,2,1,1,0,0,0,1,1,0,ok,"{""sentences"": [""I hear you."", ""We can pause here for a moment.""], ""safety"": ""ok""}",1,2176,2.5710999998409534,0.0018000000636675395,0.0002999995558639057,0.013699999726668466,0.005200000487093348,2.5977000004786532
431,d51_u10,angry,train,51,10,bc,2,1,1,0,0,0,1,1,0,ok,"{""sentences"": [""I hear you."", ""We can pause here for a moment.""], ""safety"": ""ok""}",1,2176,2.5797999996939325,0.0018999999156221747,0.00019999970390927047,0.013699999726668466,0.005199999577598646,2.6066000000355416
432,d52_u0,neutral,train,52,0,bc,2,1,1,0,0,0,1,1,0,ok,"{""sentences"": [""I hear you."", ""We can pause here for a moment.""], ""safety"": ""ok""}",1,2176,3.2608000001346227,0.0017000002117129043,0.00030000046535860747,0.01249999968422344,0.004599999556376133,3.3010999995894963
433,d52_u1,happy,train,52,1,bc,2,1,1,0,0,0,1,1,0,ok,"{""sentences"": [""I hear you."", ""We can pause here for a moment.""], ""safety"": ""ok""}",1,2176,3.011200000401004,0.0018999999156221747,0.00019999970390927047,0.013699999726668466,0.005099999725644011,3.0379999998331186
434,d52_u2,neutral,train,52,2,bc,2,1,1,0,0,0,1,1,0,ok,"{""sentences"": [""I hear you."", ""We can pause here for a moment.""], ""safety"": ""ok""}",1,2176,2.340300000469142,0.0018000000636675395,0.00030000046535860747,0.013500000022759195,0.005300000339047983,2.366799999435898
435,d52_u3,neutral,train,52,3,bc,2,1,1,0,0,0,1,1,0,ok,"{""sentences"": [""I hear you."", ""We can pause here for a moment.""], ""safety"": ""ok""}",1,2176,2.595599999949627,0.00199999976757681,0.00030000046535860747,0.014100000043981709,0.005100000635138713,2.6230000003124587
436,d52_u4,neutral,train,52,4,bc,2,1,1,0,0,0,1,1,0,ok,"{""sentences"": [""I hear you."", ""We can pause here for a moment.""], ""safety"": ""ok""}",1,2176,2.759899999546178,0.0018999999156221747,0.00030000046535860747,0.01340000017080456,0.005100000635138713,2.7859000001626555
437,d52_u5,neutral,train,52,5,bc,2,1,1,0,0,0,1,1,0,ok,"{""sentences"": [""I hear you."", ""We can pause here for a moment.""], ""safety"": ""ok""}",1,2176,3.218699999706587,0.0018999999156221747,0.00020000061340397224,0.012900000001536682,0.004800000169780105,3.2441000003018416
438,d52_u6,neutral,train,52,6,bc,2,1,1,0,0,0,1,1,0,ok,"{""sentences"": [""I hear you."", ""We can pause here for a moment.""], ""safety"": ""ok""}",1,2176,2.631899999869347,0.00199999976757681,0.00030000046535860747,0.01340000017080456,0.004900000021734741,2.6578999995763297
439,d52_u7,neutral,train,52,7,bc,2,1,1,0,0,0,1,1,0,ok,"{""sentences"": [""I hear you."", ""We can pause here for a moment.""], ""safety"": ""ok""}",1,2176,2.4249999996754923,0.0018999999156221747,0.00019999970390927047,0.013399999261309858,0.004800000169780105,2.450900000440015
440,d52_u8,neutral,train,52,8,bc,2,1,1,0,0,0,1,1,0,ok,"{""sentences"": [""I hear you."", ""We can pause here for a moment.""], ""safety"": ""ok""}",1,2176,2.611899999465095,0.0018000000636675395,0.00020000061340397224,0.014000000192027073,0.004999999873689376,2.6388000005681533
441,d52_u9,neutral,train,52,9,bc,2,1,1,0,0,0,1,1,0,ok,"{""sentences"": [""I hear you."", ""We can pause here for a moment.""], ""safety"": ""ok""}",1,2176,2.6170000001002336,0.0017000002117129043,0.00020000061340397224,0.013100000614940654,0.004900000021734741,2.642299999934039
442,d52_u10,neutral,train,52,10,bc,2,1,1,0,0,0,1,1,0,ok,"{""sentences"": [""I hear you."", ""We can pause here for a moment.""], ""safety"": ""ok""}",1,2176,3.2201999993048958,0.0018000000636675395,0.0002999995558639057,0.01340000017080456,0.004999999873689376,3.2461000000694185
443,d52_u11,neutral,train,52,11,bc,2,1,1,0,0,0,1,1,0,ok,"{""sentences"": [""I hear you."", ""We can pause here for a moment.""], ""safety"": ""ok""}",1,2176,2.653499999723863,0.0018999999156221747,0.00030000046535860747,0.013300000318849925,0.004800000169780105,2.679100000023027
444,d53_u0,happy,train,53,0,bc,2,1,1,0,0,0,1,1,0,ok,"{""sentences"": [""I hear you."", ""We can pause here for a moment.""], ""safety"": ""ok""}",1,2176,2.4097000004985603,0.0019000008251168765,0.00030000046535860747,0.013500000022759195,0.005099999725644011,2.4360999996133614
445,d53_u1,happy,train,53,1,bc,2,1,1,0,0,0,1,1,0,ok,"{""sentences"": [""I hear you."", ""We can pause here for a moment.""], ""safety"": ""ok""}",1,2176,2.491399999598798,0.00199999976757681,0.00020000061340397224,0.013800000488117803,0.005099999725644011,2.5181000000884524
446,d53_u2,neutral,train,53,2,bc,2,1,1,0,0,0,1,1,0,ok,"{""sentences"": [""I hear you."", ""We can pause here for a moment.""], ""safety"": ""ok""}",1,2176,2.9800000002069282,0.0018999999156221747,0.00030000046535860747,0.014199999895936344,0.005300000339047983,3.0075000004217145
447,d53_u3,neutral,train,53,3,bc,2,1,1,0,0,0,1,1,0,ok,"{""sentences"": [""I hear you."", ""We can pause here for a moment.""], ""safety"": ""ok""}",1,2176,2.9927999994470156,0.0018999999156221747,0.00030000046535860747,0.014100000043981709,0.0052999994295532815,3.0200999999578926
448,d53_u4,neutral,train,53,4,bc,2,1,1,0,0,0,1,1,0,ok,"{""sentences"": [""I hear you."", ""We can pause here for a moment.""], ""safety"": ""ok""}",1,2176,2.8345000000626897,0.0018000000636675395,0.0002999995558639057,0.014000000192027073,0.0054000001910026185,2.862199999981385
449,d53_u5,neutral,train,53,5,bc,2,1,1,0,0,0,1,1,0,ok,"{""sentences"": [""I hear you."", ""We can pause here for a moment.""], ""safety"": ""ok""}",1,2176,3.305299999738054,0.0018999999156221747,0.00019999970390927047,0.014500000361294951,0.005199999577598646,3.333000000566244
450,d53_u6,happy,train,53,6,bc,2,1,1,0,0,0,1,1,0,ok,"{""sentences"": [""I hear you."", ""We can pause here for a moment.""], ""safety"": ""ok""}",1,2176,2.403500000582426,0.0019000008251168765,0.00030000046535860747,0.013299999409355223,0.005199999577598646,2.4296999999933178
451,d53_u7,neutral,train,53,7,bc,2,1,1,0,0,0,1,1,0,ok,"{""sentences"": [""I hear you."", ""We can pause here for a moment.""], ""safety"": ""ok""}",1,2176,2.751400000306603,0.0018999999156221747,0.0002999995558639057,0.013899999430577736,0.005100000635138713,2.778099999886763
452,d53_u8,happy,train,53,8,bc,2,1,1,0,0,0,1,1,0,ok,"{""sentences"": [""I hear you."", ""We can pause here for a moment.""], ""safety"": ""ok""}",1,2176,2.6380999997854815,0.0018999999156221747,0.00020000061340397224,0.013800000488117803,0.005200000487093348,2.6649000001270906
453,d54_u1,sad,train,54,1,bc,2,1,1,0,0,0,1,1,0,ok,"{""sentences"": [""I hear you."", ""We can pause here for a moment.""], ""safety"": ""ok""}",1,2176,2.6635999993231962,0.0018000000636675395,0.00030000046535860747,0.01269999938813271,0.004900000021734741,2.688700000362587
454,d54_u2,angry,train,54,2,bc,2,1,1,0,0,0,1,1,0,ok,"{""sentences"": [""I hear you."", ""We can pause here for a moment.""], ""safety"": ""ok""}",1,2176,2.967299999909301,0.0018999999156221747,0.00030000046535860747,0.01359999987471383,0.0052999994295532815,2.99419999919337
455,d54_u5,neutral,train,54,5,bc,2,1,1,0,0,0,1,1,0,ok,"{""sentences"": [""I hear you."", ""We can pause here for a moment.""], ""safety"": ""ok""}",1,2176,2.424599999358179,0.0018000000636675395,0.00019999970390927047,0.013800000488117803,0.005199999577598646,2.451199999995879
456,d54_u6,happy,train,54,6,bc,2,1,1,0,0,0,1,1,0,ok,"{""sentences"": [""I hear you."", ""We can pause here for a moment.""], ""safety"": ""ok""}",1,2176,2.8144999996584374,0.0018999999156221747,0.0002999995558639057,0.013500000022759195,0.005099999725644011,2.840900000592228
457,d54_u7,angry,train,54,7,bc,2,1,1,0,0,0,1,1,0,ok,"{""sentences"": [""I hear you."", ""We can pause here for a moment.""], ""safety"": ""ok""}",1,2176,2.705699999751232,0.002099999619531445,0.00019999970390927047,0.014100000043981709,0.005199999577598646,2.7333000007274677
458,d54_u8,sad,train,54,8,bc,2,1,1,0,0,0,1,1,0,ok,"{""sentences"": [""I hear you."", ""We can pause here for a moment.""], ""safety"": ""ok""}",1,2176,2.486299999873154,0.0017000002117129043,0.0002999995558639057,0.013299999409355223,0.004999999873689376,2.5120000000242726
459,d54_u9,happy,train,54,9,bc,2,1,1,0,0,0,1,1,0,ok,"{""sentences"": [""I hear you."", ""We can pause here for a moment.""], ""safety"": ""ok""}",1,2176,2.543600000535662,0.0018000000636675395,0.0002999995558639057,0.01359999987471383,0.005300000339047983,2.570200000263867
460,d54_u10,neutral,train,54,10,bc,2,1,1,0,0,0,1,1,0,ok,"{""sentences"": [""I hear you."", ""We can pause here for a moment.""], ""safety"": ""ok""}",1,2176,2.615899999909743,0.0018999999156221747,0.0002999995558639057,0.013800000488117803,0.004999999873689376,2.642599999489903
461,d54_u11,neutral,train,54,11,bc,2,1,1,0,0,0,1,1,0,ok,"{""sentences"": [""I hear you."", ""We can pause here for a moment.""], ""safety"": ""ok""}",1,2176,3.612499999690044,0.00199999976757681,0.00030000046535860747,0.013999999282532372,0.0052999994295532815,3.6399999999048305
462,d54_u14,sad,train,54,14,bc,2,1,1,0,0,0,1,1,0,ok,"{""sentences"": [""I hear you."", ""We can pause here for a moment.""], ""safety"": ""ok""}",1,2176,2.378799999860348,0.0018999999156221747,0.0002999995558639057,0.014100000043981709,0.004999999873689376,2.4055999992924626
463,d54_u15,sad,train,54,15,bc,2,1,1,0,0,0,1,1,0,ok,"{""sentences"": [""I hear you."", ""We can pause here for a moment.""], ""safety"": ""ok""}",1,2176,2.4418000002697227,0.0017000002117129043,0.00019999970390927047,0.013699999726668466,0.005099999725644011,2.4679999996806146
464,d54_u16,sad,train,54,16,bc,2,1,1,0,0,0,1,1,0,ok,"{""sentences"": [""I hear you."", ""We can pause here for a moment.""], ""safety"": ""ok""}",1,2176,2.897500000472064,0.0018999999156221747,0.00030000046535860747,0.013500000022759195,0.005199999577598646,2.9237999997349107
465,d54_u17,happy,train,54,17,bc,2,1,1,0,0,0,1,1,0,ok,"{""sentences"": [""I hear you."", ""We can pause here for a moment.""], ""safety"": ""ok""}",1,2176,2.5248000001738546,0.0018000000636675395,0.00020000061340397224,0.013700000636163168,0.005199999577598646,2.5514000008115545
466,d54_u18,happy,train,54,18,bc,2,1,1,0,0,0,1,1,0,ok,"{""sentences"": [""I hear you."", ""We can pause here for a moment.""], ""safety"": ""ok""}",1,2176,3.0802999999650638,0.0018000000636675395,0.00020000061340397224,0.014199999895936344,0.005300000339047983,3.1079999998837593
467,d54_u19,happy,train,54,19,bc,2,1,1,0,0,0,1,1,0,ok,"{""sentences"": [""I hear you."", ""We can pause here for a moment.""], ""safety"": ""ok""}",1,2176,2.660400000422669,0.002100000529026147,0.00030000046535860747,0.014100000043981709,0.005300000339047983,2.687799999876006
468,d54_u20,happy,train,54,20,bc,2,1,1,0,0,0,1,1,0,ok,"{""sentences"": [""I hear you."", ""We can pause here for a moment.""], ""safety"": ""ok""}",1,2176,2.5301999994553626,0.0018999999156221747,0.0002999995558639057,0.013799999578623101,0.005099999725644011,2.5572000004103757
469,d54_u21,neutral,train,54,21,bc,2,1,1,0,0,0,1,1,0,ok,"{""sentences"": [""I hear you."", ""We can pause here for a moment.""], ""safety"": ""ok""}",1,2176,3.247399999963818,0.0018999999156221747,0.0002999995558639057,0.013799999578623101,0.005000000783184078,3.2742000003054272
470,d54_u22,happy,train,54,22,bc,2,1,1,0,0,0,1,1,0,ok,"{""sentences"": [""I hear you."", ""We can pause here for a moment.""], ""safety"": ""ok""}",1,2176,2.6682999996410217,0.0018999999156221747,0.00019999970390927047,0.014199999895936344,0.005699999746866524,2.696300000025076
471,d54_u23,angry,train,54,23,bc,2,1,1,0,0,0,1,1,0,ok,"{""sentences"": [""I hear you."", ""We can pause here for a moment.""], ""safety"": ""ok""}",1,2176,2.164999999877182,0.0020000006770715117,0.00030000046535860747,0.014199999895936344,0.005099999725644011,2.1926999997958774
472,d55_u0,happy,train,55,0,bc,2,1,1,0,0,0,1,1,0,ok,"{""sentences"": [""I hear you."", ""We can pause here for a moment.""], ""safety"": ""ok""}",1,2176,3.2458999994560145,0.0018999999156221747,0.00030000046535860747,0.013900000340072438,0.004999999873689376,3.2725000000937143
473,d55_u1,happy,train,55,1,bc,2,1,1,0,0,0,1,1,0,ok,"{""sentences"": [""I hear you."", ""We can pause here for a moment.""], ""safety"": ""ok""}",1,2176,2.566600000136532,0.0018000000636675395,0.00020000061340397224,0.013500000022759195,0.005200000487093348,2.592900000308873
474,d55_u2,neutral,train,55,2,bc,2,1,1,0,0,0,1,1,0,ok,"{""sentences"": [""I hear you."", ""We can pause here for a moment.""], ""safety"": ""ok""}",1,2176,2.982699999847682,0.0018999999156221747,0.00020000061340397224,0.013500000022759195,0.005200000487093348,3.0087000004641595
475,d55_u4,neutral,train,55,4,bc,2,1,1,0,0,0,1,1,0,ok,"{""sentences"": [""I hear you."", ""We can pause here for a moment.""], ""safety"": ""ok""}",1,2176,2.377400000113994,0.0016999993022182025,0.0002999995558639057,0.013500000022759195,0.00470000031782547,2.402799999799754
476,d55_u5,happy,train,55,5,bc,2,1,1,0,0,0,1,1,0,ok,"{""sentences"": [""I hear you."", ""We can pause here for a moment.""], ""safety"": ""ok""}",1,2176,2.907799999775307,0.00199999976757681,0.00019999970390927047,0.013800000488117803,0.005099999725644011,2.9346999999688705
477,d55_u7,neutral,train,55,7,bc,2,1,1,0,0,0,1,1,0,ok,"{""sentences"": [""I hear you."", ""We can pause here for a moment.""], ""safety"": ""ok""}",1,2176,2.9758000000583706,0.0018000000636675395,0.0002999995558639057,0.01340000017080456,0.004900000021734741,3.0017999997653533
478,d55_u8,happy,train,55,8,bc,2,1,1,0,0,0,1,1,0,ok,"{""sentences"": [""I hear you."", ""We can pause here for a moment.""], ""safety"": ""ok""}",1,2176,2.8490999993664445,0.00199999976757681,0.00020000061340397224,0.013700000636163168,0.005099999725644011,2.8757000000041444
479,d55_u9,happy,train,55,9,bc,2,1,1,0,0,0,1,1,0,ok,"{""sentences"": [""I hear you."", ""We can pause here for a moment.""], ""safety"": ""ok""}",1,2176,2.3131000007197144,0.00199999976757681,0.0002999995558639057,0.01359999987471383,0.004999999873689376,2.3398000002998742
480,d55_u10,happy,train,55,10,bc,2,1,1,0,0,0,1,1,0,ok,"{""sentences"": [""I hear you."", ""We can pause here for a moment.""], ""safety"": ""ok""}",1,2176,2.4520000006305054,0.0018999999156221747,0.00030000046535860747,0.013500000022759195,0.005099999725644011,2.4783999997453066
481,d55_u11,happy,train,55,11,bc,2,1,1,0,0,0,1,1,0,ok,"{""sentences"": [""I hear you."", ""We can pause here for a moment.""], ""safety"": ""ok""}",1,2176,3.341999999975087,0.0018000000636675395,0.00020000061340397224,0.012999999853491317,0.004900000021734741,3.3670000002530287
482,d55_u12,happy,train,55,12,bc,2,1,1,0,0,0,1,1,0,ok,"{""sentences"": [""I hear you."", ""We can pause here for a moment.""], ""safety"": ""ok""}",1,2176,2.66749999991589,0.0018999999156221747,0.00020000061340397224,0.013299999409355223,0.005100000635138713,2.693600000384322
483,d55_u13,happy,train,55,13,bc,2,1,1,0,0,0,1,1,0,ok,"{""sentences"": [""I hear you."", ""We can pause here for a moment.""], ""safety"": ""ok""}",1,2176,2.4420999998255866,0.0018999999156221747,0.0002999995558639057,0.013399999261309858,0.004999999873689376,2.4679999996806146
484,d55_u14,happy,train,55,14,bc,2,1,1,0,0,0,1,1,0,ok,"{""sentences"": [""I hear you."", ""We can pause here for a moment.""], ""safety"": ""ok""}",1,2176,2.6937000002362765,0.00199999976757681,0.00019999970390927047,0.013800000488117803,0.005199999577598646,2.7206000004298403
485,d55_u15,happy,train,55,15,bc,2,1,1,0,0,0,1,1,0,ok,"{""sentences"": [""I hear you."", ""We can pause here for a moment.""], ""safety"": ""ok""}",1,2176,2.5974000000132946,0.0018999999156221747,0.0002999995558639057,0.014000000192027073,0.005300000339047983,2.6245999997627223
486,d55_u16,neutral,train,55,16,bc,2,1,1,0,0,0,1,1,0,ok,"{""sentences"": [""I hear you."", ""We can pause here for a moment.""], ""safety"": ""ok""}",1,2176,2.675900000213005,0.0018000000636675395,0.00019999970390927047,0.013699999726668466,0.004999999873689376,2.702300000237301
487,d56_u1,neutral,train,56,1,bc,2,1,1,0,0,0,1,1,0,ok,"{""sentences"": [""I hear you."", ""We can pause here for a moment.""], ""safety"": ""ok""}",1,2176,3.1453999999939697,0.00199999976757681,0.0002999995558639057,0.013899999430577736,0.0052999994295532815,3.1724999998914427
488,d56_u3,neutral,train,56,3,bc,2,1,1,0,0,0,1,1,0,ok,"{""sentences"": [""I hear you."", ""We can pause here for a moment.""], ""safety"": ""ok""}",1,2176,2.8774999991583172,0.0018999999156221747,0.00030000046535860747,0.01359999987471383,0.005099999725644011,2.904300000409421
489,d56_u4,neutral,train,56,4,bc,2,1,1,0,0,0,1,1,0,ok,"{""sentences"": [""I hear you."", ""We can pause here for a moment.""], ""safety"": ""ok""}",1,2176,3.2289000000673695,0.0018999999156221747,0.00019999970390927047,0.013900000340072438,0.0054000001910026185,3.2558000002609333
490,d56_u5,neutral,train,56,5,bc,2,1,1,0,0,0,1,1,0,ok,"{""sentences"": [""I hear you."", ""We can pause here for a moment.""], ""safety"": ""ok""}",1,2176,2.6167000005443697,0.0018999999156221747,0.0002999995558639057,0.013899999430577736,0.0054000001910026185,2.6439000002937973
491,d56_u6,happy,train,56,6,bc,2,1,1,0,0,0,1,1,0,ok,"{""sentences"": [""I hear you."", ""We can pause here for a moment.""], ""safety"": ""ok""}",1,2176,2.6898000005530776,0.0017000002117129043,0.0002999995558639057,0.013300000318849925,0.004999999873689376,2.715599999646656
492,d57_u1,neutral,train,57,1,bc,2,1,1,0,0,0,1,1,0,ok,"{""sentences"": [""I hear you."", ""We can pause here for a moment.""], ""safety"": ""ok""}",1,2176,2.8809000004912377,0.0018999999156221747,0.00019999970390927047,0.01359999987471383,0.005100000635138713,2.907699999923352
493,d58_u0,neutral,train,58,0,bc,2,1,1,0,0,0,1,1,0,ok,"{""sentences"": [""I hear you."", ""We can pause here for a moment.""], ""safety"": ""ok""}",1,2176,2.681500000107917,0.0018000000636675395,0.00020000061340397224,0.013700000636163168,0.005099999725644011,2.7079999999841675
494,d58_u1,neutral,train,58,1,bc,2,1,1,0,0,0,1,1,0,ok,"{""sentences"": [""I hear you."", ""We can pause here for a moment.""], ""safety"": ""ok""}",1,2176,2.813099999912083,0.0018000000636675395,0.00020000061340397224,0.014000000192027073,0.0054000001910026185,2.840299999661511
495,d58_u3,neutral,train,58,3,bc,2,1,1,0,0,0,1,1,0,ok,"{""sentences"": [""I hear you."", ""We can pause here for a moment.""], ""safety"": ""ok""}",1,2176,2.9481999999916297,0.002099999619531445,0.00019999970390927047,0.014000000192027073,0.004999999873689376,2.9752999998891028
496,d58_u4,angry,train,58,4,bc,2,1,1,0,0,0,1,1,0,ok,"{""sentences"": [""I hear you."", ""We can pause here for a moment.""], ""safety"": ""ok""}",1,2176,2.399199999672419,0.0018999999156221747,0.00020000061340397224,0.013899999430577736,0.005100000635138713,2.4261999997179373
497,d58_u6,neutral,train,58,6,bc,2,1,1,0,0,0,1,1,0,ok,"{""sentences"": [""I hear you."", ""We can pause here for a moment.""], ""safety"": ""ok""}",1,2176,3.5312999998495798,0.0018000000636675395,0.0002999995558639057,0.014100000043981709,0.005200000487093348,3.558500000508502
498,d58_u7,neutral,train,58,7,bc,2,1,1,0,0,0,1,1,0,ok,"{""sentences"": [""I hear you."", ""We can pause here for a moment.""], ""safety"": ""ok""}",1,2176,2.5480999993305886,0.0018999999156221747,0.0002999995558639057,0.014000000192027073,0.005099999725644011,2.575500000602915
499,d58_u8,neutral,train,58,8,bc,2,1,1,0,0,0,1,1,0,ok,"{""sentences"": [""I hear you."", ""We can pause here for a moment.""], ""safety"": ""ok""}",1,2176,2.5659000002633547,0.00199999976757681,0.00030000046535860747,0.014200000805431046,0.0054000001910026185,2.593899999737914
500,d58_u9,neutral,train,58,9,bc,2,1,1,0,0,0,1,1,0,ok,"{""sentences"": [""I hear you."", ""We can pause here for a moment.""], ""safety"": ""ok""}",1,2176,2.6762999996208237,0.00199999976757681,0.00019999970390927047,0.013899999430577736,0.005099999725644011,2.7036000001317007
501,d59_u0,neutral,train,59,0,bc,2,1,1,0,0,0,1,1,0,ok,"{""sentences"": [""I hear you."", ""We can pause here for a moment.""], ""safety"": ""ok""}",1,2176,2.6017999998657615,0.0018999999156221747,0.00019999970390927047,0.013900000340072438,0.0052999994295532815,2.6287000000593252
502,d59_u1,happy,train,59,1,bc,2,1,1,0,0,0,1,1,0,ok,"{""sentences"": [""I hear you."", ""We can pause here for a moment.""], ""safety"": ""ok""}",1,2176,2.5246000004699454,0.0018000000636675395,0.00030000046535860747,0.01340000017080456,0.005200000487093348,2.550899999732792
503,d59_u2,neutral,train,59,2,bc,2,1,1,0,0,0,1,1,0,ok,"{""sentences"": [""I hear you."", ""We can pause here for a moment.""], ""safety"": ""ok""}",1,2176,2.8911999997944804,0.00199999976757681,0.00030000046535860747,0.01430000065738568,0.004999999873689376,2.918600000157312
504,d59_u3,happy,train,59,3,bc,2,1,1,0,0,0,1,1,0,ok,"{""sentences"": [""I hear you."", ""We can pause here for a moment.""], ""safety"": ""ok""}",1,2176,2.7438000006441143,0.0017999991541728377,0.00020000061340397224,0.01359999987471383,0.005199999577598646,2.7704000003723195
505,d59_u4,happy,train,59,4,bc,2,1,1,0,0,0,1,1,0,ok,"{""sentences"": [""I hear you."", ""We can pause here for a moment.""], ""safety"": ""ok""}",1,2176,3.142100000331993,0.0019000008251168765,0.0002999995558639057,0.013500000022759195,0.004999999873689376,3.168500000356289
506,d59_u5,happy,train,59,5,bc,2,1,1,0,0,0,1,1,0,ok,"{""sentences"": [""I hear you."", ""We can pause here for a moment.""], ""safety"": ""ok""}",1,2176,3.1249000003299443,0.0018000000636675395,0.00030000046535860747,0.01340000017080456,0.004999999873689376,3.150900000036927
507,d59_u6,happy,train,59,6,bc,2,1,1,0,0,0,1,1,0,ok,"{""sentences"": [""I hear you."", ""We can pause here for a moment.""], ""safety"": ""ok""}",1,2176,2.5644999996075057,0.0018999999156221747,0.00019999970390927047,0.013899999430577736,0.005200000487093348,2.591499999653024
508,d59_u7,happy,train,59,7,bc,2,1,1,0,0,0,1,1,0,ok,"{""sentences"": [""I hear you."", ""We can pause here for a moment.""], ""safety"": ""ok""}",1,2176,1.9900999996025348,0.0018000000636675395,0.00019999970390927047,0.013500000022759195,0.005099999725644011,2.016200000070967
509,d59_u8,happy,train,59,8,bc,2,1,1,0,0,0,1,1,0,ok,"{""sentences"": [""I hear you."", ""We can pause here for a moment.""], ""safety"": ""ok""}",1,2176,3.3619000005273847,0.0018999999156221747,0.00020000061340397224,0.01320000046689529,0.004999999873689376,3.387799999472918
510,d59_u9,happy,train,59,9,bc,2,1,1,0,0,0,1,1,0,ok,"{""sentences"": [""I hear you."", ""We can pause here for a moment.""], ""safety"": ""ok""}",1,2176,2.476500000739179,0.0018999999156221747,0.00030000046535860747,0.013900000340072438,0.004999999873689376,2.5031000004673842
511,d61_u0,neutral,train,61,0,bc,2,1,1,0,0,0,1,1,0,ok,"{""sentences"": [""I hear you."", ""We can pause here for a moment.""], ""safety"": ""ok""}",1,2176,2.4834000005284906,0.0018999999156221747,0.00020000061340397224,0.013699999726668466,0.004999999873689376,2.509900000404741
512,d61_u1,happy,train,61,1,bc,2,1,1,0,0,0,1,1,0,ok,"{""sentences"": [""I hear you."", ""We can pause here for a moment.""], ""safety"": ""ok""}",1,2176,2.822800000103598,0.0018999999156221747,0.00030000046535860747,0.013699999726668466,0.005099999725644011,2.849499999683758
513,d61_u2,happy,train,61,2,bc,2,1,1,0,0,0,1,1,0,ok,"{""sentences"": [""I hear you."", ""We can pause here for a moment.""], ""safety"": ""ok""}",1,2176,2.7927000001000124,0.0018000000636675395,0.0002999995558639057,0.013699999726668466,0.0054000001910026185,2.8197999999974854
514,d61_u3,neutral,train,61,3,bc,2,1,1,0,0,0,1,1,0,ok,"{""sentences"": [""I hear you."", ""We can pause here for a moment.""], ""safety"": ""ok""}",1,2176,3.030699999726494,0.0018000000636675395,0.00020000061340397224,0.01359999987471383,0.005099999725644011,3.0571999996027444
515,d61_u4,neutral,train,61,4,bc,2,1,1,0,0,0,1,1,0,ok,"{""sentences"": [""I hear you."", ""We can pause here for a moment.""], ""safety"": ""ok""}",1,2176,2.468300000145973,0.0018999999156221747,0.0002999995558639057,0.012999999853491317,0.004999999873689376,2.493500000127824
516,d61_u5,sad,train,61,5,bc,2,1,1,0,0,0,1,1,0,ok,"{""sentences"": [""I hear you."", ""We can pause here for a moment.""], ""safety"": ""ok""}",1,2176,3.046800000447547,0.0018999999156221747,0.0002999995558639057,0.013300000318849925,0.004900000021734741,3.0725999995411257
517,d61_u6,happy,train,61,6,bc,2,1,1,0,0,0,1,1,0,ok,"{""sentences"": [""I hear you."", ""We can pause here for a moment.""], ""safety"": ""ok""}",1,2176,2.6622000004863366,0.00199999976757681,0.00030000046535860747,0.013399999261309858,0.005099999725644011,2.688499999749183
518,d61_u7,sad,train,61,7,bc,2,1,1,0,0,0,1,1,0,ok,"{""sentences"": [""I hear you."", ""We can pause here for a moment.""], ""safety"": ""ok""}",1,2176,2.7479000000312226,0.0016999993022182025,0.00030000046535860747,0.01320000046689529,0.004999999873689376,2.7735999992728466
519,d61_u8,happy,train,61,8,bc,2,1,1,0,0,0,1,1,0,ok,"{""sentences"": [""I hear you."", ""We can pause here for a moment.""], ""safety"": ""ok""}",1,2176,2.7389000006223796,0.0021999994714860804,0.00030000046535860747,0.014100000043981709,0.005099999725644011,2.765999999610358
520,d62_u0,neutral,train,62,0,bc,2,1,1,0,0,0,1,1,0,ok,"{""sentences"": [""I hear you."", ""We can pause here for a moment.""], ""safety"": ""ok""}",1,2176,3.205399999387737,0.0018000000636675395,0.00019999970390927047,0.013300000318849925,0.005199999577598646,3.2315000007656636
521,d62_u1,happy,train,62,1,bc,2,1,1,0,0,0,1,1,0,ok,"{""sentences"": [""I hear you."", ""We can pause here for a moment.""], ""safety"": ""ok""}",1,2176,2.455799999552255,0.0018999999156221747,0.00019999970390927047,0.014199999895936344,0.004999999873689376,2.483100000063132
522,d62_u2,neutral,train,62,2,bc,2,1,1,0,0,0,1,1,0,ok,"{""sentences"": [""I hear you."", ""We can pause here for a moment.""], ""safety"": ""ok""}",1,2176,3.1611999993401696,0.0018999999156221747,0.00030000046535860747,0.013799999578623101,0.005599999894911889,3.1884999998510466
523,d62_u3,happy,train,62,3,bc,2,1,1,0,0,0,1,1,0,ok,"{""sentences"": [""I hear you."", ""We can pause here for a moment.""], ""safety"": ""ok""}",1,2176,3.1817999997656443,0.0018999999156221747,0.00020000061340397224,0.014100000043981709,0.005200000487093348,3.209200000128476
524,d62_u5,happy,train,62,5,bc,2,1,1,0,0,0,1,1,0,ok,"{""sentences"": [""I hear you."", ""We can pause here for a moment.""], ""safety"": ""ok""}",1,2176,2.379800000198884,0.0018000000636675395,0.0002999995558639057,0.01320000046689529,0.005099999725644011,2.4060000005192705
525,d62_u6,neutral,train,62,6,bc,2,1,1,0,0,0,1,1,0,ok,"{""sentences"": [""I hear you."", ""We can pause here for a moment.""], ""safety"": ""ok""}",1,2176,3.0832999991616816,0.0018999999156221747,0.00030000046535860747,0.014100000043981709,0.005199999577598646,3.110499999820604
526,d62_u7,neutral,train,62,7,bc,2,1,1,0,0,0,1,1,0,ok,"{""sentences"": [""I hear you."", ""We can pause here for a moment.""], ""safety"": ""ok""}",1,2176,2.7661000003718073,0.0018000000636675395,0.00019999970390927047,0.01359999987471383,0.005099999725644011,2.792399999634654
527,d62_u8,neutral,train,62,8,bc,2,1,1,0,0,0,1,1,0,ok,"{""sentences"": [""I hear you."", ""We can pause here for a moment.""], ""safety"": ""ok""}",1,2176,2.318100000593404,0.002200000380980782,0.0002999995558639057,0.014100000043981709,0.005199999577598646,2.345900000364054
528,d62_u11,neutral,train,62,11,bc,2,1,1,0,0,0,1,1,0,ok,"{""sentences"": [""I hear you."", ""We can pause here for a moment.""], ""safety"": ""ok""}",1,2176,2.950099999907252,0.0018999999156221747,0.00019999970390927047,0.014000000192027073,0.005599999894911889,2.977899999677902
529,d63_u0,happy,train,63,0,bc,2,1,1,0,0,0,1,1,0,ok,"{""sentences"": [""I hear you."", ""We can pause here for a moment.""], ""safety"": ""ok""}",1,2176,2.486499999577063,0.00199999976757681,0.00020000061340397224,0.01359999987471383,0.005099999725644011,2.513199999157223
530,d63_u1,neutral,train,63,1,bc,2,1,1,0,0,0,1,1,0,ok,"{""sentences"": [""I hear you."", ""We can pause here for a moment.""], ""safety"": ""ok""}",1,2176,2.8308000000834,0.0020000006770715117,0.00019999970390927047,0.014199999895936344,0.005100000635138713,2.858300000298186
531,d63_u2,happy,train,63,2,bc,2,1,1,0,0,0,1,1,0,ok,"{""sentences"": [""I hear you."", ""We can pause here for a moment.""], ""safety"": ""ok""}",1,2176,3.000899999278772,0.00199999976757681,0.0002999995558639057,0.014000000192027073,0.005099999725644011,3.0280999999376945
532,d63_u4,happy,train,63,4,bc,2,1,1,0,0,0,1,1,0,ok,"{""sentences"": [""I hear you."", ""We can pause here for a moment.""], ""safety"": ""ok""}",1,2176,2.652200000738958,0.0018999999156221747,0.00020000061340397224,0.013300000318849925,0.005099999725644011,2.678099999684491
533,d63_u5,angry,train,63,5,bc,2,1,1,0,0,0,1,1,0,ok,"{""sentences"": [""I hear you."", ""We can pause here for a moment.""], ""safety"": ""ok""}",1,2176,2.4367000005440786,0.00199999976757681,0.00019999970390927047,0.01359999987471383,0.004999999873689376,2.463499999976193
534,d63_u6,neutral,train,63,6,bc,2,1,1,0,0,0,1,1,0,ok,"{""sentences"": [""I hear you."", ""We can pause here for a moment.""], ""safety"": ""ok""}",1,2176,2.671600000212493,0.002099999619531445,0.0002999995558639057,0.013799999578623101,0.005199999577598646,2.6985999993485166
535,d63_u7,sad,train,63,7,bc,2,1,1,0,0,0,1,1,0,ok,"{""sentences"": [""I hear you."", ""We can pause here for a moment.""], ""safety"": ""ok""}",1,2176,2.7120999993712758,0.0018999999156221747,0.00020000061340397224,0.013900000340072438,0.005200000487093348,2.7392000001782435
536,d64_u0,angry,train,64,0,bc,2,1,1,0,0,0,1,1,0,ok,"{""sentences"": [""I hear you."", ""We can pause here for a moment.""], ""safety"": ""ok""}",1,2176,3.4382000003461144,0.00199999976757681,0.00030000046535860747,0.013800000488117803,0.005200000487093348,3.4653000002435874
537,d64_u1,neutral,train,64,1,bc,2,1,1,0,0,0,1,1,0,ok,"{""sentences"": [""I hear you."", ""We can pause here for a moment.""], ""safety"": ""ok""}",1,2176,2.316499999324151,0.0018999999156221747,0.00019999970390927047,0.013600000784208532,0.004999999873689376,2.343000000109896
538,d64_u2,neutral,train,64,2,bc,2,1,1,0,0,0,1,1,0,ok,"{""sentences"": [""I hear you."", ""We can pause here for a moment.""], ""safety"": ""ok""}",1,2176,3.2047999993665144,0.0018999999156221747,0.0002999995558639057,0.014199999895936344,0.005500000042957254,3.2326000000466593
539,d64_u3,neutral,train,64,3,bc,2,1,1,0,0,0,1,1,0,ok,"{""sentences"": [""I hear you."", ""We can pause here for a moment.""], ""safety"": ""ok""}",1,2176,2.5826000000961358,0.00199999976757681,0.00019999970390927047,0.013999999282532372,0.005199999577598646,2.6100000004589674
540,d64_u4,neutral,train,64,4,bc,2,1,1,0,0,0,1,1,0,ok,"{""sentences"": [""I hear you."", ""We can pause here for a moment.""], ""safety"": ""ok""}",1,2176,2.184299999498762,0.0018000000636675395,0.0002999995558639057,0.013900000340072438,0.005099999725644011,2.2109999999884167
541,d64_u5,happy,train,64,5,bc,2,1,1,0,0,0,1,1,0,ok,"{""sentences"": [""I hear you."", ""We can pause here for a moment.""], ""safety"": ""ok""}",1,2176,2.528600000005099,0.0018999999156221747,0.0002999995558639057,0.013799999578623101,0.005199999577598646,2.5557000008120667
542,d64_u6,neutral,train,64,6,bc,2,1,1,0,0,0,1,1,0,ok,"{""sentences"": [""I hear you."", ""We can pause here for a moment.""], ""safety"": ""ok""}",1,2176,2.65659999968193,0.0022999993234407157,0.00019999970390927047,0.013600000784208532,0.0052999994295532815,2.6835000007849885
543,d64_u7,happy,train,64,7,bc,2,1,1,0,0,0,1,1,0,ok,"{""sentences"": [""I hear you."", ""We can pause here for a moment.""], ""safety"": ""ok""}",1,2176,3.1539000001430395,0.0018999999156221747,0.00020000061340397224,0.01320000046689529,0.005099999725644011,3.179900000759517
544,d64_u8,happy,train,64,8,bc,2,1,1,0,0,0,1,1,0,ok,"{""sentences"": [""I hear you."", ""We can pause here for a moment.""], ""safety"": ""ok""}",1,2176,2.555000000029395,0.0017000002117129043,0.00019999970390927047,0.012999999853491317,0.005200000487093348,2.580600000328559
545,d64_u9,angry,train,64,9,bc,2,1,1,0,0,0,1,1,0,ok,"{""sentences"": [""I hear you."", ""We can pause here for a moment.""], ""safety"": ""ok""}",1,2176,2.798100000291015,0.0018999999156221747,0.0002999995558639057,0.013199999557400588,0.004999999873689376,2.8241999998499523
546,d64_u10,neutral,train,64,10,bc,2,1,1,0,0,0,1,1,0,ok,"{""sentences"": [""I hear you."", ""We can pause here for a moment.""], ""safety"": ""ok""}",1,2176,3.7096999994901125,0.00199999976757681,0.00019999970390927047,0.013500000022759195,0.004999999873689376,3.7359999996624538
547,d64_u11,angry,train,64,11,bc,2,1,1,0,0,0,1,1,0,ok,"{""sentences"": [""I hear you."", ""We can pause here for a moment.""], ""safety"": ""ok""}",1,2176,2.4595999993834994,0.0018000000636675395,0.00019999970390927047,0.013299999409355223,0.004799999260285404,2.485200000592158
548,d64_u12,neutral,train,64,12,bc,2,1,1,0,0,0,1,1,0,ok,"{""sentences"": [""I hear you."", ""We can pause here for a moment.""], ""safety"": ""ok""}",1,2176,3.0919999999241554,0.0018999999156221747,0.00020000061340397224,0.01340000017080456,0.005000000783184078,3.1181000003925874
549,d65_u0,happy,train,65,0,bc,2,1,1,0,0,0,1,1,0,ok,"{""sentences"": [""I hear you."", ""We can pause here for a moment.""], ""safety"": ""ok""}",1,2176,3.1808000003366033,0.0018000000636675395,0.0002999995558639057,0.012800000149582047,0.004800000169780105,3.2056999998530955
550,d65_u2,neutral,train,65,2,bc,2,1,1,0,0,0,1,1,0,ok,"{""sentences"": [""I hear you."", ""We can pause here for a moment.""], ""safety"": ""ok""}",1,2176,2.957300000161922,0.0020000006770715117,0.00030000046535860747,0.013899999430577736,0.005099999725644011,2.9840999995940365
551,d65_u3,happy,train,65,3,bc,2,1,1,0,0,0,1,1,0,ok,"{""sentences"": [""I hear you."", ""We can pause here for a moment.""], ""safety"": ""ok""}",1,2176,3.014999999322754,0.0018999999156221747,0.00030000046535860747,0.028500000553322025,0.021300000298651867,3.072700000302575
552,d66_u1,neutral,train,66,1,bc,2,1,1,0,0,0,1,1,0,ok,"{""sentences"": [""I hear you."", ""We can pause here for a moment.""], ""safety"": ""ok""}",1,2176,3.4853000006478396,0.00199999976757681,0.00019999970390927047,0.013100000614940654,0.00470000031782547,3.510900000037509
553,d66_u2,neutral,train,66,2,bc,2,1,1,0,0,0,1,1,0,ok,"{""sentences"": [""I hear you."", ""We can pause here for a moment.""], ""safety"": ""ok""}",1,2176,2.6400999995530583,0.0017999991541728377,0.00020000061340397224,0.01359999987471383,0.02229999972769292,2.683499999875494
554,d66_u3,neutral,train,66,3,bc,2,1,1,0,0,0,1,1,0,ok,"{""sentences"": [""I hear you."", ""We can pause here for a moment.""], ""safety"": ""ok""}",1,2176,2.631499999552034,0.0018999999156221747,0.00020000061340397224,0.013899999430577736,0.004999999873689376,2.6586000003590016
555,d66_u4,neutral,train,66,4,bc,2,1,1,0,0,0,1,1,0,ok,"{""sentences"": [""I hear you."", ""We can pause here for a moment.""], ""safety"": ""ok""}",1,2176,2.241399999547866,0.0018000000636675395,0.00030000046535860747,0.013800000488117803,0.004999999873689376,2.2681000000375207
556,d66_u6,neutral,train,66,6,bc,2,1,1,0,0,0,1,1,0,ok,"{""sentences"": [""I hear you."", ""We can pause here for a moment.""], ""safety"": ""ok""}",1,2176,2.8914000004078844,0.002099999619531445,0.0002999995558639057,0.014100000043981709,0.0054000001910026185,2.919399999882444
557,d66_u7,neutral,train,66,7,bc,2,1,1,0,0,0,1,1,0,ok,"{""sentences"": [""I hear you."", ""We can pause here for a moment.""], ""safety"": ""ok""}",1,2176,3.962199999477889,0.00199999976757681,0.00019999970390927047,0.013699999726668466,0.005099999725644011,3.9891000005809474
558,d66_u8,sad,train,66,8,bc,2,1,1,0,0,0,1,1,0,ok,"{""sentences"": [""I hear you."", ""We can pause here for a moment.""], ""safety"": ""ok""}",1,2176,2.385800000411109,0.0018999999156221747,0.0002999995558639057,0.013799999578623101,0.005100000635138713,2.4123000002873596
559,d66_u9,happy,train,66,9,bc,2,1,1,0,0,0,1,1,0,ok,"{""sentences"": [""I hear you."", ""We can pause here for a moment.""], ""safety"": ""ok""}",1,2176,2.8982000003452413,0.0018000000636675395,0.00019999970390927047,0.013500000022759195,0.005100000635138713,2.924600000369537
560,d66_u10,happy,train,66,10,bc,2,1,1,0,0,0,1,1,0,ok,"{""sentences"": [""I hear you."", ""We can pause here for a moment.""], ""safety"": ""ok""}",1,2176,2.3509000002377434,0.00199999976757681,0.00030000046535860747,0.013799999578623101,0.004999999873689376,2.3780000001352164
561,d66_u11,sad,train,66,11,bc,2,1,1,0,0,0,1,1,0,ok,"{""sentences"": [""I hear you."", ""We can pause here for a moment.""], ""safety"": ""ok""}",1,2176,2.712200000132725,0.0017999991541728377,0.00019999970390927047,0.013799999578623101,0.004999999873689376,2.7389999995648395
562,d66_u12,neutral,train,66,12,bc,2,1,1,0,0,0,1,1,0,ok,"{""sentences"": [""I hear you."", ""We can pause here for a moment.""], ""safety"": ""ok""}",1,2176,3.0559000006178394,0.002100000529026147,0.00030000046535860747,0.013900000340072438,0.011099999937869143,3.089199999521952
563,d67_u1,neutral,train,67,1,bc,2,1,1,0,0,0,1,1,0,ok,"{""sentences"": [""I hear you."", ""We can pause here for a moment.""], ""safety"": ""ok""}",1,2176,3.213500000128988,0.0018000000636675395,0.00030000046535860747,0.01340000017080456,0.01720000000204891,3.2514999993509264
564,d67_u2,happy,train,67,2,bc,2,1,1,0,0,0,1,1,0,ok,"{""sentences"": [""I hear you."", ""We can pause here for a moment.""], ""safety"": ""ok""}",1,2176,2.720999999837659,0.0018999999156221747,0.00030000046535860747,0.01320000046689529,0.005200000487093348,2.747000000454136
565,d67_u3,neutral,train,67,3,bc,2,1,1,0,0,0,1,1,0,ok,"{""sentences"": [""I hear you."", ""We can pause here for a moment.""], ""safety"": ""ok""}",1,2176,2.36140000015439,0.0018000000636675395,0.0002999995558639057,0.01359999987471383,0.005199999577598646,2.388299999438459
566,d67_u5,happy,train,67,5,bc,2,1,1,0,0,0,1,1,0,ok,"{""sentences"": [""I hear you."", ""We can pause here for a moment.""], ""safety"": ""ok""}",1,2176,3.167399999256304,0.0020000006770715117,0.00019999970390927047,0.014199999895936344,0.005300000339047983,3.1951000000844942
567,d67_u6,sad,train,67,6,bc,2,1,1,0,0,0,1,1,0,ok,"{""sentences"": [""I hear you."", ""We can pause here for a moment.""], ""safety"": ""ok""}",1,2176,2.11459999991348,0.0018000000636675395,0.0002999995558639057,0.013500000022759195,0.0054000001910026185,2.140999999937776
568,d67_u7,happy,train,67,7,bc,2,1,1,0,0,0,1,1,0,ok,"{""sentences"": [""I hear you."", ""We can pause here for a moment.""], ""safety"": ""ok""}",1,2176,2.9504000003726105,0.0018000000636675395,0.00019999970390927047,0.013399999261309858,0.004999999873689376,2.9758000000583706
569,d67_u8,happy,train,67,8,bc,2,1,1,0,0,0,1,1,0,ok,"{""sentences"": [""I hear you."", ""We can pause here for a moment.""], ""safety"": ""ok""}",1,2176,2.44970000039757,0.0018000000636675395,0.00020000061340397224,0.013500000022759195,0.005399999281507917,2.4763999999777297
570,d67_u9,neutral,train,67,9,bc,2,1,1,0,0,0,1,1,0,ok,"{""sentences"": [""I hear you."", ""We can pause here for a moment.""], ""safety"": ""ok""}",1,2176,2.7473999998619547,0.0018000000636675395,0.0002999995558639057,0.014399999599845614,0.0052999994295532815,2.7748000002247863
571,d67_u10,happy,train,67,10,bc,2,1,1,0,0,0,1,1,0,ok,"{""sentences"": [""I hear you."", ""We can pause here for a moment.""], ""safety"": ""ok""}",1,2176,3.105199999481556,0.00199999976757681,0.00030000046535860747,0.014000000192027073,0.02100000074278796,3.148200000396173
572,d67_u11,happy,train,67,11,bc,2,1,1,0,0,0,1,1,0,ok,"{""sentences"": [""I hear you."", ""We can pause here for a moment.""], ""safety"": ""ok""}",1,2176,2.995000000737491,0.0018000000636675395,0.00019999970390927047,0.01359999987471383,0.005500000042957254,3.0218000001696055
573,d67_u12,neutral,train,67,12,bc,2,1,1,0,0,0,1,1,0,ok,"{""sentences"": [""I hear you."", ""We can pause here for a moment.""], ""safety"": ""ok""}",1,2176,2.933699999630335,0.0018000000636675395,0.0002999995558639057,0.013800000488117803,0.004999999873689376,2.960700000585348
574,d67_u13,neutral,train,67,13,bc,2,1,1,0,0,0,1,1,0,ok,"{""sentences"": [""I hear you."", ""We can pause here for a moment.""], ""safety"": ""ok""}",1,2176,3.486200000224926,0.0018999999156221747,0.00019999970390927047,0.013899999430577736,0.02069999936793465,3.528600000208826
575,d67_u14,neutral,train,67,14,bc,2,1,1,0,0,0,1,1,0,ok,"{""sentences"": [""I hear you."", ""We can pause here for a moment.""], ""safety"": ""ok""}",1,2176,2.6709000003393157,0.002099999619531445,0.00030000046535860747,0.014100000043981709,0.005199999577598646,2.698700000109966
576,d67_u15,angry,train,67,15,bc,2,1,1,0,0,0,1,1,0,ok,"{""sentences"": [""I hear you."", ""We can pause here for a moment.""], ""safety"": ""ok""}",1,2176,2.5217000002157874,0.0018999999156221747,0.00019999970390927047,0.013699999726668466,0.005199999577598646,2.548499999647902
577,d68_u0,angry,train,68,0,bc,2,1,1,0,0,0,1,1,0,ok,"{""sentences"": [""I hear you."", ""We can pause here for a moment.""], ""safety"": ""ok""}",1,2176,2.8101000007154653,0.0018000000636675395,0.0002999995558639057,0.012600000445672777,0.004800000169780105,2.835100000083912
578,d68_u1,happy,train,68,1,bc,2,1,1,0,0,0,1,1,0,ok,"{""sentences"": [""I hear you."", ""We can pause here for a moment.""], ""safety"": ""ok""}",1,2176,3.0706999996255036,0.0018999999156221747,0.00020000061340397224,0.013699999726668466,0.005099999725644011,3.0973999992056633
579,d68_u2,neutral,train,68,2,bc,2,1,1,0,0,0,1,1,0,ok,"{""sentences"": [""I hear you."", ""We can pause here for a moment.""], ""safety"": ""ok""}",1,2176,2.732099999775528,0.0018999999156221747,0.00019999970390927047,0.013899999430577736,0.005200000487093348,2.7589999999690917
580,d69_u0,happy,train,69,0,bc,2,1,1,0,0,0,1,1,0,ok,"{""sentences"": [""I hear you."", ""We can pause here for a moment.""], ""safety"": ""ok""}",1,2176,2.320599999620754,0.00199999976757681,0.0002999995558639057,0.013900000340072438,0.0054000001910026185,2.347900000131631
581,d69_u1,neutral,train,69,1,bc,2,1,1,0,0,0,1,1,0,ok,"{""sentences"": [""I hear you."", ""We can pause here for a moment.""], ""safety"": ""ok""}",1,2176,2.9940000003989553,0.0018000000636675395,0.00019999970390927047,0.01359999987471383,0.005200000487093348,3.020400000423251
582,d69_u2,neutral,train,69,2,bc,2,1,1,0,0,0,1,1,0,ok,"{""sentences"": [""I hear you."", ""We can pause here for a moment.""], ""safety"": ""ok""}",1,2176,2.6385999999547494,0.0020000006770715117,0.0002999995558639057,0.014000000192027073,0.005200000487093348,2.6662000000214903
583,d69_u4,sad,train,69,4,bc,2,1,1,0,0,0,1,1,0,ok,"{""sentences"": [""I hear you."", ""We can pause here for a moment.""], ""safety"": ""ok""}",1,2176,2.7704000003723195,0.0020000006770715117,0.00020000061340397224,0.013899999430577736,0.005100000635138713,2.7972999996563885
584,d69_u5,neutral,train,69,5,bc,2,1,1,0,0,0,1,1,0,ok,"{""sentences"": [""I hear you."", ""We can pause here for a moment.""], ""safety"": ""ok""}",1,2176,3.2215999999607448,0.0018999999156221747,0.00020000061340397224,0.013699999726668466,0.005199999577598646,3.248400000302354
585,d69_u6,angry,train,69,6,bc,2,1,1,0,0,0,1,1,0,ok,"{""sentences"": [""I hear you."", ""We can pause here for a moment.""], ""safety"": ""ok""}",1,2176,2.2384000003512483,0.0018999999156221747,0.00019999970390927047,0.01320000046689529,0.004999999873689376,2.2640999995928723
586,d70_u0,happy,train,70,0,bc,2,1,1,0,0,0,1,1,0,ok,"{""sentences"": [""I hear you."", ""We can pause here for a moment.""], ""safety"": ""ok""}",1,2176,2.8176999994684593,0.0017000002117129043,0.00019999970390927047,0.013699999726668466,0.005100000635138713,2.84410000040225
587,d70_u1,neutral,train,70,1,bc,2,1,1,0,0,0,1,1,0,ok,"{""sentences"": [""I hear you."", ""We can pause here for a moment.""], ""safety"": ""ok""}",1,2176,2.741599999353639,0.0018999999156221747,0.00030000046535860747,0.01340000017080456,0.005100000635138713,2.767900000435475
588,d70_u2,neutral,train,70,2,bc,2,1,1,0,0,0,1,1,0,ok,"{""sentences"": [""I hear you."", ""We can pause here for a moment.""], ""safety"": ""ok""}",1,2176,2.4547000002712593,0.00199999976757681,0.00030000046535860747,0.013300000318849925,0.005000000783184078,2.4810000004436006
589,d70_u3,neutral,train,70,3,bc,2,1,1,0,0,0,1,1,0,ok,"{""sentences"": [""I hear you."", ""We can pause here for a moment.""], ""safety"": ""ok""}",1,2176,3.185999999914202,0.00199999976757681,0.00020000061340397224,0.014100000043981709,0.005300000339047983,3.2136999998328974
590,d70_u4,neutral,train,70,4,bc,2,1,1,0,0,0,1,1,0,ok,"{""sentences"": [""I hear you."", ""We can pause here for a moment.""], ""safety"": ""ok""}",1,2176,3.0600999998569023,0.0018999999156221747,0.0002999995558639057,0.014000000192027073,0.005300000339047983,3.0874000003677793
591,d70_u5,angry,train,70,5,bc,2,1,1,0,0,0,1,1,0,ok,"{""sentences"": [""I hear you."", ""We can pause here for a moment.""], ""safety"": ""ok""}",1,2176,2.1940999995422317,0.0018999999156221747,0.00020000061340397224,0.013800000488117803,0.0052999994295532815,2.2211000004972448
592,d70_u6,neutral,train,70,6,bc,2,1,1,0,0,0,1,1,0,ok,"{""sentences"": [""I hear you."", ""We can pause here for a moment.""], ""safety"": ""ok""}",1,2176,2.7896999999939,0.0020000006770715117,0.0002999995558639057,0.014000000192027073,0.005300000339047983,2.817000000504777
593,d70_u7,angry,train,70,7,bc,2,1,1,0,0,0,1,1,0,ok,"{""sentences"": [""I hear you."", ""We can pause here for a moment.""], ""safety"": ""ok""}",1,2176,2.8750000001309672,0.0019000008251168765,0.0002999995558639057,0.014100000043981709,0.005500000042957254,2.9027000000496628
594,d70_u8,angry,train,70,8,bc,2,1,1,0,0,0,1,1,0,ok,"{""sentences"": [""I hear you."", ""We can pause here for a moment.""], ""safety"": ""ok""}",1,2176,2.5698999997985084,0.00199999976757681,0.0002999995558639057,0.014000000192027073,0.005399999281507917,2.5974999998652493
595,d71_u0,neutral,train,71,0,bc,2,1,1,0,0,0,1,1,0,ok,"{""sentences"": [""I hear you."", ""We can pause here for a moment.""], ""safety"": ""ok""}",1,2176,2.9175999998187763,0.0018999999156221747,0.00030000046535860747,0.014000000192027073,0.005100000635138713,2.9446999997162493
596,d71_u1,neutral,train,71,1,bc,2,1,1,0,0,0,1,1,0,ok,"{""sentences"": [""I hear you."", ""We can pause here for a moment.""], ""safety"": ""ok""}",1,2176,2.663399999619287,0.0018999999156221747,0.00030000046535860747,0.013600000784208532,0.005500000042957254,2.6903999996648054
597,d72_u0,neutral,train,72,0,bc,2,1,1,0,0,0,1,1,0,ok,"{""sentences"": [""I hear you."", ""We can pause here for a moment.""], ""safety"": ""ok""}",1,2176,2.9538999997384963,0.0018999999156221747,0.0002999995558639057,0.013899999430577736,0.005199999577598646,2.9807000000801054
598,d72_u2,neutral,train,72,2,bc,2,1,1,0,0,0,1,1,0,ok,"{""sentences"": [""I hear you."", ""We can pause here for a moment.""], ""safety"": ""ok""}",1,2176,2.417700000478362,0.0018999999156221747,0.0002999995558639057,0.014000000192027073,0.0054000001910026185,2.445099999931699
599,d72_u4,neutral,train,72,4,bc,2,1,1,0,0,0,1,1,0,ok,"{""sentences"": [""I hear you."", ""We can pause here for a moment.""], ""safety"": ""ok""}",1,2176,2.82229999993433,0.002099999619531445,0.00019999970390927047,0.012999999853491317,0.005300000339047983,2.848199999789358
600,d72_u5,neutral,train,72,5,bc,2,1,1,0,0,0,1,1,0,ok,"{""sentences"": [""I hear you."", ""We can pause here for a moment.""], ""safety"": ""ok""}",1,2176,3.2246000000668573,0.0018999999156221747,0.00030000046535860747,0.014100000043981709,0.0052999994295532815,3.252000000429689
601,d72_u6,neutral,train,72,6,bc,2,1,1,0,0,0,1,1,0,ok,"{""sentences"": [""I hear you."", ""We can pause here for a moment.""], ""safety"": ""ok""}",1,2176,2.7152000002388377,0.0020000006770715117,0.00019999970390927047,0.013900000340072438,0.005099999725644011,2.7420999995229067
602,d72_u7,neutral,train,72,7,bc,2,1,1,0,0,0,1,1,0,ok,"{""sentences"": [""I hear you."", ""We can pause here for a moment.""], ""safety"": ""ok""}",1,2176,2.8388999999151565,0.00199999976757681,0.00019999970390927047,0.013699999726668466,0.005100000635138713,2.8658000001087203
603,d73_u0,neutral,train,73,0,bc,2,1,1,0,0,0,1,1,0,ok,"{""sentences"": [""I hear you."", ""We can pause here for a moment.""], ""safety"": ""ok""}",1,2176,2.66020000071876,0.0020000006770715117,0.00019999970390927047,0.014000000192027073,0.005300000339047983,2.687799999876006
604,d73_u1,happy,train,73,1,bc,2,1,1,0,0,0,1,1,0,ok,"{""sentences"": [""I hear you."", ""We can pause here for a moment.""], ""safety"": ""ok""}",1,2176,2.536300000429037,0.0018999999156221747,0.00019999970390927047,0.012999999853491317,0.00470000031782547,2.56100000024162
605,d73_u2,happy,train,73,2,bc,2,1,1,0,0,0,1,1,0,ok,"{""sentences"": [""I hear you."", ""We can pause here for a moment.""], ""safety"": ""ok""}",1,2176,3.0704999999215943,0.002100000529026147,0.0002999995558639057,0.01340000017080456,0.005300000339047983,3.0972000004112488
606,d73_u3,neutral,train,73,3,bc,2,1,1,0,0,0,1,1,0,ok,"{""sentences"": [""I hear you."", ""We can pause here for a moment.""], ""safety"": ""ok""}",1,2176,2.823799999532639,0.0018999999156221747,0.00030000046535860747,0.013700000636163168,0.005099999725644011,2.8505000000222935
607,d73_u4,neutral,train,73,4,bc,2,1,1,0,0,0,1,1,0,ok,"{""sentences"": [""I hear you."", ""We can pause here for a moment.""], ""safety"": ""ok""}",1,2176,2.761300000202027,0.0018000000636675395,0.00019999970390927047,0.01359999987471383,0.004999999873689376,2.787499999612919
608,d73_u5,neutral,train,73,5,bc,2,1,1,0,0,0,1,1,0,ok,"{""sentences"": [""I hear you."", ""We can pause here for a moment.""], ""safety"": ""ok""}",1,2176,2.2023000001354376,0.0018000000636675395,0.00019999970390927047,0.013500000022759195,0.004900000021734741,2.228300000751915
609,d73_u7,neutral,train,73,7,bc,2,1,1,0,0,0,1,1,0,ok,"{""sentences"": [""I hear you."", ""We can pause here for a moment.""], ""safety"": ""ok""}",1,2176,2.97359999967739,0.002099999619531445,0.00020000061340397224,0.013999999282532372,0.005099999725644011,3.0005999997229083
610,d73_u8,neutral,train,73,8,bc,2,1,1,0,0,0,1,1,0,ok,"{""sentences"": [""I hear you."", ""We can pause here for a moment.""], ""safety"": ""ok""}",1,2176,2.528600000005099,0.0018000000636675395,0.00020000061340397224,0.01340000017080456,0.005100000635138713,2.5549000001774402
611,d73_u9,neutral,train,73,9,bc,2,1,1,0,0,0,1,1,0,ok,"{""sentences"": [""I hear you."", ""We can pause here for a moment.""], ""safety"": ""ok""}",1,2176,2.84170000031736,0.0018999999156221747,0.00019999970390927047,0.030299999707494862,0.005300000339047983,2.8846999994129874
612,d73_u11,neutral,train,73,11,bc,2,1,1,0,0,0,1,1,0,ok,"{""sentences"": [""I hear you."", ""We can pause here for a moment.""], ""safety"": ""ok""}",1,2176,2.7783999994426267,0.0018999999156221747,0.00030000046535860747,0.013900000340072438,0.005200000487093348,2.80540000039764
613,d74_u0,happy,train,74,0,bc,2,1,1,0,0,0,1,1,0,ok,"{""sentences"": [""I hear you."", ""We can pause here for a moment.""], ""safety"": ""ok""}",1,2176,2.674400000614696,0.0018000000636675395,0.00030000046535860747,0.013900000340072438,0.005300000339047983,2.70139999975072
614,d74_u1,neutral,train,74,1,bc,2,1,1,0,0,0,1,1,0,ok,"{""sentences"": [""I hear you."", ""We can pause here for a moment.""], ""safety"": ""ok""}",1,2176,2.634199999192788,0.0018999999156221747,0.00019999970390927047,0.01359999987471383,0.005099999725644011,2.660400000422669
615,d74_u2,neutral,train,74,2,bc,2,1,1,0,0,0,1,1,0,ok,"{""sentences"": [""I hear you."", ""We can pause here for a moment.""], ""safety"": ""ok""}",1,2176,2.682700000150362,0.0020000006770715117,0.00030000046535860747,0.014200000805431046,0.0052999994295532815,2.7102999993076082
616,d74_u3,neutral,train,74,3,bc,2,1,1,0,0,0,1,1,0,ok,"{""sentences"": [""I hear you."", ""We can pause here for a moment.""], ""safety"": ""ok""}",1,2176,2.7206999993723002,0.0018999999156221747,0.00030000046535860747,0.01359999987471383,0.005199999577598646,2.7472000001580454
617,d74_u5,angry,train,74,5,bc,2,1,1,0,0,0,1,1,0,ok,"{""sentences"": [""I hear you."", ""We can pause here for a moment.""], ""safety"": ""ok""}",1,2176,3.34850000035658,0.0018999999156221747,0.00030000046535860747,0.013900000340072438,0.005099999725644011,3.375600000254053
618,d74_u6,angry,train,74,6,bc,2,1,1,0,0,0,1,1,0,ok,"{""sentences"": [""I hear you."", ""We can pause here for a moment.""], ""safety"": ""ok""}",1,2176,2.5918000001183827,0.0019000008251168765,0.0002999995558639057,0.013899999430577736,0.005199999577598646,2.618599999550497
619,d75_u0,neutral,train,75,0,bc,2,1,1,0,0,0,1,1,0,ok,"{""sentences"": [""I hear you."", ""We can pause here for a moment.""], ""safety"": ""ok""}",1,2176,3.1117000007725437,0.00199999976757681,0.0002999995558639057,0.013800000488117803,0.005500000042957254,3.1392000000778353
620,d76_u0,neutral,train,76,0,bc,2,1,1,0,0,0,1,1,0,ok,"{""sentences"": [""I hear you."", ""We can pause here for a moment.""], ""safety"": ""ok""}",1,2176,2.6109999998880085,0.0018999999156221747,0.00019999970390927047,0.013800000488117803,0.005199999577598646,2.6378999991720775
621,d76_u1,neutral,train,76,1,bc,2,1,1,0,0,0,1,1,0,ok,"{""sentences"": [""I hear you."", ""We can pause here for a moment.""], ""safety"": ""ok""}",1,2176,2.854599999409402,0.0020000006770715117,0.0002999995558639057,0.013800000488117803,0.005099999725644011,2.8812000000471016
622,d76_u2,neutral,train,76,2,bc,2,1,1,0,0,0,1,1,0,ok,"{""sentences"": [""I hear you."", ""We can pause here for a moment.""], ""safety"": ""ok""}",1,2176,2.1732000004703877,0.0018000000636675395,0.00020000061340397224,0.013799999578623101,0.0054000001910026185,2.200299999458366
623,d76_u3,neutral,train,76,3,bc,2,1,1,0,0,0,1,1,0,ok,"{""sentences"": [""I hear you."", ""We can pause here for a moment.""], ""safety"": ""ok""}",1,2176,2.578700000412937,0.0018999999156221747,0.0002999995558639057,0.01359999987471383,0.005200000487093348,2.6049999996757833
624,d76_u4,neutral,train,76,4,bc,2,1,1,0,0,0,1,1,0,ok,"{""sentences"": [""I hear you."", ""We can pause here for a moment.""], ""safety"": ""ok""}",1,2176,3.073200000471843,0.0019000008251168765,0.00019999970390927047,0.013500000022759195,0.004999999873689376,3.0994999997346895
625,d76_u5,happy,train,76,5,bc,2,1,1,0,0,0,1,1,0,ok,"{""sentences"": [""I hear you."", ""We can pause here for a moment.""], ""safety"": ""ok""}",1,2176,2.7878000000782777,0.002099999619531445,0.00030000046535860747,0.013300000318849925,0.004999999873689376,2.814100000250619
626,d76_u6,happy,train,76,6,bc,2,1,1,0,0,0,1,1,0,ok,"{""sentences"": [""I hear you."", ""We can pause here for a moment.""], ""safety"": ""ok""}",1,2176,2.8425999998944462,0.0018999999156221747,0.00020000061340397224,0.013800000488117803,0.005099999725644011,2.8693000003841007
627,d76_u7,sad,train,76,7,bc,2,1,1,0,0,0,1,1,0,ok,"{""sentences"": [""I hear you."", ""We can pause here for a moment.""], ""safety"": ""ok""}",1,2176,3.0593000001317705,0.0018999999156221747,0.00020000061340397224,0.014400000509340316,0.0054000001910026185,3.0871999997543753
628,d77_u0,neutral,train,77,0,bc,2,1,1,0,0,0,1,1,0,ok,"{""sentences"": [""I hear you."", ""We can pause here for a moment.""], ""safety"": ""ok""}",1,2176,2.941800000371586,0.0018999999156221747,0.0002999995558639057,0.01430000065738568,0.005399999281507917,2.9697999998461455
629,d77_u1,neutral,train,77,1,bc,2,1,1,0,0,0,1,1,0,ok,"{""sentences"": [""I hear you."", ""We can pause here for a moment.""], ""safety"": ""ok""}",1,2176,2.20530000024155,0.0017000002117129043,0.00019999970390927047,0.013300000318849925,0.004800000169780105,2.2304000003714464
630,d77_u2,neutral,train,77,2,bc,2,1,1,0,0,0,1,1,0,ok,"{""sentences"": [""I hear you."", ""We can pause here for a moment.""], ""safety"": ""ok""}",1,2176,2.5937999998859596,0.0018999999156221747,0.00030000046535860747,0.013900000340072438,0.005300000339047983,2.6207000000795233
631,d77_u3,neutral,train,77,3,bc,2,1,1,0,0,0,1,1,0,ok,"{""sentences"": [""I hear you."", ""We can pause here for a moment.""], ""safety"": ""ok""}",1,2176,2.800000000206637,0.00199999976757681,0.00030000046535860747,0.013900000340072438,0.005200000487093348,2.827199999956065
632,d77_u4,happy,train,77,4,bc,2,1,1,0,0,0,1,1,0,ok,"{""sentences"": [""I hear you."", ""We can pause here for a moment.""], ""safety"": ""ok""}",1,2176,2.9008000001340406,0.00199999976757681,0.00019999970390927047,0.013900000340072438,0.005200000487093348,2.927800000179559
633,d78_u0,happy,train,78,0,bc,2,1,1,0,0,0,1,1,0,ok,"{""sentences"": [""I hear you."", ""We can pause here for a moment.""], ""safety"": ""ok""}",1,2176,2.932399999735935,0.0018000000636675395,0.00019999970390927047,0.01340000017080456,0.005199999577598646,2.958799999760231
634,d78_u1,angry,train,78,1,bc,2,1,1,0,0,0,1,1,0,ok,"{""sentences"": [""I hear you."", ""We can pause here for a moment.""], ""safety"": ""ok""}",1,2176,2.9303000001164037,0.0018000000636675395,0.00030000046535860747,0.01340000017080456,0.005000000783184078,2.956399999675341
635,d78_u2,angry,train,78,2,bc,2,1,1,0,0,0,1,1,0,ok,"{""sentences"": [""I hear you."", ""We can pause here for a moment.""], ""safety"": ""ok""}",1,2176,2.7460000001156004,0.0018999999156221747,0.00019999970390927047,0.013899999430577736,0.005200000487093348,2.772900000309164
636,d78_u3,neutral,train,78,3,bc,2,1,1,0,0,0,1,1,0,ok,"{""sentences"": [""I hear you."", ""We can pause here for a moment.""], ""safety"": ""ok""}",1,2176,2.9419000002235407,0.0018000000636675395,0.0002999995558639057,0.014100000043981709,0.0052999994295532815,2.9690999999729684
637,d79_u0,neutral,train,79,0,bc,2,1,1,0,0,0,1,1,0,ok,"{""sentences"": [""I hear you."", ""We can pause here for a moment.""], ""safety"": ""ok""}",1,2176,2.6201999999102554,0.0018999999156221747,0.00030000046535860747,0.013799999578623101,0.005500000042957254,2.6475999993635924
638,d79_u2,happy,train,79,2,bc,2,1,1,0,0,0,1,1,0,ok,"{""sentences"": [""I hear you."", ""We can pause here for a moment.""], ""safety"": ""ok""}",1,2176,2.9838000000381726,0.00199999976757681,0.00019999970390927047,0.014100000043981709,0.004999999873689376,3.011000000697095
639,d79_u4,neutral,train,79,4,bc,2,1,1,0,0,0,1,1,0,ok,"{""sentences"": [""I hear you."", ""We can pause here for a moment.""], ""safety"": ""ok""}",1,2176,2.2567000005437876,0.0018999999156221747,0.0002999995558639057,0.014199999895936344,0.0054000001910026185,2.28400000014517
640,d79_u6,neutral,train,79,6,bc,2,1,1,0,0,0,1,1,0,ok,"{""sentences"": [""I hear you."", ""We can pause here for a moment.""], ""safety"": ""ok""}",1,2176,2.8887999997095903,0.00199999976757681,0.00030000046535860747,0.01359999987471383,0.005099999725644011,2.915299999585841
641,d79_u7,neutral,train,79,7,bc,2,1,1,0,0,0,1,1,0,ok,"{""sentences"": [""I hear you."", ""We can pause here for a moment.""], ""safety"": ""ok""}",1,2176,2.5531999999657273,0.002200000380980782,0.00030000046535860747,0.013700000636163168,0.005199999577598646,2.580300000772695
642,d80_u0,neutral,train,80,0,bc,2,1,1,0,0,0,1,1,0,ok,"{""sentences"": [""I hear you."", ""We can pause here for a moment.""], ""safety"": ""ok""}",1,2176,3.3060999994631857,0.00199999976757681,0.00019999970390927047,0.01430000065738568,0.005599999894911889,3.334300000460644
643,d80_u1,happy,train,80,1,bc,2,1,1,0,0,0,1,1,0,ok,"{""sentences"": [""I hear you."", ""We can pause here for a moment.""], ""safety"": ""ok""}",1,2176,2.692600000045786,0.0018000000636675395,0.00030000046535860747,0.014100000043981709,0.005300000339047983,2.719799999795214
644,d80_u3,neutral,train,80,3,bc,2,1,1,0,0,0,1,1,0,ok,"{""sentences"": [""I hear you."", ""We can pause here for a moment.""], ""safety"": ""ok""}",1,2176,2.810400000271329,0.0017999991541728377,0.00019999970390927047,0.013900000340072438,0.005300000339047983,2.837799999724666
645,d80_u4,neutral,train,80,4,bc,2,1,1,0,0,0,1,1,0,ok,"{""sentences"": [""I hear you."", ""We can pause here for a moment.""], ""safety"": ""ok""}",1,2176,2.940100000159873,0.0018999999156221747,0.00020000061340397224,0.013900000340072438,0.005200000487093348,2.967000000353437
646,d80_u5,neutral,train,80,5,bc,2,1,1,0,0,0,1,1,0,ok,"{""sentences"": [""I hear you."", ""We can pause here for a moment.""], ""safety"": ""ok""}",1,2176,2.5514000008115545,0.00199999976757681,0.0002999995558639057,0.014000000192027073,0.005199999577598646,2.578700000412937
647,d81_u0,neutral,train,81,0,bc,2,1,1,0,0,0,1,1,0,ok,"{""sentences"": [""I hear you."", ""We can pause here for a moment.""], ""safety"": ""ok""}",1,2176,2.9591999991680495,0.00199999976757681,0.00030000046535860747,0.013899999430577736,0.005300000339047983,2.9862999999750173
648,d81_u1,neutral,train,81,1,bc,2,1,1,0,0,0,1,1,0,ok,"{""sentences"": [""I hear you."", ""We can pause here for a moment.""], ""safety"": ""ok""}",1,2176,2.7072000002590357,0.0018000000636675395,0.0002999995558639057,0.01359999987471383,0.005100000635138713,2.7337000001352862
649,d81_u2,neutral,train,81,2,bc,2,1,1,0,0,0,1,1,0,ok,"{""sentences"": [""I hear you."", ""We can pause here for a moment.""], ""safety"": ""ok""}",1,2176,2.913799999987532,0.0019000008251168765,0.0002999995558639057,0.013699999726668466,0.005200000487093348,2.9407000001810957
650,d81_u3,happy,train,81,3,bc,2,1,1,0,0,0,1,1,0,ok,"{""sentences"": [""I hear you."", ""We can pause here for a moment.""], ""safety"": ""ok""}",1,2176,2.536599999984901,0.0016999993022182025,0.00030000046535860747,0.013500000022759195,0.004999999873689376,2.5625999996918836
651,d81_u5,neutral,train,81,5,bc,2,1,1,0,0,0,1,1,0,ok,"{""sentences"": [""I hear you."", ""We can pause here for a moment.""], ""safety"": ""ok""}",1,2176,2.98320000001695,0.00199999976757681,0.00030000046535860747,0.013500000022759195,0.004999999873689376,3.009799999745155
652,d81_u6,happy,train,81,6,bc,2,1,1,0,0,0,1,1,0,ok,"{""sentences"": [""I hear you."", ""We can pause here for a moment.""], ""safety"": ""ok""}",1,2176,3.0200999999578926,0.0018000000636675395,0.00019999970390927047,0.014100000043981709,0.005300000339047983,3.047600000172679
653,d81_u8,happy,train,81,8,bc,2,1,1,0,0,0,1,1,0,ok,"{""sentences"": [""I hear you."", ""We can pause here for a moment.""], ""safety"": ""ok""}",1,2176,2.730899999733083,0.0018000000636675395,0.00030000046535860747,0.01359999987471383,0.005199999577598646,2.757200000814919
654,d81_u9,neutral,train,81,9,bc,2,1,1,0,0,0,1,1,0,ok,"{""sentences"": [""I hear you."", ""We can pause here for a moment.""], ""safety"": ""ok""}",1,2176,2.6177999998253654,0.0017000002117129043,0.00019999970390927047,0.013299999409355223,0.004799999260285404,2.6428999999552616
655,d81_u10,neutral,train,81,10,bc,2,1,1,0,0,0,1,1,0,ok,"{""sentences"": [""I hear you."", ""We can pause here for a moment.""], ""safety"": ""ok""}",1,2176,2.599099999315513,0.00199999976757681,0.00019999970390927047,0.013300000318849925,0.005199999577598646,2.6252000006934395
656,d81_u11,angry,train,81,11,bc,2,1,1,0,0,0,1,1,0,ok,"{""sentences"": [""I hear you."", ""We can pause here for a moment.""], ""safety"": ""ok""}",1,2176,3.4906999999293475,0.0018999999156221747,0.0002999995558639057,0.012999999853491317,0.004900000021734741,3.5164000000804663
657,d81_u12,neutral,train,81,12,bc,2,1,1,0,0,0,1,1,0,ok,"{""sentences"": [""I hear you."", ""We can pause here for a moment.""], ""safety"": ""ok""}",1,2176,2.855700000509387,0.0018999999156221747,0.00030000046535860747,0.013100000614940654,0.005099999725644011,2.881399999751011
658,d81_u13,angry,train,81,13,bc,2,1,1,0,0,0,1,1,0,ok,"{""sentences"": [""I hear you."", ""We can pause here for a moment.""], ""safety"": ""ok""}",1,2176,2.7554999996937113,0.0018000000636675395,0.00019999970390927047,0.01359999987471383,0.005200000487093348,2.781900000627502
659,d81_u14,angry,train,81,14,bc,2,1,1,0,0,0,1,1,0,ok,"{""sentences"": [""I hear you."", ""We can pause here for a moment.""], ""safety"": ""ok""}",1,2176,2.6462000005267328,0.00199999976757681,0.00020000061340397224,0.012900000001536682,0.004900000021734741,2.671600000212493
660,d81_u15,angry,train,81,15,bc,2,1,1,0,0,0,1,1,0,ok,"{""sentences"": [""I hear you."", ""We can pause here for a moment.""], ""safety"": ""ok""}",1,2176,2.5018999995154445,0.0018999999156221747,0.00020000061340397224,0.014199999895936344,0.005099999725644011,2.5294000006397255
661,d82_u0,neutral,train,82,0,bc,2,1,1,0,0,0,1,1,0,ok,"{""sentences"": [""I hear you."", ""We can pause here for a moment.""], ""safety"": ""ok""}",1,2176,2.705700000660727,0.0018999999156221747,0.00030000046535860747,0.01359999987471383,0.004999999873689376,2.732500000092841
662,d82_u1,neutral,train,82,1,bc,2,1,1,0,0,0,1,1,0,ok,"{""sentences"": [""I hear you."", ""We can pause here for a moment.""], ""safety"": ""ok""}",1,2176,3.094000000601227,0.0018000000636675395,0.00019999970390927047,0.013300000318849925,0.0052999994295532815,3.120100000160164
663,d82_u2,angry,train,82,2,bc,2,1,1,0,0,0,1,1,0,ok,"{""sentences"": [""I hear you."", ""We can pause here for a moment.""], ""safety"": ""ok""}",1,2176,2.7927000001000124,0.0018999999156221747,0.0002999995558639057,0.013299999409355223,0.004999999873689376,2.8185999999550404
664,d82_u4,sad,train,82,4,bc,2,1,1,0,0,0,1,1,0,ok,"{""sentences"": [""I hear you."", ""We can pause here for a moment.""], ""safety"": ""ok""}",1,2176,2.802500000143482,0.0018999999156221747,0.00030000046535860747,0.014200000805431046,0.0054000001910026185,2.830100000210223
665,d82_u5,neutral,train,82,5,bc,2,1,1,0,0,0,1,1,0,ok,"{""sentences"": [""I hear you."", ""We can pause here for a moment.""], ""safety"": ""ok""}",1,2176,3.0538000000888132,0.0017000002117129043,0.00019999970390927047,0.012199999218864832,0.004699999408330768,3.077300000768446
666,d82_u7,neutral,train,82,7,bc,2,1,1,0,0,0,1,1,0,ok,"{""sentences"": [""I hear you."", ""We can pause here for a moment.""], ""safety"": ""ok""}",1,2176,2.1520000000236905,0.00199999976757681,0.00030000046535860747,0.013899999430577736,0.0054000001910026185,2.179199999773118
667,d82_u10,neutral,train,82,10,bc,2,1,1,0,0,0,1,1,0,ok,"{""sentences"": [""I hear you."", ""We can pause here for a moment.""], ""safety"": ""ok""}",1,2176,2.9066999995848164,0.0018999999156221747,0.00020000061340397224,0.01340000017080456,0.005500000042957254,2.9337000005398295
668,d82_u11,neutral,train,82,11,bc,2,1,1,0,0,0,1,1,0,ok,"{""sentences"": [""I hear you."", ""We can pause here for a moment.""], ""safety"": ""ok""}",1,2176,2.510899999833782,0.0018999999156221747,0.00019999970390927047,0.01359999987471383,0.004999999873689376,2.5373999997100327
669,d83_u0,neutral,train,83,0,bc,2,1,1,0,0,0,1,1,0,ok,"{""sentences"": [""I hear you."", ""We can pause here for a moment.""], ""safety"": ""ok""}",1,2176,2.3963000003277557,0.00199999976757681,0.00020000061340397224,0.014500000361294951,0.005300000339047983,2.4240000002464512
670,d83_u1,neutral,train,83,1,bc,2,1,1,0,0,0,1,1,0,ok,"{""sentences"": [""I hear you."", ""We can pause here for a moment.""], ""safety"": ""ok""}",1,2176,2.9149000001780223,0.0020000006770715117,0.0002999995558639057,0.013800000488117803,0.004999999873689376,2.9417999994620914
671,d83_u2,angry,train,83,2,bc,2,1,1,0,0,0,1,1,0,ok,"{""sentences"": [""I hear you."", ""We can pause here for a moment.""], ""safety"": ""ok""}",1,2176,2.878700000110257,0.00199999976757681,0.0002999995558639057,0.014399999599845614,0.005499999133462552,2.907000000050175
672,d83_u3,neutral,train,83,3,bc,2,1,1,0,0,0,1,1,0,ok,"{""sentences"": [""I hear you."", ""We can pause here for a moment.""], ""safety"": ""ok""}",1,2176,2.897399999710615,0.0018000000636675395,0.00030000046535860747,0.013299999409355223,0.005100000635138713,2.9238999995868653
673,d84_u1,angry,train,84,1,bc,2,1,1,0,0,0,1,1,0,ok,"{""sentences"": [""I hear you."", ""We can pause here for a moment.""], ""safety"": ""ok""}",1,2176,2.8949999996257247,0.0018000000636675395,0.00030000046535860747,0.013700000636163168,0.004999999873689376,2.9214999995019753
674,d84_u2,angry,train,84,2,bc,2,1,1,0,0,0,1,1,0,ok,"{""sentences"": [""I hear you."", ""We can pause here for a moment.""], ""safety"": ""ok""}",1,2176,2.544899999520567,0.0018000000636675395,0.00030000046535860747,0.01359999987471383,0.005099999725644011,2.5708000002850895
675,d84_u3,angry,train,84,3,bc,2,1,1,0,0,0,1,1,0,ok,"{""sentences"": [""I hear you."", ""We can pause here for a moment.""], ""safety"": ""ok""}",1,2176,2.467100000103528,0.0018999999156221747,0.00019999970390927047,0.014199999895936344,0.0054000001910026185,2.4948000000222237
676,d84_u4,neutral,train,84,4,bc,2,1,1,0,0,0,1,1,0,ok,"{""sentences"": [""I hear you."", ""We can pause here for a moment.""], ""safety"": ""ok""}",1,2176,2.6993000001311884,0.00199999976757681,0.00019999970390927047,0.013699999726668466,0.005199999577598646,2.725999999711348
677,d84_u5,neutral,train,84,5,bc,2,1,1,0,0,0,1,1,0,ok,"{""sentences"": [""I hear you."", ""We can pause here for a moment.""], ""safety"": ""ok""}",1,2176,2.99890000042069,0.0019000008251168765,0.00020000061340397224,0.013900000340072438,0.005099999725644011,3.0262000000220723
678,d84_u6,sad,train,84,6,bc,2,1,1,0,0,0,1,1,0,ok,"{""sentences"": [""I hear you."", ""We can pause here for a moment.""], ""safety"": ""ok""}",1,2176,2.5974000000132946,0.0018999999156221747,0.0002999995558639057,0.013699999726668466,0.004999999873689376,2.6242000003549038
679,d85_u0,neutral,train,85,0,bc,2,1,1,0,0,0,1,1,0,ok,"{""sentences"": [""I hear you."", ""We can pause here for a moment.""], ""safety"": ""ok""}",1,2176,2.7951000001849025,0.0019000008251168765,0.00030000046535860747,0.013299999409355223,0.004900000021734741,2.82110000080138
680,d85_u1,neutral,train,85,1,bc,2,1,1,0,0,0,1,1,0,ok,"{""sentences"": [""I hear you."", ""We can pause here for a moment.""], ""safety"": ""ok""}",1,2176,3.121800000371877,0.0018000000636675395,0.00019999970390927047,0.013699999726668466,0.004999999873689376,3.1484000001000823
681,d85_u2,neutral,train,85,2,bc,2,1,1,0,0,0,1,1,0,ok,"{""sentences"": [""I hear you."", ""We can pause here for a moment.""], ""safety"": ""ok""}",1,2176,2.482599999893864,0.0019000008251168765,0.00030000046535860747,0.014600000213249587,0.005500000042957254,2.510899999833782
682,d85_u3,neutral,train,85,3,bc,2,1,1,0,0,0,1,1,0,ok,"{""sentences"": [""I hear you."", ""We can pause here for a moment.""], ""safety"": ""ok""}",1,2176,2.86340000002383,0.0018000000636675395,0.00019999970390927047,0.013699999726668466,0.005300000339047983,2.8901999994559446
683,d85_u4,neutral,train,85,4,bc,2,1,1,0,0,0,1,1,0,ok,"{""sentences"": [""I hear you."", ""We can pause here for a moment.""], ""safety"": ""ok""}",1,2176,2.544599999964703,0.0018999999156221747,0.00030000046535860747,0.013699999726668466,0.005199999577598646,2.5709999999889988
684,d86_u0,neutral,train,86,0,bc,2,1,1,0,0,0,1,1,0,ok,"{""sentences"": [""I hear you."", ""We can pause here for a moment.""], ""safety"": ""ok""}",1,2176,2.845099999831291,0.0018999999156221747,0.0002999995558639057,0.014000000192027073,0.005099999725644011,2.8720000000248547
685,d86_u1,neutral,train,86,1,bc,2,1,1,0,0,0,1,1,0,ok,"{""sentences"": [""I hear you."", ""We can pause here for a moment.""], ""safety"": ""ok""}",1,2176,2.5732000003699795,0.0018999999156221747,0.0002999995558639057,0.01359999987471383,0.005300000339047983,2.599999999802094
686,d86_u3,neutral,train,86,3,bc,2,1,1,0,0,0,1,1,0,ok,"{""sentences"": [""I hear you."", ""We can pause here for a moment.""], ""safety"": ""ok""}",1,2176,3.196900000148162,0.0018000000636675395,0.0002999995558639057,0.013199999557400588,0.004900000021734741,3.2228999998551444
687,d86_u4,neutral,train,86,4,bc,2,1,1,0,0,0,1,1,0,ok,"{""sentences"": [""I hear you."", ""We can pause here for a moment.""], ""safety"": ""ok""}",1,2176,2.7210999996896135,0.0018999999156221747,0.00019999970390927047,0.013499999113264494,0.005099999725644011,2.747099999396596
688,d86_u6,neutral,train,86,6,bc,2,1,1,0,0,0,1,1,0,ok,"{""sentences"": [""I hear you."", ""We can pause here for a moment.""], ""safety"": ""ok""}",1,2176,2.4285999998028274,0.0018999999156221747,0.0002999995558639057,0.013699999726668466,0.0054000001910026185,2.455399999234942
689,d86_u7,neutral,train,86,7,bc,2,1,1,0,0,0,1,1,0,ok,"{""sentences"": [""I hear you."", ""We can pause here for a moment.""], ""safety"": ""ok""}",1,2176,2.5780999994822196,0.0018999999156221747,0.0002999995558639057,0.014199999895936344,0.005199999577598646,2.6053999999930966
690,d86_u8,neutral,train,86,8,bc,2,1,1,0,0,0,1,1,0,ok,"{""sentences"": [""I hear you."", ""We can pause here for a moment.""], ""safety"": ""ok""}",1,2176,2.859799999896495,0.0018000000636675395,0.0002999995558639057,0.01359999987471383,0.005300000339047983,2.886499999476655
691,d86_u9,neutral,train,86,9,bc,2,1,1,0,0,0,1,1,0,ok,"{""sentences"": [""I hear you."", ""We can pause here for a moment.""], ""safety"": ""ok""}",1,2176,2.846999999746913,0.0017000002117129043,0.00019999970390927047,0.014000000192027073,0.005099999725644011,2.873699999327073
692,d86_u10,happy,train,86,10,bc,2,1,1,0,0,0,1,1,0,ok,"{""sentences"": [""I hear you."", ""We can pause here for a moment.""], ""safety"": ""ok""}",1,2176,2.7406999997765524,0.0018999999156221747,0.0002999995558639057,0.013699999726668466,0.005200000487093348,2.7672000005622976
693,d87_u0,sad,train,87,0,bc,2,1,1,0,0,0,1,1,0,ok,"{""sentences"": [""I hear you."", ""We can pause here for a moment.""], ""safety"": ""ok""}",1,2176,2.899999999499414,0.00199999976757681,0.00030000046535860747,0.013800000488117803,0.0052999994295532815,2.927000000454427
694,d87_u1,neutral,train,87,1,bc,2,1,1,0,0,0,1,1,0,ok,"{""sentences"": [""I hear you."", ""We can pause here for a moment.""], ""safety"": ""ok""}",1,2176,2.8659999998126295,0.0018999999156221747,0.0002999995558639057,0.014000000192027073,0.005500000042957254,2.893299999414012
695,d87_u2,sad,train,87,2,bc,2,1,1,0,0,0,1,1,0,ok,"{""sentences"": [""I hear you."", ""We can pause here for a moment.""], ""safety"": ""ok""}",1,2176,2.993400000377733,0.0018999999156221747,0.00030000046535860747,0.014099999134487007,0.005099999725644011,3.020999999534979
696,d87_u3,sad,train,87,3,bc,2,1,1,0,0,0,1,1,0,ok,"{""sentences"": [""I hear you."", ""We can pause here for a moment.""], ""safety"": ""ok""}",1,2176,2.8750000001309672,0.0018999999156221747,0.00030000046535860747,0.014100000043981709,0.005199999577598646,2.902199999880395
697,d87_u4,happy,train,87,4,bc,2,1,1,0,0,0,1,1,0,ok,"{""sentences"": [""I hear you."", ""We can pause here for a moment.""], ""safety"": ""ok""}",1,2176,3.108599999904982,0.0018000000636675395,0.00020000061340397224,0.013500000022759195,0.005099999725644011,3.1349999999292777
698,d87_u5,neutral,train,87,5,bc,2,1,1,0,0,0,1,1,0,ok,"{""sentences"": [""I hear you."", ""We can pause here for a moment.""], ""safety"": ""ok""}",1,2176,2.52710000040679,0.00199999976757681,0.00019999970390927047,0.030299999707494862,0.005300000339047983,2.5710999998409534
699,d87_u6,neutral,train,87,6,bc,2,1,1,0,0,0,1,1,0,ok,"{""sentences"": [""I hear you."", ""We can pause here for a moment.""], ""safety"": ""ok""}",1,2176,2.7736000001823413,0.00199999976757681,0.0002999995558639057,0.014000000192027073,0.005200000487093348,2.8006000002278597
700,d87_u7,happy,train,87,7,bc,2,1,1,0,0,0,1,1,0,ok,"{""sentences"": [""I hear you."", ""We can pause here for a moment.""], ""safety"": ""ok""}",1,2176,2.261200000248209,0.0018000000636675395,0.0002999995558639057,0.013699999726668466,0.005099999725644011,2.288099999532278
701,d87_u8,happy,train,87,8,bc,2,1,1,0,0,0,1,1,0,ok,"{""sentences"": [""I hear you."", ""We can pause here for a moment.""], ""safety"": ""ok""}",1,2176,2.698499999496562,0.0018999999156221747,0.00020000061340397224,0.013999999282532372,0.005499999133462552,2.726000000620843
702,d87_u9,happy,train,87,9,bc,2,1,1,0,0,0,1,1,0,ok,"{""sentences"": [""I hear you."", ""We can pause here for a moment.""], ""safety"": ""ok""}",1,2176,2.6714999994510435,0.0018999999156221747,0.00030000046535860747,0.014000000192027073,0.005199999577598646,2.6986000002580113
703,d88_u0,neutral,train,88,0,bc,2,1,1,0,0,0,1,1,0,ok,"{""sentences"": [""I hear you."", ""We can pause here for a moment.""], ""safety"": ""ok""}",1,2176,3.0317000000650296,0.0018000000636675395,0.00019999970390927047,0.013800000488117803,0.005099999725644011,3.0586999992010533
704,d88_u1,happy,train,88,1,bc,2,1,1,0,0,0,1,1,0,ok,"{""sentences"": [""I hear you."", ""We can pause here for a moment.""], ""safety"": ""ok""}",1,2176,2.790399999867077,0.0018999999156221747,0.00020000061340397224,0.014099999134487007,0.005500000042957254,2.8180999997857725
705,d88_u2,neutral,train,88,2,bc,2,1,1,0,0,0,1,1,0,ok,"{""sentences"": [""I hear you."", ""We can pause here for a moment.""], ""safety"": ""ok""}",1,2176,3.0317000000650296,0.0018999999156221747,0.00030000046535860747,0.013700000636163168,0.005199999577598646,3.0585000004066387
706,d88_u3,neutral,train,88,3,bc,2,1,1,0,0,0,1,1,0,ok,"{""sentences"": [""I hear you."", ""We can pause here for a moment.""], ""safety"": ""ok""}",1,2176,2.42549999984476,0.0018999999156221747,0.00019999970390927047,0.01359999987471383,0.004999999873689376,2.4519999997210107
707,d89_u0,angry,train,89,0,bc,2,1,1,0,0,0,1,1,0,ok,"{""sentences"": [""I hear you."", ""We can pause here for a moment.""], ""safety"": ""ok""}",1,2176,3.064999999878637,0.0024000000848900527,0.00020000061340397224,0.014400000509340316,0.005500000042957254,3.093299999818555
708,d89_u1,neutral,train,89,1,bc,2,1,1,0,0,0,1,1,0,ok,"{""sentences"": [""I hear you."", ""We can pause here for a moment.""], ""safety"": ""ok""}",1,2176,2.51620000017283,0.00199999976757681,0.00030000046535860747,0.014700000065204222,0.005599999894911889,2.5446999998166575
709,d89_u2,happy,train,89,2,bc,2,1,1,0,0,0,1,1,0,ok,"{""sentences"": [""I hear you."", ""We can pause here for a moment.""], ""safety"": ""ok""}",1,2176,3.173800000695337,0.0020000006770715117,0.00030000046535860747,0.014299999747890979,0.005300000339047983,3.2011000002967194
710,d89_u4,neutral,train,89,4,bc,2,1,1,0,0,0,1,1,0,ok,"{""sentences"": [""I hear you."", ""We can pause here for a moment.""], ""safety"": ""ok""}",1,2176,2.5826999999480904,0.0018999999156221747,0.0002999995558639057,0.013500000022759195,0.0054000001910026185,2.6090999999723863
711,d89_u5,neutral,train,89,5,bc,2,1,1,0,0,0,1,1,0,ok,"{""sentences"": [""I hear you."", ""We can pause here for a moment.""], ""safety"": ""ok""}",1,2176,2.8962000005776645,0.0019000008251168765,0.00019999970390927047,0.014000000192027073,0.005099999725644011,2.9233000004751375
712,d89_u6,happy,train,89,6,bc,2,1,1,0,0,0,1,1,0,ok,"{""sentences"": [""I hear you."", ""We can pause here for a moment.""], ""safety"": ""ok""}",1,2176,2.583700000286626,0.002099999619531445,0.00019999970390927047,0.014799999917158857,0.005199999577598646,2.611899999465095
713,d89_u7,happy,train,89,7,bc,2,1,1,0,0,0,1,1,0,ok,"{""sentences"": [""I hear you."", ""We can pause here for a moment.""], ""safety"": ""ok""}",1,2176,3.0314000005091657,0.002499999936844688,0.00020000061340397224,0.018599999748403206,0.00670000008540228,3.0667999999423046
714,d89_u8,neutral,train,89,8,bc,2,1,1,0,0,0,1,1,0,ok,"{""sentences"": [""I hear you."", ""We can pause here for a moment.""], ""safety"": ""ok""}",1,2176,3.2221999999819673,0.002999999196617864,0.00030000046535860747,0.018200000340584666,0.007300000106624793,3.2582000003458234
715,d89_u9,angry,train,89,9,bc,2,1,1,0,0,0,1,1,0,ok,"{""sentences"": [""I hear you."", ""We can pause here for a moment.""], ""safety"": ""ok""}",1,2176,2.917900000284135,0.0027999994927085936,0.0002999995558639057,0.017700000171316788,0.00670000008540228,2.951999999822874
716,d89_u11,angry,train,89,11,bc,2,1,1,0,0,0,1,1,0,ok,"{""sentences"": [""I hear you."", ""We can pause here for a moment.""], ""safety"": ""ok""}",1,2176,3.149899999698391,0.00199999976757681,0.00030000046535860747,0.014700000065204222,0.005500000042957254,3.178299999490264
717,d89_u15,neutral,train,89,15,bc,2,1,1,0,0,0,1,1,0,ok,"{""sentences"": [""I hear you."", ""We can pause here for a moment.""], ""safety"": ""ok""}",1,2176,3.277199999502045,0.002499999936844688,0.0002999995558639057,0.01610000072105322,0.006199999916134402,3.308600000309525
718,d89_u16,happy,train,89,16,bc,2,1,1,0,0,0,1,1,0,ok,"{""sentences"": [""I hear you."", ""We can pause here for a moment.""], ""safety"": ""ok""}",1,2176,3.206800000043586,0.00199999976757681,0.0002999995558639057,0.013800000488117803,0.005599999894911889,3.2344999999622814
719,d91_u0,angry,train,91,0,bc,2,1,1,0,0,0,1,1,0,ok,"{""sentences"": [""I hear you."", ""We can pause here for a moment.""], ""safety"": ""ok""}",1,2176,2.728899999965506,0.0017999991541728377,0.0002999995558639057,0.013500000022759195,0.004999999873689376,2.7548999996724888
720,d92_u0,angry,train,92,0,bc,2,1,1,0,0,0,1,1,0,ok,"{""sentences"": [""I hear you."", ""We can pause here for a moment.""], ""safety"": ""ok""}",1,2176,2.718700000514218,0.002099999619531445,0.0002999995558639057,0.013699999726668466,0.005099999725644011,2.745599999798287
721,d92_u1,neutral,train,92,1,bc,2,1,1,0,0,0,1,1,0,ok,"{""sentences"": [""I hear you."", ""We can pause here for a moment.""], ""safety"": ""ok""}",1,2176,2.502199999980803,0.0018999999156221747,0.00019999970390927047,0.013099999705445953,0.005099999725644011,2.5277000004280126
722,d93_u0,neutral,train,93,0,bc,2,1,1,0,0,0,1,1,0,ok,"{""sentences"": [""I hear you."", ""We can pause here for a moment.""], ""safety"": ""ok""}",1,2176,2.817200000208686,0.002499999936844688,0.0002999995558639057,0.015700000403739978,0.006600000233447645,2.84899999951449
723,d93_u1,neutral,train,93,1,bc,2,1,1,0,0,0,1,1,0,ok,"{""sentences"": [""I hear you."", ""We can pause here for a moment.""], ""safety"": ""ok""}",1,2176,2.859100000023318,0.002099999619531445,0.00030000046535860747,0.013999999282532372,0.0057999995988211595,2.886700000090059
724,d93_u2,neutral,train,93,2,bc,2,1,1,0,0,0,1,1,0,ok,"{""sentences"": [""I hear you."", ""We can pause here for a moment.""], ""safety"": ""ok""}",1,2176,2.983700000186218,0.00199999976757681,0.0002999995558639057,0.04129999979340937,0.005200000487093348,3.038199999537028
725,d93_u4,neutral,train,93,4,bc,2,1,1,0,0,0,1,1,0,ok,"{""sentences"": [""I hear you."", ""We can pause here for a moment.""], ""safety"": ""ok""}",1,2176,2.7246999998169485,0.0020000006770715117,0.00020000061340397224,0.014299999747890979,0.0052999994295532815,2.752200000031735
726,d94_u0,neutral,train,94,0,bc,2,1,1,0,0,0,1,1,0,ok,"{""sentences"": [""I hear you."", ""We can pause here for a moment.""], ""safety"": ""ok""}",1,2176,3.8843000002088957,0.00199999976757681,0.00030000046535860747,0.014399999599845614,0.005200000487093348,3.9121999998315005
727,d94_u1,neutral,train,94,1,bc,2,1,1,0,0,0,1,1,0,ok,"{""sentences"": [""I hear you."", ""We can pause here for a moment.""], ""safety"": ""ok""}",1,2176,3.1314999996538972,0.002100000529026147,0.0002999995558639057,0.013699999726668466,0.0052999994295532815,3.158399999847461
728,d94_u3,neutral,train,94,3,bc,2,1,1,0,0,0,1,1,0,ok,"{""sentences"": [""I hear you."", ""We can pause here for a moment.""], ""safety"": ""ok""}",1,2176,2.302300000337709,0.0018999999156221747,0.00019999970390927047,0.013900000340072438,0.005199999577598646,2.3289000000659144
729,d94_u6,angry,train,94,6,bc,2,1,1,0,0,0,1,1,0,ok,"{""sentences"": [""I hear you."", ""We can pause here for a moment.""], ""safety"": ""ok""}",1,2176,2.8459999994083773,0.0024000000848900527,0.0002999995558639057,0.013900000340072438,0.0054000001910026185,2.8737000002365676
730,d94_u7,sad,train,94,7,bc,2,1,1,0,0,0,1,1,0,ok,"{""sentences"": [""I hear you."", ""We can pause here for a moment.""], ""safety"": ""ok""}",1,2176,2.522599999792874,0.0018999999156221747,0.0002999995558639057,0.01359999987471383,0.005300000339047983,2.548899999965215
731,d94_u8,neutral,train,94,8,bc,2,1,1,0,0,0,1,1,0,ok,"{""sentences"": [""I hear you."", ""We can pause here for a moment.""], ""safety"": ""ok""}",1,2176,2.9273999998622457,0.0018999999156221747,0.00030000046535860747,0.013700000636163168,0.0052999994295532815,2.9541000003519002
732,d94_u9,neutral,train,94,9,bc,2,1,1,0,0,0,1,1,0,ok,"{""sentences"": [""I hear you."", ""We can pause here for a moment.""], ""safety"": ""ok""}",1,2176,2.795200000036857,0.0018000000636675395,0.0002999995558639057,0.013500000022759195,0.005200000487093348,2.8217999997650622
733,d94_u10,happy,train,94,10,bc,2,1,1,0,0,0,1,1,0,ok,"{""sentences"": [""I hear you."", ""We can pause here for a moment.""], ""safety"": ""ok""}",1,2176,2.792799999951967,0.0019000008251168765,0.00019999970390927047,0.014399999599845614,0.0052999994295532815,2.8207000004840665
734,d94_u11,happy,train,94,11,bc,2,1,1,0,0,0,1,1,0,ok,"{""sentences"": [""I hear you."", ""We can pause here for a moment.""], ""safety"": ""ok""}",1,2176,3.2983999999487423,0.00199999976757681,0.00030000046535860747,0.013799999578623101,0.0054000001910026185,3.32559999969817
735,d94_u12,neutral,train,94,12,bc,2,1,1,0,0,0,1,1,0,ok,"{""sentences"": [""I hear you."", ""We can pause here for a moment.""], ""safety"": ""ok""}",1,2176,2.7116999999634572,0.0018999999156221747,0.00019999970390927047,0.014399999599845614,0.005300000339047983,2.7396999994380167
736,d94_u13,happy,train,94,13,bc,2,1,1,0,0,0,1,1,0,ok,"{""sentences"": [""I hear you."", ""We can pause here for a moment.""], ""safety"": ""ok""}",1,2176,3.014100000655162,0.0017000002117129043,0.00030000046535860747,0.01359999987471383,0.005099999725644011,3.0403999999180087
737,d94_u14,neutral,train,94,14,bc,2,1,1,0,0,0,1,1,0,ok,"{""sentences"": [""I hear you."", ""We can pause here for a moment.""], ""safety"": ""ok""}",1,2176,2.840999999534688,0.00199999976757681,0.0002999995558639057,0.013500000022759195,0.005100000635138713,2.867399999558984
738,d94_u15,happy,train,94,15,bc,2,1,1,0,0,0,1,1,0,ok,"{""sentences"": [""I hear you."", ""We can pause here for a moment.""], ""safety"": ""ok""}",1,2176,2.6823000007425435,0.0018999999156221747,0.00020000061340397224,0.013899999430577736,0.005200000487093348,2.709299999878567
739,d95_u0,happy,train,95,0,bc,2,1,1,0,0,0,1,1,0,ok,"{""sentences"": [""I hear you."", ""We can pause here for a moment.""], ""safety"": ""ok""}",1,2176,2.9820999998264597,0.0018999999156221747,0.00019999970390927047,0.013900000340072438,0.005100000635138713,3.0091999997239327
740,d95_u2,neutral,train,95,2,bc,2,1,1,0,0,0,1,1,0,ok,"{""sentences"": [""I hear you."", ""We can pause here for a moment.""], ""safety"": ""ok""}",1,2176,2.8229999998075073,0.0018999999156221747,0.0002999995558639057,0.013799999578623101,0.0052999994295532815,2.850100000614475
741,d95_u3,neutral,train,95,3,bc,2,1,1,0,0,0,1,1,0,ok,"{""sentences"": [""I hear you."", ""We can pause here for a moment.""], ""safety"": ""ok""}",1,2176,2.513699999326491,0.0018000000636675395,0.00019999970390927047,0.012900000001536682,0.004800000169780105,2.538200000344659
742,d95_u4,happy,train,95,4,bc,2,1,1,0,0,0,1,1,0,ok,"{""sentences"": [""I hear you."", ""We can pause here for a moment.""], ""safety"": ""ok""}",1,2176,3.0529999994541868,0.00199999976757681,0.00019999970390927047,0.015099999473022763,0.0057999995988211595,3.082700000049954
743,d95_u5,happy,train,95,5,bc,2,1,1,0,0,0,1,1,0,ok,"{""sentences"": [""I hear you."", ""We can pause here for a moment.""], ""safety"": ""ok""}",1,2176,2.890599999773258,0.0018999999156221747,0.00020000061340397224,0.014299999747890979,0.0054000001910026185,2.9189999995651306
744,d95_u8,angry,train,95,8,bc,2,1,1,0,0,0,1,1,0,ok,"{""sentences"": [""I hear you."", ""We can pause here for a moment.""], ""safety"": ""ok""}",1,2176,3.17319999976462,0.0018999999156221747,0.00030000046535860747,0.013800000488117803,0.0052999994295532815,3.2000999999581836
745,d95_u9,neutral,train,95,9,bc,2,1,1,0,0,0,1,1,0,ok,"{""sentences"": [""I hear you."", ""We can pause here for a moment.""], ""safety"": ""ok""}",1,2176,2.9927999994470156,0.0018999999156221747,0.00019999970390927047,0.013899999430577736,0.005199999577598646,3.0195999997886247
746,d95_u10,neutral,train,95,10,bc,2,1,1,0,0,0,1,1,0,ok,"{""sentences"": [""I hear you."", ""We can pause here for a moment.""], ""safety"": ""ok""}",1,2176,2.893699999731325,0.0019000008251168765,0.0002999995558639057,0.01359999987471383,0.005200000487093348,2.9204000002209796
747,d95_u11,neutral,train,95,11,bc,2,1,1,0,0,0,1,1,0,ok,"{""sentences"": [""I hear you."", ""We can pause here for a moment.""], ""safety"": ""ok""}",1,2176,2.3859000002630637,0.0018999999156221747,0.0002999995558639057,0.014000000192027073,0.005200000487093348,2.413199999864446
748,d95_u13,neutral,train,95,13,bc,2,1,1,0,0,0,1,1,0,ok,"{""sentences"": [""I hear you."", ""We can pause here for a moment.""], ""safety"": ""ok""}",1,2176,2.723100000366685,0.0018999999156221747,0.00020000061340397224,0.030100000003585592,0.005399999281507917,2.7839000003950787
749,d95_u14,neutral,train,95,14,bc,2,1,1,0,0,0,1,1,0,ok,"{""sentences"": [""I hear you."", ""We can pause here for a moment.""], ""safety"": ""ok""}",1,2176,3.4577000005810987,0.0020000006770715117,0.0002999995558639057,0.014399999599845614,0.0052999994295532815,3.4853999995902996
750,d95_u15,neutral,train,95,15,bc,2,1,1,0,0,0,1,1,0,ok,"{""sentences"": [""I hear you."", ""We can pause here for a moment.""], ""safety"": ""ok""}",1,2176,3.1890000000203145,0.00199999976757681,0.00020000061340397224,0.015100000382517464,0.0054000001910026185,3.2178000001295004
751,d95_u16,neutral,train,95,16,bc,2,1,1,0,0,0,1,1,0,ok,"{""sentences"": [""I hear you."", ""We can pause here for a moment.""], ""safety"": ""ok""}",1,2176,2.491100000042934,0.0023000002329354174,0.00019999970390927047,0.013799999578623101,0.005199999577598646,2.5180999991789577
752,d95_u17,neutral,train,95,17,bc,2,1,1,0,0,0,1,1,0,ok,"{""sentences"": [""I hear you."", ""We can pause here for a moment.""], ""safety"": ""ok""}",1,2176,2.96870000056515,0.002100000529026147,0.00019999970390927047,0.014500000361294951,0.005599999894911889,2.996799999891664
753,d96_u0,neutral,train,96,0,bc,2,1,1,0,0,0,1,1,0,ok,"{""sentences"": [""I hear you."", ""We can pause here for a moment.""], ""safety"": ""ok""}",1,2176,3.107300000010582,0.00199999976757681,0.00020000061340397224,0.014199999895936344,0.0054000001910026185,3.134900000077323
754,d96_u1,neutral,train,96,1,bc,2,1,1,0,0,0,1,1,0,ok,"{""sentences"": [""I hear you."", ""We can pause here for a moment.""], ""safety"": ""ok""}",1,2176,3.3162999998239684,0.00199999976757681,0.00020000061340397224,0.013800000488117803,0.0054000001910026185,3.3436999992773053
755,d96_u2,neutral,train,96,2,bc,2,1,1,0,0,0,1,1,0,ok,"{""sentences"": [""I hear you."", ""We can pause here for a moment.""], ""safety"": ""ok""}",1,2176,2.5744000004124246,0.002200000380980782,0.00020000061340397224,0.014000000192027073,0.005200000487093348,2.6019999995696708
756,d96_u3,neutral,train,96,3,bc,2,1,1,0,0,0,1,1,0,ok,"{""sentences"": [""I hear you."", ""We can pause here for a moment.""], ""safety"": ""ok""}",1,2176,2.81749999976455,0.00199999976757681,0.00030000046535860747,0.015299999176932033,0.007300000106624793,2.8483999994932674
757,d96_u4,neutral,train,96,4,bc,2,1,1,0,0,0,1,1,0,ok,"{""sentences"": [""I hear you."", ""We can pause here for a moment.""], ""safety"": ""ok""}",1,2176,2.740599999924598,0.0018999999156221747,0.0002999995558639057,0.014100000043981709,0.005500000042957254,2.7681999999913387
758,d97_u0,neutral,train,97,0,bc,2,1,1,0,0,0,1,1,0,ok,"{""sentences"": [""I hear you."", ""We can pause here for a moment.""], ""safety"": ""ok""}",1,2176,2.7573000006668735,0.00199999976757681,0.00030000046535860747,0.02970000059576705,0.005199999577598646,2.800299999762501
759,d97_u1,neutral,train,97,1,bc,2,1,1,0,0,0,1,1,0,ok,"{""sentences"": [""I hear you."", ""We can pause here for a moment.""], ""safety"": ""ok""}",1,2176,2.8766000004907255,0.0018000000636675395,0.00030000046535860747,0.013800000488117803,0.005099999725644011,2.9030999994574813
760,d97_u2,neutral,train,97,2,bc,2,1,1,0,0,0,1,1,0,ok,"{""sentences"": [""I hear you."", ""We can pause here for a moment.""], ""safety"": ""ok""}",1,2176,3.128600000309234,0.002100000529026147,0.00030000046535860747,0.01630000042496249,0.005599999894911889,3.1599000003552646
761,d97_u3,angry,train,97,3,bc,2,1,1,0,0,0,1,1,0,ok,"{""sentences"": [""I hear you."", ""We can pause here for a moment.""], ""safety"": ""ok""}",1,2176,3.376900000148453,0.0018000000636675395,0.00020000061340397224,0.013800000488117803,0.005099999725644011,3.4034000000247033
762,d98_u1,neutral,train,98,1,bc,2,1,1,0,0,0,1,1,0,ok,"{""sentences"": [""I hear you."", ""We can pause here for a moment.""], ""safety"": ""ok""}",1,2176,2.518899999813584,0.0017000002117129043,0.00030000046535860747,0.012800000149582047,0.0054000001910026185,2.544599999964703
763,d99_u0,happy,train,99,0,bc,2,1,1,0,0,0,1,1,0,ok,"{""sentences"": [""I hear you."", ""We can pause here for a moment.""], ""safety"": ""ok""}",1,2176,3.2129999999597203,0.0018999999156221747,0.00030000046535860747,0.01359999987471383,0.0054000001910026185,3.2398000003013294
764,d99_u1,happy,train,99,1,bc,2,1,1,0,0,0,1,1,0,ok,"{""sentences"": [""I hear you."", ""We can pause here for a moment.""], ""safety"": ""ok""}",1,2176,2.5234000004275003,0.0018999999156221747,0.00019999970390927047,0.01340000017080456,0.005100000635138713,2.549600000747887
765,d99_u2,happy,train,99,2,bc,2,1,1,0,0,0,1,1,0,ok,"{""sentences"": [""I hear you."", ""We can pause here for a moment.""], ""safety"": ""ok""}",1,2176,2.690700000130164,0.0018999999156221747,0.00020000061340397224,0.013700000636163168,0.005199999577598646,2.7177000001756824
766,d99_u3,happy,train,99,3,bc,2,1,1,0,0,0,1,1,0,ok,"{""sentences"": [""I hear you."", ""We can pause here for a moment.""], ""safety"": ""ok""}",1,2176,2.943500000583299,0.0018999999156221747,0.0002999995558639057,0.01359999987471383,0.004999999873689376,2.9700000004595495
767,d99_u4,neutral,train,99,4,bc,2,1,1,0,0,0,1,1,0,ok,"{""sentences"": [""I hear you."", ""We can pause here for a moment.""], ""safety"": ""ok""}",1,2176,2.75099999998929,0.0018000000636675395,0.00020000061340397224,0.014099999134487007,0.005199999577598646,2.778000000034808
768,d99_u6,neutral,train,99,6,bc,2,1,1,0,0,0,1,1,0,ok,"{""sentences"": [""I hear you."", ""We can pause here for a moment.""], ""safety"": ""ok""}",1,2176,3.1976999998732936,0.0018000000636675395,0.00030000046535860747,0.014000000192027073,0.005099999725644011,3.224900000532216
769,d99_u7,angry,train,99,7,bc,2,1,1,0,0,0,1,1,0,ok,"{""sentences"": [""I hear you."", ""We can pause here for a moment.""], ""safety"": ""ok""}",1,2176,2.8190000002723536,0.0020000006770715117,0.00020000061340397224,0.014799999917158857,0.005399999281507917,2.8475999997681356
770,d99_u8,happy,train,99,8,bc,2,1,1,0,0,0,1,1,0,ok,"{""sentences"": [""I hear you."", ""We can pause here for a moment.""], ""safety"": ""ok""}",1,2176,2.943299999969895,0.002499999936844688,0.00019999970390927047,0.016900000446185004,0.0059000003602704965,2.9746999998678803
771,d99_u9,neutral,train,99,9,bc,2,1,1,0,0,0,1,1,0,ok,"{""sentences"": [""I hear you."", ""We can pause here for a moment.""], ""safety"": ""ok""}",1,2176,3.0044000004636473,0.0018999999156221747,0.00030000046535860747,0.013900000340072438,0.004999999873689376,3.0315000003611203
772,d99_u10,neutral,train,99,10,bc,2,1,1,0,0,0,1,1,0,ok,"{""sentences"": [""I hear you."", ""We can pause here for a moment.""], ""safety"": ""ok""}",1,2176,2.9017999995630817,0.0018999999156221747,0.00030000046535860747,0.014000000192027073,0.005100000635138713,2.9287999996086
773,d99_u11,angry,train,99,11,bc,2,1,1,0,0,0,1,1,0,ok,"{""sentences"": [""I hear you."", ""We can pause here for a moment.""], ""safety"": ""ok""}",1,2176,2.8961999996681698,0.0018999999156221747,0.00019999970390927047,0.014000000192027073,0.005099999725644011,2.923199999713688
774,d99_u12,neutral,train,99,12,bc,2,1,1,0,0,0,1,1,0,ok,"{""sentences"": [""I hear you."", ""We can pause here for a moment.""], ""safety"": ""ok""}",1,2176,2.5679000000309316,0.0018999999156221747,0.0002999995558639057,0.013300000318849925,0.004999999873689376,2.593899999737914
775,d99_u13,happy,train,99,13,bc,2,1,1,0,0,0,1,1,0,ok,"{""sentences"": [""I hear you."", ""We can pause here for a moment.""], ""safety"": ""ok""}",1,2176,2.815599999848928,0.0018999999156221747,0.00019999970390927047,0.013699999726668466,0.005100000635138713,2.8419999998732237
776,d99_u14,neutral,train,99,14,bc,2,1,1,0,0,0,1,1,0,ok,"{""sentences"": [""I hear you."", ""We can pause here for a moment.""], ""safety"": ""ok""}",1,2176,2.5042999996003346,0.0018000000636675395,0.00030000046535860747,0.013900000340072438,0.005300000339047983,2.5313999994978076
777,d99_u15,neutral,train,99,15,bc,2,1,1,0,0,0,1,1,0,ok,"{""sentences"": [""I hear you."", ""We can pause here for a moment.""], ""safety"": ""ok""}",1,2176,2.846800000043004,0.0018999999156221747,0.0002999995558639057,0.014399999599845614,0.005099999725644011,2.8744999999616994
778,d99_u16,neutral,train,99,16,bc,2,1,1,0,0,0,1,1,0,ok,"{""sentences"": [""I hear you."", ""We can pause here for a moment.""], ""safety"": ""ok""}",1,2176,3.14410000009957,0.0018999999156221747,0.00020000061340397224,0.014000000192027073,0.005300000339047983,3.1712999998489977
779,d99_u17,angry,train,99,17,bc,2,1,1,0,0,0,1,1,0,ok,"{""sentences"": [""I hear you."", ""We can pause here for a moment.""], ""safety"": ""ok""}",1,2176,2.5425000003451714,0.0018999999156221747,0.00030000046535860747,0.014500000361294951,0.0054000001910026185,2.570499999819731
780,d99_u18,neutral,train,99,18,bc,2,1,1,0,0,0,1,1,0,ok,"{""sentences"": [""I hear you."", ""We can pause here for a moment.""], ""safety"": ""ok""}",1,2176,2.5214000006599235,0.0018999999156221747,0.00030000046535860747,0.015299999176932033,0.005599999894911889,2.550899999732792
781,d100_u0,neutral,train,100,0,bc,2,1,1,0,0,0,1,1,0,ok,"{""sentences"": [""I hear you."", ""We can pause here for a moment.""], ""safety"": ""ok""}",1,2176,2.94450000001234,0.0017999991541728377,0.00019999970390927047,0.014000000192027073,0.005500000042957254,2.9716999997617677
782,d100_u1,neutral,train,100,1,bc,2,1,1,0,0,0,1,1,0,ok,"{""sentences"": [""I hear you."", ""We can pause here for a moment.""], ""safety"": ""ok""}",1,2176,2.9216000002634246,0.00199999976757681,0.00019999970390927047,0.014199999895936344,0.005700000656361226,2.9499000002033426
783,d100_u2,neutral,train,100,2,bc,2,1,1,0,0,0,1,1,0,ok,"{""sentences"": [""I hear you."", ""We can pause here for a moment.""], ""safety"": ""ok""}",1,2176,2.632900000207883,0.0018999999156221747,0.00030000046535860747,0.013799999578623101,0.005300000339047983,2.6599000002534012
784,d100_u4,neutral,train,100,4,bc,2,1,1,0,0,0,1,1,0,ok,"{""sentences"": [""I hear you."", ""We can pause here for a moment.""], ""safety"": ""ok""}",1,2176,3.1686000002082437,0.0016999993022182025,0.00030000046535860747,0.013100000614940654,0.004999999873689376,3.1940999997459585
785,d100_u5,neutral,train,100,5,bc,2,1,1,0,0,0,1,1,0,ok,"{""sentences"": [""I hear you."", ""We can pause here for a moment.""], ""safety"": ""ok""}",1,2176,2.6470000002518645,0.00199999976757681,0.00030000046535860747,0.014399999599845614,0.005200000487093348,2.67470000017056
786,d100_u6,neutral,train,100,6,bc,2,1,1,0,0,0,1,1,0,ok,"{""sentences"": [""I hear you."", ""We can pause here for a moment.""], ""safety"": ""ok""}",1,2176,2.883799999835901,0.0018999999156221747,0.00030000046535860747,0.014000000192027073,0.005300000339047983,2.911199999289238
787,d101_u0,neutral,train,101,0,bc,2,1,1,0,0,0,1,1,0,ok,"{""sentences"": [""I hear you."", ""We can pause here for a moment.""], ""safety"": ""ok""}",1,2176,2.9434999996738043,0.002100000529026147,0.0002999995558639057,0.014000000192027073,0.005099999725644011,2.9707999992751866
788,d102_u0,neutral,train,102,0,bc,2,1,1,0,0,0,1,1,0,ok,"{""sentences"": [""I hear you."", ""We can pause here for a moment.""], ""safety"": ""ok""}",1,2176,2.875500000300235,0.002399999175395351,0.0002999995558639057,0.01810000048863003,0.007300000106624793,2.91060000017751
789,d102_u1,neutral,train,102,1,bc,2,1,1,0,0,0,1,1,0,ok,"{""sentences"": [""I hear you."", ""We can pause here for a moment.""], ""safety"": ""ok""}",1,2176,2.5768999994397745,0.00199999976757681,0.00019999970390927047,0.014899999769113492,0.005300000339047983,2.6053999999930966
790,d102_u2,neutral,train,102,2,bc,2,1,1,0,0,0,1,1,0,ok,"{""sentences"": [""I hear you."", ""We can pause here for a moment.""], ""safety"": ""ok""}",1,2176,2.306500000486267,0.0018999999156221747,0.00030000046535860747,0.014100000043981709,0.005199999577598646,2.333599999474245
791,d103_u0,happy,train,103,0,bc,2,1,1,0,0,0,1,1,0,ok,"{""sentences"": [""I hear you."", ""We can pause here for a moment.""], ""safety"": ""ok""}",1,2176,3.2025000000430737,0.0018999999156221747,0.00020000061340397224,0.014199999895936344,0.005200000487093348,3.230199999961769
792,d103_u1,neutral,train,103,1,bc,2,1,1,0,0,0,1,1,0,ok,"{""sentences"": [""I hear you."", ""We can pause here for a moment.""], ""safety"": ""ok""}",1,2176,3.028299999641604,0.0018999999156221747,0.00030000046535860747,0.013999999282532372,0.005599999894911889,3.0561000003217487
793,d103_u3,happy,train,103,3,bc,2,1,1,0,0,0,1,1,0,ok,"{""sentences"": [""I hear you."", ""We can pause here for a moment.""], ""safety"": ""ok""}",1,2176,3.166699999383127,0.00199999976757681,0.00019999970390927047,0.013500000022759195,0.005399999281507917,3.1933999998727813
794,d103_u4,neutral,train,103,4,bc,2,1,1,0,0,0,1,1,0,ok,"{""sentences"": [""I hear you."", ""We can pause here for a moment.""], ""safety"": ""ok""}",1,2176,2.548200000092038,0.0018000000636675395,0.00030000046535860747,0.01359999987471383,0.005300000339047983,2.574799999820243
795,d103_u5,neutral,train,103,5,bc,2,1,1,0,0,0,1,1,0,ok,"{""sentences"": [""I hear you."", ""We can pause here for a moment.""], ""safety"": ""ok""}",1,2176,2.6599000002534012,0.0018999999156221747,0.00019999970390927047,0.01340000017080456,0.004900000021734741,2.6861999995162478
796,d103_u6,happy,train,103,6,bc,2,1,1,0,0,0,1,1,0,ok,"{""sentences"": [""I hear you."", ""We can pause here for a moment.""], ""safety"": ""ok""}",1,2176,2.6569000001472887,0.0018999999156221747,0.00030000046535860747,0.013700000636163168,0.0054000001910026185,2.6835999997274484
797,d103_u7,happy,train,103,7,bc,2,1,1,0,0,0,1,1,0,ok,"{""sentences"": [""I hear you."", ""We can pause here for a moment.""], ""safety"": ""ok""}",1,2176,2.4771999997028615,0.0018000000636675395,0.00020000061340397224,0.013500000022759195,0.005100000635138713,2.503200000319339
798,d104_u1,happy,train,104,1,bc,2,1,1,0,0,0,1,1,0,ok,"{""sentences"": [""I hear you."", ""We can pause here for a moment.""], ""safety"": ""ok""}",1,2176,3.1213000002026092,0.002099999619531445,0.00020000061340397224,0.014199999895936344,0.005300000339047983,3.149400000438618
799,d106_u0,neutral,train,106,0,bc,2,1,1,0,0,0,1,1,0,ok,"{""sentences"": [""I hear you."", ""We can pause here for a moment.""], ""safety"": ""ok""}",1,2176,2.858300000298186,0.0023000002329354174,0.00030000046535860747,0.015099999473022763,0.0057999995988211595,2.8879999999844586
800,d106_u2,neutral,train,106,2,bc,2,1,1,0,0,0,1,1,0,ok,"{""sentences"": [""I hear you."", ""We can pause here for a moment.""], ""safety"": ""ok""}",1,2176,2.909999999246793,0.00199999976757681,0.00019999970390927047,0.014200000805431046,0.005099999725644011,2.93729999975767
801,d106_u3,neutral,train,106,3,bc,2,1,1,0,0,0,1,1,0,ok,"{""sentences"": [""I hear you."", ""We can pause here for a moment.""], ""safety"": ""ok""}",1,2176,2.8646000000662752,0.0018000000636675395,0.00019999970390927047,0.014500000361294951,0.0054000001910026185,2.8925999995408347
802,d106_u4,neutral,train,106,4,bc,2,1,1,0,0,0,1,1,0,ok,"{""sentences"": [""I hear you."", ""We can pause here for a moment.""], ""safety"": ""ok""}",1,2176,2.759400000286405,0.0018999999156221747,0.00030000046535860747,0.014000000192027073,0.0054000001910026185,2.7869000005011912
803,d107_u0,neutral,train,107,0,bc,2,1,1,0,0,0,1,1,0,ok,"{""sentences"": [""I hear you."", ""We can pause here for a moment.""], ""safety"": ""ok""}",1,2176,2.994299999954819,0.0019000008251168765,0.00019999970390927047,0.013699999726668466,0.0054000001910026185,3.0213999998522922
804,d107_u1,neutral,train,107,1,bc,2,1,1,0,0,0,1,1,0,ok,"{""sentences"": [""I hear you."", ""We can pause here for a moment.""], ""safety"": ""ok""}",1,2176,2.400600000328268,0.0018999999156221747,0.0002999995558639057,0.014199999895936344,0.005200000487093348,2.4278000000776956
805,d107_u2,neutral,train,107,2,bc,2,1,1,0,0,0,1,1,0,ok,"{""sentences"": [""I hear you."", ""We can pause here for a moment.""], ""safety"": ""ok""}",1,2176,3.161800000270887,0.0019000008251168765,0.0002999995558639057,0.014000000192027073,0.005200000487093348,3.189099999872269
806,d107_u4,neutral,train,107,4,bc,2,1,1,0,0,0,1,1,0,ok,"{""sentences"": [""I hear you."", ""We can pause here for a moment.""], ""safety"": ""ok""}",1,2176,3.0288999996628263,0.00199999976757681,0.0002999995558639057,0.014399999599845614,0.0052999994295532815,3.0569000000468805
807,d107_u5,happy,train,107,5,bc,2,1,1,0,0,0,1,1,0,ok,"{""sentences"": [""I hear you."", ""We can pause here for a moment.""], ""safety"": ""ok""}",1,2176,2.603899999485293,0.0018999999156221747,0.00030000046535860747,0.013199999557400588,0.004999999873689376,2.6301000007151742
808,d107_u6,neutral,train,107,6,bc,2,1,1,0,0,0,1,1,0,ok,"{""sentences"": [""I hear you."", ""We can pause here for a moment.""], ""safety"": ""ok""}",1,2176,3.156200000375975,0.00199999976757681,0.00030000046535860747,0.015199999324977398,0.005699999746866524,3.1855999995968887
809,d107_u7,neutral,train,107,7,bc,2,1,1,0,0,0,1,1,0,ok,"{""sentences"": [""I hear you."", ""We can pause here for a moment.""], ""safety"": ""ok""}",1,2176,2.845600000000559,0.0024000000848900527,0.00030000046535860747,0.014899999769113492,0.0054000001910026185,2.8744999999616994
810,d107_u8,neutral,train,107,8,bc,2,1,1,0,0,0,1,1,0,ok,"{""sentences"": [""I hear you."", ""We can pause here for a moment.""], ""safety"": ""ok""}",1,2176,3.1521999999313266,0.00199999976757681,0.00019999970390927047,0.014600000213249587,0.0052999994295532815,3.181199999744422
811,d107_u9,neutral,train,107,9,bc,2,1,1,0,0,0,1,1,0,ok,"{""sentences"": [""I hear you."", ""We can pause here for a moment.""], ""safety"": ""ok""}",1,2176,2.905299999838462,0.0021999994714860804,0.0002999995558639057,0.013899999430577736,0.005199999577598646,2.9328000000532484
812,d107_u10,neutral,train,107,10,bc,2,1,1,0,0,0,1,1,0,ok,"{""sentences"": [""I hear you."", ""We can pause here for a moment.""], ""safety"": ""ok""}",1,2176,2.8074000001652166,0.0018000000636675395,0.00020000061340397224,0.01320000046689529,0.005100000635138713,2.8335000006336486
813,d108_u0,neutral,train,108,0,bc,2,1,1,0,0,0,1,1,0,ok,"{""sentences"": [""I hear you."", ""We can pause here for a moment.""], ""safety"": ""ok""}",1,2176,2.5585000003047753,0.0018000000636675395,0.00020000061340397224,0.01359999987471383,0.005099999725644011,2.5845999998637126
814,d108_u1,neutral,train,108,1,bc,2,1,1,0,0,0,1,1,0,ok,"{""sentences"": [""I hear you."", ""We can pause here for a moment.""], ""safety"": ""ok""}",1,2176,2.9666999998880783,0.0018999999156221747,0.0002999995558639057,0.013800000488117803,0.005199999577598646,2.9935999991721474
815,d108_u2,happy,train,108,2,bc,2,1,1,0,0,0,1,1,0,ok,"{""sentences"": [""I hear you."", ""We can pause here for a moment.""], ""safety"": ""ok""}",1,2176,2.5077000000237604,0.0018999999156221747,0.00030000046535860747,0.014000000192027073,0.005200000487093348,2.534899999773188
816,d108_u3,neutral,train,108,3,bc,2,1,1,0,0,0,1,1,0,ok,"{""sentences"": [""I hear you."", ""We can pause here for a moment.""], ""safety"": ""ok""}",1,2176,2.9988999995111953,0.0017000002117129043,0.00019999970390927047,0.029400000130408444,0.004900000021734741,3.0403999999180087
817,d108_u4,happy,train,108,4,bc,2,1,1,0,0,0,1,1,0,ok,"{""sentences"": [""I hear you."", ""We can pause here for a moment.""], ""safety"": ""ok""}",1,2176,2.5649999997767736,0.0018999999156221747,0.0002999995558639057,0.014000000192027073,0.005500000042957254,2.592700000604964
818,d108_u5,neutral,train,108,5,bc,2,1,1,0,0,0,1,1,0,ok,"{""sentences"": [""I hear you."", ""We can pause here for a moment.""], ""safety"": ""ok""}",1,2176,3.147299999909592,0.002099999619531445,0.00019999970390927047,0.014100000043981709,0.0054000001910026185,3.1749999998282874
819,d108_u6,neutral,train,108,6,bc,2,1,1,0,0,0,1,1,0,ok,"{""sentences"": [""I hear you."", ""We can pause here for a moment.""], ""safety"": ""ok""}",1,2176,2.8470999995988677,0.0023000002329354174,0.00019999970390927047,0.015300000086426735,0.0059000003602704965,2.877200000511948
820,d109_u0,neutral,train,109,0,bc,2,1,1,0,0,0,1,1,0,ok,"{""sentences"": [""I hear you."", ""We can pause here for a moment.""], ""safety"": ""ok""}",1,2176,2.689700000701123,0.00199999976757681,0.0002999995558639057,0.013800000488117803,0.005199999577598646,2.7169000004505506
821,d109_u3,angry,train,109,3,bc,2,1,1,0,0,0,1,1,0,ok,"{""sentences"": [""I hear you."", ""We can pause here for a moment.""], ""safety"": ""ok""}",1,2176,3.3337000004394213,0.00199999976757681,0.00019999970390927047,0.014599999303754885,0.005500000042957254,3.3620000003793393
822,d109_u4,happy,train,109,4,bc,2,1,1,0,0,0,1,1,0,ok,"{""sentences"": [""I hear you."", ""We can pause here for a moment.""], ""safety"": ""ok""}",1,2176,3.19859999945038,0.00199999976757681,0.00019999970390927047,0.014199999895936344,0.0054000001910026185,3.2263000002785702
823,d109_u5,happy,train,109,5,bc,2,1,1,0,0,0,1,1,0,ok,"{""sentences"": [""I hear you."", ""We can pause here for a moment.""], ""safety"": ""ok""}",1,2176,2.531799999815121,0.002100000529026147,0.00030000046535860747,0.013900000340072438,0.005200000487093348,2.559000000474043
824,d109_u6,sad,train,109,6,bc,2,1,1,0,0,0,1,1,0,ok,"{""sentences"": [""I hear you."", ""We can pause here for a moment.""], ""safety"": ""ok""}",1,2176,2.8602000002138084,0.0018000000636675395,0.0002999995558639057,0.01359999987471383,0.005200000487093348,2.886700000090059
825,d109_u7,sad,train,109,7,bc,2,1,1,0,0,0,1,1,0,ok,"{""sentences"": [""I hear you."", ""We can pause here for a moment.""], ""safety"": ""ok""}",1,2176,3.0882999999448657,0.0018000000636675395,0.00019999970390927047,0.013800000488117803,0.0054000001910026185,3.115299999990384
826,d109_u8,sad,train,109,8,bc,2,1,1,0,0,0,1,1,0,ok,"{""sentences"": [""I hear you."", ""We can pause here for a moment.""], ""safety"": ""ok""}",1,2176,2.5326000004497473,0.0020000006770715117,0.00030000046535860747,0.01359999987471383,0.004999999873689376,2.558899999712594
827,d109_u9,happy,train,109,9,bc,2,1,1,0,0,0,1,1,0,ok,"{""sentences"": [""I hear you."", ""We can pause here for a moment.""], ""safety"": ""ok""}",1,2176,2.4222000001827837,0.002599999788799323,0.00030000046535860747,0.01809999957913533,0.0068999997893115506,2.4570999994466547
828,d109_u10,neutral,train,109,10,bc,2,1,1,0,0,0,1,1,0,ok,"{""sentences"": [""I hear you."", ""We can pause here for a moment.""], ""safety"": ""ok""}",1,2176,2.9807000000801054,0.0021999994714860804,0.0002999995558639057,0.014799999917158857,0.005500000042957254,3.009399999427842
829,d109_u11,neutral,train,109,11,bc,2,1,1,0,0,0,1,1,0,ok,"{""sentences"": [""I hear you."", ""We can pause here for a moment.""], ""safety"": ""ok""}",1,2176,3.166399999827263,0.0017999991541728377,0.00019999970390927047,0.012500000593718141,0.004600000465870835,3.190299999914714
830,d109_u12,neutral,train,109,12,bc,2,1,1,0,0,0,1,1,0,ok,"{""sentences"": [""I hear you."", ""We can pause here for a moment.""], ""safety"": ""ok""}",1,2176,2.6085999998031184,0.0018000000636675395,0.00019999970390927047,0.01340000017080456,0.005099999725644011,2.6347999992140103
831,d109_u13,neutral,train,109,13,bc,2,1,1,0,0,0,1,1,0,ok,"{""sentences"": [""I hear you."", ""We can pause here for a moment.""], ""safety"": ""ok""}",1,2176,2.752399999735644,0.00199999976757681,0.00030000046535860747,0.014199999895936344,0.005300000339047983,2.780200000415789
832,d109_u14,neutral,train,109,14,bc,2,1,1,0,0,0,1,1,0,ok,"{""sentences"": [""I hear you."", ""We can pause here for a moment.""], ""safety"": ""ok""}",1,2176,2.998699999807286,0.0018999999156221747,0.00019999970390927047,0.014000000192027073,0.005200000487093348,3.0256999998528045
833,d109_u15,angry,train,109,15,bc,2,1,1,0,0,0,1,1,0,ok,"{""sentences"": [""I hear you."", ""We can pause here for a moment.""], ""safety"": ""ok""}",1,2176,2.8018000002703047,0.0018000000636675395,0.00019999970390927047,0.013500000022759195,0.004999999873689376,2.8280999995331513
834,d109_u20,angry,train,109,20,bc,2,1,1,0,0,0,1,1,0,ok,"{""sentences"": [""I hear you."", ""We can pause here for a moment.""], ""safety"": ""ok""}",1,2176,2.9008999999859952,0.0018000000636675395,0.00019999970390927047,0.013699999726668466,0.004999999873689376,2.9273999998622457
835,d109_u21,happy,train,109,21,bc,2,1,1,0,0,0,1,1,0,ok,"{""sentences"": [""I hear you."", ""We can pause here for a moment.""], ""safety"": ""ok""}",1,2176,2.631700000165438,0.00199999976757681,0.00020000061340397224,0.013899999430577736,0.005300000339047983,2.658800000062911
836,d110_u0,neutral,train,110,0,bc,2,1,1,0,0,0,1,1,0,ok,"{""sentences"": [""I hear you."", ""We can pause here for a moment.""], ""safety"": ""ok""}",1,2176,2.9800000002069282,0.0018999999156221747,0.0002999995558639057,0.014600000213249587,0.005699999746866524,3.008399999998801
837,d110_u3,angry,train,110,3,bc,2,1,1,0,0,0,1,1,0,ok,"{""sentences"": [""I hear you."", ""We can pause here for a moment.""], ""safety"": ""ok""}",1,2176,2.791800000522926,0.0023000002329354174,0.00030000046535860747,0.014100000043981709,0.0052999994295532815,2.819400000589667
838,d110_u4,neutral,train,110,4,bc,2,1,1,0,0,0,1,1,0,ok,"{""sentences"": [""I hear you."", ""We can pause here for a moment.""], ""safety"": ""ok""}",1,2176,3.0210000004444737,0.0018999999156221747,0.00019999970390927047,0.01449999945180025,0.005199999577598646,3.0483999998978106
839,d110_u5,happy,train,110,5,bc,2,1,1,0,0,0,1,1,0,ok,"{""sentences"": [""I hear you."", ""We can pause here for a moment.""], ""safety"": ""ok""}",1,2176,2.82229999993433,0.00199999976757681,0.0002999995558639057,0.014600000213249587,0.005300000339047983,2.850599999874248
840,d111_u0,happy,train,111,0,bc,2,1,1,0,0,0,1,1,0,ok,"{""sentences"": [""I hear you."", ""We can pause here for a moment.""], ""safety"": ""ok""}",1,2176,2.803499999572523,0.00199999976757681,0.0002999995558639057,0.014599999303754885,0.0052999994295532815,2.831700000569981
841,d111_u2,happy,train,111,2,bc,2,1,1,0,0,0,1,1,0,ok,"{""sentences"": [""I hear you."", ""We can pause here for a moment.""], ""safety"": ""ok""}",1,2176,2.871400000003632,0.0018999999156221747,0.0002999995558639057,0.013699999726668466,0.005200000487093348,2.898499999901105
842,d111_u3,neutral,train,111,3,bc,2,1,1,0,0,0,1,1,0,ok,"{""sentences"": [""I hear you."", ""We can pause here for a moment.""], ""safety"": ""ok""}",1,2176,3.3537999997861334,0.0018000000636675395,0.00019999970390927047,0.013300000318849925,0.004900000021734741,3.3800999999584747
843,d111_u7,neutral,train,111,7,bc,2,1,1,0,0,0,1,1,0,ok,"{""sentences"": [""I hear you."", ""We can pause here for a moment.""], ""safety"": ""ok""}",1,2176,2.154300000256626,0.0018999999156221747,0.00020000061340397224,0.013999999282532372,0.005100000635138713,2.181199999540695
844,d111_u9,neutral,train,111,9,bc,2,1,1,0,0,0,1,1,0,ok,"{""sentences"": [""I hear you."", ""We can pause here for a moment.""], ""safety"": ""ok""}",1,2176,3.3186999999088584,0.0018999999156221747,0.00019999970390927047,0.013799999578623101,0.005599999894911889,3.345900000567781
845,d111_u11,neutral,train,111,11,bc,2,1,1,0,0,0,1,1,0,ok,"{""sentences"": [""I hear you."", ""We can pause here for a moment.""], ""safety"": ""ok""}",1,2176,2.88159999945492,0.0018000000636675395,0.00030000046535860747,0.013899999430577736,0.005200000487093348,2.9086000004099333
846,d111_u12,neutral,train,111,12,bc,2,1,1,0,0,0,1,1,0,ok,"{""sentences"": [""I hear you."", ""We can pause here for a moment.""], ""safety"": ""ok""}",1,2176,2.3401999997076928,0.0017000002117129043,0.00030000046535860747,0.014000000192027073,0.0054000001910026185,2.3673999994571204
847,d111_u14,neutral,train,111,14,bc,2,1,1,0,0,0,1,1,0,ok,"{""sentences"": [""I hear you."", ""We can pause here for a moment.""], ""safety"": ""ok""}",1,2176,2.787700000226323,0.00199999976757681,0.0002999995558639057,0.014100000043981709,0.0054000001910026185,2.8152000004411093
848,d112_u2,angry,train,112,2,bc,2,1,1,0,0,0,1,1,0,ok,"{""sentences"": [""I hear you."", ""We can pause here for a moment.""], ""safety"": ""ok""}",1,2176,2.873899999940477,0.00199999976757681,0.00020000061340397224,0.014399999599845614,0.0054000001910026185,2.9022999997323495
849,d112_u3,angry,train,112,3,bc,2,1,1,0,0,0,1,1,0,ok,"{""sentences"": [""I hear you."", ""We can pause here for a moment.""], ""safety"": ""ok""}",1,2176,2.909600000748469,0.0018999999156221747,0.00019999970390927047,0.013899999430577736,0.005100000635138713,2.9364000001805834
850,d113_u0,neutral,train,113,0,bc,2,1,1,0,0,0,1,1,0,ok,"{""sentences"": [""I hear you."", ""We can pause here for a moment.""], ""safety"": ""ok""}",1,2176,3.3101999997597886,0.0018999999156221747,0.0002999995558639057,0.01359999987471383,0.005100000635138713,3.3365999997840845
851,d113_u1,angry,train,113,1,bc,2,1,1,0,0,0,1,1,0,ok,"{""sentences"": [""I hear you."", ""We can pause here for a moment.""], ""safety"": ""ok""}",1,2176,2.4990000001707813,0.0018999999156221747,0.00019999970390927047,0.013399999261309858,0.005099999725644011,2.5249000000258093
852,d113_u2,neutral,train,113,2,bc,2,1,1,0,0,0,1,1,0,ok,"{""sentences"": [""I hear you."", ""We can pause here for a moment.""], ""safety"": ""ok""}",1,2176,2.6482000002943096,0.0018000000636675395,0.00030000046535860747,0.028499999643827323,0.004900000021734741,2.689500000087719
853,d113_u3,neutral,train,113,3,bc,2,1,1,0,0,0,1,1,0,ok,"{""sentences"": [""I hear you."", ""We can pause here for a moment.""], ""safety"": ""ok""}",1,2176,3.5743999997066567,0.00199999976757681,0.00030000046535860747,0.013800000488117803,0.004900000021734741,3.601300000809715
854,d113_u4,neutral,train,113,4,bc,2,1,1,0,0,0,1,1,0,ok,"{""sentences"": [""I hear you."", ""We can pause here for a moment.""], ""safety"": ""ok""}",1,2176,2.8841000003012596,0.0020000006770715117,0.00019999970390927047,0.013699999726668466,0.005199999577598646,2.9110999994372833
855,d113_u5,neutral,train,113,5,bc,2,1,1,0,0,0,1,1,0,ok,"{""sentences"": [""I hear you."", ""We can pause here for a moment.""], ""safety"": ""ok""}",1,2176,2.3816999992050114,0.002100000529026147,0.0002999995558639057,0.014299999747890979,0.004999999873689376,2.4094000000332016
856,d113_u6,neutral,train,113,6,bc,2,1,1,0,0,0,1,1,0,ok,"{""sentences"": [""I hear you."", ""We can pause here for a moment.""], ""safety"": ""ok""}",1,2176,2.9352000001381384,0.0018999999156221747,0.00030000046535860747,0.01559999964229064,0.005599999894911889,2.9652000002897694
857,d113_u7,neutral,train,113,7,bc,2,1,1,0,0,0,1,1,0,ok,"{""sentences"": [""I hear you."", ""We can pause here for a moment.""], ""safety"": ""ok""}",1,2176,2.938499999800115,0.00199999976757681,0.00020000061340397224,0.014099999134487007,0.005399999281507917,2.9659000001629465
858,d113_u8,happy,train,113,8,bc,2,1,1,0,0,0,1,1,0,ok,"{""sentences"": [""I hear you."", ""We can pause here for a moment.""], ""safety"": ""ok""}",1,2176,2.9733999999734806,0.0018000000636675395,0.00030000046535860747,0.01359999987471383,0.005099999725644011,3.000100000463135
859,d113_u9,neutral,train,113,9,bc,2,1,1,0,0,0,1,1,0,ok,"{""sentences"": [""I hear you."", ""We can pause here for a moment.""], ""safety"": ""ok""}",1,2176,2.9131000001143548,0.0019000008251168765,0.00019999970390927047,0.014199999895936344,0.005200000487093348,2.9407000001810957
860,d113_u10,neutral,train,113,10,bc,2,1,1,0,0,0,1,1,0,ok,"{""sentences"": [""I hear you."", ""We can pause here for a moment.""], ""safety"": ""ok""}",1,2176,2.536899999540765,0.0018999999156221747,0.00019999970390927047,0.01359999987471383,0.005200000487093348,2.5635000001784647
861,d114_u0,neutral,train,114,0,bc,2,1,1,0,0,0,1,1,0,ok,"{""sentences"": [""I hear you."", ""We can pause here for a moment.""], ""safety"": ""ok""}",1,2176,2.8074000001652166,0.0018999999156221747,0.00019999970390927047,0.013699999726668466,0.005499999133462552,2.8345000000626897
862,d114_u2,neutral,train,114,2,bc,2,1,1,0,0,0,1,1,0,ok,"{""sentences"": [""I hear you."", ""We can pause here for a moment.""], ""safety"": ""ok""}",1,2176,2.883500000280037,0.0018999999156221747,0.00019999970390927047,0.013600000784208532,0.004999999873689376,2.9098999993948382
863,d114_u3,happy,train,114,3,bc,2,1,1,0,0,0,1,1,0,ok,"{""sentences"": [""I hear you."", ""We can pause here for a moment.""], ""safety"": ""ok""}",1,2176,3.0363000005309004,0.0018000000636675395,0.00019999970390927047,0.01359999987471383,0.004999999873689376,3.062599999793747
864,d114_u4,happy,train,114,4,bc,2,1,1,0,0,0,1,1,0,ok,"{""sentences"": [""I hear you."", ""We can pause here for a moment.""], ""safety"": ""ok""}",1,2176,2.797499999360298,0.0020000006770715117,0.00019999970390927047,0.01359999987471383,0.005199999577598646,2.8243000006114016
865,d115_u0,neutral,train,115,0,bc,2,1,1,0,0,0,1,1,0,ok,"{""sentences"": [""I hear you."", ""We can pause here for a moment.""], ""safety"": ""ok""}",1,2176,2.8759000006175484,0.0020000006770715117,0.00019999970390927047,0.015099999473022763,0.005500000042957254,2.9049000004306436
866,d115_u1,neutral,train,115,1,bc,2,1,1,0,0,0,1,1,0,ok,"{""sentences"": [""I hear you."", ""We can pause here for a moment.""], ""safety"": ""ok""}",1,2176,2.7215999998588813,0.00199999976757681,0.00020000061340397224,0.014299999747890979,0.005300000339047983,2.7493999996295315
867,d115_u2,neutral,train,115,2,bc,2,1,1,0,0,0,1,1,0,ok,"{""sentences"": [""I hear you."", ""We can pause here for a moment.""], ""safety"": ""ok""}",1,2176,2.6025000006484333,0.0017000002117129043,0.00019999970390927047,0.01340000017080456,0.004800000169780105,2.6281000000381027
868,d115_u3,neutral,train,115,3,bc,2,1,1,0,0,0,1,1,0,ok,"{""sentences"": [""I hear you."", ""We can pause here for a moment.""], ""safety"": ""ok""}",1,2176,2.77269999969576,0.0018999999156221747,0.00030000046535860747,0.014199999895936344,0.005500000042957254,2.8004999994664104
869,d115_u4,angry,train,115,4,bc,2,1,1,0,0,0,1,1,0,ok,"{""sentences"": [""I hear you."", ""We can pause here for a moment.""], ""safety"": ""ok""}",1,2176,3.3271000002059736,0.0018999999156221747,0.0002999995558639057,0.014100000043981709,0.005199999577598646,3.3544000007168506
870,d115_u5,neutral,train,115,5,bc,2,1,1,0,0,0,1,1,0,ok,"{""sentences"": [""I hear you."", ""We can pause here for a moment.""], ""safety"": ""ok""}",1,2176,2.913999999691441,0.00199999976757681,0.00030000046535860747,0.014100000043981709,0.005099999725644011,2.941300000202318
871,d116_u0,neutral,train,116,0,bc,2,1,1,0,0,0,1,1,0,ok,"{""sentences"": [""I hear you."", ""We can pause here for a moment.""], ""safety"": ""ok""}",1,2176,2.630900000440306,0.0018999999156221747,0.00030000046535860747,0.013900000340072438,0.005300000339047983,2.6582000000416883
872,d116_u1,neutral,train,116,1,bc,2,1,1,0,0,0,1,1,0,ok,"{""sentences"": [""I hear you."", ""We can pause here for a moment.""], ""safety"": ""ok""}",1,2176,2.9074000003674882,0.0017000002117129043,0.00019999970390927047,0.013900000340072438,0.005399999281507917,2.9346999999688705
873,d116_u2,sad,train,116,2,bc,2,1,1,0,0,0,1,1,0,ok,"{""sentences"": [""I hear you."", ""We can pause here for a moment.""], ""safety"": ""ok""}",1,2176,2.742700000453624,0.0018000000636675395,0.00030000046535860747,0.013300000318849925,0.004999999873689376,2.768600000308652
874,d116_u4,neutral,train,116,4,bc,2,1,1,0,0,0,1,1,0,ok,"{""sentences"": [""I hear you."", ""We can pause here for a moment.""], ""safety"": ""ok""}",1,2176,2.798100000291015,0.0018999999156221747,0.00019999970390927047,0.013800000488117803,0.004900000021734741,2.8248999997231294
875,d116_u5,neutral,train,116,5,bc,2,1,1,0,0,0,1,1,0,ok,"{""sentences"": [""I hear you."", ""We can pause here for a moment.""], ""safety"": ""ok""}",1,2176,2.8548999998747604,0.0018000000636675395,0.00030000046535860747,0.013099999705445953,0.004900000021734741,2.8802999995605205
876,d116_u6,neutral,train,116,6,bc,2,1,1,0,0,0,1,1,0,ok,"{""sentences"": [""I hear you."", ""We can pause here for a moment.""], ""safety"": ""ok""}",1,2176,3.1198000006043003,0.002100000529026147,0.0002999995558639057,0.014800000826653559,0.005699999746866524,3.149199999825214
877,d116_u7,sad,train,116,7,bc,2,1,1,0,0,0,1,1,0,ok,"{""sentences"": [""I hear you."", ""We can pause here for a moment.""], ""safety"": ""ok""}",1,2176,3.1660000004194444,0.0018000000636675395,0.00019999970390927047,0.013299999409355223,0.005199999577598646,3.191799999513023
878,d117_u0,happy,train,117,0,bc,2,1,1,0,0,0,1,1,0,ok,"{""sentences"": [""I hear you."", ""We can pause here for a moment.""], ""safety"": ""ok""}",1,2176,3.187199999956647,0.0018999999156221747,0.00030000046535860747,0.01359999987471383,0.004999999873689376,3.213300000425079
879,d117_u1,neutral,train,117,1,bc,2,1,1,0,0,0,1,1,0,ok,"{""sentences"": [""I hear you."", ""We can pause here for a moment.""], ""safety"": ""ok""}",1,2176,2.466899999490124,0.002200000380980782,0.00019999970390927047,0.014199999895936344,0.005599999894911889,2.494999999726133
880,d117_u2,happy,train,117,2,bc,2,1,1,0,0,0,1,1,0,ok,"{""sentences"": [""I hear you."", ""We can pause here for a moment.""], ""safety"": ""ok""}",1,2176,2.4321999999301624,0.0018000000636675395,0.0002999995558639057,0.01340000017080456,0.005099999725644011,2.4582999994890997
881,d117_u3,neutral,train,117,3,bc,2,1,1,0,0,0,1,1,0,ok,"{""sentences"": [""I hear you."", ""We can pause here for a moment.""], ""safety"": ""ok""}",1,2176,2.909100000579201,0.011199999789823778,0.0002999995558639057,0.013900000340072438,0.005199999577598646,2.9456000002028304
882,d118_u0,neutral,train,118,0,bc,2,1,1,0,0,0,1,1,0,ok,"{""sentences"": [""I hear you."", ""We can pause here for a moment.""], ""safety"": ""ok""}",1,2176,2.400600000328268,0.0018999999156221747,0.00019999970390927047,0.013699999726668466,0.005000000783184078,2.427200000056473
883,d118_u2,neutral,train,118,2,bc,2,1,1,0,0,0,1,1,0,ok,"{""sentences"": [""I hear you."", ""We can pause here for a moment.""], ""safety"": ""ok""}",1,2176,3.345499999340973,0.00199999976757681,0.00019999970390927047,0.014299999747890979,0.005399999281507917,3.3735000006345217
884,d118_u3,happy,train,118,3,bc,2,1,1,0,0,0,1,1,0,ok,"{""sentences"": [""I hear you."", ""We can pause here for a moment.""], ""safety"": ""ok""}",1,2176,3.2207000003836583,0.002099999619531445,0.00019999970390927047,0.014700000065204222,0.005500000042957254,3.2492999998794403
885,d118_u4,angry,train,118,4,bc,2,1,1,0,0,0,1,1,0,ok,"{""sentences"": [""I hear you."", ""We can pause here for a moment.""], ""safety"": ""ok""}",1,2176,3.4438000002410263,0.00199999976757681,0.0002999995558639057,0.014199999895936344,0.005499999133462552,3.471900000477035
886,d118_u5,happy,train,118,5,bc,2,1,1,0,0,0,1,1,0,ok,"{""sentences"": [""I hear you."", ""We can pause here for a moment.""], ""safety"": ""ok""}",1,2176,2.9741999996986124,0.002200000380980782,0.0002999995558639057,0.01630000042496249,0.006100000064179767,3.0059000000619562
887,d119_u0,neutral,train,119,0,bc,2,1,1,0,0,0,1,1,0,ok,"{""sentences"": [""I hear you."", ""We can pause here for a moment.""], ""safety"": ""ok""}",1,2176,2.583099999355909,0.00199999976757681,0.00030000046535860747,0.013999999282532372,0.005199999577598646,2.610399999866786
888,d119_u1,neutral,train,119,1,bc,2,1,1,0,0,0,1,1,0,ok,"{""sentences"": [""I hear you."", ""We can pause here for a moment.""], ""safety"": ""ok""}",1,2176,3.1405000008817296,0.0018999999156221747,0.00019999970390927047,0.013900000340072438,0.0052999994295532815,3.167800000483112
889,d119_u2,neutral,train,119,2,bc,2,1,1,0,0,0,1,1,0,ok,"{""sentences"": [""I hear you."", ""We can pause here for a moment.""], ""safety"": ""ok""}",1,2176,2.621999999973923,0.0018999999156221747,0.00030000046535860747,0.013299999409355223,0.004900000021734741,2.648300000146264
890,d119_u3,neutral,train,119,3,bc,2,1,1,0,0,0,1,1,0,ok,"{""sentences"": [""I hear you."", ""We can pause here for a moment.""], ""safety"": ""ok""}",1,2176,3.0758000002606423,0.00199999976757681,0.00019999970390927047,0.013199999557400588,0.004999999873689376,3.1017000001156703
891,d119_u4,sad,train,119,4,bc,2,1,1,0,0,0,1,1,0,ok,"{""sentences"": [""I hear you."", ""We can pause here for a moment.""], ""safety"": ""ok""}",1,2176,2.391900000475289,0.0018999999156221747,0.00019999970390927047,0.013500000022759195,0.004999999873689376,2.4179000001822715
892,d119_u5,neutral,train,119,5,bc,2,1,1,0,0,0,1,1,0,ok,"{""sentences"": [""I hear you."", ""We can pause here for a moment.""], ""safety"": ""ok""}",1,2176,2.7130999997098115,0.0018999999156221747,0.00019999970390927047,0.013199999557400588,0.005199999577598646,2.7389999995648395
893,d119_u6,sad,train,119,6,bc,2,1,1,0,0,0,1,1,0,ok,"{""sentences"": [""I hear you."", ""We can pause here for a moment.""], ""safety"": ""ok""}",1,2176,3.0612000000473927,0.0018999999156221747,0.0002999995558639057,0.014600000213249587,0.0054000001910026185,3.0895999998392654
894,d119_u8,neutral,train,119,8,bc,2,1,1,0,0,0,1,1,0,ok,"{""sentences"": [""I hear you."", ""We can pause here for a moment.""], ""safety"": ""ok""}",1,2176,2.898499999901105,0.002099999619531445,0.00030000046535860747,0.03389999983482994,0.005500000042957254,2.946499999779917
895,d119_u9,neutral,train,119,9,bc,2,1,1,0,0,0,1,1,0,ok,"{""sentences"": [""I hear you."", ""We can pause here for a moment.""], ""safety"": ""ok""}",1,2176,2.6339000005464186,0.0018999999156221747,0.0002999995558639057,0.014100000043981709,0.005100000635138713,2.661200000147801
896,d119_u10,neutral,train,119,10,bc,2,1,1,0,0,0,1,1,0,ok,"{""sentences"": [""I hear you."", ""We can pause here for a moment.""], ""safety"": ""ok""}",1,2176,3.118999999969674,0.00199999976757681,0.00019999970390927047,0.014400000509340316,0.005500000042957254,3.1473999997615465
897,d119_u11,neutral,train,119,11,bc,2,1,1,0,0,0,1,1,0,ok,"{""sentences"": [""I hear you."", ""We can pause here for a moment.""], ""safety"": ""ok""}",1,2176,3.424300000006042,0.002100000529026147,0.00019999970390927047,0.014299999747890979,0.005199999577598646,3.451900000072783
898,d119_u12,angry,train,119,12,bc,2,1,1,0,0,0,1,1,0,ok,"{""sentences"": [""I hear you."", ""We can pause here for a moment.""], ""safety"": ""ok""}",1,2176,3.0847999996694853,0.0018000000636675395,0.00019999970390927047,0.014000000192027073,0.005199999577598646,3.1116000000110944
899,d120_u1,happy,train,120,1,bc,2,1,1,0,0,0,1,1,0,ok,"{""sentences"": [""I hear you."", ""We can pause here for a moment.""], ""safety"": ""ok""}",1,2176,2.3297999996430008,0.0018999999156221747,0.00030000046535860747,0.014000000192027073,0.005099999725644011,2.3569999993924284
900,d120_u3,neutral,train,120,3,bc,2,1,1,0,0,0,1,1,0,ok,"{""sentences"": [""I hear you."", ""We can pause here for a moment.""], ""safety"": ""ok""}",1,2176,2.867300000616524,0.0018999999156221747,0.0002999995558639057,0.014199999895936344,0.005100000635138713,2.8947999999218155
901,d120_u7,neutral,train,120,7,bc,2,1,1,0,0,0,1,1,0,ok,"{""sentences"": [""I hear you."", ""We can pause here for a moment.""], ""safety"": ""ok""}",1,2176,2.6213999999527005,0.0020000006770715117,0.0002999995558639057,0.013699999726668466,0.005100000635138713,2.648100000442355
902,d120_u8,neutral,train,120,8,bc,2,1,1,0,0,0,1,1,0,ok,"{""sentences"": [""I hear you."", ""We can pause here for a moment.""], ""safety"": ""ok""}",1,2176,2.6443000006111106,0.0018000000636675395,0.00019999970390927047,0.01359999987471383,0.004999999873689376,2.670599999873957
903,d120_u9,neutral,train,120,9,bc,2,1,1,0,0,0,1,1,0,ok,"{""sentences"": [""I hear you."", ""We can pause here for a moment.""], ""safety"": ""ok""}",1,2176,2.889399999730813,0.0020000006770715117,0.00030000046535860747,0.014199999895936344,0.024400000256719068,2.9361000006247195
904,d120_u10,neutral,train,120,10,bc,2,1,1,0,0,0,1,1,0,ok,"{""sentences"": [""I hear you."", ""We can pause here for a moment.""], ""safety"": ""ok""}",1,2176,3.0823000006421353,0.00199999976757681,0.00019999970390927047,0.01500000053056283,0.005699999746866524,3.111999999418913
905,d120_u11,neutral,train,120,11,bc,2,1,1,0,0,0,1,1,0,ok,"{""sentences"": [""I hear you."", ""We can pause here for a moment.""], ""safety"": ""ok""}",1,2176,3.2816000002640067,0.0018999999156221747,0.00030000046535860747,0.013999999282532372,0.005099999725644011,3.326099999867438
906,d120_u12,neutral,train,120,12,bc,2,1,1,0,0,0,1,1,0,ok,"{""sentences"": [""I hear you."", ""We can pause here for a moment.""], ""safety"": ""ok""}",1,2176,3.11260000034963,0.0018999999156221747,0.00019999970390927047,0.013699999726668466,0.0054000001910026185,3.1393999997817446
907,d120_u13,neutral,train,120,13,bc,2,1,1,0,0,0,1,1,0,ok,"{""sentences"": [""I hear you."", ""We can pause here for a moment.""], ""safety"": ""ok""}",1,2176,3.0893000002834015,0.00199999976757681,0.00019999970390927047,0.014100000043981709,0.0054000001910026185,3.1171000000540516
908,d120_u14,neutral,train,120,14,bc,2,1,1,0,0,0,1,1,0,ok,"{""sentences"": [""I hear you."", ""We can pause here for a moment.""], ""safety"": ""ok""}",1,2176,2.2979000004852423,0.0020000006770715117,0.0002999995558639057,0.014100000043981709,0.005099999725644011,2.3250999993251753
909,d120_u15,neutral,train,120,15,bc,2,1,1,0,0,0,1,1,0,ok,"{""sentences"": [""I hear you."", ""We can pause here for a moment.""], ""safety"": ""ok""}",1,2176,2.729900000304042,0.0018999999156221747,0.0002999995558639057,0.013799999578623101,0.0052999994295532815,2.7571000000534696
910,d121_u0,neutral,train,121,0,bc,2,1,1,0,0,0,1,1,0,ok,"{""sentences"": [""I hear you."", ""We can pause here for a moment.""], ""safety"": ""ok""}",1,2176,2.966999999443942,0.0018999999156221747,0.00020000061340397224,0.014199999895936344,0.005300000339047983,2.994600000420178
911,d121_u1,happy,train,121,1,bc,2,1,1,0,0,0,1,1,0,ok,"{""sentences"": [""I hear you."", ""We can pause here for a moment.""], ""safety"": ""ok""}",1,2176,2.9428999996525818,0.0018000000636675395,0.00019999970390927047,0.012999999853491317,0.004999999873689376,2.968400000099791
912,d121_u2,happy,train,121,2,bc,2,1,1,0,0,0,1,1,0,ok,"{""sentences"": [""I hear you."", ""We can pause here for a moment.""], ""safety"": ""ok""}",1,2176,2.3748000003251946,0.0017000002117129043,0.00020000061340397224,0.012900000001536682,0.005100000635138713,2.3997999996936414
913,d121_u5,angry,train,121,5,bc,2,1,1,0,0,0,1,1,0,ok,"{""sentences"": [""I hear you."", ""We can pause here for a moment.""], ""safety"": ""ok""}",1,2176,2.696300000025076,0.0021999994714860804,0.00030000046535860747,0.015499999790336005,0.0057999995988211595,2.7269999991403893
914,d121_u6,neutral,train,121,6,bc,2,1,1,0,0,0,1,1,0,ok,"{""sentences"": [""I hear you."", ""We can pause here for a moment.""], ""safety"": ""ok""}",1,2176,3.3620000003793393,0.0018000000636675395,0.0002999995558639057,0.013899999430577736,0.005199999577598646,3.3887999998114537
915,d121_u7,sad,train,121,7,bc,2,1,1,0,0,0,1,1,0,ok,"{""sentences"": [""I hear you."", ""We can pause here for a moment.""], ""safety"": ""ok""}",1,2176,2.5322999999843887,0.002099999619531445,0.00030000046535860747,0.014700000065204222,0.005599999894911889,2.5606999997762614
916,d122_u2,neutral,train,122,2,bc,2,1,1,0,0,0,1,1,0,ok,"{""sentences"": [""I hear you."", ""We can pause here for a moment.""], ""safety"": ""ok""}",1,2176,2.4355999994440936,0.0018999999156221747,0.00019999970390927047,0.01359999987471383,0.005100000635138713,2.4619000005259295
917,d122_u3,neutral,train,122,3,bc,2,1,1,0,0,0,1,1,0,ok,"{""sentences"": [""I hear you."", ""We can pause here for a moment.""], ""safety"": ""ok""}",1,2176,3.014100000655162,0.00199999976757681,0.0002999995558639057,0.014199999895936344,0.005600000804406591,3.042000000277767
918,d122_u4,neutral,train,122,4,bc,2,1,1,0,0,0,1,1,0,ok,"{""sentences"": [""I hear you."", ""We can pause here for a moment.""], ""safety"": ""ok""}",1,2176,2.9364000001805834,0.0018000000636675395,0.00030000046535860747,0.013300000318849925,0.004800000169780105,2.961899999718298
919,d122_u5,neutral,train,122,5,bc,2,1,1,0,0,0,1,1,0,ok,"{""sentences"": [""I hear you."", ""We can pause here for a moment.""], ""safety"": ""ok""}",1,2176,3.1161999995674705,0.00199999976757681,0.00019999970390927047,0.013500000022759195,0.005099999725644011,3.142399999887857
920,d122_u6,neutral,train,122,6,bc,2,1,1,0,0,0,1,1,0,ok,"{""sentences"": [""I hear you."", ""We can pause here for a moment.""], ""safety"": ""ok""}",1,2176,2.8107999996791477,0.0018999999156221747,0.00030000046535860747,0.013900000340072438,0.0054000001910026185,2.8378999995766208
921,d122_u7,happy,train,122,7,bc,2,1,1,0,0,0,1,1,0,ok,"{""sentences"": [""I hear you."", ""We can pause here for a moment.""], ""safety"": ""ok""}",1,2176,2.836300000126357,0.0020000006770715117,0.00019999970390927047,0.013500000022759195,0.005200000487093348,2.862700000150653
922,d122_u8,happy,train,122,8,bc,2,1,1,0,0,0,1,1,0,ok,"{""sentences"": [""I hear you."", ""We can pause here for a moment.""], ""safety"": ""ok""}",1,2176,2.7036999999836553,0.002100000529026147,0.00019999970390927047,0.01500000053056283,0.0054000001910026185,2.732500000092841
923,d122_u10,neutral,train,122,10,bc,2,1,1,0,0,0,1,1,0,ok,"{""sentences"": [""I hear you."", ""We can pause here for a moment.""], ""safety"": ""ok""}",1,2176,3.7433000006785733,0.0020000006770715117,0.00020000061340397224,0.014399999599845614,0.005800000508315861,3.7720999998782645
924,d122_u11,neutral,train,122,11,bc,2,1,1,0,0,0,1,1,0,ok,"{""sentences"": [""I hear you."", ""We can pause here for a moment.""], ""safety"": ""ok""}",1,2176,2.3705000003246823,0.00199999976757681,0.00030000046535860747,0.014299999747890979,0.005300000339047983,2.3985999996511964
925,d122_u14,neutral,train,122,14,bc,2,1,1,0,0,0,1,1,0,ok,"{""sentences"": [""I hear you."", ""We can pause here for a moment.""], ""safety"": ""ok""}",1,2176,2.821899999617017,0.002100000529026147,0.00019999970390927047,0.014000000192027073,0.005500000042957254,2.8497000002971618
926,d122_u15,neutral,train,122,15,bc,2,1,1,0,0,0,1,1,0,ok,"{""sentences"": [""I hear you."", ""We can pause here for a moment.""], ""safety"": ""ok""}",1,2176,2.960999999231717,0.00199999976757681,0.00019999970390927047,0.013799999578623101,0.005199999577598646,2.988299999742594
927,d123_u1,angry,train,123,1,bc,2,1,1,0,0,0,1,1,0,ok,"{""sentences"": [""I hear you."", ""We can pause here for a moment.""], ""safety"": ""ok""}",1,2176,2.6059000001623644,0.002099999619531445,0.00019999970390927047,0.013899999430577736,0.005399999281507917,2.6336999999330146
928,d123_u2,angry,train,123,2,bc,2,1,1,0,0,0,1,1,0,ok,"{""sentences"": [""I hear you."", ""We can pause here for a moment.""], ""safety"": ""ok""}",1,2176,3.2862999996723374,0.00199999976757681,0.0002999995558639057,0.014799999917158857,0.005699999746866524,3.3153999993373873
929,d123_u3,angry,train,123,3,bc,2,1,1,0,0,0,1,1,0,ok,"{""sentences"": [""I hear you."", ""We can pause here for a moment.""], ""safety"": ""ok""}",1,2176,2.639899999849149,0.00199999976757681,0.00019999970390927047,0.014299999747890979,0.005099999725644011,2.6676000006773393
930,d123_u4,angry,train,123,4,bc,2,1,1,0,0,0,1,1,0,ok,"{""sentences"": [""I hear you."", ""We can pause here for a moment.""], ""safety"": ""ok""}",1,2176,3.3711000005496317,0.00199999976757681,0.00019999970390927047,0.01430000065738568,0.0052999994295532815,3.398800000468327
931,d123_u5,neutral,train,123,5,bc,2,1,1,0,0,0,1,1,0,ok,"{""sentences"": [""I hear you."", ""We can pause here for a moment.""], ""safety"": ""ok""}",1,2176,2.5098999994952464,0.0018999999156221747,0.0002999995558639057,0.013799999578623101,0.005200000487093348,2.536899999540765
932,d123_u6,angry,train,123,6,bc,2,1,1,0,0,0,1,1,0,ok,"{""sentences"": [""I hear you."", ""We can pause here for a moment.""], ""safety"": ""ok""}",1,2176,2.988100000038685,0.002099999619531445,0.00019999970390927047,0.014799999917158857,0.0054000001910026185,3.0169999999998254
933,d123_u7,neutral,train,123,7,bc,2,1,1,0,0,0,1,1,0,ok,"{""sentences"": [""I hear you."", ""We can pause here for a moment.""], ""safety"": ""ok""}",1,2176,2.447800000481948,0.002100000529026147,0.00019999970390927047,0.014899999769113492,0.005699999746866524,2.477099999850907
934,d123_u8,angry,train,123,8,bc,2,1,1,0,0,0,1,1,0,ok,"{""sentences"": [""I hear you."", ""We can pause here for a moment.""], ""safety"": ""ok""}",1,2176,2.8739999997924315,0.00199999976757681,0.00020000061340397224,0.013800000488117803,0.004999999873689376,2.900499999668682
935,d123_u9,neutral,train,123,9,bc,2,1,1,0,0,0,1,1,0,ok,"{""sentences"": [""I hear you."", ""We can pause here for a moment.""], ""safety"": ""ok""}",1,2176,3.205399999387737,0.0018999999156221747,0.0002999995558639057,0.013500000022759195,0.005099999725644011,3.2314000000042142
936,d123_u10,angry,train,123,10,bc,2,1,1,0,0,0,1,1,0,ok,"{""sentences"": [""I hear you."", ""We can pause here for a moment.""], ""safety"": ""ok""}",1,2176,2.614499999253894,0.0018999999156221747,0.00030000046535860747,0.01340000017080456,0.004900000021734741,2.640600000631821
937,d124_u0,happy,train,124,0,bc,2,1,1,0,0,0,1,1,0,ok,"{""sentences"": [""I hear you."", ""We can pause here for a moment.""], ""safety"": ""ok""}",1,2176,2.997200000208977,0.0018000000636675395,0.0002999995558639057,0.013500000022759195,0.004900000021734741,3.0232999997679144
938,d124_u2,neutral,train,124,2,bc,2,1,1,0,0,0,1,1,0,ok,"{""sentences"": [""I hear you."", ""We can pause here for a moment.""], ""safety"": ""ok""}",1,2176,2.6890999997704057,0.0018999999156221747,0.00030000046535860747,0.013899999430577736,0.005300000339047983,2.716099999815924
939,d124_u4,sad,train,124,4,bc,2,1,1,0,0,0,1,1,0,ok,"{""sentences"": [""I hear you."", ""We can pause here for a moment.""], ""safety"": ""ok""}",1,2176,2.922700000453915,0.0018999999156221747,0.00020000061340397224,0.013900000340072438,0.005099999725644011,2.9494000000340748
940,d124_u5,happy,train,124,5,bc,2,1,1,0,0,0,1,1,0,ok,"{""sentences"": [""I hear you."", ""We can pause here for a moment.""], ""safety"": ""ok""}",1,2176,2.676999999494001,0.00199999976757681,0.0002999995558639057,0.013500000022759195,0.005100000635138713,2.7036000001317007
941,d124_u6,happy,train,124,6,bc,2,1,1,0,0,0,1,1,0,ok,"{""sentences"": [""I hear you."", ""We can pause here for a moment.""], ""safety"": ""ok""}",1,2176,2.669200000127603,0.0018999999156221747,0.00020000061340397224,0.013500000022759195,0.005000000783184078,2.6951999998345855
942,d124_u8,sad,train,124,8,bc,2,1,1,0,0,0,1,1,0,ok,"{""sentences"": [""I hear you."", ""We can pause here for a moment.""], ""safety"": ""ok""}",1,2176,2.4576000005254173,0.0018999999156221747,0.00020000061340397224,0.01340000017080456,0.005100000635138713,2.4837000000843545
943,d124_u9,neutral,train,124,9,bc,2,1,1,0,0,0,1,1,0,ok,"{""sentences"": [""I hear you."", ""We can pause here for a moment.""], ""safety"": ""ok""}",1,2176,2.900200000112818,0.002399999175395351,0.0002999995558639057,0.01650000012887176,0.006200000825629104,2.932399999735935
944,d124_u10,neutral,train,124,10,bc,2,1,1,0,0,0,1,1,0,ok,"{""sentences"": [""I hear you."", ""We can pause here for a moment.""], ""safety"": ""ok""}",1,2176,3.3167000001412816,0.0018999999156221747,0.00019999970390927047,0.014299999747890979,0.005100000635138713,3.344499999911932
945,d124_u11,happy,train,124,11,bc,2,1,1,0,0,0,1,1,0,ok,"{""sentences"": [""I hear you."", ""We can pause here for a moment.""], ""safety"": ""ok""}",1,2176,3.193200000168872,0.00199999976757681,0.0002999995558639057,0.014100000043981709,0.0054000001910026185,3.220800000235613
946,d125_u0,happy,train,125,0,bc,2,1,1,0,0,0,1,1,0,ok,"{""sentences"": [""I hear you."", ""We can pause here for a moment.""], ""safety"": ""ok""}",1,2176,2.564899999924819,0.002200000380980782,0.00019999970390927047,0.014100000043981709,0.0054000001910026185,2.598799999759649
947,d125_u1,neutral,train,125,1,bc,2,1,1,0,0,0,1,1,0,ok,"{""sentences"": [""I hear you."", ""We can pause here for a moment.""], ""safety"": ""ok""}",1,2176,3.1676000007792027,0.0020000006770715117,0.0002999995558639057,0.013900000340072438,0.005599999894911889,3.195199999936449
948,d125_u2,neutral,train,125,2,bc,2,1,1,0,0,0,1,1,0,ok,"{""sentences"": [""I hear you."", ""We can pause here for a moment.""], ""safety"": ""ok""}",1,2176,2.847499999916181,0.0018999999156221747,0.00030000046535860747,0.029799999538226984,0.005100000635138713,2.8904000000693486
949,d125_u4,neutral,train,125,4,bc,2,1,1,0,0,0,1,1,0,ok,"{""sentences"": [""I hear you."", ""We can pause here for a moment.""], ""safety"": ""ok""}",1,2176,2.4007000001802226,0.0018999999156221747,0.00030000046535860747,0.014299999747890979,0.005599999894911889,2.4287999995067366
950,d125_u5,neutral,train,125,5,bc,2,1,1,0,0,0,1,1,0,ok,"{""sentences"": [""I hear you."", ""We can pause here for a moment.""], ""safety"": ""ok""}",1,2176,3.126200000224344,0.0018999999156221747,0.00019999970390927047,0.013800000488117803,0.005199999577598646,3.153300000121817
951,d125_u6,neutral,train,125,6,bc,2,1,1,0,0,0,1,1,0,ok,"{""sentences"": [""I hear you."", ""We can pause here for a moment.""], ""safety"": ""ok""}",1,2176,3.222099999220518,0.0018999999156221747,0.00030000046535860747,0.013999999282532372,0.005399999281507917,3.2494000006408896
952,d125_u7,neutral,train,125,7,bc,2,1,1,0,0,0,1,1,0,ok,"{""sentences"": [""I hear you."", ""We can pause here for a moment.""], ""safety"": ""ok""}",1,2176,2.433300000120653,0.002099999619531445,0.00019999970390927047,0.015199999324977398,0.005499999133462552,2.462299999933748
953,d126_u0,happy,train,126,0,bc,2,1,1,0,0,0,1,1,0,ok,"{""sentences"": [""I hear you."", ""We can pause here for a moment.""], ""safety"": ""ok""}",1,2176,2.770799999780138,0.00199999976757681,0.0002999995558639057,0.015100000382517464,0.005699999746866524,2.800100000058592
954,d126_u1,angry,train,126,1,bc,2,1,1,0,0,0,1,1,0,ok,"{""sentences"": [""I hear you."", ""We can pause here for a moment.""], ""safety"": ""ok""}",1,2176,2.884999999878346,0.0020000006770715117,0.0002999995558639057,0.014199999895936344,0.005100000635138713,2.9125000000931323
955,d126_u2,happy,train,126,2,bc,2,1,1,0,0,0,1,1,0,ok,"{""sentences"": [""I hear you."", ""We can pause here for a moment.""], ""safety"": ""ok""}",1,2176,2.9041999996479717,0.0018000000636675395,0.00019999970390927047,0.015300000086426735,0.005300000339047983,2.9325000004973845
956,d126_u3,neutral,train,126,3,bc,2,1,1,0,0,0,1,1,0,ok,"{""sentences"": [""I hear you."", ""We can pause here for a moment.""], ""safety"": ""ok""}",1,2176,3.054599999813945,0.0018000000636675395,0.00020000061340397224,0.013100000614940654,0.005099999725644011,3.0801999992036144
957,d126_u4,happy,train,126,4,bc,2,1,1,0,0,0,1,1,0,ok,"{""sentences"": [""I hear you."", ""We can pause here for a moment.""], ""safety"": ""ok""}",1,2176,2.658800000062911,0.0020000006770715117,0.0002999995558639057,0.013500000022759195,0.005100000635138713,2.6852999999391614
958,d126_u5,angry,train,126,5,bc,2,1,1,0,0,0,1,1,0,ok,"{""sentences"": [""I hear you."", ""We can pause here for a moment.""], ""safety"": ""ok""}",1,2176,2.694899999369227,0.0018000000636675395,0.00019999970390927047,0.013300000318849925,0.005000000783184078,2.7205000005778857
959,d126_u6,neutral,train,126,6,bc,2,1,1,0,0,0,1,1,0,ok,"{""sentences"": [""I hear you."", ""We can pause here for a moment.""], ""safety"": ""ok""}",1,2176,3.1739000005472917,0.00199999976757681,0.00019999970390927047,0.014000000192027073,0.005699999746866524,3.201700000317942
960,d126_u7,angry,train,126,7,bc,2,1,1,0,0,0,1,1,0,ok,"{""sentences"": [""I hear you."", ""We can pause here for a moment.""], ""safety"": ""ok""}",1,2176,2.422800000204006,0.0018999999156221747,0.00019999970390927047,0.01359999987471383,0.005099999725644011,2.4491999993188074
961,d126_u8,neutral,train,126,8,bc,2,1,1,0,0,0,1,1,0,ok,"{""sentences"": [""I hear you."", ""We can pause here for a moment.""], ""safety"": ""ok""}",1,2176,2.8020999998261686,0.00199999976757681,0.0002999995558639057,0.014100000043981709,0.005199999577598646,2.8295000001890003
962,d126_u9,sad,train,126,9,bc,2,1,1,0,0,0,1,1,0,ok,"{""sentences"": [""I hear you."", ""We can pause here for a moment.""], ""safety"": ""ok""}",1,2176,2.376200000071549,0.002099999619531445,0.0002999995558639057,0.014700000065204222,0.0059000003602704965,2.4051000000326894
963,d126_u10,neutral,train,126,10,bc,2,1,1,0,0,0,1,1,0,ok,"{""sentences"": [""I hear you."", ""We can pause here for a moment.""], ""safety"": ""ok""}",1,2176,4.019400000288442,0.0018999999156221747,0.00019999970390927047,0.013500000022759195,0.005099999725644011,4.045899999255198
964,d126_u11,neutral,train,126,11,bc,2,1,1,0,0,0,1,1,0,ok,"{""sentences"": [""I hear you."", ""We can pause here for a moment.""], ""safety"": ""ok""}",1,2176,3.0859000007694704,0.0018999999156221747,0.00019999970390927047,0.014800000826653559,0.005599999894911889,3.114799999821116
965,d126_u12,angry,train,126,12,bc,2,1,1,0,0,0,1,1,0,ok,"{""sentences"": [""I hear you."", ""We can pause here for a moment.""], ""safety"": ""ok""}",1,2176,2.40860000030807,0.002200000380980782,0.00020000061340397224,0.014100000043981709,0.005699999746866524,2.436699999634584
966,d127_u0,neutral,train,127,0,bc,2,1,1,0,0,0,1,1,0,ok,"{""sentences"": [""I hear you."", ""We can pause here for a moment.""], ""safety"": ""ok""}",1,2176,2.857600000425009,0.0018999999156221747,0.00030000046535860747,0.014799999917158857,0.0054000001910026185,2.885900000364927
967,d128_u0,neutral,train,128,0,bc,2,1,1,0,0,0,1,1,0,ok,"{""sentences"": [""I hear you."", ""We can pause here for a moment.""], ""safety"": ""ok""}",1,2176,2.4017999994612182,0.0018999999156221747,0.00030000046535860747,0.013900000340072438,0.005200000487093348,2.42919999982405
968,d128_u1,neutral,train,128,1,bc,2,1,1,0,0,0,1,1,0,ok,"{""sentences"": [""I hear you."", ""We can pause here for a moment.""], ""safety"": ""ok""}",1,2176,2.9086000004099333,0.00199999976757681,0.0002999995558639057,0.014000000192027073,0.005200000487093348,2.93599999986327
969,d128_u2,happy,train,128,2,bc,2,1,1,0,0,0,1,1,0,ok,"{""sentences"": [""I hear you."", ""We can pause here for a moment.""], ""safety"": ""ok""}",1,2176,3.257100000155333,0.00199999976757681,0.00020000061340397224,0.014399999599845614,0.005200000487093348,3.284899999925983
970,d128_u3,happy,train,128,3,bc,2,1,1,0,0,0,1,1,0,ok,"{""sentences"": [""I hear you."", ""We can pause here for a moment.""], ""safety"": ""ok""}",1,2176,2.4898000001485343,0.0018000000636675395,0.00019999970390927047,0.013900000340072438,0.005500000042957254,2.517299999453826
971,d128_u4,happy,train,128,4,bc,2,1,1,0,0,0,1,1,0,ok,"{""sentences"": [""I hear you."", ""We can pause here for a moment.""], ""safety"": ""ok""}",1,2176,2.5302000003648573,0.0018999999156221747,0.0002999995558639057,0.01539999993838137,0.006299999768089037,2.5604000002203975
972,d128_u5,happy,train,128,5,bc,2,1,1,0,0,0,1,1,0,ok,"{""sentences"": [""I hear you."", ""We can pause here for a moment.""], ""safety"": ""ok""}",1,2176,3.131700000267301,0.00199999976757681,0.0002999995558639057,0.014200000805431046,0.005599999894911889,3.1601999999111285
973,d128_u6,neutral,train,128,6,bc,2,1,1,0,0,0,1,1,0,ok,"{""sentences"": [""I hear you."", ""We can pause here for a moment.""], ""safety"": ""ok""}",1,2176,3.1297999994421843,0.00199999976757681,0.00030000046535860747,0.014000000192027073,0.005300000339047983,3.156900000249152
974,d128_u7,happy,train,128,7,bc,2,1,1,0,0,0,1,1,0,ok,"{""sentences"": [""I hear you."", ""We can pause here for a moment.""], ""safety"": ""ok""}",1,2176,2.9277999992700643,0.0018999999156221747,0.00019999970390927047,0.014299999747890979,0.005500000042957254,2.955699999802164
975,d128_u8,neutral,train,128,8,bc,2,1,1,0,0,0,1,1,0,ok,"{""sentences"": [""I hear you."", ""We can pause here for a moment.""], ""safety"": ""ok""}",1,2176,2.7150000005349284,0.0018000000636675395,0.00030000046535860747,0.013699999726668466,0.004999999873689376,2.741499999501684
976,d128_u9,happy,train,128,9,bc,2,1,1,0,0,0,1,1,0,ok,"{""sentences"": [""I hear you."", ""We can pause here for a moment.""], ""safety"": ""ok""}",1,2176,3.40299999970739,0.00199999976757681,0.00019999970390927047,0.013799999578623101,0.004999999873689376,3.429300000789226
977,d129_u0,happy,train,129,0,bc,2,1,1,0,0,0,1,1,0,ok,"{""sentences"": [""I hear you."", ""We can pause here for a moment.""], ""safety"": ""ok""}",1,2176,2.3724000002403045,0.0020000006770715117,0.00019999970390927047,0.013900000340072438,0.005199999577598646,2.3993000004338683
978,d129_u1,sad,train,129,1,bc,2,1,1,0,0,0,1,1,0,ok,"{""sentences"": [""I hear you."", ""We can pause here for a moment.""], ""safety"": ""ok""}",1,2176,2.49930000063614,0.0018000000636675395,0.0002999995558639057,0.013900000340072438,0.005099999725644011,2.526400000533613
979,d129_u2,sad,train,129,2,bc,2,1,1,0,0,0,1,1,0,ok,"{""sentences"": [""I hear you."", ""We can pause here for a moment.""], ""safety"": ""ok""}",1,2176,2.5580000001355074,0.0018999999156221747,0.00019999970390927047,0.014000000192027073,0.005000000783184078,2.5851000000329805
980,d129_u4,sad,train,129,4,bc,2,1,1,0,0,0,1,1,0,ok,"{""sentences"": [""I hear you."", ""We can pause here for a moment.""], ""safety"": ""ok""}",1,2176,2.9547000003731227,0.0023000002329354174,0.00020000061340397224,0.014700000065204222,0.005899999450775795,2.9835999994247686
981,d129_u5,angry,train,129,5,bc,2,1,1,0,0,0,1,1,0,ok,"{""sentences"": [""I hear you."", ""We can pause here for a moment.""], ""safety"": ""ok""}",1,2176,2.7771000004577218,0.0020000006770715117,0.0002999995558639057,0.014700000065204222,0.005399999281507917,2.8055000002495944
982,d129_u7,angry,train,129,7,bc,2,1,1,0,0,0,1,1,0,ok,"{""sentences"": [""I hear you."", ""We can pause here for a moment.""], ""safety"": ""ok""}",1,2176,3.435900000113179,0.00199999976757681,0.00020000061340397224,0.013799999578623101,0.004999999873689376,3.4629000001586974
983,d129_u8,neutral,train,129,8,bc,2,1,1,0,0,0,1,1,0,ok,"{""sentences"": [""I hear you."", ""We can pause here for a moment.""], ""safety"": ""ok""}",1,2176,2.5067999995371792,0.0018999999156221747,0.00030000046535860747,0.01359999987471383,0.005199999577598646,2.5335000000268337
984,d129_u9,neutral,train,129,9,bc,2,1,1,0,0,0,1,1,0,ok,"{""sentences"": [""I hear you."", ""We can pause here for a moment.""], ""safety"": ""ok""}",1,2176,2.459899999848858,0.00199999976757681,0.00019999970390927047,0.013899999430577736,0.005199999577598646,2.486999999746331
985,d129_u10,angry,train,129,10,bc,2,1,1,0,0,0,1,1,0,ok,"{""sentences"": [""I hear you."", ""We can pause here for a moment.""], ""safety"": ""ok""}",1,2176,3.3288999993601465,0.0018999999156221747,0.00019999970390927047,0.013699999726668466,0.005199999577598646,3.355300000293937
986,d129_u13,neutral,train,129,13,bc,2,1,1,0,0,0,1,1,0,ok,"{""sentences"": [""I hear you."", ""We can pause here for a moment.""], ""safety"": ""ok""}",1,2176,3.087500000219734,0.00199999976757681,0.00030000046535860747,0.013699999726668466,0.005200000487093348,3.114600000117207
987,d129_u14,neutral,train,129,14,bc,2,1,1,0,0,0,1,1,0,ok,"{""sentences"": [""I hear you."", ""We can pause here for a moment.""], ""safety"": ""ok""}",1,2176,2.7295999998386833,0.0018999999156221747,0.00030000046535860747,0.013900000340072438,0.005200000487093348,2.7566999997361563
988,d130_u0,happy,train,130,0,bc,2,1,1,0,0,0,1,1,0,ok,"{""sentences"": [""I hear you."", ""We can pause here for a moment.""], ""safety"": ""ok""}",1,2176,2.903599999626749,0.0020000006770715117,0.0002999995558639057,0.013899999430577736,0.005200000487093348,2.9305999996722676
989,d130_u1,neutral,train,130,1,bc,2,1,1,0,0,0,1,1,0,ok,"{""sentences"": [""I hear you."", ""We can pause here for a moment.""], ""safety"": ""ok""}",1,2176,2.9547000003731227,0.0023000002329354174,0.00020000061340397224,0.015199999324977398,0.005699999746866524,2.9844999999113497
990,d130_u2,neutral,train,130,2,bc,2,1,1,0,0,0,1,1,0,ok,"{""sentences"": [""I hear you."", ""We can pause here for a moment.""], ""safety"": ""ok""}",1,2176,2.946399999927962,0.0018999999156221747,0.00030000046535860747,0.014399999599845614,0.005500000042957254,2.9746000000159256
991,d130_u4,neutral,train,130,4,bc,2,1,1,0,0,0,1,1,0,ok,"{""sentences"": [""I hear you."", ""We can pause here for a moment.""], ""safety"": ""ok""}",1,2176,3.35469999936322,0.00199999976757681,0.00020000061340397224,0.014199999895936344,0.005300000339047983,3.3823000003394554
992,d130_u5,neutral,train,130,5,bc,2,1,1,0,0,0,1,1,0,ok,"{""sentences"": [""I hear you."", ""We can pause here for a moment.""], ""safety"": ""ok""}",1,2176,2.6373999999123043,0.00199999976757681,0.00030000046535860747,0.014100000043981709,0.005399999281507917,2.6649000001270906
993,d130_u6,neutral,train,130,6,bc,2,1,1,0,0,0,1,1,0,ok,"{""sentences"": [""I hear you."", ""We can pause here for a moment.""], ""safety"": ""ok""}",1,2176,2.42789999992965,0.00199999976757681,0.00019999970390927047,0.014000000192027073,0.005399999281507917,2.455200000440527
994,d130_u7,neutral,train,130,7,bc,2,1,1,0,0,0,1,1,0,ok,"{""sentences"": [""I hear you."", ""We can pause here for a moment.""], ""safety"": ""ok""}",1,2176,2.9884999994465034,0.0018999999156221747,0.00030000046535860747,0.013700000636163168,0.004900000021734741,3.014999999322754
995,d130_u8,neutral,train,130,8,bc,2,1,1,0,0,0,1,1,0,ok,"{""sentences"": [""I hear you."", ""We can pause here for a moment.""], ""safety"": ""ok""}",1,2176,2.535100000386592,0.0020000006770715117,0.00019999970390927047,0.014199999895936344,0.005300000339047983,2.5625999996918836
996,d130_u10,neutral,train,130,10,bc,2,1,1,0,0,0,1,1,0,ok,"{""sentences"": [""I hear you."", ""We can pause here for a moment.""], ""safety"": ""ok""}",1,2176,2.9432000001179404,0.0018999999156221747,0.00019999970390927047,0.013800000488117803,0.005099999725644011,2.9702000001634588
997,d130_u12,neutral,train,130,12,bc,2,1,1,0,0,0,1,1,0,ok,"{""sentences"": [""I hear you."", ""We can pause here for a moment.""], ""safety"": ""ok""}",1,2176,2.755599999545666,0.0018999999156221747,0.00020000061340397224,0.013900000340072438,0.0054000001910026185,2.782900000056543
998,d130_u13,neutral,train,130,13,bc,2,1,1,0,0,0,1,1,0,ok,"{""sentences"": [""I hear you."", ""We can pause here for a moment.""], ""safety"": ""ok""}",1,2176,2.799800000502728,0.0018000000636675395,0.00030000046535860747,0.013299999409355223,0.004999999873689376,2.82599999991362
999,d130_u14,neutral,train,130,14,bc,2,1,1,0,0,0,1,1,0,ok,"{""sentences"": [""I hear you."", ""We can pause here for a moment.""], ""safety"": ""ok""}",1,2176,2.8998000007049995,0.0019000008251168765,0.00030000046535860747,0.014200000805431046,0.005300000339047983,2.9332000003705616
1000,d130_u15,neutral,train,130,15,bc,2,1,1,0,0,0,1,1,0,ok,"{""sentences"": [""I hear you."", ""We can pause here for a moment.""], ""safety"": ""ok""}",1,2176,2.8630999995584716,0.0018999999156221747,0.00020000061340397224,0.014900000678608194,0.005599999894911889,2.8916000001117936
1001,d130_u17,happy,train,130,17,bc,2,1,1,0,0,0,1,1,0,ok,"{""sentences"": [""I hear you."", ""We can pause here for a moment.""], ""safety"": ""ok""}",1,2176,2.765999999610358,0.002100000529026147,0.00019999970390927047,0.013699999726668466,0.0054000001910026185,2.7928999998039217
1002,d131_u0,neutral,train,131,0,bc,2,1,1,0,0,0,1,1,0,ok,"{""sentences"": [""I hear you."", ""We can pause here for a moment.""], ""safety"": ""ok""}",1,2176,3.1963000001269393,0.0018999999156221747,0.0002999995558639057,0.013500000022759195,0.0054000001910026185,3.22280000000319
1003,d131_u1,sad,train,131,1,bc,2,1,1,0,0,0,1,1,0,ok,"{""sentences"": [""I hear you."", ""We can pause here for a moment.""], ""safety"": ""ok""}",1,2176,2.5828999996519997,0.0020000006770715117,0.00019999970390927047,0.014500000361294951,0.005300000339047983,2.611099999739963
1004,d131_u2,neutral,train,131,2,bc,2,1,1,0,0,0,1,1,0,ok,"{""sentences"": [""I hear you."", ""We can pause here for a moment.""], ""safety"": ""ok""}",1,2176,3.166599999531172,0.0019000008251168765,0.0002999995558639057,0.013199999557400588,0.004999999873689376,3.192699999999604
1005,d132_u1,neutral,train,132,1,bc,2,1,1,0,0,0,1,1,0,ok,"{""sentences"": [""I hear you."", ""We can pause here for a moment.""], ""safety"": ""ok""}",1,2176,2.169999999750871,0.0018999999156221747,0.00019999970390927047,0.03060000017285347,0.005300000339047983,2.2137000005386653
1006,d132_u2,sad,train,132,2,bc,2,1,1,0,0,0,1,1,0,ok,"{""sentences"": [""I hear you."", ""We can pause here for a moment.""], ""safety"": ""ok""}",1,2176,2.5967000001401175,0.0017999991541728377,0.00019999970390927047,0.012399999832268804,0.004800000169780105,2.6208999997834326
1007,d132_u4,sad,train,132,4,bc,2,1,1,0,0,0,1,1,0,ok,"{""sentences"": [""I hear you."", ""We can pause here for a moment.""], ""safety"": ""ok""}",1,2176,2.4763999999777297,0.00199999976757681,0.0002999995558639057,0.012800000149582047,0.004999999873689376,2.501500000107626
1008,d132_u5,neutral,train,132,5,bc,2,1,1,0,0,0,1,1,0,ok,"{""sentences"": [""I hear you."", ""We can pause here for a moment.""], ""safety"": ""ok""}",1,2176,3.2683999997971114,0.00199999976757681,0.0002999995558639057,0.014100000043981709,0.005300000339047983,3.295800000159943
1009,d132_u6,sad,train,132,6,bc,2,1,1,0,0,0,1,1,0,ok,"{""sentences"": [""I hear you."", ""We can pause here for a moment.""], ""safety"": ""ok""}",1,2176,2.6424999996379483,0.0018999999156221747,0.0002999995558639057,0.013699999726668466,0.005300000339047983,2.669199999218108
1010,d132_u7,neutral,train,132,7,bc,2,1,1,0,0,0,1,1,0,ok,"{""sentences"": [""I hear you."", ""We can pause here for a moment.""], ""safety"": ""ok""}",1,2176,2.8531999996630475,0.002100000529026147,0.00030000046535860747,0.014799999917158857,0.0057999995988211595,2.8824999999415013
1011,d132_u8,sad,train,132,8,bc,2,1,1,0,0,0,1,1,0,ok,"{""sentences"": [""I hear you."", ""We can pause here for a moment.""], ""safety"": ""ok""}",1,2176,3.1955000004018075,0.00199999976757681,0.00020000061340397224,0.014200000805431046,0.0057999995988211595,3.2235999997283216
1012,d132_u9,neutral,train,132,9,bc,2,1,1,0,0,0,1,1,0,ok,"{""sentences"": [""I hear you."", ""We can pause here for a moment.""], ""safety"": ""ok""}",1,2176,3.098099999988335,0.01739999970595818,0.00030000046535860747,0.013399999261309858,0.004999999873689376,3.1400999996549217
1013,d132_u10,neutral,train,132,10,bc,2,1,1,0,0,0,1,1,0,ok,"{""sentences"": [""I hear you."", ""We can pause here for a moment.""], ""safety"": ""ok""}",1,2176,2.516999999897962,0.0018000000636675395,0.00020000061340397224,0.013699999726668466,0.005199999577598646,2.5434999997742125
1014,d134_u0,neutral,train,134,0,bc,2,1,1,0,0,0,1,1,0,ok,"{""sentences"": [""I hear you."", ""We can pause here for a moment.""], ""safety"": ""ok""}",1,2176,2.364099999795144,0.002099999619531445,0.00019999970390927047,0.014199999895936344,0.005300000339047983,2.3922999998831074
1015,d135_u0,neutral,train,135,0,bc,2,1,1,0,0,0,1,1,0,ok,"{""sentences"": [""I hear you."", ""We can pause here for a moment.""], ""safety"": ""ok""}",1,2176,3.472699999292672,0.00199999976757681,0.00019999970390927047,0.013500000022759195,0.005199999577598646,3.499299999930372
1016,d135_u1,neutral,train,135,1,bc,2,1,1,0,0,0,1,1,0,ok,"{""sentences"": [""I hear you."", ""We can pause here for a moment.""], ""safety"": ""ok""}",1,2176,3.441200000452227,0.002100000529026147,0.00019999970390927047,0.013699999726668466,0.005100000635138713,3.467800000180432
1017,d135_u2,neutral,train,135,2,bc,2,1,1,0,0,0,1,1,0,ok,"{""sentences"": [""I hear you."", ""We can pause here for a moment.""], ""safety"": ""ok""}",1,2176,3.122600000097009,0.0018999999156221747,0.00030000046535860747,0.013600000784208532,0.004900000021734741,3.148799999507901
1018,d135_u4,neutral,train,135,4,bc,2,1,1,0,0,0,1,1,0,ok,"{""sentences"": [""I hear you."", ""We can pause here for a moment.""], ""safety"": ""ok""}",1,2176,3.32550000075571,0.0020000006770715117,0.00019999970390927047,0.014100000043981709,0.005300000339047983,3.3530999999129563
1019,d135_u5,neutral,train,135,5,bc,2,1,1,0,0,0,1,1,0,ok,"{""sentences"": [""I hear you."", ""We can pause here for a moment.""], ""safety"": ""ok""}",1,2176,2.6395000004413305,0.00199999976757681,0.0002999995558639057,0.015499999790336005,0.005500000042957254,2.669600000444916
1020,d135_u6,neutral,train,135,6,bc,2,1,1,0,0,0,1,1,0,ok,"{""sentences"": [""I hear you."", ""We can pause here for a moment.""], ""safety"": ""ok""}",1,2176,3.188100000443228,0.0018000000636675395,0.00019999970390927047,0.013500000022759195,0.005199999577598646,3.2144999995580292
1021,d135_u7,neutral,train,135,7,bc,2,1,1,0,0,0,1,1,0,ok,"{""sentences"": [""I hear you."", ""We can pause here for a moment.""], ""safety"": ""ok""}",1,2176,2.8606000005311216,0.0019000008251168765,0.00019999970390927047,0.03130000004603062,0.005200000487093348,2.905299999838462
1022,d135_u8,neutral,train,135,8,bc,2,1,1,0,0,0,1,1,0,ok,"{""sentences"": [""I hear you."", ""We can pause here for a moment.""], ""safety"": ""ok""}",1,2176,2.6745999994091108,0.0024000000848900527,0.00020000061340397224,0.013800000488117803,0.020899999981338624,2.7179999997315463
1023,d136_u0,neutral,train,136,0,bc,2,1,1,0,0,0,1,1,0,ok,"{""sentences"": [""I hear you."", ""We can pause here for a moment.""], ""safety"": ""ok""}",1,2176,2.7122999999846797,0.00199999976757681,0.00019999970390927047,0.014199999895936344,0.005200000487093348,2.7565999998842017
1024,d136_u1,neutral,train,136,1,bc,2,1,1,0,0,0,1,1,0,ok,"{""sentences"": [""I hear you."", ""We can pause here for a moment.""], ""safety"": ""ok""}",1,2176,2.6255999991917633,0.002100000529026147,0.0002999995558639057,0.014399999599845614,0.005399999281507917,2.6535000006333576
1025,d136_u4,neutral,train,136,4,bc,2,1,1,0,0,0,1,1,0,ok,"{""sentences"": [""I hear you."", ""We can pause here for a moment.""], ""safety"": ""ok""}",1,2176,3.3835000003819005,0.0018000000636675395,0.00019999970390927047,0.012900000001536682,0.004900000021734741,3.408800000215706
1026,d136_u5,neutral,train,136,5,bc,2,1,1,0,0,0,1,1,0,ok,"{""sentences"": [""I hear you."", ""We can pause here for a moment.""], ""safety"": ""ok""}",1,2176,2.71710000015446,0.0020000006770715117,0.0002999995558639057,0.013500000022759195,0.005200000487093348,2.743900000496069
1027,d137_u0,neutral,train,137,0,bc,2,1,1,0,0,0,1,1,0,ok,"{""sentences"": [""I hear you."", ""We can pause here for a moment.""], ""safety"": ""ok""}",1,2176,2.8359999996609986,0.00199999976757681,0.00020000061340397224,0.013700000636163168,0.005500000042957254,2.8631000004679663
1028,d137_u1,neutral,train,137,1,bc,2,1,1,0,0,0,1,1,0,ok,"{""sentences"": [""I hear you."", ""We can pause here for a moment.""], ""safety"": ""ok""}",1,2176,2.3610999996890314,0.002099999619531445,0.0002999995558639057,0.015100000382517464,0.005599999894911889,2.3903000001155306
1029,d137_u2,neutral,train,137,2,bc,2,1,1,0,0,0,1,1,0,ok,"{""sentences"": [""I hear you."", ""We can pause here for a moment.""], ""safety"": ""ok""}",1,2176,2.666700000190758,0.00199999976757681,0.00019999970390927047,0.014799999917158857,0.0054000001910026185,2.69529999968654
1030,d137_u3,neutral,train,137,3,bc,2,1,1,0,0,0,1,1,0,ok,"{""sentences"": [""I hear you."", ""We can pause here for a moment.""], ""safety"": ""ok""}",1,2176,3.1834000001254026,0.0018999999156221747,0.00020000061340397224,0.013700000636163168,0.005199999577598646,3.209700000297744
1031,d137_u4,happy,train,137,4,bc,2,1,1,0,0,0,1,1,0,ok,"{""sentences"": [""I hear you."", ""We can pause here for a moment.""], ""safety"": ""ok""}",1,2176,3.5429999998086714,0.0018999999156221747,0.00030000046535860747,0.013899999430577736,0.005100000635138713,3.570200000467594
1032,d137_u5,neutral,train,137,5,bc,2,1,1,0,0,0,1,1,0,ok,"{""sentences"": [""I hear you."", ""We can pause here for a moment.""], ""safety"": ""ok""}",1,2176,2.7520000003278255,0.0018999999156221747,0.00030000046535860747,0.014400000509340316,0.005300000339047983,2.7798999999504304
1033,d137_u6,happy,train,137,6,bc,2,1,1,0,0,0,1,1,0,ok,"{""sentences"": [""I hear you."", ""We can pause here for a moment.""], ""safety"": ""ok""}",1,2176,2.7728999993996695,0.002099999619531445,0.00020000061340397224,0.014299999747890979,0.0054000001910026185,2.8062000001227716
1034,d137_u7,neutral,train,137,7,bc,2,1,1,0,0,0,1,1,0,ok,"{""sentences"": [""I hear you."", ""We can pause here for a moment.""], ""safety"": ""ok""}",1,2176,2.874800000427058,0.0018000000636675395,0.00019999970390927047,0.01359999987471383,0.005100000635138713,2.9010999996899045
1035,d138_u0,angry,train,138,0,bc,2,1,1,0,0,0,1,1,0,ok,"{""sentences"": [""I hear you."", ""We can pause here for a moment.""], ""safety"": ""ok""}",1,2176,2.8171999992991914,0.0018999999156221747,0.0002999995558639057,0.014000000192027073,0.0054000001910026185,2.844800000275427
1036,d138_u1,angry,train,138,1,bc,2,1,1,0,0,0,1,1,0,ok,"{""sentences"": [""I hear you."", ""We can pause here for a moment.""], ""safety"": ""ok""}",1,2176,2.7430999998614425,0.00199999976757681,0.00030000046535860747,0.014099999134487007,0.0052999994295532815,2.7706999999281834
1037,d138_u2,happy,train,138,2,bc,2,1,1,0,0,0,1,1,0,ok,"{""sentences"": [""I hear you."", ""We can pause here for a moment.""], ""safety"": ""ok""}",1,2176,2.7546999999685795,0.00199999976757681,0.00019999970390927047,0.014199999895936344,0.0052999994295532815,2.7824999997392297
1038,d138_u3,angry,train,138,3,bc,2,1,1,0,0,0,1,1,0,ok,"{""sentences"": [""I hear you."", ""We can pause here for a moment.""], ""safety"": ""ok""}",1,2176,2.8136999999333057,0.0018999999156221747,0.00019999970390927047,0.014900000678608194,0.005699999746866524,2.842199999577133
1039,d138_u7,neutral,train,138,7,bc,2,1,1,0,0,0,1,1,0,ok,"{""sentences"": [""I hear you."", ""We can pause here for a moment.""], ""safety"": ""ok""}",1,2176,3.0735999998796615,0.0018000000636675395,0.00019999970390927047,0.012999999853491317,0.00470000031782547,3.0985000003056484
1040,d138_u8,neutral,train,138,8,bc,2,1,1,0,0,0,1,1,0,ok,"{""sentences"": [""I hear you."", ""We can pause here for a moment.""], ""safety"": ""ok""}",1,2176,2.831799999512441,0.0018999999156221747,0.00030000046535860747,0.013499999113264494,0.004999999873689376,2.8580999996847822
1041,d138_u9,neutral,train,138,9,bc,2,1,1,0,0,0,1,1,0,ok,"{""sentences"": [""I hear you."", ""We can pause here for a moment.""], ""safety"": ""ok""}",1,2176,2.2555999994438025,0.0018999999156221747,0.00020000061340397224,0.01340000017080456,0.004900000021734741,2.28160000006028
1042,d138_u10,happy,train,138,10,bc,2,1,1,0,0,0,1,1,0,ok,"{""sentences"": [""I hear you."", ""We can pause here for a moment.""], ""safety"": ""ok""}",1,2176,2.6119000003745896,0.0018999999156221747,0.00019999970390927047,0.012999999853491317,0.005000000783184078,2.6373000000603497
1043,d138_u11,angry,train,138,11,bc,2,1,1,0,0,0,1,1,0,ok,"{""sentences"": [""I hear you."", ""We can pause here for a moment.""], ""safety"": ""ok""}",1,2176,2.9612999996970757,0.0018000000636675395,0.00020000061340397224,0.013500000022759195,0.005300000339047983,2.987899999425281
1044,d138_u12,neutral,train,138,12,bc,2,1,1,0,0,0,1,1,0,ok,"{""sentences"": [""I hear you."", ""We can pause here for a moment.""], ""safety"": ""ok""}",1,2176,2.7336000002833316,0.0018000000636675395,0.00020000061340397224,0.013300000318849925,0.004900000021734741,2.7593000004344503
1045,d138_u14,neutral,train,138,14,bc,2,1,1,0,0,0,1,1,0,ok,"{""sentences"": [""I hear you."", ""We can pause here for a moment.""], ""safety"": ""ok""}",1,2176,2.9649999996763654,0.0018999999156221747,0.00019999970390927047,0.013500000022759195,0.005000000783184078,2.991199999996752
1046,d138_u15,angry,train,138,15,bc,2,1,1,0,0,0,1,1,0,ok,"{""sentences"": [""I hear you."", ""We can pause here for a moment.""], ""safety"": ""ok""}",1,2176,3.1599999992977246,0.0018999999156221747,0.00030000046535860747,0.013500000022759195,0.0054000001910026185,3.187199999956647
1047,d139_u0,neutral,train,139,0,bc,2,1,1,0,0,0,1,1,0,ok,"{""sentences"": [""I hear you."", ""We can pause here for a moment.""], ""safety"": ""ok""}",1,2176,3.0024000006960705,0.0018999999156221747,0.00030000046535860747,0.013800000488117803,0.005300000339047983,3.0291000002762303
1048,d139_u1,neutral,train,139,1,bc,2,1,1,0,0,0,1,1,0,ok,"{""sentences"": [""I hear you."", ""We can pause here for a moment.""], ""safety"": ""ok""}",1,2176,2.693100000215054,0.002200000380980782,0.00030000046535860747,0.01539999993838137,0.005599999894911889,2.7229999996052356
1049,d139_u2,angry,train,139,2,bc,2,1,1,0,0,0,1,1,0,ok,"{""sentences"": [""I hear you."", ""We can pause here for a moment.""], ""safety"": ""ok""}",1,2176,2.9334999999264255,0.00199999976757681,0.00019999970390927047,0.01359999987471383,0.005200000487093348,2.9598000000987668
1050,d139_u3,happy,train,139,3,bc,2,1,1,0,0,0,1,1,0,ok,"{""sentences"": [""I hear you."", ""We can pause here for a moment.""], ""safety"": ""ok""}",1,2176,2.794999999423453,0.0018000000636675395,0.00030000046535860747,0.01359999987471383,0.0054000001910026185,2.8219999994689715
1051,d139_u5,happy,train,139,5,bc,2,1,1,0,0,0,1,1,0,ok,"{""sentences"": [""I hear you."", ""We can pause here for a moment.""], ""safety"": ""ok""}",1,2176,2.8527000004032743,0.0020000006770715117,0.0002999995558639057,0.014199999895936344,0.005300000339047983,2.8800999998566112
1052,d140_u0,neutral,train,140,0,bc,2,1,1,0,0,0,1,1,0,ok,"{""sentences"": [""I hear you."", ""We can pause here for a moment.""], ""safety"": ""ok""}",1,2176,2.9559000004155678,0.0018999999156221747,0.00019999970390927047,0.013800000488117803,0.005300000339047983,2.9831000001649954
1053,d140_u1,neutral,train,140,1,bc,2,1,1,0,0,0,1,1,0,ok,"{""sentences"": [""I hear you."", ""We can pause here for a moment.""], ""safety"": ""ok""}",1,2176,3.201499999704538,0.002100000529026147,0.00020000061340397224,0.013999999282532372,0.005199999577598646,3.228800000215415
1054,d141_u0,neutral,train,141,0,bc,2,1,1,0,0,0,1,1,0,ok,"{""sentences"": [""I hear you."", ""We can pause here for a moment.""], ""safety"": ""ok""}",1,2176,2.664800000275136,0.0018999999156221747,0.00019999970390927047,0.012999999853491317,0.005000000783184078,2.6901000001089415
1055,d141_u1,neutral,train,141,1,bc,2,1,1,0,0,0,1,1,0,ok,"{""sentences"": [""I hear you."", ""We can pause here for a moment.""], ""safety"": ""ok""}",1,2176,3.0244999998103594,0.002100000529026147,0.00030000046535860747,0.014500000361294951,0.0054000001910026185,3.052899999602232
1056,d141_u2,neutral,train,141,2,bc,2,1,1,0,0,0,1,1,0,ok,"{""sentences"": [""I hear you."", ""We can pause here for a moment.""], ""safety"": ""ok""}",1,2176,2.6230000003124587,0.002100000529026147,0.00030000046535860747,0.014199999895936344,0.0052999994295532815,2.6506000003791996
1057,d141_u3,neutral,train,141,3,bc,2,1,1,0,0,0,1,1,0,ok,"{""sentences"": [""I hear you."", ""We can pause here for a moment.""], ""safety"": ""ok""}",1,2176,3.313700000035169,0.002099999619531445,0.0002999995558639057,0.015700000403739978,0.005699999746866524,3.343900000800204
1058,d141_u4,neutral,train,141,4,bc,2,1,1,0,0,0,1,1,0,ok,"{""sentences"": [""I hear you."", ""We can pause here for a moment.""], ""safety"": ""ok""}",1,2176,3.1688999997641076,0.0018999999156221747,0.00020000061340397224,0.013999999282532372,0.005399999281507917,3.1965000007403432
1059,d141_u5,neutral,train,141,5,bc,2,1,1,0,0,0,1,1,0,ok,"{""sentences"": [""I hear you."", ""We can pause here for a moment.""], ""safety"": ""ok""}",1,2176,2.7099999997517443,0.0018000000636675395,0.0002999995558639057,0.014000000192027073,0.0054000001910026185,2.7373000002626213
1060,d141_u6,neutral,train,141,6,bc,2,1,1,0,0,0,1,1,0,ok,"{""sentences"": [""I hear you."", ""We can pause here for a moment.""], ""safety"": ""ok""}",1,2176,2.8897999991386314,0.0018000000636675395,0.00020000061340397224,0.013600000784208532,0.005199999577598646,2.9165000005377806
1061,d141_u7,neutral,train,141,7,bc,2,1,1,0,0,0,1,1,0,ok,"{""sentences"": [""I hear you."", ""We can pause here for a moment.""], ""safety"": ""ok""}",1,2176,3.1376999995700317,0.002099999619531445,0.00019999970390927047,0.014199999895936344,0.005500000042957254,3.165600000102131
1062,d142_u0,neutral,train,142,0,bc,2,1,1,0,0,0,1,1,0,ok,"{""sentences"": [""I hear you."", ""We can pause here for a moment.""], ""safety"": ""ok""}",1,2176,2.751900000475871,0.0018000000636675395,0.00030000046535860747,0.013399999261309858,0.005099999725644011,2.7781999997387175
1063,d142_u1,happy,train,142,1,bc,2,1,1,0,0,0,1,1,0,ok,"{""sentences"": [""I hear you."", ""We can pause here for a moment.""], ""safety"": ""ok""}",1,2176,2.6397999999971944,0.0018999999156221747,0.00019999970390927047,0.01359999987471383,0.0054000001910026185,2.666599999429309
1064,d143_u0,neutral,train,143,0,bc,2,1,1,0,0,0,1,1,0,ok,"{""sentences"": [""I hear you."", ""We can pause here for a moment.""], ""safety"": ""ok""}",1,2176,2.7104000000690576,0.0018999999156221747,0.00030000046535860747,0.013899999430577736,0.004999999873689376,2.737400000114576
1065,d143_u1,neutral,train,143,1,bc,2,1,1,0,0,0,1,1,0,ok,"{""sentences"": [""I hear you."", ""We can pause here for a moment.""], ""safety"": ""ok""}",1,2176,3.1453999999939697,0.0021999994714860804,0.00019999970390927047,0.014999999621068127,0.005599999894911889,3.1744999996590195
1066,d143_u2,sad,train,143,2,bc,2,1,1,0,0,0,1,1,0,ok,"{""sentences"": [""I hear you."", ""We can pause here for a moment.""], ""safety"": ""ok""}",1,2176,3.4372000000075786,0.0020000006770715117,0.00019999970390927047,0.014000000192027073,0.0054000001910026185,3.4645999994609156
1067,d143_u3,happy,train,143,3,bc,2,1,1,0,0,0,1,1,0,ok,"{""sentences"": [""I hear you."", ""We can pause here for a moment.""], ""safety"": ""ok""}",1,2176,2.5664000004326226,0.0020000006770715117,0.00019999970390927047,0.013699999726668466,0.005399999281507917,2.5936000001820503
1068,d143_u4,neutral,train,143,4,bc,2,1,1,0,0,0,1,1,0,ok,"{""sentences"": [""I hear you."", ""We can pause here for a moment.""], ""safety"": ""ok""}",1,2176,2.703500000279746,0.0018999999156221747,0.00030000046535860747,0.014299999747890979,0.005300000339047983,2.7312000001984416
1069,d144_u0,neutral,train,144,0,bc,2,1,1,0,0,0,1,1,0,ok,"{""sentences"": [""I hear you."", ""We can pause here for a moment.""], ""safety"": ""ok""}",1,2176,2.8156999997008825,0.00199999976757681,0.00020000061340397224,0.014100000043981709,0.005200000487093348,2.842699999746401
1070,d144_u1,neutral,train,144,1,bc,2,1,1,0,0,0,1,1,0,ok,"{""sentences"": [""I hear you."", ""We can pause here for a moment.""], ""safety"": ""ok""}",1,2176,3.1544999992547673,0.0018000000636675395,0.00030000046535860747,0.014100000043981709,0.0052999994295532815,3.1816999999136897
1071,d144_u2,neutral,train,144,2,bc,2,1,1,0,0,0,1,1,0,ok,"{""sentences"": [""I hear you."", ""We can pause here for a moment.""], ""safety"": ""ok""}",1,2176,2.5652000003901776,0.00199999976757681,0.00019999970390927047,0.01359999987471383,0.005200000487093348,2.591999999822292
1072,d144_u3,neutral,train,144,3,bc,2,1,1,0,0,0,1,1,0,ok,"{""sentences"": [""I hear you."", ""We can pause here for a moment.""], ""safety"": ""ok""}",1,2176,2.835199999935867,0.00199999976757681,0.0002999995558639057,0.014199999895936344,0.005200000487093348,2.862999999706517
1073,d144_u5,happy,train,144,5,bc,2,1,1,0,0,0,1,1,0,ok,"{""sentences"": [""I hear you."", ""We can pause here for a moment.""], ""safety"": ""ok""}",1,2176,2.930999999989581,0.0018999999156221747,0.00019999970390927047,0.01359999987471383,0.005099999725644011,2.957099999548518
1074,d145_u1,neutral,train,145,1,bc,2,1,1,0,0,0,1,1,0,ok,"{""sentences"": [""I hear you."", ""We can pause here for a moment.""], ""safety"": ""ok""}",1,2176,2.889800000048126,0.0018999999156221747,0.0002999995558639057,0.013699999726668466,0.005199999577598646,2.9165999994802405
1075,d145_u2,angry,train,145,2,bc,2,1,1,0,0,0,1,1,0,ok,"{""sentences"": [""I hear you."", ""We can pause here for a moment.""], ""safety"": ""ok""}",1,2176,2.661200000147801,0.002099999619531445,0.00020000061340397224,0.013900000340072438,0.004999999873689376,2.6879000006374554
1076,d145_u3,neutral,train,145,3,bc,2,1,1,0,0,0,1,1,0,ok,"{""sentences"": [""I hear you."", ""We can pause here for a moment.""], ""safety"": ""ok""}",1,2176,2.7048000001741457,0.0018000000636675395,0.00020000061340397224,0.014299999747890979,0.0054000001910026185,2.7326999997967505
1077,d145_u6,angry,train,145,6,bc,2,1,1,0,0,0,1,1,0,ok,"{""sentences"": [""I hear you."", ""We can pause here for a moment.""], ""safety"": ""ok""}",1,2176,2.5209000004906557,0.00199999976757681,0.00020000061340397224,0.014799999917158857,0.0059000003602704965,2.549900000303751
1078,d145_u8,angry,train,145,8,bc,2,1,1,0,0,0,1,1,0,ok,"{""sentences"": [""I hear you."", ""We can pause here for a moment.""], ""safety"": ""ok""}",1,2176,2.922499999840511,0.002100000529026147,0.0002999995558639057,0.014500000361294951,0.0054000001910026185,2.9504000003726105
1079,d145_u12,angry,train,145,12,bc,2,1,1,0,0,0,1,1,0,ok,"{""sentences"": [""I hear you."", ""We can pause here for a moment.""], ""safety"": ""ok""}",1,2176,3.268400000706606,0.0020000006770715117,0.00019999970390927047,0.013899999430577736,0.005199999577598646,3.2954999996945844
1080,d145_u13,angry,train,145,13,bc,2,1,1,0,0,0,1,1,0,ok,"{""sentences"": [""I hear you."", ""We can pause here for a moment.""], ""safety"": ""ok""}",1,2176,3.195899999809626,0.0018999999156221747,0.00020000061340397224,0.013800000488117803,0.005200000487093348,3.222999999707099
1081,d145_u14,happy,train,145,14,bc,2,1,1,0,0,0,1,1,0,ok,"{""sentences"": [""I hear you."", ""We can pause here for a moment.""], ""safety"": ""ok""}",1,2176,2.8410000004441827,0.00199999976757681,0.00030000046535860747,0.013999999282532372,0.005599999894911889,2.8690999997706967
1082,d145_u17,neutral,train,145,17,bc,2,1,1,0,0,0,1,1,0,ok,"{""sentences"": [""I hear you."", ""We can pause here for a moment.""], ""safety"": ""ok""}",1,2176,2.6010000001406297,0.0018999999156221747,0.00019999970390927047,0.013300000318849925,0.005199999577598646,2.6272000004610163
1083,d146_u0,neutral,train,146,0,bc,2,1,1,0,0,0,1,1,0,ok,"{""sentences"": [""I hear you."", ""We can pause here for a moment.""], ""safety"": ""ok""}",1,2176,3.273299999818846,0.00199999976757681,0.0002999995558639057,0.014199999895936344,0.005300000339047983,3.3008000000336324
1084,d146_u1,sad,train,146,1,bc,2,1,1,0,0,0,1,1,0,ok,"{""sentences"": [""I hear you."", ""We can pause here for a moment.""], ""safety"": ""ok""}",1,2176,2.391900000475289,0.0017000002117129043,0.01630000042496249,0.013099999705445953,0.005200000487093348,2.4335999996765167
1085,d146_u2,neutral,train,146,2,bc,2,1,1,0,0,0,1,1,0,ok,"{""sentences"": [""I hear you."", ""We can pause here for a moment.""], ""safety"": ""ok""}",1,2176,2.55250000009255,0.002100000529026147,0.00030000046535860747,0.01430000065738568,0.0059000003602704965,2.580899999884423
1086,d146_u3,angry,train,146,3,bc,2,1,1,0,0,0,1,1,0,ok,"{""sentences"": [""I hear you."", ""We can pause here for a moment.""], ""safety"": ""ok""}",1,2176,3.536299999723269,0.00199999976757681,0.00019999970390927047,0.015100000382517464,0.005899999450775795,3.5657000007631723
1087,d146_u4,neutral,train,146,4,bc,2,1,1,0,0,0,1,1,0,ok,"{""sentences"": [""I hear you."", ""We can pause here for a moment.""], ""safety"": ""ok""}",1,2176,2.4832999997670413,0.0018999999156221747,0.00030000046535860747,0.013500000022759195,0.0052999994295532815,2.5101000001086504
1088,d146_u5,neutral,train,146,5,bc,2,1,1,0,0,0,1,1,0,ok,"{""sentences"": [""I hear you."", ""We can pause here for a moment.""], ""safety"": ""ok""}",1,2176,2.815499999996973,0.0020000006770715117,0.0002999995558639057,0.014600000213249587,0.005300000339047983,2.8434999994715326
1089,d146_u6,neutral,train,146,6,bc,2,1,1,0,0,0,1,1,0,ok,"{""sentences"": [""I hear you."", ""We can pause here for a moment.""], ""safety"": ""ok""}",1,2176,2.6447999998708838,0.002100000529026147,0.0002999995558639057,0.014000000192027073,0.0054000001910026185,2.6723999999376247
1090,d146_u7,neutral,train,146,7,bc,2,1,1,0,0,0,1,1,0,ok,"{""sentences"": [""I hear you."", ""We can pause here for a moment.""], ""safety"": ""ok""}",1,2176,2.719699999943259,0.002100000529026147,0.0002999995558639057,0.014199999895936344,0.005199999577598646,2.7474000007714494
1091,d146_u8,neutral,train,146,8,bc,2,1,1,0,0,0,1,1,0,ok,"{""sentences"": [""I hear you."", ""We can pause here for a moment.""], ""safety"": ""ok""}",1,2176,2.997499999764841,0.0018999999156221747,0.00020000061340397224,0.014299999747890979,0.0052999994295532815,3.0249999999796273
1092,d146_u9,sad,train,146,9,bc,2,1,1,0,0,0,1,1,0,ok,"{""sentences"": [""I hear you."", ""We can pause here for a moment.""], ""safety"": ""ok""}",1,2176,3.177300000061223,0.00199999976757681,0.00019999970390927047,0.014299999747890979,0.0054000001910026185,3.2051999996838276
1093,d146_u10,sad,train,146,10,bc,2,1,1,0,0,0,1,1,0,ok,"{""sentences"": [""I hear you."", ""We can pause here for a moment.""], ""safety"": ""ok""}",1,2176,3.131800000119256,0.00199999976757681,0.0002999995558639057,0.014299999747890979,0.0054000001910026185,3.1597999995938153
1094,d146_u11,sad,train,146,11,bc,2,1,1,0,0,0,1,1,0,ok,"{""sentences"": [""I hear you."", ""We can pause here for a moment.""], ""safety"": ""ok""}",1,2176,2.553500000431086,0.00199999976757681,0.00020000061340397224,0.01359999987471383,0.005099999725644011,2.5797999996939325
1095,d146_u12,sad,train,146,12,bc,2,1,1,0,0,0,1,1,0,ok,"{""sentences"": [""I hear you."", ""We can pause here for a moment.""], ""safety"": ""ok""}",1,2176,2.9663000004802598,0.0023000002329354174,0.0002999995558639057,0.015700000403739978,0.006299999768089037,2.996999999595573
1096,d147_u0,neutral,train,147,0,bc,2,1,1,0,0,0,1,1,0,ok,"{""sentences"": [""I hear you."", ""We can pause here for a moment.""], ""safety"": ""ok""}",1,2176,3.1783000003997586,0.0020000006770715117,0.00020000061340397224,0.014700000065204222,0.005399999281507917,3.2067000001916313
1097,d147_u1,neutral,train,147,1,bc,2,1,1,0,0,0,1,1,0,ok,"{""sentences"": [""I hear you."", ""We can pause here for a moment.""], ""safety"": ""ok""}",1,2176,3.2809999993332895,0.002099999619531445,0.00019999970390927047,0.014800000826653559,0.005699999746866524,3.310099999907834
1098,d147_u2,neutral,train,147,2,bc,2,1,1,0,0,0,1,1,0,ok,"{""sentences"": [""I hear you."", ""We can pause here for a moment.""], ""safety"": ""ok""}",1,2176,3.082900000663358,0.0018999999156221747,0.0002999995558639057,0.014000000192027073,0.004999999873689376,3.1098999997993815
1099,d147_u3,happy,train,147,3,bc,2,1,1,0,0,0,1,1,0,ok,"{""sentences"": [""I hear you."", ""We can pause here for a moment.""], ""safety"": ""ok""}",1,2176,3.0882999999448657,0.0018999999156221747,0.00019999970390927047,0.014100000043981709,0.005500000042957254,3.116099999715516
1100,d147_u5,happy,train,147,5,bc,2,1,1,0,0,0,1,1,0,ok,"{""sentences"": [""I hear you."", ""We can pause here for a moment.""], ""safety"": ""ok""}",1,2176,2.4662999994689017,0.0018999999156221747,0.00019999970390927047,0.012999999853491317,0.005099999725644011,2.491799999916111
1101,d147_u9,neutral,train,147,9,bc,2,1,1,0,0,0,1,1,0,ok,"{""sentences"": [""I hear you."", ""We can pause here for a moment.""], ""safety"": ""ok""}",1,2176,2.571699999862176,0.0018000000636675395,0.00030000046535860747,0.014100000043981709,0.005099999725644011,2.5983999994423357
1102,d147_u10,neutral,train,147,10,bc,2,1,1,0,0,0,1,1,0,ok,"{""sentences"": [""I hear you."", ""We can pause here for a moment.""], ""safety"": ""ok""}",1,2176,2.6511999994909274,0.0018999999156221747,0.00019999970390927047,0.014000000192027073,0.005199999577598646,2.678599999853759
1103,d147_u11,angry,train,147,11,bc,2,1,1,0,0,0,1,1,0,ok,"{""sentences"": [""I hear you."", ""We can pause here for a moment.""], ""safety"": ""ok""}",1,2176,3.4691000000748318,0.0018999999156221747,0.0002999995558639057,0.013899999430577736,0.005599999894911889,3.496399999676214
1104,d148_u0,angry,train,148,0,bc,2,1,1,0,0,0,1,1,0,ok,"{""sentences"": [""I hear you."", ""We can pause here for a moment.""], ""safety"": ""ok""}",1,2176,2.4659999999130378,0.0018999999156221747,0.0002999995558639057,0.014000000192027073,0.005199999577598646,2.492999999958556
1105,d148_u1,neutral,train,148,1,bc,2,1,1,0,0,0,1,1,0,ok,"{""sentences"": [""I hear you."", ""We can pause here for a moment.""], ""safety"": ""ok""}",1,2176,3.2313000001522596,0.002200000380980782,0.00019999970390927047,0.014400000509340316,0.0052999994295532815,3.259299999626819
1106,d148_u2,angry,train,148,2,bc,2,1,1,0,0,0,1,1,0,ok,"{""sentences"": [""I hear you."", ""We can pause here for a moment.""], ""safety"": ""ok""}",1,2176,2.4726000001464854,0.0020000006770715117,0.00019999970390927047,0.014400000509340316,0.0052999994295532815,2.500599999621045
1107,d148_u3,angry,train,148,3,bc,2,1,1,0,0,0,1,1,0,ok,"{""sentences"": [""I hear you."", ""We can pause here for a moment.""], ""safety"": ""ok""}",1,2176,2.7534999999261345,0.0020000006770715117,0.0002999995558639057,0.014299999747890979,0.005500000042957254,2.7815000003101886
1108,d148_u4,angry,train,148,4,bc,2,1,1,0,0,0,1,1,0,ok,"{""sentences"": [""I hear you."", ""We can pause here for a moment.""], ""safety"": ""ok""}",1,2176,2.703000000110478,0.0018000000636675395,0.00030000046535860747,0.013299999409355223,0.005599999894911889,2.729699999690638
1109,d148_u7,neutral,train,148,7,bc,2,1,1,0,0,0,1,1,0,ok,"{""sentences"": [""I hear you."", ""We can pause here for a moment.""], ""safety"": ""ok""}",1,2176,2.679299999726936,0.0018999999156221747,0.00019999970390927047,0.013500000022759195,0.005100000635138713,2.705500000047323
1110,d148_u8,neutral,train,148,8,bc,2,1,1,0,0,0,1,1,0,ok,"{""sentences"": [""I hear you."", ""We can pause here for a moment.""], ""safety"": ""ok""}",1,2176,3.044400000362657,0.00199999976757681,0.00020000061340397224,0.014399999599845614,0.0054000001910026185,3.0723999998372165
1111,d148_u9,neutral,train,148,9,bc,2,1,1,0,0,0,1,1,0,ok,"{""sentences"": [""I hear you."", ""We can pause here for a moment.""], ""safety"": ""ok""}",1,2176,2.747800000179268,0.0018000000636675395,0.0002999995558639057,0.013299999409355223,0.0052999994295532815,2.7735000003303867
1112,d148_u10,neutral,train,148,10,bc,2,1,1,0,0,0,1,1,0,ok,"{""sentences"": [""I hear you."", ""We can pause here for a moment.""], ""safety"": ""ok""}",1,2176,2.9963000006318907,0.0018999999156221747,0.0002999995558639057,0.028200000087963417,0.022399999579647556,3.0716000001120847
1113,d148_u11,neutral,train,148,11,bc,2,1,1,0,0,0,1,1,0,ok,"{""sentences"": [""I hear you."", ""We can pause here for a moment.""], ""safety"": ""ok""}",1,2176,2.7602999998634914,0.0018999999156221747,0.0002999995558639057,0.013500000022759195,0.005099999725644011,2.786799999739742
1114,d148_u12,neutral,train,148,12,bc,2,1,1,0,0,0,1,1,0,ok,"{""sentences"": [""I hear you."", ""We can pause here for a moment.""], ""safety"": ""ok""}",1,2176,2.9160000003685127,0.002200000380980782,0.00020000061340397224,0.014999999621068127,0.005800000508315861,2.945299999737472
1115,d148_u14,neutral,train,148,14,bc,2,1,1,0,0,0,1,1,0,ok,"{""sentences"": [""I hear you."", ""We can pause here for a moment.""], ""safety"": ""ok""}",1,2176,2.6155000005019247,0.002100000529026147,0.00030000046535860747,0.014500000361294951,0.0054000001910026185,2.6436999996803934
1116,d148_u16,neutral,train,148,16,bc,2,1,1,0,0,0,1,1,0,ok,"{""sentences"": [""I hear you."", ""We can pause here for a moment.""], ""safety"": ""ok""}",1,2176,3.0493000003843918,0.0019000008251168765,0.0002999995558639057,0.013199999557400588,0.005199999577598646,3.0755999996472383
1117,d148_u17,angry,train,148,17,bc,2,1,1,0,0,0,1,1,0,ok,"{""sentences"": [""I hear you."", ""We can pause here for a moment.""], ""safety"": ""ok""}",1,2176,2.491399999598798,0.0018000000636675395,0.0002999995558639057,0.013300000318849925,0.004999999873689376,2.517299999453826
1118,d148_u18,angry,train,148,18,bc,2,1,1,0,0,0,1,1,0,ok,"{""sentences"": [""I hear you."", ""We can pause here for a moment.""], ""safety"": ""ok""}",1,2176,3.0561999992642086,0.0020000006770715117,0.00019999970390927047,0.014400000509340316,0.005500000042957254,3.0845000001136214
1119,d148_u19,sad,train,148,19,bc,2,1,1,0,0,0,1,1,0,ok,"{""sentences"": [""I hear you."", ""We can pause here for a moment.""], ""safety"": ""ok""}",1,2176,2.998400000251422,0.00199999976757681,0.00020000061340397224,0.013899999430577736,0.005499999133462552,3.0259000004662084
1120,d148_u20,sad,train,148,20,bc,2,1,1,0,0,0,1,1,0,ok,"{""sentences"": [""I hear you."", ""We can pause here for a moment.""], ""safety"": ""ok""}",1,2176,2.8119999997215928,0.0018000000636675395,0.0002999995558639057,0.01359999987471383,0.004999999873689376,2.8383000008034287
1121,d149_u0,sad,train,149,0,bc,2,1,1,0,0,0,1,1,0,ok,"{""sentences"": [""I hear you."", ""We can pause here for a moment.""], ""safety"": ""ok""}",1,2176,2.6797000000442495,0.0018999999156221747,0.0002999995558639057,0.013900000340072438,0.005200000487093348,2.707100000407081
1122,d149_u1,neutral,train,149,1,bc,2,1,1,0,0,0,1,1,0,ok,"{""sentences"": [""I hear you."", ""We can pause here for a moment.""], ""safety"": ""ok""}",1,2176,3.054300000258081,0.0018999999156221747,0.00019999970390927047,0.014000000192027073,0.005500000042957254,3.0817999995633727
1123,d149_u2,neutral,train,149,2,bc,2,1,1,0,0,0,1,1,0,ok,"{""sentences"": [""I hear you."", ""We can pause here for a moment.""], ""safety"": ""ok""}",1,2176,2.9056000003038207,0.002100000529026147,0.0002999995558639057,0.015300000086426735,0.005699999746866524,2.9354999996940023
1124,d149_u3,happy,train,149,3,bc,2,1,1,0,0,0,1,1,0,ok,"{""sentences"": [""I hear you."", ""We can pause here for a moment.""], ""safety"": ""ok""}",1,2176,2.409899999292975,0.0018999999156221747,0.00030000046535860747,0.013699999726668466,0.005300000339047983,2.4368000003960333
1125,d150_u1,neutral,train,150,1,bc,2,1,1,0,0,0,1,1,0,ok,"{""sentences"": [""I hear you."", ""We can pause here for a moment.""], ""safety"": ""ok""}",1,2176,2.767100000710343,0.002100000529026147,0.0002999995558639057,0.014000000192027073,0.0052999994295532815,2.7944000003117253
1126,d150_u2,angry,train,150,2,bc,2,1,1,0,0,0,1,1,0,ok,"{""sentences"": [""I hear you."", ""We can pause here for a moment.""], ""safety"": ""ok""}",1,2176,2.7616999996098457,0.002100000529026147,0.00020000061340397224,0.014700000065204222,0.0054000001910026185,2.7904999997190316
1127,d150_u3,sad,train,150,3,bc,2,1,1,0,0,0,1,1,0,ok,"{""sentences"": [""I hear you."", ""We can pause here for a moment.""], ""safety"": ""ok""}",1,2176,2.5517999993098783,0.0018999999156221747,0.00019999970390927047,0.014299999747890979,0.005300000339047983,2.5795000001380686
1128,d151_u0,happy,train,151,0,bc,2,1,1,0,0,0,1,1,0,ok,"{""sentences"": [""I hear you."", ""We can pause here for a moment.""], ""safety"": ""ok""}",1,2176,3.2296999997925013,0.0022999993234407157,0.00019999970390927047,0.01320000046689529,0.004900000021734741,3.2555999996475293
1129,d151_u1,happy,train,151,1,bc,2,1,1,0,0,0,1,1,0,ok,"{""sentences"": [""I hear you."", ""We can pause here for a moment.""], ""safety"": ""ok""}",1,2176,2.8319000002738903,0.0018000000636675395,0.00019999970390927047,0.01320000046689529,0.005399999281507917,2.8577000002769637
1130,d151_u2,happy,train,151,2,bc,2,1,1,0,0,0,1,1,0,ok,"{""sentences"": [""I hear you."", ""We can pause here for a moment.""], ""safety"": ""ok""}",1,2176,2.6871999998547835,0.00199999976757681,0.0002999995558639057,0.014199999895936344,0.005199999577598646,2.7150999994773883
1131,d151_u3,happy,train,151,3,bc,2,1,1,0,0,0,1,1,0,ok,"{""sentences"": [""I hear you."", ""We can pause here for a moment.""], ""safety"": ""ok""}",1,2176,2.971599999909813,0.0018000000636675395,0.00019999970390927047,0.013699999726668466,0.005300000339047983,2.9980999997860636
1132,d151_u7,neutral,train,151,7,bc,2,1,1,0,0,0,1,1,0,ok,"{""sentences"": [""I hear you."", ""We can pause here for a moment.""], ""safety"": ""ok""}",1,2176,2.8894000006403076,0.0020000006770715117,0.0002999995558639057,0.01739999970595818,0.005399999281507917,2.9204000002209796
1133,d151_u8,angry,train,151,8,bc,2,1,1,0,0,0,1,1,0,ok,"{""sentences"": [""I hear you."", ""We can pause here for a moment.""], ""safety"": ""ok""}",1,2176,3.073299999414303,0.002200000380980782,0.00030000046535860747,0.014700000065204222,0.005500000042957254,3.1021000004329835
1134,d151_u9,happy,train,151,9,bc,2,1,1,0,0,0,1,1,0,ok,"{""sentences"": [""I hear you."", ""We can pause here for a moment.""], ""safety"": ""ok""}",1,2176,3.0912000001990236,0.0018999999156221747,0.00030000046535860747,0.014899999769113492,0.0059000003602704965,3.120200000012119
1135,d151_u10,neutral,train,151,10,bc,2,1,1,0,0,0,1,1,0,ok,"{""sentences"": [""I hear you."", ""We can pause here for a moment.""], ""safety"": ""ok""}",1,2176,3.522500000144646,0.0018000000636675395,0.00019999970390927047,0.01359999987471383,0.005200000487093348,3.5488000003169873
1136,d151_u11,sad,train,151,11,bc,2,1,1,0,0,0,1,1,0,ok,"{""sentences"": [""I hear you."", ""We can pause here for a moment.""], ""safety"": ""ok""}",1,2176,2.412200000435405,0.00199999976757681,0.0002999995558639057,0.014199999895936344,0.005100000635138713,2.440000000206055
1137,d151_u12,neutral,train,151,12,bc,2,1,1,0,0,0,1,1,0,ok,"{""sentences"": [""I hear you."", ""We can pause here for a moment.""], ""safety"": ""ok""}",1,2176,3.231900000173482,0.0018999999156221747,0.00030000046535860747,0.013699999726668466,0.005199999577598646,3.258899999309506
1138,d151_u13,neutral,train,151,13,bc,2,1,1,0,0,0,1,1,0,ok,"{""sentences"": [""I hear you."", ""We can pause here for a moment.""], ""safety"": ""ok""}",1,2176,2.8691999996226514,0.0018000000636675395,0.00019999970390927047,0.013500000022759195,0.005100000635138713,2.8950000005352194
1139,d151_u15,neutral,train,151,15,bc,2,1,1,0,0,0,1,1,0,ok,"{""sentences"": [""I hear you."", ""We can pause here for a moment.""], ""safety"": ""ok""}",1,2176,2.5117999994108686,0.0016999993022182025,0.00030000046535860747,0.012599999536178075,0.004800000169780105,2.5365000001329463
1140,d151_u16,angry,train,151,16,bc,2,1,1,0,0,0,1,1,0,ok,"{""sentences"": [""I hear you."", ""We can pause here for a moment.""], ""safety"": ""ok""}",1,2176,2.3912000006021117,0.0018000000636675395,0.00019999970390927047,0.013399999261309858,0.005099999725644011,2.4174000000130036
1141,d151_u17,neutral,train,151,17,bc,2,1,1,0,0,0,1,1,0,ok,"{""sentences"": [""I hear you."", ""We can pause here for a moment.""], ""safety"": ""ok""}",1,2176,3.0175000001690933,0.002100000529026147,0.00019999970390927047,0.014100000043981709,0.005300000339047983,3.044999999474385
1142,d152_u1,happy,train,152,1,bc,2,1,1,0,0,0,1,1,0,ok,"{""sentences"": [""I hear you."", ""We can pause here for a moment.""], ""safety"": ""ok""}",1,2176,2.8807999997297884,0.00199999976757681,0.00030000046535860747,0.014100000043981709,0.005500000042957254,2.9085000005579786
1143,d152_u4,neutral,train,152,4,bc,2,1,1,0,0,0,1,1,0,ok,"{""sentences"": [""I hear you."", ""We can pause here for a moment.""], ""safety"": ""ok""}",1,2176,2.7477000003273133,0.002099999619531445,0.00020000061340397224,0.014599999303754885,0.005399999281507917,2.7759999993577367
1144,d152_u5,neutral,train,152,5,bc,2,1,1,0,0,0,1,1,0,ok,"{""sentences"": [""I hear you."", ""We can pause here for a moment.""], ""safety"": ""ok""}",1,2176,2.8756000001521898,0.00199999976757681,0.00019999970390927047,0.013999999282532372,0.005099999725644011,2.902899999753572
1145,d152_u6,neutral,train,152,6,bc,2,1,1,0,0,0,1,1,0,ok,"{""sentences"": [""I hear you."", ""We can pause here for a moment.""], ""safety"": ""ok""}",1,2176,3.279800000200339,0.00199999976757681,0.00020000061340397224,0.013900000340072438,0.005200000487093348,3.306999999949767
1146,d152_u7,neutral,train,152,7,bc,2,1,1,0,0,0,1,1,0,ok,"{""sentences"": [""I hear you."", ""We can pause here for a moment.""], ""safety"": ""ok""}",1,2176,2.9018000004725764,0.0018000000636675395,0.00019999970390927047,0.013699999726668466,0.0054000001910026185,2.9286999997566454
1147,d152_u9,sad,train,152,9,bc,2,1,1,0,0,0,1,1,0,ok,"{""sentences"": [""I hear you."", ""We can pause here for a moment.""], ""safety"": ""ok""}",1,2176,2.5236999999833643,0.0018999999156221747,0.00030000046535860747,0.013500000022759195,0.004999999873689376,2.5495999998383923
1148,d152_u10,sad,train,152,10,bc,2,1,1,0,0,0,1,1,0,ok,"{""sentences"": [""I hear you."", ""We can pause here for a moment.""], ""safety"": ""ok""}",1,2176,3.1867000006968738,0.002099999619531445,0.0002999995558639057,0.030399999559449498,0.005599999894911889,3.231200000300305
1149,d152_u11,sad,train,152,11,bc,2,1,1,0,0,0,1,1,0,ok,"{""sentences"": [""I hear you."", ""We can pause here for a moment.""], ""safety"": ""ok""}",1,2176,2.8256999994482612,0.0018999999156221747,0.00030000046535860747,0.013900000340072438,0.005100000635138713,2.852800000255229
1150,d153_u0,neutral,train,153,0,bc,2,1,1,0,0,0,1,1,0,ok,"{""sentences"": [""I hear you."", ""We can pause here for a moment.""], ""safety"": ""ok""}",1,2176,2.7050999997300096,0.0018999999156221747,0.00030000046535860747,0.014199999895936344,0.004999999873689376,2.732300000388932
1151,d153_u1,happy,train,153,1,bc,2,1,1,0,0,0,1,1,0,ok,"{""sentences"": [""I hear you."", ""We can pause here for a moment.""], ""safety"": ""ok""}",1,2176,2.752899999904912,0.00199999976757681,0.00019999970390927047,0.013899999430577736,0.005300000339047983,2.7801999995062943
1152,d153_u2,neutral,train,153,2,bc,2,1,1,0,0,0,1,1,0,ok,"{""sentences"": [""I hear you."", ""We can pause here for a moment.""], ""safety"": ""ok""}",1,2176,2.417599999716913,0.0018000000636675395,0.00030000046535860747,0.013899999430577736,0.005300000339047983,2.444699999614386
1153,d153_u3,neutral,train,153,3,bc,2,1,1,0,0,0,1,1,0,ok,"{""sentences"": [""I hear you."", ""We can pause here for a moment.""], ""safety"": ""ok""}",1,2176,2.9628000002048793,0.002099999619531445,0.00019999970390927047,0.014399999599845614,0.005199999577598646,2.9908999995313934
1154,d153_u4,happy,train,153,4,bc,2,1,1,0,0,0,1,1,0,ok,"{""sentences"": [""I hear you."", ""We can pause here for a moment.""], ""safety"": ""ok""}",1,2176,2.5418000004719943,0.00199999976757681,0.0002999995558639057,0.014299999747890979,0.005399999281507917,2.5696000002426445
1155,d153_u5,neutral,train,153,5,bc,2,1,1,0,0,0,1,1,0,ok,"{""sentences"": [""I hear you."", ""We can pause here for a moment.""], ""safety"": ""ok""}",1,2176,2.9887000000599073,0.00199999976757681,0.00030000046535860747,0.014399999599845614,0.005500000042957254,3.0166999995344668
1156,d153_u7,neutral,train,153,7,bc,2,1,1,0,0,0,1,1,0,ok,"{""sentences"": [""I hear you."", ""We can pause here for a moment.""], ""safety"": ""ok""}",1,2176,3.2371000006605755,0.0018999999156221747,0.0002999995558639057,0.014000000192027073,0.004999999873689376,3.2644000002619578
1157,d153_u9,neutral,train,153,9,bc,2,1,1,0,0,0,1,1,0,ok,"{""sentences"": [""I hear you."", ""We can pause here for a moment.""], ""safety"": ""ok""}",1,2176,2.8038000000378815,0.0021999994714860804,0.0002999995558639057,0.014199999895936344,0.0052999994295532815,2.8318999993643956
1158,d153_u10,angry,train,153,10,bc,2,1,1,0,0,0,1,1,0,ok,"{""sentences"": [""I hear you."", ""We can pause here for a moment.""], ""safety"": ""ok""}",1,2176,3.1299000002036337,0.0018999999156221747,0.00020000061340397224,0.01359999987471383,0.005199999577598646,3.15619999946648
1159,d153_u11,angry,train,153,11,bc,2,1,1,0,0,0,1,1,0,ok,"{""sentences"": [""I hear you."", ""We can pause here for a moment.""], ""safety"": ""ok""}",1,2176,2.5270000005548354,0.0018999999156221747,0.00030000046535860747,0.013699999726668466,0.0054000001910026185,2.553999999690859
1160,d153_u12,angry,train,153,12,bc,2,1,1,0,0,0,1,1,0,ok,"{""sentences"": [""I hear you."", ""We can pause here for a moment.""], ""safety"": ""ok""}",1,2176,2.378099999987171,0.0018000000636675395,0.0002999995558639057,0.01359999987471383,0.005300000339047983,2.4045999998634215
1161,d154_u0,happy,train,154,0,bc,2,1,1,0,0,0,1,1,0,ok,"{""sentences"": [""I hear you."", ""We can pause here for a moment.""], ""safety"": ""ok""}",1,2176,3.365499999745225,0.00199999976757681,0.00030000046535860747,0.014299999747890979,0.005500000042957254,3.3932999995158752
1162,d154_u1,happy,train,154,1,bc,2,1,1,0,0,0,1,1,0,ok,"{""sentences"": [""I hear you."", ""We can pause here for a moment.""], ""safety"": ""ok""}",1,2176,3.1048000000737375,0.0018999999156221747,0.0002999995558639057,0.01449999945180025,0.005500000042957254,3.133000000161701
1163,d154_u2,angry,train,154,2,bc,2,1,1,0,0,0,1,1,0,ok,"{""sentences"": [""I hear you."", ""We can pause here for a moment.""], ""safety"": ""ok""}",1,2176,3.144600000268838,0.0018999999156221747,0.00019999970390927047,0.013300000318849925,0.00470000031782547,3.169999999954598
1164,d154_u4,angry,train,154,4,bc,2,1,1,0,0,0,1,1,0,ok,"{""sentences"": [""I hear you."", ""We can pause here for a moment.""], ""safety"": ""ok""}",1,2176,2.197899999373476,0.00199999976757681,0.00030000046535860747,0.01539999993838137,0.005699999746866524,2.2280000002865563
1165,d154_u6,angry,train,154,6,bc,2,1,1,0,0,0,1,1,0,ok,"{""sentences"": [""I hear you."", ""We can pause here for a moment.""], ""safety"": ""ok""}",1,2176,3.1570999999530613,0.0018999999156221747,0.00030000046535860747,0.013699999726668466,0.004999999873689376,3.183700000590761
1166,d154_u7,angry,train,154,7,bc,2,1,1,0,0,0,1,1,0,ok,"{""sentences"": [""I hear you."", ""We can pause here for a moment.""], ""safety"": ""ok""}",1,2176,2.7663000000757165,0.0018000000636675395,0.00020000061340397224,0.014000000192027073,0.005300000339047983,2.793499999825144
1167,d154_u8,neutral,train,154,8,bc,2,1,1,0,0,0,1,1,0,ok,"{""sentences"": [""I hear you."", ""We can pause here for a moment.""], ""safety"": ""ok""}",1,2176,2.4113999998007785,0.0024000000848900527,0.00030000046535860747,0.015299999176932033,0.005599999894911889,2.441000000544591
1168,d155_u0,neutral,train,155,0,bc,2,1,1,0,0,0,1,1,0,ok,"{""sentences"": [""I hear you."", ""We can pause here for a moment.""], ""safety"": ""ok""}",1,2176,2.7520000003278255,0.0018000000636675395,0.00019999970390927047,0.014100000043981709,0.005200000487093348,2.779499999633117
1169,d155_u1,neutral,train,155,1,bc,2,1,1,0,0,0,1,1,0,ok,"{""sentences"": [""I hear you."", ""We can pause here for a moment.""], ""safety"": ""ok""}",1,2176,3.3700000003591413,0.0018999999156221747,0.00019999970390927047,0.014799999917158857,0.005100000635138713,3.3980999996856553
1170,d155_u2,happy,train,155,2,bc,2,1,1,0,0,0,1,1,0,ok,"{""sentences"": [""I hear you."", ""We can pause here for a moment.""], ""safety"": ""ok""}",1,2176,2.4689000001671957,0.00199999976757681,0.00020000061340397224,0.014000000192027073,0.004999999873689376,2.4958000003607594
1171,d155_u3,happy,train,155,3,bc,2,1,1,0,0,0,1,1,0,ok,"{""sentences"": [""I hear you."", ""We can pause here for a moment.""], ""safety"": ""ok""}",1,2176,2.6777000002766727,0.0019000008251168765,0.00019999970390927047,0.014000000192027073,0.005200000487093348,2.704999999878055
1172,d155_u4,happy,train,155,4,bc,2,1,1,0,0,0,1,1,0,ok,"{""sentences"": [""I hear you."", ""We can pause here for a moment.""], ""safety"": ""ok""}",1,2176,3.3041000006051036,0.002499999936844688,0.0002999995558639057,0.015100000382517464,0.0059000003602704965,3.3339000001433305
1173,d155_u6,neutral,train,155,6,bc,2,1,1,0,0,0,1,1,0,ok,"{""sentences"": [""I hear you."", ""We can pause here for a moment.""], ""safety"": ""ok""}",1,2176,2.6511000005484675,0.0018000000636675395,0.00030000046535860747,0.013699999726668466,0.005300000339047983,2.677899999980582
1174,d155_u7,happy,train,155,7,bc,2,1,1,0,0,0,1,1,0,ok,"{""sentences"": [""I hear you."", ""We can pause here for a moment.""], ""safety"": ""ok""}",1,2176,3.4611999999469845,0.00199999976757681,0.00030000046535860747,0.013900000340072438,0.005300000339047983,3.4882999998444575
1175,d155_u9,happy,train,155,9,bc,2,1,1,0,0,0,1,1,0,ok,"{""sentences"": [""I hear you."", ""We can pause here for a moment.""], ""safety"": ""ok""}",1,2176,3.3184000003529945,0.002099999619531445,0.00019999970390927047,0.013899999430577736,0.005500000042957254,3.3462000001236447
1176,d155_u10,neutral,train,155,10,bc,2,1,1,0,0,0,1,1,0,ok,"{""sentences"": [""I hear you."", ""We can pause here for a moment.""], ""safety"": ""ok""}",1,2176,2.6567000004433794,0.0018999999156221747,0.0002999995558639057,0.013500000022759195,0.004999999873689376,2.682999999706226
1177,d155_u11,neutral,train,155,11,bc,2,1,1,0,0,0,1,1,0,ok,"{""sentences"": [""I hear you."", ""We can pause here for a moment.""], ""safety"": ""ok""}",1,2176,2.493799999683688,0.0018999999156221747,0.0002999995558639057,0.013300000318849925,0.004999999873689376,2.5197999993906706
1178,d155_u12,neutral,train,155,12,bc,2,1,1,0,0,0,1,1,0,ok,"{""sentences"": [""I hear you."", ""We can pause here for a moment.""], ""safety"": ""ok""}",1,2176,2.2096000002420624,0.00199999976757681,0.00030000046535860747,0.014000000192027073,0.0054000001910026185,2.2371999993993086
1179,d156_u0,sad,train,156,0,bc,2,1,1,0,0,0,1,1,0,ok,"{""sentences"": [""I hear you."", ""We can pause here for a moment.""], ""safety"": ""ok""}",1,2176,3.0108999999356456,0.0018000000636675395,0.0002999995558639057,0.012999999853491317,0.005200000487093348,3.036699999938719
1180,d156_u1,angry,train,156,1,bc,2,1,1,0,0,0,1,1,0,ok,"{""sentences"": [""I hear you."", ""We can pause here for a moment.""], ""safety"": ""ok""}",1,2176,2.53439999960392,0.002599999788799323,0.0002999995558639057,0.01849999989644857,0.007600000571983401,2.571199999692908
1181,d156_u3,angry,train,156,3,bc,2,1,1,0,0,0,1,1,0,ok,"{""sentences"": [""I hear you."", ""We can pause here for a moment.""], ""safety"": ""ok""}",1,2176,2.8619000004255213,0.00199999976757681,0.00019999970390927047,0.014500000361294951,0.005500000042957254,2.8902999993078993
1182,d156_u4,neutral,train,156,4,bc,2,1,1,0,0,0,1,1,0,ok,"{""sentences"": [""I hear you."", ""We can pause here for a moment.""], ""safety"": ""ok""}",1,2176,3.0315999993035803,0.00199999976757681,0.00030000046535860747,0.014700000065204222,0.005699999746866524,3.060400000322261
1183,d156_u6,neutral,train,156,6,bc,2,1,1,0,0,0,1,1,0,ok,"{""sentences"": [""I hear you."", ""We can pause here for a moment.""], ""safety"": ""ok""}",1,2176,2.4647999998705927,0.0019000008251168765,0.00030000046535860747,0.014000000192027073,0.0054000001910026185,2.4923999999373336
1184,d156_u9,happy,train,156,9,bc,2,1,1,0,0,0,1,1,0,ok,"{""sentences"": [""I hear you."", ""We can pause here for a moment.""], ""safety"": ""ok""}",1,2176,3.1453999999939697,0.0020000006770715117,0.00030000046535860747,0.01359999987471383,0.005500000042957254,3.1728000003568013
1185,d156_u10,neutral,train,156,10,bc,2,1,1,0,0,0,1,1,0,ok,"{""sentences"": [""I hear you."", ""We can pause here for a moment.""], ""safety"": ""ok""}",1,2176,2.779200000077253,0.0018000000636675395,0.00030000046535860747,0.013399999261309858,0.005300000339047983,2.8052999996361905
1186,d156_u11,neutral,train,156,11,bc,2,1,1,0,0,0,1,1,0,ok,"{""sentences"": [""I hear you."", ""We can pause here for a moment.""], ""safety"": ""ok""}",1,2176,3.127699999822653,0.0018999999156221747,0.00030000046535860747,0.014100000043981709,0.0052999994295532815,3.1551000001854845
1187,d157_u0,happy,train,157,0,bc,2,1,1,0,0,0,1,1,0,ok,"{""sentences"": [""I hear you."", ""We can pause here for a moment.""], ""safety"": ""ok""}",1,2176,2.815599999848928,0.00199999976757681,0.00019999970390927047,0.014299999747890979,0.005599999894911889,2.8437000000849366
1188,d157_u1,happy,train,157,1,bc,2,1,1,0,0,0,1,1,0,ok,"{""sentences"": [""I hear you."", ""We can pause here for a moment.""], ""safety"": ""ok""}",1,2176,3.003099999659753,0.00199999976757681,0.00019999970390927047,0.013799999578623101,0.005200000487093348,3.030199999557226
1189,d157_u2,happy,train,157,2,bc,2,1,1,0,0,0,1,1,0,ok,"{""sentences"": [""I hear you."", ""We can pause here for a moment.""], ""safety"": ""ok""}",1,2176,2.368200000091747,0.0019000008251168765,0.00020000061340397224,0.013800000488117803,0.005300000339047983,2.3946999999679974
1190,d158_u1,neutral,train,158,1,bc,2,1,1,0,0,0,1,1,0,ok,"{""sentences"": [""I hear you."", ""We can pause here for a moment.""], ""safety"": ""ok""}",1,2176,2.6777000002766727,0.002100000529026147,0.00019999970390927047,0.015300000086426735,0.005600000804406591,2.7073000001109904
1191,d158_u2,neutral,train,158,2,bc,2,1,1,0,0,0,1,1,0,ok,"{""sentences"": [""I hear you."", ""We can pause here for a moment.""], ""safety"": ""ok""}",1,2176,3.070599999773549,0.002599999788799323,0.00030000046535860747,0.015300000086426735,0.00650000038149301,3.102000000581029
1192,d158_u6,sad,train,158,6,bc,2,1,1,0,0,0,1,1,0,ok,"{""sentences"": [""I hear you."", ""We can pause here for a moment.""], ""safety"": ""ok""}",1,2176,3.123299999970186,0.00199999976757681,0.0002999995558639057,0.014000000192027073,0.005699999746866524,3.1512999994447455
1193,d158_u8,neutral,train,158,8,bc,2,1,1,0,0,0,1,1,0,ok,"{""sentences"": [""I hear you."", ""We can pause here for a moment.""], ""safety"": ""ok""}",1,2176,3.182099999321508,0.00199999976757681,0.00030000046535860747,0.014000000192027073,0.005099999725644011,3.20940000074188
1194,d159_u0,happy,train,159,0,bc,2,1,1,0,0,0,1,1,0,ok,"{""sentences"": [""I hear you."", ""We can pause here for a moment.""], ""safety"": ""ok""}",1,2176,3.0730999997103936,0.002099999619531445,0.0002999995558639057,0.014500000361294951,0.0054000001910026185,3.1011999999464024
1195,d159_u2,happy,train,159,2,bc,2,1,1,0,0,0,1,1,0,ok,"{""sentences"": [""I hear you."", ""We can pause here for a moment.""], ""safety"": ""ok""}",1,2176,2.70379999983561,0.0018999999156221747,0.00020000061340397224,0.013900000340072438,0.005300000339047983,2.731099999436992
1196,d159_u3,happy,train,159,3,bc,2,1,1,0,0,0,1,1,0,ok,"{""sentences"": [""I hear you."", ""We can pause here for a moment.""], ""safety"": ""ok""}",1,2176,3.074400000514288,0.0018999999156221747,0.00020000061340397224,0.012999999853491317,0.004699999408330768,3.099599999586644
1197,d159_u5,happy,train,159,5,bc,2,1,1,0,0,0,1,1,0,ok,"{""sentences"": [""I hear you."", ""We can pause here for a moment.""], ""safety"": ""ok""}",1,2176,2.5894000000334927,0.0018999999156221747,0.00020000061340397224,0.013600000784208532,0.005099999725644011,2.615899999909743
1198,d159_u6,happy,train,159,6,bc,2,1,1,0,0,0,1,1,0,ok,"{""sentences"": [""I hear you."", ""We can pause here for a moment.""], ""safety"": ""ok""}",1,2176,2.6312999998481246,0.0018000000636675395,0.00019999970390927047,0.013800000488117803,0.005200000487093348,2.6582000000416883
1199,d159_u7,happy,train,159,7,bc,2,1,1,0,0,0,1,1,0,ok,"{""sentences"": [""I hear you."", ""We can pause here for a moment.""], ""safety"": ""ok""}",1,2176,3.258300000197778,0.00199999976757681,0.0002999995558639057,0.01449999945180025,0.005300000339047983,3.286099999968428
1200,d159_u8,happy,train,159,8,bc,2,1,1,0,0,0,1,1,0,ok,"{""sentences"": [""I hear you."", ""We can pause here for a moment.""], ""safety"": ""ok""}",1,2176,2.741299999797775,0.0018999999156221747,0.00019999970390927047,0.014299999747890979,0.005300000339047983,2.7694000000337837
1201,d159_u9,neutral,train,159,9,bc,2,1,1,0,0,0,1,1,0,ok,"{""sentences"": [""I hear you."", ""We can pause here for a moment.""], ""safety"": ""ok""}",1,2176,2.64210000023013,0.002200000380980782,0.0002999995558639057,0.013799999578623101,0.005100000635138713,2.669399999831512
1202,d160_u0,neutral,train,160,0,bc,2,1,1,0,0,0,1,1,0,ok,"{""sentences"": [""I hear you."", ""We can pause here for a moment.""], ""safety"": ""ok""}",1,2176,2.9991000001245993,0.0020000006770715117,0.00019999970390927047,0.013700000636163168,0.005099999725644011,3.0259999994086684
1203,d160_u1,happy,train,160,1,bc,2,1,1,0,0,0,1,1,0,ok,"{""sentences"": [""I hear you."", ""We can pause here for a moment.""], ""safety"": ""ok""}",1,2176,2.7026999996451195,0.00199999976757681,0.00030000046535860747,0.014799999917158857,0.0052999994295532815,2.7312000001984416
1204,d160_u2,neutral,train,160,2,bc,2,1,1,0,0,0,1,1,0,ok,"{""sentences"": [""I hear you."", ""We can pause here for a moment.""], ""safety"": ""ok""}",1,2176,2.75340000007418,0.0018999999156221747,0.00019999970390927047,0.013300000318849925,0.004800000169780105,2.779200000077253
1205,d160_u3,neutral,train,160,3,bc,2,1,1,0,0,0,1,1,0,ok,"{""sentences"": [""I hear you."", ""We can pause here for a moment.""], ""safety"": ""ok""}",1,2176,2.7058999994551414,0.00199999976757681,0.00020000061340397224,0.013700000636163168,0.005199999577598646,2.732700000706245
1206,d160_u4,neutral,train,160,4,bc,2,1,1,0,0,0,1,1,0,ok,"{""sentences"": [""I hear you."", ""We can pause here for a moment.""], ""safety"": ""ok""}",1,2176,3.3723999995345366,0.00199999976757681,0.00020000061340397224,0.01359999987471383,0.005099999725644011,3.3990000001722365
1207,d160_u5,sad,train,160,5,bc,2,1,1,0,0,0,1,1,0,ok,"{""sentences"": [""I hear you."", ""We can pause here for a moment.""], ""safety"": ""ok""}",1,2176,3.4479000005376292,0.0018999999156221747,0.00019999970390927047,0.013799999578623101,0.005300000339047983,3.474899999673653
1208,d160_u7,neutral,train,160,7,bc,2,1,1,0,0,0,1,1,0,ok,"{""sentences"": [""I hear you."", ""We can pause here for a moment.""], ""safety"": ""ok""}",1,2176,2.0447999995667487,0.0018000000636675395,0.0002999995558639057,0.013500000022759195,0.005099999725644011,2.0712000005005393
1209,d160_u8,sad,train,160,8,bc,2,1,1,0,0,0,1,1,0,ok,"{""sentences"": [""I hear you."", ""We can pause here for a moment.""], ""safety"": ""ok""}",1,2176,2.8741999994963408,0.0018000000636675395,0.00019999970390927047,0.01359999987471383,0.005599999894911889,2.901100000599399
1210,d160_u10,happy,train,160,10,bc,2,1,1,0,0,0,1,1,0,ok,"{""sentences"": [""I hear you."", ""We can pause here for a moment.""], ""safety"": ""ok""}",1,2176,2.6490000000194414,0.00199999976757681,0.0002999995558639057,0.016400000276917126,0.006199999916134402,2.680799999325245
1211,d160_u11,neutral,train,160,11,bc,2,1,1,0,0,0,1,1,0,ok,"{""sentences"": [""I hear you."", ""We can pause here for a moment.""], ""safety"": ""ok""}",1,2176,2.8698000005533686,0.002100000529026147,0.00019999970390927047,0.014600000213249587,0.0052999994295532815,2.8981000004932866
1212,d160_u12,happy,train,160,12,bc,2,1,1,0,0,0,1,1,0,ok,"{""sentences"": [""I hear you."", ""We can pause here for a moment.""], ""safety"": ""ok""}",1,2176,2.8270000002521556,0.00199999976757681,0.0002999995558639057,0.014600000213249587,0.0054000001910026185,2.8551999994306243
1213,d160_u13,neutral,train,160,13,bc,2,1,1,0,0,0,1,1,0,ok,"{""sentences"": [""I hear you."", ""We can pause here for a moment.""], ""safety"": ""ok""}",1,2176,2.97229999978299,0.0018999999156221747,0.0002999995558639057,0.01359999987471383,0.004900000021734741,2.9985999999553314
1214,d160_u14,neutral,train,160,14,bc,2,1,1,0,0,0,1,1,0,ok,"{""sentences"": [""I hear you."", ""We can pause here for a moment.""], ""safety"": ""ok""}",1,2176,3.12599999961094,0.0018999999156221747,0.00020000061340397224,0.013900000340072438,0.0054000001910026185,3.153300000121817
1215,d160_u15,sad,train,160,15,bc,2,1,1,0,0,0,1,1,0,ok,"{""sentences"": [""I hear you."", ""We can pause here for a moment.""], ""safety"": ""ok""}",1,2176,2.5335999998787884,0.0018000000636675395,0.00019999970390927047,0.01359999987471383,0.005200000487093348,2.5599999999030842
1216,d160_u16,sad,train,160,16,bc,2,1,1,0,0,0,1,1,0,ok,"{""sentences"": [""I hear you."", ""We can pause here for a moment.""], ""safety"": ""ok""}",1,2176,2.3944000004121335,0.0018999999156221747,0.00019999970390927047,0.013600000784208532,0.004900000021734741,2.4198999999498483
1217,d160_u17,neutral,train,160,17,bc,2,1,1,0,0,0,1,1,0,ok,"{""sentences"": [""I hear you."", ""We can pause here for a moment.""], ""safety"": ""ok""}",1,2176,2.7852000002894783,0.0018999999156221747,0.00019999970390927047,0.01359999987471383,0.005100000635138713,2.8120999995735474
1218,d160_u18,neutral,train,160,18,bc,2,1,1,0,0,0,1,1,0,ok,"{""sentences"": [""I hear you."", ""We can pause here for a moment.""], ""safety"": ""ok""}",1,2176,3.2591999997748644,0.00199999976757681,0.0002999995558639057,0.014400000509340316,0.005300000339047983,3.3033999998224317
1219,d161_u0,neutral,train,161,0,bc,2,1,1,0,0,0,1,1,0,ok,"{""sentences"": [""I hear you."", ""We can pause here for a moment.""], ""safety"": ""ok""}",1,2176,2.4651000003359513,0.0018999999156221747,0.00030000046535860747,0.014399999599845614,0.0054000001910026185,2.492999999958556
1220,d161_u1,happy,train,161,1,bc,2,1,1,0,0,0,1,1,0,ok,"{""sentences"": [""I hear you."", ""We can pause here for a moment.""], ""safety"": ""ok""}",1,2176,2.582299999630777,0.00199999976757681,0.00039999940781854093,0.014899999769113492,0.005500000042957254,2.6109999998880085
1221,d161_u2,neutral,train,161,2,bc,2,1,1,0,0,0,1,1,0,ok,"{""sentences"": [""I hear you."", ""We can pause here for a moment.""], ""safety"": ""ok""}",1,2176,3.0207999998310697,0.0018999999156221747,0.00030000046535860747,0.014399999599845614,0.005500000042957254,3.0486999994536745
1222,d161_u3,neutral,train,161,3,bc,2,1,1,0,0,0,1,1,0,ok,"{""sentences"": [""I hear you."", ""We can pause here for a moment.""], ""safety"": ""ok""}",1,2176,3.219600000193168,0.0018999999156221747,0.0002999995558639057,0.013800000488117803,0.0052999994295532815,3.26390000009269
1223,d161_u4,neutral,train,161,4,bc,2,1,1,0,0,0,1,1,0,ok,"{""sentences"": [""I hear you."", ""We can pause here for a moment.""], ""safety"": ""ok""}",1,2176,3.109799999947427,0.00199999976757681,0.0002999995558639057,0.013899999430577736,0.005200000487093348,3.1374999998661224
1224,d162_u0,neutral,train,162,0,bc,2,1,1,0,0,0,1,1,0,ok,"{""sentences"": [""I hear you."", ""We can pause here for a moment.""], ""safety"": ""ok""}",1,2176,3.1110999998418265,0.0018000000636675395,0.00019999970390927047,0.013199999557400588,0.005099999725644011,3.1369999996968545
1225,d162_u1,neutral,train,162,1,bc,2,1,1,0,0,0,1,1,0,ok,"{""sentences"": [""I hear you."", ""We can pause here for a moment.""], ""safety"": ""ok""}",1,2176,2.1701999994547805,0.00199999976757681,0.00030000046535860747,0.014399999599845614,0.005099999725644011,2.197800000431016
1226,d163_u0,neutral,train,163,0,bc,2,1,1,0,0,0,1,1,0,ok,"{""sentences"": [""I hear you."", ""We can pause here for a moment.""], ""safety"": ""ok""}",1,2176,50.18930000005639,0.002499999936844688,0.00030000046535860747,0.01669999983278103,0.0070000005507608876,50.22319999989122
1227,d163_u1,angry,train,163,1,bc,2,1,1,0,0,0,1,1,0,ok,"{""sentences"": [""I hear you."", ""We can pause here for a moment.""], ""safety"": ""ok""}",1,2176,50.66889999943669,0.002499999936844688,0.00030000046535860747,0.01630000042496249,0.006600000233447645,50.70200000045588
1228,d163_u3,angry,train,163,3,bc,2,1,1,0,0,0,1,1,0,ok,"{""sentences"": [""I hear you."", ""We can pause here for a moment.""], ""safety"": ""ok""}",1,2176,49.164099999870814,0.004399999852466863,0.00039999940781854093,0.021500000002561137,0.007900000127847306,49.21199999989767
1229,d163_u5,neutral,train,163,5,bc,2,1,1,0,0,0,1,1,0,ok,"{""sentences"": [""I hear you."", ""We can pause here for a moment.""], ""safety"": ""ok""}",1,2176,50.72459999973944,0.0023000002329354174,0.0002999995558639057,0.015500000699830707,0.0059000003602704965,50.75529999976425
1230,d163_u6,neutral,train,163,6,bc,2,1,1,0,0,0,1,1,0,ok,"{""sentences"": [""I hear you."", ""We can pause here for a moment.""], ""safety"": ""ok""}",1,2176,3.269200000431738,0.0023000002329354174,0.0002999995558639057,0.01610000072105322,0.006199999916134402,3.3002999998643645
1231,d163_u8,angry,train,163,8,bc,2,1,1,0,0,0,1,1,0,ok,"{""sentences"": [""I hear you."", ""We can pause here for a moment.""], ""safety"": ""ok""}",1,2176,3.4242000001540873,0.0021999994714860804,0.0002999995558639057,0.015800000255694613,0.006000000212225132,3.4553999994386686
1232,d163_u9,angry,train,163,9,bc,2,1,1,0,0,0,1,1,0,ok,"{""sentences"": [""I hear you."", ""We can pause here for a moment.""], ""safety"": ""ok""}",1,2176,4.150800000388699,0.0023000002329354174,0.0002999995558639057,0.015300000086426735,0.005599999894911889,4.181000000244239
1233,d163_u10,neutral,train,163,10,bc,2,1,1,0,0,0,1,1,0,ok,"{""sentences"": [""I hear you."", ""We can pause here for a moment.""], ""safety"": ""ok""}",1,2176,2.661199999238306,0.00199999976757681,0.0002999995558639057,0.014799999917158857,0.005499999133462552,2.6898000005530776
1234,d164_u1,neutral,train,164,1,bc,2,1,1,0,0,0,1,1,0,ok,"{""sentences"": [""I hear you."", ""We can pause here for a moment.""], ""safety"": ""ok""}",1,2176,2.972799999952258,0.002099999619531445,0.00030000046535860747,0.015100000382517464,0.005699999746866524,3.002299999934621
1235,d164_u3,neutral,train,164,3,bc,2,1,1,0,0,0,1,1,0,ok,"{""sentences"": [""I hear you."", ""We can pause here for a moment.""], ""safety"": ""ok""}",1,2176,3.080799999224837,0.002099999619531445,0.0002999995558639057,0.015300000086426735,0.0057999995988211595,3.1106000005820533
1236,d164_u4,sad,train,164,4,bc,2,1,1,0,0,0,1,1,0,ok,"{""sentences"": [""I hear you."", ""We can pause here for a moment.""], ""safety"": ""ok""}",1,2176,3.0845000001136214,0.0018000000636675395,0.00030000046535860747,0.013800000488117803,0.004999999873689376,3.1106999995245133
1237,d164_u6,neutral,train,164,6,bc,2,1,1,0,0,0,1,1,0,ok,"{""sentences"": [""I hear you."", ""We can pause here for a moment.""], ""safety"": ""ok""}",1,2176,2.938799999355979,0.002100000529026147,0.0002999995558639057,0.01500000053056283,0.025899999855028,2.988100000038685
1238,d164_u7,neutral,train,164,7,bc,2,1,1,0,0,0,1,1,0,ok,"{""sentences"": [""I hear you."", ""We can pause here for a moment.""], ""safety"": ""ok""}",1,2176,3.2587000005150912,0.002100000529026147,0.00020000061340397224,0.014899999769113492,0.005700000656361226,3.2879999998840503
1239,d164_u8,happy,train,164,8,bc,2,1,1,0,0,0,1,1,0,ok,"{""sentences"": [""I hear you."", ""We can pause here for a moment.""], ""safety"": ""ok""}",1,2176,2.809999999954016,0.002200000380980782,0.0004000003173132427,0.01559999964229064,0.005500000042957254,2.8400999999576015
1240,d164_u9,happy,train,164,9,bc,2,1,1,0,0,0,1,1,0,ok,"{""sentences"": [""I hear you."", ""We can pause here for a moment.""], ""safety"": ""ok""}",1,2176,3.0407999993258272,0.002399999175395351,0.0002999995558639057,0.01849999989644857,0.00650000038149301,3.075100000387465
1241,d165_u0,neutral,train,165,0,bc,2,1,1,0,0,0,1,1,0,ok,"{""sentences"": [""I hear you."", ""We can pause here for a moment.""], ""safety"": ""ok""}",1,2176,3.020499999365711,0.002099999619531445,0.00019999970390927047,0.014500000361294951,0.005699999746866524,3.049099999770988
1242,d165_u1,happy,train,165,1,bc,2,1,1,0,0,0,1,1,0,ok,"{""sentences"": [""I hear you."", ""We can pause here for a moment.""], ""safety"": ""ok""}",1,2176,2.9021000000284403,0.002099999619531445,0.0002999995558639057,0.014799999917158857,0.006000000212225132,2.9315000001588487
1243,d165_u2,neutral,train,165,2,bc,2,1,1,0,0,0,1,1,0,ok,"{""sentences"": [""I hear you."", ""We can pause here for a moment.""], ""safety"": ""ok""}",1,2176,3.5625000000436557,0.00199999976757681,0.0002999995558639057,0.014899999769113492,0.005500000042957254,3.5913000001528417
1244,d165_u4,neutral,train,165,4,bc,2,1,1,0,0,0,1,1,0,ok,"{""sentences"": [""I hear you."", ""We can pause here for a moment.""], ""safety"": ""ok""}",1,2176,2.915000000029977,0.0020000006770715117,0.00030000046535860747,0.015600000551785342,0.005699999746866524,2.9448000004776986
1245,d165_u5,happy,train,165,5,bc,2,1,1,0,0,0,1,1,0,ok,"{""sentences"": [""I hear you."", ""We can pause here for a moment.""], ""safety"": ""ok""}",1,2176,2.7062999997724546,0.002100000529026147,0.0002999995558639057,0.014700000065204222,0.0054000001910026185,2.735000000029686
1246,d165_u7,happy,train,165,7,bc,2,1,1,0,0,0,1,1,0,ok,"{""sentences"": [""I hear you."", ""We can pause here for a moment.""], ""safety"": ""ok""}",1,2176,2.971099999740545,0.002099999619531445,0.00020000061340397224,0.014999999621068127,0.0059000003602704965,3.000699999574863
1247,d165_u8,happy,train,165,8,bc,2,1,1,0,0,0,1,1,0,ok,"{""sentences"": [""I hear you."", ""We can pause here for a moment.""], ""safety"": ""ok""}",1,2176,2.6757999994515558,0.002100000529026147,0.00019999970390927047,0.014899999769113492,0.005699999746866524,2.704999999878055
1248,d165_u9,neutral,train,165,9,bc,2,1,1,0,0,0,1,1,0,ok,"{""sentences"": [""I hear you."", ""We can pause here for a moment.""], ""safety"": ""ok""}",1,2176,2.86099999993894,0.0018000000636675395,0.00030000046535860747,0.014000000192027073,0.005100000635138713,2.8874999998151907
1249,d165_u10,neutral,train,165,10,bc,2,1,1,0,0,0,1,1,0,ok,"{""sentences"": [""I hear you."", ""We can pause here for a moment.""], ""safety"": ""ok""}",1,2176,3.2260000007227063,0.002200000380980782,0.0002999995558639057,0.015499999790336005,0.005800000508315861,3.2558000002609333
1250,d165_u11,neutral,train,165,11,bc,2,1,1,0,0,0,1,1,0,ok,"{""sentences"": [""I hear you."", ""We can pause here for a moment.""], ""safety"": ""ok""}",1,2176,2.8870999994978774,0.00199999976757681,0.00020000061340397224,0.015400000847876072,0.0054000001910026185,2.91670000024169
1251,d165_u12,neutral,train,165,12,bc,2,1,1,0,0,0,1,1,0,ok,"{""sentences"": [""I hear you."", ""We can pause here for a moment.""], ""safety"": ""ok""}",1,2176,2.847000000656408,0.002100000529026147,0.0002999995558639057,0.01539999993838137,0.005600000804406591,2.8769000000465894
1252,d165_u13,neutral,train,165,13,bc,2,1,1,0,0,0,1,1,0,ok,"{""sentences"": [""I hear you."", ""We can pause here for a moment.""], ""safety"": ""ok""}",1,2176,3.6545999992085854,0.00199999976757681,0.0002999995558639057,0.014700000065204222,0.005500000042957254,3.6833000003753114
1253,d165_u14,neutral,train,165,14,bc,2,1,1,0,0,0,1,1,0,ok,"{""sentences"": [""I hear you."", ""We can pause here for a moment.""], ""safety"": ""ok""}",1,2176,2.9126999997970415,0.00199999976757681,0.00019999970390927047,0.014899999769113492,0.0054000001910026185,2.9417000005196314
1254,d165_u15,neutral,train,165,15,bc,2,1,1,0,0,0,1,1,0,ok,"{""sentences"": [""I hear you."", ""We can pause here for a moment.""], ""safety"": ""ok""}",1,2176,2.715900000112015,0.00199999976757681,0.00019999970390927047,0.014399999599845614,0.0054000001910026185,2.7440000003480236
1255,d165_u16,happy,train,165,16,bc,2,1,1,0,0,0,1,1,0,ok,"{""sentences"": [""I hear you."", ""We can pause here for a moment.""], ""safety"": ""ok""}",1,2176,2.9276000004756497,0.00199999976757681,0.00030000046535860747,0.014700000065204222,0.005500000042957254,2.956100000119477
1256,d165_u17,happy,train,165,17,bc,2,1,1,0,0,0,1,1,0,ok,"{""sentences"": [""I hear you."", ""We can pause here for a moment.""], ""safety"": ""ok""}",1,2176,3.4851999998863903,0.00199999976757681,0.0002999995558639057,0.014399999599845614,0.005199999577598646,3.512899999805086
1257,d165_u18,happy,train,165,18,bc,2,1,1,0,0,0,1,1,0,ok,"{""sentences"": [""I hear you."", ""We can pause here for a moment.""], ""safety"": ""ok""}",1,2176,2.3266999996849336,0.0018000000636675395,0.00019999970390927047,0.013199999557400588,0.004999999873689376,2.3522999999840977
1258,d165_u19,happy,train,165,19,bc,2,1,1,0,0,0,1,1,0,ok,"{""sentences"": [""I hear you."", ""We can pause here for a moment.""], ""safety"": ""ok""}",1,2176,2.937500000371074,0.002099999619531445,0.00019999970390927047,0.013799999578623101,0.0052999994295532815,2.96500000058586
1259,d166_u0,neutral,train,166,0,bc,2,1,1,0,0,0,1,1,0,ok,"{""sentences"": [""I hear you."", ""We can pause here for a moment.""], ""safety"": ""ok""}",1,2176,2.9553000003943453,0.0018999999156221747,0.00019999970390927047,0.014100000043981709,0.0054000001910026185,2.982799999699637
1260,d166_u1,neutral,train,166,1,bc,2,1,1,0,0,0,1,1,0,ok,"{""sentences"": [""I hear you."", ""We can pause here for a moment.""], ""safety"": ""ok""}",1,2176,2.7892000007341267,0.0018999999156221747,0.0002999995558639057,0.014000000192027073,0.005099999725644011,2.816299999722105
1261,d166_u2,neutral,train,166,2,bc,2,1,1,0,0,0,1,1,0,ok,"{""sentences"": [""I hear you."", ""We can pause here for a moment.""], ""safety"": ""ok""}",1,2176,2.4639000002935063,0.0018999999156221747,0.00020000061340397224,0.013099999705445953,0.004900000021734741,2.489399999831221
1262,d167_u0,happy,train,167,0,bc,2,1,1,0,0,0,1,1,0,ok,"{""sentences"": [""I hear you."", ""We can pause here for a moment.""], ""safety"": ""ok""}",1,2176,3.0338999995365157,0.00199999976757681,0.00019999970390927047,0.01359999987471383,0.005100000635138713,3.060699999878125
1263,d167_u2,angry,train,167,2,bc,2,1,1,0,0,0,1,1,0,ok,"{""sentences"": [""I hear you."", ""We can pause here for a moment.""], ""safety"": ""ok""}",1,2176,3.009099999871978,0.00199999976757681,0.0002999995558639057,0.013800000488117803,0.005199999577598646,3.036100000826991
1264,d167_u3,neutral,train,167,3,bc,2,1,1,0,0,0,1,1,0,ok,"{""sentences"": [""I hear you."", ""We can pause here for a moment.""], ""safety"": ""ok""}",1,2176,2.7878999999302323,0.0018000000636675395,0.00019999970390927047,0.013500000022759195,0.005199999577598646,2.814199999193079
1265,d167_u4,neutral,train,167,4,bc,2,1,1,0,0,0,1,1,0,ok,"{""sentences"": [""I hear you."", ""We can pause here for a moment.""], ""safety"": ""ok""}",1,2176,2.426500000183296,0.00199999976757681,0.00030000046535860747,0.013799999578623101,0.005099999725644011,2.4535000002288143
1266,d167_u5,neutral,train,167,5,bc,2,1,1,0,0,0,1,1,0,ok,"{""sentences"": [""I hear you."", ""We can pause here for a moment.""], ""safety"": ""ok""}",1,2176,2.5585000003047753,0.0020000006770715117,0.00019999970390927047,0.014000000192027073,0.005300000339047983,2.586200000223471
1267,d167_u6,angry,train,167,6,bc,2,1,1,0,0,0,1,1,0,ok,"{""sentences"": [""I hear you."", ""We can pause here for a moment.""], ""safety"": ""ok""}",1,2176,3.2438000007459777,0.002200000380980782,0.00019999970390927047,0.015999999959603883,0.005700000656361226,3.274300000157382
1268,d167_u7,neutral,train,167,7,bc,2,1,1,0,0,0,1,1,0,ok,"{""sentences"": [""I hear you."", ""We can pause here for a moment.""], ""safety"": ""ok""}",1,2176,3.1505999995715683,0.00199999976757681,0.0002999995558639057,0.014500000361294951,0.005599999894911889,3.1790000002729357
1269,d167_u8,sad,train,167,8,bc,2,1,1,0,0,0,1,1,0,ok,"{""sentences"": [""I hear you."", ""We can pause here for a moment.""], ""safety"": ""ok""}",1,2176,2.818699999806995,0.002099999619531445,0.0002999995558639057,0.01359999987471383,0.0054000001910026185,2.845799999704468
1270,d167_u9,angry,train,167,9,bc,2,1,1,0,0,0,1,1,0,ok,"{""sentences"": [""I hear you."", ""We can pause here for a moment.""], ""safety"": ""ok""}",1,2176,2.5364000002809917,0.0018999999156221747,0.0002999995558639057,0.01359999987471383,0.004999999873689376,2.5628999992477475
1271,d167_u10,neutral,train,167,10,bc,2,1,1,0,0,0,1,1,0,ok,"{""sentences"": [""I hear you."", ""We can pause here for a moment.""], ""safety"": ""ok""}",1,2176,2.507000000150583,0.002099999619531445,0.0002999995558639057,0.014100000043981709,0.005300000339047983,2.5347000000692788
1272,d167_u11,neutral,train,167,11,bc,2,1,1,0,0,0,1,1,0,ok,"{""sentences"": [""I hear you."", ""We can pause here for a moment.""], ""safety"": ""ok""}",1,2176,2.7723000002879417,0.0018999999156221747,0.00020000061340397224,0.013800000488117803,0.004999999873689376,2.798800000164192
1273,d167_u12,neutral,train,167,12,bc,2,1,1,0,0,0,1,1,0,ok,"{""sentences"": [""I hear you."", ""We can pause here for a moment.""], ""safety"": ""ok""}",1,2176,2.809999999954016,0.0018000000636675395,0.00020000061340397224,0.013900000340072438,0.005200000487093348,2.836800000295625
1274,d168_u0,neutral,train,168,0,bc,2,1,1,0,0,0,1,1,0,ok,"{""sentences"": [""I hear you."", ""We can pause here for a moment.""], ""safety"": ""ok""}",1,2176,2.844300000106159,0.00199999976757681,0.00020000061340397224,0.014200000805431046,0.005300000339047983,2.8720999998768093
1275,d168_u1,neutral,train,168,1,bc,2,1,1,0,0,0,1,1,0,ok,"{""sentences"": [""I hear you."", ""We can pause here for a moment.""], ""safety"": ""ok""}",1,2176,2.9463000000760076,0.0024000000848900527,0.00030000046535860747,0.014100000043981709,0.005100000635138713,2.9740999998466577
1276,d168_u2,neutral,train,168,2,bc,2,1,1,0,0,0,1,1,0,ok,"{""sentences"": [""I hear you."", ""We can pause here for a moment.""], ""safety"": ""ok""}",1,2176,2.2824000006949063,0.0018999999156221747,0.00030000046535860747,0.01340000017080456,0.005100000635138713,2.3085000002538436
1277,d168_u3,neutral,train,168,3,bc,2,1,1,0,0,0,1,1,0,ok,"{""sentences"": [""I hear you."", ""We can pause here for a moment.""], ""safety"": ""ok""}",1,2176,3.2059999994089594,0.00199999976757681,0.0002999995558639057,0.014399999599845614,0.0052999994295532815,3.2339000008505536
1278,d168_u4,neutral,train,168,4,bc,2,1,1,0,0,0,1,1,0,ok,"{""sentences"": [""I hear you."", ""We can pause here for a moment.""], ""safety"": ""ok""}",1,2176,2.7764000005845446,0.002100000529026147,0.0002999995558639057,0.01539999993838137,0.005300000339047983,2.8057999998054584
1279,d168_u5,neutral,train,168,5,bc,2,1,1,0,0,0,1,1,0,ok,"{""sentences"": [""I hear you."", ""We can pause here for a moment.""], ""safety"": ""ok""}",1,2176,3.8412000003518187,0.0018999999156221747,0.0002999995558639057,0.01359999987471383,0.0054000001910026185,3.8678999999319785
1280,d168_u7,neutral,train,168,7,bc,2,1,1,0,0,0,1,1,0,ok,"{""sentences"": [""I hear you."", ""We can pause here for a moment.""], ""safety"": ""ok""}",1,2176,2.762799999800336,0.002099999619531445,0.00019999970390927047,0.014900000678608194,0.0052999994295532815,2.791599999909522
1281,d168_u8,neutral,train,168,8,bc,2,1,1,0,0,0,1,1,0,ok,"{""sentences"": [""I hear you."", ""We can pause here for a moment.""], ""safety"": ""ok""}",1,2176,2.3885999999038177,0.0018999999156221747,0.00019999970390927047,0.013900000340072438,0.005599999894911889,2.416399999674468
1282,d168_u9,angry,train,168,9,bc,2,1,1,0,0,0,1,1,0,ok,"{""sentences"": [""I hear you."", ""We can pause here for a moment.""], ""safety"": ""ok""}",1,2176,2.7393999998821528,0.0018000000636675395,0.00019999970390927047,0.01359999987471383,0.005200000487093348,2.7660000005198526
1283,d168_u10,neutral,train,168,10,bc,2,1,1,0,0,0,1,1,0,ok,"{""sentences"": [""I hear you."", ""We can pause here for a moment.""], ""safety"": ""ok""}",1,2176,2.7798000000984757,0.00199999976757681,0.0002999995558639057,0.014399999599845614,0.0054000001910026185,2.8079000003344845
1284,d168_u11,angry,train,168,11,bc,2,1,1,0,0,0,1,1,0,ok,"{""sentences"": [""I hear you."", ""We can pause here for a moment.""], ""safety"": ""ok""}",1,2176,2.704499999708787,0.0018000000636675395,0.00019999970390927047,0.013500000022759195,0.004999999873689376,2.7307000000291737
1285,d168_u12,neutral,train,168,12,bc,2,1,1,0,0,0,1,1,0,ok,"{""sentences"": [""I hear you."", ""We can pause here for a moment.""], ""safety"": ""ok""}",1,2176,2.8100999998059706,0.0018999999156221747,0.0002999995558639057,0.013500000022759195,0.005300000339047983,2.836599999682221
1286,d168_u13,neutral,train,168,13,bc,2,1,1,0,0,0,1,1,0,ok,"{""sentences"": [""I hear you."", ""We can pause here for a moment.""], ""safety"": ""ok""}",1,2176,2.924499999608088,0.0018999999156221747,0.0002999995558639057,0.013699999726668466,0.005100000635138713,2.9512000000977423
1287,d168_u14,neutral,train,168,14,bc,2,1,1,0,0,0,1,1,0,ok,"{""sentences"": [""I hear you."", ""We can pause here for a moment.""], ""safety"": ""ok""}",1,2176,2.3295999999390915,0.002099999619531445,0.00030000046535860747,0.014800000826653559,0.005699999746866524,2.358799999456096
1288,d169_u0,happy,train,169,0,bc,2,1,1,0,0,0,1,1,0,ok,"{""sentences"": [""I hear you."", ""We can pause here for a moment.""], ""safety"": ""ok""}",1,2176,3.1245999998645857,0.00199999976757681,0.0002999995558639057,0.014600000213249587,0.005300000339047983,3.1529999996564584
1289,d169_u1,happy,train,169,1,bc,2,1,1,0,0,0,1,1,0,ok,"{""sentences"": [""I hear you."", ""We can pause here for a moment.""], ""safety"": ""ok""}",1,2176,3.060699999878125,0.0019000008251168765,0.00019999970390927047,0.013699999726668466,0.004999999873689376,3.08720000066387
1290,d169_u2,neutral,train,169,2,bc,2,1,1,0,0,0,1,1,0,ok,"{""sentences"": [""I hear you."", ""We can pause here for a moment.""], ""safety"": ""ok""}",1,2176,2.8120999995735474,0.0018999999156221747,0.00019999970390927047,0.014000000192027073,0.005099999725644011,2.839499999936379
1291,d170_u1,neutral,train,170,1,bc,2,1,1,0,0,0,1,1,0,ok,"{""sentences"": [""I hear you."", ""We can pause here for a moment.""], ""safety"": ""ok""}",1,2176,2.658800000062911,0.00199999976757681,0.00019999970390927047,0.013300000318849925,0.005099999725644011,2.684899999621848
1292,d170_u5,neutral,train,170,5,bc,2,1,1,0,0,0,1,1,0,ok,"{""sentences"": [""I hear you."", ""We can pause here for a moment.""], ""safety"": ""ok""}",1,2176,2.7939000001424574,0.00199999976757681,0.00030000046535860747,0.013700000636163168,0.005199999577598646,2.820699999574572
1293,d170_u8,neutral,train,170,8,bc,2,1,1,0,0,0,1,1,0,ok,"{""sentences"": [""I hear you."", ""We can pause here for a moment.""], ""safety"": ""ok""}",1,2176,2.9333000002225162,0.0018999999156221747,0.0002999995558639057,0.013800000488117803,0.004999999873689376,2.959999999802676
1294,d170_u9,neutral,train,170,9,bc,2,1,1,0,0,0,1,1,0,ok,"{""sentences"": [""I hear you."", ""We can pause here for a moment.""], ""safety"": ""ok""}",1,2176,3.174600000420469,0.00199999976757681,0.00020000061340397224,0.014099999134487007,0.005199999577598646,3.2022000004872098
1295,d170_u10,sad,train,170,10,bc,2,1,1,0,0,0,1,1,0,ok,"{""sentences"": [""I hear you."", ""We can pause here for a moment.""], ""safety"": ""ok""}",1,2176,2.1711999997933162,0.00199999976757681,0.00020000061340397224,0.013800000488117803,0.004999999873689376,2.19809999998688
1296,d170_u11,neutral,train,170,11,bc,2,1,1,0,0,0,1,1,0,ok,"{""sentences"": [""I hear you."", ""We can pause here for a moment.""], ""safety"": ""ok""}",1,2176,3.7127999994481797,0.00199999976757681,0.00020000061340397224,0.013700000636163168,0.0054000001910026185,3.739800000403193
1297,d171_u0,happy,train,171,0,bc,2,1,1,0,0,0,1,1,0,ok,"{""sentences"": [""I hear you."", ""We can pause here for a moment.""], ""safety"": ""ok""}",1,2176,2.5695999993331498,0.002499999936844688,0.00019999970390927047,0.01759999940986745,0.00650000038149301,2.6035000000774744
1298,d171_u1,neutral,train,171,1,bc,2,1,1,0,0,0,1,1,0,ok,"{""sentences"": [""I hear you."", ""We can pause here for a moment.""], ""safety"": ""ok""}",1,2176,2.5488000001132605,0.002099999619531445,0.00019999970390927047,0.015100000382517464,0.005699999746866524,2.578299999186129
1299,d171_u2,neutral,train,171,2,bc,2,1,1,0,0,0,1,1,0,ok,"{""sentences"": [""I hear you."", ""We can pause here for a moment.""], ""safety"": ""ok""}",1,2176,2.5805999994190643,0.0018999999156221747,0.00019999970390927047,0.014200000805431046,0.005500000042957254,2.608400000099209
1300,d171_u3,neutral,train,171,3,bc,2,1,1,0,0,0,1,1,0,ok,"{""sentences"": [""I hear you."", ""We can pause here for a moment.""], ""safety"": ""ok""}",1,2176,3.0805000005784677,0.0018999999156221747,0.00030000046535860747,0.01430000065738568,0.0054000001910026185,3.108500000053027
1301,d171_u5,neutral,train,171,5,bc,2,1,1,0,0,0,1,1,0,ok,"{""sentences"": [""I hear you."", ""We can pause here for a moment.""], ""safety"": ""ok""}",1,2176,2.4407000000792323,0.0022999993234407157,0.00019999970390927047,0.014700000065204222,0.005899999450775795,2.469799999744282
1302,d172_u0,neutral,train,172,0,bc,2,1,1,0,0,0,1,1,0,ok,"{""sentences"": [""I hear you."", ""We can pause here for a moment.""], ""safety"": ""ok""}",1,2176,3.104699999312288,0.0018999999156221747,0.0002999995558639057,0.014299999747890979,0.005300000339047983,3.132499999992433
1303,d172_u1,neutral,train,172,1,bc,2,1,1,0,0,0,1,1,0,ok,"{""sentences"": [""I hear you."", ""We can pause here for a moment.""], ""safety"": ""ok""}",1,2176,2.5669999995443504,0.002099999619531445,0.00030000046535860747,0.013800000488117803,0.004900000021734741,2.593700000034005
1304,d172_u3,happy,train,172,3,bc,2,1,1,0,0,0,1,1,0,ok,"{""sentences"": [""I hear you."", ""We can pause here for a moment.""], ""safety"": ""ok""}",1,2176,2.6530000004640897,0.00199999976757681,0.00019999970390927047,0.014100000043981709,0.005300000339047983,2.6803999999174266
1305,d172_u4,happy,train,172,4,bc,2,1,1,0,0,0,1,1,0,ok,"{""sentences"": [""I hear you."", ""We can pause here for a moment.""], ""safety"": ""ok""}",1,2176,2.6463999993211473,0.0020000006770715117,0.00030000046535860747,0.014000000192027073,0.005500000042957254,2.6743000007627415
1306,d172_u5,neutral,train,172,5,bc,2,1,1,0,0,0,1,1,0,ok,"{""sentences"": [""I hear you."", ""We can pause here for a moment.""], ""safety"": ""ok""}",1,2176,3.468899999461428,0.0018999999156221747,0.0002999995558639057,0.013799999578623101,0.004900000021734741,3.4952000005432637
1307,d172_u6,neutral,train,172,6,bc,2,1,1,0,0,0,1,1,0,ok,"{""sentences"": [""I hear you."", ""We can pause here for a moment.""], ""safety"": ""ok""}",1,2176,2.9064000000289525,0.002100000529026147,0.0002999995558639057,0.014500000361294951,0.005599999894911889,2.9349999995247344
1308,d172_u7,neutral,train,172,7,bc,2,1,1,0,0,0,1,1,0,ok,"{""sentences"": [""I hear you."", ""We can pause here for a moment.""], ""safety"": ""ok""}",1,2176,2.7423999999882653,0.0018999999156221747,0.00030000046535860747,0.014399999599845614,0.005599999894911889,2.7706999999281834
1309,d172_u8,happy,train,172,8,bc,2,1,1,0,0,0,1,1,0,ok,"{""sentences"": [""I hear you."", ""We can pause here for a moment.""], ""safety"": ""ok""}",1,2176,3.21189999976923,0.00199999976757681,0.00019999970390927047,0.014000000192027073,0.0052999994295532815,3.239399999984016
1310,d172_u10,neutral,train,172,10,bc,2,1,1,0,0,0,1,1,0,ok,"{""sentences"": [""I hear you."", ""We can pause here for a moment.""], ""safety"": ""ok""}",1,2176,2.5214999996023835,0.00199999976757681,0.0002999995558639057,0.013799999578623101,0.005099999725644011,2.548499999647902
1311,d173_u0,happy,train,173,0,bc,2,1,1,0,0,0,1,1,0,ok,"{""sentences"": [""I hear you."", ""We can pause here for a moment.""], ""safety"": ""ok""}",1,2176,2.9316000000108033,0.0020000006770715117,0.00030000046535860747,0.014199999895936344,0.005399999281507917,2.959299999929499
1312,d173_u2,happy,train,173,2,bc,2,1,1,0,0,0,1,1,0,ok,"{""sentences"": [""I hear you."", ""We can pause here for a moment.""], ""safety"": ""ok""}",1,2176,2.598099999886472,0.002200000380980782,0.00019999970390927047,0.014500000361294951,0.0054000001910026185,2.6262000001224806
1313,d173_u3,angry,train,173,3,bc,2,1,1,0,0,0,1,1,0,ok,"{""sentences"": [""I hear you."", ""We can pause here for a moment.""], ""safety"": ""ok""}",1,2176,2.5656999996499508,0.002200000380980782,0.00019999970390927047,0.01359999987471383,0.005500000042957254,2.592799999547424
1314,d173_u4,angry,train,173,4,bc,2,1,1,0,0,0,1,1,0,ok,"{""sentences"": [""I hear you."", ""We can pause here for a moment.""], ""safety"": ""ok""}",1,2176,2.6815999999598716,0.0018000000636675395,0.00030000046535860747,0.012700000297627412,0.0054000001910026185,2.707399999962945
1315,d173_u5,neutral,train,173,5,bc,2,1,1,0,0,0,1,1,0,ok,"{""sentences"": [""I hear you."", ""We can pause here for a moment.""], ""safety"": ""ok""}",1,2176,2.9560000002675224,0.0023000002329354174,0.00030000046535860747,0.014999999621068127,0.006000000212225132,2.985899999657704
1316,d173_u6,angry,train,173,6,bc,2,1,1,0,0,0,1,1,0,ok,"{""sentences"": [""I hear you."", ""We can pause here for a moment.""], ""safety"": ""ok""}",1,2176,3.572800000256393,0.00199999976757681,0.00019999970390927047,0.014799999917158857,0.005699999746866524,3.601600000365579
1317,d173_u8,angry,train,173,8,bc,2,1,1,0,0,0,1,1,0,ok,"{""sentences"": [""I hear you."", ""We can pause here for a moment.""], ""safety"": ""ok""}",1,2176,2.7491000000736676,0.0024000000848900527,0.00020000061340397224,0.016599999980826396,0.006000000212225132,2.78119999984483
1318,d173_u10,happy,train,173,10,bc,2,1,1,0,0,0,1,1,0,ok,"{""sentences"": [""I hear you."", ""We can pause here for a moment.""], ""safety"": ""ok""}",1,2176,2.9260000001158915,0.00199999976757681,0.00030000046535860747,0.014799999917158857,0.020899999981338624,2.971400000205904
1319,d174_u0,happy,train,174,0,bc,2,1,1,0,0,0,1,1,0,ok,"{""sentences"": [""I hear you."", ""We can pause here for a moment.""], ""safety"": ""ok""}",1,2176,2.954900000077032,0.002499999936844688,0.0002999995558639057,0.015100000382517464,0.005699999746866524,2.984699999615259
1320,d174_u1,happy,train,174,1,bc,2,1,1,0,0,0,1,1,0,ok,"{""sentences"": [""I hear you."", ""We can pause here for a moment.""], ""safety"": ""ok""}",1,2176,3.561999999874388,0.0018999999156221747,0.00020000061340397224,0.013100000614940654,0.004900000021734741,3.587899999729416
1321,d174_u2,happy,train,174,2,bc,2,1,1,0,0,0,1,1,0,ok,"{""sentences"": [""I hear you."", ""We can pause here for a moment.""], ""safety"": ""ok""}",1,2176,3.3333999999740627,0.0018999999156221747,0.00019999970390927047,0.01359999987471383,0.005099999725644011,3.3600999995542224
1322,d174_u3,happy,train,174,3,bc,2,1,1,0,0,0,1,1,0,ok,"{""sentences"": [""I hear you."", ""We can pause here for a moment.""], ""safety"": ""ok""}",1,2176,2.807599999869126,0.0024000000848900527,0.00030000046535860747,0.015700000403739978,0.005599999894911889,2.8382000000419794
1323,d174_u4,neutral,train,174,4,bc,2,1,1,0,0,0,1,1,0,ok,"{""sentences"": [""I hear you."", ""We can pause here for a moment.""], ""safety"": ""ok""}",1,2176,3.081600000768958,0.0018000000636675395,0.00030000046535860747,0.013500000022759195,0.005099999725644011,3.108099999735714
1324,d174_u5,neutral,train,174,5,bc,2,1,1,0,0,0,1,1,0,ok,"{""sentences"": [""I hear you."", ""We can pause here for a moment.""], ""safety"": ""ok""}",1,2176,3.5235999994256417,0.002200000380980782,0.00020000061340397224,0.014999999621068127,0.005500000042957254,3.553000000465545
1325,d174_u6,sad,train,174,6,bc,2,1,1,0,0,0,1,1,0,ok,"{""sentences"": [""I hear you."", ""We can pause here for a moment.""], ""safety"": ""ok""}",1,2176,3.4551999997347593,0.0018999999156221747,0.00019999970390927047,0.014199999895936344,0.0054000001910026185,3.4829999995054095
1326,d175_u0,neutral,train,175,0,bc,2,1,1,0,0,0,1,1,0,ok,"{""sentences"": [""I hear you."", ""We can pause here for a moment.""], ""safety"": ""ok""}",1,2176,3.0931999999666004,0.0034000004234258085,0.0002999995558639057,0.018899999304267112,0.0072999991971300915,3.1312000000980333
1327,d175_u1,happy,train,175,1,bc,2,1,1,0,0,0,1,1,0,ok,"{""sentences"": [""I hear you."", ""We can pause here for a moment.""], ""safety"": ""ok""}",1,2176,3.337400000418711,0.00199999976757681,0.00019999970390927047,0.014799999917158857,0.005699999746866524,3.3663999993223115
1328,d175_u2,happy,train,175,2,bc,2,1,1,0,0,0,1,1,0,ok,"{""sentences"": [""I hear you."", ""We can pause here for a moment.""], ""safety"": ""ok""}",1,2176,2.8202000003147987,0.002099999619531445,0.00030000046535860747,0.014399999599845614,0.005600000804406591,2.848699999958626
1329,d175_u3,neutral,train,175,3,bc,2,1,1,0,0,0,1,1,0,ok,"{""sentences"": [""I hear you."", ""We can pause here for a moment.""], ""safety"": ""ok""}",1,2176,2.866300000277988,0.00199999976757681,0.0002999995558639057,0.013900000340072438,0.005199999577598646,2.8933000003235065
1330,d175_u5,angry,train,175,5,bc,2,1,1,0,0,0,1,1,0,ok,"{""sentences"": [""I hear you."", ""We can pause here for a moment.""], ""safety"": ""ok""}",1,2176,3.0332000005728332,0.00199999976757681,0.00019999970390927047,0.01359999987471383,0.005100000635138713,3.0600000000049477
1331,d175_u6,neutral,train,175,6,bc,2,1,1,0,0,0,1,1,0,ok,"{""sentences"": [""I hear you."", ""We can pause here for a moment.""], ""safety"": ""ok""}",1,2176,2.449000000524393,0.0018999999156221747,0.00030000046535860747,0.013500000022759195,0.004999999873689376,2.475399999639194
1332,d175_u7,sad,train,175,7,bc,2,1,1,0,0,0,1,1,0,ok,"{""sentences"": [""I hear you."", ""We can pause here for a moment.""], ""safety"": ""ok""}",1,2176,3.240899999582325,0.002099999619531445,0.0002999995558639057,0.015900000107649248,0.005599999894911889,3.27110000034736
1333,d175_u8,neutral,train,175,8,bc,2,1,1,0,0,0,1,1,0,ok,"{""sentences"": [""I hear you."", ""We can pause here for a moment.""], ""safety"": ""ok""}",1,2176,2.366499999880034,0.002100000529026147,0.0002999995558639057,0.013500000022759195,0.005300000339047983,2.3934000000735978
1334,d175_u9,sad,train,175,9,bc,2,1,1,0,0,0,1,1,0,ok,"{""sentences"": [""I hear you."", ""We can pause here for a moment.""], ""safety"": ""ok""}",1,2176,3.1404000001202803,0.002100000529026147,0.00030000046535860747,0.01449999945180025,0.005300000339047983,3.168599999298749
1335,d175_u11,sad,train,175,11,bc,2,1,1,0,0,0,1,1,0,ok,"{""sentences"": [""I hear you."", ""We can pause here for a moment.""], ""safety"": ""ok""}",1,2176,2.9715000000578584,0.0018999999156221747,0.00019999970390927047,0.013799999578623101,0.005100000635138713,3.0266000003393856
1336,d176_u1,neutral,train,176,1,bc,2,1,1,0,0,0,1,1,0,ok,"{""sentences"": [""I hear you."", ""We can pause here for a moment.""], ""safety"": ""ok""}",1,2176,2.9276000004756497,0.0020000006770715117,0.0002999995558639057,0.014000000192027073,0.005200000487093348,2.9550999997809413
1337,d176_u6,neutral,train,176,6,bc,2,1,1,0,0,0,1,1,0,ok,"{""sentences"": [""I hear you."", ""We can pause here for a moment.""], ""safety"": ""ok""}",1,2176,2.7165000001332373,0.0018000000636675395,0.00019999970390927047,0.013500000022759195,0.004999999873689376,2.742799999396084
1338,d176_u8,neutral,train,176,8,bc,2,1,1,0,0,0,1,1,0,ok,"{""sentences"": [""I hear you."", ""We can pause here for a moment.""], ""safety"": ""ok""}",1,2176,2.8040999995937455,0.00199999976757681,0.0002999995558639057,0.014100000043981709,0.005300000339047983,2.8321999998297542
1339,d176_u9,neutral,train,176,9,bc,2,1,1,0,0,0,1,1,0,ok,"{""sentences"": [""I hear you."", ""We can pause here for a moment.""], ""safety"": ""ok""}",1,2176,3.095999999459309,0.00199999976757681,0.0002999995558639057,0.014100000043981709,0.005399999281507917,3.124000000752858
1340,d176_u10,happy,train,176,10,bc,2,1,1,0,0,0,1,1,0,ok,"{""sentences"": [""I hear you."", ""We can pause here for a moment.""], ""safety"": ""ok""}",1,2176,2.483799999936309,0.00199999976757681,0.00030000046535860747,0.013500000022759195,0.005199999577598646,2.5102999998125597
1341,d177_u0,happy,train,177,0,bc,2,1,1,0,0,0,1,1,0,ok,"{""sentences"": [""I hear you."", ""We can pause here for a moment.""], ""safety"": ""ok""}",1,2176,3.2095999995362945,0.00199999976757681,0.00019999970390927047,0.01359999987471383,0.005099999725644011,3.236500000639353
1342,d177_u1,neutral,train,177,1,bc,2,1,1,0,0,0,1,1,0,ok,"{""sentences"": [""I hear you."", ""We can pause here for a moment.""], ""safety"": ""ok""}",1,2176,2.663100000063423,0.00199999976757681,0.0002999995558639057,0.013899999430577736,0.005200000487093348,2.690199999960896
1343,d177_u2,neutral,train,177,2,bc,2,1,1,0,0,0,1,1,0,ok,"{""sentences"": [""I hear you."", ""We can pause here for a moment.""], ""safety"": ""ok""}",1,2176,2.4726000001464854,0.0018999999156221747,0.00030000046535860747,0.013999999282532372,0.005099999725644011,2.4993999995786
1344,d177_u4,happy,train,177,4,bc,2,1,1,0,0,0,1,1,0,ok,"{""sentences"": [""I hear you."", ""We can pause here for a moment.""], ""safety"": ""ok""}",1,2176,3.2385000004069298,0.002100000529026147,0.00019999970390927047,0.014799999917158857,0.005899999450775795,3.2682999999451567
1345,d177_u6,happy,train,177,6,bc,2,1,1,0,0,0,1,1,0,ok,"{""sentences"": [""I hear you."", ""We can pause here for a moment.""], ""safety"": ""ok""}",1,2176,3.1282999998438754,0.0017999991541728377,0.00019999970390927047,0.013099999705445953,0.005099999725644011,3.1540999998469488
1346,d177_u7,happy,train,177,7,bc,2,1,1,0,0,0,1,1,0,ok,"{""sentences"": [""I hear you."", ""We can pause here for a moment.""], ""safety"": ""ok""}",1,2176,2.883200000724173,0.00199999976757681,0.00019999970390927047,0.013900000340072438,0.0052999994295532815,2.910399999564106
1347,d177_u8,sad,train,177,8,bc,2,1,1,0,0,0,1,1,0,ok,"{""sentences"": [""I hear you."", ""We can pause here for a moment.""], ""safety"": ""ok""}",1,2176,2.4611999997432576,0.00199999976757681,0.00020000061340397224,0.013799999578623101,0.005599999894911889,2.488900000571448
1348,d177_u9,happy,train,177,9,bc,2,1,1,0,0,0,1,1,0,ok,"{""sentences"": [""I hear you."", ""We can pause here for a moment.""], ""safety"": ""ok""}",1,2176,2.7459999992061057,0.0020000006770715117,0.00019999970390927047,0.013699999726668466,0.005599999894911889,2.773700000034296
1349,d177_u10,neutral,train,177,10,bc,2,1,1,0,0,0,1,1,0,ok,"{""sentences"": [""I hear you."", ""We can pause here for a moment.""], ""safety"": ""ok""}",1,2176,3.197300000465475,0.0020000006770715117,0.0002999995558639057,0.013199999557400588,0.005000000783184078,3.2233000001724577
1350,d178_u0,happy,train,178,0,bc,2,1,1,0,0,0,1,1,0,ok,"{""sentences"": [""I hear you."", ""We can pause here for a moment.""], ""safety"": ""ok""}",1,2176,2.3401999997076928,0.0018999999156221747,0.00020000061340397224,0.013500000022759195,0.004999999873689376,2.3664000000280794
1351,d178_u1,neutral,train,178,1,bc,2,1,1,0,0,0,1,1,0,ok,"{""sentences"": [""I hear you."", ""We can pause here for a moment.""], ""safety"": ""ok""}",1,2176,2.556499999627704,0.00199999976757681,0.00019999970390927047,0.013800000488117803,0.0052999994295532815,2.5836000004346715
1352,d179_u0,neutral,train,179,0,bc,2,1,1,0,0,0,1,1,0,ok,"{""sentences"": [""I hear you."", ""We can pause here for a moment.""], ""safety"": ""ok""}",1,2176,2.8074000001652166,0.00199999976757681,0.00030000046535860747,0.014799999917158857,0.0054000001910026185,2.835899999809044
1353,d179_u1,neutral,train,179,1,bc,2,1,1,0,0,0,1,1,0,ok,"{""sentences"": [""I hear you."", ""We can pause here for a moment.""], ""safety"": ""ok""}",1,2176,2.604100000098697,0.002099999619531445,0.0002999995558639057,0.014400000509340316,0.005199999577598646,2.6320999995732564
1354,d179_u2,neutral,train,179,2,bc,2,1,1,0,0,0,1,1,0,ok,"{""sentences"": [""I hear you."", ""We can pause here for a moment.""], ""safety"": ""ok""}",1,2176,3.262899999754154,0.002100000529026147,0.00019999970390927047,0.014600000213249587,0.0054000001910026185,3.291299999546027
1355,d179_u3,neutral,train,179,3,bc,2,1,1,0,0,0,1,1,0,ok,"{""sentences"": [""I hear you."", ""We can pause here for a moment.""], ""safety"": ""ok""}",1,2176,2.547400000366906,0.0018999999156221747,0.00020000061340397224,0.013700000636163168,0.005199999577598646,2.5740000000951113
1356,d179_u4,neutral,train,179,4,bc,2,1,1,0,0,0,1,1,0,ok,"{""sentences"": [""I hear you."", ""We can pause here for a moment.""], ""safety"": ""ok""}",1,2176,2.5241000003006775,0.0018999999156221747,0.0002999995558639057,0.013500000022759195,0.005099999725644011,2.5507000000288826
1357,d179_u5,neutral,train,179,5,bc,2,1,1,0,0,0,1,1,0,ok,"{""sentences"": [""I hear you."", ""We can pause here for a moment.""], ""safety"": ""ok""}",1,2176,2.8674000004684785,0.002200000380980782,0.0002999995558639057,0.01340000017080456,0.005099999725644011,2.8937999995832797
1358,d179_u6,neutral,train,179,6,bc,2,1,1,0,0,0,1,1,0,ok,"{""sentences"": [""I hear you."", ""We can pause here for a moment.""], ""safety"": ""ok""}",1,2176,3.0048999997234205,0.00199999976757681,0.00030000046535860747,0.013999999282532372,0.0052999994295532815,3.0323999999382067
1359,d179_u7,neutral,train,179,7,bc,2,1,1,0,0,0,1,1,0,ok,"{""sentences"": [""I hear you."", ""We can pause here for a moment.""], ""safety"": ""ok""}",1,2176,2.9441000006045215,0.0018999999156221747,0.00020000061340397224,0.013699999726668466,0.005300000339047983,2.970900000036636
1360,d179_u8,neutral,train,179,8,bc,2,1,1,0,0,0,1,1,0,ok,"{""sentences"": [""I hear you."", ""We can pause here for a moment.""], ""safety"": ""ok""}",1,2176,2.201299999796902,0.0018999999156221747,0.0002999995558639057,0.013099999705445953,0.005300000339047983,2.2272999995038845
1361,d179_u9,neutral,train,179,9,bc,2,1,1,0,0,0,1,1,0,ok,"{""sentences"": [""I hear you."", ""We can pause here for a moment.""], ""safety"": ""ok""}",1,2176,3.0523999994329643,0.00199999976757681,0.00020000061340397224,0.014100000043981709,0.005099999725644011,3.0796999999438412
1362,d179_u10,happy,train,179,10,bc,2,1,1,0,0,0,1,1,0,ok,"{""sentences"": [""I hear you."", ""We can pause here for a moment.""], ""safety"": ""ok""}",1,2176,2.5609999993321253,0.00199999976757681,0.00030000046535860747,0.01359999987471383,0.005099999725644011,2.5875000001178705
1363,d179_u11,neutral,train,179,11,bc,2,1,1,0,0,0,1,1,0,ok,"{""sentences"": [""I hear you."", ""We can pause here for a moment.""], ""safety"": ""ok""}",1,2176,2.9647000001205015,0.00199999976757681,0.00030000046535860747,0.015499999790336005,0.0052999994295532815,2.9942000001028646
1364,d179_u12,neutral,train,179,12,bc,2,1,1,0,0,0,1,1,0,ok,"{""sentences"": [""I hear you."", ""We can pause here for a moment.""], ""safety"": ""ok""}",1,2176,3.4550999998828047,0.0018000000636675395,0.00019999970390927047,0.014199999895936344,0.005199999577598646,3.4821999997802777
1365,d179_u13,neutral,train,179,13,bc,2,1,1,0,0,0,1,1,0,ok,"{""sentences"": [""I hear you."", ""We can pause here for a moment.""], ""safety"": ""ok""}",1,2176,2.4380000004384783,0.002099999619531445,0.00019999970390927047,0.014299999747890979,0.005300000339047983,2.4660999997649924
1366,d179_u14,neutral,train,179,14,bc,2,1,1,0,0,0,1,1,0,ok,"{""sentences"": [""I hear you."", ""We can pause here for a moment.""], ""safety"": ""ok""}",1,2176,2.697799999623385,0.0018999999156221747,0.00030000046535860747,0.014099999134487007,0.005599999894911889,2.7256000003035297
1367,d179_u15,neutral,train,179,15,bc,2,1,1,0,0,0,1,1,0,ok,"{""sentences"": [""I hear you."", ""We can pause here for a moment.""], ""safety"": ""ok""}",1,2176,2.8824999999415013,0.00199999976757681,0.00019999970390927047,0.014599999303754885,0.005500000042957254,2.9113000000506872
1368,d179_u16,neutral,train,179,16,bc,2,1,1,0,0,0,1,1,0,ok,"{""sentences"": [""I hear you."", ""We can pause here for a moment.""], ""safety"": ""ok""}",1,2176,3.0184999995981343,0.002099999619531445,0.00020000061340397224,0.014100000043981709,0.005300000339047983,3.0458000001090113
1369,d179_u17,neutral,train,179,17,bc,2,1,1,0,0,0,1,1,0,ok,"{""sentences"": [""I hear you."", ""We can pause here for a moment.""], ""safety"": ""ok""}",1,2176,2.8703999996650964,0.0018999999156221747,0.00019999970390927047,0.01359999987471383,0.005200000487093348,2.8970000003027963
1370,d179_u18,neutral,train,179,18,bc,2,1,1,0,0,0,1,1,0,ok,"{""sentences"": [""I hear you."", ""We can pause here for a moment.""], ""safety"": ""ok""}",1,2176,2.9932999996162835,0.0020000006770715117,0.00019999970390927047,0.013699999726668466,0.0054000001910026185,3.0206000001271605
1371,d179_u19,angry,train,179,19,bc,2,1,1,0,0,0,1,1,0,ok,"{""sentences"": [""I hear you."", ""We can pause here for a moment.""], ""safety"": ""ok""}",1,2176,2.6969000000462984,0.00199999976757681,0.0002999995558639057,0.014000000192027073,0.0054000001910026185,2.724599999964994
1372,d180_u0,happy,train,180,0,bc,2,1,1,0,0,0,1,1,0,ok,"{""sentences"": [""I hear you."", ""We can pause here for a moment.""], ""safety"": ""ok""}",1,2176,2.7755000000979635,0.002100000529026147,0.0002999995558639057,0.014999999621068127,0.005599999894911889,2.804400000059104
1373,d180_u4,sad,train,180,4,bc,2,1,1,0,0,0,1,1,0,ok,"{""sentences"": [""I hear you."", ""We can pause here for a moment.""], ""safety"": ""ok""}",1,2176,2.6330000000598375,0.002099999619531445,0.0002999995558639057,0.014199999895936344,0.0054000001910026185,2.6611000002958463
1374,d180_u5,sad,train,180,5,bc,2,1,1,0,0,0,1,1,0,ok,"{""sentences"": [""I hear you."", ""We can pause here for a moment.""], ""safety"": ""ok""}",1,2176,3.056999999898835,0.0018999999156221747,0.0002999995558639057,0.014100000043981709,0.0052999994295532815,3.0844000002616667
1375,d180_u9,happy,train,180,9,bc,2,1,1,0,0,0,1,1,0,ok,"{""sentences"": [""I hear you."", ""We can pause here for a moment.""], ""safety"": ""ok""}",1,2176,3.392500000700238,0.002100000529026147,0.00030000046535860747,0.014799999917158857,0.005300000339047983,3.42110000019602
1376,d180_u10,neutral,train,180,10,bc,2,1,1,0,0,0,1,1,0,ok,"{""sentences"": [""I hear you."", ""We can pause here for a moment.""], ""safety"": ""ok""}",1,2176,2.3130999998102197,0.0018999999156221747,0.00019999970390927047,0.013800000488117803,0.005199999577598646,2.339900000151829
1377,d180_u12,neutral,train,180,12,bc,2,1,1,0,0,0,1,1,0,ok,"{""sentences"": [""I hear you."", ""We can pause here for a moment.""], ""safety"": ""ok""}",1,2176,2.6762999996208237,0.0018000000636675395,0.00030000046535860747,0.013699999726668466,0.005200000487093348,2.703299999666342
1378,d180_u14,happy,train,180,14,bc,2,1,1,0,0,0,1,1,0,ok,"{""sentences"": [""I hear you."", ""We can pause here for a moment.""], ""safety"": ""ok""}",1,2176,2.639899999849149,0.0018999999156221747,0.00019999970390927047,0.01359999987471383,0.005300000339047983,2.666999999746622
1379,d181_u0,angry,train,181,0,bc,2,1,1,0,0,0,1,1,0,ok,"{""sentences"": [""I hear you."", ""We can pause here for a moment.""], ""safety"": ""ok""}",1,2176,2.9729999996561673,0.002100000529026147,0.0002999995558639057,0.013099999705445953,0.005099999725644011,2.99890000042069
1380,d181_u1,neutral,train,181,1,bc,2,1,1,0,0,0,1,1,0,ok,"{""sentences"": [""I hear you."", ""We can pause here for a moment.""], ""safety"": ""ok""}",1,2176,2.6383000003988855,0.0018999999156221747,0.00019999970390927047,0.028399999791872688,0.005000000783184078,2.6791999998749816
1381,d181_u2,neutral,train,181,2,bc,2,1,1,0,0,0,1,1,0,ok,"{""sentences"": [""I hear you."", ""We can pause here for a moment.""], ""safety"": ""ok""}",1,2176,2.6590999996187747,0.0018000000636675395,0.00019999970390927047,0.012100000276404899,0.004399999852466863,2.682199999981094
1382,d181_u4,neutral,train,181,4,bc,2,1,1,0,0,0,1,1,0,ok,"{""sentences"": [""I hear you."", ""We can pause here for a moment.""], ""safety"": ""ok""}",1,2176,3.8180000001375447,0.0018000000636675395,0.00019999970390927047,0.012800000149582047,0.00470000031782547,3.8430000004154863
1383,d182_u0,neutral,train,182,0,bc,2,1,1,0,0,0,1,1,0,ok,"{""sentences"": [""I hear you."", ""We can pause here for a moment.""], ""safety"": ""ok""}",1,2176,2.2859999999127467,0.002100000529026147,0.00019999970390927047,0.015099999473022763,0.0057999995988211595,2.3162999996202416
1384,d182_u1,sad,train,182,1,bc,2,1,1,0,0,0,1,1,0,ok,"{""sentences"": [""I hear you."", ""We can pause here for a moment.""], ""safety"": ""ok""}",1,2176,2.96269999944343,0.00199999976757681,0.00020000061340397224,0.013900000340072438,0.005199999577598646,2.989700000398443
1385,d182_u2,sad,train,182,2,bc,2,1,1,0,0,0,1,1,0,ok,"{""sentences"": [""I hear you."", ""We can pause here for a moment.""], ""safety"": ""ok""}",1,2176,2.8524999997898703,0.0018999999156221747,0.00019999970390927047,0.014199999895936344,0.0054000001910026185,2.8800999998566112
1386,d182_u3,angry,train,182,3,bc,2,1,1,0,0,0,1,1,0,ok,"{""sentences"": [""I hear you."", ""We can pause here for a moment.""], ""safety"": ""ok""}",1,2176,2.7512000006026938,0.0020000006770715117,0.00019999970390927047,0.013799999578623101,0.005199999577598646,2.7781999997387175
1387,d182_u4,angry,train,182,4,bc,2,1,1,0,0,0,1,1,0,ok,"{""sentences"": [""I hear you."", ""We can pause here for a moment.""], ""safety"": ""ok""}",1,2176,3.382199999578006,0.0018000000636675395,0.00019999970390927047,0.01340000017080456,0.004999999873689376,3.4084999997503473
1388,d182_u5,angry,train,182,5,bc,2,1,1,0,0,0,1,1,0,ok,"{""sentences"": [""I hear you."", ""We can pause here for a moment.""], ""safety"": ""ok""}",1,2176,2.514799999516981,0.0018999999156221747,0.0002999995558639057,0.013300000318849925,0.004999999873689376,2.540700000281504
1389,d182_u6,angry,train,182,6,bc,2,1,1,0,0,0,1,1,0,ok,"{""sentences"": [""I hear you."", ""We can pause here for a moment.""], ""safety"": ""ok""}",1,2176,2.748799999608309,0.00199999976757681,0.00030000046535860747,0.01340000017080456,0.005099999725644011,2.775100000690145
1390,d182_u7,neutral,train,182,7,bc,2,1,1,0,0,0,1,1,0,ok,"{""sentences"": [""I hear you."", ""We can pause here for a moment.""], ""safety"": ""ok""}",1,2176,2.5601000006645336,0.0018999999156221747,0.00020000061340397224,0.013299999409355223,0.005199999577598646,2.58639999992738
1391,d182_u8,angry,train,182,8,bc,2,1,1,0,0,0,1,1,0,ok,"{""sentences"": [""I hear you."", ""We can pause here for a moment.""], ""safety"": ""ok""}",1,2176,3.0225999998947373,0.002099999619531445,0.00020000061340397224,0.014000000192027073,0.005599999894911889,3.0506000002787914
1392,d182_u9,angry,train,182,9,bc,2,1,1,0,0,0,1,1,0,ok,"{""sentences"": [""I hear you."", ""We can pause here for a moment.""], ""safety"": ""ok""}",1,2176,2.904300000409421,0.002100000529026147,0.00019999970390927047,0.01359999987471383,0.005300000339047983,2.930999999989581
1393,d182_u10,neutral,train,182,10,bc,2,1,1,0,0,0,1,1,0,ok,"{""sentences"": [""I hear you."", ""We can pause here for a moment.""], ""safety"": ""ok""}",1,2176,2.4394000001848326,0.0023000002329354174,0.00020000061340397224,0.01430000065738568,0.005399999281507917,2.467199999955483
1394,d182_u11,neutral,train,182,11,bc,2,1,1,0,0,0,1,1,0,ok,"{""sentences"": [""I hear you."", ""We can pause here for a moment.""], ""safety"": ""ok""}",1,2176,2.8853999992861645,0.0021999994714860804,0.00030000046535860747,0.013900000340072438,0.005200000487093348,2.9129000004104455
1395,d182_u12,neutral,train,182,12,bc,2,1,1,0,0,0,1,1,0,ok,"{""sentences"": [""I hear you."", ""We can pause here for a moment.""], ""safety"": ""ok""}",1,2176,2.391899999565794,0.00199999976757681,0.00030000046535860747,0.013299999409355223,0.005200000487093348,2.41829999959009
1396,d182_u13,neutral,train,182,13,bc,2,1,1,0,0,0,1,1,0,ok,"{""sentences"": [""I hear you."", ""We can pause here for a moment.""], ""safety"": ""ok""}",1,2176,3.1211000004987,0.0018999999156221747,0.00019999970390927047,0.013699999726668466,0.005200000487093348,3.1478000000788597
1397,d182_u14,neutral,train,182,14,bc,2,1,1,0,0,0,1,1,0,ok,"{""sentences"": [""I hear you."", ""We can pause here for a moment.""], ""safety"": ""ok""}",1,2176,2.517699999771139,0.0018999999156221747,0.0002999995558639057,0.013699999726668466,0.005000000783184078,2.5444000002607936
1398,d182_u15,neutral,train,182,15,bc,2,1,1,0,0,0,1,1,0,ok,"{""sentences"": [""I hear you."", ""We can pause here for a moment.""], ""safety"": ""ok""}",1,2176,2.712200000132725,0.0018000000636675395,0.00019999970390927047,0.01320000046689529,0.005099999725644011,2.7377999995223945
1399,d183_u0,neutral,train,183,0,bc,2,1,1,0,0,0,1,1,0,ok,"{""sentences"": [""I hear you."", ""We can pause here for a moment.""], ""safety"": ""ok""}",1,2176,2.748200000496581,0.0018999999156221747,0.00019999970390927047,0.013699999726668466,0.005300000339047983,2.774900000076741
1400,d183_u2,happy,train,183,2,bc,2,1,1,0,0,0,1,1,0,ok,"{""sentences"": [""I hear you."", ""We can pause here for a moment.""], ""safety"": ""ok""}",1,2176,2.5736999996297527,0.0018999999156221747,0.00019999970390927047,0.014000000192027073,0.005199999577598646,2.6010999999925843
1401,d183_u3,neutral,train,183,3,bc,2,1,1,0,0,0,1,1,0,ok,"{""sentences"": [""I hear you."", ""We can pause here for a moment.""], ""safety"": ""ok""}",1,2176,3.0951999997341773,0.00199999976757681,0.00019999970390927047,0.014000000192027073,0.005599999894911889,3.123299999970186
1402,d183_u4,neutral,train,183,4,bc,2,1,1,0,0,0,1,1,0,ok,"{""sentences"": [""I hear you."", ""We can pause here for a moment.""], ""safety"": ""ok""}",1,2176,2.607200000056764,0.00199999976757681,0.0002999995558639057,0.014799999917158857,0.0059000003602704965,2.6364000004832633
1403,d183_u5,happy,train,183,5,bc,2,1,1,0,0,0,1,1,0,ok,"{""sentences"": [""I hear you."", ""We can pause here for a moment.""], ""safety"": ""ok""}",1,2176,2.9807000000801054,0.0027999994927085936,0.0004000003173132427,0.01919999976962572,0.01680000059423037,3.0275999997684266
1404,d183_u6,neutral,train,183,6,bc,2,1,1,0,0,0,1,1,0,ok,"{""sentences"": [""I hear you."", ""We can pause here for a moment.""], ""safety"": ""ok""}",1,2176,2.8996000000915956,0.00199999976757681,0.00020000061340397224,0.01430000065738568,0.0054000001910026185,2.927800000179559
1405,d183_u7,neutral,train,183,7,bc,2,1,1,0,0,0,1,1,0,ok,"{""sentences"": [""I hear you."", ""We can pause here for a moment.""], ""safety"": ""ok""}",1,2176,3.1225000002450543,0.002100000529026147,0.0002999995558639057,0.014000000192027073,0.005300000339047983,3.149899999698391
1406,d183_u8,neutral,train,183,8,bc,2,1,1,0,0,0,1,1,0,ok,"{""sentences"": [""I hear you."", ""We can pause here for a moment.""], ""safety"": ""ok""}",1,2176,2.6140999998460757,0.0018999999156221747,0.00030000046535860747,0.012700000297627412,0.00470000031782547,2.6387999996586586
1407,d183_u9,happy,train,183,9,bc,2,1,1,0,0,0,1,1,0,ok,"{""sentences"": [""I hear you."", ""We can pause here for a moment.""], ""safety"": ""ok""}",1,2176,3.236500000639353,0.0018000000636675395,0.00030000046535860747,0.013699999726668466,0.005300000339047983,3.2634999997753766
1408,d183_u10,neutral,train,183,10,bc,2,1,1,0,0,0,1,1,0,ok,"{""sentences"": [""I hear you."", ""We can pause here for a moment.""], ""safety"": ""ok""}",1,2176,2.5621000004321104,0.0018999999156221747,0.00030000046535860747,0.013300000318849925,0.005200000487093348,2.588399999694957
1409,d183_u11,neutral,train,183,11,bc,2,1,1,0,0,0,1,1,0,ok,"{""sentences"": [""I hear you."", ""We can pause here for a moment.""], ""safety"": ""ok""}",1,2176,3.0733000003237976,0.0020000006770715117,0.0002999995558639057,0.013500000022759195,0.005200000487093348,3.1002999994598213
1410,d183_u12,happy,train,183,12,bc,2,1,1,0,0,0,1,1,0,ok,"{""sentences"": [""I hear you."", ""We can pause here for a moment.""], ""safety"": ""ok""}",1,2176,2.768899999864516,0.002099999619531445,0.00019999970390927047,0.01359999987471383,0.005100000635138713,2.7958000000580796
1411,d183_u13,neutral,train,183,13,bc,2,1,1,0,0,0,1,1,0,ok,"{""sentences"": [""I hear you."", ""We can pause here for a moment.""], ""safety"": ""ok""}",1,2176,2.9657000004590373,0.0018999999156221747,0.00019999970390927047,0.014299999747890979,0.005399999281507917,2.993399999468238
1412,d183_u14,neutral,train,183,14,bc,2,1,1,0,0,0,1,1,0,ok,"{""sentences"": [""I hear you."", ""We can pause here for a moment.""], ""safety"": ""ok""}",1,2176,2.2982000000411063,0.0018000000636675395,0.00019999970390927047,0.014399999599845614,0.0052999994295532815,2.325599999494443
1413,d183_u15,neutral,train,183,15,bc,2,1,1,0,0,0,1,1,0,ok,"{""sentences"": [""I hear you."", ""We can pause here for a moment.""], ""safety"": ""ok""}",1,2176,2.970399999867368,0.0018999999156221747,0.00030000046535860747,0.014100000043981709,0.005200000487093348,2.997999999934109
1414,d183_u16,neutral,train,183,16,bc,2,1,1,0,0,0,1,1,0,ok,"{""sentences"": [""I hear you."", ""We can pause here for a moment.""], ""safety"": ""ok""}",1,2176,3.2023999992816243,0.0018999999156221747,0.0002999995558639057,0.013699999726668466,0.005599999894911889,3.2298000005539507
1415,d183_u17,neutral,train,183,17,bc,2,1,1,0,0,0,1,1,0,ok,"{""sentences"": [""I hear you."", ""We can pause here for a moment.""], ""safety"": ""ok""}",1,2176,2.652299999681418,0.0018999999156221747,0.00030000046535860747,0.013700000636163168,0.005099999725644011,2.6789999992615776
1416,d183_u18,neutral,train,183,18,bc,2,1,1,0,0,0,1,1,0,ok,"{""sentences"": [""I hear you."", ""We can pause here for a moment.""], ""safety"": ""ok""}",1,2176,2.3361000003205845,0.0018999999156221747,0.00020000061340397224,0.013700000636163168,0.005099999725644011,2.363099999456608
1417,d183_u19,happy,train,183,19,bc,2,1,1,0,0,0,1,1,0,ok,"{""sentences"": [""I hear you."", ""We can pause here for a moment.""], ""safety"": ""ok""}",1,2176,3.440000000409782,0.0018000000636675395,0.00019999970390927047,0.013699999726668466,0.004900000021734741,3.4662999996726285
1418,d184_u0,happy,train,184,0,bc,2,1,1,0,0,0,1,1,0,ok,"{""sentences"": [""I hear you."", ""We can pause here for a moment.""], ""safety"": ""ok""}",1,2176,2.8591999998752726,0.0020000006770715117,0.00019999970390927047,0.01340000017080456,0.004900000021734741,2.8851999995822553
1419,d184_u1,neutral,train,184,1,bc,2,1,1,0,0,0,1,1,0,ok,"{""sentences"": [""I hear you."", ""We can pause here for a moment.""], ""safety"": ""ok""}",1,2176,2.674400000614696,0.0018000000636675395,0.00030000046535860747,0.014000000192027073,0.004900000021734741,2.70139999975072
1420,d184_u2,neutral,train,184,2,bc,2,1,1,0,0,0,1,1,0,ok,"{""sentences"": [""I hear you."", ""We can pause here for a moment.""], ""safety"": ""ok""}",1,2176,2.082999999402091,0.0018999999156221747,0.0002999995558639057,0.01340000017080456,0.005099999725644011,2.1090000000185682
1421,d184_u3,happy,train,184,3,bc,2,1,1,0,0,0,1,1,0,ok,"{""sentences"": [""I hear you."", ""We can pause here for a moment.""], ""safety"": ""ok""}",1,2176,3.255699999499484,0.0018999999156221747,0.00020000061340397224,0.013499999113264494,0.005199999577598646,3.2823999999891385
1422,d184_u4,happy,train,184,4,bc,2,1,1,0,0,0,1,1,0,ok,"{""sentences"": [""I hear you."", ""We can pause here for a moment.""], ""safety"": ""ok""}",1,2176,2.5274999998146086,0.00199999976757681,0.00030000046535860747,0.015100000382517464,0.005500000042957254,2.556899999945017
1423,d184_u5,happy,train,184,5,bc,2,1,1,0,0,0,1,1,0,ok,"{""sentences"": [""I hear you."", ""We can pause here for a moment.""], ""safety"": ""ok""}",1,2176,3.043499999876076,0.0018000000636675395,0.00030000046535860747,0.013099999705445953,0.004999999873689376,3.068899999561836
1424,d184_u6,sad,train,184,6,bc,2,1,1,0,0,0,1,1,0,ok,"{""sentences"": [""I hear you."", ""We can pause here for a moment.""], ""safety"": ""ok""}",1,2176,3.1644999999116408,0.00199999976757681,0.00020000061340397224,0.013799999578623101,0.005300000339047983,3.191499999957159
1425,d184_u7,neutral,train,184,7,bc,2,1,1,0,0,0,1,1,0,ok,"{""sentences"": [""I hear you."", ""We can pause here for a moment.""], ""safety"": ""ok""}",1,2176,2.8775999999197666,0.0018000000636675395,0.00020000061340397224,0.014199999895936344,0.0054000001910026185,2.9053999996904167
1426,d184_u8,neutral,train,184,8,bc,2,1,1,0,0,0,1,1,0,ok,"{""sentences"": [""I hear you."", ""We can pause here for a moment.""], ""safety"": ""ok""}",1,2176,2.5115000007644994,0.0020000006770715117,0.0002999995558639057,0.013900000340072438,0.005099999725644011,2.538700000513927
1427,d184_u9,happy,train,184,9,bc,2,1,1,0,0,0,1,1,0,ok,"{""sentences"": [""I hear you."", ""We can pause here for a moment.""], ""safety"": ""ok""}",1,2176,3.549199999724806,0.0018999999156221747,0.00019999970390927047,0.013699999726668466,0.004900000021734741,3.575700000510551
1428,d184_u10,angry,train,184,10,bc,2,1,1,0,0,0,1,1,0,ok,"{""sentences"": [""I hear you."", ""We can pause here for a moment.""], ""safety"": ""ok""}",1,2176,2.555400000346708,0.00199999976757681,0.00020000061340397224,0.013600000784208532,0.004999999873689376,2.5817999994615093
1429,d184_u12,neutral,train,184,12,bc,2,1,1,0,0,0,1,1,0,ok,"{""sentences"": [""I hear you."", ""We can pause here for a moment.""], ""safety"": ""ok""}",1,2176,2.843100000063714,0.0018000000636675395,0.0002999995558639057,0.013899999430577736,0.0052999994295532815,2.8702999998131418
1430,d184_u13,angry,train,184,13,bc,2,1,1,0,0,0,1,1,0,ok,"{""sentences"": [""I hear you."", ""We can pause here for a moment.""], ""safety"": ""ok""}",1,2176,2.516700000342098,0.0018999999156221747,0.0002999995558639057,0.013699999726668466,0.005399999281507917,2.5439999999434804
1431,d184_u14,neutral,train,184,14,bc,2,1,1,0,0,0,1,1,0,ok,"{""sentences"": [""I hear you."", ""We can pause here for a moment.""], ""safety"": ""ok""}",1,2176,2.7396000004955567,0.0020000006770715117,0.00030000046535860747,0.014700000065204222,0.0054000001910026185,2.7680000002874294
1432,d184_u16,angry,train,184,16,bc,2,1,1,0,0,0,1,1,0,ok,"{""sentences"": [""I hear you."", ""We can pause here for a moment.""], ""safety"": ""ok""}",1,2176,3.0714999993506353,0.00199999976757681,0.00030000046535860747,0.013600000784208532,0.005599999894911889,3.0987999998615123
1433,d184_u17,angry,train,184,17,bc,2,1,1,0,0,0,1,1,0,ok,"{""sentences"": [""I hear you."", ""We can pause here for a moment.""], ""safety"": ""ok""}",1,2176,2.729900000304042,0.0018999999156221747,0.00020000061340397224,0.013600000784208532,0.005199999577598646,2.756500000032247
1434,d184_u18,neutral,train,184,18,bc,2,1,1,0,0,0,1,1,0,ok,"{""sentences"": [""I hear you."", ""We can pause here for a moment.""], ""safety"": ""ok""}",1,2176,2.7494000005390262,0.0020000006770715117,0.0002999995558639057,0.01359999987471383,0.005200000487093348,2.776100000119186
1435,d184_u19,angry,train,184,19,bc,2,1,1,0,0,0,1,1,0,ok,"{""sentences"": [""I hear you."", ""We can pause here for a moment.""], ""safety"": ""ok""}",1,2176,2.748200000496581,0.0018999999156221747,0.0002999995558639057,0.013299999409355223,0.005099999725644011,2.7744999997594277
1436,d184_u20,neutral,train,184,20,bc,2,1,1,0,0,0,1,1,0,ok,"{""sentences"": [""I hear you."", ""We can pause here for a moment.""], ""safety"": ""ok""}",1,2176,3.350500000124157,0.0019000008251168765,0.00019999970390927047,0.014000000192027073,0.0052999994295532815,3.3775000001696753
1437,d184_u21,angry,train,184,21,bc,2,1,1,0,0,0,1,1,0,ok,"{""sentences"": [""I hear you."", ""We can pause here for a moment.""], ""safety"": ""ok""}",1,2176,2.4212999996962026,0.0018999999156221747,0.00019999970390927047,0.013700000636163168,0.0052999994295532815,2.4481999998897663
1438,d185_u1,neutral,train,185,1,bc,2,1,1,0,0,0,1,1,0,ok,"{""sentences"": [""I hear you."", ""We can pause here for a moment.""], ""safety"": ""ok""}",1,2176,2.480000000105065,0.00199999976757681,0.00020000061340397224,0.01320000046689529,0.004900000021734741,2.505699999346689
1439,d185_u3,neutral,train,185,3,bc,2,1,1,0,0,0,1,1,0,ok,"{""sentences"": [""I hear you."", ""We can pause here for a moment.""], ""safety"": ""ok""}",1,2176,2.793999999994412,0.0018999999156221747,0.0002999995558639057,0.01359999987471383,0.005200000487093348,2.820699999574572
1440,d185_u5,sad,train,185,5,bc,2,1,1,0,0,0,1,1,0,ok,"{""sentences"": [""I hear you."", ""We can pause here for a moment.""], ""safety"": ""ok""}",1,2176,3.46350000017992,0.0018000000636675395,0.00019999970390927047,0.013500000022759195,0.005200000487093348,3.490300000521529
1441,d185_u10,neutral,train,185,10,bc,2,1,1,0,0,0,1,1,0,ok,"{""sentences"": [""I hear you."", ""We can pause here for a moment.""], ""safety"": ""ok""}",1,2176,2.624100000502949,0.002499999936844688,0.0004000003173132427,0.015100000382517464,0.0054000001910026185,2.653900000041176
1442,d186_u0,happy,train,186,0,bc,2,1,1,0,0,0,1,1,0,ok,"{""sentences"": [""I hear you."", ""We can pause here for a moment.""], ""safety"": ""ok""}",1,2176,2.5470999999015476,0.002100000529026147,0.0002999995558639057,0.014000000192027073,0.005100000635138713,2.57430000056047
1443,d186_u1,happy,train,186,1,bc,2,1,1,0,0,0,1,1,0,ok,"{""sentences"": [""I hear you."", ""We can pause here for a moment.""], ""safety"": ""ok""}",1,2176,2.698400000554102,0.0018999999156221747,0.00030000046535860747,0.013500000022759195,0.004900000021734741,2.7244000002610846
1444,d186_u2,happy,train,186,2,bc,2,1,1,0,0,0,1,1,0,ok,"{""sentences"": [""I hear you."", ""We can pause here for a moment.""], ""safety"": ""ok""}",1,2176,2.9758000000583706,0.0018999999156221747,0.00019999970390927047,0.013500000022759195,0.005100000635138713,3.0022000000826665
1445,d186_u3,happy,train,186,3,bc,2,1,1,0,0,0,1,1,0,ok,"{""sentences"": [""I hear you."", ""We can pause here for a moment.""], ""safety"": ""ok""}",1,2176,3.282500000750588,0.0017000002117129043,0.00030000046535860747,0.013700000636163168,0.005199999577598646,3.3089999997173436
1446,d186_u4,neutral,train,186,4,bc,2,1,1,0,0,0,1,1,0,ok,"{""sentences"": [""I hear you."", ""We can pause here for a moment.""], ""safety"": ""ok""}",1,2176,3.2282000001941924,0.0018999999156221747,0.00020000061340397224,0.01359999987471383,0.005099999725644011,3.2547999999223975
1447,d187_u0,sad,train,187,0,bc,2,1,1,0,0,0,1,1,0,ok,"{""sentences"": [""I hear you."", ""We can pause here for a moment.""], ""safety"": ""ok""}",1,2176,2.119799999491079,0.0018999999156221747,0.00030000046535860747,0.013699999726668466,0.005099999725644011,2.1467000005941372
1448,d187_u2,happy,train,187,2,bc,2,1,1,0,0,0,1,1,0,ok,"{""sentences"": [""I hear you."", ""We can pause here for a moment.""], ""safety"": ""ok""}",1,2176,2.574799999820243,0.00199999976757681,0.00020000061340397224,0.013799999578623101,0.005100000635138713,2.6017999998657615
1449,d187_u4,neutral,train,187,4,bc,2,1,1,0,0,0,1,1,0,ok,"{""sentences"": [""I hear you."", ""We can pause here for a moment.""], ""safety"": ""ok""}",1,2176,2.776799999992363,0.002099999619531445,0.00019999970390927047,0.015199999324977398,0.005699999746866524,2.8064999996786355
1450,d187_u6,neutral,train,187,6,bc,2,1,1,0,0,0,1,1,0,ok,"{""sentences"": [""I hear you."", ""We can pause here for a moment.""], ""safety"": ""ok""}",1,2176,2.897800000027928,0.002100000529026147,0.00019999970390927047,0.01449999945180025,0.005199999577598646,2.9254999999466236
1451,d187_u7,neutral,train,187,7,bc,2,1,1,0,0,0,1,1,0,ok,"{""sentences"": [""I hear you."", ""We can pause here for a moment.""], ""safety"": ""ok""}",1,2176,2.716300000429328,0.00199999976757681,0.0002999995558639057,0.014100000043981709,0.005300000339047983,2.7440000003480236
1452,d187_u8,neutral,train,187,8,bc,2,1,1,0,0,0,1,1,0,ok,"{""sentences"": [""I hear you."", ""We can pause here for a moment.""], ""safety"": ""ok""}",1,2176,3.091800000220246,0.0018999999156221747,0.00030000046535860747,0.01340000017080456,0.005099999725644011,3.1181000003925874
1453,d187_u9,happy,train,187,9,bc,2,1,1,0,0,0,1,1,0,ok,"{""sentences"": [""I hear you."", ""We can pause here for a moment.""], ""safety"": ""ok""}",1,2176,3.0358000003616326,0.002100000529026147,0.00020000061340397224,0.013800000488117803,0.005300000339047983,3.063099999963015
1454,d188_u0,neutral,train,188,0,bc,2,1,1,0,0,0,1,1,0,ok,"{""sentences"": [""I hear you."", ""We can pause here for a moment.""], ""safety"": ""ok""}",1,2176,3.49610000012035,0.0018000000636675395,0.00019999970390927047,0.013099999705445953,0.005199999577598646,3.5221999996792874
1455,d188_u2,neutral,train,188,2,bc,2,1,1,0,0,0,1,1,0,ok,"{""sentences"": [""I hear you."", ""We can pause here for a moment.""], ""safety"": ""ok""}",1,2176,2.6969000000462984,0.0018000000636675395,0.0002999995558639057,0.013099999705445953,0.004999999873689376,2.7225000003454625
1456,d188_u3,angry,train,188,3,bc,2,1,1,0,0,0,1,1,0,ok,"{""sentences"": [""I hear you."", ""We can pause here for a moment.""], ""safety"": ""ok""}",1,2176,2.8255999995963066,0.0018999999156221747,0.0002999995558639057,0.013799999578623101,0.005100000635138713,2.852100000382052
1457,d188_u4,angry,train,188,4,bc,2,1,1,0,0,0,1,1,0,ok,"{""sentences"": [""I hear you."", ""We can pause here for a moment.""], ""safety"": ""ok""}",1,2176,2.9588999996121856,0.0017999991541728377,0.0002999995558639057,0.013099999705445953,0.004900000021734741,2.984400000059395
1458,d188_u5,angry,train,188,5,bc,2,1,1,0,0,0,1,1,0,ok,"{""sentences"": [""I hear you."", ""We can pause here for a moment.""], ""safety"": ""ok""}",1,2176,2.473699999427481,0.0018000000636675395,0.00020000061340397224,0.01359999987471383,0.005100000635138713,2.4998999997478677
1459,d188_u6,neutral,train,188,6,bc,2,1,1,0,0,0,1,1,0,ok,"{""sentences"": [""I hear you."", ""We can pause here for a moment.""], ""safety"": ""ok""}",1,2176,2.483799999936309,0.0018999999156221747,0.00030000046535860747,0.01320000046689529,0.005099999725644011,2.509900000404741
1460,d189_u1,neutral,train,189,1,bc,2,1,1,0,0,0,1,1,0,ok,"{""sentences"": [""I hear you."", ""We can pause here for a moment.""], ""safety"": ""ok""}",1,2176,3.047100000003411,0.0019000008251168765,0.00019999970390927047,0.015300000086426735,0.005599999894911889,3.0762000005779555
1461,d189_u2,neutral,train,189,2,bc,2,1,1,0,0,0,1,1,0,ok,"{""sentences"": [""I hear you."", ""We can pause here for a moment.""], ""safety"": ""ok""}",1,2176,3.192500000295695,0.0018999999156221747,0.00030000046535860747,0.012900000001536682,0.00470000031782547,3.217499999664142
1462,d189_u3,neutral,train,189,3,bc,2,1,1,0,0,0,1,1,0,ok,"{""sentences"": [""I hear you."", ""We can pause here for a moment.""], ""safety"": ""ok""}",1,2176,2.757000000201515,0.0018999999156221747,0.00019999970390927047,0.013899999430577736,0.0052999994295532815,2.784500000416301
1463,d189_u4,neutral,train,189,4,bc,2,1,1,0,0,0,1,1,0,ok,"{""sentences"": [""I hear you."", ""We can pause here for a moment.""], ""safety"": ""ok""}",1,2176,2.516300000024785,0.0018999999156221747,0.00030000046535860747,0.01359999987471383,0.004999999873689376,2.5427999999010353
1464,d189_u5,happy,train,189,5,bc,2,1,1,0,0,0,1,1,0,ok,"{""sentences"": [""I hear you."", ""We can pause here for a moment.""], ""safety"": ""ok""}",1,2176,2.482400000189955,0.0018999999156221747,0.0002999995558639057,0.013900000340072438,0.004900000021734741,2.509299999474024
1465,d189_u6,angry,train,189,6,bc,2,1,1,0,0,0,1,1,0,ok,"{""sentences"": [""I hear you."", ""We can pause here for a moment.""], ""safety"": ""ok""}",1,2176,2.7900999994017184,0.0018999999156221747,0.00019999970390927047,0.013500000022759195,0.004800000169780105,2.8159000003142864
1466,d189_u7,neutral,train,189,7,bc,2,1,1,0,0,0,1,1,0,ok,"{""sentences"": [""I hear you."", ""We can pause here for a moment.""], ""safety"": ""ok""}",1,2176,2.4639000002935063,0.0018999999156221747,0.00019999970390927047,0.013199999557400588,0.004900000021734741,2.489399999831221
1467,d189_u8,angry,train,189,8,bc,2,1,1,0,0,0,1,1,0,ok,"{""sentences"": [""I hear you."", ""We can pause here for a moment.""], ""safety"": ""ok""}",1,2176,3.1077000003278954,0.0018999999156221747,0.00019999970390927047,0.01359999987471383,0.005000000783184078,3.1341000003521913
1468,d189_u9,neutral,train,189,9,bc,2,1,1,0,0,0,1,1,0,ok,"{""sentences"": [""I hear you."", ""We can pause here for a moment.""], ""safety"": ""ok""}",1,2176,3.442899999754445,0.002099999619531445,0.0002999995558639057,0.014000000192027073,0.005300000339047983,3.47070000043459
1469,d189_u10,neutral,train,189,10,bc,2,1,1,0,0,0,1,1,0,ok,"{""sentences"": [""I hear you."", ""We can pause here for a moment.""], ""safety"": ""ok""}",1,2176,2.6453000000401516,0.00199999976757681,0.00030000046535860747,0.014500000361294951,0.0054000001910026185,2.6731999996627565
1470,d189_u13,angry,train,189,13,bc,2,1,1,0,0,0,1,1,0,ok,"{""sentences"": [""I hear you."", ""We can pause here for a moment.""], ""safety"": ""ok""}",1,2176,2.6973000003636116,0.002100000529026147,0.00019999970390927047,0.01340000017080456,0.004999999873689376,2.7233000000705943
1471,d189_u14,happy,train,189,14,bc,2,1,1,0,0,0,1,1,0,ok,"{""sentences"": [""I hear you."", ""We can pause here for a moment.""], ""safety"": ""ok""}",1,2176,3.4478999996281345,0.00199999976757681,0.00019999970390927047,0.01449999945180025,0.0052999994295532815,3.4759000000121887
1472,d189_u15,neutral,train,189,15,bc,2,1,1,0,0,0,1,1,0,ok,"{""sentences"": [""I hear you."", ""We can pause here for a moment.""], ""safety"": ""ok""}",1,2176,2.995599999849219,0.002100000529026147,0.00030000046535860747,0.013800000488117803,0.005200000487093348,3.0228000005081412
1473,d190_u0,neutral,train,190,0,bc,2,1,1,0,0,0,1,1,0,ok,"{""sentences"": [""I hear you."", ""We can pause here for a moment.""], ""safety"": ""ok""}",1,2176,2.9652000002897694,0.0018999999156221747,0.00030000046535860747,0.014199999895936344,0.005200000487093348,2.9930000000604196
1474,d190_u1,neutral,train,190,1,bc,2,1,1,0,0,0,1,1,0,ok,"{""sentences"": [""I hear you."", ""We can pause here for a moment.""], ""safety"": ""ok""}",1,2176,2.46179999976448,0.0018999999156221747,0.00030000046535860747,0.013700000636163168,0.0054000001910026185,2.488899999661953
1475,d190_u2,happy,train,190,2,bc,2,1,1,0,0,0,1,1,0,ok,"{""sentences"": [""I hear you."", ""We can pause here for a moment.""], ""safety"": ""ok""}",1,2176,2.744600000369246,0.0017999991541728377,0.00030000046535860747,0.01340000017080456,0.004999999873689376,2.770799999780138
1476,d190_u3,neutral,train,190,3,bc,2,1,1,0,0,0,1,1,0,ok,"{""sentences"": [""I hear you."", ""We can pause here for a moment.""], ""safety"": ""ok""}",1,2176,2.7696000006471877,0.0019000008251168765,0.0002999995558639057,0.013799999578623101,0.005399999281507917,2.7968000003966154
1477,d190_u4,happy,train,190,4,bc,2,1,1,0,0,0,1,1,0,ok,"{""sentences"": [""I hear you."", ""We can pause here for a moment.""], ""safety"": ""ok""}",1,2176,2.4256000006062095,0.0018999999156221747,0.00030000046535860747,0.01359999987471383,0.005300000339047983,2.4524999998902786
1478,d190_u5,neutral,train,190,5,bc,2,1,1,0,0,0,1,1,0,ok,"{""sentences"": [""I hear you."", ""We can pause here for a moment.""], ""safety"": ""ok""}",1,2176,3.3225000006495975,0.00199999976757681,0.0002999995558639057,0.014000000192027073,0.004999999873689376,3.349300000081712
1479,d190_u6,happy,train,190,6,bc,2,1,1,0,0,0,1,1,0,ok,"{""sentences"": [""I hear you."", ""We can pause here for a moment.""], ""safety"": ""ok""}",1,2176,2.729900000304042,0.0020000006770715117,0.00019999970390927047,0.014600000213249587,0.0052999994295532815,2.7581000003920053
1480,d190_u7,neutral,train,190,7,bc,2,1,1,0,0,0,1,1,0,ok,"{""sentences"": [""I hear you."", ""We can pause here for a moment.""], ""safety"": ""ok""}",1,2176,3.178400000251713,0.002099999619531445,0.00019999970390927047,0.014000000192027073,0.005099999725644011,3.2059999994089594
1481,d191_u0,angry,train,191,0,bc,2,1,1,0,0,0,1,1,0,ok,"{""sentences"": [""I hear you."", ""We can pause here for a moment.""], ""safety"": ""ok""}",1,2176,2.8130000000601285,0.0020000006770715117,0.00030000046535860747,0.014199999895936344,0.005199999577598646,2.8407999998307787
1482,d191_u1,neutral,train,191,1,bc,2,1,1,0,0,0,1,1,0,ok,"{""sentences"": [""I hear you."", ""We can pause here for a moment.""], ""safety"": ""ok""}",1,2176,2.9352000001381384,0.0020000006770715117,0.00019999970390927047,0.013500000022759195,0.005200000487093348,2.9617999998663436
1483,d191_u2,neutral,train,191,2,bc,2,1,1,0,0,0,1,1,0,ok,"{""sentences"": [""I hear you."", ""We can pause here for a moment.""], ""safety"": ""ok""}",1,2176,2.591299999949115,0.0018000000636675395,0.00019999970390927047,0.013500000022759195,0.0052999994295532815,2.617600000121456
1484,d191_u3,happy,train,191,3,bc,2,1,1,0,0,0,1,1,0,ok,"{""sentences"": [""I hear you."", ""We can pause here for a moment.""], ""safety"": ""ok""}",1,2176,2.6323999991291203,0.0018000000636675395,0.00020000061340397224,0.013700000636163168,0.005099999725644011,2.6588999999148655
1485,d191_u4,neutral,train,191,4,bc,2,1,1,0,0,0,1,1,0,ok,"{""sentences"": [""I hear you."", ""We can pause here for a moment.""], ""safety"": ""ok""}",1,2176,2.9811000003974186,0.0018999999156221747,0.00019999970390927047,0.013199999557400588,0.005000000783184078,3.0071000001044013
1486,d191_u5,neutral,train,191,5,bc,2,1,1,0,0,0,1,1,0,ok,"{""sentences"": [""I hear you."", ""We can pause here for a moment.""], ""safety"": ""ok""}",1,2176,2.7007999997294974,0.0018000000636675395,0.00019999970390927047,0.014000000192027073,0.005099999725644011,2.7278000006845105
1487,d191_u6,neutral,train,191,6,bc,2,1,1,0,0,0,1,1,0,ok,"{""sentences"": [""I hear you."", ""We can pause here for a moment.""], ""safety"": ""ok""}",1,2176,2.613499999824853,0.002200000380980782,0.0002999995558639057,0.01359999987471383,0.004900000021734741,2.6403000001664623
1488,d192_u0,sad,train,192,0,bc,2,1,1,0,0,0,1,1,0,ok,"{""sentences"": [""I hear you."", ""We can pause here for a moment.""], ""safety"": ""ok""}",1,2176,2.3651999999856343,0.0018000000636675395,0.00019999970390927047,0.013800000488117803,0.005300000339047983,2.391900000475289
1489,d192_u1,neutral,train,192,1,bc,2,1,1,0,0,0,1,1,0,ok,"{""sentences"": [""I hear you."", ""We can pause here for a moment.""], ""safety"": ""ok""}",1,2176,2.9076000000713975,0.002100000529026147,0.0002999995558639057,0.014600000213249587,0.0054000001910026185,2.9353999998420477
1490,d192_u2,neutral,train,192,2,bc,2,1,1,0,0,0,1,1,0,ok,"{""sentences"": [""I hear you."", ""We can pause here for a moment.""], ""safety"": ""ok""}",1,2176,2.6083000002472545,0.0020000006770715117,0.00019999970390927047,0.01359999987471383,0.005100000635138713,2.634800000123505
1491,d192_u3,happy,train,192,3,bc,2,1,1,0,0,0,1,1,0,ok,"{""sentences"": [""I hear you."", ""We can pause here for a moment.""], ""safety"": ""ok""}",1,2176,3.1314000007114373,0.0023000002329354174,0.00019999970390927047,0.01340000017080456,0.005099999725644011,3.1580000004396425
1492,d192_u4,happy,train,192,4,bc,2,1,1,0,0,0,1,1,0,ok,"{""sentences"": [""I hear you."", ""We can pause here for a moment.""], ""safety"": ""ok""}",1,2176,2.789800000755349,0.0018999999156221747,0.0002999995558639057,0.012800000149582047,0.004999999873689376,2.81509999967966
1493,d192_u6,happy,train,192,6,bc,2,1,1,0,0,0,1,1,0,ok,"{""sentences"": [""I hear you."", ""We can pause here for a moment.""], ""safety"": ""ok""}",1,2176,2.5125000001935405,0.0017999991541728377,0.00019999970390927047,0.013199999557400588,0.0054000001910026185,2.5386999996044324
1494,d193_u0,neutral,train,193,0,bc,2,1,1,0,0,0,1,1,0,ok,"{""sentences"": [""I hear you."", ""We can pause here for a moment.""], ""safety"": ""ok""}",1,2176,2.812400000038906,0.00199999976757681,0.0002999995558639057,0.014000000192027073,0.005199999577598646,2.839700000549783
1495,d193_u1,happy,train,193,1,bc,2,1,1,0,0,0,1,1,0,ok,"{""sentences"": [""I hear you."", ""We can pause here for a moment.""], ""safety"": ""ok""}",1,2176,3.0614999996032566,0.0018999999156221747,0.00039999940781854093,0.013699999726668466,0.005100000635138713,3.0881000002409564
1496,d193_u2,happy,train,193,2,bc,2,1,1,0,0,0,1,1,0,ok,"{""sentences"": [""I hear you."", ""We can pause here for a moment.""], ""safety"": ""ok""}",1,2176,2.452600000651728,0.0020000006770715117,0.00019999970390927047,0.014199999895936344,0.005199999577598646,2.480199999808974
1497,d193_u3,neutral,train,193,3,bc,2,1,1,0,0,0,1,1,0,ok,"{""sentences"": [""I hear you."", ""We can pause here for a moment.""], ""safety"": ""ok""}",1,2176,2.7106000006824615,0.0018999999156221747,0.00019999970390927047,0.014000000192027073,0.005099999725644011,2.73769999967044
1498,d193_u4,neutral,train,193,4,bc,2,1,1,0,0,0,1,1,0,ok,"{""sentences"": [""I hear you."", ""We can pause here for a moment.""], ""safety"": ""ok""}",1,2176,3.090600000177801,0.0018999999156221747,0.00019999970390927047,0.014700000065204222,0.005500000042957254,3.119199999673583
1499,d193_u6,neutral,train,193,6,bc,2,1,1,0,0,0,1,1,0,ok,"{""sentences"": [""I hear you."", ""We can pause here for a moment.""], ""safety"": ""ok""}",1,2176,3.0677999993713456,0.0017000002117129043,0.00019999970390927047,0.012900000001536682,0.004800000169780105,3.0924000002414687
1500,d193_u7,neutral,train,193,7,bc,2,1,1,0,0,0,1,1,0,ok,"{""sentences"": [""I hear you."", ""We can pause here for a moment.""], ""safety"": ""ok""}",1,2176,2.531299999645853,0.0021999994714860804,0.0002999995558639057,0.014399999599845614,0.0052999994295532815,2.5594000007913564
1501,d194_u0,neutral,train,194,0,bc,2,1,1,0,0,0,1,1,0,ok,"{""sentences"": [""I hear you."", ""We can pause here for a moment.""], ""safety"": ""ok""}",1,2176,2.8954999997949926,0.002100000529026147,0.0002999995558639057,0.013800000488117803,0.005300000339047983,2.9228000003058696
1502,d194_u1,happy,train,194,1,bc,2,1,1,0,0,0,1,1,0,ok,"{""sentences"": [""I hear you."", ""We can pause here for a moment.""], ""safety"": ""ok""}",1,2176,2.8132999996159924,0.00199999976757681,0.0002999995558639057,0.013199999557400588,0.004999999873689376,2.8393000002324698
1503,d195_u0,neutral,train,195,0,bc,2,1,1,0,0,0,1,1,0,ok,"{""sentences"": [""I hear you."", ""We can pause here for a moment.""], ""safety"": ""ok""}",1,2176,3.3126999996966333,0.0018999999156221747,0.00019999970390927047,0.012999999853491317,0.005399999281507917,3.3390000007784693
1504,d195_u1,neutral,train,195,1,bc,2,1,1,0,0,0,1,1,0,ok,"{""sentences"": [""I hear you."", ""We can pause here for a moment.""], ""safety"": ""ok""}",1,2176,2.7464000004329137,0.00199999976757681,0.00020000061340397224,0.013700000636163168,0.0054000001910026185,2.7736000001823413
1505,d195_u2,happy,train,195,2,bc,2,1,1,0,0,0,1,1,0,ok,"{""sentences"": [""I hear you."", ""We can pause here for a moment.""], ""safety"": ""ok""}",1,2176,2.688300000045274,0.0019000008251168765,0.00019999970390927047,0.013500000022759195,0.005099999725644011,2.714600000217615
1506,d195_u4,happy,train,195,4,bc,2,1,1,0,0,0,1,1,0,ok,"{""sentences"": [""I hear you."", ""We can pause here for a moment.""], ""safety"": ""ok""}",1,2176,2.6123999996343628,0.00199999976757681,0.00019999970390927047,0.014399999599845614,0.005500000042957254,2.640600000631821
1507,d195_u5,neutral,train,195,5,bc,2,1,1,0,0,0,1,1,0,ok,"{""sentences"": [""I hear you."", ""We can pause here for a moment.""], ""safety"": ""ok""}",1,2176,2.93359999977838,0.002100000529026147,0.00020000061340397224,0.014700000065204222,0.00599999930273043,2.9627999992953846
1508,d195_u6,neutral,train,195,6,bc,2,1,1,0,0,0,1,1,0,ok,"{""sentences"": [""I hear you."", ""We can pause here for a moment.""], ""safety"": ""ok""}",1,2176,2.8062999999747262,0.0018999999156221747,0.00030000046535860747,0.013500000022759195,0.004800000169780105,2.832000000125845
1509,d195_u8,angry,train,195,8,bc,2,1,1,0,0,0,1,1,0,ok,"{""sentences"": [""I hear you."", ""We can pause here for a moment.""], ""safety"": ""ok""}",1,2176,2.8299999994487735,0.0018999999156221747,0.00019999970390927047,0.014100000043981709,0.005500000042957254,2.857600000425009
1510,d195_u9,neutral,train,195,9,bc,2,1,1,0,0,0,1,1,0,ok,"{""sentences"": [""I hear you."", ""We can pause here for a moment.""], ""safety"": ""ok""}",1,2176,3.561999999874388,0.0018000000636675395,0.0002999995558639057,0.012900000001536682,0.00470000031782547,3.586699999686971
1511,d195_u10,neutral,train,195,10,bc,2,1,1,0,0,0,1,1,0,ok,"{""sentences"": [""I hear you."", ""We can pause here for a moment.""], ""safety"": ""ok""}",1,2176,2.257199999803561,0.0020000006770715117,0.0002999995558639057,0.013899999430577736,0.005500000042957254,2.2847999998703017
1512,d195_u12,neutral,train,195,12,bc,2,1,1,0,0,0,1,1,0,ok,"{""sentences"": [""I hear you."", ""We can pause here for a moment.""], ""safety"": ""ok""}",1,2176,3.134900000077323,0.0019000008251168765,0.0002999995558639057,0.013799999578623101,0.005099999725644011,3.161700000418932
1513,d195_u13,neutral,train,195,13,bc,2,1,1,0,0,0,1,1,0,ok,"{""sentences"": [""I hear you."", ""We can pause here for a moment.""], ""safety"": ""ok""}",1,2176,2.570799999375595,0.0018000000636675395,0.00019999970390927047,0.01359999987471383,0.005200000487093348,2.5974000000132946
1514,d195_u14,angry,train,195,14,bc,2,1,1,0,0,0,1,1,0,ok,"{""sentences"": [""I hear you."", ""We can pause here for a moment.""], ""safety"": ""ok""}",1,2176,3.358699999807868,0.002399999175395351,0.0004000003173132427,0.013700000636163168,0.0052999994295532815,3.388200000699726
1515,d195_u15,neutral,train,195,15,bc,2,1,1,0,0,0,1,1,0,ok,"{""sentences"": [""I hear you."", ""We can pause here for a moment.""], ""safety"": ""ok""}",1,2176,2.284700000018347,0.0020000006770715117,0.00019999970390927047,0.014399999599845614,0.0052999994295532815,2.3123999999370426
1516,d195_u16,neutral,train,195,16,bc,2,1,1,0,0,0,1,1,0,ok,"{""sentences"": [""I hear you."", ""We can pause here for a moment.""], ""safety"": ""ok""}",1,2176,2.852999999959138,0.0018000000636675395,0.00019999970390927047,0.011899999663000926,0.004399999852466863,2.875799999856099
1517,d195_u17,neutral,train,195,17,bc,2,1,1,0,0,0,1,1,0,ok,"{""sentences"": [""I hear you."", ""We can pause here for a moment.""], ""safety"": ""ok""}",1,2176,2.511900000172318,0.0018999999156221747,0.00019999970390927047,0.01359999987471383,0.004900000021734741,2.5379999997312552
1518,d195_u19,happy,train,195,19,bc,2,1,1,0,0,0,1,1,0,ok,"{""sentences"": [""I hear you."", ""We can pause here for a moment.""], ""safety"": ""ok""}",1,2176,2.332099999875936,0.0020000006770715117,0.0002999995558639057,0.04340000032243552,0.005099999725644011,2.3889000003691763
1519,d196_u0,neutral,train,196,0,bc,2,1,1,0,0,0,1,1,0,ok,"{""sentences"": [""I hear you."", ""We can pause here for a moment.""], ""safety"": ""ok""}",1,2176,3.581300000405463,0.0021999994714860804,0.00020000061340397224,0.014100000043981709,0.005000000783184078,3.6085000001548906
1520,d196_u1,neutral,train,196,1,bc,2,1,1,0,0,0,1,1,0,ok,"{""sentences"": [""I hear you."", ""We can pause here for a moment.""], ""safety"": ""ok""}",1,2176,2.507000000150583,0.00199999976757681,0.0002999995558639057,0.014100000043981709,0.005500000042957254,2.534499999455875
1521,d197_u0,happy,train,197,0,bc,2,1,1,0,0,0,1,1,0,ok,"{""sentences"": [""I hear you."", ""We can pause here for a moment.""], ""safety"": ""ok""}",1,2176,3.1183999999484513,0.0018000000636675395,0.00020000061340397224,0.013600000784208532,0.005099999725644011,3.144799999972747
1522,d197_u2,happy,train,197,2,bc,2,1,1,0,0,0,1,1,0,ok,"{""sentences"": [""I hear you."", ""We can pause here for a moment.""], ""safety"": ""ok""}",1,2176,2.481600000464823,0.0019000008251168765,0.00019999970390927047,0.013899999430577736,0.005099999725644011,2.508599999600847
1523,d197_u4,happy,train,197,4,bc,2,1,1,0,0,0,1,1,0,ok,"{""sentences"": [""I hear you."", ""We can pause here for a moment.""], ""safety"": ""ok""}",1,2176,2.600699999675271,0.00199999976757681,0.00030000046535860747,0.013799999578623101,0.005300000339047983,2.6278999994246988
1524,d197_u5,neutral,train,197,5,bc,2,1,1,0,0,0,1,1,0,ok,"{""sentences"": [""I hear you."", ""We can pause here for a moment.""], ""safety"": ""ok""}",1,2176,2.7512000006026938,0.0018999999156221747,0.00020000061340397224,0.01500000053056283,0.005300000339047983,2.779200000077253
1525,d197_u6,neutral,train,197,6,bc,2,1,1,0,0,0,1,1,0,ok,"{""sentences"": [""I hear you."", ""We can pause here for a moment.""], ""safety"": ""ok""}",1,2176,2.139299999726063,0.0018999999156221747,0.0002999995558639057,0.014100000043981709,0.005200000487093348,2.1665000003849855
1526,d197_u7,neutral,train,197,7,bc,2,1,1,0,0,0,1,1,0,ok,"{""sentences"": [""I hear you."", ""We can pause here for a moment.""], ""safety"": ""ok""}",1,2176,2.9119000000719097,0.00199999976757681,0.00020000061340397224,0.014199999895936344,0.005199999577598646,2.9393999993772013
1527,d198_u0,neutral,train,198,0,bc,2,1,1,0,0,0,1,1,0,ok,"{""sentences"": [""I hear you."", ""We can pause here for a moment.""], ""safety"": ""ok""}",1,2176,3.1386000000566128,0.00199999976757681,0.00019999970390927047,0.014999999621068127,0.005300000339047983,3.16709999970044
1528,d198_u1,neutral,train,198,1,bc,2,1,1,0,0,0,1,1,0,ok,"{""sentences"": [""I hear you."", ""We can pause here for a moment.""], ""safety"": ""ok""}",1,2176,2.389499999480904,0.0018999999156221747,0.0002999995558639057,0.01449999945180025,0.005899999450775795,2.41820000064763
1529,d198_u2,happy,train,198,2,bc,2,1,1,0,0,0,1,1,0,ok,"{""sentences"": [""I hear you."", ""We can pause here for a moment.""], ""safety"": ""ok""}",1,2176,2.9194999997343984,0.0018999999156221747,0.0002999995558639057,0.013900000340072438,0.005199999577598646,2.9460999994626036
1530,d198_u3,neutral,train,198,3,bc,2,1,1,0,0,0,1,1,0,ok,"{""sentences"": [""I hear you."", ""We can pause here for a moment.""], ""safety"": ""ok""}",1,2176,3.1321999995270744,0.0018999999156221747,0.00019999970390927047,0.013300000318849925,0.004900000021734741,3.1580999993821024
1531,d198_u5,neutral,train,198,5,bc,2,1,1,0,0,0,1,1,0,ok,"{""sentences"": [""I hear you."", ""We can pause here for a moment.""], ""safety"": ""ok""}",1,2176,2.8188000005684444,0.0017999991541728377,0.00019999970390927047,0.013799999578623101,0.005500000042957254,2.845799999704468
1532,d198_u6,happy,train,198,6,bc,2,1,1,0,0,0,1,1,0,ok,"{""sentences"": [""I hear you."", ""We can pause here for a moment.""], ""safety"": ""ok""}",1,2176,2.870199999961187,0.0018000000636675395,0.00019999970390927047,0.013300000318849925,0.004999999873689376,2.8959999999642605
1533,d199_u0,sad,train,199,0,bc,2,1,1,0,0,0,1,1,0,ok,"{""sentences"": [""I hear you."", ""We can pause here for a moment.""], ""safety"": ""ok""}",1,2176,2.915500000199245,0.0018999999156221747,0.00020000061340397224,0.014299999747890979,0.004999999873689376,2.9422999996313592
1534,d199_u1,happy,train,199,1,bc,2,1,1,0,0,0,1,1,0,ok,"{""sentences"": [""I hear you."", ""We can pause here for a moment.""], ""safety"": ""ok""}",1,2176,2.3801999996067025,0.00199999976757681,0.00019999970390927047,0.01340000017080456,0.005300000339047983,2.4065999996309984
1535,d199_u2,happy,train,199,2,bc,2,1,1,0,0,0,1,1,0,ok,"{""sentences"": [""I hear you."", ""We can pause here for a moment.""], ""safety"": ""ok""}",1,2176,3.034299999853829,0.0018999999156221747,0.0002999995558639057,0.014199999895936344,0.0052999994295532815,3.06189999992057
1536,d199_u3,happy,train,199,3,bc,2,1,1,0,0,0,1,1,0,ok,"{""sentences"": [""I hear you."", ""We can pause here for a moment.""], ""safety"": ""ok""}",1,2176,2.9058999998596846,0.00199999976757681,0.00019999970390927047,0.013800000488117803,0.004900000021734741,2.9328000000532484
1537,d199_u4,neutral,train,199,4,bc,2,1,1,0,0,0,1,1,0,ok,"{""sentences"": [""I hear you."", ""We can pause here for a moment.""], ""safety"": ""ok""}",1,2176,3.16469999961555,0.00199999976757681,0.00030000046535860747,0.014299999747890979,0.0054000001910026185,3.192699999999604
1538,d199_u5,neutral,train,199,5,bc,2,1,1,0,0,0,1,1,0,ok,"{""sentences"": [""I hear you."", ""We can pause here for a moment.""], ""safety"": ""ok""}",1,2176,2.7141000000483473,0.002200000380980782,0.0002999995558639057,0.015100000382517464,0.005599999894911889,2.7436000000307104
1539,d199_u8,neutral,train,199,8,bc,2,1,1,0,0,0,1,1,0,ok,"{""sentences"": [""I hear you."", ""We can pause here for a moment.""], ""safety"": ""ok""}",1,2176,3.276999999798136,0.00199999976757681,0.00030000046535860747,0.014000000192027073,0.005300000339047983,3.3043999992514728
1540,d199_u10,neutral,train,199,10,bc,2,1,1,0,0,0,1,1,0,ok,"{""sentences"": [""I hear you."", ""We can pause here for a moment.""], ""safety"": ""ok""}",1,2176,2.548200000092038,0.0018999999156221747,0.0002999995558639057,0.013899999430577736,0.005399999281507917,2.5757000003068242
1541,d199_u11,neutral,train,199,11,bc,2,1,1,0,0,0,1,1,0,ok,"{""sentences"": [""I hear you."", ""We can pause here for a moment.""], ""safety"": ""ok""}",1,2176,2.702799999497074,0.00199999976757681,0.0002999995558639057,0.013799999578623101,0.004900000021734741,2.7295999998386833
1542,d200_u0,neutral,train,200,0,bc,2,1,1,0,0,0,1,1,0,ok,"{""sentences"": [""I hear you."", ""We can pause here for a moment.""], ""safety"": ""ok""}",1,2176,2.9620999994222075,0.0018999999156221747,0.00019999970390927047,0.013500000022759195,0.004999999873689376,2.988300000652089
1543,d200_u1,angry,train,200,1,bc,2,1,1,0,0,0,1,1,0,ok,"{""sentences"": [""I hear you."", ""We can pause here for a moment.""], ""safety"": ""ok""}",1,2176,2.711200000703684,0.0018999999156221747,0.00020000061340397224,0.013700000636163168,0.005099999725644011,2.737800000431889
1544,d200_u4,angry,train,200,4,bc,2,1,1,0,0,0,1,1,0,ok,"{""sentences"": [""I hear you."", ""We can pause here for a moment.""], ""safety"": ""ok""}",1,2176,3.1253999995897175,0.0018999999156221747,0.00020000061340397224,0.013899999430577736,0.0052999994295532815,3.152599999339145
1545,d200_u5,angry,train,200,5,bc,2,1,1,0,0,0,1,1,0,ok,"{""sentences"": [""I hear you."", ""We can pause here for a moment.""], ""safety"": ""ok""}",1,2176,2.290999999786436,0.00199999976757681,0.00019999970390927047,0.02989999939018162,0.005100000635138713,2.334099999643513
1546,d200_u6,angry,train,200,6,bc,2,1,1,0,0,0,1,1,0,ok,"{""sentences"": [""I hear you."", ""We can pause here for a moment.""], ""safety"": ""ok""}",1,2176,2.636700000039127,0.0018999999156221747,0.0002999995558639057,0.03099999958067201,0.004999999873689376,2.6809000000866945
1547,d200_u7,happy,train,200,7,bc,2,1,1,0,0,0,1,1,0,ok,"{""sentences"": [""I hear you."", ""We can pause here for a moment.""], ""safety"": ""ok""}",1,2176,2.7534999999261345,0.002099999619531445,0.00019999970390927047,0.03670000023703324,0.005199999577598646,2.803499999572523
1548,d200_u8,happy,train,200,8,bc,2,1,1,0,0,0,1,1,0,ok,"{""sentences"": [""I hear you."", ""We can pause here for a moment.""], ""safety"": ""ok""}",1,2176,3.1546000000162167,0.0018000000636675395,0.0002999995558639057,0.012999999853491317,0.004999999873689376,3.180100000463426
1549,d200_u9,happy,train,200,9,bc,2,1,1,0,0,0,1,1,0,ok,"{""sentences"": [""I hear you."", ""We can pause here for a moment.""], ""safety"": ""ok""}",1,2176,2.9927999994470156,0.00199999976757681,0.0002999995558639057,0.013900000340072438,0.005599999894911889,3.0207999998310697
1550,d201_u0,neutral,train,201,0,bc,2,1,1,0,0,0,1,1,0,ok,"{""sentences"": [""I hear you."", ""We can pause here for a moment.""], ""safety"": ""ok""}",1,2176,2.983899999890127,0.0018999999156221747,0.00020000061340397224,0.01320000046689529,0.004900000021734741,3.0092999995758873
1551,d201_u1,neutral,train,201,1,bc,2,1,1,0,0,0,1,1,0,ok,"{""sentences"": [""I hear you."", ""We can pause here for a moment.""], ""safety"": ""ok""}",1,2176,2.8554000000440283,0.0020000006770715117,0.0002999995558639057,0.01359999987471383,0.005300000339047983,2.8821999994761427
1552,d201_u2,happy,train,201,2,bc,2,1,1,0,0,0,1,1,0,ok,"{""sentences"": [""I hear you."", ""We can pause here for a moment.""], ""safety"": ""ok""}",1,2176,3.099199999269331,0.0018999999156221747,0.00019999970390927047,0.013899999430577736,0.005100000635138713,3.1261000003723893
1553,d201_u4,sad,train,201,4,bc,2,1,1,0,0,0,1,1,0,ok,"{""sentences"": [""I hear you."", ""We can pause here for a moment.""], ""safety"": ""ok""}",1,2176,3.093100000114646,0.0018999999156221747,0.0002999995558639057,0.01340000017080456,0.004999999873689376,3.119199999673583
1554,d201_u8,happy,train,201,8,bc,2,1,1,0,0,0,1,1,0,ok,"{""sentences"": [""I hear you."", ""We can pause here for a moment.""], ""safety"": ""ok""}",1,2176,2.4196999993364443,0.00199999976757681,0.00020000061340397224,0.013500000022759195,0.0052999994295532815,2.446299999974144
1555,d201_u9,happy,train,201,9,bc,2,1,1,0,0,0,1,1,0,ok,"{""sentences"": [""I hear you."", ""We can pause here for a moment.""], ""safety"": ""ok""}",1,2176,2.5880000002871384,0.0021999994714860804,0.00019999970390927047,0.014000000192027073,0.005200000487093348,2.615700000205834
1556,d202_u0,happy,train,202,0,bc,2,1,1,0,0,0,1,1,0,ok,"{""sentences"": [""I hear you."", ""We can pause here for a moment.""], ""safety"": ""ok""}",1,2176,3.0232999997679144,0.00199999976757681,0.0002999995558639057,0.014399999599845614,0.0052999994295532815,3.0511999993905192
1557,d202_u1,neutral,train,202,1,bc,2,1,1,0,0,0,1,1,0,ok,"{""sentences"": [""I hear you."", ""We can pause here for a moment.""], ""safety"": ""ok""}",1,2176,2.391699999861885,0.002099999619531445,0.00019999970390927047,0.042499999835854396,0.005599999894911889,2.4484000005031703
1558,d202_u2,neutral,train,202,2,bc,2,1,1,0,0,0,1,1,0,ok,"{""sentences"": [""I hear you."", ""We can pause here for a moment.""], ""safety"": ""ok""}",1,2176,3.1665000005887123,0.0018999999156221747,0.00030000046535860747,0.014299999747890979,0.005300000339047983,3.193900000042049
1559,d202_u3,neutral,train,202,3,bc,2,1,1,0,0,0,1,1,0,ok,"{""sentences"": [""I hear you."", ""We can pause here for a moment.""], ""safety"": ""ok""}",1,2176,2.7956999992966303,0.0018999999156221747,0.00020000061340397224,0.01449999945180025,0.005199999577598646,2.823499999976775
1560,d202_u4,neutral,train,202,4,bc,2,1,1,0,0,0,1,1,0,ok,"{""sentences"": [""I hear you."", ""We can pause here for a moment.""], ""safety"": ""ok""}",1,2176,2.602900000056252,0.0018999999156221747,0.00019999970390927047,0.013500000022759195,0.004899999112240039,2.6293999999325024
1561,d202_u6,neutral,train,202,6,bc,2,1,1,0,0,0,1,1,0,ok,"{""sentences"": [""I hear you."", ""We can pause here for a moment.""], ""safety"": ""ok""}",1,2176,2.9279000000315136,0.0018000000636675395,0.00030000046535860747,0.013300000318849925,0.004900000021734741,2.9535999992731377
1562,d202_u8,happy,train,202,8,bc,2,1,1,0,0,0,1,1,0,ok,"{""sentences"": [""I hear you."", ""We can pause here for a moment.""], ""safety"": ""ok""}",1,2176,2.9316000000108033,0.0018999999156221747,0.00030000046535860747,0.013699999726668466,0.004999999873689376,2.958099999887054
1563,d202_u12,neutral,train,202,12,bc,2,1,1,0,0,0,1,1,0,ok,"{""sentences"": [""I hear you."", ""We can pause here for a moment.""], ""safety"": ""ok""}",1,2176,2.8376999998727115,0.0018999999156221747,0.00019999970390927047,0.014199999895936344,0.005599999894911889,2.8658000001087203
1564,d202_u13,neutral,train,202,13,bc,2,1,1,0,0,0,1,1,0,ok,"{""sentences"": [""I hear you."", ""We can pause here for a moment.""], ""safety"": ""ok""}",1,2176,2.8464000006351853,0.00199999976757681,0.00019999970390927047,0.013699999726668466,0.005099999725644011,2.8730000003633904
1565,d202_u14,neutral,train,202,14,bc,2,1,1,0,0,0,1,1,0,ok,"{""sentences"": [""I hear you."", ""We can pause here for a moment.""], ""safety"": ""ok""}",1,2176,2.546099999563012,0.00199999976757681,0.0002999995558639057,0.013899999430577736,0.005199999577598646,2.573199999460485
1566,d202_u15,neutral,train,202,15,bc,2,1,1,0,0,0,1,1,0,ok,"{""sentences"": [""I hear you."", ""We can pause here for a moment.""], ""safety"": ""ok""}",1,2176,3.0285000002550078,0.0020000006770715117,0.00019999970390927047,0.042300000131945126,0.005300000339047983,3.0847999996694853
1567,d202_u16,angry,train,202,16,bc,2,1,1,0,0,0,1,1,0,ok,"{""sentences"": [""I hear you."", ""We can pause here for a moment.""], ""safety"": ""ok""}",1,2176,2.6612999999997555,0.0020000006770715117,0.00030000046535860747,0.015199999324977398,0.005699999746866524,2.690700000130164
1568,d203_u0,happy,train,203,0,bc,2,1,1,0,0,0,1,1,0,ok,"{""sentences"": [""I hear you."", ""We can pause here for a moment.""], ""safety"": ""ok""}",1,2176,3.0833000000711763,0.002099999619531445,0.00019999970390927047,0.014399999599845614,0.005500000042957254,3.111699999863049
1569,d203_u2,happy,train,203,2,bc,2,1,1,0,0,0,1,1,0,ok,"{""sentences"": [""I hear you."", ""We can pause here for a moment.""], ""safety"": ""ok""}",1,2176,2.9936999999335967,0.0018999999156221747,0.0002999995558639057,0.014000000192027073,0.0052999994295532815,3.020900000592519
1570,d203_u3,happy,train,203,3,bc,2,1,1,0,0,0,1,1,0,ok,"{""sentences"": [""I hear you."", ""We can pause here for a moment.""], ""safety"": ""ok""}",1,2176,2.9477999996743165,0.00199999976757681,0.00020000061340397224,0.013800000488117803,0.005099999725644011,2.974500000163971
1571,d203_u4,happy,train,203,4,bc,2,1,1,0,0,0,1,1,0,ok,"{""sentences"": [""I hear you."", ""We can pause here for a moment.""], ""safety"": ""ok""}",1,2176,2.8580999996847822,0.0018000000636675395,0.0002999995558639057,0.029799999538226984,0.0054000001910026185,2.9008999999859952
1572,d203_u5,neutral,train,203,5,bc,2,1,1,0,0,0,1,1,0,ok,"{""sentences"": [""I hear you."", ""We can pause here for a moment.""], ""safety"": ""ok""}",1,2176,2.7525999994395534,0.00199999976757681,0.0002999995558639057,0.014399999599845614,0.005199999577598646,2.7805999998236075
1573,d204_u0,happy,train,204,0,bc,2,1,1,0,0,0,1,1,0,ok,"{""sentences"": [""I hear you."", ""We can pause here for a moment.""], ""safety"": ""ok""}",1,2176,2.8974000006201095,0.0018000000636675395,0.0002999995558639057,0.014000000192027073,0.005500000042957254,2.9249999997773557
1574,d204_u1,neutral,train,204,1,bc,2,1,1,0,0,0,1,1,0,ok,"{""sentences"": [""I hear you."", ""We can pause here for a moment.""], ""safety"": ""ok""}",1,2176,2.7513999993971083,0.0018999999156221747,0.00019999970390927047,0.01359999987471383,0.005099999725644011,2.7779000001828535
1575,d204_u2,neutral,train,204,2,bc,2,1,1,0,0,0,1,1,0,ok,"{""sentences"": [""I hear you."", ""We can pause here for a moment.""], ""safety"": ""ok""}",1,2176,2.8978999998798827,0.0019000008251168765,0.0002999995558639057,0.013899999430577736,0.005199999577598646,2.9248000000734464
1576,d204_u3,neutral,train,204,3,bc,2,1,1,0,0,0,1,1,0,ok,"{""sentences"": [""I hear you."", ""We can pause here for a moment.""], ""safety"": ""ok""}",1,2176,2.794799999719544,0.0023000002329354174,0.0002999995558639057,0.015500000699830707,0.022000000171829015,2.841499999703956
1577,d204_u4,neutral,train,204,4,bc,2,1,1,0,0,0,1,1,0,ok,"{""sentences"": [""I hear you."", ""We can pause here for a moment.""], ""safety"": ""ok""}",1,2176,3.064700000322773,0.002100000529026147,0.00019999970390927047,0.01430000065738568,0.005199999577598646,3.0925000000934233
1578,d204_u6,neutral,train,204,6,bc,2,1,1,0,0,0,1,1,0,ok,"{""sentences"": [""I hear you."", ""We can pause here for a moment.""], ""safety"": ""ok""}",1,2176,2.7884000000995,0.00199999976757681,0.00030000046535860747,0.013899999430577736,0.005200000487093348,2.815599999848928
1579,d204_u7,neutral,train,204,7,bc,2,1,1,0,0,0,1,1,0,ok,"{""sentences"": [""I hear you."", ""We can pause here for a moment.""], ""safety"": ""ok""}",1,2176,2.457900000081281,0.0018999999156221747,0.0002999995558639057,0.013699999726668466,0.005000000783184078,2.484800000274845
1580,d204_u9,neutral,train,204,9,bc,2,1,1,0,0,0,1,1,0,ok,"{""sentences"": [""I hear you."", ""We can pause here for a moment.""], ""safety"": ""ok""}",1,2176,2.755000000433938,0.00199999976757681,0.0002999995558639057,0.014000000192027073,0.005099999725644011,2.7822000001833658
1581,d204_u10,neutral,train,204,10,bc,2,1,1,0,0,0,1,1,0,ok,"{""sentences"": [""I hear you."", ""We can pause here for a moment.""], ""safety"": ""ok""}",1,2176,2.9005000005781767,0.0018999999156221747,0.00019999970390927047,0.014000000192027073,0.005199999577598646,2.9276000004756497
1582,d204_u11,neutral,train,204,11,bc,2,1,1,0,0,0,1,1,0,ok,"{""sentences"": [""I hear you."", ""We can pause here for a moment.""], ""safety"": ""ok""}",1,2176,3.2787000000098487,0.0020000006770715117,0.00019999970390927047,0.013099999705445953,0.005099999725644011,3.3044000001609675
1583,d204_u12,neutral,train,204,12,bc,2,1,1,0,0,0,1,1,0,ok,"{""sentences"": [""I hear you."", ""We can pause here for a moment.""], ""safety"": ""ok""}",1,2176,2.494900000783673,0.0018000000636675395,0.00020000061340397224,0.013099999705445953,0.004999999873689376,2.5207999997292063
1584,d204_u13,sad,train,204,13,bc,2,1,1,0,0,0,1,1,0,ok,"{""sentences"": [""I hear you."", ""We can pause here for a moment.""], ""safety"": ""ok""}",1,2176,2.76789999952598,0.00199999976757681,0.0002999995558639057,0.013500000022759195,0.005200000487093348,2.7943000004597707
1585,d205_u0,neutral,train,205,0,bc,2,1,1,0,0,0,1,1,0,ok,"{""sentences"": [""I hear you."", ""We can pause here for a moment.""], ""safety"": ""ok""}",1,2176,2.7384999993955716,0.00199999976757681,0.0002999995558639057,0.015100000382517464,0.005500000042957254,2.7679999993779347
1586,d205_u1,neutral,train,205,1,bc,2,1,1,0,0,0,1,1,0,ok,"{""sentences"": [""I hear you."", ""We can pause here for a moment.""], ""safety"": ""ok""}",1,2176,2.9985999999553314,0.0018000000636675395,0.00020000061340397224,0.013999999282532372,0.005899999450775795,3.0263999997259816
1587,d205_u2,neutral,train,205,2,bc,2,1,1,0,0,0,1,1,0,ok,"{""sentences"": [""I hear you."", ""We can pause here for a moment.""], ""safety"": ""ok""}",1,2176,2.9303999999683583,0.00199999976757681,0.00030000046535860747,0.014799999917158857,0.005199999577598646,2.9586000000563217
1588,d205_u4,happy,train,205,4,bc,2,1,1,0,0,0,1,1,0,ok,"{""sentences"": [""I hear you."", ""We can pause here for a moment.""], ""safety"": ""ok""}",1,2176,2.9213000007075607,0.0018999999156221747,0.00019999970390927047,0.014100000043981709,0.0054000001910026185,2.9487000001608976
1589,d205_u5,neutral,train,205,5,bc,2,1,1,0,0,0,1,1,0,ok,"{""sentences"": [""I hear you."", ""We can pause here for a moment.""], ""safety"": ""ok""}",1,2176,2.4442000003546127,0.0018999999156221747,0.00020000061340397224,0.013699999726668466,0.004999999873689376,2.4706999993213685
1590,d205_u6,happy,train,205,6,bc,2,1,1,0,0,0,1,1,0,ok,"{""sentences"": [""I hear you."", ""We can pause here for a moment.""], ""safety"": ""ok""}",1,2176,2.997400000822381,0.0022999993234407157,0.00030000046535860747,0.013600000784208532,0.004999999873689376,3.024399999958405
1591,d206_u0,neutral,train,206,0,bc,2,1,1,0,0,0,1,1,0,ok,"{""sentences"": [""I hear you."", ""We can pause here for a moment.""], ""safety"": ""ok""}",1,2176,2.6821000001291395,0.0018000000636675395,0.00019999970390927047,0.013500000022759195,0.005099999725644011,2.708199999688077
1592,d206_u1,angry,train,206,1,bc,2,1,1,0,0,0,1,1,0,ok,"{""sentences"": [""I hear you."", ""We can pause here for a moment.""], ""safety"": ""ok""}",1,2176,2.6535000006333576,0.0019000008251168765,0.00019999970390927047,0.01430000065738568,0.005500000042957254,2.681500000107917
1593,d206_u2,neutral,train,206,2,bc,2,1,1,0,0,0,1,1,0,ok,"{""sentences"": [""I hear you."", ""We can pause here for a moment.""], ""safety"": ""ok""}",1,2176,3.0513000001519686,0.0018999999156221747,0.0002999995558639057,0.01340000017080456,0.005199999577598646,3.0781000004935777
1594,d206_u4,angry,train,206,4,bc,2,1,1,0,0,0,1,1,0,ok,"{""sentences"": [""I hear you."", ""We can pause here for a moment.""], ""safety"": ""ok""}",1,2176,2.5292000000263215,0.00199999976757681,0.00019999970390927047,0.014000000192027073,0.005300000339047983,2.556499999627704
1595,d206_u5,neutral,train,206,5,bc,2,1,1,0,0,0,1,1,0,ok,"{""sentences"": [""I hear you."", ""We can pause here for a moment.""], ""safety"": ""ok""}",1,2176,3.4207000007882016,0.0023000002329354174,0.0002999995558639057,0.016399999367422424,0.005800000508315861,3.4519999999247375
1596,d206_u6,neutral,train,206,6,bc,2,1,1,0,0,0,1,1,0,ok,"{""sentences"": [""I hear you."", ""We can pause here for a moment.""], ""safety"": ""ok""}",1,2176,2.6993000001311884,0.00199999976757681,0.00030000046535860747,0.013800000488117803,0.005300000339047983,2.726499999880616
1597,d206_u7,angry,train,206,7,bc,2,1,1,0,0,0,1,1,0,ok,"{""sentences"": [""I hear you."", ""We can pause here for a moment.""], ""safety"": ""ok""}",1,2176,2.8567999997903826,0.0018999999156221747,0.0002999995558639057,0.013800000488117803,0.005199999577598646,2.884099999391765
1598,d206_u8,neutral,train,206,8,bc,2,1,1,0,0,0,1,1,0,ok,"{""sentences"": [""I hear you."", ""We can pause here for a moment.""], ""safety"": ""ok""}",1,2176,2.8831999998146784,0.002099999619531445,0.00030000046535860747,0.01340000017080456,0.005200000487093348,2.909699999690929
1599,d206_u9,angry,train,206,9,bc,2,1,1,0,0,0,1,1,0,ok,"{""sentences"": [""I hear you."", ""We can pause here for a moment.""], ""safety"": ""ok""}",1,2176,2.864900000531634,0.0017999991541728377,0.0002999995558639057,0.01340000017080456,0.005099999725644011,2.891500000259839
1600,d206_u11,angry,train,206,11,bc,2,1,1,0,0,0,1,1,0,ok,"{""sentences"": [""I hear you."", ""We can pause here for a moment.""], ""safety"": ""ok""}",1,2176,2.7070999994975864,0.00199999976757681,0.00020000061340397224,0.014000000192027073,0.005200000487093348,2.7343000001565088
1601,d206_u12,angry,train,206,12,bc,2,1,1,0,0,0,1,1,0,ok,"{""sentences"": [""I hear you."", ""We can pause here for a moment.""], ""safety"": ""ok""}",1,2176,2.6838999992833124,0.00199999976757681,0.00030000046535860747,0.013699999726668466,0.005200000487093348,2.710800000386371
1602,d206_u13,angry,train,206,13,bc,2,1,1,0,0,0,1,1,0,ok,"{""sentences"": [""I hear you."", ""We can pause here for a moment.""], ""safety"": ""ok""}",1,2176,2.7264000000286615,0.0021999994714860804,0.0002999995558639057,0.013899999430577736,0.005200000487093348,2.7537999994819984
1603,d206_u14,angry,train,206,14,bc,2,1,1,0,0,0,1,1,0,ok,"{""sentences"": [""I hear you."", ""We can pause here for a moment.""], ""safety"": ""ok""}",1,2176,2.9051999999865075,0.0018999999156221747,0.00020000061340397224,0.013900000340072438,0.005300000339047983,2.9324999995878898
1604,d206_u15,angry,train,206,15,bc,2,1,1,0,0,0,1,1,0,ok,"{""sentences"": [""I hear you."", ""We can pause here for a moment.""], ""safety"": ""ok""}",1,2176,2.660000000105356,0.00199999976757681,0.00030000046535860747,0.014200000805431046,0.0052999994295532815,2.687599999262602
1605,d206_u16,angry,train,206,16,bc,2,1,1,0,0,0,1,1,0,ok,"{""sentences"": [""I hear you."", ""We can pause here for a moment.""], ""safety"": ""ok""}",1,2176,2.711799999815412,0.0020000006770715117,0.0002999995558639057,0.01449999945180025,0.005699999746866524,2.74009999975533
1606,d206_u17,neutral,train,206,17,bc,2,1,1,0,0,0,1,1,0,ok,"{""sentences"": [""I hear you."", ""We can pause here for a moment.""], ""safety"": ""ok""}",1,2176,3.068800000619376,0.0020000006770715117,0.00030000046535860747,0.015300000086426735,0.005699999746866524,3.09819999984029
1607,d206_u18,angry,train,206,18,bc,2,1,1,0,0,0,1,1,0,ok,"{""sentences"": [""I hear you."", ""We can pause here for a moment.""], ""safety"": ""ok""}",1,2176,3.213599999980943,0.00199999976757681,0.0002999995558639057,0.014400000509340316,0.0054000001910026185,3.243299999667215
1608,d207_u0,happy,train,207,0,bc,2,1,1,0,0,0,1,1,0,ok,"{""sentences"": [""I hear you."", ""We can pause here for a moment.""], ""safety"": ""ok""}",1,2176,2.860000000509899,0.00199999976757681,0.00030000046535860747,0.014599999303754885,0.005599999894911889,2.8879999999844586
1609,d207_u1,neutral,train,207,1,bc,2,1,1,0,0,0,1,1,0,ok,"{""sentences"": [""I hear you."", ""We can pause here for a moment.""], ""safety"": ""ok""}",1,2176,2.766900000096939,0.0018999999156221747,0.00020000061340397224,0.013900000340072438,0.005300000339047983,2.7939000001424574
1610,d207_u3,neutral,train,207,3,bc,2,1,1,0,0,0,1,1,0,ok,"{""sentences"": [""I hear you."", ""We can pause here for a moment.""], ""safety"": ""ok""}",1,2176,2.5310999999419437,0.0018999999156221747,0.00030000046535860747,0.013299999409355223,0.005000000783184078,2.557100000558421
1611,d207_u4,neutral,train,207,4,bc,2,1,1,0,0,0,1,1,0,ok,"{""sentences"": [""I hear you."", ""We can pause here for a moment.""], ""safety"": ""ok""}",1,2176,2.709399999730522,0.002200000380980782,0.00019999970390927047,0.013900000340072438,0.005099999725644011,2.736700000241399
1612,d207_u5,neutral,train,207,5,bc,2,1,1,0,0,0,1,1,0,ok,"{""sentences"": [""I hear you."", ""We can pause here for a moment.""], ""safety"": ""ok""}",1,2176,3.351700000166602,0.0018000000636675395,0.00030000046535860747,0.013899999430577736,0.004999999873689376,3.3786000003601657
1613,d207_u6,neutral,train,207,6,bc,2,1,1,0,0,0,1,1,0,ok,"{""sentences"": [""I hear you."", ""We can pause here for a moment.""], ""safety"": ""ok""}",1,2176,2.2125000004962203,0.0018000000636675395,0.00030000046535860747,0.013700000636163168,0.0052999994295532815,2.2388999996110215
1614,d207_u7,neutral,train,207,7,bc,2,1,1,0,0,0,1,1,0,ok,"{""sentences"": [""I hear you."", ""We can pause here for a moment.""], ""safety"": ""ok""}",1,2176,2.9524000001401873,0.002100000529026147,0.00030000046535860747,0.014500000361294951,0.005599999894911889,2.9806999991706107
1615,d207_u8,neutral,train,207,8,bc,2,1,1,0,0,0,1,1,0,ok,"{""sentences"": [""I hear you."", ""We can pause here for a moment.""], ""safety"": ""ok""}",1,2176,3.064999999878637,0.0018999999156221747,0.0002999995558639057,0.0152000002344721,0.0054000001910026185,3.0938999998397776
1616,d207_u9,neutral,train,207,9,bc,2,1,1,0,0,0,1,1,0,ok,"{""sentences"": [""I hear you."", ""We can pause here for a moment.""], ""safety"": ""ok""}",1,2176,2.9720000002271263,0.0018000000636675395,0.0002999995558639057,0.014199999895936344,0.005199999577598646,2.999199999976554
1617,d207_u10,happy,train,207,10,bc,2,1,1,0,0,0,1,1,0,ok,"{""sentences"": [""I hear you."", ""We can pause here for a moment.""], ""safety"": ""ok""}",1,2176,3.014400000211026,0.002099999619531445,0.00019999970390927047,0.013799999578623101,0.005200000487093348,3.0415999999604537
1618,d207_u11,happy,train,207,11,bc,2,1,1,0,0,0,1,1,0,ok,"{""sentences"": [""I hear you."", ""We can pause here for a moment.""], ""safety"": ""ok""}",1,2176,3.323899999486457,0.0018999999156221747,0.0002999995558639057,0.013699999726668466,0.005199999577598646,3.3511000001453795
1619,d207_u12,neutral,train,207,12,bc,2,1,1,0,0,0,1,1,0,ok,"{""sentences"": [""I hear you."", ""We can pause here for a moment.""], ""safety"": ""ok""}",1,2176,2.7046000004702364,0.0018999999156221747,0.00019999970390927047,0.013500000022759195,0.005300000339047983,2.7314999997543055
1620,d207_u13,happy,train,207,13,bc,2,1,1,0,0,0,1,1,0,ok,"{""sentences"": [""I hear you."", ""We can pause here for a moment.""], ""safety"": ""ok""}",1,2176,3.0312999997477164,0.0018999999156221747,0.0002999995558639057,0.013500000022759195,0.005199999577598646,3.0578999994759215
1621,d207_u15,neutral,train,207,15,bc,2,1,1,0,0,0,1,1,0,ok,"{""sentences"": [""I hear you."", ""We can pause here for a moment.""], ""safety"": ""ok""}",1,2176,3.049299999474897,0.0018999999156221747,0.00019999970390927047,0.01340000017080456,0.004899999112240039,3.0758000002606423
1622,d207_u16,neutral,train,207,16,bc,2,1,1,0,0,0,1,1,0,ok,"{""sentences"": [""I hear you."", ""We can pause here for a moment.""], ""safety"": ""ok""}",1,2176,2.5086999994528014,0.00199999976757681,0.0002999995558639057,0.01359999987471383,0.005100000635138713,2.535100000386592
1623,d207_u17,angry,train,207,17,bc,2,1,1,0,0,0,1,1,0,ok,"{""sentences"": [""I hear you."", ""We can pause here for a moment.""], ""safety"": ""ok""}",1,2176,3.011499999956868,0.00199999976757681,0.00019999970390927047,0.01539999993838137,0.005599999894911889,3.041200000552635
1624,d207_u18,angry,train,207,18,bc,2,1,1,0,0,0,1,1,0,ok,"{""sentences"": [""I hear you."", ""We can pause here for a moment.""], ""safety"": ""ok""}",1,2176,2.878700000110257,0.00199999976757681,0.0002999995558639057,0.014999999621068127,0.005399999281507917,2.9076000000713975
1625,d207_u19,neutral,train,207,19,bc,2,1,1,0,0,0,1,1,0,ok,"{""sentences"": [""I hear you."", ""We can pause here for a moment.""], ""safety"": ""ok""}",1,2176,3.1275000001187436,0.0026999996407539584,0.00030000046535860747,0.01939999947353499,0.00830000044516055,3.165899999657995
1626,d208_u1,neutral,train,208,1,bc,2,1,1,0,0,0,1,1,0,ok,"{""sentences"": [""I hear you."", ""We can pause here for a moment.""], ""safety"": ""ok""}",1,2176,3.224199999749544,0.002600000698294025,0.00030000046535860747,0.017400000615452882,0.006000000212225132,3.2587000005150912
1627,d208_u3,neutral,train,208,3,bc,2,1,1,0,0,0,1,1,0,ok,"{""sentences"": [""I hear you."", ""We can pause here for a moment.""], ""safety"": ""ok""}",1,2176,2.9557000007116585,0.002100000529026147,0.00020000061340397224,0.01449999945180025,0.005599999894911889,2.984400000059395
1628,d208_u5,happy,train,208,5,bc,2,1,1,0,0,0,1,1,0,ok,"{""sentences"": [""I hear you."", ""We can pause here for a moment.""], ""safety"": ""ok""}",1,2176,3.183700000590761,0.002499999936844688,0.0002999995558639057,0.019600000086938962,0.007800000275892671,3.2216999998126994
1629,d208_u6,angry,train,208,6,bc,2,1,1,0,0,0,1,1,0,ok,"{""sentences"": [""I hear you."", ""We can pause here for a moment.""], ""safety"": ""ok""}",1,2176,3.8218999998207437,0.002499999936844688,0.00039999940781854093,0.01900000006571645,0.007699999514443334,3.858800000671181
1630,d208_u7,neutral,train,208,7,bc,2,1,1,0,0,0,1,1,0,ok,"{""sentences"": [""I hear you."", ""We can pause here for a moment.""], ""safety"": ""ok""}",1,2176,3.1134999999267166,0.0020000006770715117,0.0002999995558639057,0.014299999747890979,0.005500000042957254,3.1415000003107707
1631,d208_u8,neutral,train,208,8,bc,2,1,1,0,0,0,1,1,0,ok,"{""sentences"": [""I hear you."", ""We can pause here for a moment.""], ""safety"": ""ok""}",1,2176,3.3474000001660897,0.0027999994927085936,0.0002999995558639057,0.01609999981155852,0.005699999746866524,3.3796000006987015
1632,d208_u9,happy,train,208,9,bc,2,1,1,0,0,0,1,1,0,ok,"{""sentences"": [""I hear you."", ""We can pause here for a moment.""], ""safety"": ""ok""}",1,2176,3.60019999970973,0.023300000066228677,0.00030000046535860747,0.01539999993838137,0.005499999133462552,3.651200000604149
1633,d208_u11,happy,train,208,11,bc,2,1,1,0,0,0,1,1,0,ok,"{""sentences"": [""I hear you."", ""We can pause here for a moment.""], ""safety"": ""ok""}",1,2176,3.5120000002279994,0.0029000002541579306,0.00019999970390927047,0.019699999938893598,0.006900000698806252,3.548900000168942
1634,d208_u14,sad,train,208,14,bc,2,1,1,0,0,0,1,1,0,ok,"{""sentences"": [""I hear you."", ""We can pause here for a moment.""], ""safety"": ""ok""}",1,2176,3.5265000005892944,0.002099999619531445,0.00020000061340397224,0.014500000361294951,0.005300000339047983,3.554500000063854
1635,d209_u0,neutral,train,209,0,bc,2,1,1,0,0,0,1,1,0,ok,"{""sentences"": [""I hear you."", ""We can pause here for a moment.""], ""safety"": ""ok""}",1,2176,3.5453999998935615,0.002100000529026147,0.0002999995558639057,0.014100000043981709,0.005300000339047983,3.5729000001083477
1636,d210_u0,angry,train,210,0,bc,2,1,1,0,0,0,1,1,0,ok,"{""sentences"": [""I hear you."", ""We can pause here for a moment.""], ""safety"": ""ok""}",1,2176,3.1882000002951827,0.002100000529026147,0.00019999970390927047,0.013900000340072438,0.005199999577598646,3.2153999991351156
1637,d210_u2,angry,train,210,2,bc,2,1,1,0,0,0,1,1,0,ok,"{""sentences"": [""I hear you."", ""We can pause here for a moment.""], ""safety"": ""ok""}",1,2176,3.225899999961257,0.002100000529026147,0.00030000046535860747,0.014100000043981709,0.0054000001910026185,3.253900000345311
1638,d210_u3,angry,train,210,3,bc,2,1,1,0,0,0,1,1,0,ok,"{""sentences"": [""I hear you."", ""We can pause here for a moment.""], ""safety"": ""ok""}",1,2176,2.7612000003500725,0.0016999993022182025,0.00030000046535860747,0.0349000001733657,0.005100000635138713,2.8088999997635256
1639,d210_u4,angry,train,210,4,bc,2,1,1,0,0,0,1,1,0,ok,"{""sentences"": [""I hear you."", ""We can pause here for a moment.""], ""safety"": ""ok""}",1,2176,2.7369999997972627,0.0019000008251168765,0.00019999970390927047,0.012700000297627412,0.004800000169780105,2.7616999996098457
1640,d210_u5,angry,train,210,5,bc,2,1,1,0,0,0,1,1,0,ok,"{""sentences"": [""I hear you."", ""We can pause here for a moment.""], ""safety"": ""ok""}",1,2176,2.5272000002587447,0.0020000006770715117,0.01720000000204891,0.014500000361294951,0.0054000001910026185,2.572399999735353
1641,d210_u6,happy,train,210,6,bc,2,1,1,0,0,0,1,1,0,ok,"{""sentences"": [""I hear you."", ""We can pause here for a moment.""], ""safety"": ""ok""}",1,2176,2.7309999995850376,0.0018000000636675395,0.0002999995558639057,0.01539999993838137,0.006100000064179767,2.7607999991232646
1642,d210_u7,happy,train,210,7,bc,2,1,1,0,0,0,1,1,0,ok,"{""sentences"": [""I hear you."", ""We can pause here for a moment.""], ""safety"": ""ok""}",1,2176,2.743900000496069,0.002499999936844688,0.00030000046535860747,0.019400000383029692,0.00670000008540228,2.7805999998236075
1643,d210_u8,happy,train,210,8,bc,2,1,1,0,0,0,1,1,0,ok,"{""sentences"": [""I hear you."", ""We can pause here for a moment.""], ""safety"": ""ok""}",1,2176,2.9574000000138767,0.00199999976757681,0.00019999970390927047,0.013899999430577736,0.005500000042957254,2.9850000000806176
1644,d210_u9,neutral,train,210,9,bc,2,1,1,0,0,0,1,1,0,ok,"{""sentences"": [""I hear you."", ""We can pause here for a moment.""], ""safety"": ""ok""}",1,2176,3.394299999854411,0.00199999976757681,0.0002999995558639057,0.01359999987471383,0.005300000339047983,3.4210000003440655
1645,d210_u10,neutral,train,210,10,bc,2,1,1,0,0,0,1,1,0,ok,"{""sentences"": [""I hear you."", ""We can pause here for a moment.""], ""safety"": ""ok""}",1,2176,2.548200000092038,0.0018000000636675395,0.00020000061340397224,0.013199999557400588,0.005200000487093348,2.5740000000951113
1646,d211_u0,happy,train,211,0,bc,2,1,1,0,0,0,1,1,0,ok,"{""sentences"": [""I hear you."", ""We can pause here for a moment.""], ""safety"": ""ok""}",1,2176,2.743699999882665,0.0019000008251168765,0.00019999970390927047,0.013899999430577736,0.005199999577598646,2.7706999999281834
1647,d211_u1,neutral,train,211,1,bc,2,1,1,0,0,0,1,1,0,ok,"{""sentences"": [""I hear you."", ""We can pause here for a moment.""], ""safety"": ""ok""}",1,2176,3.063099999963015,0.0018999999156221747,0.00020000061340397224,0.014000000192027073,0.005300000339047983,3.0902999997124425
1648,d211_u2,happy,train,211,2,bc,2,1,1,0,0,0,1,1,0,ok,"{""sentences"": [""I hear you."", ""We can pause here for a moment.""], ""safety"": ""ok""}",1,2176,2.7053000003434136,0.00199999976757681,0.00030000046535860747,0.014100000043981709,0.005200000487093348,2.732500000092841
1649,d211_u3,neutral,train,211,3,bc,2,1,1,0,0,0,1,1,0,ok,"{""sentences"": [""I hear you."", ""We can pause here for a moment.""], ""safety"": ""ok""}",1,2176,2.5177999996230938,0.0018000000636675395,0.0002999995558639057,0.013799999578623101,0.0052999994295532815,2.5444999992032535
1650,d211_u5,happy,train,211,5,bc,2,1,1,0,0,0,1,1,0,ok,"{""sentences"": [""I hear you."", ""We can pause here for a moment.""], ""safety"": ""ok""}",1,2176,2.8001999999105465,0.00199999976757681,0.00030000046535860747,0.014099999134487007,0.005199999577598646,2.827199999956065
1651,d211_u7,neutral,train,211,7,bc,2,1,1,0,0,0,1,1,0,ok,"{""sentences"": [""I hear you."", ""We can pause here for a moment.""], ""safety"": ""ok""}",1,2176,3.0532000000675907,0.0018999999156221747,0.0002999995558639057,0.014700000065204222,0.005599999894911889,3.081699999711418
1652,d211_u10,happy,train,211,10,bc,2,1,1,0,0,0,1,1,0,ok,"{""sentences"": [""I hear you."", ""We can pause here for a moment.""], ""safety"": ""ok""}",1,2176,3.0897999995431746,0.0018000000636675395,0.0002999995558639057,0.014000000192027073,0.005199999577598646,3.1166000007942785
1653,d211_u14,neutral,train,211,14,bc,2,1,1,0,0,0,1,1,0,ok,"{""sentences"": [""I hear you."", ""We can pause here for a moment.""], ""safety"": ""ok""}",1,2176,3.21429999985412,0.0018999999156221747,0.0002999995558639057,0.01359999987471383,0.0054000001910026185,3.2412999998996384
1654,d212_u0,neutral,train,212,0,bc,2,1,1,0,0,0,1,1,0,ok,"{""sentences"": [""I hear you."", ""We can pause here for a moment.""], ""safety"": ""ok""}",1,2176,2.4720999999772175,0.00199999976757681,0.00019999970390927047,0.014000000192027073,0.005099999725644011,2.499100000022736
1655,d212_u1,happy,train,212,1,bc,2,1,1,0,0,0,1,1,0,ok,"{""sentences"": [""I hear you."", ""We can pause here for a moment.""], ""safety"": ""ok""}",1,2176,2.941599999758182,0.002099999619531445,0.00019999970390927047,0.014100000043981709,0.005099999725644011,2.9688999993595644
1656,d212_u2,neutral,train,212,2,bc,2,1,1,0,0,0,1,1,0,ok,"{""sentences"": [""I hear you."", ""We can pause here for a moment.""], ""safety"": ""ok""}",1,2176,2.6850000003832974,0.0016999993022182025,0.00030000046535860747,0.01359999987471383,0.004900000021734741,2.7110999999422347
1657,d212_u6,neutral,train,212,6,bc,2,1,1,0,0,0,1,1,0,ok,"{""sentences"": [""I hear you."", ""We can pause here for a moment.""], ""safety"": ""ok""}",1,2176,2.5573000002623303,0.00199999976757681,0.0002999995558639057,0.013300000318849925,0.005099999725644011,2.5836000004346715
1658,d212_u7,angry,train,212,7,bc,2,1,1,0,0,0,1,1,0,ok,"{""sentences"": [""I hear you."", ""We can pause here for a moment.""], ""safety"": ""ok""}",1,2176,2.6927999997496954,0.0018000000636675395,0.00019999970390927047,0.013699999726668466,0.005000000783184078,2.71950000023935
1659,d212_u8,neutral,train,212,8,bc,2,1,1,0,0,0,1,1,0,ok,"{""sentences"": [""I hear you."", ""We can pause here for a moment.""], ""safety"": ""ok""}",1,2176,2.485500000148022,0.002099999619531445,0.00019999970390927047,0.014500000361294951,0.0057999995988211595,2.5141000005532987
1660,d213_u0,neutral,train,213,0,bc,2,1,1,0,0,0,1,1,0,ok,"{""sentences"": [""I hear you."", ""We can pause here for a moment.""], ""safety"": ""ok""}",1,2176,2.798399999846879,0.00199999976757681,0.00030000046535860747,0.015100000382517464,0.005300000339047983,2.8270000002521556
1661,d213_u1,neutral,train,213,1,bc,2,1,1,0,0,0,1,1,0,ok,"{""sentences"": [""I hear you."", ""We can pause here for a moment.""], ""safety"": ""ok""}",1,2176,3.0317999999169842,0.00199999976757681,0.00020000061340397224,0.014299999747890979,0.005599999894911889,3.0600000000049477
1662,d213_u2,happy,train,213,2,bc,2,1,1,0,0,0,1,1,0,ok,"{""sentences"": [""I hear you."", ""We can pause here for a moment.""], ""safety"": ""ok""}",1,2176,3.09570000081294,0.0018999999156221747,0.0002999995558639057,0.014299999747890979,0.005200000487093348,3.1233999998221407
1663,d213_u3,neutral,train,213,3,bc,2,1,1,0,0,0,1,1,0,ok,"{""sentences"": [""I hear you."", ""We can pause here for a moment.""], ""safety"": ""ok""}",1,2176,2.6256999999532127,0.0018999999156221747,0.00019999970390927047,0.013799999578623101,0.005200000487093348,2.6527999998506857
1664,d213_u4,sad,train,213,4,bc,2,1,1,0,0,0,1,1,0,ok,"{""sentences"": [""I hear you."", ""We can pause here for a moment.""], ""safety"": ""ok""}",1,2176,3.386800000043877,0.0018999999156221747,0.00020000061340397224,0.014200000805431046,0.0052999994295532815,3.4142000004067086
1665,d214_u1,neutral,train,214,1,bc,2,1,1,0,0,0,1,1,0,ok,"{""sentences"": [""I hear you."", ""We can pause here for a moment.""], ""safety"": ""ok""}",1,2176,2.6414999992994126,0.0018999999156221747,0.00030000046535860747,0.013699999726668466,0.004999999873689376,2.667900000233203
1666,d214_u2,sad,train,214,2,bc,2,1,1,0,0,0,1,1,0,ok,"{""sentences"": [""I hear you."", ""We can pause here for a moment.""], ""safety"": ""ok""}",1,2176,2.245499999844469,0.0018000000636675395,0.00019999970390927047,0.013500000022759195,0.005300000339047983,2.271899999868765
1667,d214_u4,neutral,train,214,4,bc,2,1,1,0,0,0,1,1,0,ok,"{""sentences"": [""I hear you."", ""We can pause here for a moment.""], ""safety"": ""ok""}",1,2176,2.71340000017517,0.0018999999156221747,0.00020000061340397224,0.013899999430577736,0.0052999994295532815,2.740799999628507
1668,d214_u7,neutral,train,214,7,bc,2,1,1,0,0,0,1,1,0,ok,"{""sentences"": [""I hear you."", ""We can pause here for a moment.""], ""safety"": ""ok""}",1,2176,2.8483999994932674,0.0018000000636675395,0.00030000046535860747,0.01340000017080456,0.004900000021734741,2.8742999993482954
1669,d214_u8,happy,train,214,8,bc,2,1,1,0,0,0,1,1,0,ok,"{""sentences"": [""I hear you."", ""We can pause here for a moment.""], ""safety"": ""ok""}",1,2176,2.6090999999723863,0.002099999619531445,0.00030000046535860747,0.013100000614940654,0.004900000021734741,2.635099999679369
1670,d214_u9,neutral,train,214,9,bc,2,1,1,0,0,0,1,1,0,ok,"{""sentences"": [""I hear you."", ""We can pause here for a moment.""], ""safety"": ""ok""}",1,2176,2.7788000006694347,0.0018999999156221747,0.00020000061340397224,0.013700000636163168,0.005199999577598646,2.805600000101549
1671,d214_u10,neutral,train,214,10,bc,2,1,1,0,0,0,1,1,0,ok,"{""sentences"": [""I hear you."", ""We can pause here for a moment.""], ""safety"": ""ok""}",1,2176,2.655899999808753,0.0018999999156221747,0.00019999970390927047,0.014500000361294951,0.005800000508315861,2.684800000679388
1672,d215_u0,happy,train,215,0,bc,2,1,1,0,0,0,1,1,0,ok,"{""sentences"": [""I hear you."", ""We can pause here for a moment.""], ""safety"": ""ok""}",1,2176,3.474399999504385,0.00199999976757681,0.00030000046535860747,0.013800000488117803,0.005199999577598646,3.501199999845994
1673,d216_u0,sad,train,216,0,bc,2,1,1,0,0,0,1,1,0,ok,"{""sentences"": [""I hear you."", ""We can pause here for a moment.""], ""safety"": ""ok""}",1,2176,2.584900000329071,0.0018999999156221747,0.00019999970390927047,0.029400000130408444,0.005199999577598646,2.627300000312971
1674,d216_u1,neutral,train,216,1,bc,2,1,1,0,0,0,1,1,0,ok,"{""sentences"": [""I hear you."", ""We can pause here for a moment.""], ""safety"": ""ok""}",1,2176,2.6495000001887092,0.00199999976757681,0.00030000046535860747,0.013500000022759195,0.005300000339047983,2.676199999768869
1675,d216_u2,neutral,train,216,2,bc,2,1,1,0,0,0,1,1,0,ok,"{""sentences"": [""I hear you."", ""We can pause here for a moment.""], ""safety"": ""ok""}",1,2176,3.0965999994805316,0.00199999976757681,0.00019999970390927047,0.01340000017080456,0.0054000001910026185,3.122800000710413
1676,d217_u0,neutral,train,217,0,bc,2,1,1,0,0,0,1,1,0,ok,"{""sentences"": [""I hear you."", ""We can pause here for a moment.""], ""safety"": ""ok""}",1,2176,3.110999999989872,0.00199999976757681,0.00020000061340397224,0.013900000340072438,0.005200000487093348,3.1381999997392995
1677,d218_u1,neutral,train,218,1,bc,2,1,1,0,0,0,1,1,0,ok,"{""sentences"": [""I hear you."", ""We can pause here for a moment.""], ""safety"": ""ok""}",1,2176,2.3295999999390915,0.0018999999156221747,0.00020000061340397224,0.013499999113264494,0.005099999725644011,2.356099999815342
1678,d218_u2,neutral,train,218,2,bc,2,1,1,0,0,0,1,1,0,ok,"{""sentences"": [""I hear you."", ""We can pause here for a moment.""], ""safety"": ""ok""}",1,2176,2.5110999995376915,0.0018000000636675395,0.00019999970390927047,0.01359999987471383,0.005099999725644011,2.537599999413942
1679,d218_u3,neutral,train,218,3,bc,2,1,1,0,0,0,1,1,0,ok,"{""sentences"": [""I hear you."", ""We can pause here for a moment.""], ""safety"": ""ok""}",1,2176,2.9936999999335967,0.0018999999156221747,0.0002999995558639057,0.015300000086426735,0.0054000001910026185,3.022899999450601
1680,d218_u4,sad,train,218,4,bc,2,1,1,0,0,0,1,1,0,ok,"{""sentences"": [""I hear you."", ""We can pause here for a moment.""], ""safety"": ""ok""}",1,2176,3.230999999686901,0.00199999976757681,0.00030000046535860747,0.014100000043981709,0.0052999994295532815,3.2584000000497326
1681,d218_u5,neutral,train,218,5,bc,2,1,1,0,0,0,1,1,0,ok,"{""sentences"": [""I hear you."", ""We can pause here for a moment.""], ""safety"": ""ok""}",1,2176,3.0554999993910315,0.00199999976757681,0.0002999995558639057,0.014100000043981709,0.0052999994295532815,3.0830000005153124
1682,d218_u6,sad,train,218,6,bc,2,1,1,0,0,0,1,1,0,ok,"{""sentences"": [""I hear you."", ""We can pause here for a moment.""], ""safety"": ""ok""}",1,2176,2.3293000003832276,0.002100000529026147,0.00019999970390927047,0.014299999747890979,0.005199999577598646,2.356899999540474
1683,d218_u7,neutral,train,218,7,bc,2,1,1,0,0,0,1,1,0,ok,"{""sentences"": [""I hear you."", ""We can pause here for a moment.""], ""safety"": ""ok""}",1,2176,2.7576000002227374,0.002099999619531445,0.00019999970390927047,0.01449999945180025,0.005500000042957254,2.785800000310701
1684,d218_u8,neutral,train,218,8,bc,2,1,1,0,0,0,1,1,0,ok,"{""sentences"": [""I hear you."", ""We can pause here for a moment.""], ""safety"": ""ok""}",1,2176,2.56349999926897,0.00199999976757681,0.00030000046535860747,0.013700000636163168,0.004999999873689376,2.59009999990667
1685,d218_u9,neutral,train,218,9,bc,2,1,1,0,0,0,1,1,0,ok,"{""sentences"": [""I hear you."", ""We can pause here for a moment.""], ""safety"": ""ok""}",1,2176,2.715900000112015,0.0018999999156221747,0.00030000046535860747,0.014000000192027073,0.005300000339047983,2.7432999995653518
1686,d218_u10,neutral,train,218,10,bc,2,1,1,0,0,0,1,1,0,ok,"{""sentences"": [""I hear you."", ""We can pause here for a moment.""], ""safety"": ""ok""}",1,2176,2.8499999998530257,0.002099999619531445,0.00019999970390927047,0.030199999855540227,0.005500000042957254,2.894199999900593
1687,d218_u11,neutral,train,218,11,bc,2,1,1,0,0,0,1,1,0,ok,"{""sentences"": [""I hear you."", ""We can pause here for a moment.""], ""safety"": ""ok""}",1,2176,4.152900000008231,0.0018999999156221747,0.0002999995558639057,0.013799999578623101,0.004999999873689376,4.179400000793976
1688,d218_u12,neutral,train,218,12,bc,2,1,1,0,0,0,1,1,0,ok,"{""sentences"": [""I hear you."", ""We can pause here for a moment.""], ""safety"": ""ok""}",1,2176,2.5816999996095547,0.0018999999156221747,0.00030000046535860747,0.013299999409355223,0.005200000487093348,2.6083000002472545
1689,d219_u0,happy,train,219,0,bc,2,1,1,0,0,0,1,1,0,ok,"{""sentences"": [""I hear you."", ""We can pause here for a moment.""], ""safety"": ""ok""}",1,2176,2.503400000023248,0.00199999976757681,0.00019999970390927047,0.013500000022759195,0.005099999725644011,2.529800000047544
1690,d219_u1,neutral,train,219,1,bc,2,1,1,0,0,0,1,1,0,ok,"{""sentences"": [""I hear you."", ""We can pause here for a moment.""], ""safety"": ""ok""}",1,2176,2.4980999996842,0.002100000529026147,0.00030000046535860747,0.014200000805431046,0.005699999746866524,2.526499999476073
1691,d219_u2,neutral,train,219,2,bc,2,1,1,0,0,0,1,1,0,ok,"{""sentences"": [""I hear you."", ""We can pause here for a moment.""], ""safety"": ""ok""}",1,2176,2.8210000000399305,0.0020000006770715117,0.00030000046535860747,0.014600000213249587,0.005500000042957254,2.849399999831803
1692,d219_u3,happy,train,219,3,bc,2,1,1,0,0,0,1,1,0,ok,"{""sentences"": [""I hear you."", ""We can pause here for a moment.""], ""safety"": ""ok""}",1,2176,2.688999999918451,0.0017000002117129043,0.00020000061340397224,0.01320000046689529,0.004900000021734741,2.7140000001963926
1693,d219_u4,happy,train,219,4,bc,2,1,1,0,0,0,1,1,0,ok,"{""sentences"": [""I hear you."", ""We can pause here for a moment.""], ""safety"": ""ok""}",1,2176,3.0215999995562015,0.0018999999156221747,0.00030000046535860747,0.01430000065738568,0.0052999994295532815,3.0494000002363464
1694,d219_u5,neutral,train,219,5,bc,2,1,1,0,0,0,1,1,0,ok,"{""sentences"": [""I hear you."", ""We can pause here for a moment.""], ""safety"": ""ok""}",1,2176,2.8926999993927893,0.00199999976757681,0.0002999995558639057,0.030899999728717376,0.005399999281507917,2.953200000774814
1695,d219_u6,sad,train,219,6,bc,2,1,1,0,0,0,1,1,0,ok,"{""sentences"": [""I hear you."", ""We can pause here for a moment.""], ""safety"": ""ok""}",1,2176,2.9468999991877354,0.00199999976757681,0.0002999995558639057,0.014199999895936344,0.0052999994295532815,2.9749000004812842
1696,d219_u7,neutral,train,219,7,bc,2,1,1,0,0,0,1,1,0,ok,"{""sentences"": [""I hear you."", ""We can pause here for a moment.""], ""safety"": ""ok""}",1,2176,2.4152000005415175,0.0018000000636675395,0.00030000046535860747,0.01320000046689529,0.004999999873689376,2.4412000002485
1697,d219_u8,sad,train,219,8,bc,2,1,1,0,0,0,1,1,0,ok,"{""sentences"": [""I hear you."", ""We can pause here for a moment.""], ""safety"": ""ok""}",1,2176,2.8734999996231636,0.0018000000636675395,0.00019999970390927047,0.013300000318849925,0.005099999725644011,2.8990999999223277
1698,d219_u9,neutral,train,219,9,bc,2,1,1,0,0,0,1,1,0,ok,"{""sentences"": [""I hear you."", ""We can pause here for a moment.""], ""safety"": ""ok""}",1,2176,2.796299999317853,0.0018999999156221747,0.00020000061340397224,0.013900000340072438,0.005300000339047983,2.8234000001248205
1699,d219_u10,sad,train,219,10,bc,2,1,1,0,0,0,1,1,0,ok,"{""sentences"": [""I hear you."", ""We can pause here for a moment.""], ""safety"": ""ok""}",1,2176,2.666499999577354,0.0018999999156221747,0.0002999995558639057,0.015300000086426735,0.005699999746866524,2.6959000006172573
1700,d219_u11,sad,train,219,11,bc,2,1,1,0,0,0,1,1,0,ok,"{""sentences"": [""I hear you."", ""We can pause here for a moment.""], ""safety"": ""ok""}",1,2176,2.918600000157312,0.00199999976757681,0.00030000046535860747,0.014600000213249587,0.005599999894911889,2.9475000001184526
1701,d219_u12,angry,train,219,12,bc,2,1,1,0,0,0,1,1,0,ok,"{""sentences"": [""I hear you."", ""We can pause here for a moment.""], ""safety"": ""ok""}",1,2176,3.3385999995516613,0.00199999976757681,0.0006000000212225132,0.014500000361294951,0.005599999894911889,3.3680000005915645
1702,d220_u0,neutral,train,220,0,bc,2,1,1,0,0,0,1,1,0,ok,"{""sentences"": [""I hear you."", ""We can pause here for a moment.""], ""safety"": ""ok""}",1,2176,3.323899999486457,0.00199999976757681,0.00020000061340397224,0.014299999747890979,0.005199999577598646,3.351199999997334
1703,d220_u1,happy,train,220,1,bc,2,1,1,0,0,0,1,1,0,ok,"{""sentences"": [""I hear you."", ""We can pause here for a moment.""], ""safety"": ""ok""}",1,2176,2.5296000003436347,0.002099999619531445,0.00020000061340397224,0.01359999987471383,0.005000000783184078,2.55620000007184
1704,d220_u2,neutral,train,220,2,bc,2,1,1,0,0,0,1,1,0,ok,"{""sentences"": [""I hear you."", ""We can pause here for a moment.""], ""safety"": ""ok""}",1,2176,2.482800000507268,0.00199999976757681,0.00020000061340397224,0.013300000318849925,0.004800000169780105,2.5086000005103415
1705,d220_u3,sad,train,220,3,bc,2,1,1,0,0,0,1,1,0,ok,"{""sentences"": [""I hear you."", ""We can pause here for a moment.""], ""safety"": ""ok""}",1,2176,2.876000000469503,0.00199999976757681,0.00019999970390927047,0.014000000192027073,0.005099999725644011,2.9030999994574813
1706,d220_u4,neutral,train,220,4,bc,2,1,1,0,0,0,1,1,0,ok,"{""sentences"": [""I hear you."", ""We can pause here for a moment.""], ""safety"": ""ok""}",1,2176,2.915299999585841,0.00199999976757681,0.00030000046535860747,0.013699999726668466,0.005100000635138713,2.9421999997794046
1707,d220_u5,neutral,train,220,5,bc,2,1,1,0,0,0,1,1,0,ok,"{""sentences"": [""I hear you."", ""We can pause here for a moment.""], ""safety"": ""ok""}",1,2176,2.614900000480702,0.0018000000636675395,0.0002999995558639057,0.013699999726668466,0.005100000635138713,2.6411999997435487
1708,d220_u6,neutral,train,220,6,bc,2,1,1,0,0,0,1,1,0,ok,"{""sentences"": [""I hear you."", ""We can pause here for a moment.""], ""safety"": ""ok""}",1,2176,2.7944999992541852,0.0018000000636675395,0.0002999995558639057,0.013300000318849925,0.004900000021734741,2.8204999998706626
1709,d221_u0,neutral,train,221,0,bc,2,1,1,0,0,0,1,1,0,ok,"{""sentences"": [""I hear you."", ""We can pause here for a moment.""], ""safety"": ""ok""}",1,2176,3.319700000247394,0.0020000006770715117,0.0002999995558639057,0.014000000192027073,0.004999999873689376,3.346699999383418
1710,d221_u1,neutral,train,221,1,bc,2,1,1,0,0,0,1,1,0,ok,"{""sentences"": [""I hear you."", ""We can pause here for a moment.""], ""safety"": ""ok""}",1,2176,2.9978000002301997,0.0018999999156221747,0.00019999970390927047,0.013300000318849925,0.005099999725644011,3.0237999999371823
1711,d221_u3,neutral,train,221,3,bc,2,1,1,0,0,0,1,1,0,ok,"{""sentences"": [""I hear you."", ""We can pause here for a moment.""], ""safety"": ""ok""}",1,2176,2.424599999358179,0.002200000380980782,0.0002999995558639057,0.015700000403739978,0.006100000064179767,2.4555999998483458
1712,d221_u4,neutral,train,221,4,bc,2,1,1,0,0,0,1,1,0,ok,"{""sentences"": [""I hear you."", ""We can pause here for a moment.""], ""safety"": ""ok""}",1,2176,3.067100000407663,0.0018000000636675395,0.00020000061340397224,0.012900000001536682,0.005599999894911889,3.0931999999666004
1713,d222_u0,happy,train,222,0,bc,2,1,1,0,0,0,1,1,0,ok,"{""sentences"": [""I hear you."", ""We can pause here for a moment.""], ""safety"": ""ok""}",1,2176,2.626599999530299,0.0018999999156221747,0.00020000061340397224,0.013700000636163168,0.005199999577598646,2.6535000006333576
1714,d222_u1,neutral,train,222,1,bc,2,1,1,0,0,0,1,1,0,ok,"{""sentences"": [""I hear you."", ""We can pause here for a moment.""], ""safety"": ""ok""}",1,2176,3.183499999977357,0.0018999999156221747,0.0002999995558639057,0.01320000046689529,0.00470000031782547,3.2091000002765213
1715,d222_u2,neutral,train,222,2,bc,2,1,1,0,0,0,1,1,0,ok,"{""sentences"": [""I hear you."", ""We can pause here for a moment.""], ""safety"": ""ok""}",1,2176,2.6467999996384606,0.00199999976757681,0.00030000046535860747,0.030500000320898835,0.005200000487093348,2.6906000002782093
1716,d222_u3,happy,train,222,3,bc,2,1,1,0,0,0,1,1,0,ok,"{""sentences"": [""I hear you."", ""We can pause here for a moment.""], ""safety"": ""ok""}",1,2176,2.6886999994530925,0.0018999999156221747,0.00019999970390927047,0.013999999282532372,0.0052999994295532815,2.7159999999639695
1717,d222_u4,sad,train,222,4,bc,2,1,1,0,0,0,1,1,0,ok,"{""sentences"": [""I hear you."", ""We can pause here for a moment.""], ""safety"": ""ok""}",1,2176,2.32270000014978,0.0018000000636675395,0.00030000046535860747,0.01320000046689529,0.004999999873689376,2.3485000001528533
1718,d222_u5,happy,train,222,5,bc,2,1,1,0,0,0,1,1,0,ok,"{""sentences"": [""I hear you."", ""We can pause here for a moment.""], ""safety"": ""ok""}",1,2176,2.865100000235543,0.002099999619531445,0.00030000046535860747,0.014100000043981709,0.0052999994295532815,2.8929000000061933
1719,d222_u6,neutral,train,222,6,bc,2,1,1,0,0,0,1,1,0,ok,"{""sentences"": [""I hear you."", ""We can pause here for a moment.""], ""safety"": ""ok""}",1,2176,3.1480999996347236,0.002099999619531445,0.00019999970390927047,0.014600000213249587,0.005599999894911889,3.176599999278551
1720,d222_u7,neutral,train,222,7,bc,2,1,1,0,0,0,1,1,0,ok,"{""sentences"": [""I hear you."", ""We can pause here for a moment.""], ""safety"": ""ok""}",1,2176,3.125299999737763,0.00199999976757681,0.00020000061340397224,0.014199999895936344,0.005500000042957254,3.153000000565953
1721,d222_u8,happy,train,222,8,bc,2,1,1,0,0,0,1,1,0,ok,"{""sentences"": [""I hear you."", ""We can pause here for a moment.""], ""safety"": ""ok""}",1,2176,2.6618000001690234,0.00199999976757681,0.00020000061340397224,0.014299999747890979,0.0054000001910026185,2.689500000087719
1722,d222_u9,neutral,train,222,9,bc,2,1,1,0,0,0,1,1,0,ok,"{""sentences"": [""I hear you."", ""We can pause here for a moment.""], ""safety"": ""ok""}",1,2176,3.05099999968661,0.002099999619531445,0.00019999970390927047,0.014500000361294951,0.0052999994295532815,3.079200000684068
1723,d222_u11,happy,train,222,11,bc,2,1,1,0,0,0,1,1,0,ok,"{""sentences"": [""I hear you."", ""We can pause here for a moment.""], ""safety"": ""ok""}",1,2176,2.7948000006290385,0.0018999999156221747,0.00030000046535860747,0.013999999282532372,0.0052999994295532815,2.822100000230421
1724,d222_u12,happy,train,222,12,bc,2,1,1,0,0,0,1,1,0,ok,"{""sentences"": [""I hear you."", ""We can pause here for a moment.""], ""safety"": ""ok""}",1,2176,2.9334999999264255,0.0017000002117129043,0.00019999970390927047,0.01249999968422344,0.004800000169780105,2.957500000775326
1725,d222_u13,happy,train,222,13,bc,2,1,1,0,0,0,1,1,0,ok,"{""sentences"": [""I hear you."", ""We can pause here for a moment.""], ""safety"": ""ok""}",1,2176,2.6114000002053217,0.0018999999156221747,0.0002999995558639057,0.013199999557400588,0.005100000635138713,2.637499999764259
1726,d222_u14,neutral,train,222,14,bc,2,1,1,0,0,0,1,1,0,ok,"{""sentences"": [""I hear you."", ""We can pause here for a moment.""], ""safety"": ""ok""}",1,2176,3.0667999999423046,0.0018999999156221747,0.00019999970390927047,0.014000000192027073,0.005199999577598646,3.0941000004531816
1727,d222_u17,neutral,train,222,17,bc,2,1,1,0,0,0,1,1,0,ok,"{""sentences"": [""I hear you."", ""We can pause here for a moment.""], ""safety"": ""ok""}",1,2176,2.488899999661953,0.0018999999156221747,0.0002999995558639057,0.013799999578623101,0.005500000042957254,2.5161000003208756
1728,d223_u0,neutral,train,223,0,bc,2,1,1,0,0,0,1,1,0,ok,"{""sentences"": [""I hear you."", ""We can pause here for a moment.""], ""safety"": ""ok""}",1,2176,2.4823000003380002,0.0018999999156221747,0.00019999970390927047,0.014700000065204222,0.005500000042957254,2.5106999992203782
1729,d223_u1,neutral,train,223,1,bc,2,1,1,0,0,0,1,1,0,ok,"{""sentences"": [""I hear you."", ""We can pause here for a moment.""], ""safety"": ""ok""}",1,2176,3.0244999998103594,0.002100000529026147,0.0002999995558639057,0.015499999790336005,0.006199999916134402,3.0550000001312583
1730,d223_u2,neutral,train,223,2,bc,2,1,1,0,0,0,1,1,0,ok,"{""sentences"": [""I hear you."", ""We can pause here for a moment.""], ""safety"": ""ok""}",1,2176,2.540899999985413,0.00199999976757681,0.00030000046535860747,0.013799999578623101,0.005200000487093348,2.5677000003270223
1731,d223_u3,neutral,train,223,3,bc,2,1,1,0,0,0,1,1,0,ok,"{""sentences"": [""I hear you."", ""We can pause here for a moment.""], ""safety"": ""ok""}",1,2176,2.6869000002989196,0.00199999976757681,0.00030000046535860747,0.01340000017080456,0.005199999577598646,2.7130999997098115
1732,d223_u4,neutral,train,223,4,bc,2,1,1,0,0,0,1,1,0,ok,"{""sentences"": [""I hear you."", ""We can pause here for a moment.""], ""safety"": ""ok""}",1,2176,3.1093999996301136,0.00199999976757681,0.0002999995558639057,0.014199999895936344,0.005500000042957254,3.1374000000141677
1733,d223_u5,sad,train,223,5,bc,2,1,1,0,0,0,1,1,0,ok,"{""sentences"": [""I hear you."", ""We can pause here for a moment.""], ""safety"": ""ok""}",1,2176,2.973099999508122,0.00199999976757681,0.00020000061340397224,0.014199999895936344,0.005500000042957254,3.0007000004843576
1734,d223_u6,neutral,train,223,6,bc,2,1,1,0,0,0,1,1,0,ok,"{""sentences"": [""I hear you."", ""We can pause here for a moment.""], ""safety"": ""ok""}",1,2176,3.340299999763374,0.0018999999156221747,0.0002999995558639057,0.014000000192027073,0.0054000001910026185,3.3673999996608472
1735,d223_u7,neutral,train,223,7,bc,2,1,1,0,0,0,1,1,0,ok,"{""sentences"": [""I hear you."", ""We can pause here for a moment.""], ""safety"": ""ok""}",1,2176,2.654800000527757,0.0020000006770715117,0.00019999970390927047,0.014400000509340316,0.005199999577598646,2.6826000002984074
1736,d223_u8,neutral,train,223,8,bc,2,1,1,0,0,0,1,1,0,ok,"{""sentences"": [""I hear you."", ""We can pause here for a moment.""], ""safety"": ""ok""}",1,2176,2.9676000003746594,0.0018999999156221747,0.00030000046535860747,0.01359999987471383,0.005099999725644011,2.9939999994894606
1737,d223_u9,neutral,train,223,9,bc,2,1,1,0,0,0,1,1,0,ok,"{""sentences"": [""I hear you."", ""We can pause here for a moment.""], ""safety"": ""ok""}",1,2176,2.8125999997428153,0.00199999976757681,0.0002999995558639057,0.01500000053056283,0.0054000001910026185,2.8415000006134505
1738,d223_u10,neutral,train,223,10,bc,2,1,1,0,0,0,1,1,0,ok,"{""sentences"": [""I hear you."", ""We can pause here for a moment.""], ""safety"": ""ok""}",1,2176,2.8463999997256906,0.002099999619531445,0.00030000046535860747,0.015900000107649248,0.005599999894911889,2.876499999729276
1739,d223_u11,neutral,train,223,11,bc,2,1,1,0,0,0,1,1,0,ok,"{""sentences"": [""I hear you."", ""We can pause here for a moment.""], ""safety"": ""ok""}",1,2176,2.5787999993553967,0.0018999999156221747,0.00030000046535860747,0.014100000043981709,0.0054000001910026185,2.606500000183587
1740,d223_u13,neutral,train,223,13,bc,2,1,1,0,0,0,1,1,0,ok,"{""sentences"": [""I hear you."", ""We can pause here for a moment.""], ""safety"": ""ok""}",1,2176,3.02430000010645,0.00199999976757681,0.00020000061340397224,0.014199999895936344,0.005099999725644011,3.0520000000251457
1741,d223_u14,neutral,train,223,14,bc,2,1,1,0,0,0,1,1,0,ok,"{""sentences"": [""I hear you."", ""We can pause here for a moment.""], ""safety"": ""ok""}",1,2176,3.440999999838823,0.0018000000636675395,0.0002999995558639057,0.014199999895936344,0.0054000001910026185,3.468899999461428
1742,d224_u0,neutral,train,224,0,bc,2,1,1,0,0,0,1,1,0,ok,"{""sentences"": [""I hear you."", ""We can pause here for a moment.""], ""safety"": ""ok""}",1,2176,2.532400000745838,0.0019000008251168765,0.0002999995558639057,0.013899999430577736,0.004999999873689376,2.5592000001779525
1743,d224_u1,neutral,train,224,1,bc,2,1,1,0,0,0,1,1,0,ok,"{""sentences"": [""I hear you."", ""We can pause here for a moment.""], ""safety"": ""ok""}",1,2176,2.7381999998397077,0.0018999999156221747,0.00030000046535860747,0.013999999282532372,0.005099999725644011,2.7652999997371808
1744,d224_u2,neutral,train,224,2,bc,2,1,1,0,0,0,1,1,0,ok,"{""sentences"": [""I hear you."", ""We can pause here for a moment.""], ""safety"": ""ok""}",1,2176,2.602399999886984,0.0018999999156221747,0.00030000046535860747,0.013500000022759195,0.005200000487093348,2.62879999991128
1745,d224_u3,neutral,train,224,3,bc,2,1,1,0,0,0,1,1,0,ok,"{""sentences"": [""I hear you."", ""We can pause here for a moment.""], ""safety"": ""ok""}",1,2176,2.650800000083109,0.00199999976757681,0.00019999970390927047,0.014000000192027073,0.005200000487093348,2.6779999998325366
1746,d224_u4,happy,train,224,4,bc,2,1,1,0,0,0,1,1,0,ok,"{""sentences"": [""I hear you."", ""We can pause here for a moment.""], ""safety"": ""ok""}",1,2176,2.8574999996635597,0.00199999976757681,0.0002999995558639057,0.014199999895936344,0.0054000001910026185,2.8849000000263914
1747,d224_u5,happy,train,224,5,bc,2,1,1,0,0,0,1,1,0,ok,"{""sentences"": [""I hear you."", ""We can pause here for a moment.""], ""safety"": ""ok""}",1,2176,2.794699999867589,0.0018999999156221747,0.00030000046535860747,0.013900000340072438,0.005099999725644011,2.8212000006533344
1748,d225_u1,neutral,train,225,1,bc,2,1,1,0,0,0,1,1,0,ok,"{""sentences"": [""I hear you."", ""We can pause here for a moment.""], ""safety"": ""ok""}",1,2176,2.8646000000662752,0.002099999619531445,0.00019999970390927047,0.014199999895936344,0.005700000656361226,2.8929000000061933
1749,d225_u2,happy,train,225,2,bc,2,1,1,0,0,0,1,1,0,ok,"{""sentences"": [""I hear you."", ""We can pause here for a moment.""], ""safety"": ""ok""}",1,2176,2.540999999837368,0.00199999976757681,0.00020000061340397224,0.014299999747890979,0.005199999577598646,2.568500000052154
1750,d225_u3,happy,train,225,3,bc,2,1,1,0,0,0,1,1,0,ok,"{""sentences"": [""I hear you."", ""We can pause here for a moment.""], ""safety"": ""ok""}",1,2176,2.637200000208395,0.00199999976757681,0.00030000046535860747,0.014000000192027073,0.0054000001910026185,2.6649000001270906
1751,d225_u4,neutral,train,225,4,bc,2,1,1,0,0,0,1,1,0,ok,"{""sentences"": [""I hear you."", ""We can pause here for a moment.""], ""safety"": ""ok""}",1,2176,2.644999999574793,0.00199999976757681,0.0002999995558639057,0.013800000488117803,0.0052999994295532815,2.6719000006778515
1752,d225_u5,neutral,train,225,5,bc,2,1,1,0,0,0,1,1,0,ok,"{""sentences"": [""I hear you."", ""We can pause here for a moment.""], ""safety"": ""ok""}",1,2176,2.750699999523931,0.002099999619531445,0.0002999995558639057,0.015099999473022763,0.005899999450775795,2.7801000005638343
1753,d225_u6,happy,train,225,6,bc,2,1,1,0,0,0,1,1,0,ok,"{""sentences"": [""I hear you."", ""We can pause here for a moment.""], ""safety"": ""ok""}",1,2176,3.1125000004976755,0.0018999999156221747,0.00030000046535860747,0.02990000029967632,0.005300000339047983,3.1560999996145256
1754,d225_u7,neutral,train,225,7,bc,2,1,1,0,0,0,1,1,0,ok,"{""sentences"": [""I hear you."", ""We can pause here for a moment.""], ""safety"": ""ok""}",1,2176,2.852800000255229,0.00199999976757681,0.0002999995558639057,0.013699999726668466,0.004900000021734741,2.8785999993488076
1755,d225_u8,neutral,train,225,8,bc,2,1,1,0,0,0,1,1,0,ok,"{""sentences"": [""I hear you."", ""We can pause here for a moment.""], ""safety"": ""ok""}",1,2176,2.7208000001337496,0.0018999999156221747,0.00019999970390927047,0.013900000340072438,0.005300000339047983,2.7479000000312226
1756,d225_u9,sad,train,225,9,bc,2,1,1,0,0,0,1,1,0,ok,"{""sentences"": [""I hear you."", ""We can pause here for a moment.""], ""safety"": ""ok""}",1,2176,3.2525999995414168,0.0020000006770715117,0.00030000046535860747,0.014400000509340316,0.005500000042957254,3.280899999481335
1757,d225_u10,neutral,train,225,10,bc,2,1,1,0,0,0,1,1,0,ok,"{""sentences"": [""I hear you."", ""We can pause here for a moment.""], ""safety"": ""ok""}",1,2176,2.5802999998632004,0.00199999976757681,0.00030000046535860747,0.014799999917158857,0.005300000339047983,2.6088000004165224
1758,d225_u11,neutral,train,225,11,bc,2,1,1,0,0,0,1,1,0,ok,"{""sentences"": [""I hear you."", ""We can pause here for a moment.""], ""safety"": ""ok""}",1,2176,3.1166999997367384,0.0018999999156221747,0.00030000046535860747,0.013900000340072438,0.005300000339047983,3.1437000006917515
1759,d226_u1,happy,train,226,1,bc,2,1,1,0,0,0,1,1,0,ok,"{""sentences"": [""I hear you."", ""We can pause here for a moment.""], ""safety"": ""ok""}",1,2176,2.725100000134262,0.0017999991541728377,0.00019999970390927047,0.01359999987471383,0.005300000339047983,2.7517999997144216
1760,d226_u2,neutral,train,226,2,bc,2,1,1,0,0,0,1,1,0,ok,"{""sentences"": [""I hear you."", ""We can pause here for a moment.""], ""safety"": ""ok""}",1,2176,2.6815999999598716,0.0018000000636675395,0.0002999995558639057,0.013299999409355223,0.005199999577598646,2.7075999996668543
1761,d226_u3,neutral,train,226,3,bc,2,1,1,0,0,0,1,1,0,ok,"{""sentences"": [""I hear you."", ""We can pause here for a moment.""], ""safety"": ""ok""}",1,2176,2.6790000001710723,0.0018000000636675395,0.0002999995558639057,0.01340000017080456,0.0045000006139162,2.7038999996875646
1762,d226_u4,neutral,train,226,4,bc,2,1,1,0,0,0,1,1,0,ok,"{""sentences"": [""I hear you."", ""We can pause here for a moment.""], ""safety"": ""ok""}",1,2176,2.854000000297674,0.0018999999156221747,0.00030000046535860747,0.012600000445672777,0.004800000169780105,2.8786000002583023
1763,d226_u5,neutral,train,226,5,bc,2,1,1,0,0,0,1,1,0,ok,"{""sentences"": [""I hear you."", ""We can pause here for a moment.""], ""safety"": ""ok""}",1,2176,2.8055000002495944,0.0018999999156221747,0.0002999995558639057,0.013699999726668466,0.005199999577598646,2.8321999998297542
1764,d226_u6,neutral,train,226,6,bc,2,1,1,0,0,0,1,1,0,ok,"{""sentences"": [""I hear you."", ""We can pause here for a moment.""], ""safety"": ""ok""}",1,2176,2.7464000004329137,0.0018999999156221747,0.00030000046535860747,0.013600000784208532,0.005099999725644011,2.773199999865028
1765,d226_u7,neutral,train,226,7,bc,2,1,1,0,0,0,1,1,0,ok,"{""sentences"": [""I hear you."", ""We can pause here for a moment.""], ""safety"": ""ok""}",1,2176,2.898800000366464,0.0018999999156221747,0.00019999970390927047,0.014199999895936344,0.0052999994295532815,2.9262999996717554
1766,d226_u9,happy,train,226,9,bc,2,1,1,0,0,0,1,1,0,ok,"{""sentences"": [""I hear you."", ""We can pause here for a moment.""], ""safety"": ""ok""}",1,2176,2.5986000000557397,0.002200000380980782,0.00030000046535860747,0.014299999747890979,0.005099999725644011,2.626600000439794
1767,d226_u10,neutral,train,226,10,bc,2,1,1,0,0,0,1,1,0,ok,"{""sentences"": [""I hear you."", ""We can pause here for a moment.""], ""safety"": ""ok""}",1,2176,2.8020999998261686,0.0018999999156221747,0.00030000046535860747,0.014100000043981709,0.005100000635138713,2.8291999997236417
1768,d226_u11,neutral,train,226,11,bc,2,1,1,0,0,0,1,1,0,ok,"{""sentences"": [""I hear you."", ""We can pause here for a moment.""], ""safety"": ""ok""}",1,2176,2.7149999996254337,0.0020000006770715117,0.0002999995558639057,0.013800000488117803,0.0052999994295532815,2.742000000580447
1769,d226_u13,neutral,train,226,13,bc,2,1,1,0,0,0,1,1,0,ok,"{""sentences"": [""I hear you."", ""We can pause here for a moment.""], ""safety"": ""ok""}",1,2176,2.7970000001005246,0.0018999999156221747,0.00020000061340397224,0.014199999895936344,0.005199999577598646,2.8241999998499523
1770,d226_u17,sad,train,226,17,bc,2,1,1,0,0,0,1,1,0,ok,"{""sentences"": [""I hear you."", ""We can pause here for a moment.""], ""safety"": ""ok""}",1,2176,2.7269000001979293,0.00199999976757681,0.00030000046535860747,0.01340000017080456,0.004799999260285404,2.7529000008144067
1771,d226_u19,happy,train,226,19,bc,2,1,1,0,0,0,1,1,0,ok,"{""sentences"": [""I hear you."", ""We can pause here for a moment.""], ""safety"": ""ok""}",1,2176,2.6515999998082407,0.0018999999156221747,0.00019999970390927047,0.013699999726668466,0.004999999873689376,2.67840000014985
1772,d226_u20,neutral,train,226,20,bc,2,1,1,0,0,0,1,1,0,ok,"{""sentences"": [""I hear you."", ""We can pause here for a moment.""], ""safety"": ""ok""}",1,2176,3.2489999994140817,0.0018999999156221747,0.00019999970390927047,0.013500000022759195,0.005099999725644011,3.275700000813231
1773,d226_u21,happy,train,226,21,bc,2,1,1,0,0,0,1,1,0,ok,"{""sentences"": [""I hear you."", ""We can pause here for a moment.""], ""safety"": ""ok""}",1,2176,2.5434999997742125,0.00199999976757681,0.00030000046535860747,0.013699999726668466,0.004999999873689376,2.5700999995024176
1774,d227_u0,neutral,train,227,0,bc,2,1,1,0,0,0,1,1,0,ok,"{""sentences"": [""I hear you."", ""We can pause here for a moment.""], ""safety"": ""ok""}",1,2176,2.510999999685737,0.0018999999156221747,0.00019999970390927047,0.013500000022759195,0.004999999873689376,2.5373999997100327
1775,d228_u0,angry,train,228,0,bc,2,1,1,0,0,0,1,1,0,ok,"{""sentences"": [""I hear you."", ""We can pause here for a moment.""], ""safety"": ""ok""}",1,2176,2.9693999995288323,0.002100000529026147,0.0002999995558639057,0.013500000022759195,0.0054000001910026185,2.9963999995743507
1776,d228_u1,sad,train,228,1,bc,2,1,1,0,0,0,1,1,0,ok,"{""sentences"": [""I hear you."", ""We can pause here for a moment.""], ""safety"": ""ok""}",1,2176,3.4089000000676606,0.0018999999156221747,0.00030000046535860747,0.014199999895936344,0.021699999706470408,3.4526999997979146
1777,d228_u2,neutral,train,228,2,bc,2,1,1,0,0,0,1,1,0,ok,"{""sentences"": [""I hear you."", ""We can pause here for a moment.""], ""safety"": ""ok""}",1,2176,2.2109999999884167,0.0018999999156221747,0.00020000061340397224,0.013700000636163168,0.005500000042957254,2.2381999997378443
1778,d228_u4,happy,train,228,4,bc,2,1,1,0,0,0,1,1,0,ok,"{""sentences"": [""I hear you."", ""We can pause here for a moment.""], ""safety"": ""ok""}",1,2176,2.421399999548157,0.00199999976757681,0.00020000061340397224,0.013799999578623101,0.005099999725644011,2.4481999998897663
1779,d228_u5,happy,train,228,5,bc,2,1,1,0,0,0,1,1,0,ok,"{""sentences"": [""I hear you."", ""We can pause here for a moment.""], ""safety"": ""ok""}",1,2176,2.9272000001583365,0.0018999999156221747,0.00030000046535860747,0.013800000488117803,0.005199999577598646,2.954399999907764
1780,d228_u6,neutral,train,228,6,bc,2,1,1,0,0,0,1,1,0,ok,"{""sentences"": [""I hear you."", ""We can pause here for a moment.""], ""safety"": ""ok""}",1,2176,3.276700000242272,0.0020000006770715117,0.00019999970390927047,0.013799999578623101,0.005199999577598646,3.303599999526341
1781,d228_u7,angry,train,228,7,bc,2,1,1,0,0,0,1,1,0,ok,"{""sentences"": [""I hear you."", ""We can pause here for a moment.""], ""safety"": ""ok""}",1,2176,2.5573000002623303,0.00199999976757681,0.0002999995558639057,0.013900000340072438,0.005099999725644011,2.584299999398354
1782,d229_u0,neutral,train,229,0,bc,2,1,1,0,0,0,1,1,0,ok,"{""sentences"": [""I hear you."", ""We can pause here for a moment.""], ""safety"": ""ok""}",1,2176,2.4031000002651126,0.00199999976757681,0.00030000046535860747,0.014000000192027073,0.005300000339047983,2.4299999995491817
1783,d229_u1,happy,train,229,1,bc,2,1,1,0,0,0,1,1,0,ok,"{""sentences"": [""I hear you."", ""We can pause here for a moment.""], ""safety"": ""ok""}",1,2176,2.522099999623606,0.0018000000636675395,0.00019999970390927047,0.01340000017080456,0.004999999873689376,2.5481000002400833
1784,d229_u2,neutral,train,229,2,bc,2,1,1,0,0,0,1,1,0,ok,"{""sentences"": [""I hear you."", ""We can pause here for a moment.""], ""safety"": ""ok""}",1,2176,2.5894000000334927,0.0018000000636675395,0.00019999970390927047,0.030000000151630957,0.005099999725644011,2.6318000000173924
1785,d229_u3,neutral,train,229,3,bc,2,1,1,0,0,0,1,1,0,ok,"{""sentences"": [""I hear you."", ""We can pause here for a moment.""], ""safety"": ""ok""}",1,2176,3.0397000000448315,0.0018000000636675395,0.0002999995558639057,0.01340000017080456,0.004900000021734741,3.065900000365218
1786,d229_u4,neutral,train,229,4,bc,2,1,1,0,0,0,1,1,0,ok,"{""sentences"": [""I hear you."", ""We can pause here for a moment.""], ""safety"": ""ok""}",1,2176,2.5909999994837563,0.0018999999156221747,0.00019999970390927047,0.013199999557400588,0.004999999873689376,2.616900000248279
1787,d230_u0,neutral,train,230,0,bc,2,1,1,0,0,0,1,1,0,ok,"{""sentences"": [""I hear you."", ""We can pause here for a moment.""], ""safety"": ""ok""}",1,2176,3.060400000322261,0.002099999619531445,0.00020000061340397224,0.014000000192027073,0.0054000001910026185,3.087799999775598
1788,d230_u1,happy,train,230,1,bc,2,1,1,0,0,0,1,1,0,ok,"{""sentences"": [""I hear you."", ""We can pause here for a moment.""], ""safety"": ""ok""}",1,2176,2.8452000005927403,0.0020000006770715117,0.00019999970390927047,0.014100000043981709,0.005300000339047983,2.872600000046077
1789,d231_u0,neutral,train,231,0,bc,2,1,1,0,0,0,1,1,0,ok,"{""sentences"": [""I hear you."", ""We can pause here for a moment.""], ""safety"": ""ok""}",1,2176,2.981300000101328,0.0018999999156221747,0.0002999995558639057,0.014100000043981709,0.005099999725644011,3.008800000316114
1790,d231_u1,neutral,train,231,1,bc,2,1,1,0,0,0,1,1,0,ok,"{""sentences"": [""I hear you."", ""We can pause here for a moment.""], ""safety"": ""ok""}",1,2176,2.987899999425281,0.0018999999156221747,0.00030000046535860747,0.013800000488117803,0.005199999577598646,3.0147000006763847
1791,d231_u2,neutral,train,231,2,bc,2,1,1,0,0,0,1,1,0,ok,"{""sentences"": [""I hear you."", ""We can pause here for a moment.""], ""safety"": ""ok""}",1,2176,2.72670000049402,0.0018999999156221747,0.0002999995558639057,0.01359999987471383,0.005200000487093348,2.75340000007418
1792,d231_u3,neutral,train,231,3,bc,2,1,1,0,0,0,1,1,0,ok,"{""sentences"": [""I hear you."", ""We can pause here for a moment.""], ""safety"": ""ok""}",1,2176,2.451199999995879,0.00199999976757681,0.00030000046535860747,0.013699999726668466,0.005200000487093348,2.478000000337488
1793,d231_u4,neutral,train,231,4,bc,2,1,1,0,0,0,1,1,0,ok,"{""sentences"": [""I hear you."", ""We can pause here for a moment.""], ""safety"": ""ok""}",1,2176,2.836599999682221,0.0018000000636675395,0.0002999995558639057,0.014000000192027073,0.005199999577598646,2.863600000637234
1794,d231_u5,neutral,train,231,5,bc,2,1,1,0,0,0,1,1,0,ok,"{""sentences"": [""I hear you."", ""We can pause here for a moment.""], ""safety"": ""ok""}",1,2176,2.9133999996702187,0.0018000000636675395,0.00020000061340397224,0.012900000001536682,0.004900000021734741,2.9386000005615642
1795,d231_u6,neutral,train,231,6,bc,2,1,1,0,0,0,1,1,0,ok,"{""sentences"": [""I hear you."", ""We can pause here for a moment.""], ""safety"": ""ok""}",1,2176,2.966799999740033,0.00199999976757681,0.00020000061340397224,0.013699999726668466,0.004999999873689376,2.993399999468238
1796,d231_u7,angry,train,231,7,bc,2,1,1,0,0,0,1,1,0,ok,"{""sentences"": [""I hear you."", ""We can pause here for a moment.""], ""safety"": ""ok""}",1,2176,2.439800000502146,0.0018999999156221747,0.00019999970390927047,0.013900000340072438,0.005300000339047983,2.466900000399619
1797,d231_u8,neutral,train,231,8,bc,2,1,1,0,0,0,1,1,0,ok,"{""sentences"": [""I hear you."", ""We can pause here for a moment.""], ""safety"": ""ok""}",1,2176,2.566800000749936,0.00199999976757681,0.00020000061340397224,0.030100000003585592,0.0052999994295532815,2.609899999697518
1798,d231_u9,angry,train,231,9,bc,2,1,1,0,0,0,1,1,0,ok,"{""sentences"": [""I hear you."", ""We can pause here for a moment.""], ""safety"": ""ok""}",1,2176,2.599299999928917,0.00199999976757681,0.00030000046535860747,0.013800000488117803,0.005199999577598646,2.6260999993610312
1799,d231_u10,sad,train,231,10,bc,2,1,1,0,0,0,1,1,0,ok,"{""sentences"": [""I hear you."", ""We can pause here for a moment.""], ""safety"": ""ok""}",1,2176,3.1006999997771345,0.0021999994714860804,0.0002999995558639057,0.014199999895936344,0.005500000042957254,3.128899999865098
1800,d231_u11,neutral,train,231,11,bc,2,1,1,0,0,0,1,1,0,ok,"{""sentences"": [""I hear you."", ""We can pause here for a moment.""], ""safety"": ""ok""}",1,2176,2.5746999999682885,0.0018999999156221747,0.00030000046535860747,0.013500000022759195,0.005099999725644011,2.601199999844539
1801,d231_u12,neutral,train,231,12,bc,2,1,1,0,0,0,1,1,0,ok,"{""sentences"": [""I hear you."", ""We can pause here for a moment.""], ""safety"": ""ok""}",1,2176,3.107500000623986,0.0018999999156221747,0.00019999970390927047,0.013100000614940654,0.005099999725644011,3.132799999548297
1802,d231_u13,neutral,train,231,13,bc,2,1,1,0,0,0,1,1,0,ok,"{""sentences"": [""I hear you."", ""We can pause here for a moment.""], ""safety"": ""ok""}",1,2176,2.451899999869056,0.0018000000636675395,0.00019999970390927047,0.013199999557400588,0.004999999873689376,2.4776999998721294
1803,d231_u14,neutral,train,231,14,bc,2,1,1,0,0,0,1,1,0,ok,"{""sentences"": [""I hear you."", ""We can pause here for a moment.""], ""safety"": ""ok""}",1,2176,3.4476000000722706,0.00199999976757681,0.00030000046535860747,0.01359999987471383,0.004900000021734741,3.4738000003926572
1804,d232_u1,neutral,train,232,1,bc,2,1,1,0,0,0,1,1,0,ok,"{""sentences"": [""I hear you."", ""We can pause here for a moment.""], ""safety"": ""ok""}",1,2176,2.291700000569108,0.002100000529026147,0.00020000061340397224,0.013899999430577736,0.005100000635138713,2.3191999998743995
1805,d232_u2,neutral,train,232,2,bc,2,1,1,0,0,0,1,1,0,ok,"{""sentences"": [""I hear you."", ""We can pause here for a moment.""], ""safety"": ""ok""}",1,2176,2.358799999456096,0.0018999999156221747,0.00030000046535860747,0.014100000043981709,0.005199999577598646,2.386099999966973
1806,d232_u4,neutral,train,232,4,bc,2,1,1,0,0,0,1,1,0,ok,"{""sentences"": [""I hear you."", ""We can pause here for a moment.""], ""safety"": ""ok""}",1,2176,3.064999999878637,0.0017999991541728377,0.00019999970390927047,0.013099999705445953,0.004900000021734741,3.090600000177801
1807,d232_u5,angry,train,232,5,bc,2,1,1,0,0,0,1,1,0,ok,"{""sentences"": [""I hear you."", ""We can pause here for a moment.""], ""safety"": ""ok""}",1,2176,2.6299000001017703,0.0018000000636675395,0.0002999995558639057,0.013699999726668466,0.005200000487093348,2.6564999998299754
1808,d232_u6,neutral,train,232,6,bc,2,1,1,0,0,0,1,1,0,ok,"{""sentences"": [""I hear you."", ""We can pause here for a moment.""], ""safety"": ""ok""}",1,2176,2.743900000496069,0.00199999976757681,0.00030000046535860747,0.013900000340072438,0.005300000339047983,2.7712000000974513
1809,d232_u7,angry,train,232,7,bc,2,1,1,0,0,0,1,1,0,ok,"{""sentences"": [""I hear you."", ""We can pause here for a moment.""], ""safety"": ""ok""}",1,2176,2.8335000006336486,0.0018999999156221747,0.00019999970390927047,0.014000000192027073,0.004800000169780105,2.8598999997484498
1810,d232_u8,neutral,train,232,8,bc,2,1,1,0,0,0,1,1,0,ok,"{""sentences"": [""I hear you."", ""We can pause here for a moment.""], ""safety"": ""ok""}",1,2176,2.3465999993277364,0.00199999976757681,0.00020000061340397224,0.014100000043981709,0.005199999577598646,2.373799999986659
1811,d232_u11,neutral,train,232,11,bc,2,1,1,0,0,0,1,1,0,ok,"{""sentences"": [""I hear you."", ""We can pause here for a moment.""], ""safety"": ""ok""}",1,2176,2.2550000003320747,0.0018000000636675395,0.0002999995558639057,0.013099999705445953,0.004999999873689376,2.280400000017835
1812,d232_u14,neutral,train,232,14,bc,2,1,1,0,0,0,1,1,0,ok,"{""sentences"": [""I hear you."", ""We can pause here for a moment.""], ""safety"": ""ok""}",1,2176,3.2266999996863888,0.0018999999156221747,0.00019999970390927047,0.012999999853491317,0.004900000021734741,3.252299999985553
1813,d232_u15,neutral,train,232,15,bc,2,1,1,0,0,0,1,1,0,ok,"{""sentences"": [""I hear you."", ""We can pause here for a moment.""], ""safety"": ""ok""}",1,2176,2.7106999996249215,0.00199999976757681,0.00030000046535860747,0.013900000340072438,0.005300000339047983,2.737800000431889
1814,d232_u17,neutral,train,232,17,bc,2,1,1,0,0,0,1,1,0,ok,"{""sentences"": [""I hear you."", ""We can pause here for a moment.""], ""safety"": ""ok""}",1,2176,2.8505000000222935,0.00199999976757681,0.00019999970390927047,0.013199999557400588,0.004900000021734741,2.876300000025367
1815,d232_u18,neutral,train,232,18,bc,2,1,1,0,0,0,1,1,0,ok,"{""sentences"": [""I hear you."", ""We can pause here for a moment.""], ""safety"": ""ok""}",1,2176,2.2359000004144036,0.0017000002117129043,0.0002999995558639057,0.013300000318849925,0.004699999408330768,2.2610000005443
1816,d232_u19,neutral,train,232,19,bc,2,1,1,0,0,0,1,1,0,ok,"{""sentences"": [""I hear you."", ""We can pause here for a moment.""], ""safety"": ""ok""}",1,2176,3.7672999997084844,0.0018000000636675395,0.00020000061340397224,0.01340000017080456,0.005199999577598646,3.7938999994366895
1817,d233_u0,happy,train,233,0,bc,2,1,1,0,0,0,1,1,0,ok,"{""sentences"": [""I hear you."", ""We can pause here for a moment.""], ""safety"": ""ok""}",1,2176,2.211100000749866,0.0018999999156221747,0.00019999970390927047,0.013300000318849925,0.0052999994295532815,2.2371000004568486
1818,d234_u1,happy,train,234,1,bc,2,1,1,0,0,0,1,1,0,ok,"{""sentences"": [""I hear you."", ""We can pause here for a moment.""], ""safety"": ""ok""}",1,2176,2.4612999995952123,0.00199999976757681,0.00030000046535860747,0.013700000636163168,0.005099999725644011,2.487900000232912
1819,d234_u2,neutral,train,234,2,bc,2,1,1,0,0,0,1,1,0,ok,"{""sentences"": [""I hear you."", ""We can pause here for a moment.""], ""safety"": ""ok""}",1,2176,2.9596000003948575,0.0018999999156221747,0.00019999970390927047,0.013899999430577736,0.005199999577598646,2.9864999996789265
1820,d234_u3,neutral,train,234,3,bc,2,1,1,0,0,0,1,1,0,ok,"{""sentences"": [""I hear you."", ""We can pause here for a moment.""], ""safety"": ""ok""}",1,2176,2.9920999995738384,0.0018999999156221747,0.0002999995558639057,0.014000000192027073,0.004999999873689376,3.0188999999154476
1821,d234_u5,neutral,train,234,5,bc,2,1,1,0,0,0,1,1,0,ok,"{""sentences"": [""I hear you."", ""We can pause here for a moment.""], ""safety"": ""ok""}",1,2176,2.373700000134704,0.0020000006770715117,0.00019999970390927047,0.014000000192027073,0.005300000339047983,2.401100000497536
1822,d234_u6,angry,train,234,6,bc,2,1,1,0,0,0,1,1,0,ok,"{""sentences"": [""I hear you."", ""We can pause here for a moment.""], ""safety"": ""ok""}",1,2176,2.6850000003832974,0.002099999619531445,0.00019999970390927047,0.014100000043981709,0.005300000339047983,2.7129000000059023
1823,d234_u8,neutral,train,234,8,bc,2,1,1,0,0,0,1,1,0,ok,"{""sentences"": [""I hear you."", ""We can pause here for a moment.""], ""safety"": ""ok""}",1,2176,2.945000000181608,0.0018999999156221747,0.00019999970390927047,0.014100000043981709,0.005300000339047983,2.972399999634945
1824,d234_u9,neutral,train,234,9,bc,2,1,1,0,0,0,1,1,0,ok,"{""sentences"": [""I hear you."", ""We can pause here for a moment.""], ""safety"": ""ok""}",1,2176,2.6194000001851236,0.002099999619531445,0.0002999995558639057,0.014000000192027073,0.0054000001910026185,2.647199999955774
1825,d234_u11,angry,train,234,11,bc,2,1,1,0,0,0,1,1,0,ok,"{""sentences"": [""I hear you."", ""We can pause here for a moment.""], ""safety"": ""ok""}",1,2176,2.354800000830437,0.0018000000636675395,0.00019999970390927047,0.013900000340072438,0.005399999281507917,2.3821000004318194
1826,d235_u0,angry,train,235,0,bc,2,1,1,0,0,0,1,1,0,ok,"{""sentences"": [""I hear you."", ""We can pause here for a moment.""], ""safety"": ""ok""}",1,2176,2.7631000002656947,0.00199999976757681,0.00030000046535860747,0.013300000318849925,0.004999999873689376,2.789199999824632
1827,d235_u2,happy,train,235,2,bc,2,1,1,0,0,0,1,1,0,ok,"{""sentences"": [""I hear you."", ""We can pause here for a moment.""], ""safety"": ""ok""}",1,2176,2.7188000003661728,0.0018999999156221747,0.00019999970390927047,0.013199999557400588,0.004799999260285404,2.7442999999038875
1828,d235_u3,happy,train,235,3,bc,2,1,1,0,0,0,1,1,0,ok,"{""sentences"": [""I hear you."", ""We can pause here for a moment.""], ""safety"": ""ok""}",1,2176,2.5270999994972954,0.0018000000636675395,0.00020000061340397224,0.014100000043981709,0.005200000487093348,2.5543000001562177
1829,d235_u5,happy,train,235,5,bc,2,1,1,0,0,0,1,1,0,ok,"{""sentences"": [""I hear you."", ""We can pause here for a moment.""], ""safety"": ""ok""}",1,2176,3.0135999995763996,0.00199999976757681,0.00020000061340397224,0.014000000192027073,0.005300000339047983,3.040999999939231
1830,d235_u6,neutral,train,235,6,bc,2,1,1,0,0,0,1,1,0,ok,"{""sentences"": [""I hear you."", ""We can pause here for a moment.""], ""safety"": ""ok""}",1,2176,2.8355000004012254,0.0018999999156221747,0.00020000061340397224,0.01340000017080456,0.004999999873689376,2.8615999999601627
1831,d235_u7,neutral,train,235,7,bc,2,1,1,0,0,0,1,1,0,ok,"{""sentences"": [""I hear you."", ""We can pause here for a moment.""], ""safety"": ""ok""}",1,2176,2.7317000003677094,0.0020000006770715117,0.00019999970390927047,0.01359999987471383,0.005099999725644011,2.758399999947869
1832,d235_u8,sad,train,235,8,bc,2,1,1,0,0,0,1,1,0,ok,"{""sentences"": [""I hear you."", ""We can pause here for a moment.""], ""safety"": ""ok""}",1,2176,3.3184999992954545,0.0018999999156221747,0.00019999970390927047,0.013899999430577736,0.005199999577598646,3.345699999954377
1833,d235_u9,neutral,train,235,9,bc,2,1,1,0,0,0,1,1,0,ok,"{""sentences"": [""I hear you."", ""We can pause here for a moment.""], ""safety"": ""ok""}",1,2176,2.539699999942968,0.00199999976757681,0.00030000046535860747,0.014200000805431046,0.005199999577598646,2.5674000007711584
1834,d236_u0,happy,train,236,0,bc,2,1,1,0,0,0,1,1,0,ok,"{""sentences"": [""I hear you."", ""We can pause here for a moment.""], ""safety"": ""ok""}",1,2176,2.456299999721523,0.0018000000636675395,0.00019999970390927047,0.013199999557400588,0.005099999725644011,2.4820999997245963
1835,d236_u1,neutral,train,236,1,bc,2,1,1,0,0,0,1,1,0,ok,"{""sentences"": [""I hear you."", ""We can pause here for a moment.""], ""safety"": ""ok""}",1,2176,2.598500000203785,0.0018999999156221747,0.00019999970390927047,0.031200000194075983,0.005200000487093348,2.6429999998072162
1836,d236_u2,neutral,train,236,2,bc,2,1,1,0,0,0,1,1,0,ok,"{""sentences"": [""I hear you."", ""We can pause here for a moment.""], ""safety"": ""ok""}",1,2176,2.7890000001207227,0.00199999976757681,0.0002999995558639057,0.014199999895936344,0.005099999725644011,2.8167000000394182
1837,d236_u3,neutral,train,236,3,bc,2,1,1,0,0,0,1,1,0,ok,"{""sentences"": [""I hear you."", ""We can pause here for a moment.""], ""safety"": ""ok""}",1,2176,2.8548000000228058,0.0017999991541728377,0.00020000061340397224,0.013300000318849925,0.004900000021734741,2.880399999412475
1838,d236_u4,neutral,train,236,4,bc,2,1,1,0,0,0,1,1,0,ok,"{""sentences"": [""I hear you."", ""We can pause here for a moment.""], ""safety"": ""ok""}",1,2176,2.5814000000536907,0.0018999999156221747,0.00019999970390927047,0.013900000340072438,0.005099999725644011,2.6080999996338505
1839,d236_u5,angry,train,236,5,bc,2,1,1,0,0,0,1,1,0,ok,"{""sentences"": [""I hear you."", ""We can pause here for a moment.""], ""safety"": ""ok""}",1,2176,2.8694999991785153,0.0018000000636675395,0.00020000061340397224,0.013800000488117803,0.005199999577598646,2.896300000429619
1840,d236_u7,neutral,train,236,7,bc,2,1,1,0,0,0,1,1,0,ok,"{""sentences"": [""I hear you."", ""We can pause here for a moment.""], ""safety"": ""ok""}",1,2176,2.892299999984971,0.00199999976757681,0.00019999970390927047,0.014199999895936344,0.005199999577598646,2.9199999999036663
1841,d236_u9,neutral,train,236,9,bc,2,1,1,0,0,0,1,1,0,ok,"{""sentences"": [""I hear you."", ""We can pause here for a moment.""], ""safety"": ""ok""}",1,2176,2.536599999984901,0.0018999999156221747,0.0002999995558639057,0.013300000318849925,0.005199999577598646,2.5628000003052875
1842,d236_u10,neutral,train,236,10,bc,2,1,1,0,0,0,1,1,0,ok,"{""sentences"": [""I hear you."", ""We can pause here for a moment.""], ""safety"": ""ok""}",1,2176,2.734799999416282,0.0018999999156221747,0.00020000061340397224,0.013900000340072438,0.005300000339047983,2.7616000006673858
1843,d236_u12,neutral,train,236,12,bc,2,1,1,0,0,0,1,1,0,ok,"{""sentences"": [""I hear you."", ""We can pause here for a moment.""], ""safety"": ""ok""}",1,2176,3.017799999724957,0.0018000000636675395,0.00019999970390927047,0.01340000017080456,0.005099999725644011,3.043900000193389
1844,d236_u13,angry,train,236,13,bc,2,1,1,0,0,0,1,1,0,ok,"{""sentences"": [""I hear you."", ""We can pause here for a moment.""], ""safety"": ""ok""}",1,2176,2.382699999543547,0.0018999999156221747,0.00020000061340397224,0.013300000318849925,0.005099999725644011,2.4084000006041606
1845,d236_u14,happy,train,236,14,bc,2,1,1,0,0,0,1,1,0,ok,"{""sentences"": [""I hear you."", ""We can pause here for a moment.""], ""safety"": ""ok""}",1,2176,4.285799999706796,0.0018000000636675395,0.00019999970390927047,0.031800000215298496,0.005200000487093348,4.3307000005370355
1846,d236_u15,angry,train,236,15,bc,2,1,1,0,0,0,1,1,0,ok,"{""sentences"": [""I hear you."", ""We can pause here for a moment.""], ""safety"": ""ok""}",1,2176,2.690700000130164,0.0018000000636675395,0.00019999970390927047,0.01340000017080456,0.004999999873689376,2.716899999541056
1847,d237_u2,angry,train,237,2,bc,2,1,1,0,0,0,1,1,0,ok,"{""sentences"": [""I hear you."", ""We can pause here for a moment.""], ""safety"": ""ok""}",1,2176,3.2969000003504334,0.002100000529026147,0.00030000046535860747,0.013500000022759195,0.005100000635138713,3.3235000000786385
1848,d237_u3,neutral,train,237,3,bc,2,1,1,0,0,0,1,1,0,ok,"{""sentences"": [""I hear you."", ""We can pause here for a moment.""], ""safety"": ""ok""}",1,2176,2.6789000003191177,0.0018999999156221747,0.00030000046535860747,0.012900000001536682,0.004900000021734741,2.7041000003009685
1849,d237_u5,angry,train,237,5,bc,2,1,1,0,0,0,1,1,0,ok,"{""sentences"": [""I hear you."", ""We can pause here for a moment.""], ""safety"": ""ok""}",1,2176,3.1345999996119644,0.002099999619531445,0.00019999970390927047,0.013700000636163168,0.004999999873689376,3.1609999996362603
1850,d237_u8,sad,train,237,8,bc,2,1,1,0,0,0,1,1,0,ok,"{""sentences"": [""I hear you."", ""We can pause here for a moment.""], ""safety"": ""ok""}",1,2176,2.8347999996185536,0.0020000006770715117,0.00030000046535860747,0.014000000192027073,0.005200000487093348,2.8621000001294306
1851,d237_u9,sad,train,237,9,bc,2,1,1,0,0,0,1,1,0,ok,"{""sentences"": [""I hear you."", ""We can pause here for a moment.""], ""safety"": ""ok""}",1,2176,2.4460000004182803,0.00199999976757681,0.00020000061340397224,0.013999999282532372,0.005200000487093348,2.473399999871617
1852,d237_u10,neutral,train,237,10,bc,2,1,1,0,0,0,1,1,0,ok,"{""sentences"": [""I hear you."", ""We can pause here for a moment.""], ""safety"": ""ok""}",1,2176,4.19529999999213,0.0018999999156221747,0.0002999995558639057,0.013899999430577736,0.004999999873689376,4.221799999868381
1853,d237_u11,neutral,train,237,11,bc,2,1,1,0,0,0,1,1,0,ok,"{""sentences"": [""I hear you."", ""We can pause here for a moment.""], ""safety"": ""ok""}",1,2176,2.548200000092038,0.0018999999156221747,0.00019999970390927047,0.014000000192027073,0.005000000783184078,2.575000000433647
1854,d238_u0,neutral,train,238,0,bc,2,1,1,0,0,0,1,1,0,ok,"{""sentences"": [""I hear you."", ""We can pause here for a moment.""], ""safety"": ""ok""}",1,2176,2.936200000476674,0.0019000008251168765,0.00030000046535860747,0.013699999726668466,0.005300000339047983,2.9629999999087886
1855,d238_u1,neutral,train,238,1,bc,2,1,1,0,0,0,1,1,0,ok,"{""sentences"": [""I hear you."", ""We can pause here for a moment.""], ""safety"": ""ok""}",1,2176,2.360700000281213,0.0018999999156221747,0.00030000046535860747,0.014000000192027073,0.005099999725644011,2.3876000004747766
1856,d238_u2,neutral,train,238,2,bc,2,1,1,0,0,0,1,1,0,ok,"{""sentences"": [""I hear you."", ""We can pause here for a moment.""], ""safety"": ""ok""}",1,2176,3.06060000002617,0.0017000002117129043,0.00030000046535860747,0.013499999113264494,0.004799999260285404,3.086300000177289
1857,d238_u3,neutral,train,238,3,bc,2,1,1,0,0,0,1,1,0,ok,"{""sentences"": [""I hear you."", ""We can pause here for a moment.""], ""safety"": ""ok""}",1,2176,3.276999999798136,0.0018999999156221747,0.00030000046535860747,0.013500000022759195,0.005100000635138713,3.3037000002877903
1858,d238_u4,neutral,train,238,4,bc,2,1,1,0,0,0,1,1,0,ok,"{""sentences"": [""I hear you."", ""We can pause here for a moment.""], ""safety"": ""ok""}",1,2176,2.525500000047032,0.0018000000636675395,0.0002999995558639057,0.013199999557400588,0.004800000169780105,2.5510000004942412
1859,d238_u5,neutral,train,238,5,bc,2,1,1,0,0,0,1,1,0,ok,"{""sentences"": [""I hear you."", ""We can pause here for a moment.""], ""safety"": ""ok""}",1,2176,2.2482999993371777,0.0018000000636675395,0.00020000061340397224,0.013600000784208532,0.005099999725644011,2.274800000122923
1860,d238_u6,neutral,train,238,6,bc,2,1,1,0,0,0,1,1,0,ok,"{""sentences"": [""I hear you."", ""We can pause here for a moment.""], ""safety"": ""ok""}",1,2176,2.7072000002590357,0.00199999976757681,0.0002999995558639057,0.01359999987471383,0.004999999873689376,2.7337000001352862
1861,d239_u0,neutral,train,239,0,bc,2,1,1,0,0,0,1,1,0,ok,"{""sentences"": [""I hear you."", ""We can pause here for a moment.""], ""safety"": ""ok""}",1,2176,2.644700000018929,0.0018999999156221747,0.0002999995558639057,0.013699999726668466,0.005200000487093348,2.671399999599089
1862,d239_u1,neutral,train,239,1,bc,2,1,1,0,0,0,1,1,0,ok,"{""sentences"": [""I hear you."", ""We can pause here for a moment.""], ""safety"": ""ok""}",1,2176,3.2964000001811655,0.0018999999156221747,0.00020000061340397224,0.013700000636163168,0.005099999725644011,3.32319999961328
1863,d239_u2,happy,train,239,2,bc,2,1,1,0,0,0,1,1,0,ok,"{""sentences"": [""I hear you."", ""We can pause here for a moment.""], ""safety"": ""ok""}",1,2176,2.799000000777596,0.0018000000636675395,0.00030000046535860747,0.01320000046689529,0.004900000021734741,2.824799999871175
1864,d239_u3,happy,train,239,3,bc,2,1,1,0,0,0,1,1,0,ok,"{""sentences"": [""I hear you."", ""We can pause here for a moment.""], ""safety"": ""ok""}",1,2176,2.599200000076962,0.00199999976757681,0.0002999995558639057,0.01359999987471383,0.005200000487093348,2.625600000101258
1865,d239_u4,neutral,train,239,4,bc,2,1,1,0,0,0,1,1,0,ok,"{""sentences"": [""I hear you."", ""We can pause here for a moment.""], ""safety"": ""ok""}",1,2176,2.919800000199757,0.0018000000636675395,0.0002999995558639057,0.01340000017080456,0.004999999873689376,2.9460999994626036
1866,d239_u6,happy,train,239,6,bc,2,1,1,0,0,0,1,1,0,ok,"{""sentences"": [""I hear you."", ""We can pause here for a moment.""], ""safety"": ""ok""}",1,2176,2.8526999994937796,0.0018999999156221747,0.0002999995558639057,0.012999999853491317,0.004900000021734741,2.878199999940989
1867,d240_u0,neutral,train,240,0,bc,2,1,1,0,0,0,1,1,0,ok,"{""sentences"": [""I hear you."", ""We can pause here for a moment.""], ""safety"": ""ok""}",1,2176,3.0322000002342975,0.0018999999156221747,0.0002999995558639057,0.01340000017080456,0.004999999873689376,3.0586999992010533
1868,d240_u1,neutral,train,240,1,bc,2,1,1,0,0,0,1,1,0,ok,"{""sentences"": [""I hear you."", ""We can pause here for a moment.""], ""safety"": ""ok""}",1,2176,2.4762000002738205,0.0018999999156221747,0.00019999970390927047,0.014000000192027073,0.005200000487093348,2.5035999997271574
1869,d240_u2,neutral,train,240,2,bc,2,1,1,0,0,0,1,1,0,ok,"{""sentences"": [""I hear you."", ""We can pause here for a moment.""], ""safety"": ""ok""}",1,2176,2.6862000004257425,0.0018999999156221747,0.0002999995558639057,0.013799999578623101,0.0052999994295532815,2.713199999561766
1870,d240_u4,neutral,train,240,4,bc,2,1,1,0,0,0,1,1,0,ok,"{""sentences"": [""I hear you."", ""We can pause here for a moment.""], ""safety"": ""ok""}",1,2176,2.595199999632314,0.00199999976757681,0.00020000061340397224,0.014199999895936344,0.005000000783184078,2.6223000004392816
1871,d240_u5,neutral,train,240,5,bc,2,1,1,0,0,0,1,1,0,ok,"{""sentences"": [""I hear you."", ""We can pause here for a moment.""], ""safety"": ""ok""}",1,2176,2.618600000459992,0.0019000008251168765,0.00030000046535860747,0.01340000017080456,0.004799999260285404,2.6446000001669745
1872,d240_u6,neutral,train,240,6,bc,2,1,1,0,0,0,1,1,0,ok,"{""sentences"": [""I hear you."", ""We can pause here for a moment.""], ""safety"": ""ok""}",1,2176,3.0090000000200234,0.0018999999156221747,0.0002999995558639057,0.014000000192027073,0.005500000042957254,3.0366000000867643
1873,d241_u0,angry,train,241,0,bc,2,1,1,0,0,0,1,1,0,ok,"{""sentences"": [""I hear you."", ""We can pause here for a moment.""], ""safety"": ""ok""}",1,2176,3.0818999994153273,0.0018999999156221747,0.00030000046535860747,0.013600000784208532,0.005099999725644011,3.108399999291578
1874,d241_u1,sad,train,241,1,bc,2,1,1,0,0,0,1,1,0,ok,"{""sentences"": [""I hear you."", ""We can pause here for a moment.""], ""safety"": ""ok""}",1,2176,2.4628999999549706,0.0018999999156221747,0.00019999970390927047,0.013699999726668466,0.005100000635138713,2.4897000002965797
1875,d241_u2,neutral,train,241,2,bc,2,1,1,0,0,0,1,1,0,ok,"{""sentences"": [""I hear you."", ""We can pause here for a moment.""], ""safety"": ""ok""}",1,2176,2.6598000004014466,0.00199999976757681,0.0002999995558639057,0.013899999430577736,0.005099999725644011,2.6866999996855156
1876,d241_u3,angry,train,241,3,bc,2,1,1,0,0,0,1,1,0,ok,"{""sentences"": [""I hear you."", ""We can pause here for a moment.""], ""safety"": ""ok""}",1,2176,2.6545000000623986,0.0018000000636675395,0.0002999995558639057,0.014000000192027073,0.005500000042957254,2.6821000001291395
1877,d241_u4,happy,train,241,4,bc,2,1,1,0,0,0,1,1,0,ok,"{""sentences"": [""I hear you."", ""We can pause here for a moment.""], ""safety"": ""ok""}",1,2176,2.412900000308582,0.0018999999156221747,0.00030000046535860747,0.01359999987471383,0.005300000339047983,2.4396999997406965
1878,d241_u5,angry,train,241,5,bc,2,1,1,0,0,0,1,1,0,ok,"{""sentences"": [""I hear you."", ""We can pause here for a moment.""], ""safety"": ""ok""}",1,2176,3.077800000028219,0.002099999619531445,0.00030000046535860747,0.013300000318849925,0.004999999873689376,3.103699999883247
1879,d241_u6,neutral,train,241,6,bc,2,1,1,0,0,0,1,1,0,ok,"{""sentences"": [""I hear you."", ""We can pause here for a moment.""], ""safety"": ""ok""}",1,2176,2.7946000000156346,0.0018999999156221747,0.00030000046535860747,0.013500000022759195,0.004900000021734741,2.820400000018708
1880,d241_u7,neutral,train,241,7,bc,2,1,1,0,0,0,1,1,0,ok,"{""sentences"": [""I hear you."", ""We can pause here for a moment.""], ""safety"": ""ok""}",1,2176,2.8747999995175633,0.0018000000636675395,0.00020000061340397224,0.01320000046689529,0.004999999873689376,2.899999999499414
1881,d241_u8,angry,train,241,8,bc,2,1,1,0,0,0,1,1,0,ok,"{""sentences"": [""I hear you."", ""We can pause here for a moment.""], ""safety"": ""ok""}",1,2176,2.544899999520567,0.0018999999156221747,0.00020000061340397224,0.013800000488117803,0.0054000001910026185,2.572100000179489
1882,d241_u9,neutral,train,241,9,bc,2,1,1,0,0,0,1,1,0,ok,"{""sentences"": [""I hear you."", ""We can pause here for a moment.""], ""safety"": ""ok""}",1,2176,2.639899999849149,0.0018999999156221747,0.00030000046535860747,0.013500000022759195,0.004999999873689376,2.6661000001695356
1883,d241_u10,happy,train,241,10,bc,2,1,1,0,0,0,1,1,0,ok,"{""sentences"": [""I hear you."", ""We can pause here for a moment.""], ""safety"": ""ok""}",1,2176,2.5856000002022483,0.0018000000636675395,0.00020000061340397224,0.014100000043981709,0.00470000031782547,2.612299999782408
1884,d242_u0,happy,train,242,0,bc,2,1,1,0,0,0,1,1,0,ok,"{""sentences"": [""I hear you."", ""We can pause here for a moment.""], ""safety"": ""ok""}",1,2176,2.3598000007041264,0.0018999999156221747,0.0002999995558639057,0.014100000043981709,0.005300000339047983,2.3871000003055087
1885,d242_u1,neutral,train,242,1,bc,2,1,1,0,0,0,1,1,0,ok,"{""sentences"": [""I hear you."", ""We can pause here for a moment.""], ""safety"": ""ok""}",1,2176,2.769000000625965,0.0018999999156221747,0.0002999995558639057,0.014100000043981709,0.005300000339047983,2.796400000079302
1886,d242_u2,neutral,train,242,2,bc,2,1,1,0,0,0,1,1,0,ok,"{""sentences"": [""I hear you."", ""We can pause here for a moment.""], ""safety"": ""ok""}",1,2176,2.823399999215326,0.00199999976757681,0.00020000061340397224,0.013300000318849925,0.005000000783184078,2.849600000445207
1887,d242_u3,neutral,train,242,3,bc,2,1,1,0,0,0,1,1,0,ok,"{""sentences"": [""I hear you."", ""We can pause here for a moment.""], ""safety"": ""ok""}",1,2176,3.156499999931839,0.0018999999156221747,0.00020000061340397224,0.013899999430577736,0.005200000487093348,3.183799999533221
1888,d242_u4,neutral,train,242,4,bc,2,1,1,0,0,0,1,1,0,ok,"{""sentences"": [""I hear you."", ""We can pause here for a moment.""], ""safety"": ""ok""}",1,2176,2.5814000000536907,0.0018000000636675395,0.00020000061340397224,0.013500000022759195,0.005099999725644011,2.6078999999299413
1889,d242_u6,sad,train,242,6,bc,2,1,1,0,0,0,1,1,0,ok,"{""sentences"": [""I hear you."", ""We can pause here for a moment.""], ""safety"": ""ok""}",1,2176,2.507599999262311,0.0018000000636675395,0.00019999970390927047,0.01340000017080456,0.004900000021734741,2.533100000619015
1890,d243_u0,happy,train,243,0,bc,2,1,1,0,0,0,1,1,0,ok,"{""sentences"": [""I hear you."", ""We can pause here for a moment.""], ""safety"": ""ok""}",1,2176,2.4972999999590684,0.0018999999156221747,0.00030000046535860747,0.013899999430577736,0.005099999725644011,2.5243999998565414
1891,d244_u0,neutral,train,244,0,bc,2,1,1,0,0,0,1,1,0,ok,"{""sentences"": [""I hear you."", ""We can pause here for a moment.""], ""safety"": ""ok""}",1,2176,2.8384999995978433,0.00199999976757681,0.0002999995558639057,0.014100000043981709,0.005300000339047983,2.866100000574079
1892,d244_u1,neutral,train,244,1,bc,2,1,1,0,0,0,1,1,0,ok,"{""sentences"": [""I hear you."", ""We can pause here for a moment.""], ""safety"": ""ok""}",1,2176,3.3026999999492546,0.0018999999156221747,0.0002999995558639057,0.013899999430577736,0.005199999577598646,3.329699999994773
1893,d244_u3,neutral,train,244,3,bc,2,1,1,0,0,0,1,1,0,ok,"{""sentences"": [""I hear you."", ""We can pause here for a moment.""], ""safety"": ""ok""}",1,2176,2.522099999623606,0.0018999999156221747,0.0002999995558639057,0.013900000340072438,0.005099999725644011,2.548899999965215
1894,d244_u5,neutral,train,244,5,bc,2,1,1,0,0,0,1,1,0,ok,"{""sentences"": [""I hear you."", ""We can pause here for a moment.""], ""safety"": ""ok""}",1,2176,2.7153000000907923,0.0018999999156221747,0.00019999970390927047,0.013500000022759195,0.005100000635138713,2.741799999967043
1895,d244_u6,neutral,train,244,6,bc,2,1,1,0,0,0,1,1,0,ok,"{""sentences"": [""I hear you."", ""We can pause here for a moment.""], ""safety"": ""ok""}",1,2176,2.904599999965285,0.0018999999156221747,0.00019999970390927047,0.01340000017080456,0.005199999577598646,2.930900000137626
1896,d245_u0,happy,train,245,0,bc,2,1,1,0,0,0,1,1,0,ok,"{""sentences"": [""I hear you."", ""We can pause here for a moment.""], ""safety"": ""ok""}",1,2176,2.4941000001490465,0.0018000000636675395,0.00030000046535860747,0.013999999282532372,0.0052999994295532815,2.521600000363833
1897,d245_u1,happy,train,245,1,bc,2,1,1,0,0,0,1,1,0,ok,"{""sentences"": [""I hear you."", ""We can pause here for a moment.""], ""safety"": ""ok""}",1,2176,3.1233999998221407,0.0018000000636675395,0.0002999995558639057,0.013699999726668466,0.005099999725644011,3.150100000311795
1898,d245_u2,happy,train,245,2,bc,2,1,1,0,0,0,1,1,0,ok,"{""sentences"": [""I hear you."", ""We can pause here for a moment.""], ""safety"": ""ok""}",1,2176,2.6470999991943245,0.0018999999156221747,0.00019999970390927047,0.014199999895936344,0.0054000001910026185,2.6750000006359187
1899,d245_u3,happy,train,245,3,bc,2,1,1,0,0,0,1,1,0,ok,"{""sentences"": [""I hear you."", ""We can pause here for a moment.""], ""safety"": ""ok""}",1,2176,2.7038999996875646,0.00199999976757681,0.00030000046535860747,0.014100000043981709,0.0052999994295532815,2.731399999902351
1900,d245_u4,neutral,train,245,4,bc,2,1,1,0,0,0,1,1,0,ok,"{""sentences"": [""I hear you."", ""We can pause here for a moment.""], ""safety"": ""ok""}",1,2176,2.507100000002538,0.0018999999156221747,0.00030000046535860747,0.013700000636163168,0.004800000169780105,2.533100000619015
1901,d245_u5,happy,train,245,5,bc,2,1,1,0,0,0,1,1,0,ok,"{""sentences"": [""I hear you."", ""We can pause here for a moment.""], ""safety"": ""ok""}",1,2176,2.795400000650261,0.0018000000636675395,0.00030000046535860747,0.013300000318849925,0.005199999577598646,2.8215000002091983
1902,d245_u6,neutral,train,245,6,bc,2,1,1,0,0,0,1,1,0,ok,"{""sentences"": [""I hear you."", ""We can pause here for a moment.""], ""safety"": ""ok""}",1,2176,2.9148999992685276,0.0018999999156221747,0.00019999970390927047,0.013300000318849925,0.004900000021734741,2.9408000000330503
1903,d245_u7,happy,train,245,7,bc,2,1,1,0,0,0,1,1,0,ok,"{""sentences"": [""I hear you."", ""We can pause here for a moment.""], ""safety"": ""ok""}",1,2176,2.9586999999082764,0.00199999976757681,0.00030000046535860747,0.013800000488117803,0.005300000339047983,2.9856999999537948
1904,d245_u8,happy,train,245,8,bc,2,1,1,0,0,0,1,1,0,ok,"{""sentences"": [""I hear you."", ""We can pause here for a moment.""], ""safety"": ""ok""}",1,2176,3.060499999264721,0.0020000006770715117,0.00019999970390927047,0.014299999747890979,0.005399999281507917,3.0885000005582697
1905,d245_u9,sad,train,245,9,bc,2,1,1,0,0,0,1,1,0,ok,"{""sentences"": [""I hear you."", ""We can pause here for a moment.""], ""safety"": ""ok""}",1,2176,2.458699999806413,0.0018999999156221747,0.00020000061340397224,0.013600000784208532,0.0052999994295532815,2.485500000148022
1906,d245_u13,sad,train,245,13,bc,2,1,1,0,0,0,1,1,0,ok,"{""sentences"": [""I hear you."", ""We can pause here for a moment.""], ""safety"": ""ok""}",1,2176,3.0082000002948917,0.0018999999156221747,0.00030000046535860747,0.014199999895936344,0.005300000339047983,3.035699999600183
1907,d245_u15,sad,train,245,15,bc,2,1,1,0,0,0,1,1,0,ok,"{""sentences"": [""I hear you."", ""We can pause here for a moment.""], ""safety"": ""ok""}",1,2176,2.77639999967505,0.0018000000636675395,0.00030000046535860747,0.013500000022759195,0.005399999281507917,2.8033999997205683
1908,d245_u16,neutral,train,245,16,bc,2,1,1,0,0,0,1,1,0,ok,"{""sentences"": [""I hear you."", ""We can pause here for a moment.""], ""safety"": ""ok""}",1,2176,3.208000000086031,0.0018999999156221747,0.00019999970390927047,0.014000000192027073,0.0052999994295532815,3.2352000007449533
1909,d246_u0,happy,train,246,0,bc,2,1,1,0,0,0,1,1,0,ok,"{""sentences"": [""I hear you."", ""We can pause here for a moment.""], ""safety"": ""ok""}",1,2176,2.7556000004551606,0.0018000000636675395,0.00019999970390927047,0.013699999726668466,0.005000000783184078,2.7817999998660525
1910,d246_u1,sad,train,246,1,bc,2,1,1,0,0,0,1,1,0,ok,"{""sentences"": [""I hear you."", ""We can pause here for a moment.""], ""safety"": ""ok""}",1,2176,2.466100000674487,0.00199999976757681,0.00019999970390927047,0.013900000340072438,0.005199999577598646,2.4934000002758694
1911,d246_u2,neutral,train,246,2,bc,2,1,1,0,0,0,1,1,0,ok,"{""sentences"": [""I hear you."", ""We can pause here for a moment.""], ""safety"": ""ok""}",1,2176,2.5703999999677762,0.0018999999156221747,0.00019999970390927047,0.013899999430577736,0.021500000002561137,2.6141999996980303
1912,d246_u3,neutral,train,246,3,bc,2,1,1,0,0,0,1,1,0,ok,"{""sentences"": [""I hear you."", ""We can pause here for a moment.""], ""safety"": ""ok""}",1,2176,3.078800000366755,0.0018999999156221747,0.00019999970390927047,0.014199999895936344,0.005300000339047983,3.1062999996720464
1913,d246_u4,neutral,train,246,4,bc,2,1,1,0,0,0,1,1,0,ok,"{""sentences"": [""I hear you."", ""We can pause here for a moment.""], ""safety"": ""ok""}",1,2176,2.7725999998438056,0.0018999999156221747,0.00030000046535860747,0.01359999987471383,0.004999999873689376,2.798900000016147
1914,d246_u5,neutral,train,246,5,bc,2,1,1,0,0,0,1,1,0,ok,"{""sentences"": [""I hear you."", ""We can pause here for a moment.""], ""safety"": ""ok""}",1,2176,2.5741000008565607,0.0018999999156221747,0.00019999970390927047,0.013800000488117803,0.005099999725644011,2.6013999995484482
1915,d246_u6,neutral,train,246,6,bc,2,1,1,0,0,0,1,1,0,ok,"{""sentences"": [""I hear you."", ""We can pause here for a moment.""], ""safety"": ""ok""}",1,2176,2.768899999864516,0.0018999999156221747,0.00020000061340397224,0.013600000784208532,0.005199999577598646,2.7952999998888117
1916,d247_u0,neutral,train,247,0,bc,2,1,1,0,0,0,1,1,0,ok,"{""sentences"": [""I hear you."", ""We can pause here for a moment.""], ""safety"": ""ok""}",1,2176,2.997000000505068,0.0018999999156221747,0.00020000061340397224,0.013500000022759195,0.004999999873689376,3.02319999991596
1917,d247_u2,happy,train,247,2,bc,2,1,1,0,0,0,1,1,0,ok,"{""sentences"": [""I hear you."", ""We can pause here for a moment.""], ""safety"": ""ok""}",1,2176,2.5606999997762614,0.0017999991541728377,0.0002999995558639057,0.01340000017080456,0.005099999725644011,2.5868999991871533
1918,d248_u0,neutral,train,248,0,bc,2,1,1,0,0,0,1,1,0,ok,"{""sentences"": [""I hear you."", ""We can pause here for a moment.""], ""safety"": ""ok""}",1,2176,3.0285000002550078,0.0018000000636675395,0.00019999970390927047,0.01359999987471383,0.005100000635138713,3.0550000001312583
1919,d248_u1,angry,train,248,1,bc,2,1,1,0,0,0,1,1,0,ok,"{""sentences"": [""I hear you."", ""We can pause here for a moment.""], ""safety"": ""ok""}",1,2176,2.4125999998432235,0.00199999976757681,0.00030000046535860747,0.014199999895936344,0.0054000001910026185,2.4404000005233684
1920,d248_u3,happy,train,248,3,bc,2,1,1,0,0,0,1,1,0,ok,"{""sentences"": [""I hear you."", ""We can pause here for a moment.""], ""safety"": ""ok""}",1,2176,2.5469000001976383,0.0018999999156221747,0.00019999970390927047,0.013899999430577736,0.005300000339047983,2.5736999996297527
1921,d248_u4,happy,train,248,4,bc,2,1,1,0,0,0,1,1,0,ok,"{""sentences"": [""I hear you."", ""We can pause here for a moment.""], ""safety"": ""ok""}",1,2176,2.90339999992284,0.0018000000636675395,0.00030000046535860747,0.013300000318849925,0.005100000635138713,2.929500000391272
1922,d248_u5,angry,train,248,5,bc,2,1,1,0,0,0,1,1,0,ok,"{""sentences"": [""I hear you."", ""We can pause here for a moment.""], ""safety"": ""ok""}",1,2176,2.9157999997551087,0.0015999994502635673,0.00020000061340397224,0.011799999811046291,0.00470000031782547,2.9385999996520695
1923,d248_u6,happy,train,248,6,bc,2,1,1,0,0,0,1,1,0,ok,"{""sentences"": [""I hear you."", ""We can pause here for a moment.""], ""safety"": ""ok""}",1,2176,2.7239999999437714,0.0018999999156221747,0.00030000046535860747,0.013700000636163168,0.005199999577598646,2.7503999999680673
1924,d248_u7,angry,train,248,7,bc,2,1,1,0,0,0,1,1,0,ok,"{""sentences"": [""I hear you."", ""We can pause here for a moment.""], ""safety"": ""ok""}",1,2176,2.48609999925975,0.0018999999156221747,0.00019999970390927047,0.014100000043981709,0.0052999994295532815,2.5134000006801216
1925,d249_u0,neutral,train,249,0,bc,2,1,1,0,0,0,1,1,0,ok,"{""sentences"": [""I hear you."", ""We can pause here for a moment.""], ""safety"": ""ok""}",1,2176,2.7835000000777654,0.0018000000636675395,0.0002999995558639057,0.014299999747890979,0.005599999894911889,2.8112999998484156
1926,d249_u1,neutral,train,249,1,bc,2,1,1,0,0,0,1,1,0,ok,"{""sentences"": [""I hear you."", ""We can pause here for a moment.""], ""safety"": ""ok""}",1,2176,3.238700000110839,0.0018000000636675395,0.00019999970390927047,0.013699999726668466,0.0054000001910026185,3.265299999839044
1927,d249_u2,neutral,train,249,2,bc,2,1,1,0,0,0,1,1,0,ok,"{""sentences"": [""I hear you."", ""We can pause here for a moment.""], ""safety"": ""ok""}",1,2176,2.663100000063423,0.002100000529026147,0.00030000046535860747,0.014600000213249587,0.005699999746866524,2.6915000007647905
1928,d249_u3,happy,train,249,3,bc,2,1,1,0,0,0,1,1,0,ok,"{""sentences"": [""I hear you."", ""We can pause here for a moment.""], ""safety"": ""ok""}",1,2176,2.9995000004419126,0.0018999999156221747,0.0002999995558639057,0.014199999895936344,0.005200000487093348,3.026999999747204
1929,d249_u4,sad,train,249,4,bc,2,1,1,0,0,0,1,1,0,ok,"{""sentences"": [""I hear you."", ""We can pause here for a moment.""], ""safety"": ""ok""}",1,2176,2.8255999995963066,0.0020000006770715117,0.0002999995558639057,0.013699999726668466,0.005200000487093348,2.852300000085961
1930,d249_u5,sad,train,249,5,bc,2,1,1,0,0,0,1,1,0,ok,"{""sentences"": [""I hear you."", ""We can pause here for a moment.""], ""safety"": ""ok""}",1,2176,2.736499999627995,0.0018999999156221747,0.0002999995558639057,0.01340000017080456,0.005099999725644011,2.7626999999483814
1931,d249_u6,sad,train,249,6,bc,2,1,1,0,0,0,1,1,0,ok,"{""sentences"": [""I hear you."", ""We can pause here for a moment.""], ""safety"": ""ok""}",1,2176,2.7992999994239653,0.0018000000636675395,0.00020000061340397224,0.013500000022759195,0.005100000635138713,2.8256000005058013
1932,d249_u7,happy,train,249,7,bc,2,1,1,0,0,0,1,1,0,ok,"{""sentences"": [""I hear you."", ""We can pause here for a moment.""], ""safety"": ""ok""}",1,2176,2.7680000002874294,0.0018999999156221747,0.00030000046535860747,0.030300000616989564,0.0052999994295532815,2.811700000165729
1933,d249_u8,neutral,train,249,8,bc,2,1,1,0,0,0,1,1,0,ok,"{""sentences"": [""I hear you."", ""We can pause here for a moment.""], ""safety"": ""ok""}",1,2176,2.7085000001534354,0.00199999976757681,0.0002999995558639057,0.013699999726668466,0.005300000339047983,2.735500000198954
1934,d249_u9,happy,train,249,9,bc,2,1,1,0,0,0,1,1,0,ok,"{""sentences"": [""I hear you."", ""We can pause here for a moment.""], ""safety"": ""ok""}",1,2176,2.53199999951903,0.0018999999156221747,0.00019999970390927047,0.014100000043981709,0.005200000487093348,2.5594999997338164
1935,d249_u10,happy,train,249,10,bc,2,1,1,0,0,0,1,1,0,ok,"{""sentences"": [""I hear you."", ""We can pause here for a moment.""], ""safety"": ""ok""}",1,2176,2.920599999924889,0.0018000000636675395,0.00019999970390927047,0.013699999726668466,0.0052999994295532815,2.9475999999704072
1936,d249_u11,neutral,train,249,11,bc,2,1,1,0,0,0,1,1,0,ok,"{""sentences"": [""I hear you."", ""We can pause here for a moment.""], ""safety"": ""ok""}",1,2176,2.370899999732501,0.0017000002117129043,0.00030000046535860747,0.01249999968422344,0.004699999408330768,2.3946999999679974
1937,d249_u13,happy,train,249,13,bc,2,1,1,0,0,0,1,1,0,ok,"{""sentences"": [""I hear you."", ""We can pause here for a moment.""], ""safety"": ""ok""}",1,2176,3.0135999995763996,0.00199999976757681,0.00030000046535860747,0.013499999113264494,0.005500000042957254,3.0404999997699633
1938,d250_u1,happy,train,250,1,bc,2,1,1,0,0,0,1,1,0,ok,"{""sentences"": [""I hear you."", ""We can pause here for a moment.""], ""safety"": ""ok""}",1,2176,2.9378000008364324,0.0018999999156221747,0.0002999995558639057,0.01430000065738568,0.0052999994295532815,2.9657000004590373
1939,d250_u3,happy,train,250,3,bc,2,1,1,0,0,0,1,1,0,ok,"{""sentences"": [""I hear you."", ""We can pause here for a moment.""], ""safety"": ""ok""}",1,2176,2.849900000001071,0.0018999999156221747,0.00019999970390927047,0.013799999578623101,0.005099999725644011,2.87679999928514
1940,d250_u5,neutral,train,250,5,bc,2,1,1,0,0,0,1,1,0,ok,"{""sentences"": [""I hear you."", ""We can pause here for a moment.""], ""safety"": ""ok""}",1,2176,2.836599999682221,0.00199999976757681,0.0002999995558639057,0.014299999747890979,0.0054000001910026185,2.8646000000662752
1941,d250_u6,neutral,train,250,6,bc,2,1,1,0,0,0,1,1,0,ok,"{""sentences"": [""I hear you."", ""We can pause here for a moment.""], ""safety"": ""ok""}",1,2176,3.392800000256102,0.0019000008251168765,0.00019999970390927047,0.014199999895936344,0.005300000339047983,3.419900000153575
1942,d251_u0,angry,train,251,0,bc,2,1,1,0,0,0,1,1,0,ok,"{""sentences"": [""I hear you."", ""We can pause here for a moment.""], ""safety"": ""ok""}",1,2176,2.538499999900523,0.0018000000636675395,0.0002999995558639057,0.013199999557400588,0.005199999577598646,2.5642999999035965
1943,d251_u1,neutral,train,251,1,bc,2,1,1,0,0,0,1,1,0,ok,"{""sentences"": [""I hear you."", ""We can pause here for a moment.""], ""safety"": ""ok""}",1,2176,2.795700000206125,0.0019000008251168765,0.00019999970390927047,0.013999999282532372,0.005500000042957254,2.823099999659462
1944,d251_u2,neutral,train,251,2,bc,2,1,1,0,0,0,1,1,0,ok,"{""sentences"": [""I hear you."", ""We can pause here for a moment.""], ""safety"": ""ok""}",1,2176,2.700399999412184,0.0018999999156221747,0.00030000046535860747,0.030499999411404133,0.005199999577598646,2.744200000051933
1945,d251_u3,neutral,train,251,3,bc,2,1,1,0,0,0,1,1,0,ok,"{""sentences"": [""I hear you."", ""We can pause here for a moment.""], ""safety"": ""ok""}",1,2176,2.88520000049175,0.0018999999156221747,0.0002999995558639057,0.014299999747890979,0.011000000085914508,2.9182999996919534
1946,d251_u4,neutral,train,251,4,bc,2,1,1,0,0,0,1,1,0,ok,"{""sentences"": [""I hear you."", ""We can pause here for a moment.""], ""safety"": ""ok""}",1,2176,3.1931000003169174,0.0018000000636675395,0.00030000046535860747,0.013500000022759195,0.005200000487093348,3.219399999579764
1947,d251_u5,neutral,train,251,5,bc,2,1,1,0,0,0,1,1,0,ok,"{""sentences"": [""I hear you."", ""We can pause here for a moment.""], ""safety"": ""ok""}",1,2176,2.404500000011467,0.0018000000636675395,0.00020000061340397224,0.013699999726668466,0.0054000001910026185,2.4315000000569853
1948,d251_u6,sad,train,251,6,bc,2,1,1,0,0,0,1,1,0,ok,"{""sentences"": [""I hear you."", ""We can pause here for a moment.""], ""safety"": ""ok""}",1,2176,3.020699999979115,0.0018999999156221747,0.00030000046535860747,0.013799999578623101,0.005200000487093348,3.047799999876588
1949,d252_u0,neutral,train,252,0,bc,2,1,1,0,0,0,1,1,0,ok,"{""sentences"": [""I hear you."", ""We can pause here for a moment.""], ""safety"": ""ok""}",1,2176,2.6993000001311884,0.002200000380980782,0.00019999970390927047,0.014100000043981709,0.005300000339047983,2.727000000049884
1950,d252_u1,neutral,train,252,1,bc,2,1,1,0,0,0,1,1,0,ok,"{""sentences"": [""I hear you."", ""We can pause here for a moment.""], ""safety"": ""ok""}",1,2176,2.575000000433647,0.0018999999156221747,0.0002999995558639057,0.013699999726668466,0.0054000001910026185,2.601899999717716
1951,d252_u2,neutral,train,252,2,bc,2,1,1,0,0,0,1,1,0,ok,"{""sentences"": [""I hear you."", ""We can pause here for a moment.""], ""safety"": ""ok""}",1,2176,2.7440000003480236,0.0018999999156221747,0.00020000061340397224,0.013600000784208532,0.005500000042957254,2.770799999780138
1952,d252_u3,neutral,train,252,3,bc,2,1,1,0,0,0,1,1,0,ok,"{""sentences"": [""I hear you."", ""We can pause here for a moment.""], ""safety"": ""ok""}",1,2176,2.784600000268256,0.0018999999156221747,0.00030000046535860747,0.014299999747890979,0.0054000001910026185,2.8125999997428153
1953,d252_u4,neutral,train,252,4,bc,2,1,1,0,0,0,1,1,0,ok,"{""sentences"": [""I hear you."", ""We can pause here for a moment.""], ""safety"": ""ok""}",1,2176,3.2040000005508773,0.0019000008251168765,0.00020000061340397224,0.013899999430577736,0.011500000255182385,3.2370999997510808
1954,d252_u5,neutral,train,252,5,bc,2,1,1,0,0,0,1,1,0,ok,"{""sentences"": [""I hear you."", ""We can pause here for a moment.""], ""safety"": ""ok""}",1,2176,2.71340000017517,0.0018999999156221747,0.00019999970390927047,0.013699999726668466,0.005300000339047983,2.740599999924598
1955,d252_u6,neutral,train,252,6,bc,2,1,1,0,0,0,1,1,0,ok,"{""sentences"": [""I hear you."", ""We can pause here for a moment.""], ""safety"": ""ok""}",1,2176,2.7358000006643124,0.0018000000636675395,0.0002999995558639057,0.01320000046689529,0.004800000169780105,2.761400000053982
1956,d252_u7,neutral,train,252,7,bc,2,1,1,0,0,0,1,1,0,ok,"{""sentences"": [""I hear you."", ""We can pause here for a moment.""], ""safety"": ""ok""}",1,2176,2.346199999919918,0.0018000000636675395,0.0002999995558639057,0.012999999853491317,0.005100000635138713,2.3719000000710366
1957,d252_u8,neutral,train,252,8,bc,2,1,1,0,0,0,1,1,0,ok,"{""sentences"": [""I hear you."", ""We can pause here for a moment.""], ""safety"": ""ok""}",1,2176,2.701800000068033,0.00199999976757681,0.0002999995558639057,0.013699999726668466,0.005199999577598646,2.728499999648193
1958,d252_u9,neutral,train,252,9,bc,2,1,1,0,0,0,1,1,0,ok,"{""sentences"": [""I hear you."", ""We can pause here for a moment.""], ""safety"": ""ok""}",1,2176,2.722600000197417,0.0018999999156221747,0.0002999995558639057,0.014000000192027073,0.005300000339047983,2.74970000009489
1959,d252_u10,neutral,train,252,10,bc,2,1,1,0,0,0,1,1,0,ok,"{""sentences"": [""I hear you."", ""We can pause here for a moment.""], ""safety"": ""ok""}",1,2176,3.163999999742373,0.0018000000636675395,0.00030000046535860747,0.01340000017080456,0.004900000021734741,3.1897000008029863
1960,d252_u13,neutral,train,252,13,bc,2,1,1,0,0,0,1,1,0,ok,"{""sentences"": [""I hear you."", ""We can pause here for a moment.""], ""safety"": ""ok""}",1,2176,2.5986000000557397,0.0018999999156221747,0.00020000061340397224,0.01359999987471383,0.0052999994295532815,2.6252000006934395
1961,d252_u14,happy,train,252,14,bc,2,1,1,0,0,0,1,1,0,ok,"{""sentences"": [""I hear you."", ""We can pause here for a moment.""], ""safety"": ""ok""}",1,2176,3.236599999581813,0.0018999999156221747,0.00019999970390927047,0.013199999557400588,0.005100000635138713,3.2625000003463356
1962,d252_u15,neutral,train,252,15,bc,2,1,1,0,0,0,1,1,0,ok,"{""sentences"": [""I hear you."", ""We can pause here for a moment.""], ""safety"": ""ok""}",1,2176,2.69410000055359,0.002200000380980782,0.00019999970390927047,0.014100000043981709,0.005199999577598646,2.7213000003030174
1963,d252_u16,neutral,train,252,16,bc,2,1,1,0,0,0,1,1,0,ok,"{""sentences"": [""I hear you."", ""We can pause here for a moment.""], ""safety"": ""ok""}",1,2176,2.569700000094599,0.0018999999156221747,0.00030000046535860747,0.013800000488117803,0.005300000339047983,2.596600000288163
1964,d252_u17,happy,train,252,17,bc,2,1,1,0,0,0,1,1,0,ok,"{""sentences"": [""I hear you."", ""We can pause here for a moment.""], ""safety"": ""ok""}",1,2176,2.632400000038615,0.0018000000636675395,0.00019999970390927047,0.01359999987471383,0.005300000339047983,2.6588999999148655
1965,d252_u19,neutral,train,252,19,bc,2,1,1,0,0,0,1,1,0,ok,"{""sentences"": [""I hear you."", ""We can pause here for a moment.""], ""safety"": ""ok""}",1,2176,2.7881000005436363,0.002100000529026147,0.00030000046535860747,0.014400000509340316,0.0052999994295532815,2.8161000000181957
1966,d253_u0,neutral,train,253,0,bc,2,1,1,0,0,0,1,1,0,ok,"{""sentences"": [""I hear you."", ""We can pause here for a moment.""], ""safety"": ""ok""}",1,2176,2.428900000268186,0.0018000000636675395,0.0002999995558639057,0.013800000488117803,0.005199999577598646,2.455299999382987
1967,d253_u1,happy,train,253,1,bc,2,1,1,0,0,0,1,1,0,ok,"{""sentences"": [""I hear you."", ""We can pause here for a moment.""], ""safety"": ""ok""}",1,2176,2.7399000000514206,0.0020000006770715117,0.0002999995558639057,0.014400000509340316,0.0054000001910026185,2.767699999822071
1968,d253_u4,neutral,train,253,4,bc,2,1,1,0,0,0,1,1,0,ok,"{""sentences"": [""I hear you."", ""We can pause here for a moment.""], ""safety"": ""ok""}",1,2176,3.261900000325113,0.0018999999156221747,0.0002999995558639057,0.014000000192027073,0.005200000487093348,3.289000000222586
1969,d253_u5,happy,train,253,5,bc,2,1,1,0,0,0,1,1,0,ok,"{""sentences"": [""I hear you."", ""We can pause here for a moment.""], ""safety"": ""ok""}",1,2176,2.895399999943038,0.0018999999156221747,0.00019999970390927047,0.014299999747890979,0.005200000487093348,2.923000000009779
1970,d253_u7,neutral,train,253,7,bc,2,1,1,0,0,0,1,1,0,ok,"{""sentences"": [""I hear you."", ""We can pause here for a moment.""], ""safety"": ""ok""}",1,2176,2.38919999992504,0.0018000000636675395,0.00019999970390927047,0.013799999578623101,0.005099999725644011,2.416100000118604
1971,d253_u8,happy,train,253,8,bc,2,1,1,0,0,0,1,1,0,ok,"{""sentences"": [""I hear you."", ""We can pause here for a moment.""], ""safety"": ""ok""}",1,2176,2.680000000509608,0.0018999999156221747,0.00019999970390927047,0.013800000488117803,0.004999999873689376,2.7063999996244092
1972,d253_u10,happy,train,253,10,bc,2,1,1,0,0,0,1,1,0,ok,"{""sentences"": [""I hear you."", ""We can pause here for a moment.""], ""safety"": ""ok""}",1,2176,2.864499999304826,0.0018999999156221747,0.00019999970390927047,0.012799999240087345,0.004999999873689376,2.889600000344217
1973,d253_u11,neutral,train,253,11,bc,2,1,1,0,0,0,1,1,0,ok,"{""sentences"": [""I hear you."", ""We can pause here for a moment.""], ""safety"": ""ok""}",1,2176,3.413699999327946,0.017500000467407517,0.00030000046535860747,0.013800000488117803,0.005099999725644011,3.456400000686699
1974,d254_u1,angry,train,254,1,bc,2,1,1,0,0,0,1,1,0,ok,"{""sentences"": [""I hear you."", ""We can pause here for a moment.""], ""safety"": ""ok""}",1,2176,2.7135000000271248,0.0018000000636675395,0.00019999970390927047,0.014100000043981709,0.0054000001910026185,2.7408999994804617
1975,d254_u2,angry,train,254,2,bc,2,1,1,0,0,0,1,1,0,ok,"{""sentences"": [""I hear you."", ""We can pause here for a moment.""], ""safety"": ""ok""}",1,2176,2.7595999999903142,0.00199999976757681,0.00030000046535860747,0.014100000043981709,0.005399999281507917,2.7871000002051005
1976,d254_u3,angry,train,254,3,bc,2,1,1,0,0,0,1,1,0,ok,"{""sentences"": [""I hear you."", ""We can pause here for a moment.""], ""safety"": ""ok""}",1,2176,2.724599999964994,0.0018000000636675395,0.00019999970390927047,0.01359999987471383,0.005099999725644011,2.75099999998929
1977,d254_u4,angry,train,254,4,bc,2,1,1,0,0,0,1,1,0,ok,"{""sentences"": [""I hear you."", ""We can pause here for a moment.""], ""safety"": ""ok""}",1,2176,2.8290000000197324,0.0020000006770715117,0.0002999995558639057,0.014100000043981709,0.0054000001910026185,2.8563999994730693
1978,d254_u5,angry,train,254,5,bc,2,1,1,0,0,0,1,1,0,ok,"{""sentences"": [""I hear you."", ""We can pause here for a moment.""], ""safety"": ""ok""}",1,2176,2.4055000003500027,0.0018999999156221747,0.00020000061340397224,0.014199999895936344,0.005699999746866524,2.4335999996765167
1979,d254_u6,angry,train,254,6,bc,2,1,1,0,0,0,1,1,0,ok,"{""sentences"": [""I hear you."", ""We can pause here for a moment.""], ""safety"": ""ok""}",1,2176,2.9918000000179745,0.0018999999156221747,0.00019999970390927047,0.013899999430577736,0.005100000635138713,3.0186000003595836
1980,d254_u7,neutral,train,254,7,bc,2,1,1,0,0,0,1,1,0,ok,"{""sentences"": [""I hear you."", ""We can pause here for a moment.""], ""safety"": ""ok""}",1,2176,2.3055999999996857,0.0017000002117129043,0.00019999970390927047,0.013500000022759195,0.005099999725644011,2.3320000000239816
1981,d254_u8,happy,train,254,8,bc,2,1,1,0,0,0,1,1,0,ok,"{""sentences"": [""I hear you."", ""We can pause here for a moment.""], ""safety"": ""ok""}",1,2176,2.8638999992836034,0.0018999999156221747,0.0002999995558639057,0.014100000043981709,0.005300000339047983,2.891500000259839
1982,d254_u9,angry,train,254,9,bc,2,1,1,0,0,0,1,1,0,ok,"{""sentences"": [""I hear you."", ""We can pause here for a moment.""], ""safety"": ""ok""}",1,2176,3.0235999993237783,0.0018999999156221747,0.00019999970390927047,0.013699999726668466,0.005200000487093348,3.050700000130746
1983,d255_u1,neutral,train,255,1,bc,2,1,1,0,0,0,1,1,0,ok,"{""sentences"": [""I hear you."", ""We can pause here for a moment.""], ""safety"": ""ok""}",1,2176,2.8952999991815886,0.0018999999156221747,0.00030000046535860747,0.014200000805431046,0.004999999873689376,2.9223999999885564
1984,d255_u3,neutral,train,255,3,bc,2,1,1,0,0,0,1,1,0,ok,"{""sentences"": [""I hear you."", ""We can pause here for a moment.""], ""safety"": ""ok""}",1,2176,2.207099999395723,0.0018000000636675395,0.00030000046535860747,0.013799999578623101,0.005200000487093348,2.2342000002026907
1985,d255_u5,happy,train,255,5,bc,2,1,1,0,0,0,1,1,0,ok,"{""sentences"": [""I hear you."", ""We can pause here for a moment.""], ""safety"": ""ok""}",1,2176,2.6088999993589823,0.0018999999156221747,0.00030000046535860747,0.02970000059576705,0.004999999873689376,2.6515999998082407
1986,d255_u7,happy,train,255,7,bc,2,1,1,0,0,0,1,1,0,ok,"{""sentences"": [""I hear you."", ""We can pause here for a moment.""], ""safety"": ""ok""}",1,2176,2.6023000000350294,0.0018999999156221747,0.00019999970390927047,0.013500000022759195,0.005500000042957254,2.629099999467144
1987,d255_u9,sad,train,255,9,bc,2,1,1,0,0,0,1,1,0,ok,"{""sentences"": [""I hear you."", ""We can pause here for a moment.""], ""safety"": ""ok""}",1,2176,2.919800000199757,0.0018999999156221747,0.00019999970390927047,0.013199999557400588,0.005100000635138713,2.945700000054785
1988,d255_u10,angry,train,255,10,bc,2,1,1,0,0,0,1,1,0,ok,"{""sentences"": [""I hear you."", ""We can pause here for a moment.""], ""safety"": ""ok""}",1,2176,2.313500000127533,0.0018999999156221747,0.00030000046535860747,0.013700000636163168,0.005300000339047983,2.3405000001730514
1989,d255_u11,angry,train,255,11,bc,2,1,1,0,0,0,1,1,0,ok,"{""sentences"": [""I hear you."", ""We can pause here for a moment.""], ""safety"": ""ok""}",1,2176,2.8601000003618537,0.0018999999156221747,0.00020000061340397224,0.01340000017080456,0.005100000635138713,2.8863999996247003
1990,d255_u12,happy,train,255,12,bc,2,1,1,0,0,0,1,1,0,ok,"{""sentences"": [""I hear you."", ""We can pause here for a moment.""], ""safety"": ""ok""}",1,2176,2.8652000000874978,0.0019000008251168765,0.0002999995558639057,0.013500000022759195,0.004900000021734741,2.891500000259839
1991,d255_u15,neutral,train,255,15,bc,2,1,1,0,0,0,1,1,0,ok,"{""sentences"": [""I hear you."", ""We can pause here for a moment.""], ""safety"": ""ok""}",1,2176,2.7461999998195097,0.0018999999156221747,0.00019999970390927047,0.013300000318849925,0.005099999725644011,2.7725999998438056
1992,d256_u0,sad,train,256,0,bc,2,1,1,0,0,0,1,1,0,ok,"{""sentences"": [""I hear you."", ""We can pause here for a moment.""], ""safety"": ""ok""}",1,2176,2.7239000000918168,0.0018000000636675395,0.00019999970390927047,0.012700000297627412,0.004900000021734741,2.7481999995870865
1993,d256_u1,neutral,train,256,1,bc,2,1,1,0,0,0,1,1,0,ok,"{""sentences"": [""I hear you."", ""We can pause here for a moment.""], ""safety"": ""ok""}",1,2176,3.098600000157603,0.0018999999156221747,0.00020000061340397224,0.013799999578623101,0.005200000487093348,3.125299999737763
1994,d256_u2,angry,train,256,2,bc,2,1,1,0,0,0,1,1,0,ok,"{""sentences"": [""I hear you."", ""We can pause here for a moment.""], ""safety"": ""ok""}",1,2176,2.491100000042934,0.00199999976757681,0.00030000046535860747,0.013500000022759195,0.02049999966402538,2.532999999857566
1995,d256_u3,neutral,train,256,3,bc,2,1,1,0,0,0,1,1,0,ok,"{""sentences"": [""I hear you."", ""We can pause here for a moment.""], ""safety"": ""ok""}",1,2176,2.605700000458455,0.0018999999156221747,0.00030000046535860747,0.01359999987471383,0.005200000487093348,2.637999999933527
1996,d256_u4,neutral,train,256,4,bc,2,1,1,0,0,0,1,1,0,ok,"{""sentences"": [""I hear you."", ""We can pause here for a moment.""], ""safety"": ""ok""}",1,2176,2.7314999997543055,0.00199999976757681,0.00019999970390927047,0.013699999726668466,0.005000000783184078,2.7577999999266467
1997,d256_u5,neutral,train,256,5,bc,2,1,1,0,0,0,1,1,0,ok,"{""sentences"": [""I hear you."", ""We can pause here for a moment.""], ""safety"": ""ok""}",1,2176,2.7090000003227033,0.0018999999156221747,0.00030000046535860747,0.01340000017080456,0.004900000021734741,2.7349000001777313
1998,d256_u6,angry,train,256,6,bc,2,1,1,0,0,0,1,1,0,ok,"{""sentences"": [""I hear you."", ""We can pause here for a moment.""], ""safety"": ""ok""}",1,2176,2.7126999993924983,0.00199999976757681,0.00019999970390927047,0.01340000017080456,0.004999999873689376,2.7387999998609303
1999,d256_u7,happy,train,256,7,bc,2,1,1,0,0,0,1,1,0,ok,"{""sentences"": [""I hear you."", ""We can pause here for a moment.""], ""safety"": ""ok""}",1,2176,2.84410000040225,0.00199999976757681,0.00019999970390927047,0.013900000340072438,0.005099999725644011,2.871200000299723
2000,d256_u8,neutral,train,256,8,bc,2,1,1,0,0,0,1,1,0,ok,"{""sentences"": [""I hear you."", ""We can pause here for a moment.""], ""safety"": ""ok""}",1,2176,2.492300000085379,0.0018000000636675395,0.0002999995558639057,0.013299999409355223,0.0052999994295532815,2.5185999993482255
2001,d256_u9,neutral,train,256,9,bc,2,1,1,0,0,0,1,1,0,ok,"{""sentences"": [""I hear you."", ""We can pause here for a moment.""], ""safety"": ""ok""}",1,2176,2.7881000005436363,0.0018999999156221747,0.0002999995558639057,0.013500000022759195,0.004900000021734741,2.814399999806483
2002,d256_u10,sad,train,256,10,bc,2,1,1,0,0,0,1,1,0,ok,"{""sentences"": [""I hear you."", ""We can pause here for a moment.""], ""safety"": ""ok""}",1,2176,3.0459999998129206,0.0018000000636675395,0.00019999970390927047,0.01359999987471383,0.004999999873689376,3.072200000133307
2003,d256_u11,angry,train,256,11,bc,2,1,1,0,0,0,1,1,0,ok,"{""sentences"": [""I hear you."", ""We can pause here for a moment.""], ""safety"": ""ok""}",1,2176,2.8279999996811966,0.0016999993022182025,0.00030000046535860747,0.012900000001536682,0.004800000169780105,2.853099999811093
2004,d256_u12,angry,train,256,12,bc,2,1,1,0,0,0,1,1,0,ok,"{""sentences"": [""I hear you."", ""We can pause here for a moment.""], ""safety"": ""ok""}",1,2176,2.412400000139314,0.0018000000636675395,0.00020000061340397224,0.013099999705445953,0.004800000169780105,2.437899999677029
2005,d256_u13,angry,train,256,13,bc,2,1,1,0,0,0,1,1,0,ok,"{""sentences"": [""I hear you."", ""We can pause here for a moment.""], ""safety"": ""ok""}",1,2176,2.2920999999769265,0.0018999999156221747,0.00030000046535860747,0.014299999747890979,0.005100000635138713,2.320000000509026
2006,d256_u14,angry,train,256,14,bc,2,1,1,0,0,0,1,1,0,ok,"{""sentences"": [""I hear you."", ""We can pause here for a moment.""], ""safety"": ""ok""}",1,2176,3.1957000001057168,0.0018999999156221747,0.0002999995558639057,0.013699999726668466,0.005300000339047983,3.2223999996858765
2007,d256_u15,neutral,train,256,15,bc,2,1,1,0,0,0,1,1,0,ok,"{""sentences"": [""I hear you."", ""We can pause here for a moment.""], ""safety"": ""ok""}",1,2176,2.7798000000984757,0.0018000000636675395,0.00019999970390927047,0.013899999430577736,0.005199999577598646,2.8066999993825448
2008,d257_u0,happy,train,257,0,bc,2,1,1,0,0,0,1,1,0,ok,"{""sentences"": [""I hear you."", ""We can pause here for a moment.""], ""safety"": ""ok""}",1,2176,3.14170000001468,0.0018999999156221747,0.00030000046535860747,0.014100000043981709,0.005200000487093348,3.169099999468017
2009,d257_u3,neutral,train,257,3,bc,2,1,1,0,0,0,1,1,0,ok,"{""sentences"": [""I hear you."", ""We can pause here for a moment.""], ""safety"": ""ok""}",1,2176,2.779999999802385,0.00199999976757681,0.00030000046535860747,0.013699999726668466,0.005699999746866524,2.8075000000171713
2010,d257_u4,sad,train,257,4,bc,2,1,1,0,0,0,1,1,0,ok,"{""sentences"": [""I hear you."", ""We can pause here for a moment.""], ""safety"": ""ok""}",1,2176,2.8491000002759392,0.0018000000636675395,0.00030000046535860747,0.013100000614940654,0.004900000021734741,2.875099999982922
2011,d258_u0,happy,train,258,0,bc,2,1,1,0,0,0,1,1,0,ok,"{""sentences"": [""I hear you."", ""We can pause here for a moment.""], ""safety"": ""ok""}",1,2176,2.72190000032424,0.0016999993022182025,0.00020000061340397224,0.013300000318849925,0.004900000021734741,2.7473999998619547
2012,d258_u1,neutral,train,258,1,bc,2,1,1,0,0,0,1,1,0,ok,"{""sentences"": [""I hear you."", ""We can pause here for a moment.""], ""safety"": ""ok""}",1,2176,2.667299999302486,0.00199999976757681,0.00030000046535860747,0.013500000022759195,0.005300000339047983,2.6937000002362765
2013,d258_u3,neutral,train,258,3,bc,2,1,1,0,0,0,1,1,0,ok,"{""sentences"": [""I hear you."", ""We can pause here for a moment.""], ""safety"": ""ok""}",1,2176,3.224400000362948,0.0018999999156221747,0.00019999970390927047,0.014000000192027073,0.022300000637187622,3.2688999999663793
2014,d258_u4,neutral,train,258,4,bc,2,1,1,0,0,0,1,1,0,ok,"{""sentences"": [""I hear you."", ""We can pause here for a moment.""], ""safety"": ""ok""}",1,2176,2.496400000381982,0.0018999999156221747,0.00019999970390927047,0.013300000318849925,0.005100000635138713,2.5224999999409192
2015,d258_u5,neutral,train,258,5,bc,2,1,1,0,0,0,1,1,0,ok,"{""sentences"": [""I hear you."", ""We can pause here for a moment.""], ""safety"": ""ok""}",1,2176,2.5022999998327577,0.0018999999156221747,0.0002999995558639057,0.013500000022759195,0.005300000339047983,2.5287999997090083
2016,d258_u6,happy,train,258,6,bc,2,1,1,0,0,0,1,1,0,ok,"{""sentences"": [""I hear you."", ""We can pause here for a moment.""], ""safety"": ""ok""}",1,2176,2.5713000004543574,0.0018000000636675395,0.0002999995558639057,0.013399999261309858,0.005099999725644011,2.5971999993998907
2017,d259_u2,angry,train,259,2,bc,2,1,1,0,0,0,1,1,0,ok,"{""sentences"": [""I hear you."", ""We can pause here for a moment.""], ""safety"": ""ok""}",1,2176,3.2780999999886262,0.0018000000636675395,0.00019999970390927047,0.013699999726668466,0.005399999281507917,3.3049000003302353
2018,d259_u3,angry,train,259,3,bc,2,1,1,0,0,0,1,1,0,ok,"{""sentences"": [""I hear you."", ""We can pause here for a moment.""], ""safety"": ""ok""}",1,2176,2.7314999997543055,0.00199999976757681,0.00020000061340397224,0.013300000318849925,0.005200000487093348,2.7578999997786013
2019,d260_u0,neutral,train,260,0,bc,2,1,1,0,0,0,1,1,0,ok,"{""sentences"": [""I hear you."", ""We can pause here for a moment.""], ""safety"": ""ok""}",1,2176,2.8210000000399305,0.0018000000636675395,0.00020000061340397224,0.01320000046689529,0.005099999725644011,2.846499999577645
2020,d260_u1,angry,train,260,1,bc,2,1,1,0,0,0,1,1,0,ok,"{""sentences"": [""I hear you."", ""We can pause here for a moment.""], ""safety"": ""ok""}",1,2176,2.217000000200642,0.0018999999156221747,0.00019999970390927047,0.01340000017080456,0.004999999873689376,2.243099999759579
2021,d260_u3,sad,train,260,3,bc,2,1,1,0,0,0,1,1,0,ok,"{""sentences"": [""I hear you."", ""We can pause here for a moment.""], ""safety"": ""ok""}",1,2176,2.826999999342661,0.0018999999156221747,0.0002999995558639057,0.013800000488117803,0.004800000169780105,2.8534000002764515
2022,d260_u4,sad,train,260,4,bc,2,1,1,0,0,0,1,1,0,ok,"{""sentences"": [""I hear you."", ""We can pause here for a moment.""], ""safety"": ""ok""}",1,2176,2.4854999992385274,0.0018999999156221747,0.00020000061340397224,0.01359999987471383,0.0052999994295532815,2.5120999998762272
2023,d260_u5,sad,train,260,5,bc,2,1,1,0,0,0,1,1,0,ok,"{""sentences"": [""I hear you."", ""We can pause here for a moment.""], ""safety"": ""ok""}",1,2176,2.7271999997537932,0.0018999999156221747,0.0002999995558639057,0.013199999557400588,0.004999999873689376,2.7528000000529573
2024,d260_u6,sad,train,260,6,bc,2,1,1,0,0,0,1,1,0,ok,"{""sentences"": [""I hear you."", ""We can pause here for a moment.""], ""safety"": ""ok""}",1,2176,3.2154000000446104,0.0018999999156221747,0.00020000061340397224,0.013699999726668466,0.004900000021734741,3.241899999920861
2025,d260_u7,sad,train,260,7,bc,2,1,1,0,0,0,1,1,0,ok,"{""sentences"": [""I hear you."", ""We can pause here for a moment.""], ""safety"": ""ok""}",1,2176,2.825499999744352,0.0018999999156221747,0.0002999995558639057,0.013799999578623101,0.0052999994295532815,2.852099999472557
2026,d260_u8,neutral,train,260,8,bc,2,1,1,0,0,0,1,1,0,ok,"{""sentences"": [""I hear you."", ""We can pause here for a moment.""], ""safety"": ""ok""}",1,2176,2.7344000000084634,0.00199999976757681,0.00020000061340397224,0.013799999578623101,0.0054000001910026185,2.761599999757891
2027,d260_u9,neutral,train,260,9,bc,2,1,1,0,0,0,1,1,0,ok,"{""sentences"": [""I hear you."", ""We can pause here for a moment.""], ""safety"": ""ok""}",1,2176,2.963300000374147,0.0018999999156221747,0.00019999970390927047,0.01359999987471383,0.004999999873689376,2.9899000001023524
2028,d260_u11,angry,train,260,11,bc,2,1,1,0,0,0,1,1,0,ok,"{""sentences"": [""I hear you."", ""We can pause here for a moment.""], ""safety"": ""ok""}",1,2176,2.66990000000078,0.0018999999156221747,0.00030000046535860747,0.013700000636163168,0.005099999725644011,2.6961999992636265
2029,d261_u2,neutral,train,261,2,bc,2,1,1,0,0,0,1,1,0,ok,"{""sentences"": [""I hear you."", ""We can pause here for a moment.""], ""safety"": ""ok""}",1,2176,2.8754999993907404,0.00199999976757681,0.00020000061340397224,0.014100000043981709,0.0052999994295532815,2.9027000000496628
2030,d261_u3,happy,train,261,3,bc,2,1,1,0,0,0,1,1,0,ok,"{""sentences"": [""I hear you."", ""We can pause here for a moment.""], ""safety"": ""ok""}",1,2176,2.1035999998275656,0.0018999999156221747,0.00019999970390927047,0.01340000017080456,0.005099999725644011,2.1295999995345483
2031,d261_u4,angry,train,261,4,bc,2,1,1,0,0,0,1,1,0,ok,"{""sentences"": [""I hear you."", ""We can pause here for a moment.""], ""safety"": ""ok""}",1,2176,3.414199999497214,0.002200000380980782,0.00030000046535860747,0.014800000826653559,0.005500000042957254,3.442899999754445
2032,d261_u5,angry,train,261,5,bc,2,1,1,0,0,0,1,1,0,ok,"{""sentences"": [""I hear you."", ""We can pause here for a moment.""], ""safety"": ""ok""}",1,2176,2.826200000527024,0.0018999999156221747,0.00030000046535860747,0.013299999409355223,0.0052999994295532815,2.852599999641825
2033,d261_u6,neutral,train,261,6,bc,2,1,1,0,0,0,1,1,0,ok,"{""sentences"": [""I hear you."", ""We can pause here for a moment.""], ""safety"": ""ok""}",1,2176,2.876000000469503,0.00199999976757681,0.00019999970390927047,0.01430000065738568,0.005300000339047983,2.903900000092108
2034,d261_u8,sad,train,261,8,bc,2,1,1,0,0,0,1,1,0,ok,"{""sentences"": [""I hear you."", ""We can pause here for a moment.""], ""safety"": ""ok""}",1,2176,2.522500000850414,0.0018999999156221747,0.0002999995558639057,0.014100000043981709,0.0052999994295532815,2.549900000303751
2035,d262_u0,neutral,train,262,0,bc,2,1,1,0,0,0,1,1,0,ok,"{""sentences"": [""I hear you."", ""We can pause here for a moment.""], ""safety"": ""ok""}",1,2176,2.637200000208395,0.002100000529026147,0.00019999970390927047,0.014199999895936344,0.004900000021734741,2.664099999492464
2036,d262_u1,neutral,train,262,1,bc,2,1,1,0,0,0,1,1,0,ok,"{""sentences"": [""I hear you."", ""We can pause here for a moment.""], ""safety"": ""ok""}",1,2176,2.9158999996070634,0.00199999976757681,0.00030000046535860747,0.01430000065738568,0.0052999994295532815,2.943500000583299
2037,d262_u2,neutral,train,262,2,bc,2,1,1,0,0,0,1,1,0,ok,"{""sentences"": [""I hear you."", ""We can pause here for a moment.""], ""safety"": ""ok""}",1,2176,2.8215000002091983,0.0018999999156221747,0.00030000046535860747,0.013999999282532372,0.005499999133462552,2.8490000004239846
2038,d262_u3,sad,train,262,3,bc,2,1,1,0,0,0,1,1,0,ok,"{""sentences"": [""I hear you."", ""We can pause here for a moment.""], ""safety"": ""ok""}",1,2176,2.7890000001207227,0.00199999976757681,0.00020000061340397224,0.013700000636163168,0.004999999873689376,2.8154000001450186
2039,d262_u4,angry,train,262,4,bc,2,1,1,0,0,0,1,1,0,ok,"{""sentences"": [""I hear you."", ""We can pause here for a moment.""], ""safety"": ""ok""}",1,2176,3.1495000002905726,0.0018999999156221747,0.00020000061340397224,0.013300000318849925,0.005300000339047983,3.1754999999975553
2040,d263_u2,neutral,train,263,2,bc,2,1,1,0,0,0,1,1,0,ok,"{""sentences"": [""I hear you."", ""We can pause here for a moment.""], ""safety"": ""ok""}",1,2176,2.861200000552344,0.0019000008251168765,0.00019999970390927047,0.014000000192027073,0.0054000001910026185,2.8887999997095903
2041,d263_u4,neutral,train,263,4,bc,2,1,1,0,0,0,1,1,0,ok,"{""sentences"": [""I hear you."", ""We can pause here for a moment.""], ""safety"": ""ok""}",1,2176,2.832000000125845,0.0020000006770715117,0.0002999995558639057,0.013899999430577736,0.0052999994295532815,2.859100000023318
2042,d263_u5,neutral,train,263,5,bc,2,1,1,0,0,0,1,1,0,ok,"{""sentences"": [""I hear you."", ""We can pause here for a moment.""], ""safety"": ""ok""}",1,2176,2.46179999976448,0.0018999999156221747,0.0002999995558639057,0.013099999705445953,0.004999999873689376,2.487699999619508
2043,d263_u6,happy,train,263,6,bc,2,1,1,0,0,0,1,1,0,ok,"{""sentences"": [""I hear you."", ""We can pause here for a moment.""], ""safety"": ""ok""}",1,2176,2.430800000183808,0.0018000000636675395,0.00030000046535860747,0.01340000017080456,0.005200000487093348,2.4569999995947
2044,d263_u8,happy,train,263,8,bc,2,1,1,0,0,0,1,1,0,ok,"{""sentences"": [""I hear you."", ""We can pause here for a moment.""], ""safety"": ""ok""}",1,2176,2.421400000457652,0.00199999976757681,0.0002999995558639057,0.014700000065204222,0.005300000339047983,2.4495999996361206
2045,d264_u0,neutral,train,264,0,bc,2,1,1,0,0,0,1,1,0,ok,"{""sentences"": [""I hear you."", ""We can pause here for a moment.""], ""safety"": ""ok""}",1,2176,2.829099999871687,0.0018999999156221747,0.0002999995558639057,0.013899999430577736,0.0052999994295532815,2.856400000382564
2046,d264_u1,neutral,train,264,1,bc,2,1,1,0,0,0,1,1,0,ok,"{""sentences"": [""I hear you."", ""We can pause here for a moment.""], ""safety"": ""ok""}",1,2176,2.4841999993441277,0.0020000006770715117,0.00019999970390927047,0.014000000192027073,0.0054000001910026185,2.5120000000242726
2047,d264_u3,neutral,train,264,3,bc,2,1,1,0,0,0,1,1,0,ok,"{""sentences"": [""I hear you."", ""We can pause here for a moment.""], ""safety"": ""ok""}",1,2176,3.1457000004593283,0.0018000000636675395,0.0002999995558639057,0.013900000340072438,0.005099999725644011,3.1724999998914427
2048,d264_u4,happy,train,264,4,bc,2,1,1,0,0,0,1,1,0,ok,"{""sentences"": [""I hear you."", ""We can pause here for a moment.""], ""safety"": ""ok""}",1,2176,3.1495000002905726,0.0018999999156221747,0.0002999995558639057,0.013099999705445953,0.00470000031782547,3.174599999510974
2049,d264_u5,neutral,train,264,5,bc,2,1,1,0,0,0,1,1,0,ok,"{""sentences"": [""I hear you."", ""We can pause here for a moment.""], ""safety"": ""ok""}",1,2176,2.4733000000196625,0.0019000008251168765,0.00019999970390927047,0.013800000488117803,0.005199999577598646,2.500300000065181
2050,d264_u6,neutral,train,264,6,bc,2,1,1,0,0,0,1,1,0,ok,"{""sentences"": [""I hear you."", ""We can pause here for a moment.""], ""safety"": ""ok""}",1,2176,2.9213000007075607,0.0018999999156221747,0.00030000046535860747,0.013100000614940654,0.004999999873689376,2.946499999779917
2051,d264_u7,angry,train,264,7,bc,2,1,1,0,0,0,1,1,0,ok,"{""sentences"": [""I hear you."", ""We can pause here for a moment.""], ""safety"": ""ok""}",1,2176,2.316499999324151,0.0017000002117129043,0.00030000046535860747,0.013100000614940654,0.005199999577598646,2.3421000005328096
2052,d264_u9,neutral,train,264,9,bc,2,1,1,0,0,0,1,1,0,ok,"{""sentences"": [""I hear you."", ""We can pause here for a moment.""], ""safety"": ""ok""}",1,2176,2.9480000002877205,0.0020000006770715117,0.0002999995558639057,0.014500000361294951,0.005300000339047983,2.9758000000583706
2053,d264_u10,neutral,train,264,10,bc,2,1,1,0,0,0,1,1,0,ok,"{""sentences"": [""I hear you."", ""We can pause here for a moment.""], ""safety"": ""ok""}",1,2176,3.41870000011113,0.0020000006770715117,0.0002999995558639057,0.013699999726668466,0.005200000487093348,3.4454999995432445
2054,d264_u11,neutral,train,264,11,bc,2,1,1,0,0,0,1,1,0,ok,"{""sentences"": [""I hear you."", ""We can pause here for a moment.""], ""safety"": ""ok""}",1,2176,2.631700000165438,0.0018999999156221747,0.00030000046535860747,0.01340000017080456,0.005100000635138713,2.6579000004858244
2055,d264_u12,neutral,train,264,12,bc,2,1,1,0,0,0,1,1,0,ok,"{""sentences"": [""I hear you."", ""We can pause here for a moment.""], ""safety"": ""ok""}",1,2176,2.4002000000109547,0.0017999991541728377,0.0002999995558639057,0.013699999726668466,0.005199999577598646,2.4270999992950237
2056,d264_u13,neutral,train,264,13,bc,2,1,1,0,0,0,1,1,0,ok,"{""sentences"": [""I hear you."", ""We can pause here for a moment.""], ""safety"": ""ok""}",1,2176,2.4817999992592377,0.00199999976757681,0.00030000046535860747,0.013500000022759195,0.0052999994295532815,2.5086000005103415
2057,d264_u14,neutral,train,264,14,bc,2,1,1,0,0,0,1,1,0,ok,"{""sentences"": [""I hear you."", ""We can pause here for a moment.""], ""safety"": ""ok""}",1,2176,2.9303000001164037,0.0018999999156221747,0.00020000061340397224,0.01340000017080456,0.005100000635138713,2.9567000001406996
2058,d264_u15,happy,train,264,15,bc,2,1,1,0,0,0,1,1,0,ok,"{""sentences"": [""I hear you."", ""We can pause here for a moment.""], ""safety"": ""ok""}",1,2176,2.494499999556865,0.00199999976757681,0.0002999995558639057,0.014199999895936344,0.005300000339047983,2.5222000003850553
2059,d264_u16,neutral,train,264,16,bc,2,1,1,0,0,0,1,1,0,ok,"{""sentences"": [""I hear you."", ""We can pause here for a moment.""], ""safety"": ""ok""}",1,2176,3.015399999640067,0.0018999999156221747,0.00019999970390927047,0.013500000022759195,0.004999999873689376,3.0415999999604537
2060,d264_u17,neutral,train,264,17,bc,2,1,1,0,0,0,1,1,0,ok,"{""sentences"": [""I hear you."", ""We can pause here for a moment.""], ""safety"": ""ok""}",1,2176,2.7460000001156004,0.0018999999156221747,0.00030000046535860747,0.014000000192027073,0.0054000001910026185,2.7732999997169827
2061,d264_u18,neutral,train,264,18,bc,2,1,1,0,0,0,1,1,0,ok,"{""sentences"": [""I hear you."", ""We can pause here for a moment.""], ""safety"": ""ok""}",1,2176,2.93599999986327,0.0018000000636675395,0.00019999970390927047,0.013800000488117803,0.005199999577598646,2.962900000056834
2062,d265_u0,angry,train,265,0,bc,2,1,1,0,0,0,1,1,0,ok,"{""sentences"": [""I hear you."", ""We can pause here for a moment.""], ""safety"": ""ok""}",1,2176,2.925400000094669,0.00199999976757681,0.0002999995558639057,0.013799999578623101,0.005200000487093348,2.9523000002882327
2063,d265_u1,neutral,train,265,1,bc,2,1,1,0,0,0,1,1,0,ok,"{""sentences"": [""I hear you."", ""We can pause here for a moment.""], ""safety"": ""ok""}",1,2176,2.7885999998034094,0.0018000000636675395,0.00019999970390927047,0.013300000318849925,0.005099999725644011,2.814599999510392
2064,d265_u2,angry,train,265,2,bc,2,1,1,0,0,0,1,1,0,ok,"{""sentences"": [""I hear you."", ""We can pause here for a moment.""], ""safety"": ""ok""}",1,2176,2.3131999996621744,0.0020000006770715117,0.00030000046535860747,0.012700000297627412,0.004800000169780105,2.3381000000881613
2065,d265_u3,neutral,train,265,3,bc,2,1,1,0,0,0,1,1,0,ok,"{""sentences"": [""I hear you."", ""We can pause here for a moment.""], ""safety"": ""ok""}",1,2176,2.9303999999683583,0.0018999999156221747,0.00020000061340397224,0.014000000192027073,0.005300000339047983,2.957599999717786
2066,d265_u4,sad,train,265,4,bc,2,1,1,0,0,0,1,1,0,ok,"{""sentences"": [""I hear you."", ""We can pause here for a moment.""], ""safety"": ""ok""}",1,2176,2.821399999447749,0.00199999976757681,0.00019999970390927047,0.014199999895936344,0.005300000339047983,2.848699999958626
2067,d266_u0,neutral,train,266,0,bc,2,1,1,0,0,0,1,1,0,ok,"{""sentences"": [""I hear you."", ""We can pause here for a moment.""], ""safety"": ""ok""}",1,2176,3.056499999729567,0.0018999999156221747,0.00019999970390927047,0.01359999987471383,0.004999999873689376,3.082800000811403
2068,d267_u0,neutral,train,267,0,bc,2,1,1,0,0,0,1,1,0,ok,"{""sentences"": [""I hear you."", ""We can pause here for a moment.""], ""safety"": ""ok""}",1,2176,2.769800000351097,0.0017999991541728377,0.00030000046535860747,0.013100000614940654,0.005199999577598646,2.7955000005022157
2069,d268_u1,neutral,train,268,1,bc,2,1,1,0,0,0,1,1,0,ok,"{""sentences"": [""I hear you."", ""We can pause here for a moment.""], ""safety"": ""ok""}",1,2176,2.4965000002339366,0.002100000529026147,0.0002999995558639057,0.014000000192027073,0.005500000042957254,2.524099999391183
2070,d269_u0,neutral,train,269,0,bc,2,1,1,0,0,0,1,1,0,ok,"{""sentences"": [""I hear you."", ""We can pause here for a moment.""], ""safety"": ""ok""}",1,2176,2.6491999997233506,0.0018999999156221747,0.00030000046535860747,0.013800000488117803,0.0054000001910026185,2.6762999996208237
2071,d270_u0,neutral,train,270,0,bc,2,1,1,0,0,0,1,1,0,ok,"{""sentences"": [""I hear you."", ""We can pause here for a moment.""], ""safety"": ""ok""}",1,2176,3.218100000594859,0.0020000006770715117,0.00020000061340397224,0.013899999430577736,0.005300000339047983,3.2450999997308827
2072,d270_u1,happy,train,270,1,bc,2,1,1,0,0,0,1,1,0,ok,"{""sentences"": [""I hear you."", ""We can pause here for a moment.""], ""safety"": ""ok""}",1,2176,2.7411999999458203,0.0018999999156221747,0.00030000046535860747,0.03150000065943459,0.005300000339047983,2.7861999997185194
2073,d270_u2,happy,train,270,2,bc,2,1,1,0,0,0,1,1,0,ok,"{""sentences"": [""I hear you."", ""We can pause here for a moment.""], ""safety"": ""ok""}",1,2176,3.3088000000134343,0.0020000006770715117,0.00019999970390927047,0.014199999895936344,0.005399999281507917,3.336700000545534
2074,d270_u3,neutral,train,270,3,bc,2,1,1,0,0,0,1,1,0,ok,"{""sentences"": [""I hear you."", ""We can pause here for a moment.""], ""safety"": ""ok""}",1,2176,2.775899999505782,0.0018999999156221747,0.00030000046535860747,0.014000000192027073,0.005699999746866524,2.8032999998686137
2075,d271_u1,happy,train,271,1,bc,2,1,1,0,0,0,1,1,0,ok,"{""sentences"": [""I hear you."", ""We can pause here for a moment.""], ""safety"": ""ok""}",1,2176,2.898499999901105,0.0018999999156221747,0.00019999970390927047,0.014100000043981709,0.005099999725644011,2.925599999798578
2076,d271_u2,happy,train,271,2,bc,2,1,1,0,0,0,1,1,0,ok,"{""sentences"": [""I hear you."", ""We can pause here for a moment.""], ""safety"": ""ok""}",1,2176,2.812400000038906,0.0018000000636675395,0.00019999970390927047,0.014299999747890979,0.0052999994295532815,2.840000000105647
2077,d271_u3,happy,train,271,3,bc,2,1,1,0,0,0,1,1,0,ok,"{""sentences"": [""I hear you."", ""We can pause here for a moment.""], ""safety"": ""ok""}",1,2176,2.4912999997468432,0.0020000006770715117,0.0002999995558639057,0.014100000043981709,0.005599999894911889,2.519100000426988
2078,d271_u4,happy,train,271,4,bc,2,1,1,0,0,0,1,1,0,ok,"{""sentences"": [""I hear you."", ""We can pause here for a moment.""], ""safety"": ""ok""}",1,2176,2.57910000073025,0.0023000002329354174,0.00030000046535860747,0.01430000065738568,0.005300000339047983,2.607000000352855
2079,d271_u6,neutral,train,271,6,bc,2,1,1,0,0,0,1,1,0,ok,"{""sentences"": [""I hear you."", ""We can pause here for a moment.""], ""safety"": ""ok""}",1,2176,2.7442999999038875,0.0023000002329354174,0.0002999995558639057,0.013900000340072438,0.004999999873689376,2.77159999950527
2080,d271_u7,neutral,train,271,7,bc,2,1,1,0,0,0,1,1,0,ok,"{""sentences"": [""I hear you."", ""We can pause here for a moment.""], ""safety"": ""ok""}",1,2176,3.1584999996994156,0.0018999999156221747,0.00019999970390927047,0.030100000003585592,0.004900000021734741,3.2013999998525833
2081,d271_u8,neutral,train,271,8,bc,2,1,1,0,0,0,1,1,0,ok,"{""sentences"": [""I hear you."", ""We can pause here for a moment.""], ""safety"": ""ok""}",1,2176,2.735500000198954,0.0018999999156221747,0.00019999970390927047,0.014000000192027073,0.005199999577598646,2.762500000244472
2082,d271_u9,angry,train,271,9,bc,2,1,1,0,0,0,1,1,0,ok,"{""sentences"": [""I hear you."", ""We can pause here for a moment.""], ""safety"": ""ok""}",1,2176,2.7280000003884197,0.0020000006770715117,0.0002999995558639057,0.013699999726668466,0.005199999577598646,2.7548999996724888
2083,d271_u10,neutral,train,271,10,bc,2,1,1,0,0,0,1,1,0,ok,"{""sentences"": [""I hear you."", ""We can pause here for a moment.""], ""safety"": ""ok""}",1,2176,2.6731999996627565,0.0018999999156221747,0.00030000046535860747,0.014000000192027073,0.0054000001910026185,2.700600000025588
2084,d272_u2,angry,train,272,2,bc,2,1,1,0,0,0,1,1,0,ok,"{""sentences"": [""I hear you."", ""We can pause here for a moment.""], ""safety"": ""ok""}",1,2176,2.888600000005681,0.0018999999156221747,0.0002999995558639057,0.01359999987471383,0.005099999725644011,2.9151000007914263
2085,d272_u3,angry,train,272,3,bc,2,1,1,0,0,0,1,1,0,ok,"{""sentences"": [""I hear you."", ""We can pause here for a moment.""], ""safety"": ""ok""}",1,2176,2.5262999997721636,0.0018999999156221747,0.00019999970390927047,0.013500000022759195,0.005199999577598646,2.5526999997964595
2086,d272_u4,neutral,train,272,4,bc,2,1,1,0,0,0,1,1,0,ok,"{""sentences"": [""I hear you."", ""We can pause here for a moment.""], ""safety"": ""ok""}",1,2176,2.623499999572232,0.0018999999156221747,0.00020000061340397224,0.013900000340072438,0.005099999725644011,2.6503000008233357
2087,d272_u5,neutral,train,272,5,bc,2,1,1,0,0,0,1,1,0,ok,"{""sentences"": [""I hear you."", ""We can pause here for a moment.""], ""safety"": ""ok""}",1,2176,3.1299000002036337,0.0018000000636675395,0.00020000061340397224,0.013299999409355223,0.005000000783184078,3.1558999999106163
2088,d272_u6,neutral,train,272,6,bc,2,1,1,0,0,0,1,1,0,ok,"{""sentences"": [""I hear you."", ""We can pause here for a moment.""], ""safety"": ""ok""}",1,2176,2.7926999991905177,0.00199999976757681,0.00030000046535860747,0.014000000192027073,0.005200000487093348,2.819700000145531
2089,d272_u7,happy,train,272,7,bc,2,1,1,0,0,0,1,1,0,ok,"{""sentences"": [""I hear you."", ""We can pause here for a moment.""], ""safety"": ""ok""}",1,2176,2.304800000274554,0.0018000000636675395,0.00030000046535860747,0.013699999726668466,0.005100000635138713,2.3315999997066683
2090,d272_u8,angry,train,272,8,bc,2,1,1,0,0,0,1,1,0,ok,"{""sentences"": [""I hear you."", ""We can pause here for a moment.""], ""safety"": ""ok""}",1,2176,2.710499999921012,0.0018999999156221747,0.00030000046535860747,0.013800000488117803,0.004900000021734741,2.7372999993531266
2091,d273_u0,neutral,train,273,0,bc,2,1,1,0,0,0,1,1,0,ok,"{""sentences"": [""I hear you."", ""We can pause here for a moment.""], ""safety"": ""ok""}",1,2176,3.309199999421253,0.0018000000636675395,0.00020000061340397224,0.012999999853491317,0.004900000021734741,3.3341999996991944
2092,d273_u1,angry,train,273,1,bc,2,1,1,0,0,0,1,1,0,ok,"{""sentences"": [""I hear you."", ""We can pause here for a moment.""], ""safety"": ""ok""}",1,2176,2.8551000004881644,0.0018999999156221747,0.0002999995558639057,0.01359999987471383,0.005099999725644011,2.881800000068324
2093,d273_u2,sad,train,273,2,bc,2,1,1,0,0,0,1,1,0,ok,"{""sentences"": [""I hear you."", ""We can pause here for a moment.""], ""safety"": ""ok""}",1,2176,2.365500000450993,0.0020000006770715117,0.0002999995558639057,0.014199999895936344,0.0054000001910026185,2.39289999990433
2094,d273_u3,sad,train,273,3,bc,2,1,1,0,0,0,1,1,0,ok,"{""sentences"": [""I hear you."", ""We can pause here for a moment.""], ""safety"": ""ok""}",1,2176,2.775199999632605,0.0018999999156221747,0.00030000046535860747,0.013999999282532372,0.005100000635138713,2.8024000002915272
2095,d273_u4,sad,train,273,4,bc,2,1,1,0,0,0,1,1,0,ok,"{""sentences"": [""I hear you."", ""We can pause here for a moment.""], ""safety"": ""ok""}",1,2176,3.047799999876588,0.0018999999156221747,0.00020000061340397224,0.013900000340072438,0.005200000487093348,3.0746000002181972
2096,d273_u5,neutral,train,273,5,bc,2,1,1,0,0,0,1,1,0,ok,"{""sentences"": [""I hear you."", ""We can pause here for a moment.""], ""safety"": ""ok""}",1,2176,2.6721000003817608,0.002100000529026147,0.00019999970390927047,0.014000000192027073,0.0054000001910026185,2.699699999539007
2097,d273_u6,neutral,train,273,6,bc,2,1,1,0,0,0,1,1,0,ok,"{""sentences"": [""I hear you."", ""We can pause here for a moment.""], ""safety"": ""ok""}",1,2176,3.0026000003999798,0.0018999999156221747,0.00019999970390927047,0.013699999726668466,0.005000000783184078,3.0291000002762303
2098,d273_u8,angry,train,273,8,bc,2,1,1,0,0,0,1,1,0,ok,"{""sentences"": [""I hear you."", ""We can pause here for a moment.""], ""safety"": ""ok""}",1,2176,2.2533999999723164,0.0018000000636675395,0.00020000061340397224,0.013900000340072438,0.004999999873689376,2.2795999993832083
2099,d273_u10,neutral,train,273,10,bc,2,1,1,0,0,0,1,1,0,ok,"{""sentences"": [""I hear you."", ""We can pause here for a moment.""], ""safety"": ""ok""}",1,2176,2.83569999919564,0.0018000000636675395,0.00030000046535860747,0.013099999705445953,0.004699999408330768,2.8606000005311216
2100,d273_u11,neutral,train,273,11,bc,2,1,1,0,0,0,1,1,0,ok,"{""sentences"": [""I hear you."", ""We can pause here for a moment.""], ""safety"": ""ok""}",1,2176,2.9707999992751866,0.0020000006770715117,0.00019999970390927047,0.01359999987471383,0.006400000529538374,2.99890000042069
2101,d273_u12,neutral,train,273,12,bc,2,1,1,0,0,0,1,1,0,ok,"{""sentences"": [""I hear you."", ""We can pause here for a moment.""], ""safety"": ""ok""}",1,2176,2.3330000003625173,0.0020000006770715117,0.00020000061340397224,0.014100000043981709,0.005500000042957254,2.360200000111945
2102,d273_u13,happy,train,273,13,bc,2,1,1,0,0,0,1,1,0,ok,"{""sentences"": [""I hear you."", ""We can pause here for a moment.""], ""safety"": ""ok""}",1,2176,3.003599999829021,0.0018000000636675395,0.00030000046535860747,0.013800000488117803,0.005200000487093348,3.0303000003186753
2103,d273_u14,neutral,train,273,14,bc,2,1,1,0,0,0,1,1,0,ok,"{""sentences"": [""I hear you."", ""We can pause here for a moment.""], ""safety"": ""ok""}",1,2176,2.4016999996092636,0.00199999976757681,0.00030000046535860747,0.013700000636163168,0.005500000042957254,2.4287999995067366
2104,d273_u15,neutral,train,273,15,bc,2,1,1,0,0,0,1,1,0,ok,"{""sentences"": [""I hear you."", ""We can pause here for a moment.""], ""safety"": ""ok""}",1,2176,2.6932999999189633,0.00199999976757681,0.0002999995558639057,0.014100000043981709,0.005300000339047983,2.7208000001337496
2105,d273_u16,neutral,train,273,16,bc,2,1,1,0,0,0,1,1,0,ok,"{""sentences"": [""I hear you."", ""We can pause here for a moment.""], ""safety"": ""ok""}",1,2176,3.2557000004089787,0.002099999619531445,0.00019999970390927047,0.01359999987471383,0.0054000001910026185,3.2825999996930477
2106,d274_u4,neutral,train,274,4,bc,2,1,1,0,0,0,1,1,0,ok,"{""sentences"": [""I hear you."", ""We can pause here for a moment.""], ""safety"": ""ok""}",1,2176,2.718300000196905,0.0019000008251168765,0.0002999995558639057,0.01359999987471383,0.0054000001910026185,2.7449999997770647
2107,d274_u5,happy,train,274,5,bc,2,1,1,0,0,0,1,1,0,ok,"{""sentences"": [""I hear you."", ""We can pause here for a moment.""], ""safety"": ""ok""}",1,2176,3.0912000001990236,0.00199999976757681,0.00030000046535860747,0.014100000043981709,0.005500000042957254,3.118999999969674
2108,d274_u6,angry,train,274,6,bc,2,1,1,0,0,0,1,1,0,ok,"{""sentences"": [""I hear you."", ""We can pause here for a moment.""], ""safety"": ""ok""}",1,2176,2.317399999810732,0.0018999999156221747,0.00019999970390927047,0.014000000192027073,0.005300000339047983,2.344999999877473
2109,d274_u7,angry,train,274,7,bc,2,1,1,0,0,0,1,1,0,ok,"{""sentences"": [""I hear you."", ""We can pause here for a moment.""], ""safety"": ""ok""}",1,2176,3.138500000204658,0.002100000529026147,0.00020000061340397224,0.014400000509340316,0.005500000042957254,3.166800000144576
2110,d274_u9,happy,train,274,9,bc,2,1,1,0,0,0,1,1,0,ok,"{""sentences"": [""I hear you."", ""We can pause here for a moment.""], ""safety"": ""ok""}",1,2176,2.767599999970116,0.0018000000636675395,0.00030000046535860747,0.013900000340072438,0.005000000783184078,2.7958000000580796
2111,d275_u0,angry,train,275,0,bc,2,1,1,0,0,0,1,1,0,ok,"{""sentences"": [""I hear you."", ""We can pause here for a moment.""], ""safety"": ""ok""}",1,2176,2.8149999998277053,0.00199999976757681,0.0002999995558639057,0.013799999578623101,0.004800000169780105,2.8415999995559105
2112,d275_u1,angry,train,275,1,bc,2,1,1,0,0,0,1,1,0,ok,"{""sentences"": [""I hear you."", ""We can pause here for a moment.""], ""safety"": ""ok""}",1,2176,2.9639999993378296,0.0018999999156221747,0.0002999995558639057,0.014100000043981709,0.005599999894911889,2.9918000000179745
2113,d275_u2,neutral,train,275,2,bc,2,1,1,0,0,0,1,1,0,ok,"{""sentences"": [""I hear you."", ""We can pause here for a moment.""], ""safety"": ""ok""}",1,2176,2.455399999234942,0.0018999999156221747,0.00019999970390927047,0.01359999987471383,0.004999999873689376,2.481399999851419
2114,d275_u4,angry,train,275,4,bc,2,1,1,0,0,0,1,1,0,ok,"{""sentences"": [""I hear you."", ""We can pause here for a moment.""], ""safety"": ""ok""}",1,2176,2.703500000279746,0.0018000000636675395,0.0002999995558639057,0.013299999409355223,0.004999999873689376,2.7298000004520873
2115,d275_u6,neutral,train,275,6,bc,2,1,1,0,0,0,1,1,0,ok,"{""sentences"": [""I hear you."", ""We can pause here for a moment.""], ""safety"": ""ok""}",1,2176,2.668199999789067,0.0018999999156221747,0.00030000046535860747,0.01320000046689529,0.005199999577598646,2.69410000055359
2116,d275_u7,neutral,train,275,7,bc,2,1,1,0,0,0,1,1,0,ok,"{""sentences"": [""I hear you."", ""We can pause here for a moment.""], ""safety"": ""ok""}",1,2176,2.9577000004792353,0.00199999976757681,0.0002999995558639057,0.014000000192027073,0.004999999873689376,2.9847000005247537
2117,d275_u8,neutral,train,275,8,bc,2,1,1,0,0,0,1,1,0,ok,"{""sentences"": [""I hear you."", ""We can pause here for a moment.""], ""safety"": ""ok""}",1,2176,2.705400000195368,0.0016999993022182025,0.0002999995558639057,0.013699999726668466,0.004900000021734741,2.7319999999235733
2118,d275_u11,angry,train,275,11,bc,2,1,1,0,0,0,1,1,0,ok,"{""sentences"": [""I hear you."", ""We can pause here for a moment.""], ""safety"": ""ok""}",1,2176,2.5337000006402377,0.002499999936844688,0.00030000046535860747,0.017999999727180693,0.007200000254670158,2.5840999996944447
2119,d275_u16,angry,train,275,16,bc,2,1,1,0,0,0,1,1,0,ok,"{""sentences"": [""I hear you."", ""We can pause here for a moment.""], ""safety"": ""ok""}",1,2176,2.583700000286626,0.0018999999156221747,0.0002999995558639057,0.013699999726668466,0.005200000487093348,2.610399999866786
2120,d276_u0,happy,train,276,0,bc,2,1,1,0,0,0,1,1,0,ok,"{""sentences"": [""I hear you."", ""We can pause here for a moment.""], ""safety"": ""ok""}",1,2176,3.35469999936322,0.002099999619531445,0.00019999970390927047,0.014299999747890979,0.005399999281507917,3.382699999747274
2121,d276_u2,angry,train,276,2,bc,2,1,1,0,0,0,1,1,0,ok,"{""sentences"": [""I hear you."", ""We can pause here for a moment.""], ""safety"": ""ok""}",1,2176,2.7595999999903142,0.0018999999156221747,0.0002999995558639057,0.014100000043981709,0.005199999577598646,2.7868999995916965
2122,d276_u3,neutral,train,276,3,bc,2,1,1,0,0,0,1,1,0,ok,"{""sentences"": [""I hear you."", ""We can pause here for a moment.""], ""safety"": ""ok""}",1,2176,2.707900000132213,0.0019000008251168765,0.0002999995558639057,0.014299999747890979,0.005199999577598646,2.735199999733595
2123,d277_u0,neutral,train,277,0,bc,2,1,1,0,0,0,1,1,0,ok,"{""sentences"": [""I hear you."", ""We can pause here for a moment.""], ""safety"": ""ok""}",1,2176,2.8407999998307787,0.00199999976757681,0.0002999995558639057,0.014000000192027073,0.005300000339047983,2.8682000001936103
2124,d277_u1,neutral,train,277,1,bc,2,1,1,0,0,0,1,1,0,ok,"{""sentences"": [""I hear you."", ""We can pause here for a moment.""], ""safety"": ""ok""}",1,2176,2.67230000008567,0.0018000000636675395,0.0002999995558639057,0.0289999998130952,0.004999999873689376,2.713900000344438
2125,d277_u2,neutral,train,277,2,bc,2,1,1,0,0,0,1,1,0,ok,"{""sentences"": [""I hear you."", ""We can pause here for a moment.""], ""safety"": ""ok""}",1,2176,2.708199999688077,0.0018999999156221747,0.00019999970390927047,0.013899999430577736,0.0052999994295532815,2.7350999998816405
2126,d277_u3,angry,train,277,3,bc,2,1,1,0,0,0,1,1,0,ok,"{""sentences"": [""I hear you."", ""We can pause here for a moment.""], ""safety"": ""ok""}",1,2176,3.1883000001471373,0.0018999999156221747,0.00019999970390927047,0.013999999282532372,0.0054000001910026185,3.2158000003619236
2127,d277_u4,neutral,train,277,4,bc,2,1,1,0,0,0,1,1,0,ok,"{""sentences"": [""I hear you."", ""We can pause here for a moment.""], ""safety"": ""ok""}",1,2176,2.9850999999325722,0.0018000000636675395,0.0002999995558639057,0.013300000318849925,0.005199999577598646,3.011499999956868
2128,d277_u5,neutral,train,277,5,bc,2,1,1,0,0,0,1,1,0,ok,"{""sentences"": [""I hear you."", ""We can pause here for a moment.""], ""safety"": ""ok""}",1,2176,2.9144000000087544,0.002100000529026147,0.00030000046535860747,0.013199999557400588,0.005000000783184078,2.9574999998658313
2129,d277_u6,neutral,train,277,6,bc,2,1,1,0,0,0,1,1,0,ok,"{""sentences"": [""I hear you."", ""We can pause here for a moment.""], ""safety"": ""ok""}",1,2176,2.1839999999428983,0.0018999999156221747,0.00019999970390927047,0.013900000340072438,0.005099999725644011,2.210900000136462
2130,d278_u0,neutral,train,278,0,bc,2,1,1,0,0,0,1,1,0,ok,"{""sentences"": [""I hear you."", ""We can pause here for a moment.""], ""safety"": ""ok""}",1,2176,2.823399999215326,0.002099999619531445,0.00019999970390927047,0.014299999747890979,0.005200000487093348,2.8510000001915614
2131,d278_u1,happy,train,278,1,bc,2,1,1,0,0,0,1,1,0,ok,"{""sentences"": [""I hear you."", ""We can pause here for a moment.""], ""safety"": ""ok""}",1,2176,2.637999999933527,0.0018999999156221747,0.00019999970390927047,0.01359999987471383,0.005300000339047983,2.6649999999790452
2132,d278_u2,happy,train,278,2,bc,2,1,1,0,0,0,1,1,0,ok,"{""sentences"": [""I hear you."", ""We can pause here for a moment.""], ""safety"": ""ok""}",1,2176,2.8889999994134996,0.0018999999156221747,0.00020000061340397224,0.013699999726668466,0.005500000042957254,2.916200000072422
2133,d278_u3,neutral,train,278,3,bc,2,1,1,0,0,0,1,1,0,ok,"{""sentences"": [""I hear you."", ""We can pause here for a moment.""], ""safety"": ""ok""}",1,2176,2.677899999980582,0.0018999999156221747,0.00030000046535860747,0.014099999134487007,0.005199999577598646,2.704999999878055
2134,d278_u4,sad,train,278,4,bc,2,1,1,0,0,0,1,1,0,ok,"{""sentences"": [""I hear you."", ""We can pause here for a moment.""], ""safety"": ""ok""}",1,2176,2.87670000034268,0.0018999999156221747,0.00030000046535860747,0.013500000022759195,0.005099999725644011,2.9029999996055267
2135,d278_u5,happy,train,278,5,bc,2,1,1,0,0,0,1,1,0,ok,"{""sentences"": [""I hear you."", ""We can pause here for a moment.""], ""safety"": ""ok""}",1,2176,2.6956000001518987,0.0017999991541728377,0.00019999970390927047,0.013500000022759195,0.005100000635138713,2.721699999710836
2136,d278_u6,neutral,train,278,6,bc,2,1,1,0,0,0,1,1,0,ok,"{""sentences"": [""I hear you."", ""We can pause here for a moment.""], ""safety"": ""ok""}",1,2176,2.6489000001674867,0.0018999999156221747,0.00019999970390927047,0.014000000192027073,0.0054000001910026185,2.6762999996208237
2137,d278_u7,happy,train,278,7,bc,2,1,1,0,0,0,1,1,0,ok,"{""sentences"": [""I hear you."", ""We can pause here for a moment.""], ""safety"": ""ok""}",1,2176,2.979599999889615,0.0018999999156221747,0.00020000061340397224,0.013699999726668466,0.005200000487093348,3.006200000527315
2138,d278_u8,happy,train,278,8,bc,2,1,1,0,0,0,1,1,0,ok,"{""sentences"": [""I hear you."", ""We can pause here for a moment.""], ""safety"": ""ok""}",1,2176,2.936799999588402,0.0018999999156221747,0.00030000046535860747,0.013799999578623101,0.005200000487093348,2.9639999993378296
2139,d279_u1,sad,train,279,1,bc,2,1,1,0,0,0,1,1,0,ok,"{""sentences"": [""I hear you."", ""We can pause here for a moment.""], ""safety"": ""ok""}",1,2176,3.074199999900884,0.0018999999156221747,0.00030000046535860747,0.013699999726668466,0.0054000001910026185,3.1014999995022663
2140,d279_u2,angry,train,279,2,bc,2,1,1,0,0,0,1,1,0,ok,"{""sentences"": [""I hear you."", ""We can pause here for a moment.""], ""safety"": ""ok""}",1,2176,2.547000000049593,0.0018999999156221747,0.0002999995558639057,0.013500000022759195,0.005100000635138713,2.573599999777798
2141,d279_u4,angry,train,279,4,bc,2,1,1,0,0,0,1,1,0,ok,"{""sentences"": [""I hear you."", ""We can pause here for a moment.""], ""safety"": ""ok""}",1,2176,2.6315000004615285,0.0018999999156221747,0.0002999995558639057,0.013900000340072438,0.005599999894911889,2.6590999996187747
2142,d279_u5,neutral,train,279,5,bc,2,1,1,0,0,0,1,1,0,ok,"{""sentences"": [""I hear you."", ""We can pause here for a moment.""], ""safety"": ""ok""}",1,2176,2.9276000004756497,0.002099999619531445,0.00020000061340397224,0.014399999599845614,0.005300000339047983,2.9555000000982545
2143,d279_u7,neutral,train,279,7,bc,2,1,1,0,0,0,1,1,0,ok,"{""sentences"": [""I hear you."", ""We can pause here for a moment.""], ""safety"": ""ok""}",1,2176,2.5028999998539803,0.0018999999156221747,0.0002999995558639057,0.013699999726668466,0.005399999281507917,2.5302000003648573
2144,d279_u8,neutral,train,279,8,bc,2,1,1,0,0,0,1,1,0,ok,"{""sentences"": [""I hear you."", ""We can pause here for a moment.""], ""safety"": ""ok""}",1,2176,2.5936000001820503,0.0018000000636675395,0.00030000046535860747,0.014100000043981709,0.005199999577598646,2.6204999994661193
2145,d279_u9,happy,train,279,9,bc,2,1,1,0,0,0,1,1,0,ok,"{""sentences"": [""I hear you."", ""We can pause here for a moment.""], ""safety"": ""ok""}",1,2176,2.784799999972165,0.0018999999156221747,0.00030000046535860747,0.013700000636163168,0.0057999995988211595,2.8119999997215928
2146,d279_u10,neutral,train,279,10,bc,2,1,1,0,0,0,1,1,0,ok,"{""sentences"": [""I hear you."", ""We can pause here for a moment.""], ""safety"": ""ok""}",1,2176,3.1113000004552305,0.00199999976757681,0.00030000046535860747,0.014200000805431046,0.005199999577598646,3.1391000002258806
2147,d279_u11,happy,train,279,11,bc,2,1,1,0,0,0,1,1,0,ok,"{""sentences"": [""I hear you."", ""We can pause here for a moment.""], ""safety"": ""ok""}",1,2176,2.8686000005109236,0.0018999999156221747,0.0002999995558639057,0.01359999987471383,0.005200000487093348,2.9114999997545965
2148,d279_u12,neutral,train,279,12,bc,2,1,1,0,0,0,1,1,0,ok,"{""sentences"": [""I hear you."", ""We can pause here for a moment.""], ""safety"": ""ok""}",1,2176,2.4800999999570195,0.0018000000636675395,0.00019999970390927047,0.013799999578623101,0.005199999577598646,2.5067999995371792
2149,d279_u13,angry,train,279,13,bc,2,1,1,0,0,0,1,1,0,ok,"{""sentences"": [""I hear you."", ""We can pause here for a moment.""], ""safety"": ""ok""}",1,2176,2.6211999993392965,0.00199999976757681,0.01720000000204891,0.013699999726668466,0.005200000487093348,2.6647000004231813
2150,d279_u14,neutral,train,279,14,bc,2,1,1,0,0,0,1,1,0,ok,"{""sentences"": [""I hear you."", ""We can pause here for a moment.""], ""safety"": ""ok""}",1,2176,2.933600000687875,0.0018000000636675395,0.00019999970390927047,0.013700000636163168,0.0052999994295532815,2.9604000001199893
2151,d280_u0,neutral,train,280,0,bc,2,1,1,0,0,0,1,1,0,ok,"{""sentences"": [""I hear you."", ""We can pause here for a moment.""], ""safety"": ""ok""}",1,2176,2.3302999998122687,0.002100000529026147,0.00030000046535860747,0.013399999261309858,0.005099999725644011,2.35659999998461
2152,d280_u1,angry,train,280,1,bc,2,1,1,0,0,0,1,1,0,ok,"{""sentences"": [""I hear you."", ""We can pause here for a moment.""], ""safety"": ""ok""}",1,2176,2.3210999997900217,0.0019000008251168765,0.0002999995558639057,0.01359999987471383,0.005200000487093348,2.3477000004277215
2153,d280_u2,neutral,train,280,2,bc,2,1,1,0,0,0,1,1,0,ok,"{""sentences"": [""I hear you."", ""We can pause here for a moment.""], ""safety"": ""ok""}",1,2176,2.757400000518828,0.0020000006770715117,0.0002999995558639057,0.013900000340072438,0.005300000339047983,2.784600000268256
2154,d281_u0,happy,train,281,0,bc,2,1,1,0,0,0,1,1,0,ok,"{""sentences"": [""I hear you."", ""We can pause here for a moment.""], ""safety"": ""ok""}",1,2176,2.7595999999903142,0.0018999999156221747,0.00019999970390927047,0.013699999726668466,0.0054000001910026185,2.787000000353146
2155,d281_u1,happy,train,281,1,bc,2,1,1,0,0,0,1,1,0,ok,"{""sentences"": [""I hear you."", ""We can pause here for a moment.""], ""safety"": ""ok""}",1,2176,3.072200000133307,0.0018999999156221747,0.00019999970390927047,0.014100000043981709,0.0054000001910026185,3.099599999586644
2156,d281_u2,neutral,train,281,2,bc,2,1,1,0,0,0,1,1,0,ok,"{""sentences"": [""I hear you."", ""We can pause here for a moment.""], ""safety"": ""ok""}",1,2176,2.655300000697025,0.002099999619531445,0.00019999970390927047,0.01449999945180025,0.0052999994295532815,2.683600000636943
2157,d281_u3,neutral,train,281,3,bc,2,1,1,0,0,0,1,1,0,ok,"{""sentences"": [""I hear you."", ""We can pause here for a moment.""], ""safety"": ""ok""}",1,2176,2.6133999999728985,0.0018000000636675395,0.00030000046535860747,0.029000000722589903,0.005199999577598646,2.6550000002316665
2158,d281_u5,neutral,train,281,5,bc,2,1,1,0,0,0,1,1,0,ok,"{""sentences"": [""I hear you."", ""We can pause here for a moment.""], ""safety"": ""ok""}",1,2176,2.6748999998744694,0.0020000006770715117,0.00019999970390927047,0.014100000043981709,0.005300000339047983,2.702599999793165
2159,d281_u7,neutral,train,281,7,bc,2,1,1,0,0,0,1,1,0,ok,"{""sentences"": [""I hear you."", ""We can pause here for a moment.""], ""safety"": ""ok""}",1,2176,2.8798000003007473,0.0018999999156221747,0.00019999970390927047,0.013900000340072438,0.005300000339047983,2.907000000050175
2160,d281_u9,neutral,train,281,9,bc,2,1,1,0,0,0,1,1,0,ok,"{""sentences"": [""I hear you."", ""We can pause here for a moment.""], ""safety"": ""ok""}",1,2176,2.9562999998233863,0.00199999976757681,0.00020000061340397224,0.013300000318849925,0.005200000487093348,2.982699999847682
2161,d282_u0,happy,train,282,0,bc,2,1,1,0,0,0,1,1,0,ok,"{""sentences"": [""I hear you."", ""We can pause here for a moment.""], ""safety"": ""ok""}",1,2176,2.3712000001978595,0.0018999999156221747,0.00019999970390927047,0.01359999987471383,0.005100000635138713,2.39770000007411
2162,d282_u1,neutral,train,282,1,bc,2,1,1,0,0,0,1,1,0,ok,"{""sentences"": [""I hear you."", ""We can pause here for a moment.""], ""safety"": ""ok""}",1,2176,2.575599999545375,0.002399999175395351,0.0002999995558639057,0.013700000636163168,0.0054000001910026185,2.6044999995065155
2163,d282_u2,happy,train,282,2,bc,2,1,1,0,0,0,1,1,0,ok,"{""sentences"": [""I hear you."", ""We can pause here for a moment.""], ""safety"": ""ok""}",1,2176,3.0452999999397434,0.002099999619531445,0.00019999970390927047,0.02919999951700447,0.005200000487093348,3.087699999923643
2164,d283_u1,neutral,train,283,1,bc,2,1,1,0,0,0,1,1,0,ok,"{""sentences"": [""I hear you."", ""We can pause here for a moment.""], ""safety"": ""ok""}",1,2176,2.5652999993326375,0.0018999999156221747,0.00019999970390927047,0.0289999998130952,0.005100000635138713,2.607000000352855
2165,d283_u3,neutral,train,283,3,bc,2,1,1,0,0,0,1,1,0,ok,"{""sentences"": [""I hear you."", ""We can pause here for a moment.""], ""safety"": ""ok""}",1,2176,3.1452000002900604,0.00199999976757681,0.00019999970390927047,0.013699999726668466,0.004999999873689376,3.171700000166311
2166,d283_u4,neutral,train,283,4,bc,2,1,1,0,0,0,1,1,0,ok,"{""sentences"": [""I hear you."", ""We can pause here for a moment.""], ""safety"": ""ok""}",1,2176,2.6569999999992433,0.00199999976757681,0.00030000046535860747,0.013500000022759195,0.004999999873689376,2.6833000001715845
2167,d283_u5,neutral,train,283,5,bc,2,1,1,0,0,0,1,1,0,ok,"{""sentences"": [""I hear you."", ""We can pause here for a moment.""], ""safety"": ""ok""}",1,2176,3.040100000362145,0.0019000008251168765,0.00019999970390927047,0.01359999987471383,0.005300000339047983,3.0670999994981685
2168,d284_u0,neutral,train,284,0,bc,2,1,1,0,0,0,1,1,0,ok,"{""sentences"": [""I hear you."", ""We can pause here for a moment.""], ""safety"": ""ok""}",1,2176,2.6649999999790452,0.00199999976757681,0.00030000046535860747,0.013700000636163168,0.005199999577598646,2.691999999115069
2169,d284_u1,neutral,train,284,1,bc,2,1,1,0,0,0,1,1,0,ok,"{""sentences"": [""I hear you."", ""We can pause here for a moment.""], ""safety"": ""ok""}",1,2176,2.517999999327003,0.0018999999156221747,0.00030000046535860747,0.014199999895936344,0.005199999577598646,2.5451999999859254
2170,d284_u2,neutral,train,284,2,bc,2,1,1,0,0,0,1,1,0,ok,"{""sentences"": [""I hear you."", ""We can pause here for a moment.""], ""safety"": ""ok""}",1,2176,2.503400000023248,0.0018999999156221747,0.00019999970390927047,0.013800000488117803,0.005099999725644011,2.5304000000687665
2171,d285_u0,neutral,train,285,0,bc,2,1,1,0,0,0,1,1,0,ok,"{""sentences"": [""I hear you."", ""We can pause here for a moment.""], ""safety"": ""ok""}",1,2176,2.741799999967043,0.00199999976757681,0.0002999995558639057,0.013900000340072438,0.0052999994295532815,2.7687000001606066
2172,d285_u1,happy,train,285,1,bc,2,1,1,0,0,0,1,1,0,ok,"{""sentences"": [""I hear you."", ""We can pause here for a moment.""], ""safety"": ""ok""}",1,2176,3.002599999490485,0.0018999999156221747,0.00030000046535860747,0.013999999282532372,0.005199999577598646,3.0300000007628114
2173,d285_u2,neutral,train,285,2,bc,2,1,1,0,0,0,1,1,0,ok,"{""sentences"": [""I hear you."", ""We can pause here for a moment.""], ""safety"": ""ok""}",1,2176,2.995300000293355,0.0018999999156221747,0.0002999995558639057,0.013799999578623101,0.004999999873689376,3.02190000002156
2174,d285_u3,happy,train,285,3,bc,2,1,1,0,0,0,1,1,0,ok,"{""sentences"": [""I hear you."", ""We can pause here for a moment.""], ""safety"": ""ok""}",1,2176,2.4459000005663256,0.0018000000636675395,0.00019999970390927047,0.013300000318849925,0.004999999873689376,2.471799999511859
2175,d285_u4,neutral,train,285,4,bc,2,1,1,0,0,0,1,1,0,ok,"{""sentences"": [""I hear you."", ""We can pause here for a moment.""], ""safety"": ""ok""}",1,2176,2.961700000014389,0.00199999976757681,0.0002999995558639057,0.014400000509340316,0.0054000001910026185,2.9899000001023524
2176,d285_u5,neutral,train,285,5,bc,2,1,1,0,0,0,1,1,0,ok,"{""sentences"": [""I hear you."", ""We can pause here for a moment.""], ""safety"": ""ok""}",1,2176,2.9884999994465034,0.0018999999156221747,0.00020000061340397224,0.014100000043981709,0.005399999281507917,3.0160000005707843
2177,d285_u6,neutral,train,285,6,bc,2,1,1,0,0,0,1,1,0,ok,"{""sentences"": [""I hear you."", ""We can pause here for a moment.""], ""safety"": ""ok""}",1,2176,2.471700000569399,0.0019000008251168765,0.0002999995558639057,0.014100000043981709,0.005500000042957254,2.4993999995786
2178,d285_u7,angry,train,285,7,bc,2,1,1,0,0,0,1,1,0,ok,"{""sentences"": [""I hear you."", ""We can pause here for a moment.""], ""safety"": ""ok""}",1,2176,2.500999999938358,0.0018999999156221747,0.00030000046535860747,0.014000000192027073,0.005200000487093348,2.528300000449235
2179,d285_u8,neutral,train,285,8,bc,2,1,1,0,0,0,1,1,0,ok,"{""sentences"": [""I hear you."", ""We can pause here for a moment.""], ""safety"": ""ok""}",1,2176,2.426699999887205,0.0020000006770715117,0.00019999970390927047,0.014299999747890979,0.005199999577598646,2.4543999998059007
2180,d285_u10,neutral,train,285,10,bc,2,1,1,0,0,0,1,1,0,ok,"{""sentences"": [""I hear you."", ""We can pause here for a moment.""], ""safety"": ""ok""}",1,2176,3.189300000485673,0.0019000008251168765,0.0002999995558639057,0.01359999987471383,0.005199999577598646,3.216499999325606
2181,d285_u11,neutral,train,285,11,bc,2,1,1,0,0,0,1,1,0,ok,"{""sentences"": [""I hear you."", ""We can pause here for a moment.""], ""safety"": ""ok""}",1,2176,2.6179999995292746,0.0018000000636675395,0.00030000046535860747,0.013899999430577736,0.005199999577598646,2.6451999992787023
2182,d285_u13,neutral,train,285,13,bc,2,1,1,0,0,0,1,1,0,ok,"{""sentences"": [""I hear you."", ""We can pause here for a moment.""], ""safety"": ""ok""}",1,2176,2.883099999962724,0.0018000000636675395,0.0002999995558639057,0.013199999557400588,0.004799999260285404,2.9086000004099333
2183,d285_u14,neutral,train,285,14,bc,2,1,1,0,0,0,1,1,0,ok,"{""sentences"": [""I hear you."", ""We can pause here for a moment.""], ""safety"": ""ok""}",1,2176,3.0059000000619562,0.0018999999156221747,0.00020000061340397224,0.030299999707494862,0.005199999577598646,3.0493000003843918
2184,d285_u15,neutral,train,285,15,bc,2,1,1,0,0,0,1,1,0,ok,"{""sentences"": [""I hear you."", ""We can pause here for a moment.""], ""safety"": ""ok""}",1,2176,2.783199999612407,0.0018000000636675395,0.00030000046535860747,0.013600000784208532,0.0052999994295532815,2.809999999954016
2185,d285_u16,neutral,train,285,16,bc,2,1,1,0,0,0,1,1,0,ok,"{""sentences"": [""I hear you."", ""We can pause here for a moment.""], ""safety"": ""ok""}",1,2176,2.764500000012049,0.0018000000636675395,0.00019999970390927047,0.013999999282532372,0.004999999873689376,2.7914000002056127
2186,d286_u0,neutral,train,286,0,bc,2,1,1,0,0,0,1,1,0,ok,"{""sentences"": [""I hear you."", ""We can pause here for a moment.""], ""safety"": ""ok""}",1,2176,2.807099999699858,0.0018999999156221747,0.00030000046535860747,0.014600000213249587,0.005099999725644011,2.835100000083912
2187,d286_u1,neutral,train,286,1,bc,2,1,1,0,0,0,1,1,0,ok,"{""sentences"": [""I hear you."", ""We can pause here for a moment.""], ""safety"": ""ok""}",1,2176,2.712999999857857,0.002100000529026147,0.00030000046535860747,0.013800000488117803,0.005200000487093348,2.7399999999033753
2188,d286_u2,neutral,train,286,2,bc,2,1,1,0,0,0,1,1,0,ok,"{""sentences"": [""I hear you."", ""We can pause here for a moment.""], ""safety"": ""ok""}",1,2176,2.5218999999196967,0.0018999999156221747,0.00019999970390927047,0.013800000488117803,0.005300000339047983,2.549100000578619
2189,d286_u3,neutral,train,286,3,bc,2,1,1,0,0,0,1,1,0,ok,"{""sentences"": [""I hear you."", ""We can pause here for a moment.""], ""safety"": ""ok""}",1,2176,3.169099999468017,0.0018000000636675395,0.00019999970390927047,0.013500000022759195,0.004800000169780105,3.1948999994710903
2190,d287_u0,neutral,train,287,0,bc,2,1,1,0,0,0,1,1,0,ok,"{""sentences"": [""I hear you."", ""We can pause here for a moment.""], ""safety"": ""ok""}",1,2176,2.7808999993794714,0.00199999976757681,0.00019999970390927047,0.01359999987471383,0.005099999725644011,2.8074000001652166
2191,d287_u1,sad,train,287,1,bc,2,1,1,0,0,0,1,1,0,ok,"{""sentences"": [""I hear you."", ""We can pause here for a moment.""], ""safety"": ""ok""}",1,2176,2.9033000000708853,0.0020000006770715117,0.0002999995558639057,0.013799999578623101,0.0052999994295532815,2.9303999999683583
2192,d287_u2,angry,train,287,2,bc,2,1,1,0,0,0,1,1,0,ok,"{""sentences"": [""I hear you."", ""We can pause here for a moment.""], ""safety"": ""ok""}",1,2176,3.1759000003148685,0.0018000000636675395,0.00030000046535860747,0.01340000017080456,0.004899999112240039,3.2022000004872098
2193,d287_u3,neutral,train,287,3,bc,2,1,1,0,0,0,1,1,0,ok,"{""sentences"": [""I hear you."", ""We can pause here for a moment.""], ""safety"": ""ok""}",1,2176,3.047500000320724,0.0018000000636675395,0.00030000046535860747,0.013800000488117803,0.004800000169780105,3.0737999995835708
2194,d287_u4,angry,train,287,4,bc,2,1,1,0,0,0,1,1,0,ok,"{""sentences"": [""I hear you."", ""We can pause here for a moment.""], ""safety"": ""ok""}",1,2176,2.7425000007497147,0.0018999999156221747,0.00030000046535860747,0.013900000340072438,0.005200000487093348,2.769300000181829
2195,d287_u5,neutral,train,287,5,bc,2,1,1,0,0,0,1,1,0,ok,"{""sentences"": [""I hear you."", ""We can pause here for a moment.""], ""safety"": ""ok""}",1,2176,2.8239000002940884,0.0018999999156221747,0.00020000061340397224,0.013999999282532372,0.005199999577598646,2.8515999993032892
2196,d287_u6,neutral,train,287,6,bc,2,1,1,0,0,0,1,1,0,ok,"{""sentences"": [""I hear you."", ""We can pause here for a moment.""], ""safety"": ""ok""}",1,2176,2.7065999993283185,0.0018999999156221747,0.00030000046535860747,0.01359999987471383,0.005099999725644011,2.732700000706245
2197,d287_u7,happy,train,287,7,bc,2,1,1,0,0,0,1,1,0,ok,"{""sentences"": [""I hear you."", ""We can pause here for a moment.""], ""safety"": ""ok""}",1,2176,2.460100000462262,0.0018000000636675395,0.00020000061340397224,0.01359999987471383,0.005199999577598646,2.4863999997251085
2198,d287_u8,neutral,train,287,8,bc,2,1,1,0,0,0,1,1,0,ok,"{""sentences"": [""I hear you."", ""We can pause here for a moment.""], ""safety"": ""ok""}",1,2176,2.7706999999281834,0.0018000000636675395,0.00019999970390927047,0.013500000022759195,0.005199999577598646,2.797199999804434
2199,d287_u9,neutral,train,287,9,bc,2,1,1,0,0,0,1,1,0,ok,"{""sentences"": [""I hear you."", ""We can pause here for a moment.""], ""safety"": ""ok""}",1,2176,2.6126000002477667,0.0018999999156221747,0.0002999995558639057,0.014399999599845614,0.005500000042957254,2.6402999992569676
2200,d287_u10,neutral,train,287,10,bc,2,1,1,0,0,0,1,1,0,ok,"{""sentences"": [""I hear you."", ""We can pause here for a moment.""], ""safety"": ""ok""}",1,2176,2.602600000500388,0.0018999999156221747,0.00019999970390927047,0.014000000192027073,0.0054000001910026185,2.630199999657634
2201,d287_u11,neutral,train,287,11,bc,2,1,1,0,0,0,1,1,0,ok,"{""sentences"": [""I hear you."", ""We can pause here for a moment.""], ""safety"": ""ok""}",1,2176,2.9377999999269377,0.0021999994714860804,0.0002999995558639057,0.013699999726668466,0.004999999873689376,2.964399999655143
2202,d287_u12,happy,train,287,12,bc,2,1,1,0,0,0,1,1,0,ok,"{""sentences"": [""I hear you."", ""We can pause here for a moment.""], ""safety"": ""ok""}",1,2176,3.0662999997730367,0.002099999619531445,0.0002999995558639057,0.014299999747890979,0.005300000339047983,3.1112999995457358
2203,d288_u0,happy,train,288,0,bc,2,1,1,0,0,0,1,1,0,ok,"{""sentences"": [""I hear you."", ""We can pause here for a moment.""], ""safety"": ""ok""}",1,2176,2.940600000329141,0.0020000006770715117,0.00030000046535860747,0.014199999895936344,0.0052999994295532815,2.968499999951746
2204,d288_u1,neutral,train,288,1,bc,2,1,1,0,0,0,1,1,0,ok,"{""sentences"": [""I hear you."", ""We can pause here for a moment.""], ""safety"": ""ok""}",1,2176,2.1932999998171,0.00199999976757681,0.00030000046535860747,0.013799999578623101,0.005300000339047983,2.2204999995665275
2205,d288_u4,neutral,train,288,4,bc,2,1,1,0,0,0,1,1,0,ok,"{""sentences"": [""I hear you."", ""We can pause here for a moment.""], ""safety"": ""ok""}",1,2176,2.8068999999959487,0.00199999976757681,0.00030000046535860747,0.014199999895936344,0.0052999994295532815,2.8342999994492857
2206,d288_u5,neutral,train,288,5,bc,2,1,1,0,0,0,1,1,0,ok,"{""sentences"": [""I hear you."", ""We can pause here for a moment.""], ""safety"": ""ok""}",1,2176,2.951800000118965,0.0019000008251168765,0.0002999995558639057,0.014000000192027073,0.005199999577598646,2.979100000629842
2207,d288_u6,angry,train,288,6,bc,2,1,1,0,0,0,1,1,0,ok,"{""sentences"": [""I hear you."", ""We can pause here for a moment.""], ""safety"": ""ok""}",1,2176,3.191700000570563,0.00199999976757681,0.00030000046535860747,0.014199999895936344,0.0054000001910026185,3.219600000193168
2208,d288_u7,happy,train,288,7,bc,2,1,1,0,0,0,1,1,0,ok,"{""sentences"": [""I hear you."", ""We can pause here for a moment.""], ""safety"": ""ok""}",1,2176,2.596399999674759,0.0018999999156221747,0.00020000061340397224,0.014200000805431046,0.005500000042957254,2.6242000003549038
2209,d288_u8,happy,train,288,8,bc,2,1,1,0,0,0,1,1,0,ok,"{""sentences"": [""I hear you."", ""We can pause here for a moment.""], ""safety"": ""ok""}",1,2176,2.5200000000040745,0.00199999976757681,0.0002999995558639057,0.014299999747890979,0.0054000001910026185,2.5477999997747247
2210,d288_u9,neutral,train,288,9,bc,2,1,1,0,0,0,1,1,0,ok,"{""sentences"": [""I hear you."", ""We can pause here for a moment.""], ""safety"": ""ok""}",1,2176,2.6828999998542713,0.0018999999156221747,0.00019999970390927047,0.014100000043981709,0.0052999994295532815,2.7104000000690576
2211,d288_u10,neutral,train,288,10,bc,2,1,1,0,0,0,1,1,0,ok,"{""sentences"": [""I hear you."", ""We can pause here for a moment.""], ""safety"": ""ok""}",1,2176,3.301100000498991,0.002100000529026147,0.00019999970390927047,0.014100000043981709,0.005200000487093348,3.3283000002484187
2212,d288_u13,neutral,train,288,13,bc,2,1,1,0,0,0,1,1,0,ok,"{""sentences"": [""I hear you."", ""We can pause here for a moment.""], ""safety"": ""ok""}",1,2176,2.5390999999217456,0.0019000008251168765,0.00030000046535860747,0.01359999987471383,0.005599999894911889,2.565599999797996
2213,d288_u15,happy,train,288,15,bc,2,1,1,0,0,0,1,1,0,ok,"{""sentences"": [""I hear you."", ""We can pause here for a moment.""], ""safety"": ""ok""}",1,2176,2.7193000005354406,0.0018999999156221747,0.0002999995558639057,0.014000000192027073,0.0054000001910026185,2.7466999999887776
2214,d288_u16,neutral,train,288,16,bc,2,1,1,0,0,0,1,1,0,ok,"{""sentences"": [""I hear you."", ""We can pause here for a moment.""], ""safety"": ""ok""}",1,2176,3.0667999999423046,0.002099999619531445,0.00019999970390927047,0.013999999282532372,0.005199999577598646,3.0939999996917322
2215,d288_u17,neutral,train,288,17,bc,2,1,1,0,0,0,1,1,0,ok,"{""sentences"": [""I hear you."", ""We can pause here for a moment.""], ""safety"": ""ok""}",1,2176,2.705200000491459,0.00199999976757681,0.0002999995558639057,0.013699999726668466,0.005100000635138713,2.7319999999235733
2216,d288_u18,neutral,train,288,18,bc,2,1,1,0,0,0,1,1,0,ok,"{""sentences"": [""I hear you."", ""We can pause here for a moment.""], ""safety"": ""ok""}",1,2176,2.4522000003344147,0.0019000008251168765,0.0002999995558639057,0.013800000488117803,0.005300000339047983,2.4795999997877516
2217,d288_u19,neutral,train,288,19,bc,2,1,1,0,0,0,1,1,0,ok,"{""sentences"": [""I hear you."", ""We can pause here for a moment.""], ""safety"": ""ok""}",1,2176,2.869200000532146,0.0018000000636675395,0.0002999995558639057,0.014199999895936344,0.005099999725644011,2.8966999998374376
2218,d288_u20,happy,train,288,20,bc,2,1,1,0,0,0,1,1,0,ok,"{""sentences"": [""I hear you."", ""We can pause here for a moment.""], ""safety"": ""ok""}",1,2176,2.7241999996476807,0.0018999999156221747,0.00030000046535860747,0.013799999578623101,0.005200000487093348,2.751400000306603
2219,d289_u2,neutral,train,289,2,bc,2,1,1,0,0,0,1,1,0,ok,"{""sentences"": [""I hear you."", ""We can pause here for a moment.""], ""safety"": ""ok""}",1,2176,3.1361999999717227,0.0018999999156221747,0.00030000046535860747,0.01340000017080456,0.005199999577598646,3.162500000144064
2220,d289_u3,sad,train,289,3,bc,2,1,1,0,0,0,1,1,0,ok,"{""sentences"": [""I hear you."", ""We can pause here for a moment.""], ""safety"": ""ok""}",1,2176,2.6734000002761604,0.0018999999156221747,0.00019999970390927047,0.013699999726668466,0.005200000487093348,2.7000000000043656
2221,d289_u4,sad,train,289,4,bc,2,1,1,0,0,0,1,1,0,ok,"{""sentences"": [""I hear you."", ""We can pause here for a moment.""], ""safety"": ""ok""}",1,2176,2.5013000004037167,0.0018000000636675395,0.00030000046535860747,0.013800000488117803,0.004999999873689376,2.527900000131922
2222,d289_u5,neutral,train,289,5,bc,2,1,1,0,0,0,1,1,0,ok,"{""sentences"": [""I hear you."", ""We can pause here for a moment.""], ""safety"": ""ok""}",1,2176,2.872699999898032,0.0018999999156221747,0.00019999970390927047,0.013900000340072438,0.005300000339047983,2.9001000002608635
2223,d290_u0,sad,train,290,0,bc,2,1,1,0,0,0,1,1,0,ok,"{""sentences"": [""I hear you."", ""We can pause here for a moment.""], ""safety"": ""ok""}",1,2176,2.8343000003587804,0.0020000006770715117,0.0002999995558639057,0.01359999987471383,0.004999999873689376,2.8607000003830763
2224,d291_u0,sad,train,291,0,bc,2,1,1,0,0,0,1,1,0,ok,"{""sentences"": [""I hear you."", ""We can pause here for a moment.""], ""safety"": ""ok""}",1,2176,2.9071000008116243,0.0018000000636675395,0.00020000061340397224,0.013500000022759195,0.005099999725644011,2.9334999999264255
2225,d291_u1,sad,train,291,1,bc,2,1,1,0,0,0,1,1,0,ok,"{""sentences"": [""I hear you."", ""We can pause here for a moment.""], ""safety"": ""ok""}",1,2176,2.907699999923352,0.00199999976757681,0.00030000046535860747,0.014100000043981709,0.005399999281507917,2.935500000603497
2226,d292_u0,neutral,train,292,0,bc,2,1,1,0,0,0,1,1,0,ok,"{""sentences"": [""I hear you."", ""We can pause here for a moment.""], ""safety"": ""ok""}",1,2176,2.975700000206416,0.0018000000636675395,0.00030000046535860747,0.01359999987471383,0.0052999994295532815,3.0020000003787572
2227,d292_u1,sad,train,292,1,bc,2,1,1,0,0,0,1,1,0,ok,"{""sentences"": [""I hear you."", ""We can pause here for a moment.""], ""safety"": ""ok""}",1,2176,2.5924000001396053,0.0018999999156221747,0.00020000061340397224,0.013699999726668466,0.005199999577598646,2.6192999994236743
2228,d292_u2,neutral,train,292,2,bc,2,1,1,0,0,0,1,1,0,ok,"{""sentences"": [""I hear you."", ""We can pause here for a moment.""], ""safety"": ""ok""}",1,2176,2.981999999974505,0.0018999999156221747,0.00019999970390927047,0.013300000318849925,0.004999999873689376,3.0079999996814877
2229,d292_u3,neutral,train,292,3,bc,2,1,1,0,0,0,1,1,0,ok,"{""sentences"": [""I hear you."", ""We can pause here for a moment.""], ""safety"": ""ok""}",1,2176,2.9042000005574664,0.0018999999156221747,0.0002999995558639057,0.01359999987471383,0.005300000339047983,2.9308000002856716
2230,d292_u4,sad,train,292,4,bc,2,1,1,0,0,0,1,1,0,ok,"{""sentences"": [""I hear you."", ""We can pause here for a moment.""], ""safety"": ""ok""}",1,2176,2.2691999993185163,0.0018000000636675395,0.00030000046535860747,0.012900000001536682,0.004800000169780105,2.2945000000618165
2231,d292_u5,neutral,train,292,5,bc,2,1,1,0,0,0,1,1,0,ok,"{""sentences"": [""I hear you."", ""We can pause here for a moment.""], ""safety"": ""ok""}",1,2176,2.7868999995916965,0.00199999976757681,0.0002999995558639057,0.014399999599845614,0.005100000635138713,2.8144999996584374
2232,d293_u3,neutral,train,293,3,bc,2,1,1,0,0,0,1,1,0,ok,"{""sentences"": [""I hear you."", ""We can pause here for a moment.""], ""safety"": ""ok""}",1,2176,2.763999999842781,0.0018000000636675395,0.0002999995558639057,0.013800000488117803,0.005199999577598646,2.791300000353658
2233,d293_u5,neutral,train,293,5,bc,2,1,1,0,0,0,1,1,0,ok,"{""sentences"": [""I hear you."", ""We can pause here for a moment.""], ""safety"": ""ok""}",1,2176,2.870700000130455,0.0018999999156221747,0.00019999970390927047,0.014299999747890979,0.005300000339047983,2.8981999994357466
2234,d293_u6,neutral,train,293,6,bc,2,1,1,0,0,0,1,1,0,ok,"{""sentences"": [""I hear you."", ""We can pause here for a moment.""], ""safety"": ""ok""}",1,2176,2.829099999871687,0.0018999999156221747,0.0002999995558639057,0.013500000022759195,0.005099999725644011,2.8555999997479375
2235,d293_u7,neutral,train,293,7,bc,2,1,1,0,0,0,1,1,0,ok,"{""sentences"": [""I hear you."", ""We can pause here for a moment.""], ""safety"": ""ok""}",1,2176,2.845600000000559,0.00199999976757681,0.0004000003173132427,0.013399999261309858,0.005199999577598646,2.8720000000248547
2236,d293_u8,happy,train,293,8,bc,2,1,1,0,0,0,1,1,0,ok,"{""sentences"": [""I hear you."", ""We can pause here for a moment.""], ""safety"": ""ok""}",1,2176,2.7241000007052207,0.0018000000636675395,0.00030000046535860747,0.013100000614940654,0.004999999873689376,2.7491000000736676
2237,d293_u9,neutral,train,293,9,bc,2,1,1,0,0,0,1,1,0,ok,"{""sentences"": [""I hear you."", ""We can pause here for a moment.""], ""safety"": ""ok""}",1,2176,2.749299999777577,0.0018999999156221747,0.00030000046535860747,0.01359999987471383,0.004999999873689376,2.7756999998018728
2238,d293_u10,sad,train,293,10,bc,2,1,1,0,0,0,1,1,0,ok,"{""sentences"": [""I hear you."", ""We can pause here for a moment.""], ""safety"": ""ok""}",1,2176,2.7753000003940542,0.0018999999156221747,0.00019999970390927047,0.014000000192027073,0.004999999873689376,2.8020999998261686
2239,d293_u11,neutral,train,293,11,bc,2,1,1,0,0,0,1,1,0,ok,"{""sentences"": [""I hear you."", ""We can pause here for a moment.""], ""safety"": ""ok""}",1,2176,2.6731000007202965,0.00199999976757681,0.00019999970390927047,0.013799999578623101,0.005200000487093348,2.699900000152411
2240,d293_u12,happy,train,293,12,bc,2,1,1,0,0,0,1,1,0,ok,"{""sentences"": [""I hear you."", ""We can pause here for a moment.""], ""safety"": ""ok""}",1,2176,2.776899999844318,0.0018999999156221747,0.00020000061340397224,0.014100000043981709,0.005399999281507917,2.804400000059104
2241,d294_u0,happy,train,294,0,bc,2,1,1,0,0,0,1,1,0,ok,"{""sentences"": [""I hear you."", ""We can pause here for a moment.""], ""safety"": ""ok""}",1,2176,2.857200000107696,0.0018999999156221747,0.0002999995558639057,0.030500000320898835,0.005300000339047983,2.9003999998167274
2242,d294_u1,neutral,train,294,1,bc,2,1,1,0,0,0,1,1,0,ok,"{""sentences"": [""I hear you."", ""We can pause here for a moment.""], ""safety"": ""ok""}",1,2176,2.3719000000710366,0.0018000000636675395,0.0002999995558639057,0.013699999726668466,0.004999999873689376,2.3983000000953325
2243,d295_u1,neutral,train,295,1,bc,2,1,1,0,0,0,1,1,0,ok,"{""sentences"": [""I hear you."", ""We can pause here for a moment.""], ""safety"": ""ok""}",1,2176,2.8142000001025735,0.00199999976757681,0.00030000046535860747,0.01449999945180025,0.0054000001910026185,2.8423999992810423
2244,d295_u4,sad,train,295,4,bc,2,1,1,0,0,0,1,1,0,ok,"{""sentences"": [""I hear you."", ""We can pause here for a moment.""], ""safety"": ""ok""}",1,2176,2.599499999632826,0.0018999999156221747,0.0002999995558639057,0.01359999987471383,0.005200000487093348,2.6257999998051673
2245,d295_u5,angry,train,295,5,bc,2,1,1,0,0,0,1,1,0,ok,"{""sentences"": [""I hear you."", ""We can pause here for a moment.""], ""safety"": ""ok""}",1,2176,2.9651000004378147,0.00199999976757681,0.0002999995558639057,0.01359999987471383,0.005099999725644011,2.991899999869929
2246,d295_u6,angry,train,295,6,bc,2,1,1,0,0,0,1,1,0,ok,"{""sentences"": [""I hear you."", ""We can pause here for a moment.""], ""safety"": ""ok""}",1,2176,2.7188000003661728,0.0018999999156221747,0.00019999970390927047,0.013300000318849925,0.005099999725644011,2.744399999755842
2247,d295_u7,angry,train,295,7,bc,2,1,1,0,0,0,1,1,0,ok,"{""sentences"": [""I hear you."", ""We can pause here for a moment.""], ""safety"": ""ok""}",1,2176,2.89000000066153,0.00199999976757681,0.0002999995558639057,0.013899999430577736,0.005499999133462552,2.917400000114867
2248,d295_u8,angry,train,295,8,bc,2,1,1,0,0,0,1,1,0,ok,"{""sentences"": [""I hear you."", ""We can pause here for a moment.""], ""safety"": ""ok""}",1,2176,2.7012999998987652,0.00199999976757681,0.00030000046535860747,0.013900000340072438,0.005200000487093348,2.7282999999442836
2249,d295_u9,angry,train,295,9,bc,2,1,1,0,0,0,1,1,0,ok,"{""sentences"": [""I hear you."", ""We can pause here for a moment.""], ""safety"": ""ok""}",1,2176,2.944700000625744,0.0019000008251168765,0.00019999970390927047,0.013899999430577736,0.020200000108161476,2.9867000002923305
2250,d295_u10,angry,train,295,10,bc,2,1,1,0,0,0,1,1,0,ok,"{""sentences"": [""I hear you."", ""We can pause here for a moment.""], ""safety"": ""ok""}",1,2176,2.599299999928917,0.0019000008251168765,0.0002999995558639057,0.030299999707494862,0.005099999725644011,2.642599999489903
2251,d295_u11,angry,train,295,11,bc,2,1,1,0,0,0,1,1,0,ok,"{""sentences"": [""I hear you."", ""We can pause here for a moment.""], ""safety"": ""ok""}",1,2176,2.768100000139384,0.0018999999156221747,0.00020000061340397224,0.013300000318849925,0.005200000487093348,2.794299999550276
2252,d295_u13,angry,train,295,13,bc,2,1,1,0,0,0,1,1,0,ok,"{""sentences"": [""I hear you."", ""We can pause here for a moment.""], ""safety"": ""ok""}",1,2176,2.8990999999223277,0.0018999999156221747,0.00019999970390927047,0.014100000043981709,0.005200000487093348,2.926099999967846
2253,d295_u14,happy,train,295,14,bc,2,1,1,0,0,0,1,1,0,ok,"{""sentences"": [""I hear you."", ""We can pause here for a moment.""], ""safety"": ""ok""}",1,2176,2.3330000003625173,0.0018999999156221747,0.00019999970390927047,0.013800000488117803,0.005099999725644011,2.3601000002599903
2254,d295_u15,neutral,train,295,15,bc,2,1,1,0,0,0,1,1,0,ok,"{""sentences"": [""I hear you."", ""We can pause here for a moment.""], ""safety"": ""ok""}",1,2176,2.7608000000327593,0.0020000006770715117,0.00019999970390927047,0.014000000192027073,0.005300000339047983,2.7880999996341416
2255,d295_u16,angry,train,295,16,bc,2,1,1,0,0,0,1,1,0,ok,"{""sentences"": [""I hear you."", ""We can pause here for a moment.""], ""safety"": ""ok""}",1,2176,2.8044999999110587,0.0018999999156221747,0.0002999995558639057,0.014399999599845614,0.0054000001910026185,2.837700000782206
2256,d295_u17,angry,train,295,17,bc,2,1,1,0,0,0,1,1,0,ok,"{""sentences"": [""I hear you."", ""We can pause here for a moment.""], ""safety"": ""ok""}",1,2176,2.4742999994487036,0.0018999999156221747,0.0002999995558639057,0.013799999578623101,0.005199999577598646,2.500800000234449
2257,d295_u18,angry,train,295,18,bc,2,1,1,0,0,0,1,1,0,ok,"{""sentences"": [""I hear you."", ""We can pause here for a moment.""], ""safety"": ""ok""}",1,2176,2.7614999999059364,0.0018999999156221747,0.00019999970390927047,0.013100000614940654,0.004999999873689376,2.7868999995916965
2258,d295_u19,angry,train,295,19,bc,2,1,1,0,0,0,1,1,0,ok,"{""sentences"": [""I hear you."", ""We can pause here for a moment.""], ""safety"": ""ok""}",1,2176,2.886700000090059,0.0018999999156221747,0.00020000061340397224,0.013900000340072438,0.005500000042957254,2.913999999691441
2259,d295_u20,angry,train,295,20,bc,2,1,1,0,0,0,1,1,0,ok,"{""sentences"": [""I hear you."", ""We can pause here for a moment.""], ""safety"": ""ok""}",1,2176,2.916200000072422,0.0018000000636675395,0.00019999970390927047,0.013199999557400588,0.005099999725644011,2.941400000054273
2260,d295_u21,angry,train,295,21,bc,2,1,1,0,0,0,1,1,0,ok,"{""sentences"": [""I hear you."", ""We can pause here for a moment.""], ""safety"": ""ok""}",1,2176,2.472299999681127,0.0018999999156221747,0.00020000061340397224,0.028899999961140566,0.005200000487093348,2.5139999997918494
2261,d296_u0,neutral,train,296,0,bc,2,1,1,0,0,0,1,1,0,ok,"{""sentences"": [""I hear you."", ""We can pause here for a moment.""], ""safety"": ""ok""}",1,2176,2.3601000002599903,0.0018000000636675395,0.00030000046535860747,0.013300000318849925,0.004999999873689376,2.3860000001150183
2262,d296_u1,neutral,train,296,1,bc,2,1,1,0,0,0,1,1,0,ok,"{""sentences"": [""I hear you."", ""We can pause here for a moment.""], ""safety"": ""ok""}",1,2176,2.73639999977604,0.0018999999156221747,0.00030000046535860747,0.014000000192027073,0.005200000487093348,2.7634999996735132
2263,d296_u2,neutral,train,296,2,bc,2,1,1,0,0,0,1,1,0,ok,"{""sentences"": [""I hear you."", ""We can pause here for a moment.""], ""safety"": ""ok""}",1,2176,3.017300000465184,0.0018999999156221747,0.00020000061340397224,0.014100000043981709,0.005199999577598646,3.0450000003838795
2264,d296_u4,neutral,train,296,4,bc,2,1,1,0,0,0,1,1,0,ok,"{""sentences"": [""I hear you."", ""We can pause here for a moment.""], ""safety"": ""ok""}",1,2176,3.1379000001834356,0.00199999976757681,0.00030000046535860747,0.01359999987471383,0.004999999873689376,3.1645999997635954
2265,d296_u5,angry,train,296,5,bc,2,1,1,0,0,0,1,1,0,ok,"{""sentences"": [""I hear you."", ""We can pause here for a moment.""], ""safety"": ""ok""}",1,2176,2.509799999643292,0.0020000006770715117,0.0002999995558639057,0.013800000488117803,0.004999999873689376,2.536399999371497
2266,d296_u6,neutral,train,296,6,bc,2,1,1,0,0,0,1,1,0,ok,"{""sentences"": [""I hear you."", ""We can pause here for a moment.""], ""safety"": ""ok""}",1,2176,2.6090999999723863,0.002100000529026147,0.0002999995558639057,0.013799999578623101,0.005100000635138713,2.635799999552546
2267,d296_u7,neutral,train,296,7,bc,2,1,1,0,0,0,1,1,0,ok,"{""sentences"": [""I hear you."", ""We can pause here for a moment.""], ""safety"": ""ok""}",1,2176,2.3525999995399616,0.0018999999156221747,0.0002999995558639057,0.013500000022759195,0.005200000487093348,2.379000000473752
2268,d296_u8,neutral,train,296,8,bc,2,1,1,0,0,0,1,1,0,ok,"{""sentences"": [""I hear you."", ""We can pause here for a moment.""], ""safety"": ""ok""}",1,2176,2.695099999982631,0.00199999976757681,0.0002999995558639057,0.014299999747890979,0.005300000339047983,2.7230999994571903
2269,d296_u9,neutral,train,296,9,bc,2,1,1,0,0,0,1,1,0,ok,"{""sentences"": [""I hear you."", ""We can pause here for a moment.""], ""safety"": ""ok""}",1,2176,2.723800000239862,0.0018999999156221747,0.00019999970390927047,0.013100000614940654,0.004999999873689376,2.749299999777577
2270,d296_u10,neutral,train,296,10,bc,2,1,1,0,0,0,1,1,0,ok,"{""sentences"": [""I hear you."", ""We can pause here for a moment.""], ""safety"": ""ok""}",1,2176,2.9482000009011244,0.0018000000636675395,0.0002999995558639057,0.013699999726668466,0.004999999873689376,2.9744000003120163
2271,d296_u11,happy,train,296,11,bc,2,1,1,0,0,0,1,1,0,ok,"{""sentences"": [""I hear you."", ""We can pause here for a moment.""], ""safety"": ""ok""}",1,2176,2.767199999652803,0.002200000380980782,0.00030000046535860747,0.014700000065204222,0.005599999894911889,2.796200000375393
2272,d296_u12,neutral,train,296,12,bc,2,1,1,0,0,0,1,1,0,ok,"{""sentences"": [""I hear you."", ""We can pause here for a moment.""], ""safety"": ""ok""}",1,2176,2.57199999941804,0.00199999976757681,0.0002999995558639057,0.014199999895936344,0.005300000339047983,2.5996000003942754
2273,d296_u13,neutral,train,296,13,bc,2,1,1,0,0,0,1,1,0,ok,"{""sentences"": [""I hear you."", ""We can pause here for a moment.""], ""safety"": ""ok""}",1,2176,3.3898000001499895,0.0018999999156221747,0.00030000046535860747,0.013800000488117803,0.005099999725644011,3.416599999582104
2274,d296_u16,neutral,train,296,16,bc,2,1,1,0,0,0,1,1,0,ok,"{""sentences"": [""I hear you."", ""We can pause here for a moment.""], ""safety"": ""ok""}",1,2176,2.7946000000156346,0.0018999999156221747,0.00019999970390927047,0.014199999895936344,0.005300000339047983,2.8222000000823755
2275,d296_u18,neutral,train,296,18,bc,2,1,1,0,0,0,1,1,0,ok,"{""sentences"": [""I hear you."", ""We can pause here for a moment.""], ""safety"": ""ok""}",1,2176,2.695500000299944,0.0018999999156221747,0.017099999240599573,0.013800000488117803,0.005199999577598646,2.7392000001782435
2276,d296_u20,neutral,train,296,20,bc,2,1,1,0,0,0,1,1,0,ok,"{""sentences"": [""I hear you."", ""We can pause here for a moment.""], ""safety"": ""ok""}",1,2176,2.591499999653024,0.0018999999156221747,0.00020000061340397224,0.014099999134487007,0.0052999994295532815,2.618800000163901
2277,d297_u0,neutral,train,297,0,bc,2,1,1,0,0,0,1,1,0,ok,"{""sentences"": [""I hear you."", ""We can pause here for a moment.""], ""safety"": ""ok""}",1,2176,2.8979999997318373,0.00199999976757681,0.0002999995558639057,0.013899999430577736,0.005099999725644011,2.925199999481265
2278,d297_u1,happy,train,297,1,bc,2,1,1,0,0,0,1,1,0,ok,"{""sentences"": [""I hear you."", ""We can pause here for a moment.""], ""safety"": ""ok""}",1,2176,2.9690000001210137,0.0018999999156221747,0.00030000046535860747,0.014100000043981709,0.005200000487093348,2.996299999722396
2279,d297_u2,angry,train,297,2,bc,2,1,1,0,0,0,1,1,0,ok,"{""sentences"": [""I hear you."", ""We can pause here for a moment.""], ""safety"": ""ok""}",1,2176,2.487499999915599,0.002099999619531445,0.0002999995558639057,0.013899999430577736,0.005199999577598646,2.514799999516981
2280,d297_u3,neutral,train,297,3,bc,2,1,1,0,0,0,1,1,0,ok,"{""sentences"": [""I hear you."", ""We can pause here for a moment.""], ""safety"": ""ok""}",1,2176,2.6866000007430557,0.0018999999156221747,0.00019999970390927047,0.013399999261309858,0.005199999577598646,2.7130999997098115
2281,d297_u4,happy,train,297,4,bc,2,1,1,0,0,0,1,1,0,ok,"{""sentences"": [""I hear you."", ""We can pause here for a moment.""], ""safety"": ""ok""}",1,2176,2.770799999780138,0.0018999999156221747,0.00020000061340397224,0.013800000488117803,0.005099999725644011,2.797600000121747
2282,d297_u5,neutral,train,297,5,bc,2,1,1,0,0,0,1,1,0,ok,"{""sentences"": [""I hear you."", ""We can pause here for a moment.""], ""safety"": ""ok""}",1,2176,2.8088999997635256,0.0017999991541728377,0.00019999970390927047,0.012999999853491317,0.004900000021734741,2.833900000041467
2283,d297_u6,happy,train,297,6,bc,2,1,1,0,0,0,1,1,0,ok,"{""sentences"": [""I hear you."", ""We can pause here for a moment.""], ""safety"": ""ok""}",1,2176,2.8035999994244776,0.0018000000636675395,0.00030000046535860747,0.013500000022759195,0.004999999873689376,2.830099999300728
2284,d297_u7,neutral,train,297,7,bc,2,1,1,0,0,0,1,1,0,ok,"{""sentences"": [""I hear you."", ""We can pause here for a moment.""], ""safety"": ""ok""}",1,2176,2.116099999511789,0.0018999999156221747,0.00020000061340397224,0.014000000192027073,0.004999999873689376,2.142900000762893
2285,d297_u8,happy,train,297,8,bc,2,1,1,0,0,0,1,1,0,ok,"{""sentences"": [""I hear you."", ""We can pause here for a moment.""], ""safety"": ""ok""}",1,2176,2.5003999999171356,0.0018999999156221747,0.00030000046535860747,0.013500000022759195,0.004999999873689376,2.526600000237522
2286,d297_u9,neutral,train,297,9,bc,2,1,1,0,0,0,1,1,0,ok,"{""sentences"": [""I hear you."", ""We can pause here for a moment.""], ""safety"": ""ok""}",1,2176,2.3365000006378978,0.0018000000636675395,0.00030000046535860747,0.013700000636163168,0.004999999873689376,2.3627999999007443
2287,d298_u0,angry,train,298,0,bc,2,1,1,0,0,0,1,1,0,ok,"{""sentences"": [""I hear you."", ""We can pause here for a moment.""], ""safety"": ""ok""}",1,2176,3.1318999999712105,0.0018999999156221747,0.0002999995558639057,0.013899999430577736,0.005200000487093348,3.158900000016729
2288,d298_u1,angry,train,298,1,bc,2,1,1,0,0,0,1,1,0,ok,"{""sentences"": [""I hear you."", ""We can pause here for a moment.""], ""safety"": ""ok""}",1,2176,2.9146999995646183,0.002099999619531445,0.00020000061340397224,0.013799999578623101,0.005100000635138713,2.941800000371586
2289,d298_u2,happy,train,298,2,bc,2,1,1,0,0,0,1,1,0,ok,"{""sentences"": [""I hear you."", ""We can pause here for a moment.""], ""safety"": ""ok""}",1,2176,2.128699999957462,0.0018999999156221747,0.00019999970390927047,0.01340000017080456,0.005300000339047983,2.155000000129803
2290,d298_u3,neutral,train,298,3,bc,2,1,1,0,0,0,1,1,0,ok,"{""sentences"": [""I hear you."", ""We can pause here for a moment.""], ""safety"": ""ok""}",1,2176,3.0699999997523264,0.0018999999156221747,0.0002999995558639057,0.013999999282532372,0.005099999725644011,3.0970999996497994
2291,d298_u4,sad,train,298,4,bc,2,1,1,0,0,0,1,1,0,ok,"{""sentences"": [""I hear you."", ""We can pause here for a moment.""], ""safety"": ""ok""}",1,2176,2.975499999593012,0.0018999999156221747,0.00019999970390927047,0.014000000192027073,0.005199999577598646,3.0026000003999798
2292,d298_u5,angry,train,298,5,bc,2,1,1,0,0,0,1,1,0,ok,"{""sentences"": [""I hear you."", ""We can pause here for a moment.""], ""safety"": ""ok""}",1,2176,2.7193999994779006,0.0020000006770715117,0.0002999995558639057,0.014100000043981709,0.0054000001910026185,2.7469999995446415
2293,d298_u6,angry,train,298,6,bc,2,1,1,0,0,0,1,1,0,ok,"{""sentences"": [""I hear you."", ""We can pause here for a moment.""], ""safety"": ""ok""}",1,2176,2.6293999999325024,0.0017000002117129043,0.0002999995558639057,0.013299999409355223,0.005099999725644011,2.655100000083621
2294,d299_u0,neutral,train,299,0,bc,2,1,1,0,0,0,1,1,0,ok,"{""sentences"": [""I hear you."", ""We can pause here for a moment.""], ""safety"": ""ok""}",1,2176,2.962900000056834,0.002100000529026147,0.00019999970390927047,0.014500000361294951,0.0054000001910026185,2.990900000440888
2295,d299_u1,neutral,train,299,1,bc,2,1,1,0,0,0,1,1,0,ok,"{""sentences"": [""I hear you."", ""We can pause here for a moment.""], ""safety"": ""ok""}",1,2176,2.9533000006267685,0.0019000008251168765,0.00019999970390927047,0.02930000027845381,0.005099999725644011,2.9956999997011735
2296,d299_u2,neutral,train,299,2,bc,2,1,1,0,0,0,1,1,0,ok,"{""sentences"": [""I hear you."", ""We can pause here for a moment.""], ""safety"": ""ok""}",1,2176,2.430699999422359,0.0018000000636675395,0.00019999970390927047,0.013500000022759195,0.005099999725644011,2.45690000065224
2297,d299_u3,neutral,train,299,3,bc,2,1,1,0,0,0,1,1,0,ok,"{""sentences"": [""I hear you."", ""We can pause here for a moment.""], ""safety"": ""ok""}",1,2176,2.895900000112306,0.0018999999156221747,0.00019999970390927047,0.014000000192027073,0.005300000339047983,2.9230999998617335
2298,d300_u0,happy,train,300,0,bc,2,1,1,0,0,0,1,1,0,ok,"{""sentences"": [""I hear you."", ""We can pause here for a moment.""], ""safety"": ""ok""}",1,2176,2.500999999938358,0.0018999999156221747,0.0002999995558639057,0.01359999987471383,0.005300000339047983,2.5275999996665632
2299,d300_u1,neutral,train,300,1,bc,2,1,1,0,0,0,1,1,0,ok,"{""sentences"": [""I hear you."", ""We can pause here for a moment.""], ""safety"": ""ok""}",1,2176,3.0034000001251115,0.0020000006770715117,0.0002999995558639057,0.014299999747890979,0.005500000042957254,3.031300000657211
2300,d300_u2,neutral,train,300,2,bc,2,1,1,0,0,0,1,1,0,ok,"{""sentences"": [""I hear you."", ""We can pause here for a moment.""], ""safety"": ""ok""}",1,2176,2.870199999961187,0.00199999976757681,0.00019999970390927047,0.013800000488117803,0.005199999577598646,2.897100000154751
2301,d300_u3,angry,train,300,3,bc,2,1,1,0,0,0,1,1,0,ok,"{""sentences"": [""I hear you."", ""We can pause here for a moment.""], ""safety"": ""ok""}",1,2176,2.516300000024785,0.0018000000636675395,0.00019999970390927047,0.013800000488117803,0.005099999725644011,2.5427999999010353
2302,d300_u6,neutral,train,300,6,bc,2,1,1,0,0,0,1,1,0,ok,"{""sentences"": [""I hear you."", ""We can pause here for a moment.""], ""safety"": ""ok""}",1,2176,2.6990000005753245,0.00199999976757681,0.00019999970390927047,0.014000000192027073,0.005300000339047983,2.7264000000286615
2303,d300_u7,neutral,train,300,7,bc,2,1,1,0,0,0,1,1,0,ok,"{""sentences"": [""I hear you."", ""We can pause here for a moment.""], ""safety"": ""ok""}",1,2176,3.0350999995789607,0.002100000529026147,0.00030000046535860747,0.01430000065738568,0.005500000042957254,3.063300000576419
2304,d300_u9,angry,train,300,9,bc,2,1,1,0,0,0,1,1,0,ok,"{""sentences"": [""I hear you."", ""We can pause here for a moment.""], ""safety"": ""ok""}",1,2176,2.823799999532639,0.0018999999156221747,0.00020000061340397224,0.013600000784208532,0.005199999577598646,2.850499999112799
2305,d300_u10,angry,train,300,10,bc,2,1,1,0,0,0,1,1,0,ok,"{""sentences"": [""I hear you."", ""We can pause here for a moment.""], ""safety"": ""ok""}",1,2176,3.2079000002340763,0.00199999976757681,0.00019999970390927047,0.013300000318849925,0.005099999725644011,3.234099999644968
2306,d300_u11,neutral,train,300,11,bc,2,1,1,0,0,0,1,1,0,ok,"{""sentences"": [""I hear you."", ""We can pause here for a moment.""], ""safety"": ""ok""}",1,2176,2.4160000002666493,0.0018999999156221747,0.00019999970390927047,0.014299999747890979,0.005099999725644011,2.443499999571941
2307,d300_u14,neutral,train,300,14,bc,2,1,1,0,0,0,1,1,0,ok,"{""sentences"": [""I hear you."", ""We can pause here for a moment.""], ""safety"": ""ok""}",1,2176,3.076099999816506,0.0018999999156221747,0.00030000046535860747,0.014000000192027073,0.005200000487093348,3.1030999998620246
2308,d300_u15,neutral,train,300,15,bc,2,1,1,0,0,0,1,1,0,ok,"{""sentences"": [""I hear you."", ""We can pause here for a moment.""], ""safety"": ""ok""}",1,2176,2.7135999998790794,0.0020000006770715117,0.0002999995558639057,0.013699999726668466,0.005500000042957254,2.740599999924598
2309,d301_u3,neutral,train,301,3,bc,2,1,1,0,0,0,1,1,0,ok,"{""sentences"": [""I hear you."", ""We can pause here for a moment.""], ""safety"": ""ok""}",1,2176,2.4127999995471328,0.002099999619531445,0.0002999995558639057,0.014199999895936344,0.005199999577598646,2.4401000000580098
2310,d301_u6,neutral,train,301,6,bc,2,1,1,0,0,0,1,1,0,ok,"{""sentences"": [""I hear you."", ""We can pause here for a moment.""], ""safety"": ""ok""}",1,2176,2.3086000001057982,0.00199999976757681,0.0002999995558639057,0.014299999747890979,0.0054000001910026185,2.33609999941109
2311,d301_u7,neutral,train,301,7,bc,2,1,1,0,0,0,1,1,0,ok,"{""sentences"": [""I hear you."", ""We can pause here for a moment.""], ""safety"": ""ok""}",1,2176,2.78729999990901,0.0018999999156221747,0.00030000046535860747,0.013800000488117803,0.005300000339047983,2.814299999954528
2312,d301_u8,angry,train,301,8,bc,2,1,1,0,0,0,1,1,0,ok,"{""sentences"": [""I hear you."", ""We can pause here for a moment.""], ""safety"": ""ok""}",1,2176,3.3795999997892068,0.0018999999156221747,0.00030000046535860747,0.01430000065738568,0.0054000001910026185,3.4071999998559477
2313,d301_u10,neutral,train,301,10,bc,2,1,1,0,0,0,1,1,0,ok,"{""sentences"": [""I hear you."", ""We can pause here for a moment.""], ""safety"": ""ok""}",1,2176,2.6221000007353723,0.00199999976757681,0.0002999995558639057,0.013699999726668466,0.005100000635138713,2.648800000315532
2314,d301_u11,happy,train,301,11,bc,2,1,1,0,0,0,1,1,0,ok,"{""sentences"": [""I hear you."", ""We can pause here for a moment.""], ""safety"": ""ok""}",1,2176,2.563699999882374,0.0017000002117129043,0.00019999970390927047,0.012099999366910197,0.004499999704421498,2.586900000096648
2315,d301_u13,neutral,train,301,13,bc,2,1,1,0,0,0,1,1,0,ok,"{""sentences"": [""I hear you."", ""We can pause here for a moment.""], ""safety"": ""ok""}",1,2176,2.400899999884132,0.0018999999156221747,0.0002999995558639057,0.013500000022759195,0.005300000339047983,2.427499999612337
2316,d301_u16,sad,train,301,16,bc,2,1,1,0,0,0,1,1,0,ok,"{""sentences"": [""I hear you."", ""We can pause here for a moment.""], ""safety"": ""ok""}",1,2176,3.3221000003322843,0.0018000000636675395,0.00020000061340397224,0.012799999240087345,0.004799999260285404,3.346899999996822
2317,d302_u0,neutral,train,302,0,bc,2,1,1,0,0,0,1,1,0,ok,"{""sentences"": [""I hear you."", ""We can pause here for a moment.""], ""safety"": ""ok""}",1,2176,2.5592000001779525,0.0020000006770715117,0.00019999970390927047,0.013699999726668466,0.005200000487093348,2.585999999610067
2318,d302_u1,sad,train,302,1,bc,2,1,1,0,0,0,1,1,0,ok,"{""sentences"": [""I hear you."", ""We can pause here for a moment.""], ""safety"": ""ok""}",1,2176,2.516499999728694,0.0018000000636675395,0.00030000046535860747,0.013399999261309858,0.005200000487093348,2.5427000000490807
2319,d302_u3,angry,train,302,3,bc,2,1,1,0,0,0,1,1,0,ok,"{""sentences"": [""I hear you."", ""We can pause here for a moment.""], ""safety"": ""ok""}",1,2176,2.564899999924819,0.0020000006770715117,0.00019999970390927047,0.013500000022759195,0.005200000487093348,2.5916000004144735
2320,d302_u4,neutral,train,302,4,bc,2,1,1,0,0,0,1,1,0,ok,"{""sentences"": [""I hear you."", ""We can pause here for a moment.""], ""safety"": ""ok""}",1,2176,2.893400000175461,0.0018999999156221747,0.00019999970390927047,0.014299999747890979,0.005500000042957254,2.9214999995019753
2321,d302_u6,neutral,train,302,6,bc,2,1,1,0,0,0,1,1,0,ok,"{""sentences"": [""I hear you."", ""We can pause here for a moment.""], ""safety"": ""ok""}",1,2176,2.474800000527466,0.0018999999156221747,0.00019999970390927047,0.013800000488117803,0.005099999725644011,2.501299999494222
2322,d302_u7,neutral,train,302,7,bc,2,1,1,0,0,0,1,1,0,ok,"{""sentences"": [""I hear you."", ""We can pause here for a moment.""], ""safety"": ""ok""}",1,2176,3.278199999840581,0.002099999619531445,0.00030000046535860747,0.013500000022759195,0.005300000339047983,3.305500000351458
2323,d302_u8,neutral,train,302,8,bc,2,1,1,0,0,0,1,1,0,ok,"{""sentences"": [""I hear you."", ""We can pause here for a moment.""], ""safety"": ""ok""}",1,2176,2.727500000219152,0.0020000006770715117,0.0002999995558639057,0.013500000022759195,0.005300000339047983,2.754099999947357
2324,d302_u10,neutral,train,302,10,bc,2,1,1,0,0,0,1,1,0,ok,"{""sentences"": [""I hear you."", ""We can pause here for a moment.""], ""safety"": ""ok""}",1,2176,2.7908000001843902,0.0020000006770715117,0.00019999970390927047,0.014100000043981709,0.005300000339047983,2.818400000251131
2325,d303_u0,angry,train,303,0,bc,2,1,1,0,0,0,1,1,0,ok,"{""sentences"": [""I hear you."", ""We can pause here for a moment.""], ""safety"": ""ok""}",1,2176,2.795400000650261,0.0018999999156221747,0.00019999970390927047,0.013899999430577736,0.0052999994295532815,2.8226000003996887
2326,d303_u1,neutral,train,303,1,bc,2,1,1,0,0,0,1,1,0,ok,"{""sentences"": [""I hear you."", ""We can pause here for a moment.""], ""safety"": ""ok""}",1,2176,2.3895999993328587,0.00199999976757681,0.00019999970390927047,0.01359999987471383,0.005000000783184078,2.4164000005839625
2327,d304_u0,neutral,train,304,0,bc,2,1,1,0,0,0,1,1,0,ok,"{""sentences"": [""I hear you."", ""We can pause here for a moment.""], ""safety"": ""ok""}",1,2176,2.4886000001060893,0.0018999999156221747,0.00019999970390927047,0.013800000488117803,0.005099999725644011,2.51509999998234
2328,d304_u1,neutral,train,304,1,bc,2,1,1,0,0,0,1,1,0,ok,"{""sentences"": [""I hear you."", ""We can pause here for a moment.""], ""safety"": ""ok""}",1,2176,3.1524000005447306,0.0023000002329354174,0.00020000061340397224,0.014299999747890979,0.005099999725644011,3.1802000003153807
2329,d304_u2,neutral,train,304,2,bc,2,1,1,0,0,0,1,1,0,ok,"{""sentences"": [""I hear you."", ""We can pause here for a moment.""], ""safety"": ""ok""}",1,2176,2.8166000001874636,0.00199999976757681,0.00019999970390927047,0.013900000340072438,0.005199999577598646,2.843699999175442
2330,d304_u3,neutral,train,304,3,bc,2,1,1,0,0,0,1,1,0,ok,"{""sentences"": [""I hear you."", ""We can pause here for a moment.""], ""safety"": ""ok""}",1,2176,2.6064000003316323,0.0018000000636675395,0.00019999970390927047,0.013900000340072438,0.004999999873689376,2.6331999997637467
2331,d304_u4,neutral,train,304,4,bc,2,1,1,0,0,0,1,1,0,ok,"{""sentences"": [""I hear you."", ""We can pause here for a moment.""], ""safety"": ""ok""}",1,2176,2.7890999999726773,0.0018000000636675395,0.0002999995558639057,0.01340000017080456,0.004900000021734741,2.8152999993835692
2332,d304_u6,neutral,train,304,6,bc,2,1,1,0,0,0,1,1,0,ok,"{""sentences"": [""I hear you."", ""We can pause here for a moment.""], ""safety"": ""ok""}",1,2176,2.531000000089989,0.0018999999156221747,0.00030000046535860747,0.014100000043981709,0.0054000001910026185,2.5587000000086846
2333,d304_u7,neutral,train,304,7,bc,2,1,1,0,0,0,1,1,0,ok,"{""sentences"": [""I hear you."", ""We can pause here for a moment.""], ""safety"": ""ok""}",1,2176,2.975700000206416,0.0020000006770715117,0.00030000046535860747,0.013900000340072438,0.005500000042957254,3.0031999995117076
2334,d304_u8,angry,train,304,8,bc,2,1,1,0,0,0,1,1,0,ok,"{""sentences"": [""I hear you."", ""We can pause here for a moment.""], ""safety"": ""ok""}",1,2176,2.749999999650754,0.0018999999156221747,0.00030000046535860747,0.014000000192027073,0.005100000635138713,2.7771000004577218
2335,d304_u9,angry,train,304,9,bc,2,1,1,0,0,0,1,1,0,ok,"{""sentences"": [""I hear you."", ""We can pause here for a moment.""], ""safety"": ""ok""}",1,2176,2.4522000003344147,0.0018999999156221747,0.00030000046535860747,0.013100000614940654,0.004999999873689376,2.4776999998721294
2336,d304_u10,angry,train,304,10,bc,2,1,1,0,0,0,1,1,0,ok,"{""sentences"": [""I hear you."", ""We can pause here for a moment.""], ""safety"": ""ok""}",1,2176,2.963800000543415,0.0018999999156221747,0.0002999995558639057,0.013999999282532372,0.0052999994295532815,2.9910000002928427
2337,d305_u0,happy,train,305,0,bc,2,1,1,0,0,0,1,1,0,ok,"{""sentences"": [""I hear you."", ""We can pause here for a moment.""], ""safety"": ""ok""}",1,2176,2.734700000473822,0.0018999999156221747,0.00030000046535860747,0.014100000043981709,0.005199999577598646,2.762299999631068
2338,d305_u1,neutral,train,305,1,bc,2,1,1,0,0,0,1,1,0,ok,"{""sentences"": [""I hear you."", ""We can pause here for a moment.""], ""safety"": ""ok""}",1,2176,3.0779999997321283,0.0018999999156221747,0.00030000046535860747,0.014100000043981709,0.005199999577598646,3.10540000009496
2339,d305_u3,neutral,train,305,3,bc,2,1,1,0,0,0,1,1,0,ok,"{""sentences"": [""I hear you."", ""We can pause here for a moment.""], ""safety"": ""ok""}",1,2176,2.2515000000566943,0.0017000002117129043,0.0002999995558639057,0.013100000614940654,0.004900000021734741,2.276999999594409
2340,d305_u4,neutral,train,305,4,bc,2,1,1,0,0,0,1,1,0,ok,"{""sentences"": [""I hear you."", ""We can pause here for a moment.""], ""safety"": ""ok""}",1,2176,3.076599999985774,0.0018999999156221747,0.00019999970390927047,0.014000000192027073,0.004900000021734741,3.103499999269843
2341,d305_u5,happy,train,305,5,bc,2,1,1,0,0,0,1,1,0,ok,"{""sentences"": [""I hear you."", ""We can pause here for a moment.""], ""safety"": ""ok""}",1,2176,2.5623999999879743,0.0018999999156221747,0.00019999970390927047,0.01320000046689529,0.004999999873689376,2.5881999999910477
2342,d305_u6,neutral,train,305,6,bc,2,1,1,0,0,0,1,1,0,ok,"{""sentences"": [""I hear you."", ""We can pause here for a moment.""], ""safety"": ""ok""}",1,2176,2.722400000493508,0.0018000000636675395,0.00030000046535860747,0.012800000149582047,0.004800000169780105,2.746899999692687
2343,d305_u7,neutral,train,305,7,bc,2,1,1,0,0,0,1,1,0,ok,"{""sentences"": [""I hear you."", ""We can pause here for a moment.""], ""safety"": ""ok""}",1,2176,3.183700000590761,0.0018999999156221747,0.00019999970390927047,0.013899999430577736,0.0054000001910026185,3.2107999995787395
2344,d305_u8,neutral,train,305,8,bc,2,1,1,0,0,0,1,1,0,ok,"{""sentences"": [""I hear you."", ""We can pause here for a moment.""], ""safety"": ""ok""}",1,2176,2.70379999983561,0.0018999999156221747,0.0002999995558639057,0.013799999578623101,0.004999999873689376,2.7307999998811283
2345,d305_u10,neutral,train,305,10,bc,2,1,1,0,0,0,1,1,0,ok,"{""sentences"": [""I hear you."", ""We can pause here for a moment.""], ""safety"": ""ok""}",1,2176,2.9715000000578584,0.002200000380980782,0.00020000061340397224,0.014400000509340316,0.005500000042957254,2.9997999999977765
2346,d305_u11,neutral,train,305,11,bc,2,1,1,0,0,0,1,1,0,ok,"{""sentences"": [""I hear you."", ""We can pause here for a moment.""], ""safety"": ""ok""}",1,2176,2.552300000388641,0.0018999999156221747,0.00030000046535860747,0.014400000509340316,0.0054000001910026185,2.580100000159291
2347,d305_u12,happy,train,305,12,bc,2,1,1,0,0,0,1,1,0,ok,"{""sentences"": [""I hear you."", ""We can pause here for a moment.""], ""safety"": ""ok""}",1,2176,2.7293000002828194,0.002099999619531445,0.00020000061340397224,0.014299999747890979,0.005500000042957254,2.757199999905424
2348,d305_u13,happy,train,305,13,bc,2,1,1,0,0,0,1,1,0,ok,"{""sentences"": [""I hear you."", ""We can pause here for a moment.""], ""safety"": ""ok""}",1,2176,2.837300000464893,0.0018999999156221747,0.0002999995558639057,0.013500000022759195,0.005199999577598646,2.863699999579694
2349,d305_u14,happy,train,305,14,bc,2,1,1,0,0,0,1,1,0,ok,"{""sentences"": [""I hear you."", ""We can pause here for a moment.""], ""safety"": ""ok""}",1,2176,3.2013000000006286,0.0018000000636675395,0.00020000061340397224,0.013699999726668466,0.005100000635138713,3.2281000003422378
2350,d306_u0,happy,train,306,0,bc,2,1,1,0,0,0,1,1,0,ok,"{""sentences"": [""I hear you."", ""We can pause here for a moment.""], ""safety"": ""ok""}",1,2176,2.8331000003163354,0.00199999976757681,0.00019999970390927047,0.015999999959603883,0.0054000001910026185,2.8623999996852945
2351,d306_u1,happy,train,306,1,bc,2,1,1,0,0,0,1,1,0,ok,"{""sentences"": [""I hear you."", ""We can pause here for a moment.""], ""safety"": ""ok""}",1,2176,2.1821999998792307,0.0018999999156221747,0.00030000046535860747,0.01430000065738568,0.005199999577598646,2.2098999997979263
2352,d306_u2,sad,train,306,2,bc,2,1,1,0,0,0,1,1,0,ok,"{""sentences"": [""I hear you."", ""We can pause here for a moment.""], ""safety"": ""ok""}",1,2176,2.732099999775528,0.0018999999156221747,0.00019999970390927047,0.013699999726668466,0.005200000487093348,2.759199999673001
2353,d306_u3,happy,train,306,3,bc,2,1,1,0,0,0,1,1,0,ok,"{""sentences"": [""I hear you."", ""We can pause here for a moment.""], ""safety"": ""ok""}",1,2176,3.0288999996628263,0.0018999999156221747,0.00020000061340397224,0.01340000017080456,0.005000000783184078,3.054800000427349
2354,d306_u4,neutral,train,306,4,bc,2,1,1,0,0,0,1,1,0,ok,"{""sentences"": [""I hear you."", ""We can pause here for a moment.""], ""safety"": ""ok""}",1,2176,2.6895999999396736,0.0018000000636675395,0.00019999970390927047,0.01359999987471383,0.004999999873689376,2.715599999646656
2355,d306_u5,happy,train,306,5,bc,2,1,1,0,0,0,1,1,0,ok,"{""sentences"": [""I hear you."", ""We can pause here for a moment.""], ""safety"": ""ok""}",1,2176,2.3725999999442138,0.0017999991541728377,0.00019999970390927047,0.013500000022759195,0.005099999725644011,2.398900000116555
2356,d306_u6,happy,train,306,6,bc,2,1,1,0,0,0,1,1,0,ok,"{""sentences"": [""I hear you."", ""We can pause here for a moment.""], ""safety"": ""ok""}",1,2176,3.082199999880686,0.0018999999156221747,0.00020000061340397224,0.013199999557400588,0.0054000001910026185,3.1084000002010725
2357,d306_u7,neutral,train,306,7,bc,2,1,1,0,0,0,1,1,0,ok,"{""sentences"": [""I hear you."", ""We can pause here for a moment.""], ""safety"": ""ok""}",1,2176,2.5716000000102213,0.0018000000636675395,0.0002999995558639057,0.013399999261309858,0.005099999725644011,2.5976999995691585
2358,d307_u0,neutral,train,307,0,bc,2,1,1,0,0,0,1,1,0,ok,"{""sentences"": [""I hear you."", ""We can pause here for a moment.""], ""safety"": ""ok""}",1,2176,2.8320999999777996,0.0018999999156221747,0.00019999970390927047,0.014100000043981709,0.0054000001910026185,2.8598999997484498
2359,d307_u1,happy,train,307,1,bc,2,1,1,0,0,0,1,1,0,ok,"{""sentences"": [""I hear you."", ""We can pause here for a moment.""], ""safety"": ""ok""}",1,2176,2.981599999657192,0.00199999976757681,0.00030000046535860747,0.014000000192027073,0.0054000001910026185,3.0087999994066195
2360,d307_u2,sad,train,307,2,bc,2,1,1,0,0,0,1,1,0,ok,"{""sentences"": [""I hear you."", ""We can pause here for a moment.""], ""safety"": ""ok""}",1,2176,2.7503999999680673,0.0018999999156221747,0.00030000046535860747,0.013600000784208532,0.004999999873689376,2.776899999844318
2361,d307_u3,neutral,train,307,3,bc,2,1,1,0,0,0,1,1,0,ok,"{""sentences"": [""I hear you."", ""We can pause here for a moment.""], ""safety"": ""ok""}",1,2176,2.80540000039764,0.0018000000636675395,0.0002999995558639057,0.013300000318849925,0.005099999725644011,2.831700000569981
2362,d307_u4,neutral,train,307,4,bc,2,1,1,0,0,0,1,1,0,ok,"{""sentences"": [""I hear you."", ""We can pause here for a moment.""], ""safety"": ""ok""}",1,2176,2.974799999719835,0.00199999976757681,0.0002999995558639057,0.01359999987471383,0.005099999725644011,3.0012000006536255
2363,d307_u5,neutral,train,307,5,bc,2,1,1,0,0,0,1,1,0,ok,"{""sentences"": [""I hear you."", ""We can pause here for a moment.""], ""safety"": ""ok""}",1,2176,2.3961999995663064,0.0018999999156221747,0.0002999995558639057,0.013300000318849925,0.004900000021734741,2.4219999995693797
2364,d307_u6,neutral,train,307,6,bc,2,1,1,0,0,0,1,1,0,ok,"{""sentences"": [""I hear you."", ""We can pause here for a moment.""], ""safety"": ""ok""}",1,2176,3.6300000001574517,0.0024000000848900527,0.00019999970390927047,0.03530000049067894,0.006799999937356915,3.6817999998675077
2365,d307_u7,neutral,train,307,7,bc,2,1,1,0,0,0,1,1,0,ok,"{""sentences"": [""I hear you."", ""We can pause here for a moment.""], ""safety"": ""ok""}",1,2176,2.906499999880907,0.0018000000636675395,0.0002999995558639057,0.013500000022759195,0.004900000021734741,2.9325999994398444
2366,d307_u9,neutral,train,307,9,bc,2,1,1,0,0,0,1,1,0,ok,"{""sentences"": [""I hear you."", ""We can pause here for a moment.""], ""safety"": ""ok""}",1,2176,2.23920000007638,0.00199999976757681,0.00030000046535860747,0.013999999282532372,0.0052999994295532815,2.266800000143121
2367,d307_u10,neutral,train,307,10,bc,2,1,1,0,0,0,1,1,0,ok,"{""sentences"": [""I hear you."", ""We can pause here for a moment.""], ""safety"": ""ok""}",1,2176,2.3124000008465373,0.0018999999156221747,0.00030000046535860747,0.013600000784208532,0.005199999577598646,2.3390000005747424
2368,d307_u11,neutral,train,307,11,bc,2,1,1,0,0,0,1,1,0,ok,"{""sentences"": [""I hear you."", ""We can pause here for a moment.""], ""safety"": ""ok""}",1,2176,2.9740999998466577,0.0018999999156221747,0.0002999995558639057,0.014100000043981709,0.004999999873689376,3.000900000188267
2369,d307_u12,neutral,train,307,12,bc,2,1,1,0,0,0,1,1,0,ok,"{""sentences"": [""I hear you."", ""We can pause here for a moment.""], ""safety"": ""ok""}",1,2176,2.436100000522856,0.0018999999156221747,0.0002999995558639057,0.014299999747890979,0.005300000339047983,2.463799999532057
2370,d308_u0,neutral,train,308,0,bc,2,1,1,0,0,0,1,1,0,ok,"{""sentences"": [""I hear you."", ""We can pause here for a moment.""], ""safety"": ""ok""}",1,2176,2.881699999306875,0.002099999619531445,0.00020000061340397224,0.013999999282532372,0.005199999577598646,2.9090999996697064
2371,d308_u1,happy,train,308,1,bc,2,1,1,0,0,0,1,1,0,ok,"{""sentences"": [""I hear you."", ""We can pause here for a moment.""], ""safety"": ""ok""}",1,2176,2.737199999501172,0.00199999976757681,0.00019999970390927047,0.013799999578623101,0.005100000635138713,2.7641999995466904
2372,d308_u2,neutral,train,308,2,bc,2,1,1,0,0,0,1,1,0,ok,"{""sentences"": [""I hear you."", ""We can pause here for a moment.""], ""safety"": ""ok""}",1,2176,2.699199999369739,0.0018999999156221747,0.00030000046535860747,0.014100000043981709,0.005199999577598646,2.726499999880616
2373,d308_u3,neutral,train,308,3,bc,2,1,1,0,0,0,1,1,0,ok,"{""sentences"": [""I hear you."", ""We can pause here for a moment.""], ""safety"": ""ok""}",1,2176,2.5594999997338164,0.0018999999156221747,0.00020000061340397224,0.014200000805431046,0.005199999577598646,2.586900000096648
2374,d308_u4,neutral,train,308,4,bc,2,1,1,0,0,0,1,1,0,ok,"{""sentences"": [""I hear you."", ""We can pause here for a moment.""], ""safety"": ""ok""}",1,2176,3.3253999999942607,0.0018999999156221747,0.00030000046535860747,0.013699999726668466,0.004999999873689376,3.351700000166602
2375,d308_u5,neutral,train,308,5,bc,2,1,1,0,0,0,1,1,0,ok,"{""sentences"": [""I hear you."", ""We can pause here for a moment.""], ""safety"": ""ok""}",1,2176,2.803899999889836,0.0018999999156221747,0.00019999970390927047,0.01359999987471383,0.005099999725644011,2.8302000000621774
2376,d309_u0,happy,train,309,0,bc,2,1,1,0,0,0,1,1,0,ok,"{""sentences"": [""I hear you."", ""We can pause here for a moment.""], ""safety"": ""ok""}",1,2176,2.8268999994907063,0.0018999999156221747,0.00019999970390927047,0.014000000192027073,0.0052999994295532815,2.8543000007630326
2377,d309_u2,happy,train,309,2,bc,2,1,1,0,0,0,1,1,0,ok,"{""sentences"": [""I hear you."", ""We can pause here for a moment.""], ""safety"": ""ok""}",1,2176,2.4914000005082926,0.002099999619531445,0.00030000046535860747,0.014000000192027073,0.005199999577598646,2.519100000426988
2378,d309_u3,neutral,train,309,3,bc,2,1,1,0,0,0,1,1,0,ok,"{""sentences"": [""I hear you."", ""We can pause here for a moment.""], ""safety"": ""ok""}",1,2176,3.728900000169233,0.0018999999156221747,0.0002999995558639057,0.01359999987471383,0.0054000001910026185,3.756000000066706
2379,d309_u4,neutral,train,309,4,bc,2,1,1,0,0,0,1,1,0,ok,"{""sentences"": [""I hear you."", ""We can pause here for a moment.""], ""safety"": ""ok""}",1,2176,2.4997000000439584,0.00199999976757681,0.00019999970390927047,0.01359999987471383,0.004900000021734741,2.525900000364345
2380,d310_u0,neutral,train,310,0,bc,2,1,1,0,0,0,1,1,0,ok,"{""sentences"": [""I hear you."", ""We can pause here for a moment.""], ""safety"": ""ok""}",1,2176,2.619800000502437,0.0020000006770715117,0.0002999995558639057,0.014199999895936344,0.005599999894911889,2.6474999995116377
2381,d310_u1,neutral,train,310,1,bc,2,1,1,0,0,0,1,1,0,ok,"{""sentences"": [""I hear you."", ""We can pause here for a moment.""], ""safety"": ""ok""}",1,2176,2.8418000001693144,0.0019000008251168765,0.00019999970390927047,0.01359999987471383,0.005199999577598646,2.8682000001936103
2382,d310_u2,happy,train,310,2,bc,2,1,1,0,0,0,1,1,0,ok,"{""sentences"": [""I hear you."", ""We can pause here for a moment.""], ""safety"": ""ok""}",1,2176,2.6184000007560826,0.0018999999156221747,0.0002999995558639057,0.012900000001536682,0.004999999873689376,2.6436999996803934
2383,d310_u3,sad,train,310,3,bc,2,1,1,0,0,0,1,1,0,ok,"{""sentences"": [""I hear you."", ""We can pause here for a moment.""], ""safety"": ""ok""}",1,2176,2.630199999657634,0.0018999999156221747,0.00019999970390927047,0.01340000017080456,0.004900000021734741,2.656099999512662
2384,d310_u4,neutral,train,310,4,bc,2,1,1,0,0,0,1,1,0,ok,"{""sentences"": [""I hear you."", ""We can pause here for a moment.""], ""safety"": ""ok""}",1,2176,2.7958000000580796,0.002099999619531445,0.00030000046535860747,0.014299999747890979,0.0052999994295532815,2.8236999996806844
2385,d310_u6,sad,train,310,6,bc,2,1,1,0,0,0,1,1,0,ok,"{""sentences"": [""I hear you."", ""We can pause here for a moment.""], ""safety"": ""ok""}",1,2176,2.914299999247305,0.00199999976757681,0.00020000061340397224,0.013800000488117803,0.005300000339047983,2.941300000202318
2386,d311_u0,neutral,train,311,0,bc,2,1,1,0,0,0,1,1,0,ok,"{""sentences"": [""I hear you."", ""We can pause here for a moment.""], ""safety"": ""ok""}",1,2176,2.777099999548227,0.0018999999156221747,0.00030000046535860747,0.01359999987471383,0.005200000487093348,2.8036000003339723
2387,d311_u1,happy,train,311,1,bc,2,1,1,0,0,0,1,1,0,ok,"{""sentences"": [""I hear you."", ""We can pause here for a moment.""], ""safety"": ""ok""}",1,2176,2.664100000401959,0.0018999999156221747,0.00019999970390927047,0.03060000017285347,0.0054000001910026185,2.7079999999841675
2388,d311_u2,happy,train,311,2,bc,2,1,1,0,0,0,1,1,0,ok,"{""sentences"": [""I hear you."", ""We can pause here for a moment.""], ""safety"": ""ok""}",1,2176,2.906200000325043,0.0018000000636675395,0.00030000046535860747,0.013799999578623101,0.005200000487093348,2.9329999997571576
2389,d311_u3,happy,train,311,3,bc,2,1,1,0,0,0,1,1,0,ok,"{""sentences"": [""I hear you."", ""We can pause here for a moment.""], ""safety"": ""ok""}",1,2176,2.66269999974611,0.00199999976757681,0.00019999970390927047,0.014000000192027073,0.005399999281507917,2.690199999960896
2390,d311_u4,neutral,train,311,4,bc,2,1,1,0,0,0,1,1,0,ok,"{""sentences"": [""I hear you."", ""We can pause here for a moment.""], ""safety"": ""ok""}",1,2176,2.341500000511587,0.0018999999156221747,0.00019999970390927047,0.014000000192027073,0.0052999994295532815,2.368899999964924
2391,d311_u5,happy,train,311,5,bc,2,1,1,0,0,0,1,1,0,ok,"{""sentences"": [""I hear you."", ""We can pause here for a moment.""], ""safety"": ""ok""}",1,2176,2.7704999993147794,0.00199999976757681,0.0002999995558639057,0.014100000043981709,0.005300000339047983,2.7982000001429697
2392,d311_u6,neutral,train,311,6,bc,2,1,1,0,0,0,1,1,0,ok,"{""sentences"": [""I hear you."", ""We can pause here for a moment.""], ""safety"": ""ok""}",1,2176,2.8260999997655745,0.0018000000636675395,0.00030000046535860747,0.014100000043981709,0.005300000339047983,2.8534000002764515
2393,d311_u7,happy,train,311,7,bc,2,1,1,0,0,0,1,1,0,ok,"{""sentences"": [""I hear you."", ""We can pause here for a moment.""], ""safety"": ""ok""}",1,2176,3.0694000006405986,0.0018999999156221747,0.00030000046535860747,0.013799999578623101,0.005300000339047983,3.0965999994805316
2394,d311_u9,neutral,train,311,9,bc,2,1,1,0,0,0,1,1,0,ok,"{""sentences"": [""I hear you."", ""We can pause here for a moment.""], ""safety"": ""ok""}",1,2176,3.009600000041246,0.00199999976757681,0.00019999970390927047,0.01340000017080456,0.004999999873689376,3.0355000008057687
2395,d311_u11,neutral,train,311,11,bc,2,1,1,0,0,0,1,1,0,ok,"{""sentences"": [""I hear you."", ""We can pause here for a moment.""], ""safety"": ""ok""}",1,2176,2.504499999304244,0.0018000000636675395,0.0002999995558639057,0.014199999895936344,0.005100000635138713,2.5314000004073023
2396,d311_u12,neutral,train,311,12,bc,2,1,1,0,0,0,1,1,0,ok,"{""sentences"": [""I hear you."", ""We can pause here for a moment.""], ""safety"": ""ok""}",1,2176,2.2003000003678608,0.00199999976757681,0.0002999995558639057,0.01359999987471383,0.005300000339047983,2.2269999999480206
2397,d312_u0,neutral,train,312,0,bc,2,1,1,0,0,0,1,1,0,ok,"{""sentences"": [""I hear you."", ""We can pause here for a moment.""], ""safety"": ""ok""}",1,2176,2.8904000000693486,0.0018999999156221747,0.00030000046535860747,0.014000000192027073,0.005100000635138713,2.9175999998187763
2398,d312_u1,angry,train,312,1,bc,2,1,1,0,0,0,1,1,0,ok,"{""sentences"": [""I hear you."", ""We can pause here for a moment.""], ""safety"": ""ok""}",1,2176,2.939199999673292,0.0018000000636675395,0.00019999970390927047,0.01359999987471383,0.004800000169780105,2.965300000141724
2399,d312_u2,angry,train,312,2,bc,2,1,1,0,0,0,1,1,0,ok,"{""sentences"": [""I hear you."", ""We can pause here for a moment.""], ""safety"": ""ok""}",1,2176,2.6770999993459554,0.0018000000636675395,0.00020000061340397224,0.01359999987471383,0.005000000783184078,2.7027000005546142
2400,d312_u3,neutral,train,312,3,bc,2,1,1,0,0,0,1,1,0,ok,"{""sentences"": [""I hear you."", ""We can pause here for a moment.""], ""safety"": ""ok""}",1,2176,2.846900000804453,0.00199999976757681,0.00030000046535860747,0.014100000043981709,0.005399999281507917,2.8747000005751033
2401,d312_u4,sad,train,312,4,bc,2,1,1,0,0,0,1,1,0,ok,"{""sentences"": [""I hear you."", ""We can pause here for a moment.""], ""safety"": ""ok""}",1,2176,2.4510999992344296,0.00199999976757681,0.0002999995558639057,0.03079999987676274,0.0054000001910026185,2.495499999895401
2402,d312_u5,sad,train,312,5,bc,2,1,1,0,0,0,1,1,0,ok,"{""sentences"": [""I hear you."", ""We can pause here for a moment.""], ""safety"": ""ok""}",1,2176,2.902899999753572,0.0018999999156221747,0.0002999995558639057,0.013699999726668466,0.005099999725644011,2.9296000002432265
2403,d312_u6,neutral,train,312,6,bc,2,1,1,0,0,0,1,1,0,ok,"{""sentences"": [""I hear you."", ""We can pause here for a moment.""], ""safety"": ""ok""}",1,2176,3.458199999840872,0.0018999999156221747,0.00020000061340397224,0.013800000488117803,0.004800000169780105,3.4846999997171224
2404,d312_u9,angry,train,312,9,bc,2,1,1,0,0,0,1,1,0,ok,"{""sentences"": [""I hear you."", ""We can pause here for a moment.""], ""safety"": ""ok""}",1,2176,2.5193000001308974,0.0019000008251168765,0.00019999970390927047,0.014000000192027073,0.005199999577598646,2.5465000007898198
2405,d312_u11,neutral,train,312,11,bc,2,1,1,0,0,0,1,1,0,ok,"{""sentences"": [""I hear you."", ""We can pause here for a moment.""], ""safety"": ""ok""}",1,2176,2.987300000313553,0.002099999619531445,0.00020000061340397224,0.013900000340072438,0.0054000001910026185,3.0145999999149353
2406,d312_u12,sad,train,312,12,bc,2,1,1,0,0,0,1,1,0,ok,"{""sentences"": [""I hear you."", ""We can pause here for a moment.""], ""safety"": ""ok""}",1,2176,2.7058999994551414,0.0018999999156221747,0.00020000061340397224,0.013699999726668466,0.005099999725644011,2.732599999944796
2407,d312_u13,sad,train,312,13,bc,2,1,1,0,0,0,1,1,0,ok,"{""sentences"": [""I hear you."", ""We can pause here for a moment.""], ""safety"": ""ok""}",1,2176,2.2696000005453243,0.0020000006770715117,0.00019999970390927047,0.01449999945180025,0.005100000635138713,2.297099999850616
2408,d312_u14,neutral,train,312,14,bc,2,1,1,0,0,0,1,1,0,ok,"{""sentences"": [""I hear you."", ""We can pause here for a moment.""], ""safety"": ""ok""}",1,2176,2.8734999996231636,0.00199999976757681,0.00030000046535860747,0.013799999578623101,0.005200000487093348,2.9006000004301313
2409,d312_u15,neutral,train,312,15,bc,2,1,1,0,0,0,1,1,0,ok,"{""sentences"": [""I hear you."", ""We can pause here for a moment.""], ""safety"": ""ok""}",1,2176,2.575999999862688,0.002100000529026147,0.00019999970390927047,0.013900000340072438,0.005500000042957254,2.6036999997813837
2410,d312_u16,neutral,train,312,16,bc,2,1,1,0,0,0,1,1,0,ok,"{""sentences"": [""I hear you."", ""We can pause here for a moment.""], ""safety"": ""ok""}",1,2176,2.6155000005019247,0.0020000006770715117,0.0002999995558639057,0.01359999987471383,0.0052999994295532815,2.642599999489903
2411,d312_u17,angry,train,312,17,bc,2,1,1,0,0,0,1,1,0,ok,"{""sentences"": [""I hear you."", ""We can pause here for a moment.""], ""safety"": ""ok""}",1,2176,2.9908999995313934,0.0018999999156221747,0.00020000061340397224,0.013800000488117803,0.005300000339047983,3.018000000338361
2412,d312_u18,sad,train,312,18,bc,2,1,1,0,0,0,1,1,0,ok,"{""sentences"": [""I hear you."", ""We can pause here for a moment.""], ""safety"": ""ok""}",1,2176,2.442699999846809,0.0017000002117129043,0.00030000046535860747,0.012999999853491317,0.005199999577598646,2.4677000001247507
2413,d312_u19,neutral,train,312,19,bc,2,1,1,0,0,0,1,1,0,ok,"{""sentences"": [""I hear you."", ""We can pause here for a moment.""], ""safety"": ""ok""}",1,2176,2.836399999978312,0.00199999976757681,0.00019999970390927047,0.01359999987471383,0.005200000487093348,2.863200000319921
2414,d312_u20,neutral,train,312,20,bc,2,1,1,0,0,0,1,1,0,ok,"{""sentences"": [""I hear you."", ""We can pause here for a moment.""], ""safety"": ""ok""}",1,2176,3.212399999938498,0.0018999999156221747,0.0002999995558639057,0.013799999578623101,0.005199999577598646,3.2390999995186576
2415,d312_u21,sad,train,312,21,bc,2,1,1,0,0,0,1,1,0,ok,"{""sentences"": [""I hear you."", ""We can pause here for a moment.""], ""safety"": ""ok""}",1,2176,2.876999999898544,0.0018999999156221747,0.00030000046535860747,0.014000000192027073,0.0054000001910026185,2.9047000007267343
2416,d313_u0,neutral,train,313,0,bc,2,1,1,0,0,0,1,1,0,ok,"{""sentences"": [""I hear you."", ""We can pause here for a moment.""], ""safety"": ""ok""}",1,2176,2.883300000576128,0.0020000006770715117,0.0002999995558639057,0.014100000043981709,0.005699999746866524,2.9112000001987326
2417,d313_u1,neutral,train,313,1,bc,2,1,1,0,0,0,1,1,0,ok,"{""sentences"": [""I hear you."", ""We can pause here for a moment.""], ""safety"": ""ok""}",1,2176,2.726099999563303,0.0018000000636675395,0.00019999970390927047,0.013199999557400588,0.005100000635138713,2.75210000017978
2418,d313_u2,neutral,train,313,2,bc,2,1,1,0,0,0,1,1,0,ok,"{""sentences"": [""I hear you."", ""We can pause here for a moment.""], ""safety"": ""ok""}",1,2176,2.651499999956286,0.00199999976757681,0.0002999995558639057,0.013900000340072438,0.0054000001910026185,2.6789000003191177
2419,d313_u3,happy,train,313,3,bc,2,1,1,0,0,0,1,1,0,ok,"{""sentences"": [""I hear you."", ""We can pause here for a moment.""], ""safety"": ""ok""}",1,2176,2.9414999999062275,0.0018999999156221747,0.00020000061340397224,0.013300000318849925,0.005100000635138713,2.967500000522705
2420,d314_u0,happy,train,314,0,bc,2,1,1,0,0,0,1,1,0,ok,"{""sentences"": [""I hear you."", ""We can pause here for a moment.""], ""safety"": ""ok""}",1,2176,2.5451000001339708,0.0018999999156221747,0.0002999995558639057,0.01359999987471383,0.0052999994295532815,2.5720000003275345
2421,d314_u1,happy,train,314,1,bc,2,1,1,0,0,0,1,1,0,ok,"{""sentences"": [""I hear you."", ""We can pause here for a moment.""], ""safety"": ""ok""}",1,2176,3.349099999468308,0.0018999999156221747,0.00030000046535860747,0.014100000043981709,0.005300000339047983,3.3764999998311396
2422,d314_u2,happy,train,314,2,bc,2,1,1,0,0,0,1,1,0,ok,"{""sentences"": [""I hear you."", ""We can pause here for a moment.""], ""safety"": ""ok""}",1,2176,2.20660000013595,0.0020000006770715117,0.00019999970390927047,0.014199999895936344,0.005100000635138713,2.2340000004987814
2423,d314_u3,neutral,train,314,3,bc,2,1,1,0,0,0,1,1,0,ok,"{""sentences"": [""I hear you."", ""We can pause here for a moment.""], ""safety"": ""ok""}",1,2176,3.0435999997280305,0.00199999976757681,0.0002999995558639057,0.01359999987471383,0.005300000339047983,3.0704000000696396
2424,d314_u4,happy,train,314,4,bc,2,1,1,0,0,0,1,1,0,ok,"{""sentences"": [""I hear you."", ""We can pause here for a moment.""], ""safety"": ""ok""}",1,2176,2.396900000348978,0.00199999976757681,0.00019999970390927047,0.01959999917744426,0.0052999994295532815,2.4300000004586764
2425,d314_u5,happy,train,314,5,bc,2,1,1,0,0,0,1,1,0,ok,"{""sentences"": [""I hear you."", ""We can pause here for a moment.""], ""safety"": ""ok""}",1,2176,3.056599999581522,0.0018999999156221747,0.00019999970390927047,0.01359999987471383,0.005199999577598646,3.0832000002192217
2426,d314_u7,neutral,train,314,7,bc,2,1,1,0,0,0,1,1,0,ok,"{""sentences"": [""I hear you."", ""We can pause here for a moment.""], ""safety"": ""ok""}",1,2176,2.9961000000184868,0.0018999999156221747,0.00019999970390927047,0.013699999726668466,0.005100000635138713,3.0228000005081412
2427,d314_u8,neutral,train,314,8,bc,2,1,1,0,0,0,1,1,0,ok,"{""sentences"": [""I hear you."", ""We can pause here for a moment.""], ""safety"": ""ok""}",1,2176,2.558399999543326,0.00199999976757681,0.00019999970390927047,0.013699999726668466,0.0052999994295532815,2.585199999884935
2428,d314_u9,happy,train,314,9,bc,2,1,1,0,0,0,1,1,0,ok,"{""sentences"": [""I hear you."", ""We can pause here for a moment.""], ""safety"": ""ok""}",1,2176,2.748500000052445,0.0018999999156221747,0.00030000046535860747,0.013299999409355223,0.005099999725644011,2.7749999999286956
2429,d314_u10,neutral,train,314,10,bc,2,1,1,0,0,0,1,1,0,ok,"{""sentences"": [""I hear you."", ""We can pause here for a moment.""], ""safety"": ""ok""}",1,2176,2.3542999997516745,0.0018999999156221747,0.0002999995558639057,0.013299999409355223,0.005099999725644011,2.380099999754748
2430,d314_u11,neutral,train,314,11,bc,2,1,1,0,0,0,1,1,0,ok,"{""sentences"": [""I hear you."", ""We can pause here for a moment.""], ""safety"": ""ok""}",1,2176,2.75210000017978,0.0020000006770715117,0.0002999995558639057,0.013699999726668466,0.005200000487093348,2.77879999975994
2431,d314_u12,neutral,train,314,12,bc,2,1,1,0,0,0,1,1,0,ok,"{""sentences"": [""I hear you."", ""We can pause here for a moment.""], ""safety"": ""ok""}",1,2176,2.907900000536756,0.002100000529026147,0.00019999970390927047,0.014000000192027073,0.0052999994295532815,2.9352000001381384
2432,d315_u0,neutral,train,315,0,bc,2,1,1,0,0,0,1,1,0,ok,"{""sentences"": [""I hear you."", ""We can pause here for a moment.""], ""safety"": ""ok""}",1,2176,3.133700000034878,0.00199999976757681,0.00020000061340397224,0.013700000636163168,0.004999999873689376,3.1604999994669924
2433,d315_u1,neutral,train,315,1,bc,2,1,1,0,0,0,1,1,0,ok,"{""sentences"": [""I hear you."", ""We can pause here for a moment.""], ""safety"": ""ok""}",1,2176,3.2097999992402038,0.00199999976757681,0.00030000046535860747,0.013799999578623101,0.0054000001910026185,3.236800000195217
2434,d315_u2,happy,train,315,2,bc,2,1,1,0,0,0,1,1,0,ok,"{""sentences"": [""I hear you."", ""We can pause here for a moment.""], ""safety"": ""ok""}",1,2176,2.016200000070967,0.0018999999156221747,0.0002999995558639057,0.013199999557400588,0.0052999994295532815,2.042299999629904
2435,d315_u3,happy,train,315,3,bc,2,1,1,0,0,0,1,1,0,ok,"{""sentences"": [""I hear you."", ""We can pause here for a moment.""], ""safety"": ""ok""}",1,2176,2.9770999999527703,0.0018999999156221747,0.0002999995558639057,0.01340000017080456,0.005099999725644011,3.0029999998077983
2436,d315_u4,angry,train,315,4,bc,2,1,1,0,0,0,1,1,0,ok,"{""sentences"": [""I hear you."", ""We can pause here for a moment.""], ""safety"": ""ok""}",1,2176,2.432300000691612,0.0018999999156221747,0.00030000046535860747,0.01300000076298602,0.004900000021734741,2.457900000081281
2437,d315_u5,neutral,train,315,5,bc,2,1,1,0,0,0,1,1,0,ok,"{""sentences"": [""I hear you."", ""We can pause here for a moment.""], ""safety"": ""ok""}",1,2176,3.4367000007478055,0.0018999999156221747,0.00030000046535860747,0.01340000017080456,0.005100000635138713,3.4629000001586974
2438,d315_u6,happy,train,315,6,bc,2,1,1,0,0,0,1,1,0,ok,"{""sentences"": [""I hear you."", ""We can pause here for a moment.""], ""safety"": ""ok""}",1,2176,2.77159999950527,0.0018000000636675395,0.00019999970390927047,0.013299999409355223,0.004999999873689376,2.797499999360298
2439,d315_u7,happy,train,315,7,bc,2,1,1,0,0,0,1,1,0,ok,"{""sentences"": [""I hear you."", ""We can pause here for a moment.""], ""safety"": ""ok""}",1,2176,2.9414999999062275,0.002099999619531445,0.00030000046535860747,0.02930000027845381,0.004999999873689376,2.9840000006515766
2440,d315_u8,happy,train,315,8,bc,2,1,1,0,0,0,1,1,0,ok,"{""sentences"": [""I hear you."", ""We can pause here for a moment.""], ""safety"": ""ok""}",1,2176,2.725299999838171,0.0018000000636675395,0.00019999970390927047,0.01340000017080456,0.005099999725644011,2.7512999995451537
2441,d315_u9,happy,train,315,9,bc,2,1,1,0,0,0,1,1,0,ok,"{""sentences"": [""I hear you."", ""We can pause here for a moment.""], ""safety"": ""ok""}",1,2176,2.656100000422157,0.0020000006770715117,0.00019999970390927047,0.013900000340072438,0.005099999725644011,2.6831000004676753
2442,d316_u0,neutral,train,316,0,bc,2,1,1,0,0,0,1,1,0,ok,"{""sentences"": [""I hear you."", ""We can pause here for a moment.""], ""safety"": ""ok""}",1,2176,2.9345000002649613,0.0018999999156221747,0.00030000046535860747,0.013300000318849925,0.005099999725644011,2.96020000041608
2443,d316_u1,neutral,train,316,1,bc,2,1,1,0,0,0,1,1,0,ok,"{""sentences"": [""I hear you."", ""We can pause here for a moment.""], ""safety"": ""ok""}",1,2176,2.660199999809265,0.00199999976757681,0.00020000061340397224,0.013900000340072438,0.005300000339047983,2.6877000000240514
2444,d316_u2,sad,train,316,2,bc,2,1,1,0,0,0,1,1,0,ok,"{""sentences"": [""I hear you."", ""We can pause here for a moment.""], ""safety"": ""ok""}",1,2176,2.705699999751232,0.0018000000636675395,0.00019999970390927047,0.01340000017080456,0.005100000635138713,2.732099999775528
2445,d316_u3,neutral,train,316,3,bc,2,1,1,0,0,0,1,1,0,ok,"{""sentences"": [""I hear you."", ""We can pause here for a moment.""], ""safety"": ""ok""}",1,2176,2.6895999999396736,0.0018999999156221747,0.00030000046535860747,0.013500000022759195,0.005199999577598646,2.715900000112015
2446,d316_u5,angry,train,316,5,bc,2,1,1,0,0,0,1,1,0,ok,"{""sentences"": [""I hear you."", ""We can pause here for a moment.""], ""safety"": ""ok""}",1,2176,3.267999999479798,0.0018000000636675395,0.00019999970390927047,0.013699999726668466,0.005300000339047983,3.295299999990675
2447,d316_u6,happy,train,316,6,bc,2,1,1,0,0,0,1,1,0,ok,"{""sentences"": [""I hear you."", ""We can pause here for a moment.""], ""safety"": ""ok""}",1,2176,2.7786000000560307,0.0019000008251168765,0.0002999995558639057,0.012700000297627412,0.004800000169780105,2.803200000016659
2448,d316_u7,neutral,train,316,7,bc,2,1,1,0,0,0,1,1,0,ok,"{""sentences"": [""I hear you."", ""We can pause here for a moment.""], ""safety"": ""ok""}",1,2176,2.2967999993852573,0.00199999976757681,0.00019999970390927047,0.012800000149582047,0.005100000635138713,2.3225000004458707
2449,d316_u8,neutral,train,316,8,bc,2,1,1,0,0,0,1,1,0,ok,"{""sentences"": [""I hear you."", ""We can pause here for a moment.""], ""safety"": ""ok""}",1,2176,2.6477000001250417,0.0018999999156221747,0.0002999995558639057,0.01359999987471383,0.004999999873689376,2.674200000001292
2450,d317_u0,neutral,train,317,0,bc,2,1,1,0,0,0,1,1,0,ok,"{""sentences"": [""I hear you."", ""We can pause here for a moment.""], ""safety"": ""ok""}",1,2176,3.5723000000871252,0.0018999999156221747,0.00019999970390927047,0.013500000022759195,0.005199999577598646,3.5991999993711943
2451,d317_u1,happy,train,317,1,bc,2,1,1,0,0,0,1,1,0,ok,"{""sentences"": [""I hear you."", ""We can pause here for a moment.""], ""safety"": ""ok""}",1,2176,3.03520000034041,0.00199999976757681,0.00019999970390927047,0.013500000022759195,0.004800000169780105,3.061399999751302
2452,d317_u2,neutral,train,317,2,bc,2,1,1,0,0,0,1,1,0,ok,"{""sentences"": [""I hear you."", ""We can pause here for a moment.""], ""safety"": ""ok""}",1,2176,2.3405000001730514,0.0019000008251168765,0.00030000046535860747,0.01359999987471383,0.005199999577598646,2.366999999139807
2453,d317_u3,angry,train,317,3,bc,2,1,1,0,0,0,1,1,0,ok,"{""sentences"": [""I hear you."", ""We can pause here for a moment.""], ""safety"": ""ok""}",1,2176,2.548700000261306,0.00199999976757681,0.00020000061340397224,0.01340000017080456,0.005100000635138713,2.575000000433647
2454,d317_u4,neutral,train,317,4,bc,2,1,1,0,0,0,1,1,0,ok,"{""sentences"": [""I hear you."", ""We can pause here for a moment.""], ""safety"": ""ok""}",1,2176,2.551100000346196,0.0018999999156221747,0.00019999970390927047,0.013900000340072438,0.0054000001910026185,2.5783000000956235
2455,d317_u5,happy,train,317,5,bc,2,1,1,0,0,0,1,1,0,ok,"{""sentences"": [""I hear you."", ""We can pause here for a moment.""], ""safety"": ""ok""}",1,2176,2.741500000411179,0.0018999999156221747,0.00030000046535860747,0.013800000488117803,0.0054000001910026185,2.768399999695248
2456,d317_u6,happy,train,317,6,bc,2,1,1,0,0,0,1,1,0,ok,"{""sentences"": [""I hear you."", ""We can pause here for a moment.""], ""safety"": ""ok""}",1,2176,2.6738999995359336,0.0018000000636675395,0.0002999995558639057,0.013099999705445953,0.005099999725644011,2.699900000152411
2457,d317_u7,happy,train,317,7,bc,2,1,1,0,0,0,1,1,0,ok,"{""sentences"": [""I hear you."", ""We can pause here for a moment.""], ""safety"": ""ok""}",1,2176,3.0431000004682573,0.002099999619531445,0.00030000046535860747,0.013799999578623101,0.0052999994295532815,3.070599999773549
2458,d317_u9,angry,train,317,9,bc,2,1,1,0,0,0,1,1,0,ok,"{""sentences"": [""I hear you."", ""We can pause here for a moment.""], ""safety"": ""ok""}",1,2176,2.9843000002074405,0.00199999976757681,0.00030000046535860747,0.014199999895936344,0.005300000339047983,3.0120999999780906
2459,d317_u10,angry,train,317,10,bc,2,1,1,0,0,0,1,1,0,ok,"{""sentences"": [""I hear you."", ""We can pause here for a moment.""], ""safety"": ""ok""}",1,2176,2.562499999839929,0.0018999999156221747,0.00019999970390927047,0.013799999578623101,0.005199999577598646,2.5894999998854473
2460,d317_u11,neutral,train,317,11,bc,2,1,1,0,0,0,1,1,0,ok,"{""sentences"": [""I hear you."", ""We can pause here for a moment.""], ""safety"": ""ok""}",1,2176,2.6269999998476123,0.0018999999156221747,0.00019999970390927047,0.014000000192027073,0.005599999894911889,2.6542999994489946
2461,d317_u12,angry,train,317,12,bc,2,1,1,0,0,0,1,1,0,ok,"{""sentences"": [""I hear you."", ""We can pause here for a moment.""], ""safety"": ""ok""}",1,2176,2.570499999819731,0.0018000000636675395,0.00019999970390927047,0.012900000001536682,0.004999999873689376,2.595899999505491
2462,d317_u13,angry,train,317,13,bc,2,1,1,0,0,0,1,1,0,ok,"{""sentences"": [""I hear you."", ""We can pause here for a moment.""], ""safety"": ""ok""}",1,2176,3.124000000752858,0.002100000529026147,0.00030000046535860747,0.01430000065738568,0.0054000001910026185,3.152100000079372
2463,d317_u14,angry,train,317,14,bc,2,1,1,0,0,0,1,1,0,ok,"{""sentences"": [""I hear you."", ""We can pause here for a moment.""], ""safety"": ""ok""}",1,2176,2.956600000288745,0.0018000000636675395,0.00019999970390927047,0.013899999430577736,0.005200000487093348,2.9832999998689047
2464,d317_u15,angry,train,317,15,bc,2,1,1,0,0,0,1,1,0,ok,"{""sentences"": [""I hear you."", ""We can pause here for a moment.""], ""safety"": ""ok""}",1,2176,3.032500000699656,0.0019000008251168765,0.00019999970390927047,0.013699999726668466,0.005199999577598646,3.0591000004278612
2465,d318_u0,neutral,train,318,0,bc,2,1,1,0,0,0,1,1,0,ok,"{""sentences"": [""I hear you."", ""We can pause here for a moment.""], ""safety"": ""ok""}",1,2176,2.806800000143994,0.0018000000636675395,0.00020000061340397224,0.013100000614940654,0.005199999577598646,2.832499999385618
2466,d318_u1,neutral,train,318,1,bc,2,1,1,0,0,0,1,1,0,ok,"{""sentences"": [""I hear you."", ""We can pause here for a moment.""], ""safety"": ""ok""}",1,2176,2.324399999451998,0.00199999976757681,0.00030000046535860747,0.013900000340072438,0.005300000339047983,2.351499999349471
2467,d318_u2,neutral,train,318,2,bc,2,1,1,0,0,0,1,1,0,ok,"{""sentences"": [""I hear you."", ""We can pause here for a moment.""], ""safety"": ""ok""}",1,2176,2.5033000001712935,0.0018000000636675395,0.00019999970390927047,0.013099999705445953,0.005300000339047983,2.529299999878276
2468,d318_u3,neutral,train,318,3,bc,2,1,1,0,0,0,1,1,0,ok,"{""sentences"": [""I hear you."", ""We can pause here for a moment.""], ""safety"": ""ok""}",1,2176,2.9277999992700643,0.0018999999156221747,0.00019999970390927047,0.013900000340072438,0.005100000635138713,2.9548000002250774
2469,d318_u4,neutral,train,318,4,bc,2,1,1,0,0,0,1,1,0,ok,"{""sentences"": [""I hear you."", ""We can pause here for a moment.""], ""safety"": ""ok""}",1,2176,2.6344999996581464,0.0018999999156221747,0.00019999970390927047,0.013699999726668466,0.005200000487093348,2.6611000002958463
2470,d319_u0,neutral,train,319,0,bc,2,1,1,0,0,0,1,1,0,ok,"{""sentences"": [""I hear you."", ""We can pause here for a moment.""], ""safety"": ""ok""}",1,2176,2.872499999284628,0.00199999976757681,0.0002999995558639057,0.013800000488117803,0.0054000001910026185,2.8994000003876863
2471,d319_u1,happy,train,319,1,bc,2,1,1,0,0,0,1,1,0,ok,"{""sentences"": [""I hear you."", ""We can pause here for a moment.""], ""safety"": ""ok""}",1,2176,2.8812999998990563,0.00199999976757681,0.00030000046535860747,0.013999999282532372,0.0052999994295532815,2.908499999648484
2472,d319_u2,neutral,train,319,2,bc,2,1,1,0,0,0,1,1,0,ok,"{""sentences"": [""I hear you."", ""We can pause here for a moment.""], ""safety"": ""ok""}",1,2176,2.997999999934109,0.0018999999156221747,0.00019999970390927047,0.013699999726668466,0.0054000001910026185,3.0251999996835366
2473,d319_u3,neutral,train,319,3,bc,2,1,1,0,0,0,1,1,0,ok,"{""sentences"": [""I hear you."", ""We can pause here for a moment.""], ""safety"": ""ok""}",1,2176,2.3264999999810243,0.00199999976757681,0.0002999995558639057,0.013699999726668466,0.005199999577598646,2.3532999994131387
2474,d319_u4,neutral,train,319,4,bc,2,1,1,0,0,0,1,1,0,ok,"{""sentences"": [""I hear you."", ""We can pause here for a moment.""], ""safety"": ""ok""}",1,2176,2.3596000000907225,0.0018999999156221747,0.00020000061340397224,0.014199999895936344,0.005199999577598646,2.3869999995440594
2475,d319_u5,neutral,train,319,5,bc,2,1,1,0,0,0,1,1,0,ok,"{""sentences"": [""I hear you."", ""We can pause here for a moment.""], ""safety"": ""ok""}",1,2176,3.010500000527827,0.0020000006770715117,0.00030000046535860747,0.013899999430577736,0.005300000339047983,3.0380999996850733
2476,d319_u6,angry,train,319,6,bc,2,1,1,0,0,0,1,1,0,ok,"{""sentences"": [""I hear you."", ""We can pause here for a moment.""], ""safety"": ""ok""}",1,2176,2.9825999999957276,0.00199999976757681,0.0002999995558639057,0.013899999430577736,0.0052999994295532815,3.010100000210514
2477,d319_u8,sad,train,319,8,bc,2,1,1,0,0,0,1,1,0,ok,"{""sentences"": [""I hear you."", ""We can pause here for a moment.""], ""safety"": ""ok""}",1,2176,3.070099999604281,0.0018999999156221747,0.00030000046535860747,0.01359999987471383,0.005300000339047983,3.0973000002632034
2478,d319_u9,neutral,train,319,9,bc,2,1,1,0,0,0,1,1,0,ok,"{""sentences"": [""I hear you."", ""We can pause here for a moment.""], ""safety"": ""ok""}",1,2176,2.626100000270526,0.0018999999156221747,0.0002999995558639057,0.014199999895936344,0.005300000339047983,2.653699999427772
2479,d319_u10,neutral,train,319,10,bc,2,1,1,0,0,0,1,1,0,ok,"{""sentences"": [""I hear you."", ""We can pause here for a moment.""], ""safety"": ""ok""}",1,2176,2.5599999999030842,0.0020000006770715117,0.0002999995558639057,0.013900000340072438,0.005300000339047983,2.5873000004139612
2480,d319_u11,neutral,train,319,11,bc,2,1,1,0,0,0,1,1,0,ok,"{""sentences"": [""I hear you."", ""We can pause here for a moment.""], ""safety"": ""ok""}",1,2176,2.599999999802094,0.0020000006770715117,0.0002999995558639057,0.014000000192027073,0.005199999577598646,2.6272000004610163
2481,d319_u12,neutral,train,319,12,bc,2,1,1,0,0,0,1,1,0,ok,"{""sentences"": [""I hear you."", ""We can pause here for a moment.""], ""safety"": ""ok""}",1,2176,2.7958999999100342,0.0017999991541728377,0.00019999970390927047,0.013099999705445953,0.005200000487093348,2.8217999997650622
2482,d319_u14,happy,train,319,14,bc,2,1,1,0,0,0,1,1,0,ok,"{""sentences"": [""I hear you."", ""We can pause here for a moment.""], ""safety"": ""ok""}",1,2176,2.704200000152923,0.0018999999156221747,0.00020000061340397224,0.014199999895936344,0.005199999577598646,2.7321000006850227
2483,d319_u16,neutral,train,319,16,bc,2,1,1,0,0,0,1,1,0,ok,"{""sentences"": [""I hear you."", ""We can pause here for a moment.""], ""safety"": ""ok""}",1,2176,2.803499999572523,0.00199999976757681,0.0002999995558639057,0.01340000017080456,0.005099999725644011,2.8297000008024042
2484,d319_u17,happy,train,319,17,bc,2,1,1,0,0,0,1,1,0,ok,"{""sentences"": [""I hear you."", ""We can pause here for a moment.""], ""safety"": ""ok""}",1,2176,2.7122999999846797,0.00199999976757681,0.00030000046535860747,0.013500000022759195,0.005199999577598646,2.738899999712885
2485,d319_u18,neutral,train,319,18,bc,2,1,1,0,0,0,1,1,0,ok,"{""sentences"": [""I hear you."", ""We can pause here for a moment.""], ""safety"": ""ok""}",1,2176,2.9749000004812842,0.0018999999156221747,0.0002999995558639057,0.013699999726668466,0.005100000635138713,3.0015000002094894
2486,d319_u19,happy,train,319,19,bc,2,1,1,0,0,0,1,1,0,ok,"{""sentences"": [""I hear you."", ""We can pause here for a moment.""], ""safety"": ""ok""}",1,2176,2.936500000032538,0.00199999976757681,0.0002999995558639057,0.013899999430577736,0.0052999994295532815,2.963599999930011
2487,d319_u20,happy,train,319,20,bc,2,1,1,0,0,0,1,1,0,ok,"{""sentences"": [""I hear you."", ""We can pause here for a moment.""], ""safety"": ""ok""}",1,2176,2.7189000002181274,0.0018999999156221747,0.0002999995558639057,0.013899999430577736,0.0054000001910026185,2.7461999998195097
2488,d319_u21,neutral,train,319,21,bc,2,1,1,0,0,0,1,1,0,ok,"{""sentences"": [""I hear you."", ""We can pause here for a moment.""], ""safety"": ""ok""}",1,2176,2.4935999999797787,0.0018000000636675395,0.00019999970390927047,0.013900000340072438,0.0054000001910026185,2.520899999581161
2489,d320_u0,neutral,train,320,0,bc,2,1,1,0,0,0,1,1,0,ok,"{""sentences"": [""I hear you."", ""We can pause here for a moment.""], ""safety"": ""ok""}",1,2176,2.711500000259548,0.0024000000848900527,0.00019999970390927047,0.014100000043981709,0.005199999577598646,2.740500000072643
2490,d320_u1,neutral,train,320,1,bc,2,1,1,0,0,0,1,1,0,ok,"{""sentences"": [""I hear you."", ""We can pause here for a moment.""], ""safety"": ""ok""}",1,2176,2.623200000016368,0.0018000000636675395,0.00019999970390927047,0.013299999409355223,0.004999999873689376,2.6489000001674867
2491,d320_u2,neutral,train,320,2,bc,2,1,1,0,0,0,1,1,0,ok,"{""sentences"": [""I hear you."", ""We can pause here for a moment.""], ""safety"": ""ok""}",1,2176,3.2473000001118635,0.0018999999156221747,0.00019999970390927047,0.014399999599845614,0.005399999281507917,3.2754000003478723
2492,d320_u4,sad,train,320,4,bc,2,1,1,0,0,0,1,1,0,ok,"{""sentences"": [""I hear you."", ""We can pause here for a moment.""], ""safety"": ""ok""}",1,2176,2.5545999997120816,0.0018999999156221747,0.00019999970390927047,0.013700000636163168,0.005500000042957254,2.5817999994615093
2493,d320_u5,happy,train,320,5,bc,2,1,1,0,0,0,1,1,0,ok,"{""sentences"": [""I hear you."", ""We can pause here for a moment.""], ""safety"": ""ok""}",1,2176,2.4725999992369907,0.0018999999156221747,0.00020000061340397224,0.013900000340072438,0.005200000487093348,2.499600000192004
2494,d320_u6,sad,train,320,6,bc,2,1,1,0,0,0,1,1,0,ok,"{""sentences"": [""I hear you."", ""We can pause here for a moment.""], ""safety"": ""ok""}",1,2176,3.045600000405102,0.00199999976757681,0.00030000046535860747,0.014199999895936344,0.0052999994295532815,3.0733000003237976
2495,d320_u8,sad,train,320,8,bc,2,1,1,0,0,0,1,1,0,ok,"{""sentences"": [""I hear you."", ""We can pause here for a moment.""], ""safety"": ""ok""}",1,2176,2.927300000010291,0.0018999999156221747,0.00019999970390927047,0.013399999261309858,0.004999999873689376,2.9535000003306777
2496,d320_u9,neutral,train,320,9,bc,2,1,1,0,0,0,1,1,0,ok,"{""sentences"": [""I hear you."", ""We can pause here for a moment.""], ""safety"": ""ok""}",1,2176,2.613599999676808,0.0018000000636675395,0.00030000046535860747,0.014199999895936344,0.0054000001910026185,2.6411000008010888
2497,d320_u10,neutral,train,320,10,bc,2,1,1,0,0,0,1,1,0,ok,"{""sentences"": [""I hear you."", ""We can pause here for a moment.""], ""safety"": ""ok""}",1,2176,2.580399999715155,0.00199999976757681,0.00019999970390927047,0.014100000043981709,0.0052999994295532815,2.6081000005433452
2498,d320_u11,neutral,train,320,11,bc,2,1,1,0,0,0,1,1,0,ok,"{""sentences"": [""I hear you."", ""We can pause here for a moment.""], ""safety"": ""ok""}",1,2176,2.722600000197417,0.0020000006770715117,0.0002999995558639057,0.014299999747890979,0.005200000487093348,2.7500999995027087
2499,d320_u13,sad,train,320,13,bc,2,1,1,0,0,0,1,1,0,ok,"{""sentences"": [""I hear you."", ""We can pause here for a moment.""], ""safety"": ""ok""}",1,2176,3.5061000007772236,0.0018000000636675395,0.00019999970390927047,0.013700000636163168,0.005099999725644011,3.5325999997439794
2500,d320_u14,neutral,train,320,14,bc,2,1,1,0,0,0,1,1,0,ok,"{""sentences"": [""I hear you."", ""We can pause here for a moment.""], ""safety"": ""ok""}",1,2176,2.950300000520656,0.0020000006770715117,0.00019999970390927047,0.014000000192027073,0.005100000635138713,2.977699999973993
2501,d320_u15,neutral,train,320,15,bc,2,1,1,0,0,0,1,1,0,ok,"{""sentences"": [""I hear you."", ""We can pause here for a moment.""], ""safety"": ""ok""}",1,2176,2.2799000007580617,0.0020000006770715117,0.00019999970390927047,0.013800000488117803,0.0052999994295532815,2.3073000002113986
2502,d320_u17,happy,train,320,17,bc,2,1,1,0,0,0,1,1,0,ok,"{""sentences"": [""I hear you."", ""We can pause here for a moment.""], ""safety"": ""ok""}",1,2176,2.744200000051933,0.00199999976757681,0.00020000061340397224,0.014000000192027073,0.005100000635138713,2.7713999998013605
2503,d321_u0,happy,train,321,0,bc,2,1,1,0,0,0,1,1,0,ok,"{""sentences"": [""I hear you."", ""We can pause here for a moment.""], ""safety"": ""ok""}",1,2176,2.7046999994126963,0.0018999999156221747,0.00020000061340397224,0.014000000192027073,0.005200000487093348,2.7317000003677094
2504,d321_u1,happy,train,321,1,bc,2,1,1,0,0,0,1,1,0,ok,"{""sentences"": [""I hear you."", ""We can pause here for a moment.""], ""safety"": ""ok""}",1,2176,2.3400000000037835,0.00199999976757681,0.00019999970390927047,0.013899999430577736,0.005199999577598646,2.3670999999012565
2505,d321_u2,happy,train,321,2,bc,2,1,1,0,0,0,1,1,0,ok,"{""sentences"": [""I hear you."", ""We can pause here for a moment.""], ""safety"": ""ok""}",1,2176,3.1132000003708526,0.002099999619531445,0.00030000046535860747,0.014000000192027073,0.005300000339047983,3.140699999676144
2506,d321_u3,neutral,train,321,3,bc,2,1,1,0,0,0,1,1,0,ok,"{""sentences"": [""I hear you."", ""We can pause here for a moment.""], ""safety"": ""ok""}",1,2176,2.9625999995914754,0.0020000006770715117,0.0002999995558639057,0.01359999987471383,0.005199999577598646,2.9891000003772206
2507,d321_u5,neutral,train,321,5,bc,2,1,1,0,0,0,1,1,0,ok,"{""sentences"": [""I hear you."", ""We can pause here for a moment.""], ""safety"": ""ok""}",1,2176,3.1816999999136897,0.002099999619531445,0.00020000061340397224,0.013899999430577736,0.005099999725644011,3.2087999998111627
2508,d321_u7,happy,train,321,7,bc,2,1,1,0,0,0,1,1,0,ok,"{""sentences"": [""I hear you."", ""We can pause here for a moment.""], ""safety"": ""ok""}",1,2176,2.4164000005839625,0.0017000002117129043,0.0002999995558639057,0.013799999578623101,0.004900000021734741,2.442400000290945
2509,d321_u9,neutral,train,321,9,bc,2,1,1,0,0,0,1,1,0,ok,"{""sentences"": [""I hear you."", ""We can pause here for a moment.""], ""safety"": ""ok""}",1,2176,2.991899999869929,0.00199999976757681,0.00019999970390927047,0.014399999599845614,0.005500000042957254,3.020199999809847
2510,d323_u0,sad,train,323,0,bc,2,1,1,0,0,0,1,1,0,ok,"{""sentences"": [""I hear you."", ""We can pause here for a moment.""], ""safety"": ""ok""}",1,2176,2.6245999997627223,0.0018999999156221747,0.00019999970390927047,0.014000000192027073,0.0054000001910026185,2.6520999999775086
2511,d324_u0,neutral,train,324,0,bc,2,1,1,0,0,0,1,1,0,ok,"{""sentences"": [""I hear you."", ""We can pause here for a moment.""], ""safety"": ""ok""}",1,2176,2.582299999630777,0.0019000008251168765,0.00030000046535860747,0.013199999557400588,0.004999999873689376,2.6081000005433452
2512,d324_u2,neutral,train,324,2,bc,2,1,1,0,0,0,1,1,0,ok,"{""sentences"": [""I hear you."", ""We can pause here for a moment.""], ""safety"": ""ok""}",1,2176,2.793499999825144,0.00199999976757681,0.00030000046535860747,0.013800000488117803,0.0054000001910026185,2.820699999574572
2513,d324_u3,neutral,train,324,3,bc,2,1,1,0,0,0,1,1,0,ok,"{""sentences"": [""I hear you."", ""We can pause here for a moment.""], ""safety"": ""ok""}",1,2176,2.7743000000555185,0.002200000380980782,0.00030000046535860747,0.013999999282532372,0.005300000339047983,2.8016999995088554
2514,d324_u4,neutral,train,324,4,bc,2,1,1,0,0,0,1,1,0,ok,"{""sentences"": [""I hear you."", ""We can pause here for a moment.""], ""safety"": ""ok""}",1,2176,3.383199999916542,0.0018999999156221747,0.00030000046535860747,0.014000000192027073,0.0054000001910026185,3.410499999517924
2515,d324_u5,neutral,train,324,5,bc,2,1,1,0,0,0,1,1,0,ok,"{""sentences"": [""I hear you."", ""We can pause here for a moment.""], ""safety"": ""ok""}",1,2176,2.2647000005235896,0.0017999991541728377,0.00019999970390927047,0.013999999282532372,0.005099999725644011,2.2915999998076586
2516,d324_u6,neutral,train,324,6,bc,2,1,1,0,0,0,1,1,0,ok,"{""sentences"": [""I hear you."", ""We can pause here for a moment.""], ""safety"": ""ok""}",1,2176,2.868599999601429,0.0018999999156221747,0.0002999995558639057,0.013900000340072438,0.0054000001910026185,2.895900000112306
2517,d324_u7,neutral,train,324,7,bc,2,1,1,0,0,0,1,1,0,ok,"{""sentences"": [""I hear you."", ""We can pause here for a moment.""], ""safety"": ""ok""}",1,2176,2.976900000248861,0.0020000006770715117,0.0002999995558639057,0.013800000488117803,0.005199999577598646,3.003800000442425
2518,d325_u0,neutral,train,325,0,bc,2,1,1,0,0,0,1,1,0,ok,"{""sentences"": [""I hear you."", ""We can pause here for a moment.""], ""safety"": ""ok""}",1,2176,2.301900000020396,0.0018000000636675395,0.00030000046535860747,0.013500000022759195,0.005300000339047983,2.328099999431288
2519,d326_u0,sad,train,326,0,bc,2,1,1,0,0,0,1,1,0,ok,"{""sentences"": [""I hear you."", ""We can pause here for a moment.""], ""safety"": ""ok""}",1,2176,2.6634000005287817,0.0018999999156221747,0.0002999995558639057,0.013699999726668466,0.005200000487093348,2.689699999791628
2520,d326_u3,neutral,train,326,3,bc,2,1,1,0,0,0,1,1,0,ok,"{""sentences"": [""I hear you."", ""We can pause here for a moment.""], ""safety"": ""ok""}",1,2176,2.404700000624871,0.0020000006770715117,0.0002999995558639057,0.013900000340072438,0.0052999994295532815,2.432000000226253
2521,d326_u6,happy,train,326,6,bc,2,1,1,0,0,0,1,1,0,ok,"{""sentences"": [""I hear you."", ""We can pause here for a moment.""], ""safety"": ""ok""}",1,2176,2.8275000004214235,0.0018999999156221747,0.00019999970390927047,0.013800000488117803,0.005099999725644011,2.854500000466942
2522,d326_u7,neutral,train,326,7,bc,2,1,1,0,0,0,1,1,0,ok,"{""sentences"": [""I hear you."", ""We can pause here for a moment.""], ""safety"": ""ok""}",1,2176,2.954699999463628,0.0017999991541728377,0.0002999995558639057,0.012999999853491317,0.004900000021734741,2.979100000629842
2523,d326_u8,neutral,train,326,8,bc,2,1,1,0,0,0,1,1,0,ok,"{""sentences"": [""I hear you."", ""We can pause here for a moment.""], ""safety"": ""ok""}",1,2176,3.2905999996728497,0.0020000006770715117,0.00030000046535860747,0.014199999895936344,0.005300000339047983,3.318799999760813
2524,d327_u0,angry,train,327,0,bc,2,1,1,0,0,0,1,1,0,ok,"{""sentences"": [""I hear you."", ""We can pause here for a moment.""], ""safety"": ""ok""}",1,2176,2.827199999956065,0.0018999999156221747,0.0002999995558639057,0.013900000340072438,0.0054000001910026185,2.854700000170851
2525,d327_u1,neutral,train,327,1,bc,2,1,1,0,0,0,1,1,0,ok,"{""sentences"": [""I hear you."", ""We can pause here for a moment.""], ""safety"": ""ok""}",1,2176,2.984199999445991,0.0018999999156221747,0.0002999995558639057,0.014000000192027073,0.004900000021734741,3.010800000083691
2526,d327_u3,neutral,train,327,3,bc,2,1,1,0,0,0,1,1,0,ok,"{""sentences"": [""I hear you."", ""We can pause here for a moment.""], ""safety"": ""ok""}",1,2176,2.432000000226253,0.00199999976757681,0.00019999970390927047,0.014100000043981709,0.0054000001910026185,2.4595999993834994
2527,d327_u4,happy,train,327,4,bc,2,1,1,0,0,0,1,1,0,ok,"{""sentences"": [""I hear you."", ""We can pause here for a moment.""], ""safety"": ""ok""}",1,2176,2.8308000000834,0.00199999976757681,0.00019999970390927047,0.013199999557400588,0.005100000635138713,2.8567999997903826
2528,d327_u5,neutral,train,327,5,bc,2,1,1,0,0,0,1,1,0,ok,"{""sentences"": [""I hear you."", ""We can pause here for a moment.""], ""safety"": ""ok""}",1,2176,2.6090000001204317,0.0018000000636675395,0.0002999995558639057,0.01320000046689529,0.005099999725644011,2.6349999998274143
2529,d327_u6,angry,train,327,6,bc,2,1,1,0,0,0,1,1,0,ok,"{""sentences"": [""I hear you."", ""We can pause here for a moment.""], ""safety"": ""ok""}",1,2176,2.826699999786797,0.002099999619531445,0.00030000046535860747,0.013700000636163168,0.005199999577598646,2.8534999992189114
2530,d327_u7,neutral,train,327,7,bc,2,1,1,0,0,0,1,1,0,ok,"{""sentences"": [""I hear you."", ""We can pause here for a moment.""], ""safety"": ""ok""}",1,2176,3.1355000000985456,0.00199999976757681,0.00019999970390927047,0.01430000065738568,0.0054000001910026185,3.1631000001652865
2531,d328_u0,angry,train,328,0,bc,2,1,1,0,0,0,1,1,0,ok,"{""sentences"": [""I hear you."", ""We can pause here for a moment.""], ""safety"": ""ok""}",1,2176,2.9819000001225504,0.00199999976757681,0.0002999995558639057,0.013800000488117803,0.005200000487093348,3.009099999871978
2532,d328_u1,angry,train,328,1,bc,2,1,1,0,0,0,1,1,0,ok,"{""sentences"": [""I hear you."", ""We can pause here for a moment.""], ""safety"": ""ok""}",1,2176,2.756299999418843,0.00199999976757681,0.0002999995558639057,0.014299999747890979,0.0052999994295532815,2.7841999999509426
2533,d328_u2,angry,train,328,2,bc,2,1,1,0,0,0,1,1,0,ok,"{""sentences"": [""I hear you."", ""We can pause here for a moment.""], ""safety"": ""ok""}",1,2176,2.543800000239571,0.0020000006770715117,0.00020000061340397224,0.013600000784208532,0.0052999994295532815,2.5703000001158216
2534,d328_u3,neutral,train,328,3,bc,2,1,1,0,0,0,1,1,0,ok,"{""sentences"": [""I hear you."", ""We can pause here for a moment.""], ""safety"": ""ok""}",1,2176,2.4084999995466205,0.0018999999156221747,0.00019999970390927047,0.013900000340072438,0.005300000339047983,2.4356000003535883
2535,d328_u4,angry,train,328,4,bc,2,1,1,0,0,0,1,1,0,ok,"{""sentences"": [""I hear you."", ""We can pause here for a moment.""], ""safety"": ""ok""}",1,2176,3.0685000001540175,0.0020000006770715117,0.00030000046535860747,0.01430000065738568,0.0054000001910026185,3.0963999997766223
2536,d328_u5,neutral,train,328,5,bc,2,1,1,0,0,0,1,1,0,ok,"{""sentences"": [""I hear you."", ""We can pause here for a moment.""], ""safety"": ""ok""}",1,2176,2.3353999995379127,0.0018999999156221747,0.00019999970390927047,0.01359999987471383,0.0052999994295532815,2.362300000640971
2537,d328_u6,happy,train,328,6,bc,2,1,1,0,0,0,1,1,0,ok,"{""sentences"": [""I hear you."", ""We can pause here for a moment.""], ""safety"": ""ok""}",1,2176,2.8695999999399646,0.0018000000636675395,0.00030000046535860747,0.013300000318849925,0.005200000487093348,2.8955999996469473
2538,d328_u7,happy,train,328,7,bc,2,1,1,0,0,0,1,1,0,ok,"{""sentences"": [""I hear you."", ""We can pause here for a moment.""], ""safety"": ""ok""}",1,2176,2.9145999997126637,0.0019000008251168765,0.00030000046535860747,0.013899999430577736,0.004900000021734741,2.941100000498409
2539,d328_u8,sad,train,328,8,bc,2,1,1,0,0,0,1,1,0,ok,"{""sentences"": [""I hear you."", ""We can pause here for a moment.""], ""safety"": ""ok""}",1,2176,2.6395999993837904,0.00199999976757681,0.00020000061340397224,0.013500000022759195,0.005199999577598646,2.666299999873445
2540,d329_u0,happy,train,329,0,bc,2,1,1,0,0,0,1,1,0,ok,"{""sentences"": [""I hear you."", ""We can pause here for a moment.""], ""safety"": ""ok""}",1,2176,3.126200000224344,0.00199999976757681,0.0002999995558639057,0.013699999726668466,0.005300000339047983,3.1534999998257263
2541,d329_u1,angry,train,329,1,bc,2,1,1,0,0,0,1,1,0,ok,"{""sentences"": [""I hear you."", ""We can pause here for a moment.""], ""safety"": ""ok""}",1,2176,2.80540000039764,0.0019000008251168765,0.0002999995558639057,0.014100000043981709,0.005300000339047983,2.8327999998509767
2542,d329_u2,neutral,train,329,2,bc,2,1,1,0,0,0,1,1,0,ok,"{""sentences"": [""I hear you."", ""We can pause here for a moment.""], ""safety"": ""ok""}",1,2176,2.601199999844539,0.0018000000636675395,0.0002999995558639057,0.013799999578623101,0.005100000635138713,2.627800000482239
2543,d329_u3,happy,train,329,3,bc,2,1,1,0,0,0,1,1,0,ok,"{""sentences"": [""I hear you."", ""We can pause here for a moment.""], ""safety"": ""ok""}",1,2176,2.5998999999501393,0.0018999999156221747,0.00030000046535860747,0.01359999987471383,0.0052999994295532815,2.626599999530299
2544,d329_u4,angry,train,329,4,bc,2,1,1,0,0,0,1,1,0,ok,"{""sentences"": [""I hear you."", ""We can pause here for a moment.""], ""safety"": ""ok""}",1,2176,2.9685999998037005,0.002100000529026147,0.00019999970390927047,0.014700000065204222,0.005100000635138713,2.996799999891664
2545,d329_u6,neutral,train,329,6,bc,2,1,1,0,0,0,1,1,0,ok,"{""sentences"": [""I hear you."", ""We can pause here for a moment.""], ""safety"": ""ok""}",1,2176,3.0338999995365157,0.0018999999156221747,0.0002999995558639057,0.014000000192027073,0.005199999577598646,3.061399999751302
2546,d329_u7,angry,train,329,7,bc,2,1,1,0,0,0,1,1,0,ok,"{""sentences"": [""I hear you."", ""We can pause here for a moment.""], ""safety"": ""ok""}",1,2176,2.445800000714371,0.0018999999156221747,0.00020000061340397224,0.013500000022759195,0.005199999577598646,2.472199999829172
2547,d329_u8,neutral,train,329,8,bc,2,1,1,0,0,0,1,1,0,ok,"{""sentences"": [""I hear you."", ""We can pause here for a moment.""], ""safety"": ""ok""}",1,2176,2.625600000101258,0.00199999976757681,0.00020000061340397224,0.013500000022759195,0.004900000021734741,2.652199999829463
2548,d329_u9,angry,train,329,9,bc,2,1,1,0,0,0,1,1,0,ok,"{""sentences"": [""I hear you."", ""We can pause here for a moment.""], ""safety"": ""ok""}",1,2176,2.702599999793165,0.00199999976757681,0.00030000046535860747,0.013699999726668466,0.005500000042957254,2.7300000001559965
2549,d329_u10,neutral,train,329,10,bc,2,1,1,0,0,0,1,1,0,ok,"{""sentences"": [""I hear you."", ""We can pause here for a moment.""], ""safety"": ""ok""}",1,2176,3.1216999996104278,0.0018999999156221747,0.0002999995558639057,0.013300000318849925,0.004800000169780105,3.1476000003749505
2550,d330_u0,neutral,train,330,0,bc,2,1,1,0,0,0,1,1,0,ok,"{""sentences"": [""I hear you."", ""We can pause here for a moment.""], ""safety"": ""ok""}",1,2176,2.4038000001382898,0.00199999976757681,0.00020000061340397224,0.014099999134487007,0.005500000042957254,2.4319000003742985
2551,d330_u1,neutral,train,330,1,bc,2,1,1,0,0,0,1,1,0,ok,"{""sentences"": [""I hear you."", ""We can pause here for a moment.""], ""safety"": ""ok""}",1,2176,3.0537000002368586,0.0018000000636675395,0.00019999970390927047,0.013699999726668466,0.004999999873689376,3.0800000004092
2552,d330_u2,happy,train,330,2,bc,2,1,1,0,0,0,1,1,0,ok,"{""sentences"": [""I hear you."", ""We can pause here for a moment.""], ""safety"": ""ok""}",1,2176,2.716599999985192,0.002099999619531445,0.00019999970390927047,0.014199999895936344,0.0054000001910026185,2.744699999311706
2553,d330_u3,neutral,train,330,3,bc,2,1,1,0,0,0,1,1,0,ok,"{""sentences"": [""I hear you."", ""We can pause here for a moment.""], ""safety"": ""ok""}",1,2176,2.6802000002135173,0.0019000008251168765,0.00019999970390927047,0.013899999430577736,0.005199999577598646,2.7070999994975864
2554,d331_u0,angry,train,331,0,bc,2,1,1,0,0,0,1,1,0,ok,"{""sentences"": [""I hear you."", ""We can pause here for a moment.""], ""safety"": ""ok""}",1,2176,2.570700000433135,0.0020000006770715117,0.0002999995558639057,0.01359999987471383,0.005099999725644011,2.597599999717204
2555,d331_u1,neutral,train,331,1,bc,2,1,1,0,0,0,1,1,0,ok,"{""sentences"": [""I hear you."", ""We can pause here for a moment.""], ""safety"": ""ok""}",1,2176,2.6861999995162478,0.0018000000636675395,0.00019999970390927047,0.012999999853491317,0.004900000021734741,2.7116000001115026
2556,d331_u2,neutral,train,331,2,bc,2,1,1,0,0,0,1,1,0,ok,"{""sentences"": [""I hear you."", ""We can pause here for a moment.""], ""safety"": ""ok""}",1,2176,2.906099999563594,0.0018999999156221747,0.00019999970390927047,0.014100000043981709,0.005300000339047983,2.933800000391784
2557,d331_u3,neutral,train,331,3,bc,2,1,1,0,0,0,1,1,0,ok,"{""sentences"": [""I hear you."", ""We can pause here for a moment.""], ""safety"": ""ok""}",1,2176,2.8814000006605056,0.0019000008251168765,0.0002999995558639057,0.014400000509340316,0.005599999894911889,2.909400000135065
2558,d331_u4,sad,train,331,4,bc,2,1,1,0,0,0,1,1,0,ok,"{""sentences"": [""I hear you."", ""We can pause here for a moment.""], ""safety"": ""ok""}",1,2176,2.685100000235252,0.0018999999156221747,0.00030000046535860747,0.013800000488117803,0.005099999725644011,2.7118000007249066
2559,d331_u5,neutral,train,331,5,bc,2,1,1,0,0,0,1,1,0,ok,"{""sentences"": [""I hear you."", ""We can pause here for a moment.""], ""safety"": ""ok""}",1,2176,2.8437000000849366,0.0018000000636675395,0.00030000046535860747,0.013500000022759195,0.005100000635138713,2.8699000004053232
2560,d331_u6,neutral,train,331,6,bc,2,1,1,0,0,0,1,1,0,ok,"{""sentences"": [""I hear you."", ""We can pause here for a moment.""], ""safety"": ""ok""}",1,2176,2.469600000040373,0.0018999999156221747,0.00019999970390927047,0.014000000192027073,0.005300000339047983,2.4970000004032045
2561,d331_u7,neutral,train,331,7,bc,2,1,1,0,0,0,1,1,0,ok,"{""sentences"": [""I hear you."", ""We can pause here for a moment.""], ""safety"": ""ok""}",1,2176,2.762600000096427,0.0018000000636675395,0.0002999995558639057,0.013500000022759195,0.0054000001910026185,2.789199999824632
2562,d331_u8,happy,train,331,8,bc,2,1,1,0,0,0,1,1,0,ok,"{""sentences"": [""I hear you."", ""We can pause here for a moment.""], ""safety"": ""ok""}",1,2176,3.086300000177289,0.0018999999156221747,0.00019999970390927047,0.013500000022759195,0.004999999873689376,3.112899999905494
2563,d331_u9,happy,train,331,9,bc,2,1,1,0,0,0,1,1,0,ok,"{""sentences"": [""I hear you."", ""We can pause here for a moment.""], ""safety"": ""ok""}",1,2176,2.5869999999486026,0.0018999999156221747,0.00020000061340397224,0.01320000046689529,0.005199999577598646,2.6128999998036306
2564,d332_u1,neutral,train,332,1,bc,2,1,1,0,0,0,1,1,0,ok,"{""sentences"": [""I hear you."", ""We can pause here for a moment.""], ""safety"": ""ok""}",1,2176,2.865399999791407,0.002100000529026147,0.00030000046535860747,0.013800000488117803,0.005199999577598646,2.892700000302284
2565,d332_u2,neutral,train,332,2,bc,2,1,1,0,0,0,1,1,0,ok,"{""sentences"": [""I hear you."", ""We can pause here for a moment.""], ""safety"": ""ok""}",1,2176,2.7396000004955567,0.0018000000636675395,0.0002999995558639057,0.014399999599845614,0.004999999873689376,2.767199999652803
2566,d332_u3,neutral,train,332,3,bc,2,1,1,0,0,0,1,1,0,ok,"{""sentences"": [""I hear you."", ""We can pause here for a moment.""], ""safety"": ""ok""}",1,2176,3.231499999856169,0.0018999999156221747,0.00019999970390927047,0.01340000017080456,0.005199999577598646,3.2577000001765555
2567,d332_u4,neutral,train,332,4,bc,2,1,1,0,0,0,1,1,0,ok,"{""sentences"": [""I hear you."", ""We can pause here for a moment.""], ""safety"": ""ok""}",1,2176,2.5437000003876165,0.0018999999156221747,0.00020000061340397224,0.012900000001536682,0.005200000487093348,2.5691000000733766
2568,d332_u5,happy,train,332,5,bc,2,1,1,0,0,0,1,1,0,ok,"{""sentences"": [""I hear you."", ""We can pause here for a moment.""], ""safety"": ""ok""}",1,2176,2.6037999996333383,0.0018999999156221747,0.00030000046535860747,0.014000000192027073,0.0052999994295532815,2.6310999992347206
2569,d332_u6,neutral,train,332,6,bc,2,1,1,0,0,0,1,1,0,ok,"{""sentences"": [""I hear you."", ""We can pause here for a moment.""], ""safety"": ""ok""}",1,2176,2.667900000233203,0.0019000008251168765,0.0002999995558639057,0.013899999430577736,0.0052999994295532815,2.6947999995172722
2570,d332_u7,angry,train,332,7,bc,2,1,1,0,0,0,1,1,0,ok,"{""sentences"": [""I hear you."", ""We can pause here for a moment.""], ""safety"": ""ok""}",1,2176,2.500300000065181,0.0021999994714860804,0.00020000061340397224,0.013700000636163168,0.005300000339047983,2.5274999998146086
2571,d332_u8,neutral,train,332,8,bc,2,1,1,0,0,0,1,1,0,ok,"{""sentences"": [""I hear you."", ""We can pause here for a moment.""], ""safety"": ""ok""}",1,2176,3.0926999997973326,0.0018999999156221747,0.00030000046535860747,0.014100000043981709,0.005200000487093348,3.120100000160164
2572,d332_u9,neutral,train,332,9,bc,2,1,1,0,0,0,1,1,0,ok,"{""sentences"": [""I hear you."", ""We can pause here for a moment.""], ""safety"": ""ok""}",1,2176,2.808000000186439,0.002100000529026147,0.00019999970390927047,0.01430000065738568,0.005500000042957254,2.8357999999570893
2573,d332_u10,neutral,train,332,10,bc,2,1,1,0,0,0,1,1,0,ok,"{""sentences"": [""I hear you."", ""We can pause here for a moment.""], ""safety"": ""ok""}",1,2176,2.6319999997213017,0.0018999999156221747,0.00030000046535860747,0.01340000017080456,0.005300000339047983,2.658299999893643
2574,d332_u12,angry,train,332,12,bc,2,1,1,0,0,0,1,1,0,ok,"{""sentences"": [""I hear you."", ""We can pause here for a moment.""], ""safety"": ""ok""}",1,2176,2.636999999594991,0.0019000008251168765,0.00019999970390927047,0.013500000022759195,0.004699999408330768,2.662800000507559
2575,d332_u15,neutral,train,332,15,bc,2,1,1,0,0,0,1,1,0,ok,"{""sentences"": [""I hear you."", ""We can pause here for a moment.""], ""safety"": ""ok""}",1,2176,2.8831999998146784,0.0018000000636675395,0.00030000046535860747,0.013299999409355223,0.005000000783184078,2.909100000579201
2576,d333_u0,neutral,train,333,0,bc,2,1,1,0,0,0,1,1,0,ok,"{""sentences"": [""I hear you."", ""We can pause here for a moment.""], ""safety"": ""ok""}",1,2176,2.956600000288745,0.0020000006770715117,0.0002999995558639057,0.013699999726668466,0.005200000487093348,2.983000000313041
2577,d333_u1,neutral,train,333,1,bc,2,1,1,0,0,0,1,1,0,ok,"{""sentences"": [""I hear you."", ""We can pause here for a moment.""], ""safety"": ""ok""}",1,2176,2.4193999997805804,0.0018999999156221747,0.00019999970390927047,0.01340000017080456,0.004999999873689376,2.4457999998048763
2578,d333_u3,neutral,train,333,3,bc,2,1,1,0,0,0,1,1,0,ok,"{""sentences"": [""I hear you."", ""We can pause here for a moment.""], ""safety"": ""ok""}",1,2176,2.851100000043516,0.0018999999156221747,0.00019999970390927047,0.01359999987471383,0.004999999873689376,2.8773999993063626
2579,d333_u4,neutral,train,333,4,bc,2,1,1,0,0,0,1,1,0,ok,"{""sentences"": [""I hear you."", ""We can pause here for a moment.""], ""safety"": ""ok""}",1,2176,2.7795999994850717,0.0018999999156221747,0.0002999995558639057,0.013500000022759195,0.004999999873689376,2.805800000714953
2580,d334_u0,happy,train,334,0,bc,2,1,1,0,0,0,1,1,0,ok,"{""sentences"": [""I hear you."", ""We can pause here for a moment.""], ""safety"": ""ok""}",1,2176,2.8369999999995343,0.0018000000636675395,0.00019999970390927047,0.01359999987471383,0.004900000021734741,2.8631999994104262
2581,d334_u1,neutral,train,334,1,bc,2,1,1,0,0,0,1,1,0,ok,"{""sentences"": [""I hear you."", ""We can pause here for a moment.""], ""safety"": ""ok""}",1,2176,2.7399999999033753,0.0018999999156221747,0.00020000061340397224,0.013700000636163168,0.005099999725644011,2.766499999779626
2582,d334_u2,sad,train,334,2,bc,2,1,1,0,0,0,1,1,0,ok,"{""sentences"": [""I hear you."", ""We can pause here for a moment.""], ""safety"": ""ok""}",1,2176,2.459899999848858,0.0018999999156221747,0.0002999995558639057,0.01340000017080456,0.004999999873689376,2.4862000000211992
2583,d334_u3,neutral,train,334,3,bc,2,1,1,0,0,0,1,1,0,ok,"{""sentences"": [""I hear you."", ""We can pause here for a moment.""], ""safety"": ""ok""}",1,2176,2.944099999695027,0.00199999976757681,0.0002999995558639057,0.013899999430577736,0.005199999577598646,2.9709999998885905
2584,d334_u4,neutral,train,334,4,bc,2,1,1,0,0,0,1,1,0,ok,"{""sentences"": [""I hear you."", ""We can pause here for a moment.""], ""safety"": ""ok""}",1,2176,3.2826999995450024,0.0017000002117129043,0.0002999995558639057,0.012800000149582047,0.004599999556376133,3.306999999949767
2585,d334_u5,neutral,train,334,5,bc,2,1,1,0,0,0,1,1,0,ok,"{""sentences"": [""I hear you."", ""We can pause here for a moment.""], ""safety"": ""ok""}",1,2176,2.8001999999105465,0.0018999999156221747,0.00030000046535860747,0.013800000488117803,0.0054000001910026185,2.8275000004214235
2586,d334_u6,neutral,train,334,6,bc,2,1,1,0,0,0,1,1,0,ok,"{""sentences"": [""I hear you."", ""We can pause here for a moment.""], ""safety"": ""ok""}",1,2176,2.461600000060571,0.0018000000636675395,0.00019999970390927047,0.013299999409355223,0.005099999725644011,2.487799999471463
2587,d334_u7,neutral,train,334,7,bc,2,1,1,0,0,0,1,1,0,ok,"{""sentences"": [""I hear you."", ""We can pause here for a moment.""], ""safety"": ""ok""}",1,2176,2.5977000004786532,0.0018000000636675395,0.00019999970390927047,0.014100000043981709,0.0054000001910026185,2.625199999783945
2588,d334_u8,neutral,train,334,8,bc,2,1,1,0,0,0,1,1,0,ok,"{""sentences"": [""I hear you."", ""We can pause here for a moment.""], ""safety"": ""ok""}",1,2176,2.6722000002337154,0.0020000006770715117,0.0002999995558639057,0.013800000488117803,0.004999999873689376,2.699199999369739
2589,d334_u9,neutral,train,334,9,bc,2,1,1,0,0,0,1,1,0,ok,"{""sentences"": [""I hear you."", ""We can pause here for a moment.""], ""safety"": ""ok""}",1,2176,2.761899999313755,0.0018000000636675395,0.00019999970390927047,0.01249999968422344,0.01900000006571645,2.8001999999105465
2590,d334_u10,neutral,train,334,10,bc,2,1,1,0,0,0,1,1,0,ok,"{""sentences"": [""I hear you."", ""We can pause here for a moment.""], ""safety"": ""ok""}",1,2176,3.1430999997610343,0.0018999999156221747,0.0002999995558639057,0.013700000636163168,0.004999999873689376,3.1699000001026434
2591,d334_u11,neutral,train,334,11,bc,2,1,1,0,0,0,1,1,0,ok,"{""sentences"": [""I hear you."", ""We can pause here for a moment.""], ""safety"": ""ok""}",1,2176,2.4413999999524094,0.0018000000636675395,0.00030000046535860747,0.013500000022759195,0.004900000021734741,2.4672999998074374
2592,d334_u12,neutral,train,334,12,bc,2,1,1,0,0,0,1,1,0,ok,"{""sentences"": [""I hear you."", ""We can pause here for a moment.""], ""safety"": ""ok""}",1,2176,2.9390999998213374,0.002099999619531445,0.00030000046535860747,0.014199999895936344,0.005200000487093348,2.9668000006495276
2593,d335_u0,neutral,train,335,0,bc,2,1,1,0,0,0,1,1,0,ok,"{""sentences"": [""I hear you."", ""We can pause here for a moment.""], ""safety"": ""ok""}",1,2176,2.475899999808462,0.0018999999156221747,0.00030000046535860747,0.013700000636163168,0.005199999577598646,2.502499999536667
2594,d335_u1,happy,train,335,1,bc,2,1,1,0,0,0,1,1,0,ok,"{""sentences"": [""I hear you."", ""We can pause here for a moment.""], ""safety"": ""ok""}",1,2176,2.886700000090059,0.00199999976757681,0.00020000061340397224,0.014400000509340316,0.005300000339047983,2.9146999995646183
2595,d335_u2,neutral,train,335,2,bc,2,1,1,0,0,0,1,1,0,ok,"{""sentences"": [""I hear you."", ""We can pause here for a moment.""], ""safety"": ""ok""}",1,2176,2.8702999998131418,0.00199999976757681,0.00030000046535860747,0.01359999987471383,0.005099999725644011,2.896899999541347
2596,d335_u3,neutral,train,335,3,bc,2,1,1,0,0,0,1,1,0,ok,"{""sentences"": [""I hear you."", ""We can pause here for a moment.""], ""safety"": ""ok""}",1,2176,2.5976999995691585,0.00199999976757681,0.00020000061340397224,0.013899999430577736,0.005200000487093348,2.6248000003761263
2597,d336_u1,happy,train,336,1,bc,2,1,1,0,0,0,1,1,0,ok,"{""sentences"": [""I hear you."", ""We can pause here for a moment.""], ""safety"": ""ok""}",1,2176,3.0532999999195454,0.0018999999156221747,0.00030000046535860747,0.014100000043981709,0.005199999577598646,3.0806999993728823
2598,d336_u2,neutral,train,336,2,bc,2,1,1,0,0,0,1,1,0,ok,"{""sentences"": [""I hear you."", ""We can pause here for a moment.""], ""safety"": ""ok""}",1,2176,2.861999999367981,0.0018999999156221747,0.00030000046535860747,0.013699999726668466,0.005199999577598646,2.8887000007671304
2599,d336_u3,neutral,train,336,3,bc,2,1,1,0,0,0,1,1,0,ok,"{""sentences"": [""I hear you."", ""We can pause here for a moment.""], ""safety"": ""ok""}",1,2176,2.6172999996560975,0.0017999991541728377,0.0002999995558639057,0.013299999409355223,0.004900000021734741,2.643300000272575
2600,d336_u6,sad,train,336,6,bc,2,1,1,0,0,0,1,1,0,ok,"{""sentences"": [""I hear you."", ""We can pause here for a moment.""], ""safety"": ""ok""}",1,2176,2.471000000696222,0.0018999999156221747,0.00019999970390927047,0.01340000017080456,0.005199999577598646,2.497600000424427
2601,d336_u7,angry,train,336,7,bc,2,1,1,0,0,0,1,1,0,ok,"{""sentences"": [""I hear you."", ""We can pause here for a moment.""], ""safety"": ""ok""}",1,2176,2.9404999995676917,0.0018999999156221747,0.00030000046535860747,0.013700000636163168,0.0052999994295532815,2.96740000067075
2602,d336_u9,sad,train,336,9,bc,2,1,1,0,0,0,1,1,0,ok,"{""sentences"": [""I hear you."", ""We can pause here for a moment.""], ""safety"": ""ok""}",1,2176,2.7126999993924983,0.0018999999156221747,0.00030000046535860747,0.014000000192027073,0.005199999577598646,2.739800000199466
2603,d336_u11,sad,train,336,11,bc,2,1,1,0,0,0,1,1,0,ok,"{""sentences"": [""I hear you."", ""We can pause here for a moment.""], ""safety"": ""ok""}",1,2176,2.741799999967043,0.0018000000636675395,0.00030000046535860747,0.013900000340072438,0.004999999873689376,2.768300000752788
2604,d336_u12,neutral,train,336,12,bc,2,1,1,0,0,0,1,1,0,ok,"{""sentences"": [""I hear you."", ""We can pause here for a moment.""], ""safety"": ""ok""}",1,2176,2.6012999996964936,0.0018999999156221747,0.00030000046535860747,0.013799999578623101,0.005200000487093348,2.628299999742012
2605,d336_u15,happy,train,336,15,bc,2,1,1,0,0,0,1,1,0,ok,"{""sentences"": [""I hear you."", ""We can pause here for a moment.""], ""safety"": ""ok""}",1,2176,2.7382000007492024,0.0018999999156221747,0.0002999995558639057,0.013899999430577736,0.005099999725644011,2.765199999885226
2606,d336_u16,happy,train,336,16,bc,2,1,1,0,0,0,1,1,0,ok,"{""sentences"": [""I hear you."", ""We can pause here for a moment.""], ""safety"": ""ok""}",1,2176,3.33520000003773,0.00199999976757681,0.00030000046535860747,0.013600000784208532,0.005099999725644011,3.3620000003793393
2607,d336_u17,happy,train,336,17,bc,2,1,1,0,0,0,1,1,0,ok,"{""sentences"": [""I hear you."", ""We can pause here for a moment.""], ""safety"": ""ok""}",1,2176,2.565199999480683,0.0018999999156221747,0.00030000046535860747,0.013899999430577736,0.005300000339047983,2.5923999992301106
2608,d336_u18,happy,train,336,18,bc,2,1,1,0,0,0,1,1,0,ok,"{""sentences"": [""I hear you."", ""We can pause here for a moment.""], ""safety"": ""ok""}",1,2176,3.0140999997456674,0.0018999999156221747,0.00020000061340397224,0.01340000017080456,0.005300000339047983,3.040599999621918
2609,d336_u19,neutral,train,336,19,bc,2,1,1,0,0,0,1,1,0,ok,"{""sentences"": [""I hear you."", ""We can pause here for a moment.""], ""safety"": ""ok""}",1,2176,3.388699999959499,0.002099999619531445,0.00030000046535860747,0.014100000043981709,0.005300000339047983,3.416099999412836
2610,d336_u21,happy,train,336,21,bc,2,1,1,0,0,0,1,1,0,ok,"{""sentences"": [""I hear you."", ""We can pause here for a moment.""], ""safety"": ""ok""}",1,2176,2.6378000002296176,0.0018999999156221747,0.0002999995558639057,0.013500000022759195,0.004999999873689376,2.663899999788555
2611,d337_u0,neutral,train,337,0,bc,2,1,1,0,0,0,1,1,0,ok,"{""sentences"": [""I hear you."", ""We can pause here for a moment.""], ""safety"": ""ok""}",1,2176,2.5156000001516077,0.0018999999156221747,0.00019999970390927047,0.013799999578623101,0.005099999725644011,2.542600000197126
2612,d337_u2,neutral,train,337,2,bc,2,1,1,0,0,0,1,1,0,ok,"{""sentences"": [""I hear you."", ""We can pause here for a moment.""], ""safety"": ""ok""}",1,2176,2.6132000002689892,0.0018999999156221747,0.0002999995558639057,0.013099999705445953,0.005099999725644011,2.6387999996586586
2613,d337_u4,happy,train,337,4,bc,2,1,1,0,0,0,1,1,0,ok,"{""sentences"": [""I hear you."", ""We can pause here for a moment.""], ""safety"": ""ok""}",1,2176,3.1386999999085674,0.0018999999156221747,0.00019999970390927047,0.013500000022759195,0.004900000021734741,3.164900000228954
2614,d337_u5,happy,train,337,5,bc,2,1,1,0,0,0,1,1,0,ok,"{""sentences"": [""I hear you."", ""We can pause here for a moment.""], ""safety"": ""ok""}",1,2176,2.5028000000020256,0.002099999619531445,0.00020000061340397224,0.01359999987471383,0.005300000339047983,2.52950000049168
2615,d337_u6,sad,train,337,6,bc,2,1,1,0,0,0,1,1,0,ok,"{""sentences"": [""I hear you."", ""We can pause here for a moment.""], ""safety"": ""ok""}",1,2176,2.4979999998322455,0.00199999976757681,0.00019999970390927047,0.013699999726668466,0.005199999577598646,2.5249000000258093
2616,d337_u8,neutral,train,337,8,bc,2,1,1,0,0,0,1,1,0,ok,"{""sentences"": [""I hear you."", ""We can pause here for a moment.""], ""safety"": ""ok""}",1,2176,2.6717000000644475,0.0018999999156221747,0.00019999970390927047,0.013300000318849925,0.005099999725644011,2.697799999623385
2617,d337_u10,neutral,train,337,10,bc,2,1,1,0,0,0,1,1,0,ok,"{""sentences"": [""I hear you."", ""We can pause here for a moment.""], ""safety"": ""ok""}",1,2176,2.641099999891594,0.0020000006770715117,0.00019999970390927047,0.013500000022759195,0.005699999746866524,2.6683000005505164
2618,d337_u11,neutral,train,337,11,bc,2,1,1,0,0,0,1,1,0,ok,"{""sentences"": [""I hear you."", ""We can pause here for a moment.""], ""safety"": ""ok""}",1,2176,2.98079999993206,0.0018000000636675395,0.00019999970390927047,0.013300000318849925,0.004800000169780105,3.0063000003792695
2619,d337_u12,neutral,train,337,12,bc,2,1,1,0,0,0,1,1,0,ok,"{""sentences"": [""I hear you."", ""We can pause here for a moment.""], ""safety"": ""ok""}",1,2176,2.4634000001242384,0.0023000002329354174,0.00030000046535860747,0.01359999987471383,0.0054000001910026185,2.490300000317802
2620,d337_u13,neutral,train,337,13,bc,2,1,1,0,0,0,1,1,0,ok,"{""sentences"": [""I hear you."", ""We can pause here for a moment.""], ""safety"": ""ok""}",1,2176,3.0496999997922103,0.0018999999156221747,0.00019999970390927047,0.013799999578623101,0.0054000001910026185,3.0767999996896833
2621,d337_u15,sad,train,337,15,bc,2,1,1,0,0,0,1,1,0,ok,"{""sentences"": [""I hear you."", ""We can pause here for a moment.""], ""safety"": ""ok""}",1,2176,2.6506999993216596,0.00199999976757681,0.00020000061340397224,0.014199999895936344,0.005099999725644011,2.6778000001286273
2622,d337_u17,neutral,train,337,17,bc,2,1,1,0,0,0,1,1,0,ok,"{""sentences"": [""I hear you."", ""We can pause here for a moment.""], ""safety"": ""ok""}",1,2176,3.252499999689462,0.00199999976757681,0.0002999995558639057,0.014100000043981709,0.005099999725644011,3.280099999756203
2623,d337_u18,angry,train,337,18,bc,2,1,1,0,0,0,1,1,0,ok,"{""sentences"": [""I hear you."", ""We can pause here for a moment.""], ""safety"": ""ok""}",1,2176,2.5279999999838765,0.00199999976757681,0.00030000046535860747,0.014200000805431046,0.0054000001910026185,2.555699999902572
2624,d337_u19,neutral,train,337,19,bc,2,1,1,0,0,0,1,1,0,ok,"{""sentences"": [""I hear you."", ""We can pause here for a moment.""], ""safety"": ""ok""}",1,2176,2.65659999968193,0.0018999999156221747,0.00030000046535860747,0.013700000636163168,0.005099999725644011,2.6833000001715845
2625,d338_u0,neutral,train,338,0,bc,2,1,1,0,0,0,1,1,0,ok,"{""sentences"": [""I hear you."", ""We can pause here for a moment.""], ""safety"": ""ok""}",1,2176,3.2255000005534384,0.0018999999156221747,0.00019999970390927047,0.014000000192027073,0.004999999873689376,3.2523999998375075
2626,d338_u1,happy,train,338,1,bc,2,1,1,0,0,0,1,1,0,ok,"{""sentences"": [""I hear you."", ""We can pause here for a moment.""], ""safety"": ""ok""}",1,2176,2.66990000000078,0.0020000006770715117,0.00019999970390927047,0.01340000017080456,0.004999999873689376,2.6961999992636265
2627,d338_u2,neutral,train,338,2,bc,2,1,1,0,0,0,1,1,0,ok,"{""sentences"": [""I hear you."", ""We can pause here for a moment.""], ""safety"": ""ok""}",1,2176,2.5361999996675877,0.0018999999156221747,0.00030000046535860747,0.013099999705445953,0.004799999260285404,2.5614000005589332
2628,d338_u4,happy,train,338,4,bc,2,1,1,0,0,0,1,1,0,ok,"{""sentences"": [""I hear you."", ""We can pause here for a moment.""], ""safety"": ""ok""}",1,2176,2.2407999995266437,0.0018000000636675395,0.00019999970390927047,0.013099999705445953,0.005100000635138713,2.2664999996777624
2629,d338_u5,neutral,train,338,5,bc,2,1,1,0,0,0,1,1,0,ok,"{""sentences"": [""I hear you."", ""We can pause here for a moment.""], ""safety"": ""ok""}",1,2176,2.590300000520074,0.00199999976757681,0.00019999970390927047,0.01359999987471383,0.005099999725644011,2.6172999996560975
2630,d338_u6,neutral,train,338,6,bc,2,1,1,0,0,0,1,1,0,ok,"{""sentences"": [""I hear you."", ""We can pause here for a moment.""], ""safety"": ""ok""}",1,2176,3.0716000001120847,0.0018999999156221747,0.0002999995558639057,0.014000000192027073,0.0054000001910026185,3.0990000004749163
2631,d338_u7,neutral,train,338,7,bc,2,1,1,0,0,0,1,1,0,ok,"{""sentences"": [""I hear you."", ""We can pause here for a moment.""], ""safety"": ""ok""}",1,2176,2.5298999998994987,0.0018999999156221747,0.00030000046535860747,0.013700000636163168,0.004999999873689376,2.556499999627704
2632,d338_u8,happy,train,338,8,bc,2,1,1,0,0,0,1,1,0,ok,"{""sentences"": [""I hear you."", ""We can pause here for a moment.""], ""safety"": ""ok""}",1,2176,2.8615999999601627,0.0018000000636675395,0.00019999970390927047,0.013699999726668466,0.005200000487093348,2.888099999836413
2633,d338_u9,neutral,train,338,9,bc,2,1,1,0,0,0,1,1,0,ok,"{""sentences"": [""I hear you."", ""We can pause here for a moment.""], ""safety"": ""ok""}",1,2176,2.7854999998453422,0.0020000006770715117,0.00019999970390927047,0.01340000017080456,0.005099999725644011,2.811700000165729
2634,d338_u10,neutral,train,338,10,bc,2,1,1,0,0,0,1,1,0,ok,"{""sentences"": [""I hear you."", ""We can pause here for a moment.""], ""safety"": ""ok""}",1,2176,2.732399999331392,0.0018000000636675395,0.00019999970390927047,0.013099999705445953,0.005099999725644011,2.757900000688096
2635,d338_u11,neutral,train,338,11,bc,2,1,1,0,0,0,1,1,0,ok,"{""sentences"": [""I hear you."", ""We can pause here for a moment.""], ""safety"": ""ok""}",1,2176,3.0184999995981343,0.0018999999156221747,0.00019999970390927047,0.013899999430577736,0.005500000042957254,3.045600000405102
2636,d338_u12,neutral,train,338,12,bc,2,1,1,0,0,0,1,1,0,ok,"{""sentences"": [""I hear you."", ""We can pause here for a moment.""], ""safety"": ""ok""}",1,2176,2.6974000002155663,0.0018999999156221747,0.00019999970390927047,0.013299999409355223,0.004999999873689376,2.723100000366685
2637,d338_u13,neutral,train,338,13,bc,2,1,1,0,0,0,1,1,0,ok,"{""sentences"": [""I hear you."", ""We can pause here for a moment.""], ""safety"": ""ok""}",1,2176,2.4555999998483458,0.0018999999156221747,0.00019999970390927047,0.014199999895936344,0.005000000783184078,2.4829000003592228
2638,d338_u14,neutral,train,338,14,bc,2,1,1,0,0,0,1,1,0,ok,"{""sentences"": [""I hear you."", ""We can pause here for a moment.""], ""safety"": ""ok""}",1,2176,2.4195000005420297,0.0018000000636675395,0.0002999995558639057,0.013899999430577736,0.004800000169780105,2.4462000001221895
2639,d338_u15,neutral,train,338,15,bc,2,1,1,0,0,0,1,1,0,ok,"{""sentences"": [""I hear you."", ""We can pause here for a moment.""], ""safety"": ""ok""}",1,2176,2.9064000000289525,0.00199999976757681,0.00030000046535860747,0.014100000043981709,0.005300000339047983,2.933699999630335
2640,d338_u16,neutral,train,338,16,bc,2,1,1,0,0,0,1,1,0,ok,"{""sentences"": [""I hear you."", ""We can pause here for a moment.""], ""safety"": ""ok""}",1,2176,2.885999999307387,0.0018999999156221747,0.00030000046535860747,0.013699999726668466,0.005200000487093348,2.912800000558491
2641,d339_u0,neutral,train,339,0,bc,2,1,1,0,0,0,1,1,0,ok,"{""sentences"": [""I hear you."", ""We can pause here for a moment.""], ""safety"": ""ok""}",1,2176,3.1453999999939697,0.00199999976757681,0.00030000046535860747,0.013899999430577736,0.0052999994295532815,3.1727999994473066
2642,d339_u1,neutral,train,339,1,bc,2,1,1,0,0,0,1,1,0,ok,"{""sentences"": [""I hear you."", ""We can pause here for a moment.""], ""safety"": ""ok""}",1,2176,2.5864999997793348,0.0018999999156221747,0.00019999970390927047,0.013500000022759195,0.004999999873689376,2.6126999991902267
2643,d339_u3,angry,train,339,3,bc,2,1,1,0,0,0,1,1,0,ok,"{""sentences"": [""I hear you."", ""We can pause here for a moment.""], ""safety"": ""ok""}",1,2176,2.915199999733886,0.0018000000636675395,0.00019999970390927047,0.01300000076298602,0.004999999873689376,2.940200000011828
2644,d339_u4,happy,train,339,4,bc,2,1,1,0,0,0,1,1,0,ok,"{""sentences"": [""I hear you."", ""We can pause here for a moment.""], ""safety"": ""ok""}",1,2176,2.4627000002510613,0.0018000000636675395,0.00019999970390927047,0.01359999987471383,0.005100000635138713,2.488899999661953
2645,d340_u0,neutral,train,340,0,bc,2,1,1,0,0,0,1,1,0,ok,"{""sentences"": [""I hear you."", ""We can pause here for a moment.""], ""safety"": ""ok""}",1,2176,2.4508999995305203,0.00199999976757681,0.00019999970390927047,0.0152000002344721,0.005500000042957254,2.4795000008452917
2646,d341_u0,neutral,train,341,0,bc,2,1,1,0,0,0,1,1,0,ok,"{""sentences"": [""I hear you."", ""We can pause here for a moment.""], ""safety"": ""ok""}",1,2176,2.8978999998798827,0.00199999976757681,0.00019999970390927047,0.014399999599845614,0.005399999281507917,2.925900000263937
2647,d342_u0,neutral,train,342,0,bc,2,1,1,0,0,0,1,1,0,ok,"{""sentences"": [""I hear you."", ""We can pause here for a moment.""], ""safety"": ""ok""}",1,2176,3.018599999450089,0.0017000002117129043,0.00020000061340397224,0.013100000614940654,0.004999999873689376,3.0438999992838944
2648,d342_u1,neutral,train,342,1,bc,2,1,1,0,0,0,1,1,0,ok,"{""sentences"": [""I hear you."", ""We can pause here for a moment.""], ""safety"": ""ok""}",1,2176,2.8711000004477683,0.00199999976757681,0.00030000046535860747,0.014299999747890979,0.0054000001910026185,2.899000000070373
2649,d342_u2,neutral,train,342,2,bc,2,1,1,0,0,0,1,1,0,ok,"{""sentences"": [""I hear you."", ""We can pause here for a moment.""], ""safety"": ""ok""}",1,2176,2.7652999997371808,0.0018000000636675395,0.00020000061340397224,0.01359999987471383,0.004900000021734741,2.7917999996134313
2650,d342_u3,neutral,train,342,3,bc,2,1,1,0,0,0,1,1,0,ok,"{""sentences"": [""I hear you."", ""We can pause here for a moment.""], ""safety"": ""ok""}",1,2176,2.4776999998721294,0.0018999999156221747,0.0002999995558639057,0.01359999987471383,0.0054000001910026185,2.504699999917648
2651,d342_u4,neutral,train,342,4,bc,2,1,1,0,0,0,1,1,0,ok,"{""sentences"": [""I hear you."", ""We can pause here for a moment.""], ""safety"": ""ok""}",1,2176,2.1614000006593415,0.0018999999156221747,0.00019999970390927047,0.013800000488117803,0.005099999725644011,2.1880000003875466
2652,d342_u5,happy,train,342,5,bc,2,1,1,0,0,0,1,1,0,ok,"{""sentences"": [""I hear you."", ""We can pause here for a moment.""], ""safety"": ""ok""}",1,2176,2.86099999993894,0.00199999976757681,0.0002999995558639057,0.013899999430577736,0.004999999873689376,2.888400000301772
2653,d342_u6,angry,train,342,6,bc,2,1,1,0,0,0,1,1,0,ok,"{""sentences"": [""I hear you."", ""We can pause here for a moment.""], ""safety"": ""ok""}",1,2176,2.8038000000378815,0.0018999999156221747,0.00019999970390927047,0.013500000022759195,0.005200000487093348,2.8303999997660867
2654,d342_u7,happy,train,342,7,bc,2,1,1,0,0,0,1,1,0,ok,"{""sentences"": [""I hear you."", ""We can pause here for a moment.""], ""safety"": ""ok""}",1,2176,2.717500000471773,0.0016999993022182025,0.0002999995558639057,0.013299999409355223,0.004999999873689376,2.743000000009488
2655,d342_u8,neutral,train,342,8,bc,2,1,1,0,0,0,1,1,0,ok,"{""sentences"": [""I hear you."", ""We can pause here for a moment.""], ""safety"": ""ok""}",1,2176,2.6838999992833124,0.0021999994714860804,0.0002999995558639057,0.013899999430577736,0.0052999994295532815,2.7113000005556387
2656,d342_u9,neutral,train,342,9,bc,2,1,1,0,0,0,1,1,0,ok,"{""sentences"": [""I hear you."", ""We can pause here for a moment.""], ""safety"": ""ok""}",1,2176,2.74970000009489,0.002100000529026147,0.00030000046535860747,0.013800000488117803,0.005300000339047983,2.776899999844318
2657,d342_u10,angry,train,342,10,bc,2,1,1,0,0,0,1,1,0,ok,"{""sentences"": [""I hear you."", ""We can pause here for a moment.""], ""safety"": ""ok""}",1,2176,2.967700000226614,0.0018999999156221747,0.00030000046535860747,0.014000000192027073,0.005000000783184078,2.9949999998279964
2658,d342_u11,neutral,train,342,11,bc,2,1,1,0,0,0,1,1,0,ok,"{""sentences"": [""I hear you."", ""We can pause here for a moment.""], ""safety"": ""ok""}",1,2176,3.2441000003018416,0.0018999999156221747,0.00019999970390927047,0.01359999987471383,0.0052999994295532815,3.2710000004954054
2659,d342_u12,neutral,train,342,12,bc,2,1,1,0,0,0,1,1,0,ok,"{""sentences"": [""I hear you."", ""We can pause here for a moment.""], ""safety"": ""ok""}",1,2176,2.2865999999339692,0.0018999999156221747,0.00030000046535860747,0.013700000636163168,0.005199999577598646,2.3133000004236237
2660,d342_u13,angry,train,342,13,bc,2,1,1,0,0,0,1,1,0,ok,"{""sentences"": [""I hear you."", ""We can pause here for a moment.""], ""safety"": ""ok""}",1,2176,3.1374000000141677,0.00199999976757681,0.00019999970390927047,0.014100000043981709,0.005099999725644011,3.1650000000809086
2661,d342_u14,neutral,train,342,14,bc,2,1,1,0,0,0,1,1,0,ok,"{""sentences"": [""I hear you."", ""We can pause here for a moment.""], ""safety"": ""ok""}",1,2176,2.720999999837659,0.0018999999156221747,0.00030000046535860747,0.013700000636163168,0.005099999725644011,2.7474999997139093
2662,d342_u15,happy,train,342,15,bc,2,1,1,0,0,0,1,1,0,ok,"{""sentences"": [""I hear you."", ""We can pause here for a moment.""], ""safety"": ""ok""}",1,2176,2.307400000063353,0.00199999976757681,0.00019999970390927047,0.013699999726668466,0.005200000487093348,2.3338999999396037
2663,d342_u17,happy,train,342,17,bc,2,1,1,0,0,0,1,1,0,ok,"{""sentences"": [""I hear you."", ""We can pause here for a moment.""], ""safety"": ""ok""}",1,2176,3.3452999996370636,0.0018999999156221747,0.0002999995558639057,0.013900000340072438,0.005199999577598646,3.372200000740122
2664,d342_u18,neutral,train,342,18,bc,2,1,1,0,0,0,1,1,0,ok,"{""sentences"": [""I hear you."", ""We can pause here for a moment.""], ""safety"": ""ok""}",1,2176,2.578200000243669,0.00199999976757681,0.00020000061340397224,0.013900000340072438,0.005599999894911889,2.60580000031041
2665,d342_u19,neutral,train,342,19,bc,2,1,1,0,0,0,1,1,0,ok,"{""sentences"": [""I hear you."", ""We can pause here for a moment.""], ""safety"": ""ok""}",1,2176,2.4810000004436006,0.0018000000636675395,0.00019999970390927047,0.013500000022759195,0.005300000339047983,2.507299999706447
2666,d344_u0,happy,train,344,0,bc,2,1,1,0,0,0,1,1,0,ok,"{""sentences"": [""I hear you."", ""We can pause here for a moment.""], ""safety"": ""ok""}",1,2176,2.5195999996867613,0.0017999991541728377,0.0002999995558639057,0.01340000017080456,0.005199999577598646,2.5458999998591025
2667,d344_u1,neutral,train,344,1,bc,2,1,1,0,0,0,1,1,0,ok,"{""sentences"": [""I hear you."", ""We can pause here for a moment.""], ""safety"": ""ok""}",1,2176,3.1188000002657645,0.00199999976757681,0.00030000046535860747,0.014299999747890979,0.005300000339047983,3.1466999998883693
2668,d344_u2,neutral,train,344,2,bc,2,1,1,0,0,0,1,1,0,ok,"{""sentences"": [""I hear you."", ""We can pause here for a moment.""], ""safety"": ""ok""}",1,2176,2.6910999995379825,0.00199999976757681,0.00020000061340397224,0.014100000043981709,0.005500000042957254,2.719200000683486
2669,d344_u3,neutral,train,344,3,bc,2,1,1,0,0,0,1,1,0,ok,"{""sentences"": [""I hear you."", ""We can pause here for a moment.""], ""safety"": ""ok""}",1,2176,2.448799999910989,0.0019000008251168765,0.00019999970390927047,0.013799999578623101,0.005300000339047983,2.4754999994911486
2670,d344_u6,happy,train,344,6,bc,2,1,1,0,0,0,1,1,0,ok,"{""sentences"": [""I hear you."", ""We can pause here for a moment.""], ""safety"": ""ok""}",1,2176,3.326099999867438,0.0018999999156221747,0.0002999995558639057,0.029599999834317714,0.005100000635138713,3.3684999998513376
2671,d344_u7,happy,train,344,7,bc,2,1,1,0,0,0,1,1,0,ok,"{""sentences"": [""I hear you."", ""We can pause here for a moment.""], ""safety"": ""ok""}",1,2176,2.4556999997003004,0.0018999999156221747,0.00019999970390927047,0.013399999261309858,0.0052999994295532815,2.481900000020687
2672,d344_u9,neutral,train,344,9,bc,2,1,1,0,0,0,1,1,0,ok,"{""sentences"": [""I hear you."", ""We can pause here for a moment.""], ""safety"": ""ok""}",1,2176,3.2584000000497326,0.00199999976757681,0.00019999970390927047,0.013700000636163168,0.005099999725644011,3.285100000539387
2673,d344_u11,happy,train,344,11,bc,2,1,1,0,0,0,1,1,0,ok,"{""sentences"": [""I hear you."", ""We can pause here for a moment.""], ""safety"": ""ok""}",1,2176,2.757299999757379,0.00199999976757681,0.00030000046535860747,0.013900000340072438,0.004999999873689376,2.7841999999509426
2674,d344_u12,happy,train,344,12,bc,2,1,1,0,0,0,1,1,0,ok,"{""sentences"": [""I hear you."", ""We can pause here for a moment.""], ""safety"": ""ok""}",1,2176,2.522599999792874,0.00199999976757681,0.00019999970390927047,0.013500000022759195,0.005100000635138713,2.5489999998171697
2675,d344_u13,neutral,train,344,13,bc,2,1,1,0,0,0,1,1,0,ok,"{""sentences"": [""I hear you."", ""We can pause here for a moment.""], ""safety"": ""ok""}",1,2176,2.5976000006266986,0.0018999999156221747,0.00030000046535860747,0.014100000043981709,0.0052999994295532815,2.624900000228081
2676,d345_u0,neutral,train,345,0,bc,2,1,1,0,0,0,1,1,0,ok,"{""sentences"": [""I hear you."", ""We can pause here for a moment.""], ""safety"": ""ok""}",1,2176,2.672099999472266,0.0018999999156221747,0.00019999970390927047,0.013500000022759195,0.005099999725644011,2.698199999940698
2677,d345_u1,neutral,train,345,1,bc,2,1,1,0,0,0,1,1,0,ok,"{""sentences"": [""I hear you."", ""We can pause here for a moment.""], ""safety"": ""ok""}",1,2176,2.878700000110257,0.0020000006770715117,0.0002999995558639057,0.01359999987471383,0.004999999873689376,2.905300000747957
2678,d345_u2,happy,train,345,2,bc,2,1,1,0,0,0,1,1,0,ok,"{""sentences"": [""I hear you."", ""We can pause here for a moment.""], ""safety"": ""ok""}",1,2176,2.762099999927159,0.00199999976757681,0.0002999995558639057,0.01359999987471383,0.004900000021734741,2.788700000564859
2679,d345_u3,neutral,train,345,3,bc,2,1,1,0,0,0,1,1,0,ok,"{""sentences"": [""I hear you."", ""We can pause here for a moment.""], ""safety"": ""ok""}",1,2176,2.7605000004768954,0.0017999991541728377,0.00030000046535860747,0.013700000636163168,0.005199999577598646,2.786799999739742
2680,d345_u4,happy,train,345,4,bc,2,1,1,0,0,0,1,1,0,ok,"{""sentences"": [""I hear you."", ""We can pause here for a moment.""], ""safety"": ""ok""}",1,2176,2.9695999992327415,0.0018000000636675395,0.00030000046535860747,0.01320000046689529,0.004999999873689376,2.995599999849219
2681,d346_u0,happy,train,346,0,bc,2,1,1,0,0,0,1,1,0,ok,"{""sentences"": [""I hear you."", ""We can pause here for a moment.""], ""safety"": ""ok""}",1,2176,2.5234000004275003,0.0020000006770715117,0.0002999995558639057,0.013899999430577736,0.005399999281507917,2.550600000176928
2682,d346_u3,neutral,train,346,3,bc,2,1,1,0,0,0,1,1,0,ok,"{""sentences"": [""I hear you."", ""We can pause here for a moment.""], ""safety"": ""ok""}",1,2176,2.296599999681348,0.0018000000636675395,0.00019999970390927047,0.01359999987471383,0.005099999725644011,2.322900000763184
2683,d346_u4,neutral,train,346,4,bc,2,1,1,0,0,0,1,1,0,ok,"{""sentences"": [""I hear you."", ""We can pause here for a moment.""], ""safety"": ""ok""}",1,2176,2.6182999999946333,0.0018999999156221747,0.00020000061340397224,0.013900000340072438,0.005300000339047983,2.645200000188197
2684,d346_u6,neutral,train,346,6,bc,2,1,1,0,0,0,1,1,0,ok,"{""sentences"": [""I hear you."", ""We can pause here for a moment.""], ""safety"": ""ok""}",1,2176,2.9064000000289525,0.00199999976757681,0.00020000061340397224,0.013699999726668466,0.005200000487093348,2.9333000002225162
2685,d347_u0,sad,train,347,0,bc,2,1,1,0,0,0,1,1,0,ok,"{""sentences"": [""I hear you."", ""We can pause here for a moment.""], ""safety"": ""ok""}",1,2176,3.0040999999982887,0.00199999976757681,0.00020000061340397224,0.01430000065738568,0.0054000001910026185,3.0322000002342975
2686,d347_u1,neutral,train,347,1,bc,2,1,1,0,0,0,1,1,0,ok,"{""sentences"": [""I hear you."", ""We can pause here for a moment.""], ""safety"": ""ok""}",1,2176,2.4880999999368214,0.0018999999156221747,0.00019999970390927047,0.013900000340072438,0.005599999894911889,2.5154000004476984
2687,d347_u3,neutral,train,347,3,bc,2,1,1,0,0,0,1,1,0,ok,"{""sentences"": [""I hear you."", ""We can pause here for a moment.""], ""safety"": ""ok""}",1,2176,2.5981999997384264,0.0018000000636675395,0.0002999995558639057,0.013799999578623101,0.005200000487093348,2.6250000000800355
2688,d347_u4,sad,train,347,4,bc,2,1,1,0,0,0,1,1,0,ok,"{""sentences"": [""I hear you."", ""We can pause here for a moment.""], ""safety"": ""ok""}",1,2176,3.663399999823014,0.0018999999156221747,0.0002999995558639057,0.01359999987471383,0.005100000635138713,3.6900000004607136
2689,d347_u5,neutral,train,347,5,bc,2,1,1,0,0,0,1,1,0,ok,"{""sentences"": [""I hear you."", ""We can pause here for a moment.""], ""safety"": ""ok""}",1,2176,3.0445000002146116,0.0018000000636675395,0.00030000046535860747,0.013199999557400588,0.004900000021734741,3.070099999604281
2690,d347_u7,sad,train,347,7,bc,2,1,1,0,0,0,1,1,0,ok,"{""sentences"": [""I hear you."", ""We can pause here for a moment.""], ""safety"": ""ok""}",1,2176,3.079500000239932,0.0018999999156221747,0.00030000046535860747,0.013900000340072438,0.0054000001910026185,3.106600000137405
2691,d347_u9,sad,train,347,9,bc,2,1,1,0,0,0,1,1,0,ok,"{""sentences"": [""I hear you."", ""We can pause here for a moment.""], ""safety"": ""ok""}",1,2176,2.050799999778974,0.0018000000636675395,0.0002999995558639057,0.01359999987471383,0.005099999725644011,2.0772999996552244
2692,d347_u10,sad,train,347,10,bc,2,1,1,0,0,0,1,1,0,ok,"{""sentences"": [""I hear you."", ""We can pause here for a moment.""], ""safety"": ""ok""}",1,2176,3.001100000801671,0.0018000000636675395,0.0002999995558639057,0.013299999409355223,0.004999999873689376,3.0267000001913402
2693,d347_u11,neutral,train,347,11,bc,2,1,1,0,0,0,1,1,0,ok,"{""sentences"": [""I hear you."", ""We can pause here for a moment.""], ""safety"": ""ok""}",1,2176,2.6327000005039736,0.0018999999156221747,0.00019999970390927047,0.013500000022759195,0.004999999873689376,2.6588999999148655
2694,d348_u0,happy,train,348,0,bc,2,1,1,0,0,0,1,1,0,ok,"{""sentences"": [""I hear you."", ""We can pause here for a moment.""], ""safety"": ""ok""}",1,2176,2.4503999993612524,0.0018999999156221747,0.00019999970390927047,0.013199999557400588,0.004999999873689376,2.476000000569911
2695,d348_u1,happy,train,348,1,bc,2,1,1,0,0,0,1,1,0,ok,"{""sentences"": [""I hear you."", ""We can pause here for a moment.""], ""safety"": ""ok""}",1,2176,3.118999999969674,0.0018000000636675395,0.00030000046535860747,0.013500000022759195,0.005100000635138713,3.1452000002900604
2696,d348_u2,happy,train,348,2,bc,2,1,1,0,0,0,1,1,0,ok,"{""sentences"": [""I hear you."", ""We can pause here for a moment.""], ""safety"": ""ok""}",1,2176,2.8646000000662752,0.0018000000636675395,0.00019999970390927047,0.01340000017080456,0.004999999873689376,2.89009999960399
2697,d348_u4,neutral,train,348,4,bc,2,1,1,0,0,0,1,1,0,ok,"{""sentences"": [""I hear you."", ""We can pause here for a moment.""], ""safety"": ""ok""}",1,2176,2.5464000000283704,0.00199999976757681,0.00030000046535860747,0.014600000213249587,0.005300000339047983,2.57439999950293
2698,d349_u0,happy,train,349,0,bc,2,1,1,0,0,0,1,1,0,ok,"{""sentences"": [""I hear you."", ""We can pause here for a moment.""], ""safety"": ""ok""}",1,2176,2.5246000004699454,0.0018999999156221747,0.0002999995558639057,0.014000000192027073,0.005200000487093348,2.5519000000713277
2699,d349_u1,happy,train,349,1,bc,2,1,1,0,0,0,1,1,0,ok,"{""sentences"": [""I hear you."", ""We can pause here for a moment.""], ""safety"": ""ok""}",1,2176,2.913799999987532,0.0020000006770715117,0.00019999970390927047,0.013500000022759195,0.004900000021734741,2.940200000011828
2700,d349_u2,happy,train,349,2,bc,2,1,1,0,0,0,1,1,0,ok,"{""sentences"": [""I hear you."", ""We can pause here for a moment.""], ""safety"": ""ok""}",1,2176,2.4303000000145403,0.0018999999156221747,0.00030000046535860747,0.019999999494757503,0.005300000339047983,2.4635999998281477
2701,d349_u3,neutral,train,349,3,bc,2,1,1,0,0,0,1,1,0,ok,"{""sentences"": [""I hear you."", ""We can pause here for a moment.""], ""safety"": ""ok""}",1,2176,2.668900000571739,0.0018999999156221747,0.0002999995558639057,0.014199999895936344,0.005099999725644011,2.6963999998770305
2702,d349_u4,happy,train,349,4,bc,2,1,1,0,0,0,1,1,0,ok,"{""sentences"": [""I hear you."", ""We can pause here for a moment.""], ""safety"": ""ok""}",1,2176,2.647600000273087,0.0018000000636675395,0.00019999970390927047,0.014199999895936344,0.0052999994295532815,2.6748999998744694
2703,d349_u5,happy,train,349,5,bc,2,1,1,0,0,0,1,1,0,ok,"{""sentences"": [""I hear you."", ""We can pause here for a moment.""], ""safety"": ""ok""}",1,2176,3.0907999998817104,0.0018999999156221747,0.00030000046535860747,0.013900000340072438,0.0054000001910026185,3.117999999631138
2704,d349_u6,neutral,train,349,6,bc,2,1,1,0,0,0,1,1,0,ok,"{""sentences"": [""I hear you."", ""We can pause here for a moment.""], ""safety"": ""ok""}",1,2176,3.0380999996850733,0.0018999999156221747,0.00019999970390927047,0.01340000017080456,0.005100000635138713,3.064499999709369
2705,d349_u7,sad,train,349,7,bc,2,1,1,0,0,0,1,1,0,ok,"{""sentences"": [""I hear you."", ""We can pause here for a moment.""], ""safety"": ""ok""}",1,2176,2.5074999994103564,0.00199999976757681,0.00030000046535860747,0.013899999430577736,0.005200000487093348,2.534600000217324
2706,d349_u8,neutral,train,349,8,bc,2,1,1,0,0,0,1,1,0,ok,"{""sentences"": [""I hear you."", ""We can pause here for a moment.""], ""safety"": ""ok""}",1,2176,3.148299999338633,0.0016999993022182025,0.00020000061340397224,0.013099999705445953,0.004900000021734741,3.1735000002299785
2707,d349_u9,neutral,train,349,9,bc,2,1,1,0,0,0,1,1,0,ok,"{""sentences"": [""I hear you."", ""We can pause here for a moment.""], ""safety"": ""ok""}",1,2176,2.6411000008010888,0.0018999999156221747,0.00030000046535860747,0.013300000318849925,0.004800000169780105,2.6666000003388035
2708,d349_u10,happy,train,349,10,bc,2,1,1,0,0,0,1,1,0,ok,"{""sentences"": [""I hear you."", ""We can pause here for a moment.""], ""safety"": ""ok""}",1,2176,2.1526999998968677,0.0018999999156221747,0.00030000046535860747,0.013500000022759195,0.005300000339047983,2.1793999994770274
2709,d350_u0,neutral,train,350,0,bc,2,1,1,0,0,0,1,1,0,ok,"{""sentences"": [""I hear you."", ""We can pause here for a moment.""], ""safety"": ""ok""}",1,2176,3.7196000002950314,0.002100000529026147,0.0002999995558639057,0.014400000509340316,0.0052999994295532815,3.747499999917636
2710,d350_u1,happy,train,350,1,bc,2,1,1,0,0,0,1,1,0,ok,"{""sentences"": [""I hear you."", ""We can pause here for a moment.""], ""safety"": ""ok""}",1,2176,2.421899999717425,0.0018999999156221747,0.0002999995558639057,0.013699999726668466,0.005100000635138713,2.4481999998897663
2711,d350_u2,happy,train,350,2,bc,2,1,1,0,0,0,1,1,0,ok,"{""sentences"": [""I hear you."", ""We can pause here for a moment.""], ""safety"": ""ok""}",1,2176,2.6468000005479553,0.0018999999156221747,0.00020000061340397224,0.013799999578623101,0.005100000635138713,2.6735999999800697
2712,d350_u3,happy,train,350,3,bc,2,1,1,0,0,0,1,1,0,ok,"{""sentences"": [""I hear you."", ""We can pause here for a moment.""], ""safety"": ""ok""}",1,2176,2.969199999824923,0.0018999999156221747,0.0002999995558639057,0.014000000192027073,0.005200000487093348,2.9966000001877546
2713,d350_u4,neutral,train,350,4,bc,2,1,1,0,0,0,1,1,0,ok,"{""sentences"": [""I hear you."", ""We can pause here for a moment.""], ""safety"": ""ok""}",1,2176,2.823499999976775,0.0018999999156221747,0.0002999995558639057,0.014299999747890979,0.005099999725644011,2.8510000001915614
2714,d350_u5,neutral,train,350,5,bc,2,1,1,0,0,0,1,1,0,ok,"{""sentences"": [""I hear you."", ""We can pause here for a moment.""], ""safety"": ""ok""}",1,2176,3.188699999554956,0.002100000529026147,0.00019999970390927047,0.01430000065738568,0.0057999995988211595,3.217199999198783
2715,d350_u6,neutral,train,350,6,bc,2,1,1,0,0,0,1,1,0,ok,"{""sentences"": [""I hear you."", ""We can pause here for a moment.""], ""safety"": ""ok""}",1,2176,2.958099999887054,0.0018999999156221747,0.00030000046535860747,0.013799999578623101,0.005200000487093348,2.985199999784527
2716,d350_u7,neutral,train,350,7,bc,2,1,1,0,0,0,1,1,0,ok,"{""sentences"": [""I hear you."", ""We can pause here for a moment.""], ""safety"": ""ok""}",1,2176,2.4106000000756467,0.0018999999156221747,0.00030000046535860747,0.01320000046689529,0.00470000031782547,2.435999999761407
2717,d351_u0,angry,train,351,0,bc,2,1,1,0,0,0,1,1,0,ok,"{""sentences"": [""I hear you."", ""We can pause here for a moment.""], ""safety"": ""ok""}",1,2176,2.7735000003303867,0.0018999999156221747,0.00019999970390927047,0.014399999599845614,0.0054000001910026185,2.80170000041835
2718,d351_u3,angry,train,351,3,bc,2,1,1,0,0,0,1,1,0,ok,"{""sentences"": [""I hear you."", ""We can pause here for a moment.""], ""safety"": ""ok""}",1,2176,2.8291000007811817,0.0018999999156221747,0.00019999970390927047,0.012900000001536682,0.00470000031782547,2.8536999998323154
2719,d351_u5,angry,train,351,5,bc,2,1,1,0,0,0,1,1,0,ok,"{""sentences"": [""I hear you."", ""We can pause here for a moment.""], ""safety"": ""ok""}",1,2176,2.466699999786215,0.0020000006770715117,0.00019999970390927047,0.014000000192027073,0.005300000339047983,2.4941000001490465
2720,d351_u8,happy,train,351,8,bc,2,1,1,0,0,0,1,1,0,ok,"{""sentences"": [""I hear you."", ""We can pause here for a moment.""], ""safety"": ""ok""}",1,2176,3.3627000002525165,0.0018000000636675395,0.0002999995558639057,0.01359999987471383,0.0052999994295532815,3.4050000003844616
2721,d351_u9,angry,train,351,9,bc,2,1,1,0,0,0,1,1,0,ok,"{""sentences"": [""I hear you."", ""We can pause here for a moment.""], ""safety"": ""ok""}",1,2176,2.4551999995310325,0.002200000380980782,0.00019999970390927047,0.014599999303754885,0.005599999894911889,2.484100000401668
2722,d351_u10,angry,train,351,10,bc,2,1,1,0,0,0,1,1,0,ok,"{""sentences"": [""I hear you."", ""We can pause here for a moment.""], ""safety"": ""ok""}",1,2176,3.179199999976845,0.0018999999156221747,0.00019999970390927047,0.01359999987471383,0.005300000339047983,3.206299999874318
2723,d351_u11,happy,train,351,11,bc,2,1,1,0,0,0,1,1,0,ok,"{""sentences"": [""I hear you."", ""We can pause here for a moment.""], ""safety"": ""ok""}",1,2176,2.750900000137335,0.00199999976757681,0.0002999995558639057,0.014100000043981709,0.005300000339047983,2.778500000204076
2724,d351_u12,angry,train,351,12,bc,2,1,1,0,0,0,1,1,0,ok,"{""sentences"": [""I hear you."", ""We can pause here for a moment.""], ""safety"": ""ok""}",1,2176,2.9057000001557753,0.00199999976757681,0.00019999970390927047,0.013800000488117803,0.005199999577598646,2.9328000000532484
2725,d351_u13,angry,train,351,13,bc,2,1,1,0,0,0,1,1,0,ok,"{""sentences"": [""I hear you."", ""We can pause here for a moment.""], ""safety"": ""ok""}",1,2176,2.7505999996719765,0.0018999999156221747,0.00019999970390927047,0.013799999578623101,0.0054000001910026185,2.7774000000135857
2726,d351_u15,happy,train,351,15,bc,2,1,1,0,0,0,1,1,0,ok,"{""sentences"": [""I hear you."", ""We can pause here for a moment.""], ""safety"": ""ok""}",1,2176,2.82229999993433,0.00199999976757681,0.0002999995558639057,0.014199999895936344,0.005500000042957254,2.850199999556935
2727,d352_u0,neutral,train,352,0,bc,2,1,1,0,0,0,1,1,0,ok,"{""sentences"": [""I hear you."", ""We can pause here for a moment.""], ""safety"": ""ok""}",1,2176,2.458699999806413,0.0019000008251168765,0.0002999995558639057,0.014000000192027073,0.005300000339047983,2.4862000000211992
2728,d352_u1,angry,train,352,1,bc,2,1,1,0,0,0,1,1,0,ok,"{""sentences"": [""I hear you."", ""We can pause here for a moment.""], ""safety"": ""ok""}",1,2176,2.639199999975972,0.00199999976757681,0.00030000046535860747,0.013999999282532372,0.005200000487093348,2.666599999429309
2729,d352_u2,happy,train,352,2,bc,2,1,1,0,0,0,1,1,0,ok,"{""sentences"": [""I hear you."", ""We can pause here for a moment.""], ""safety"": ""ok""}",1,2176,2.6080000006913906,0.0018999999156221747,0.00019999970390927047,0.014299999747890979,0.005200000487093348,2.6354000001447275
2730,d352_u3,angry,train,352,3,bc,2,1,1,0,0,0,1,1,0,ok,"{""sentences"": [""I hear you."", ""We can pause here for a moment.""], ""safety"": ""ok""}",1,2176,2.741999999670952,0.0018999999156221747,0.00030000046535860747,0.013699999726668466,0.005699999746866524,2.7694000000337837
2731,d352_u4,neutral,train,352,4,bc,2,1,1,0,0,0,1,1,0,ok,"{""sentences"": [""I hear you."", ""We can pause here for a moment.""], ""safety"": ""ok""}",1,2176,2.861299999494804,0.0018000000636675395,0.00019999970390927047,0.014100000043981709,0.005199999577598646,2.8884999992442317
2732,d352_u5,happy,train,352,5,bc,2,1,1,0,0,0,1,1,0,ok,"{""sentences"": [""I hear you."", ""We can pause here for a moment.""], ""safety"": ""ok""}",1,2176,2.8203000001667533,0.0018000000636675395,0.00020000061340397224,0.01320000046689529,0.004999999873689376,2.8458999995564227
2733,d353_u0,neutral,train,353,0,bc,2,1,1,0,0,0,1,1,0,ok,"{""sentences"": [""I hear you."", ""We can pause here for a moment.""], ""safety"": ""ok""}",1,2176,2.8035999994244776,0.0018000000636675395,0.00030000046535860747,0.013100000614940654,0.004900000021734741,2.8290000000197324
2734,d353_u1,neutral,train,353,1,bc,2,1,1,0,0,0,1,1,0,ok,"{""sentences"": [""I hear you."", ""We can pause here for a moment.""], ""safety"": ""ok""}",1,2176,2.6182000001426786,0.0018000000636675395,0.00030000046535860747,0.014299999747890979,0.005300000339047983,2.6458000002094195
2735,d354_u0,neutral,train,354,0,bc,2,1,1,0,0,0,1,1,0,ok,"{""sentences"": [""I hear you."", ""We can pause here for a moment.""], ""safety"": ""ok""}",1,2176,2.892799999244744,0.00199999976757681,0.0002999995558639057,0.014299999747890979,0.005300000339047983,2.920599999924889
2736,d354_u1,neutral,train,354,1,bc,2,1,1,0,0,0,1,1,0,ok,"{""sentences"": [""I hear you."", ""We can pause here for a moment.""], ""safety"": ""ok""}",1,2176,2.8071999995518127,0.00199999976757681,0.00030000046535860747,0.013900000340072438,0.005300000339047983,2.8345000000626897
2737,d354_u2,neutral,train,354,2,bc,2,1,1,0,0,0,1,1,0,ok,"{""sentences"": [""I hear you."", ""We can pause here for a moment.""], ""safety"": ""ok""}",1,2176,2.6119000003745896,0.00199999976757681,0.00019999970390927047,0.013799999578623101,0.005200000487093348,2.638699999806704
2738,d354_u3,neutral,train,354,3,bc,2,1,1,0,0,0,1,1,0,ok,"{""sentences"": [""I hear you."", ""We can pause here for a moment.""], ""safety"": ""ok""}",1,2176,2.6247999994666316,0.00199999976757681,0.00020000061340397224,0.013899999430577736,0.005200000487093348,2.6519000002735993
2739,d354_u4,neutral,train,354,4,bc,2,1,1,0,0,0,1,1,0,ok,"{""sentences"": [""I hear you."", ""We can pause here for a moment.""], ""safety"": ""ok""}",1,2176,2.7975000002697925,0.002100000529026147,0.00030000046535860747,0.014100000043981709,0.005300000339047983,2.825200000188488
2740,d354_u5,neutral,train,354,5,bc,2,1,1,0,0,0,1,1,0,ok,"{""sentences"": [""I hear you."", ""We can pause here for a moment.""], ""safety"": ""ok""}",1,2176,2.487499999915599,0.0018999999156221747,0.0002999995558639057,0.014100000043981709,0.005100000635138713,2.514800000426476
2741,d354_u6,neutral,train,354,6,bc,2,1,1,0,0,0,1,1,0,ok,"{""sentences"": [""I hear you."", ""We can pause here for a moment.""], ""safety"": ""ok""}",1,2176,3.0200999999578926,0.00199999976757681,0.0002999995558639057,0.014000000192027073,0.005300000339047983,3.0472999997073202
2742,d354_u8,happy,train,354,8,bc,2,1,1,0,0,0,1,1,0,ok,"{""sentences"": [""I hear you."", ""We can pause here for a moment.""], ""safety"": ""ok""}",1,2176,2.846800000043004,0.0018999999156221747,0.0002999995558639057,0.013699999726668466,0.005300000339047983,2.873899999940477
2743,d354_u9,neutral,train,354,9,bc,2,1,1,0,0,0,1,1,0,ok,"{""sentences"": [""I hear you."", ""We can pause here for a moment.""], ""safety"": ""ok""}",1,2176,3.07639999937237,0.0018999999156221747,0.00019999970390927047,0.014100000043981709,0.005300000339047983,3.103400000327383
2744,d354_u10,happy,train,354,10,bc,2,1,1,0,0,0,1,1,0,ok,"{""sentences"": [""I hear you."", ""We can pause here for a moment.""], ""safety"": ""ok""}",1,2176,2.4038000001382898,0.0018999999156221747,0.00019999970390927047,0.01340000017080456,0.005099999725644011,2.429899999697227
2745,d354_u11,neutral,train,354,11,bc,2,1,1,0,0,0,1,1,0,ok,"{""sentences"": [""I hear you."", ""We can pause here for a moment.""], ""safety"": ""ok""}",1,2176,2.7322999994794372,0.002099999619531445,0.0002999995558639057,0.013299999409355223,0.005199999577598646,2.7583000000959146
2746,d354_u12,neutral,train,354,12,bc,2,1,1,0,0,0,1,1,0,ok,"{""sentences"": [""I hear you."", ""We can pause here for a moment.""], ""safety"": ""ok""}",1,2176,2.5028000000020256,0.0018000000636675395,0.00030000046535860747,0.013299999409355223,0.005199999577598646,2.5289999994129175
2747,d354_u13,neutral,train,354,13,bc,2,1,1,0,0,0,1,1,0,ok,"{""sentences"": [""I hear you."", ""We can pause here for a moment.""], ""safety"": ""ok""}",1,2176,2.7944999992541852,0.0018999999156221747,0.00019999970390927047,0.013800000488117803,0.005500000042957254,2.8215000002091983
2748,d354_u14,angry,train,354,14,bc,2,1,1,0,0,0,1,1,0,ok,"{""sentences"": [""I hear you."", ""We can pause here for a moment.""], ""safety"": ""ok""}",1,2176,3.323900000395952,0.0020000006770715117,0.00019999970390927047,0.014600000213249587,0.0054000001910026185,3.3520999995744205
2749,d354_u15,neutral,train,354,15,bc,2,1,1,0,0,0,1,1,0,ok,"{""sentences"": [""I hear you."", ""We can pause here for a moment.""], ""safety"": ""ok""}",1,2176,2.2408000004361384,0.00199999976757681,0.00020000061340397224,0.013800000488117803,0.005200000487093348,2.2674000001643435
2750,d354_u16,neutral,train,354,16,bc,2,1,1,0,0,0,1,1,0,ok,"{""sentences"": [""I hear you."", ""We can pause here for a moment.""], ""safety"": ""ok""}",1,2176,2.8707999999824096,0.0020000006770715117,0.00030000046535860747,0.014100000043981709,0.005600000804406591,2.898700000514509
2751,d354_u17,neutral,train,354,17,bc,2,1,1,0,0,0,1,1,0,ok,"{""sentences"": [""I hear you."", ""We can pause here for a moment.""], ""safety"": ""ok""}",1,2176,2.718599999752769,0.0018999999156221747,0.00019999970390927047,0.014100000043981709,0.005199999577598646,2.745900000263646
2752,d355_u0,sad,train,355,0,bc,2,1,1,0,0,0,1,1,0,ok,"{""sentences"": [""I hear you."", ""We can pause here for a moment.""], ""safety"": ""ok""}",1,2176,2.6496999998926185,0.002099999619531445,0.00030000046535860747,0.013899999430577736,0.005500000042957254,2.677600000424718
2753,d355_u1,neutral,train,355,1,bc,2,1,1,0,0,0,1,1,0,ok,"{""sentences"": [""I hear you."", ""We can pause here for a moment.""], ""safety"": ""ok""}",1,2176,2.6428999999552616,0.002099999619531445,0.00019999970390927047,0.014199999895936344,0.005200000487093348,2.6706999997259118
2754,d355_u2,neutral,train,355,2,bc,2,1,1,0,0,0,1,1,0,ok,"{""sentences"": [""I hear you."", ""We can pause here for a moment.""], ""safety"": ""ok""}",1,2176,4.708100000243576,0.00199999976757681,0.00020000061340397224,0.014400000509340316,0.005300000339047983,4.736300000331539
2755,d355_u3,happy,train,355,3,bc,2,1,1,0,0,0,1,1,0,ok,"{""sentences"": [""I hear you."", ""We can pause here for a moment.""], ""safety"": ""ok""}",1,2176,5.365200000596815,0.0018000000636675395,0.00019999970390927047,0.014100000043981709,0.005300000339047983,5.392600000050152
2756,d355_u4,neutral,train,355,4,bc,2,1,1,0,0,0,1,1,0,ok,"{""sentences"": [""I hear you."", ""We can pause here for a moment.""], ""safety"": ""ok""}",1,2176,4.879600000094797,0.0018999999156221747,0.0002999995558639057,0.01359999987471383,0.005200000487093348,4.906299999674957
2757,d356_u0,sad,train,356,0,bc,2,1,1,0,0,0,1,1,0,ok,"{""sentences"": [""I hear you."", ""We can pause here for a moment.""], ""safety"": ""ok""}",1,2176,5.0149999997302075,0.00199999976757681,0.00019999970390927047,0.013999999282532372,0.005599999894911889,5.042599999796948
2758,d356_u2,neutral,train,356,2,bc,2,1,1,0,0,0,1,1,0,ok,"{""sentences"": [""I hear you."", ""We can pause here for a moment.""], ""safety"": ""ok""}",1,2176,2.542399999583722,0.00199999976757681,0.00030000046535860747,0.01359999987471383,0.005099999725644011,2.5691000000733766
2759,d356_u4,neutral,train,356,4,bc,2,1,1,0,0,0,1,1,0,ok,"{""sentences"": [""I hear you."", ""We can pause here for a moment.""], ""safety"": ""ok""}",1,2176,3.0027000002519344,0.0018999999156221747,0.00030000046535860747,0.013800000488117803,0.005099999725644011,3.029399999832094
2760,d356_u5,neutral,train,356,5,bc,2,1,1,0,0,0,1,1,0,ok,"{""sentences"": [""I hear you."", ""We can pause here for a moment.""], ""safety"": ""ok""}",1,2176,3.061800000068615,0.0018999999156221747,0.00020000061340397224,0.01340000017080456,0.005100000635138713,3.088000000389002
2761,d356_u6,sad,train,356,6,bc,2,1,1,0,0,0,1,1,0,ok,"{""sentences"": [""I hear you."", ""We can pause here for a moment.""], ""safety"": ""ok""}",1,2176,2.4246000002676737,0.002100000529026147,0.00020000061340397224,0.014399999599845614,0.005500000042957254,2.4530000000595464
2762,d356_u7,happy,train,356,7,bc,2,1,1,0,0,0,1,1,0,ok,"{""sentences"": [""I hear you."", ""We can pause here for a moment.""], ""safety"": ""ok""}",1,2176,2.7036999999836553,0.0018999999156221747,0.00019999970390927047,0.014199999895936344,0.005100000635138713,2.731100000346487
2763,d356_u8,neutral,train,356,8,bc,2,1,1,0,0,0,1,1,0,ok,"{""sentences"": [""I hear you."", ""We can pause here for a moment.""], ""safety"": ""ok""}",1,2176,2.8086000002076617,0.0018000000636675395,0.00019999970390927047,0.01359999987471383,0.004900000021734741,2.835100000083912
2764,d356_u9,sad,train,356,9,bc,2,1,1,0,0,0,1,1,0,ok,"{""sentences"": [""I hear you."", ""We can pause here for a moment.""], ""safety"": ""ok""}",1,2176,2.999899999849731,0.0018000000636675395,0.00030000046535860747,0.013099999705445953,0.004999999873689376,3.0249999999796273
2765,d356_u10,angry,train,356,10,bc,2,1,1,0,0,0,1,1,0,ok,"{""sentences"": [""I hear you."", ""We can pause here for a moment.""], ""safety"": ""ok""}",1,2176,2.6116999997611856,0.0018000000636675395,0.0002999995558639057,0.01340000017080456,0.004999999873689376,2.6378000002296176
2766,d356_u12,neutral,train,356,12,bc,2,1,1,0,0,0,1,1,0,ok,"{""sentences"": [""I hear you."", ""We can pause here for a moment.""], ""safety"": ""ok""}",1,2176,2.7908000001843902,0.0019000008251168765,0.00019999970390927047,0.013800000488117803,0.005099999725644011,2.8178999991723686
2767,d356_u13,happy,train,356,13,bc,2,1,1,0,0,0,1,1,0,ok,"{""sentences"": [""I hear you."", ""We can pause here for a moment.""], ""safety"": ""ok""}",1,2176,3.4446999998181127,0.0018000000636675395,0.00019999970390927047,0.013900000340072438,0.005099999725644011,3.4713999993982725
2768,d356_u14,neutral,train,356,14,bc,2,1,1,0,0,0,1,1,0,ok,"{""sentences"": [""I hear you."", ""We can pause here for a moment.""], ""safety"": ""ok""}",1,2176,2.543399999922258,0.00199999976757681,0.0002999995558639057,0.013900000340072438,0.005099999725644011,2.5700999995024176
2769,d356_u15,neutral,train,356,15,bc,2,1,1,0,0,0,1,1,0,ok,"{""sentences"": [""I hear you."", ""We can pause here for a moment.""], ""safety"": ""ok""}",1,2176,2.7374999999665306,0.00199999976757681,0.00030000046535860747,0.013500000022759195,0.005099999725644011,2.763800000138872
2770,d356_u16,neutral,train,356,16,bc,2,1,1,0,0,0,1,1,0,ok,"{""sentences"": [""I hear you."", ""We can pause here for a moment.""], ""safety"": ""ok""}",1,2176,2.8703999996650964,0.0018999999156221747,0.00019999970390927047,0.01359999987471383,0.0054000001910026185,2.897399999710615
2771,d356_u17,angry,train,356,17,bc,2,1,1,0,0,0,1,1,0,ok,"{""sentences"": [""I hear you."", ""We can pause here for a moment.""], ""safety"": ""ok""}",1,2176,2.5924000001396053,0.0018000000636675395,0.0002999995558639057,0.013800000488117803,0.005099999725644011,2.6191999995717197
2772,d356_u18,neutral,train,356,18,bc,2,1,1,0,0,0,1,1,0,ok,"{""sentences"": [""I hear you."", ""We can pause here for a moment.""], ""safety"": ""ok""}",1,2176,2.78119999984483,0.0017999991541728377,0.0002999995558639057,0.013199999557400588,0.005000000783184078,2.8068999999959487
2773,d356_u19,neutral,train,356,19,bc,2,1,1,0,0,0,1,1,0,ok,"{""sentences"": [""I hear you."", ""We can pause here for a moment.""], ""safety"": ""ok""}",1,2176,3.267999999479798,0.0018999999156221747,0.0002999995558639057,0.013799999578623101,0.005000000783184078,3.2945000002655433
2774,d356_u21,angry,train,356,21,bc,2,1,1,0,0,0,1,1,0,ok,"{""sentences"": [""I hear you."", ""We can pause here for a moment.""], ""safety"": ""ok""}",1,2176,2.727999999478925,0.002100000529026147,0.0002999995558639057,0.013699999726668466,0.005099999725644011,2.755099999376398
2775,d356_u22,neutral,train,356,22,bc,2,1,1,0,0,0,1,1,0,ok,"{""sentences"": [""I hear you."", ""We can pause here for a moment.""], ""safety"": ""ok""}",1,2176,2.342300000236719,0.002100000529026147,0.00019999970390927047,0.014000000192027073,0.0052999994295532815,2.3692000004302827
2776,d357_u2,neutral,train,357,2,bc,2,1,1,0,0,0,1,1,0,ok,"{""sentences"": [""I hear you."", ""We can pause here for a moment.""], ""safety"": ""ok""}",1,2176,2.6310000002922607,0.0018999999156221747,0.0002999995558639057,0.013900000340072438,0.005099999725644011,2.6581000001897337
2777,d358_u0,neutral,train,358,0,bc,2,1,1,0,0,0,1,1,0,ok,"{""sentences"": [""I hear you."", ""We can pause here for a moment.""], ""safety"": ""ok""}",1,2176,2.648599999702128,0.0018999999156221747,0.0002999995558639057,0.013300000318849925,0.004999999873689376,2.674499999557156
2778,d358_u1,neutral,train,358,1,bc,2,1,1,0,0,0,1,1,0,ok,"{""sentences"": [""I hear you."", ""We can pause here for a moment.""], ""safety"": ""ok""}",1,2176,2.709100000174658,0.0019000008251168765,0.0002999995558639057,0.013899999430577736,0.005099999725644011,2.7361000002201763
2779,d358_u2,neutral,train,358,2,bc,2,1,1,0,0,0,1,1,0,ok,"{""sentences"": [""I hear you."", ""We can pause here for a moment.""], ""safety"": ""ok""}",1,2176,3.055099999983213,0.0018999999156221747,0.00030000046535860747,0.014100000043981709,0.0052999994295532815,3.08249999943655
2780,d358_u3,sad,train,358,3,bc,2,1,1,0,0,0,1,1,0,ok,"{""sentences"": [""I hear you."", ""We can pause here for a moment.""], ""safety"": ""ok""}",1,2176,3.042999999706808,0.0018999999156221747,0.00030000046535860747,0.013600000784208532,0.005399999281507917,3.0698999999003718
2781,d358_u4,neutral,train,358,4,bc,2,1,1,0,0,0,1,1,0,ok,"{""sentences"": [""I hear you."", ""We can pause here for a moment.""], ""safety"": ""ok""}",1,2176,2.4333999999726075,0.0019000008251168765,0.00020000061340397224,0.01340000017080456,0.005099999725644011,2.4592999998276355
2782,d358_u5,neutral,train,358,5,bc,2,1,1,0,0,0,1,1,0,ok,"{""sentences"": [""I hear you."", ""We can pause here for a moment.""], ""safety"": ""ok""}",1,2176,3.011799999512732,0.0018999999156221747,0.00030000046535860747,0.013800000488117803,0.005300000339047983,3.038599999854341
2783,d358_u7,neutral,train,358,7,bc,2,1,1,0,0,0,1,1,0,ok,"{""sentences"": [""I hear you."", ""We can pause here for a moment.""], ""safety"": ""ok""}",1,2176,2.685100000235252,0.0018999999156221747,0.00020000061340397224,0.013900000340072438,0.005100000635138713,2.712200000132725
2784,d358_u9,angry,train,358,9,bc,2,1,1,0,0,0,1,1,0,ok,"{""sentences"": [""I hear you."", ""We can pause here for a moment.""], ""safety"": ""ok""}",1,2176,2.8517000000647386,0.0018999999156221747,0.00030000046535860747,0.013900000340072438,0.005200000487093348,2.8787999999622116
2785,d358_u10,happy,train,358,10,bc,2,1,1,0,0,0,1,1,0,ok,"{""sentences"": [""I hear you."", ""We can pause here for a moment.""], ""safety"": ""ok""}",1,2176,2.6129999996555853,0.0018999999156221747,0.0002999995558639057,0.014500000361294951,0.005200000487093348,2.64080000033573
2786,d358_u12,neutral,train,358,12,bc,2,1,1,0,0,0,1,1,0,ok,"{""sentences"": [""I hear you."", ""We can pause here for a moment.""], ""safety"": ""ok""}",1,2176,2.636499999425723,0.00199999976757681,0.00020000061340397224,0.014400000509340316,0.005300000339047983,2.6642000002539135
2787,d358_u14,sad,train,358,14,bc,2,1,1,0,0,0,1,1,0,ok,"{""sentences"": [""I hear you."", ""We can pause here for a moment.""], ""safety"": ""ok""}",1,2176,2.607499999612628,0.00199999976757681,0.0002999995558639057,0.014100000043981709,0.0052999994295532815,2.634800000123505
2788,d358_u15,neutral,train,358,15,bc,2,1,1,0,0,0,1,1,0,ok,"{""sentences"": [""I hear you."", ""We can pause here for a moment.""], ""safety"": ""ok""}",1,2176,2.7510999998412444,0.0018999999156221747,0.00020000061340397224,0.013999999282532372,0.005200000487093348,2.778099999886763
2789,d358_u16,neutral,train,358,16,bc,2,1,1,0,0,0,1,1,0,ok,"{""sentences"": [""I hear you."", ""We can pause here for a moment.""], ""safety"": ""ok""}",1,2176,3.010000000358559,0.0018000000636675395,0.0002999995558639057,0.013699999726668466,0.005100000635138713,3.036699999938719
2790,d358_u17,neutral,train,358,17,bc,2,1,1,0,0,0,1,1,0,ok,"{""sentences"": [""I hear you."", ""We can pause here for a moment.""], ""safety"": ""ok""}",1,2176,3.064400000766909,0.0018999999156221747,0.0002999995558639057,0.012999999853491317,0.005100000635138713,3.0901000000085332
2791,d358_u18,sad,train,358,18,bc,2,1,1,0,0,0,1,1,0,ok,"{""sentences"": [""I hear you."", ""We can pause here for a moment.""], ""safety"": ""ok""}",1,2176,2.853300000424497,0.0018000000636675395,0.00030000046535860747,0.014500000361294951,0.0054000001910026185,2.8812999998990563
2792,d359_u1,neutral,train,359,1,bc,2,1,1,0,0,0,1,1,0,ok,"{""sentences"": [""I hear you."", ""We can pause here for a moment.""], ""safety"": ""ok""}",1,2176,2.6838999992833124,0.0018999999156221747,0.00030000046535860747,0.014200000805431046,0.005199999577598646,2.7110999999422347
2793,d359_u3,sad,train,359,3,bc,2,1,1,0,0,0,1,1,0,ok,"{""sentences"": [""I hear you."", ""We can pause here for a moment.""], ""safety"": ""ok""}",1,2176,2.638699999806704,0.00199999976757681,0.0002999995558639057,0.013399999261309858,0.004900000021734741,2.6647000004231813
2794,d359_u4,happy,train,359,4,bc,2,1,1,0,0,0,1,1,0,ok,"{""sentences"": [""I hear you."", ""We can pause here for a moment.""], ""safety"": ""ok""}",1,2176,2.6100999994014273,0.002200000380980782,0.00019999970390927047,0.015900000107649248,0.005500000042957254,2.6397999999971944
2795,d359_u5,happy,train,359,5,bc,2,1,1,0,0,0,1,1,0,ok,"{""sentences"": [""I hear you."", ""We can pause here for a moment.""], ""safety"": ""ok""}",1,2176,2.8722999995807186,0.0018000000636675395,0.00019999970390927047,0.014100000043981709,0.005099999725644011,2.8996000000915956
2796,d359_u6,sad,train,359,6,bc,2,1,1,0,0,0,1,1,0,ok,"{""sentences"": [""I hear you."", ""We can pause here for a moment.""], ""safety"": ""ok""}",1,2176,2.8562999996211147,0.0018999999156221747,0.00020000061340397224,0.014299999747890979,0.005200000487093348,2.883799999835901
2797,d360_u0,sad,train,360,0,bc,2,1,1,0,0,0,1,1,0,ok,"{""sentences"": [""I hear you."", ""We can pause here for a moment.""], ""safety"": ""ok""}",1,2176,2.7167999996891012,0.0018999999156221747,0.00019999970390927047,0.013800000488117803,0.0052999994295532815,2.7436000000307104
2798,d360_u1,sad,train,360,1,bc,2,1,1,0,0,0,1,1,0,ok,"{""sentences"": [""I hear you."", ""We can pause here for a moment.""], ""safety"": ""ok""}",1,2176,3.0147999996188446,0.0020000006770715117,0.0002999995558639057,0.03529999958118424,0.005599999894911889,3.0636999999842374
2799,d360_u2,neutral,train,360,2,bc,2,1,1,0,0,0,1,1,0,ok,"{""sentences"": [""I hear you."", ""We can pause here for a moment.""], ""safety"": ""ok""}",1,2176,2.629200000228593,0.00199999976757681,0.00020000061340397224,0.014100000043981709,0.005399999281507917,2.6569000001472887
2800,d360_u3,neutral,train,360,3,bc,2,1,1,0,0,0,1,1,0,ok,"{""sentences"": [""I hear you."", ""We can pause here for a moment.""], ""safety"": ""ok""}",1,2176,2.5581999998394167,0.0020000006770715117,0.00030000046535860747,0.01320000046689529,0.004800000169780105,2.5836999993771315
2801,d360_u4,neutral,train,360,4,bc,2,1,1,0,0,0,1,1,0,ok,"{""sentences"": [""I hear you."", ""We can pause here for a moment.""], ""safety"": ""ok""}",1,2176,2.565400000094087,0.0018999999156221747,0.0002999995558639057,0.01340000017080456,0.005199999577598646,2.5918000001183827
2802,d360_u5,neutral,train,360,5,bc,2,1,1,0,0,0,1,1,0,ok,"{""sentences"": [""I hear you."", ""We can pause here for a moment.""], ""safety"": ""ok""}",1,2176,3.4585000003062305,0.00199999976757681,0.00019999970390927047,0.014100000043981709,0.005300000339047983,3.485799999907613
2803,d361_u0,neutral,train,361,0,bc,2,1,1,0,0,0,1,1,0,ok,"{""sentences"": [""I hear you."", ""We can pause here for a moment.""], ""safety"": ""ok""}",1,2176,2.414399999906891,0.00199999976757681,0.00030000046535860747,0.014000000192027073,0.0054000001910026185,2.4416999995082733
2804,d361_u1,neutral,train,361,1,bc,2,1,1,0,0,0,1,1,0,ok,"{""sentences"": [""I hear you."", ""We can pause here for a moment.""], ""safety"": ""ok""}",1,2176,2.5298999998994987,0.0018999999156221747,0.0002999995558639057,0.013100000614940654,0.005199999577598646,2.5556000000506174
2805,d361_u2,neutral,train,361,2,bc,2,1,1,0,0,0,1,1,0,ok,"{""sentences"": [""I hear you."", ""We can pause here for a moment.""], ""safety"": ""ok""}",1,2176,2.634800000123505,0.0018000000636675395,0.00019999970390927047,0.012900000001536682,0.004999999873689376,2.6598999993439065
2806,d361_u4,neutral,train,361,4,bc,2,1,1,0,0,0,1,1,0,ok,"{""sentences"": [""I hear you."", ""We can pause here for a moment.""], ""safety"": ""ok""}",1,2176,2.4790999996184837,0.0018999999156221747,0.00019999970390927047,0.014299999747890979,0.005300000339047983,2.5066999996852246
2807,d361_u5,neutral,train,361,5,bc,2,1,1,0,0,0,1,1,0,ok,"{""sentences"": [""I hear you."", ""We can pause here for a moment.""], ""safety"": ""ok""}",1,2176,3.2015000006140326,0.0018999999156221747,0.00019999970390927047,0.013800000488117803,0.005200000487093348,3.2282000001941924
2808,d361_u6,happy,train,361,6,bc,2,1,1,0,0,0,1,1,0,ok,"{""sentences"": [""I hear you."", ""We can pause here for a moment.""], ""safety"": ""ok""}",1,2176,2.6893000003838097,0.0018999999156221747,0.00020000061340397224,0.012999999853491317,0.005200000487093348,2.7149999996254337
2809,d361_u8,neutral,train,361,8,bc,2,1,1,0,0,0,1,1,0,ok,"{""sentences"": [""I hear you."", ""We can pause here for a moment.""], ""safety"": ""ok""}",1,2176,2.620100000058301,0.0018000000636675395,0.00030000046535860747,0.01340000017080456,0.004999999873689376,2.6460999997652834
2810,d361_u10,happy,train,361,10,bc,2,1,1,0,0,0,1,1,0,ok,"{""sentences"": [""I hear you."", ""We can pause here for a moment.""], ""safety"": ""ok""}",1,2176,2.988799999911862,0.0018999999156221747,0.00030000046535860747,0.014100000043981709,0.004999999873689376,3.0159999996612896
2811,d361_u11,happy,train,361,11,bc,2,1,1,0,0,0,1,1,0,ok,"{""sentences"": [""I hear you."", ""We can pause here for a moment.""], ""safety"": ""ok""}",1,2176,2.56340000032651,0.0017999991541728377,0.00019999970390927047,0.013600000784208532,0.005199999577598646,2.5899000002027606
2812,d361_u12,neutral,train,361,12,bc,2,1,1,0,0,0,1,1,0,ok,"{""sentences"": [""I hear you."", ""We can pause here for a moment.""], ""safety"": ""ok""}",1,2176,2.867500000320433,0.00199999976757681,0.0002999995558639057,0.013799999578623101,0.005099999725644011,2.894199999900593
2813,d361_u13,neutral,train,361,13,bc,2,1,1,0,0,0,1,1,0,ok,"{""sentences"": [""I hear you."", ""We can pause here for a moment.""], ""safety"": ""ok""}",1,2176,2.6225999999951455,0.0018000000636675395,0.00020000061340397224,0.013100000614940654,0.004999999873689376,2.6480999995328602
2814,d361_u14,neutral,train,361,14,bc,2,1,1,0,0,0,1,1,0,ok,"{""sentences"": [""I hear you."", ""We can pause here for a moment.""], ""safety"": ""ok""}",1,2176,2.8468999998949585,0.0018999999156221747,0.00030000046535860747,0.01359999987471383,0.005500000042957254,2.8735999994751182
2815,d362_u0,sad,train,362,0,bc,2,1,1,0,0,0,1,1,0,ok,"{""sentences"": [""I hear you."", ""We can pause here for a moment.""], ""safety"": ""ok""}",1,2176,2.9936999999335967,0.0017999991541728377,0.0002999995558639057,0.013799999578623101,0.005000000783184078,3.020199999809847
2816,d362_u1,neutral,train,362,1,bc,2,1,1,0,0,0,1,1,0,ok,"{""sentences"": [""I hear you."", ""We can pause here for a moment.""], ""safety"": ""ok""}",1,2176,2.453799999784678,0.0018999999156221747,0.00030000046535860747,0.01340000017080456,0.004900000021734741,2.479699999639706
2817,d362_u2,neutral,train,362,2,bc,2,1,1,0,0,0,1,1,0,ok,"{""sentences"": [""I hear you."", ""We can pause here for a moment.""], ""safety"": ""ok""}",1,2176,2.68560000040452,0.0018999999156221747,0.00019999970390927047,0.013699999726668466,0.005200000487093348,2.7122999999846797
2818,d362_u3,sad,train,362,3,bc,2,1,1,0,0,0,1,1,0,ok,"{""sentences"": [""I hear you."", ""We can pause here for a moment.""], ""safety"": ""ok""}",1,2176,2.7454999999463325,0.00199999976757681,0.00030000046535860747,0.014100000043981709,0.0054000001910026185,2.773000000161119
2819,d362_u4,neutral,train,362,4,bc,2,1,1,0,0,0,1,1,0,ok,"{""sentences"": [""I hear you."", ""We can pause here for a moment.""], ""safety"": ""ok""}",1,2176,2.351699999962875,0.0018999999156221747,0.0002999995558639057,0.013800000488117803,0.005199999577598646,2.378600000156439
2820,d362_u5,sad,train,362,5,bc,2,1,1,0,0,0,1,1,0,ok,"{""sentences"": [""I hear you."", ""We can pause here for a moment.""], ""safety"": ""ok""}",1,2176,2.977199999804725,0.0018000000636675395,0.00030000046535860747,0.013500000022759195,0.005100000635138713,3.003599999829021
2821,d362_u6,neutral,train,362,6,bc,2,1,1,0,0,0,1,1,0,ok,"{""sentences"": [""I hear you."", ""We can pause here for a moment.""], ""safety"": ""ok""}",1,2176,3.129400000034366,0.0020000006770715117,0.00019999970390927047,0.013699999726668466,0.005200000487093348,3.1563000002279296
2822,d362_u8,neutral,train,362,8,bc,2,1,1,0,0,0,1,1,0,ok,"{""sentences"": [""I hear you."", ""We can pause here for a moment.""], ""safety"": ""ok""}",1,2176,2.8699000004053232,0.0019000008251168765,0.00019999970390927047,0.014500000361294951,0.005500000042957254,2.8978999998798827
2823,d363_u0,neutral,train,363,0,bc,2,1,1,0,0,0,1,1,0,ok,"{""sentences"": [""I hear you."", ""We can pause here for a moment.""], ""safety"": ""ok""}",1,2176,2.9029999996055267,0.0018999999156221747,0.00019999970390927047,0.01359999987471383,0.004999999873689376,2.9294000005393173
2824,d363_u1,neutral,train,363,1,bc,2,1,1,0,0,0,1,1,0,ok,"{""sentences"": [""I hear you."", ""We can pause here for a moment.""], ""safety"": ""ok""}",1,2176,2.3620000001756125,0.00199999976757681,0.0002999995558639057,0.013800000488117803,0.0052999994295532815,2.389200000834535
2825,d364_u0,neutral,train,364,0,bc,2,1,1,0,0,0,1,1,0,ok,"{""sentences"": [""I hear you."", ""We can pause here for a moment.""], ""safety"": ""ok""}",1,2176,2.9369999992923113,0.00199999976757681,0.0002999995558639057,0.014100000043981709,0.005199999577598646,2.9644000005646376
2826,d365_u0,neutral,train,365,0,bc,2,1,1,0,0,0,1,1,0,ok,"{""sentences"": [""I hear you."", ""We can pause here for a moment.""], ""safety"": ""ok""}",1,2176,2.585199999884935,0.0018999999156221747,0.00030000046535860747,0.014099999134487007,0.0052999994295532815,2.6123999996343628
2827,d365_u1,neutral,train,365,1,bc,2,1,1,0,0,0,1,1,0,ok,"{""sentences"": [""I hear you."", ""We can pause here for a moment.""], ""safety"": ""ok""}",1,2176,3.2474999998157728,0.0020000006770715117,0.0002999995558639057,0.01340000017080456,0.005199999577598646,3.2738999998400686
2828,d365_u2,neutral,train,365,2,bc,2,1,1,0,0,0,1,1,0,ok,"{""sentences"": [""I hear you."", ""We can pause here for a moment.""], ""safety"": ""ok""}",1,2176,2.5420000001759036,0.0018999999156221747,0.00019999970390927047,0.013699999726668466,0.005099999725644011,2.569000000221422
2829,d365_u3,neutral,train,365,3,bc,2,1,1,0,0,0,1,1,0,ok,"{""sentences"": [""I hear you."", ""We can pause here for a moment.""], ""safety"": ""ok""}",1,2176,2.585999999610067,0.0018000000636675395,0.0002999995558639057,0.012900000001536682,0.005100000635138713,2.6112000005014124
2830,d365_u4,neutral,train,365,4,bc,2,1,1,0,0,0,1,1,0,ok,"{""sentences"": [""I hear you."", ""We can pause here for a moment.""], ""safety"": ""ok""}",1,2176,2.688499999749183,0.00199999976757681,0.00030000046535860747,0.014199999895936344,0.005199999577598646,2.7162000005773734
2831,d365_u5,sad,train,365,5,bc,2,1,1,0,0,0,1,1,0,ok,"{""sentences"": [""I hear you."", ""We can pause here for a moment.""], ""safety"": ""ok""}",1,2176,2.5494999999864376,0.00199999976757681,0.00020000061340397224,0.014199999895936344,0.0054000001910026185,2.577199999905133
2832,d365_u6,angry,train,365,6,bc,2,1,1,0,0,0,1,1,0,ok,"{""sentences"": [""I hear you."", ""We can pause here for a moment.""], ""safety"": ""ok""}",1,2176,3.251300000556512,0.0020000006770715117,0.00019999970390927047,0.01359999987471383,0.005100000635138713,3.2780999999886262
2833,d365_u7,neutral,train,365,7,bc,2,1,1,0,0,0,1,1,0,ok,"{""sentences"": [""I hear you."", ""We can pause here for a moment.""], ""safety"": ""ok""}",1,2176,2.9663999994227197,0.00199999976757681,0.00019999970390927047,0.014000000192027073,0.005500000042957254,2.9939000005470007
2834,d365_u8,neutral,train,365,8,bc,2,1,1,0,0,0,1,1,0,ok,"{""sentences"": [""I hear you."", ""We can pause here for a moment.""], ""safety"": ""ok""}",1,2176,2.317399999810732,0.0018999999156221747,0.00030000046535860747,0.013899999430577736,0.021800000467919745,2.3610999996890314
2835,d365_u9,neutral,train,365,9,bc,2,1,1,0,0,0,1,1,0,ok,"{""sentences"": [""I hear you."", ""We can pause here for a moment.""], ""safety"": ""ok""}",1,2176,2.211800000623043,0.0020000006770715117,0.0002999995558639057,0.013500000022759195,0.005000000783184078,2.238699999907112
2836,d365_u10,neutral,train,365,10,bc,2,1,1,0,0,0,1,1,0,ok,"{""sentences"": [""I hear you."", ""We can pause here for a moment.""], ""safety"": ""ok""}",1,2176,1.6296000003421796,0.0017000002117129043,0.00019999970390927047,0.012800000149582047,0.004900000021734741,1.6540999995413586
