row_index,utterance_id,label,split,Dialogue_ID,Utterance_ID,policy_mode,seed,action_before_fault,action,action_flip_fault_injected,unauthorized_invoke_fault_injected,fault_injected,authorized_to_generate,generation_invoked,unauthorized_invocation,response_safety,response_json,state_exists,state_size_bytes,state_loading_ms,policy_inference_ms,gating_ms,generation_stub_ms,logging_ms,total_latency_ms
0,d0_u0,neutral,train,0,0,random,3,0,0,0,0,0,0,0,0,not_invoked,,1,2176,28.534700000818702,0.02119999953720253,0.0002999995558639057,0.0012000000424450263,0.006000000212225132,28.569899999638437
1,d0_u1,neutral,train,0,1,random,3,0,0,0,0,0,0,0,0,not_invoked,,1,2176,28.290999999626365,0.014000000192027073,0.0002999995558639057,0.0008999995770864189,0.00470000031782547,28.315999999904307
2,d0_u2,neutral,train,0,2,random,3,0,0,0,0,0,0,0,0,not_invoked,,1,2176,2.6084999999511638,0.016400000276917126,0.0002999995558639057,0.001100000190490391,0.006300000677583739,2.6385999999547494
3,d0_u3,neutral,train,0,3,random,3,0,0,0,0,0,0,0,0,not_invoked,,1,2176,1.3750999996773317,0.01049999991664663,0.00030000046535860747,0.0007999997251317836,0.004499999704421498,1.3954999994894024
4,d0_u5,neutral,train,0,5,random,3,1,1,0,0,0,1,1,0,ok,"{""sentences"": [""I hear you."", ""We can pause here for a moment.""], ""safety"": ""ok""}",1,2176,1.791400000001886,0.016900000446185004,0.00030000046535860747,0.03950000063923653,0.004699999408330768,1.8577000000732369
5,d0_u6,neutral,train,0,6,random,3,1,1,0,0,0,1,1,0,ok,"{""sentences"": [""I hear you."", ""We can pause here for a moment.""], ""safety"": ""ok""}",1,2176,2.3903000001155306,0.01880000036180718,0.0002999995558639057,0.01559999964229064,0.005099999725644011,2.4353999997401843
6,d0_u7,neutral,train,0,7,random,3,1,1,0,0,0,1,1,0,ok,"{""sentences"": [""I hear you."", ""We can pause here for a moment.""], ""safety"": ""ok""}",1,2176,2.73159999960626,0.015099999473022763,0.0002999995558639057,0.013199999557400588,0.004999999873689376,2.770799999780138
7,d0_u8,neutral,train,0,8,random,3,1,1,0,0,0,1,1,0,ok,"{""sentences"": [""I hear you."", ""We can pause here for a moment.""], ""safety"": ""ok""}",1,2176,1.5304999997169944,0.012200000128359534,0.00019999970390927047,0.012200000128359534,0.004399999852466863,1.5643999995518243
8,d0_u9,neutral,train,0,9,random,3,1,1,0,0,0,1,1,0,ok,"{""sentences"": [""I hear you."", ""We can pause here for a moment.""], ""safety"": ""ok""}",1,2176,1.7138000002887566,0.013299999409355223,0.0002999995558639057,0.012599999536178075,0.024499999199179,1.7698999999993248
9,d0_u11,neutral,train,0,11,random,3,1,1,0,0,0,1,1,0,ok,"{""sentences"": [""I hear you."", ""We can pause here for a moment.""], ""safety"": ""ok""}",1,2176,1.639699999941513,0.013099999705445953,0.00030000046535860747,0.012299999980314169,0.004499999704421498,1.674799999818788
10,d0_u13,neutral,train,0,13,random,3,1,1,0,0,0,1,1,0,ok,"{""sentences"": [""I hear you."", ""We can pause here for a moment.""], ""safety"": ""ok""}",1,2176,1.8694000000323285,0.023499999770137947,0.0005000001692678779,0.01869999960035784,0.009000000318337698,1.9283000001451
11,d1_u1,sad,train,1,1,random,3,1,1,0,0,0,1,1,0,ok,"{""sentences"": [""I hear you."", ""We can pause here for a moment.""], ""safety"": ""ok""}",1,2176,2.081499999803782,0.01500000053056283,0.0002999995558639057,0.01469999915570952,0.005199999577598646,2.1229000003586407
12,d1_u4,neutral,train,1,4,random,3,0,0,0,0,0,0,0,0,not_invoked,,1,2176,1.5754999994896934,0.013500000022759195,0.0002999995558639057,0.000999999429041054,0.005100000635138713,1.6005999996195897
13,d1_u5,neutral,train,1,5,random,3,1,1,0,0,0,1,1,0,ok,"{""sentences"": [""I hear you."", ""We can pause here for a moment.""], ""safety"": ""ok""}",1,2176,1.5277000002242858,0.01320000046689529,0.00020000061340397224,0.012600000445672777,0.004600000465870835,1.5638000004400965
14,d1_u8,neutral,train,1,8,random,3,1,1,0,0,0,1,1,0,ok,"{""sentences"": [""I hear you."", ""We can pause here for a moment.""], ""safety"": ""ok""}",1,2176,1.5400000002046,0.013199999557400588,0.0002999995558639057,0.012700000297627412,0.004699999408330768,1.576000000568456
15,d2_u0,neutral,train,2,0,random,3,1,1,0,0,0,1,1,0,ok,"{""sentences"": [""I hear you."", ""We can pause here for a moment.""], ""safety"": ""ok""}",1,2176,1.542199999676086,0.013199999557400588,0.00030000046535860747,0.011999999514955562,0.004800000169780105,1.5776000000187196
16,d2_u1,neutral,train,2,1,random,3,1,1,0,0,0,1,1,0,ok,"{""sentences"": [""I hear you."", ""We can pause here for a moment.""], ""safety"": ""ok""}",1,2176,1.557399999910558,0.012999999853491317,0.00020000061340397224,0.012200000128359534,0.004300000000512227,1.5921000003800145
17,d2_u2,happy,train,2,2,random,3,0,0,0,0,0,0,0,0,not_invoked,,1,2176,1.5182999995886348,0.012999999853491317,0.00020000061340397224,0.0009000004865811206,0.004800000169780105,1.5423000004375353
18,d2_u3,sad,train,2,3,random,3,1,1,0,0,0,1,1,0,ok,"{""sentences"": [""I hear you."", ""We can pause here for a moment.""], ""safety"": ""ok""}",1,2176,1.443999999537482,0.013899999430577736,0.00030000046535860747,0.03329999981360743,0.0054000001910026185,1.502500000242435
19,d2_u5,neutral,train,2,5,random,3,1,1,0,0,0,1,1,0,ok,"{""sentences"": [""I hear you."", ""We can pause here for a moment.""], ""safety"": ""ok""}",1,2176,1.648699999350356,0.014100000043981709,0.0004000003173132427,0.012900000001536682,0.004900000021734741,1.686100000370061
20,d2_u7,sad,train,2,7,random,3,1,1,0,0,0,1,1,0,ok,"{""sentences"": [""I hear you."", ""We can pause here for a moment.""], ""safety"": ""ok""}",1,2176,1.5671999999540276,0.013300000318849925,0.00030000046535860747,0.012600000445672777,0.004800000169780105,1.6033000001698383
21,d2_u8,neutral,train,2,8,random,3,0,0,0,0,0,0,0,0,not_invoked,,1,2176,1.4353000005939975,0.02719999974942766,0.00030000046535860747,0.0010000003385357559,0.0045000006139162,1.4730000002600718
22,d2_u9,neutral,train,2,9,random,3,0,0,0,0,0,0,0,0,not_invoked,,1,2176,1.526400000329886,0.01359999987471383,0.0002999995558639057,0.000999999429041054,0.020199999198666774,1.5670000002501183
23,d2_u10,happy,train,2,10,random,3,0,0,0,0,0,0,0,0,not_invoked,,1,2176,1.4984999997977866,0.028100000236008782,0.00019999970390927047,0.0009000004865811206,0.00470000031782547,1.5375000002677552
24,d2_u11,neutral,train,2,11,random,3,0,0,0,0,0,0,0,0,not_invoked,,1,2176,1.4771999994991347,0.013099999705445953,0.00019999970390927047,0.000999999429041054,0.004999999873689376,1.5017000005173031
25,d2_u12,happy,train,2,12,random,3,1,1,0,0,0,1,1,0,ok,"{""sentences"": [""I hear you."", ""We can pause here for a moment.""], ""safety"": ""ok""}",1,2176,1.443699999981618,0.027600000066740904,0.00020000061340397224,0.012100000276404899,0.004399999852466863,1.493000000664324
26,d3_u3,neutral,train,3,3,random,3,0,0,0,0,0,0,0,0,not_invoked,,1,2176,1.4827000004515867,0.013500000022759195,0.0002999995558639057,0.000999999429041054,0.004900000021734741,1.5076999998200336
27,d3_u4,neutral,train,3,4,random,3,0,0,0,0,0,0,0,0,not_invoked,,1,2176,1.5418000002682675,0.013799999578623101,0.00019999970390927047,0.0010999992809956893,0.028300000849412754,1.5904000001683016
28,d3_u5,neutral,train,3,5,random,3,0,0,0,0,0,0,0,0,not_invoked,,1,2176,1.8296999996891827,0.014899999769113492,0.00030000046535860747,0.000999999429041054,0.005099999725644011,1.8564000001788372
29,d3_u8,sad,train,3,8,random,3,0,0,0,0,0,0,0,0,not_invoked,,1,2176,1.7889000000650412,0.013099999705445953,0.00030000046535860747,0.0008000006346264854,0.004800000169780105,1.812900000004447
30,d3_u9,neutral,train,3,9,random,3,1,1,0,0,0,1,1,0,ok,"{""sentences"": [""I hear you."", ""We can pause here for a moment.""], ""safety"": ""ok""}",1,2176,1.4599000005546259,0.012999999853491317,0.00019999970390927047,0.013999999282532372,0.004599999556376133,1.4967999995860737
31,d4_u1,happy,train,4,1,random,3,1,1,0,0,0,1,1,0,ok,"{""sentences"": [""I hear you."", ""We can pause here for a moment.""], ""safety"": ""ok""}",1,2176,1.4473999999609077,0.012900000001536682,0.00019999970390927047,0.012000000424450263,0.004399999852466863,1.4817999999650056
32,d4_u3,neutral,train,4,3,random,3,1,1,0,0,0,1,1,0,ok,"{""sentences"": [""I hear you."", ""We can pause here for a moment.""], ""safety"": ""ok""}",1,2176,1.5652000001864508,0.013099999705445953,0.00020000061340397224,0.012000000424450263,0.004499999704421498,1.6000000005078618
33,d4_u4,neutral,train,4,4,random,3,0,0,0,0,0,0,0,0,not_invoked,,1,2176,1.5828999994482729,0.012900000001536682,0.00019999970390927047,0.0009000004865811206,0.004599999556376133,1.6064999999798601
34,d4_u5,neutral,train,4,5,random,3,1,1,0,0,0,1,1,0,ok,"{""sentences"": [""I hear you."", ""We can pause here for a moment.""], ""safety"": ""ok""}",1,2176,1.5478999994229525,0.013299999409355223,0.0002999995558639057,0.012099999366910197,0.004599999556376133,1.5831000000616768
35,d4_u6,neutral,train,4,6,random,3,0,0,0,0,0,0,0,0,not_invoked,,1,2176,1.5354999995906837,0.012999999853491317,0.00030000046535860747,0.0009000004865811206,0.004600000465870835,1.559300000735675
36,d4_u7,neutral,train,4,7,random,3,1,1,0,0,0,1,1,0,ok,"{""sentences"": [""I hear you."", ""We can pause here for a moment.""], ""safety"": ""ok""}",1,2176,1.7338999996354687,0.015499999790336005,0.0002999995558639057,0.014899999769113492,0.0052999994295532815,1.7755000008037314
37,d4_u8,happy,train,4,8,random,3,1,1,0,0,0,1,1,0,ok,"{""sentences"": [""I hear you."", ""We can pause here for a moment.""], ""safety"": ""ok""}",1,2176,1.8708999996306375,0.013199999557400588,0.00019999970390927047,0.01249999968422344,0.004600000465870835,1.9066000004386296
38,d4_u9,happy,train,4,9,random,3,0,0,0,0,0,0,0,0,not_invoked,,1,2176,1.648600000407896,0.01320000046689529,0.00030000046535860747,0.0010000003385357559,0.004999999873689376,1.6729999997551204
39,d4_u10,happy,train,4,10,random,3,1,1,0,0,0,1,1,0,ok,"{""sentences"": [""I hear you."", ""We can pause here for a moment.""], ""safety"": ""ok""}",1,2176,1.5449000002263347,0.01320000046689529,0.00019999970390927047,0.012299999980314169,0.004499999704421498,1.5802000007170136
40,d4_u11,sad,train,4,11,random,3,1,1,0,0,0,1,1,0,ok,"{""sentences"": [""I hear you."", ""We can pause here for a moment.""], ""safety"": ""ok""}",1,2176,1.5524999998888234,0.013700000636163168,0.00030000046535860747,0.012700000297627412,0.004600000465870835,1.5890000004219473
41,d4_u12,neutral,train,4,12,random,3,1,1,0,0,0,1,1,0,ok,"{""sentences"": [""I hear you."", ""We can pause here for a moment.""], ""safety"": ""ok""}",1,2176,1.5321000000767526,0.013099999705445953,0.00019999970390927047,0.011899999663000926,0.004399999852466863,1.566800000546209
42,d4_u13,neutral,train,4,13,random,3,0,0,0,0,0,0,0,0,not_invoked,,1,2176,1.4893999996274943,0.013099999705445953,0.00030000046535860747,0.0010000003385357559,0.004800000169780105,1.5137999998842133
43,d4_u14,neutral,train,4,14,random,3,1,1,0,0,0,1,1,0,ok,"{""sentences"": [""I hear you."", ""We can pause here for a moment.""], ""safety"": ""ok""}",1,2176,1.4609999998356216,0.01340000017080456,0.00020000061340397224,0.012200000128359534,0.004699999408330768,1.496900000347523
44,d5_u0,neutral,train,5,0,random,3,1,1,0,0,0,1,1,0,ok,"{""sentences"": [""I hear you."", ""We can pause here for a moment.""], ""safety"": ""ok""}",1,2176,1.6102999998111045,0.015100000382517464,0.00019999970390927047,0.01359999987471383,0.03259999994043028,1.6777000000729458
45,d5_u1,neutral,train,5,1,random,3,0,0,0,0,0,0,0,0,not_invoked,,1,2176,1.7176999999719555,0.013500000022759195,0.00030000046535860747,0.000999999429041054,0.004800000169780105,1.7424999996364932
46,d5_u2,neutral,train,5,2,random,3,0,0,0,0,0,0,0,0,not_invoked,,1,2176,1.475199999731558,0.02789999962260481,0.0002999995558639057,0.000999999429041054,0.004699999408330768,1.5145000006668852
47,d6_u0,happy,train,6,0,random,3,0,0,0,0,0,0,0,0,not_invoked,,1,2176,1.482399999986228,0.013199999557400588,0.0002999995558639057,0.001100000190490391,0.004699999408330768,1.5065000006870832
48,d6_u2,happy,train,6,2,random,3,1,1,0,0,0,1,1,0,ok,"{""sentences"": [""I hear you."", ""We can pause here for a moment.""], ""safety"": ""ok""}",1,2176,1.602899999852525,0.012799999240087345,0.0002999995558639057,0.01249999968422344,0.004400000761961564,1.6378999998778454
49,d6_u3,neutral,train,6,3,random,3,1,1,0,0,0,1,1,0,ok,"{""sentences"": [""I hear you."", ""We can pause here for a moment.""], ""safety"": ""ok""}",1,2176,1.581600000463368,0.012800000149582047,0.00020000061340397224,0.011900000572495628,0.004300000000512227,1.6158999997060164
50,d6_u4,neutral,train,6,4,random,3,0,0,0,0,0,0,0,0,not_invoked,,1,2176,1.5728999997008941,0.013299999409355223,0.0002999995558639057,0.001100000190490391,0.005099999725644011,1.5981000005922397
51,d6_u5,angry,train,6,5,random,3,1,1,0,0,0,1,1,0,ok,"{""sentences"": [""I hear you."", ""We can pause here for a moment.""], ""safety"": ""ok""}",1,2176,1.4908000002833433,0.0289999998130952,0.00019999970390927047,0.012100000276404899,0.004599999556376133,1.5417999993587728
52,d6_u6,happy,train,6,6,random,3,0,0,0,0,0,0,0,0,not_invoked,,1,2176,1.4381999999386608,0.014199999895936344,0.0002999995558639057,0.000999999429041054,0.005199999577598646,1.4641999996456434
53,d6_u7,neutral,train,6,7,random,3,0,0,0,0,0,0,0,0,not_invoked,,1,2176,1.6379999997298,0.013700000636163168,0.0002999995558639057,0.0010000003385357559,0.004800000169780105,1.6627000004518777
54,d6_u9,angry,train,6,9,random,3,0,0,0,0,0,0,0,0,not_invoked,,1,2176,1.5930999998090556,0.013300000318849925,0.00020000061340397224,0.0008999995770864189,0.004800000169780105,1.6172999994523707
55,d6_u10,angry,train,6,10,random,3,1,1,0,0,0,1,1,0,ok,"{""sentences"": [""I hear you."", ""We can pause here for a moment.""], ""safety"": ""ok""}",1,2176,1.42020000021148,0.04340000032243552,0.00020000061340397224,0.012900000001536682,0.004300000000512227,1.4860999999655178
56,d6_u11,angry,train,6,11,random,3,0,0,0,0,0,0,0,0,not_invoked,,1,2176,1.5759000007165014,0.013100000614940654,0.00030000046535860747,0.0009000004865811206,0.004999999873689376,1.600499999767635
57,d6_u12,neutral,train,6,12,random,3,1,1,0,0,0,1,1,0,ok,"{""sentences"": [""I hear you."", ""We can pause here for a moment.""], ""safety"": ""ok""}",1,2176,1.5275000005203765,0.012999999853491317,0.00030000046535860747,0.012000000424450263,0.004499999704421498,1.576799999384093
58,d6_u13,neutral,train,6,13,random,3,0,0,0,0,0,0,0,0,not_invoked,,1,2176,1.4968999994380283,0.012199999218864832,0.00019999970390927047,0.0008999995770864189,0.00470000031782547,1.5197000002444838
59,d6_u14,sad,train,6,14,random,3,0,0,0,0,0,0,0,0,not_invoked,,1,2176,1.54480000037438,0.012800000149582047,0.00020000061340397224,0.0009000004865811206,0.004599999556376133,1.568099999531114
60,d6_u15,sad,train,6,15,random,3,1,1,0,0,0,1,1,0,ok,"{""sentences"": [""I hear you."", ""We can pause here for a moment.""], ""safety"": ""ok""}",1,2176,1.6396000000895583,0.012999999853491317,0.0002999995558639057,0.012599999536178075,0.004599999556376133,1.6752999999880558
61,d6_u16,sad,train,6,16,random,3,1,1,0,0,0,1,1,0,ok,"{""sentences"": [""I hear you."", ""We can pause here for a moment.""], ""safety"": ""ok""}",1,2176,1.6422999997303123,0.013299999409355223,0.0002999995558639057,0.012800000149582047,0.004800000169780105,1.6784999997980776
62,d6_u18,angry,train,6,18,random,3,0,0,0,0,0,0,0,0,not_invoked,,1,2176,1.7841999997472158,0.013900000340072438,0.00030000046535860747,0.0010000003385357559,0.004999999873689376,1.8100000006597838
63,d6_u19,angry,train,6,19,random,3,1,1,0,0,0,1,1,0,ok,"{""sentences"": [""I hear you."", ""We can pause here for a moment.""], ""safety"": ""ok""}",1,2176,1.7315000004600734,0.01300000076298602,0.00019999970390927047,0.012900000001536682,0.004399999852466863,1.7670999995971215
64,d6_u20,angry,train,6,20,random,3,0,0,0,0,0,0,0,0,not_invoked,,1,2176,1.6030000006139744,0.01359999987471383,0.00019999970390927047,0.0010000003385357559,0.004999999873689376,1.6282999995382852
65,d6_u21,angry,train,6,21,random,3,0,0,0,0,0,0,0,0,not_invoked,,1,2176,1.5773999994053156,0.013500000022759195,0.0002999995558639057,0.0008999995770864189,0.004799999260285404,1.6022000008888426
66,d7_u0,neutral,train,7,0,random,3,1,1,0,0,0,1,1,0,ok,"{""sentences"": [""I hear you."", ""We can pause here for a moment.""], ""safety"": ""ok""}",1,2176,1.3887999994040001,0.013500000022759195,0.00030000046535860747,0.012999999853491317,0.00470000031782547,1.4254000006985734
67,d7_u1,angry,train,7,1,random,3,1,1,0,0,0,1,1,0,ok,"{""sentences"": [""I hear you."", ""We can pause here for a moment.""], ""safety"": ""ok""}",1,2176,1.376199999867822,0.012999999853491317,0.00020000061340397224,0.012700000297627412,0.004800000169780105,1.4118999997663195
68,d8_u0,neutral,train,8,0,random,3,0,0,0,0,0,0,0,0,not_invoked,,1,2176,1.405200000590412,0.012700000297627412,0.00030000046535860747,0.0009000004865811206,0.004800000169780105,1.4290999997683684
69,d8_u1,neutral,train,8,1,random,3,1,1,0,0,0,1,1,0,ok,"{""sentences"": [""I hear you."", ""We can pause here for a moment.""], ""safety"": ""ok""}",1,2176,1.4584999998987769,0.012900000001536682,0.00030000046535860747,0.012000000424450263,0.004399999852466863,1.4929999997548293
70,d8_u2,neutral,train,8,2,random,3,0,0,0,0,0,0,0,0,not_invoked,,1,2176,1.7362999997203588,0.014299999747890979,0.0002999995558639057,0.001100000190490391,0.005100000635138713,1.7625999998927
71,d8_u3,neutral,train,8,3,random,3,0,0,0,0,0,0,0,0,not_invoked,,1,2176,1.6712000006009475,0.013900000340072438,0.00030000046535860747,0.0010000003385357559,0.005100000635138713,1.6967000001386623
72,d8_u4,happy,train,8,4,random,3,1,1,0,0,0,1,1,0,ok,"{""sentences"": [""I hear you."", ""We can pause here for a moment.""], ""safety"": ""ok""}",1,2176,1.3693000000785105,0.013299999409355223,0.00019999970390927047,0.013799999578623101,0.004800000169780105,1.406499999575317
73,d8_u5,neutral,train,8,5,random,3,1,1,0,0,0,1,1,0,ok,"{""sentences"": [""I hear you."", ""We can pause here for a moment.""], ""safety"": ""ok""}",1,2176,1.411799999914365,0.01320000046689529,0.0002999995558639057,0.012299999980314169,0.00470000031782547,1.4471000004050438
74,d8_u6,happy,train,8,6,random,3,0,0,0,0,0,0,0,0,not_invoked,,1,2176,1.4320000000225264,0.012800000149582047,0.00030000046535860747,0.0008999995770864189,0.00470000031782547,1.455599999644619
75,d9_u0,neutral,train,9,0,random,3,1,1,0,0,0,1,1,0,ok,"{""sentences"": [""I hear you."", ""We can pause here for a moment.""], ""safety"": ""ok""}",1,2176,1.3797000001432025,0.013100000614940654,0.00020000061340397224,0.02750000021478627,0.004300000000512227,1.4438999996855273
76,d9_u1,neutral,train,9,1,random,3,1,1,0,0,0,1,1,0,ok,"{""sentences"": [""I hear you."", ""We can pause here for a moment.""], ""safety"": ""ok""}",1,2176,1.5953000001900364,0.013099999705445953,0.0002999995558639057,0.012100000276404899,0.004499999704421498,1.6303999991578166
77,d9_u2,neutral,train,9,2,random,3,0,0,0,0,0,0,0,0,not_invoked,,1,2176,1.5405000003738678,0.028100000236008782,0.0002999995558639057,0.0008999995770864189,0.004699999408330768,1.5792999993209378
78,d9_u3,happy,train,9,3,random,3,1,1,0,0,0,1,1,0,ok,"{""sentences"": [""I hear you."", ""We can pause here for a moment.""], ""safety"": ""ok""}",1,2176,1.4615000000048894,0.013100000614940654,0.00019999970390927047,0.011999999514955562,0.0045000006139162,1.4963000003263005
79,d9_u4,neutral,train,9,4,random,3,0,0,0,0,0,0,0,0,not_invoked,,1,2176,1.5881999997873208,0.014999999621068127,0.0002999995558639057,0.0010000003385357559,0.005199999577598646,1.615200000742334
80,d9_u5,neutral,train,9,5,random,3,1,1,0,0,0,1,1,0,ok,"{""sentences"": [""I hear you."", ""We can pause here for a moment.""], ""safety"": ""ok""}",1,2176,1.8045999995592865,0.014299999747890979,0.00019999970390927047,0.01340000017080456,0.004800000169780105,1.8424999998387648
81,d9_u6,neutral,train,9,6,random,3,1,1,0,0,0,1,1,0,ok,"{""sentences"": [""I hear you."", ""We can pause here for a moment.""], ""safety"": ""ok""}",1,2176,1.6832999999678577,0.013099999705445953,0.00030000046535860747,0.012200000128359534,0.004400000761961564,1.7182000001412234
82,d9_u7,neutral,train,9,7,random,3,0,0,0,0,0,0,0,0,not_invoked,,1,2176,1.4169000005495036,0.012700000297627412,0.0002999995558639057,0.0012000000424450263,0.004800000169780105,1.44079999972746
83,d9_u8,neutral,train,9,8,random,3,1,1,0,0,0,1,1,0,ok,"{""sentences"": [""I hear you."", ""We can pause here for a moment.""], ""safety"": ""ok""}",1,2176,1.4676000000690692,0.013099999705445953,0.00019999970390927047,0.012299999980314169,0.0045000006139162,1.5029000005597482
84,d9_u9,happy,train,9,9,random,3,1,1,0,0,0,1,1,0,ok,"{""sentences"": [""I hear you."", ""We can pause here for a moment.""], ""safety"": ""ok""}",1,2176,1.6235000002779998,0.012800000149582047,0.00020000061340397224,0.011900000572495628,0.004499999704421498,1.657899999372603
85,d9_u10,neutral,train,9,10,random,3,1,1,0,0,0,1,1,0,ok,"{""sentences"": [""I hear you."", ""We can pause here for a moment.""], ""safety"": ""ok""}",1,2176,1.6064999999798601,0.012600000445672777,0.00020000061340397224,0.011699999959091656,0.004300000000512227,1.6405000005761394
86,d9_u11,neutral,train,9,11,random,3,0,0,0,0,0,0,0,0,not_invoked,,1,2176,1.4435000002777088,0.01269999938813271,0.0002999995558639057,0.0008999995770864189,0.004800000169780105,1.467199999751756
87,d9_u13,angry,train,9,13,random,3,0,0,0,0,0,0,0,0,not_invoked,,1,2176,1.386599999932514,0.02769999991869554,0.0002999995558639057,0.000999999429041054,0.004999999873689376,1.4469000007011346
88,d10_u0,angry,train,10,0,random,3,1,1,0,0,0,1,1,0,ok,"{""sentences"": [""I hear you."", ""We can pause here for a moment.""], ""safety"": ""ok""}",1,2176,1.5640000001440058,0.017699999261822086,0.00019999970390927047,0.015999999959603883,0.005600000804406591,1.6093000003820634
89,d10_u1,angry,train,10,1,random,3,0,0,0,0,0,0,0,0,not_invoked,,1,2176,1.7053000001396867,0.014700000065204222,0.00019999970390927047,0.0012999998943996616,0.0054000001910026185,1.732500000798609
90,d10_u2,angry,train,10,2,random,3,0,0,0,0,0,0,0,0,not_invoked,,1,2176,1.679599999988568,0.013999999282532372,0.00019999970390927047,0.000999999429041054,0.004999999873689376,1.7058000003089546
91,d10_u3,angry,train,10,3,random,3,1,1,0,0,0,1,1,0,ok,"{""sentences"": [""I hear you."", ""We can pause here for a moment.""], ""safety"": ""ok""}",1,2176,1.5553000002910267,0.030100000003585592,0.0002999995558639057,0.01559999964229064,0.004900000021734741,1.6112000002976856
92,d10_u4,angry,train,10,4,random,3,1,1,0,0,0,1,1,0,ok,"{""sentences"": [""I hear you."", ""We can pause here for a moment.""], ""safety"": ""ok""}",1,2176,1.5452999996341532,0.01359999987471383,0.00030000046535860747,0.013099999705445953,0.004499999704421498,1.5821000006326358
93,d10_u5,neutral,train,10,5,random,3,1,1,0,0,0,1,1,0,ok,"{""sentences"": [""I hear you."", ""We can pause here for a moment.""], ""safety"": ""ok""}",1,2176,1.5196000003925292,0.013100000614940654,0.0002999995558639057,0.012700000297627412,0.004499999704421498,1.5551999995295773
94,d11_u0,neutral,train,11,0,random,3,0,0,0,0,0,0,0,0,not_invoked,,1,2176,1.421699999809789,0.012900000001536682,0.0002999995558639057,0.0008999995770864189,0.004799999260285404,1.4457000006586895
95,d11_u1,angry,train,11,1,random,3,1,1,0,0,0,1,1,0,ok,"{""sentences"": [""I hear you."", ""We can pause here for a moment.""], ""safety"": ""ok""}",1,2176,1.3576999999713735,0.027799999770650174,0.00019999970390927047,0.011999999514955562,0.004300000000512227,1.4226000002963701
96,d11_u2,neutral,train,11,2,random,3,0,0,0,0,0,0,0,0,not_invoked,,1,2176,1.5186000000539934,0.012900000001536682,0.0002999995558639057,0.000999999429041054,0.004900000021734741,1.5427000007548486
97,d11_u3,happy,train,11,3,random,3,1,1,0,0,0,1,1,0,ok,"{""sentences"": [""I hear you."", ""We can pause here for a moment.""], ""safety"": ""ok""}",1,2176,1.9056999999520485,0.01539999993838137,0.00030000046535860747,0.030199999855540227,0.028299999939918052,1.9855999998981133
98,d11_u4,neutral,train,11,4,random,3,1,1,0,0,0,1,1,0,ok,"{""sentences"": [""I hear you."", ""We can pause here for a moment.""], ""safety"": ""ok""}",1,2176,1.5957000005073496,0.01359999987471383,0.00030000046535860747,0.011899999663000926,0.004800000169780105,1.6312999996443978
99,d11_u5,neutral,train,11,5,random,3,0,0,0,0,0,0,0,0,not_invoked,,1,2176,1.695099999778904,0.012700000297627412,0.00020000061340397224,0.0010000003385357559,0.004999999873689376,1.7192000004797592
100,d11_u6,happy,train,11,6,random,3,1,1,0,0,0,1,1,0,ok,"{""sentences"": [""I hear you."", ""We can pause here for a moment.""], ""safety"": ""ok""}",1,2176,1.4602000001104898,0.04220000027999049,0.00030000046535860747,0.01140000040322775,0.004499999704421498,1.5234000002237735
101,d11_u7,happy,train,11,7,random,3,1,1,0,0,0,1,1,0,ok,"{""sentences"": [""I hear you."", ""We can pause here for a moment.""], ""safety"": ""ok""}",1,2176,1.477300000260584,0.01340000017080456,0.00020000061340397224,0.012299999980314169,0.004499999704421498,1.5130000001590815
102,d11_u8,happy,train,11,8,random,3,1,1,0,0,0,1,1,0,ok,"{""sentences"": [""I hear you."", ""We can pause here for a moment.""], ""safety"": ""ok""}",1,2176,1.4900999995006714,0.012599999536178075,0.00030000046535860747,0.01120000069931848,0.004200000148557592,1.5232000005198643
103,d11_u9,happy,train,11,9,random,3,1,1,0,0,0,1,1,0,ok,"{""sentences"": [""I hear you."", ""We can pause here for a moment.""], ""safety"": ""ok""}",1,2176,1.4561999996658415,0.012999999853491317,0.0002999995558639057,0.012399999832268804,0.0045000006139162,1.4916999998604297
104,d12_u0,neutral,train,12,0,random,3,1,1,0,0,0,1,1,0,ok,"{""sentences"": [""I hear you."", ""We can pause here for a moment.""], ""safety"": ""ok""}",1,2176,1.4097000002948334,0.012700000297627412,0.00030000046535860747,0.011699999959091656,0.004400000761961564,1.4437999998335727
105,d12_u1,happy,train,12,1,random,3,1,1,0,0,0,1,1,0,ok,"{""sentences"": [""I hear you."", ""We can pause here for a moment.""], ""safety"": ""ok""}",1,2176,1.6354999997929554,0.015999999959603883,0.0002999995558639057,0.028500000553322025,0.004999999873689376,1.6911000002437504
106,d12_u5,neutral,train,12,5,random,3,1,1,0,0,0,1,1,0,ok,"{""sentences"": [""I hear you."", ""We can pause here for a moment.""], ""safety"": ""ok""}",1,2176,1.808300000448071,0.013900000340072438,0.00030000046535860747,0.012900000001536682,0.004800000169780105,1.8449999997756095
107,d12_u7,neutral,train,12,7,random,3,0,0,0,0,0,0,0,0,not_invoked,,1,2176,1.6531000001123175,0.013500000022759195,0.0002999995558639057,0.000999999429041054,0.005100000635138713,1.6778999997768551
108,d12_u11,angry,train,12,11,random,3,0,0,0,0,0,0,0,0,not_invoked,,1,2176,1.6003000000637257,0.012400000741763506,0.00019999970390927047,0.0008999995770864189,0.004600000465870835,1.6232999996645958
109,d13_u0,happy,train,13,0,random,3,1,1,0,0,0,1,1,0,ok,"{""sentences"": [""I hear you."", ""We can pause here for a moment.""], ""safety"": ""ok""}",1,2176,1.4314000000013039,0.013099999705445953,0.00030000046535860747,0.012600000445672777,0.004499999704421498,1.4667000004919828
110,d13_u1,neutral,train,13,1,random,3,0,0,0,0,0,0,0,0,not_invoked,,1,2176,1.3780999997834442,0.01269999938813271,0.0002999995558639057,0.000999999429041054,0.004600000465870835,1.401399999849673
111,d13_u3,neutral,train,13,3,random,3,1,1,0,0,0,1,1,0,ok,"{""sentences"": [""I hear you."", ""We can pause here for a moment.""], ""safety"": ""ok""}",1,2176,1.4699000003020046,0.013199999557400588,0.00019999970390927047,0.01269999938813271,0.0045000006139162,1.5057000000524567
112,d14_u0,neutral,train,14,0,random,3,0,0,0,0,0,0,0,0,not_invoked,,1,2176,1.4772999993510894,0.012599999536178075,0.0002999995558639057,0.0008999995770864189,0.004499999704421498,1.500500000474858
113,d14_u1,neutral,train,14,1,random,3,1,1,0,0,0,1,1,0,ok,"{""sentences"": [""I hear you."", ""We can pause here for a moment.""], ""safety"": ""ok""}",1,2176,1.3874999995096005,0.013099999705445953,0.00020000061340397224,0.012500000593718141,0.004399999852466863,1.4225999993868754
114,d14_u2,neutral,train,14,2,random,3,1,1,0,0,0,1,1,0,ok,"{""sentences"": [""I hear you."", ""We can pause here for a moment.""], ""safety"": ""ok""}",1,2176,1.5342999995482387,0.013299999409355223,0.00019999970390927047,0.03370000013092067,0.004999999873689376,1.5914999994492973
115,d14_u4,neutral,train,14,4,random,3,0,0,0,0,0,0,0,0,not_invoked,,1,2176,1.8044999997073319,0.014199999895936344,0.00019999970390927047,0.000999999429041054,0.005199999577598646,1.8305999992662692
116,d14_u5,neutral,train,14,5,random,3,0,0,0,0,0,0,0,0,not_invoked,,1,2176,1.629000000320957,0.012600000445672777,0.00019999970390927047,0.0007999997251317836,0.004600000465870835,1.6520999997737817
117,d15_u0,angry,train,15,0,random,3,0,0,0,0,0,0,0,0,not_invoked,,1,2176,1.464200000555138,0.013100000614940654,0.00030000046535860747,0.0010000003385357559,0.004999999873689376,1.488699999754317
118,d15_u1,neutral,train,15,1,random,3,0,0,0,0,0,0,0,0,not_invoked,,1,2176,1.4757999997527804,0.01249999968422344,0.00019999970390927047,0.0008999995770864189,0.004400000761961564,1.498399999945832
119,d15_u2,neutral,train,15,2,random,3,0,0,0,0,0,0,0,0,not_invoked,,1,2176,1.3691000003746012,0.012800000149582047,0.00030000046535860747,0.0009000004865811206,0.004800000169780105,1.3927999998486484
120,d15_u3,sad,train,15,3,random,3,1,1,0,0,0,1,1,0,ok,"{""sentences"": [""I hear you."", ""We can pause here for a moment.""], ""safety"": ""ok""}",1,2176,1.371600000311446,0.012700000297627412,0.00019999970390927047,0.01269999938813271,0.004499999704421498,1.406499999575317
121,d15_u5,sad,train,15,5,random,3,1,1,0,0,0,1,1,0,ok,"{""sentences"": [""I hear you."", ""We can pause here for a moment.""], ""safety"": ""ok""}",1,2176,1.3939999998910935,0.012900000001536682,0.00019999970390927047,0.012399999832268804,0.004600000465870835,1.4290999997683684
122,d15_u6,angry,train,15,6,random,3,1,1,0,0,0,1,1,0,ok,"{""sentences"": [""I hear you."", ""We can pause here for a moment.""], ""safety"": ""ok""}",1,2176,1.4544000005116686,0.05090000013296958,0.0002999995558639057,0.014100000043981709,0.005100000635138713,1.530300000013085
123,d15_u7,sad,train,15,7,random,3,1,1,0,0,0,1,1,0,ok,"{""sentences"": [""I hear you."", ""We can pause here for a moment.""], ""safety"": ""ok""}",1,2176,1.8024000000878004,0.014199999895936344,0.0002999995558639057,0.012900000001536682,0.004599999556376133,1.8398000001980108
124,d15_u8,neutral,train,15,8,random,3,1,1,0,0,0,1,1,0,ok,"{""sentences"": [""I hear you."", ""We can pause here for a moment.""], ""safety"": ""ok""}",1,2176,1.6731000005165697,0.013300000318849925,0.00030000046535860747,0.012299999980314169,0.004499999704421498,1.7085999998016632
125,d15_u9,sad,train,15,9,random,3,1,1,0,0,0,1,1,0,ok,"{""sentences"": [""I hear you."", ""We can pause here for a moment.""], ""safety"": ""ok""}",1,2176,1.4548999997714418,0.013500000022759195,0.00030000046535860747,0.012399999832268804,0.004499999704421498,1.4911000007487019
126,d15_u10,neutral,train,15,10,random,3,1,1,0,0,0,1,1,0,ok,"{""sentences"": [""I hear you."", ""We can pause here for a moment.""], ""safety"": ""ok""}",1,2176,1.5149000000747037,0.012800000149582047,0.00019999970390927047,0.012100000276404899,0.004499999704421498,1.5493999999307562
127,d15_u11,neutral,train,15,11,random,3,0,0,0,0,0,0,0,0,not_invoked,,1,2176,1.6155000002981978,0.01500000053056283,0.00030000046535860747,0.0010999992809956893,0.005399999281507917,1.6432000002168934
128,d15_u12,neutral,train,15,12,random,3,0,0,0,0,0,0,0,0,not_invoked,,1,2176,1.6803999997136998,0.014199999895936344,0.0002999995558639057,0.0010000003385357559,0.0054000001910026185,1.7064000003301771
129,d15_u13,neutral,train,15,13,random,3,1,1,0,0,0,1,1,0,ok,"{""sentences"": [""I hear you."", ""We can pause here for a moment.""], ""safety"": ""ok""}",1,2176,1.8786000000545755,0.015499999790336005,0.00019999970390927047,0.015999999959603883,0.004999999873689376,1.9209000001865206
130,d15_u14,neutral,train,15,14,random,3,1,1,0,0,0,1,1,0,ok,"{""sentences"": [""I hear you."", ""We can pause here for a moment.""], ""safety"": ""ok""}",1,2176,1.8086999998558895,0.03219999962311704,0.0002999995558639057,0.0152000002344721,0.0054000001910026185,1.867599999968661
131,d15_u15,happy,train,15,15,random,3,1,1,0,0,0,1,1,0,ok,"{""sentences"": [""I hear you."", ""We can pause here for a moment.""], ""safety"": ""ok""}",1,2176,1.7968000001928885,0.014000000192027073,0.00020000061340397224,0.012900000001536682,0.004699999408330768,1.833999999689695
132,d15_u16,angry,train,15,16,random,3,0,0,0,0,0,0,0,0,not_invoked,,1,2176,1.764799999364186,0.012799999240087345,0.00030000046535860747,0.0009000004865811206,0.004499999704421498,1.7880000004879548
133,d15_u17,angry,train,15,17,random,3,0,0,0,0,0,0,0,0,not_invoked,,1,2176,1.3927999998486484,0.012900000001536682,0.0002999995558639057,0.0008999995770864189,0.004800000169780105,1.4162999996187864
134,d15_u18,angry,train,15,18,random,3,1,1,0,0,0,1,1,0,ok,"{""sentences"": [""I hear you."", ""We can pause here for a moment.""], ""safety"": ""ok""}",1,2176,1.419000000169035,0.01269999938813271,0.00019999970390927047,0.026700000489654485,0.004300000000512227,1.4676000000690692
135,d15_u19,neutral,train,15,19,random,3,1,1,0,0,0,1,1,0,ok,"{""sentences"": [""I hear you."", ""We can pause here for a moment.""], ""safety"": ""ok""}",1,2176,1.6218000000662869,0.012999999853491317,0.00019999970390927047,0.012100000276404899,0.004399999852466863,1.6568000000916072
136,d15_u20,angry,train,15,20,random,3,0,0,0,0,0,0,0,0,not_invoked,,1,2176,1.566899999488669,0.01249999968422344,0.0002999995558639057,0.0008999995770864189,0.0045000006139162,1.5899999998509884
137,d15_u21,happy,train,15,21,random,3,0,0,0,0,0,0,0,0,not_invoked,,1,2176,1.5522999992754194,0.013099999705445953,0.00019999970390927047,0.0008999995770864189,0.004999999873689376,1.5768000002935878
138,d15_u22,happy,train,15,22,random,3,1,1,0,0,0,1,1,0,ok,"{""sentences"": [""I hear you."", ""We can pause here for a moment.""], ""safety"": ""ok""}",1,2176,1.5166000002864166,0.04269999953976367,0.00019999970390927047,0.01140000040322775,0.0045000006139162,1.5802000007170136
139,d16_u0,happy,train,16,0,random,3,1,1,0,0,0,1,1,0,ok,"{""sentences"": [""I hear you."", ""We can pause here for a moment.""], ""safety"": ""ok""}",1,2176,1.5910000001895241,0.012800000149582047,0.00020000061340397224,0.012400000741763506,0.004499999704421498,1.6259999993053498
140,d16_u1,happy,train,16,1,random,3,1,1,0,0,0,1,1,0,ok,"{""sentences"": [""I hear you."", ""We can pause here for a moment.""], ""safety"": ""ok""}",1,2176,1.5756999991936027,0.01269999938813271,0.00019999970390927047,0.011699999959091656,0.0045000006139162,1.624200000151177
141,d16_u4,neutral,train,16,4,random,3,1,1,0,0,0,1,1,0,ok,"{""sentences"": [""I hear you."", ""We can pause here for a moment.""], ""safety"": ""ok""}",1,2176,1.5407999999297317,0.012800000149582047,0.00019999970390927047,0.011899999663000926,0.004300000000512227,1.5750000002299203
142,d16_u5,neutral,train,16,5,random,3,1,1,0,0,0,1,1,0,ok,"{""sentences"": [""I hear you."", ""We can pause here for a moment.""], ""safety"": ""ok""}",1,2176,1.5278000000762404,0.012700000297627412,0.00019999970390927047,0.028100000236008782,0.004099999387108255,1.5921000003800145
143,d17_u0,angry,train,17,0,random,3,0,0,0,0,0,0,0,0,not_invoked,,1,2176,1.509700000497105,0.013099999705445953,0.00030000046535860747,0.0009000004865811206,0.00470000031782547,1.5338000002884655
144,d17_u1,happy,train,17,1,random,3,1,1,0,0,0,1,1,0,ok,"{""sentences"": [""I hear you."", ""We can pause here for a moment.""], ""safety"": ""ok""}",1,2176,1.4522000001306878,0.012900000001536682,0.0002999995558639057,0.027799999770650174,0.004399999852466863,1.502500000242435
145,d17_u2,neutral,train,17,2,random,3,1,1,0,0,0,1,1,0,ok,"{""sentences"": [""I hear you."", ""We can pause here for a moment.""], ""safety"": ""ok""}",1,2176,1.5223999998852378,0.012299999980314169,0.00030000046535860747,0.011699999959091656,0.004200000148557592,1.55570000060834
146,d17_u3,neutral,train,17,3,random,3,1,1,0,0,0,1,1,0,ok,"{""sentences"": [""I hear you."", ""We can pause here for a moment.""], ""safety"": ""ok""}",1,2176,1.5483999995922204,0.012400000741763506,0.0002999995558639057,0.011899999663000926,0.004300000000512227,1.5821000006326358
147,d17_u5,neutral,train,17,5,random,3,0,0,0,0,0,0,0,0,not_invoked,,1,2176,1.5520000006290502,0.014199999895936344,0.00030000046535860747,0.0010000003385357559,0.005100000635138713,1.5781000001879875
148,d17_u7,happy,train,17,7,random,3,0,0,0,0,0,0,0,0,not_invoked,,1,2176,1.6030999995564343,0.012900000001536682,0.0002999995558639057,0.0009000004865811206,0.004699999408330768,1.626800000849471
149,d17_u8,happy,train,17,8,random,3,0,0,0,0,0,0,0,0,not_invoked,,1,2176,1.5705000005254988,0.012399999832268804,0.00020000061340397224,0.0009000004865811206,0.004499999704421498,1.5934000002744142
150,d17_u9,happy,train,17,9,random,3,1,1,0,0,0,1,1,0,ok,"{""sentences"": [""I hear you."", ""We can pause here for a moment.""], ""safety"": ""ok""}",1,2176,1.4629000006607384,0.012700000297627412,0.00020000061340397224,0.012200000128359534,0.004300000000512227,1.5128000004551723
151,d17_u10,happy,train,17,10,random,3,0,0,0,0,0,0,0,0,not_invoked,,1,2176,1.5935000001263688,0.012900000001536682,0.00020000061340397224,0.0009000004865811206,0.004499999704421498,1.6169000000445521
152,d18_u0,neutral,train,18,0,random,3,1,1,0,0,0,1,1,0,ok,"{""sentences"": [""I hear you."", ""We can pause here for a moment.""], ""safety"": ""ok""}",1,2176,1.5872999993007397,0.012399999832268804,0.00030000046535860747,0.011500000255182385,0.004399999852466863,1.6206999998757965
153,d18_u1,neutral,train,18,1,random,3,0,0,0,0,0,0,0,0,not_invoked,,1,2176,1.5286000007108669,0.01340000017080456,0.00030000046535860747,0.0009000004865811206,0.004599999556376133,1.552800000354182
154,d18_u2,neutral,train,18,2,random,3,0,0,0,0,0,0,0,0,not_invoked,,1,2176,1.5103999994607875,0.012599999536178075,0.00030000046535860747,0.0007999997251317836,0.004599999556376133,1.5333999999711523
155,d18_u3,happy,train,18,3,random,3,1,1,0,0,0,1,1,0,ok,"{""sentences"": [""I hear you."", ""We can pause here for a moment.""], ""safety"": ""ok""}",1,2176,1.4818999998169602,0.013099999705445953,0.00019999970390927047,0.012200000128359534,0.0045000006139162,1.5169999996942352
156,d18_u4,neutral,train,18,4,random,3,0,0,0,0,0,0,0,0,not_invoked,,1,2176,1.4980000005380134,0.012900000001536682,0.0002999995558639057,0.0008999995770864189,0.004699999408330768,1.5217999998640153
157,d18_u5,happy,train,18,5,random,3,0,0,0,0,0,0,0,0,not_invoked,,1,2176,1.4191000000209897,0.01269999938813271,0.00019999970390927047,0.0008999995770864189,0.004600000465870835,1.4424000000872184
158,d18_u7,neutral,train,18,7,random,3,0,0,0,0,0,0,0,0,not_invoked,,1,2176,1.3993000002301414,0.012599999536178075,0.0002999995558639057,0.0010000003385357559,0.004499999704421498,1.4224999995349208
159,d18_u8,sad,train,18,8,random,3,0,0,0,0,0,0,0,0,not_invoked,,1,2176,1.4755999991393765,0.01249999968422344,0.00030000046535860747,0.0008999995770864189,0.004599999556376133,1.498399999945832
160,d19_u0,neutral,train,19,0,random,3,0,0,0,0,0,0,0,0,not_invoked,,1,2176,1.4636999994763755,0.028200000087963417,0.00020000061340397224,0.0010000003385357559,0.004499999704421498,1.5021999997770763
161,d19_u1,neutral,train,19,1,random,3,0,0,0,0,0,0,0,0,not_invoked,,1,2176,1.5054999994390528,0.012599999536178075,0.00020000061340397224,0.0010000003385357559,0.004800000169780105,1.52909999997064
162,d20_u0,neutral,train,20,0,random,3,1,1,0,0,0,1,1,0,ok,"{""sentences"": [""I hear you."", ""We can pause here for a moment.""], ""safety"": ""ok""}",1,2176,1.543399999718531,0.03170000036334386,0.00020000061340397224,0.013199999557400588,0.004900000021734741,1.5994000004866393
163,d20_u1,happy,train,20,1,random,3,0,0,0,0,0,0,0,0,not_invoked,,1,2176,1.3625000001411536,0.013099999705445953,0.00019999970390927047,0.0009000004865811206,0.02029999996011611,1.4022999994267593
164,d20_u2,happy,train,20,2,random,3,1,1,0,0,0,1,1,0,ok,"{""sentences"": [""I hear you."", ""We can pause here for a moment.""], ""safety"": ""ok""}",1,2176,1.4534000001731329,0.01300000076298602,0.00019999970390927047,0.012600000445672777,0.004699999408330768,1.488900000367721
165,d20_u3,happy,train,20,3,random,3,1,1,0,0,0,1,1,0,ok,"{""sentences"": [""I hear you."", ""We can pause here for a moment.""], ""safety"": ""ok""}",1,2176,1.3514000002032844,0.012599999536178075,0.00030000046535860747,0.012100000276404899,0.004499999704421498,1.3857000003554276
166,d20_u4,happy,train,20,4,random,3,1,1,0,0,0,1,1,0,ok,"{""sentences"": [""I hear you."", ""We can pause here for a moment.""], ""safety"": ""ok""}",1,2176,1.3420000004771282,0.012600000445672777,0.0002999995558639057,0.011999999514955562,0.004399999852466863,1.3761000000158674
167,d20_u5,happy,train,20,5,random,3,0,0,0,0,0,0,0,0,not_invoked,,1,2176,1.330999999481719,0.013099999705445953,0.0002999995558639057,0.0008999995770864189,0.004900000021734741,1.3554000006479328
168,d20_u6,happy,train,20,6,random,3,0,0,0,0,0,0,0,0,not_invoked,,1,2176,1.4750999998796033,0.012600000445672777,0.00030000046535860747,0.0008999995770864189,0.004800000169780105,1.4985999996497412
169,d20_u7,happy,train,20,7,random,3,0,0,0,0,0,0,0,0,not_invoked,,1,2176,1.4331000002130168,0.01320000046689529,0.0002999995558639057,0.0008999995770864189,0.004600000465870835,1.457000000300468
170,d20_u8,neutral,train,20,8,random,3,0,0,0,0,0,0,0,0,not_invoked,,1,2176,1.2882000000900007,0.012399999832268804,0.00019999970390927047,0.0007999997251317836,0.00470000031782547,1.31139999939478
171,d20_u9,neutral,train,20,9,random,3,0,0,0,0,0,0,0,0,not_invoked,,1,2176,1.3514000002032844,0.01340000017080456,0.00030000046535860747,0.000999999429041054,0.004800000169780105,1.3757999995505088
172,d20_u10,neutral,train,20,10,random,3,1,1,0,0,0,1,1,0,ok,"{""sentences"": [""I hear you."", ""We can pause here for a moment.""], ""safety"": ""ok""}",1,2176,1.3527999999496387,0.012299999980314169,0.0002999995558639057,0.011999999514955562,0.004400000761961564,1.3865000000805594
173,d20_u11,neutral,train,20,11,random,3,0,0,0,0,0,0,0,0,not_invoked,,1,2176,1.3119999994160025,0.015100000382517464,0.0002999995558639057,0.001100000190490391,0.0054000001910026185,1.3398000000961474
174,d20_u12,happy,train,20,12,random,3,0,0,0,0,0,0,0,0,not_invoked,,1,2176,1.3275000001158332,0.013900000340072438,0.00019999970390927047,0.0008999995770864189,0.004800000169780105,1.352700000097684
175,d20_u13,happy,train,20,13,random,3,0,0,0,0,0,0,0,0,not_invoked,,1,2176,1.5290000001186854,0.013100000614940654,0.00030000046535860747,0.0009000004865811206,0.00470000031782547,1.5531999997620005
176,d20_u14,happy,train,20,14,random,3,1,1,0,0,0,1,1,0,ok,"{""sentences"": [""I hear you."", ""We can pause here for a moment.""], ""safety"": ""ok""}",1,2176,1.314000000093074,0.012999999853491317,0.00030000046535860747,0.011699999959091656,0.004599999556376133,1.36339999971824
177,d20_u16,neutral,train,20,16,random,3,0,0,0,0,0,0,0,0,not_invoked,,1,2176,1.4997999996921862,0.012700000297627412,0.00019999970390927047,0.0008999995770864189,0.004799999260285404,1.5233999993142788
178,d21_u1,neutral,train,21,1,random,3,0,0,0,0,0,0,0,0,not_invoked,,1,2176,1.4735999993717996,0.012599999536178075,0.0002999995558639057,0.0008999995770864189,0.004599999556376133,1.5124999999898137
179,d21_u2,happy,train,21,2,random,3,1,1,0,0,0,1,1,0,ok,"{""sentences"": [""I hear you."", ""We can pause here for a moment.""], ""safety"": ""ok""}",1,2176,1.452399999834597,0.013100000614940654,0.00019999970390927047,0.012299999980314169,0.004600000465870835,1.4875999995638267
180,d21_u4,neutral,train,21,4,random,3,1,1,0,0,0,1,1,0,ok,"{""sentences"": [""I hear you."", ""We can pause here for a moment.""], ""safety"": ""ok""}",1,2176,1.4293000003817724,0.012399999832268804,0.00030000046535860747,0.011799999811046291,0.01880000036180718,1.477599999816448
181,d21_u6,angry,train,21,6,random,3,0,0,0,0,0,0,0,0,not_invoked,,1,2176,1.5647999998691375,0.012399999832268804,0.00020000061340397224,0.0009000004865811206,0.004599999556376133,1.5877000005275477
182,d21_u7,neutral,train,21,7,random,3,1,1,0,0,0,1,1,0,ok,"{""sentences"": [""I hear you."", ""We can pause here for a moment.""], ""safety"": ""ok""}",1,2176,1.6090999997686595,0.012399999832268804,0.0002999995558639057,0.011500000255182385,0.004599999556376133,1.6427000000476255
183,d21_u9,neutral,train,21,9,random,3,1,1,0,0,0,1,1,0,ok,"{""sentences"": [""I hear you."", ""We can pause here for a moment.""], ""safety"": ""ok""}",1,2176,1.5809999995326507,0.01340000017080456,0.00019999970390927047,0.012599999536178075,0.004499999704421498,1.6167000003406429
184,d21_u10,neutral,train,21,10,random,3,1,1,0,0,0,1,1,0,ok,"{""sentences"": [""I hear you."", ""We can pause here for a moment.""], ""safety"": ""ok""}",1,2176,1.5357000002040877,0.01249999968422344,0.00030000046535860747,0.01120000069931848,0.004200000148557592,1.5688000003137859
185,d21_u12,neutral,train,21,12,random,3,1,1,0,0,0,1,1,0,ok,"{""sentences"": [""I hear you."", ""We can pause here for a moment.""], ""safety"": ""ok""}",1,2176,1.4984999997977866,0.012700000297627412,0.00030000046535860747,0.012100000276404899,0.004300000000512227,1.5324999994845712
186,d21_u13,happy,train,21,13,random,3,1,1,0,0,0,1,1,0,ok,"{""sentences"": [""I hear you."", ""We can pause here for a moment.""], ""safety"": ""ok""}",1,2176,1.4668000003439374,0.012500000593718141,0.0002999995558639057,0.027399999453336932,0.0045000006139162,1.5161000001171487
187,d22_u1,neutral,train,22,1,random,3,0,0,0,0,0,0,0,0,not_invoked,,1,2176,1.490199999352626,0.012900000001536682,0.00020000061340397224,0.0010000003385357559,0.00470000031782547,1.5139000006456627
188,d22_u3,neutral,train,22,3,random,3,0,0,0,0,0,0,0,0,not_invoked,,1,2176,1.497400000516791,0.012399999832268804,0.00030000046535860747,0.0009000004865811206,0.004499999704421498,1.520199999504257
189,d23_u1,angry,train,23,1,random,3,1,1,0,0,0,1,1,0,ok,"{""sentences"": [""I hear you."", ""We can pause here for a moment.""], ""safety"": ""ok""}",1,2176,1.4885999999023625,0.01359999987471383,0.00020000061340397224,0.012800000149582047,0.004600000465870835,1.5248999998220825
190,d23_u3,happy,train,23,3,random,3,1,1,0,0,0,1,1,0,ok,"{""sentences"": [""I hear you."", ""We can pause here for a moment.""], ""safety"": ""ok""}",1,2176,1.4851999994789367,0.012800000149582047,0.0002999995558639057,0.01160000010713702,0.004399999852466863,1.5192999999271706
191,d23_u4,neutral,train,23,4,random,3,1,1,0,0,0,1,1,0,ok,"{""sentences"": [""I hear you."", ""We can pause here for a moment.""], ""safety"": ""ok""}",1,2176,1.5419999999721767,0.012900000001536682,0.00020000061340397224,0.012100000276404899,0.004200000148557592,1.5765999996801838
192,d23_u5,neutral,train,23,5,random,3,1,1,0,0,0,1,1,0,ok,"{""sentences"": [""I hear you."", ""We can pause here for a moment.""], ""safety"": ""ok""}",1,2176,1.567300000715477,0.012500000593718141,0.00030000046535860747,0.01140000040322775,0.004399999852466863,1.6003999999156804
193,d23_u6,neutral,train,23,6,random,3,0,0,0,0,0,0,0,0,not_invoked,,1,2176,1.5098000003490597,0.013099999705445953,0.00030000046535860747,0.0009000004865811206,0.00470000031782547,1.5338000002884655
194,d23_u7,neutral,train,23,7,random,3,1,1,0,0,0,1,1,0,ok,"{""sentences"": [""I hear you."", ""We can pause here for a moment.""], ""safety"": ""ok""}",1,2176,1.4762999999220483,0.012299999980314169,0.00019999970390927047,0.011299999641778413,0.004999999873689376,1.509499999883701
195,d24_u0,neutral,train,24,0,random,3,1,1,0,0,0,1,1,0,ok,"{""sentences"": [""I hear you."", ""We can pause here for a moment.""], ""safety"": ""ok""}",1,2176,1.593699999830278,0.012900000001536682,0.0002999995558639057,0.011899999663000926,0.004499999704421498,1.6284000002997345
196,d24_u1,neutral,train,24,1,random,3,1,1,0,0,0,1,1,0,ok,"{""sentences"": [""I hear you."", ""We can pause here for a moment.""], ""safety"": ""ok""}",1,2176,1.5914000005068374,0.012900000001536682,0.0002999995558639057,0.01160000010713702,0.00470000031782547,1.6256999997494859
197,d24_u2,neutral,train,24,2,random,3,0,0,0,0,0,0,0,0,not_invoked,,1,2176,1.4449999998760177,0.012399999832268804,0.0002999995558639057,0.0009000004865811206,0.004999999873689376,1.4684999996461556
198,d24_u3,happy,train,24,3,random,3,1,1,0,0,0,1,1,0,ok,"{""sentences"": [""I hear you."", ""We can pause here for a moment.""], ""safety"": ""ok""}",1,2176,1.4532000004692236,0.02700000004551839,0.00020000061340397224,0.01160000010713702,0.020700000277429353,1.5174000000115484
199,d24_u5,neutral,train,24,5,random,3,1,1,0,0,0,1,1,0,ok,"{""sentences"": [""I hear you."", ""We can pause here for a moment.""], ""safety"": ""ok""}",1,2176,1.5004999995653634,0.012399999832268804,0.0002999995558639057,0.011699999959091656,0.004399999852466863,1.5339999999923748
200,d24_u6,neutral,train,24,6,random,3,0,0,0,0,0,0,0,0,not_invoked,,1,2176,1.4497000001938432,0.012700000297627412,0.0002999995558639057,0.000999999429041054,0.019099999917671084,1.487700000325276
201,d24_u7,happy,train,24,7,random,3,0,0,0,0,0,0,0,0,not_invoked,,1,2176,1.4684999996461556,0.013500000022759195,0.00020000061340397224,0.0010000003385357559,0.00470000031782547,1.4929999997548293
202,d25_u0,happy,train,25,0,random,3,1,1,0,0,0,1,1,0,ok,"{""sentences"": [""I hear you."", ""We can pause here for a moment.""], ""safety"": ""ok""}",1,2176,1.4866000001347857,0.012200000128359534,0.00019999970390927047,0.011500000255182385,0.004200000148557592,1.5192999999271706
203,d25_u1,happy,train,25,1,random,3,1,1,0,0,0,1,1,0,ok,"{""sentences"": [""I hear you."", ""We can pause here for a moment.""], ""safety"": ""ok""}",1,2176,1.5446999996129307,0.013199999557400588,0.00019999970390927047,0.01249999968422344,0.004499999704421498,1.5802000007170136
204,d25_u2,happy,train,25,2,random,3,1,1,0,0,0,1,1,0,ok,"{""sentences"": [""I hear you."", ""We can pause here for a moment.""], ""safety"": ""ok""}",1,2176,1.505600000200502,0.012700000297627412,0.0002999995558639057,0.011799999811046291,0.0045000006139162,1.5396999997392413
205,d25_u3,happy,train,25,3,random,3,1,1,0,0,0,1,1,0,ok,"{""sentences"": [""I hear you."", ""We can pause here for a moment.""], ""safety"": ""ok""}",1,2176,1.5179999991232762,0.012800000149582047,0.00030000046535860747,0.012100000276404899,0.004499999704421498,1.5527000005022273
206,d25_u4,neutral,train,25,4,random,3,0,0,0,0,0,0,0,0,not_invoked,,1,2176,1.5519999997195555,0.012399999832268804,0.00019999970390927047,0.0007999997251317836,0.004599999556376133,1.574899999468471
207,d25_u5,neutral,train,25,5,random,3,0,0,0,0,0,0,0,0,not_invoked,,1,2176,1.5369000002465327,0.012800000149582047,0.00020000061340397224,0.0010000003385357559,0.004600000465870835,1.56059999972058
208,d25_u6,neutral,train,25,6,random,3,0,0,0,0,0,0,0,0,not_invoked,,1,2176,1.492100000177743,0.012999999853491317,0.00030000046535860747,0.0007999997251317836,0.004599999556376133,1.5311999995901715
209,d25_u7,neutral,train,25,7,random,3,0,0,0,0,0,0,0,0,not_invoked,,1,2176,1.543899999887799,0.01269999938813271,0.00020000061340397224,0.0010000003385357559,0.004399999852466863,1.567100000102073
210,d25_u8,neutral,train,25,8,random,3,1,1,0,0,0,1,1,0,ok,"{""sentences"": [""I hear you."", ""We can pause here for a moment.""], ""safety"": ""ok""}",1,2176,1.6022999998313026,0.012399999832268804,0.00019999970390927047,0.01160000010713702,0.004300000000512227,1.6356999994968646
211,d25_u9,neutral,train,25,9,random,3,1,1,0,0,0,1,1,0,ok,"{""sentences"": [""I hear you."", ""We can pause here for a moment.""], ""safety"": ""ok""}",1,2176,1.575100000081875,0.012800000149582047,0.00020000061340397224,0.012100000276404899,0.004300000000512227,1.609499999176478
212,d25_u10,neutral,train,25,10,random,3,1,1,0,0,0,1,1,0,ok,"{""sentences"": [""I hear you."", ""We can pause here for a moment.""], ""safety"": ""ok""}",1,2176,1.3184999997974955,0.012399999832268804,0.00030000046535860747,0.011799999811046291,0.004300000000512227,1.3522999997803709
213,d25_u12,neutral,train,25,12,random,3,1,1,0,0,0,1,1,0,ok,"{""sentences"": [""I hear you."", ""We can pause here for a moment.""], ""safety"": ""ok""}",1,2176,1.50370000028488,0.012600000445672777,0.00030000046535860747,0.012000000424450263,0.004399999852466863,1.5379999995275284
214,d25_u13,neutral,train,25,13,random,3,0,0,0,0,0,0,0,0,not_invoked,,1,2176,1.4016000004630769,0.012600000445672777,0.00030000046535860747,0.0010000003385357559,0.00470000031782547,1.4252000000851694
215,d26_u1,neutral,train,26,1,random,3,1,1,0,0,0,1,1,0,ok,"{""sentences"": [""I hear you."", ""We can pause here for a moment.""], ""safety"": ""ok""}",1,2176,1.436200000171084,0.013199999557400588,0.0002999995558639057,0.012299999980314169,0.004399999852466863,1.4716999994561775
216,d26_u3,neutral,train,26,3,random,3,1,1,0,0,0,1,1,0,ok,"{""sentences"": [""I hear you."", ""We can pause here for a moment.""], ""safety"": ""ok""}",1,2176,1.4460000002145534,0.012700000297627412,0.00019999970390927047,0.012000000424450263,0.004499999704421498,1.480500000070606
217,d26_u4,neutral,train,26,4,random,3,1,1,0,0,0,1,1,0,ok,"{""sentences"": [""I hear you."", ""We can pause here for a moment.""], ""safety"": ""ok""}",1,2176,1.457000000300468,0.012599999536178075,0.00020000061340397224,0.012199999218864832,0.004399999852466863,1.491600000008475
218,d26_u5,happy,train,26,5,random,3,1,1,0,0,0,1,1,0,ok,"{""sentences"": [""I hear you."", ""We can pause here for a moment.""], ""safety"": ""ok""}",1,2176,1.4298999994935002,0.012999999853491317,0.00030000046535860747,0.012099999366910197,0.004400000761961564,1.4649000004283153
219,d26_u6,happy,train,26,6,random,3,1,1,0,0,0,1,1,0,ok,"{""sentences"": [""I hear you."", ""We can pause here for a moment.""], ""safety"": ""ok""}",1,2176,1.5548999999737134,0.01320000046689529,0.0002999995558639057,0.011699999959091656,0.004399999852466863,1.5894000007392606
220,d26_u7,happy,train,26,7,random,3,0,0,0,0,0,0,0,0,not_invoked,,1,2176,1.48559999979625,0.012199999218864832,0.00019999970390927047,0.0008999995770864189,0.004600000465870835,1.5084000006027054
221,d26_u8,neutral,train,26,8,random,3,1,1,0,0,0,1,1,0,ok,"{""sentences"": [""I hear you."", ""We can pause here for a moment.""], ""safety"": ""ok""}",1,2176,1.2953000004927162,0.012700000297627412,0.00020000061340397224,0.012200000128359534,0.0045000006139162,1.3299000002007233
222,d26_u9,neutral,train,26,9,random,3,0,0,0,0,0,0,0,0,not_invoked,,1,2176,1.372099999571219,0.01269999938813271,0.0002999995558639057,0.0008999995770864189,0.004600000465870835,1.3956000002508517
223,d26_u10,neutral,train,26,10,random,3,0,0,0,0,0,0,0,0,not_invoked,,1,2176,1.389200000630808,0.013099999705445953,0.00019999970390927047,0.000999999429041054,0.004699999408330768,1.4132999995126738
224,d26_u11,sad,train,26,11,random,3,1,1,0,0,0,1,1,0,ok,"{""sentences"": [""I hear you."", ""We can pause here for a moment.""], ""safety"": ""ok""}",1,2176,1.3763999995717313,0.012800000149582047,0.00019999970390927047,0.012299999980314169,0.0045000006139162,1.4113000006545917
225,d26_u12,neutral,train,26,12,random,3,0,0,0,0,0,0,0,0,not_invoked,,1,2176,1.4883999992889585,0.012700000297627412,0.00019999970390927047,0.0008999995770864189,0.004499999704421498,1.5119999998205458
226,d26_u13,neutral,train,26,13,random,3,1,1,0,0,0,1,1,0,ok,"{""sentences"": [""I hear you."", ""We can pause here for a moment.""], ""safety"": ""ok""}",1,2176,1.491600000008475,0.012700000297627412,0.00019999970390927047,0.011999999514955562,0.0045000006139162,1.5260000000125729
227,d27_u0,sad,train,27,0,random,3,1,1,0,0,0,1,1,0,ok,"{""sentences"": [""I hear you."", ""We can pause here for a moment.""], ""safety"": ""ok""}",1,2176,1.4326000000437489,0.013199999557400588,0.00030000046535860747,0.01249999968422344,0.0045000006139162,1.4682999999422464
228,d27_u1,happy,train,27,1,random,3,1,1,0,0,0,1,1,0,ok,"{""sentences"": [""I hear you."", ""We can pause here for a moment.""], ""safety"": ""ok""}",1,2176,1.4203999999153893,0.012900000001536682,0.00030000046535860747,0.011800000720540993,0.004399999852466863,1.4548999997714418
229,d28_u0,angry,train,28,0,random,3,1,1,0,0,0,1,1,0,ok,"{""sentences"": [""I hear you."", ""We can pause here for a moment.""], ""safety"": ""ok""}",1,2176,1.556199999868113,0.012900000001536682,0.00030000046535860747,0.011900000572495628,0.004399999852466863,1.590300000316347
230,d28_u1,angry,train,28,1,random,3,1,1,0,0,0,1,1,0,ok,"{""sentences"": [""I hear you."", ""We can pause here for a moment.""], ""safety"": ""ok""}",1,2176,1.5084000006027054,0.01320000046689529,0.0002999995558639057,0.011799999811046291,0.004400000761961564,1.5430000003107125
231,d28_u2,angry,train,28,2,random,3,0,0,0,0,0,0,0,0,not_invoked,,1,2176,1.7107000003306894,0.013300000318849925,0.00030000046535860747,0.001100000190490391,0.00470000031782547,1.7350999996779137
232,d28_u3,happy,train,28,3,random,3,1,1,0,0,0,1,1,0,ok,"{""sentences"": [""I hear you."", ""We can pause here for a moment.""], ""safety"": ""ok""}",1,2176,1.3697000003958237,0.012700000297627412,0.0002999995558639057,0.02750000021478627,0.004300000000512227,1.419299999724899
233,d28_u5,happy,train,28,5,random,3,1,1,0,0,0,1,1,0,ok,"{""sentences"": [""I hear you."", ""We can pause here for a moment.""], ""safety"": ""ok""}",1,2176,1.4524999996865517,0.012600000445672777,0.00019999970390927047,0.01160000010713702,0.004399999852466863,1.4861999998174724
234,d28_u7,sad,train,28,7,random,3,0,0,0,0,0,0,0,0,not_invoked,,1,2176,1.461599999856844,0.013399999261309858,0.0002999995558639057,0.0008999995770864189,0.004599999556376133,1.4857999995001592
235,d29_u1,happy,train,29,1,random,3,1,1,0,0,0,1,1,0,ok,"{""sentences"": [""I hear you."", ""We can pause here for a moment.""], ""safety"": ""ok""}",1,2176,1.6823999994812766,0.012700000297627412,0.00019999970390927047,0.01160000010713702,0.004399999852466863,1.7162999993161066
236,d29_u2,neutral,train,29,2,random,3,0,0,0,0,0,0,0,0,not_invoked,,1,2176,1.3632999998662854,0.012999999853491317,0.0002999995558639057,0.0008999995770864189,0.004600000465870835,1.386599999932514
237,d29_u3,happy,train,29,3,random,3,1,1,0,0,0,1,1,0,ok,"{""sentences"": [""I hear you."", ""We can pause here for a moment.""], ""safety"": ""ok""}",1,2176,1.4227000001483248,0.012800000149582047,0.0002999995558639057,0.012099999366910197,0.004200000148557592,1.4573000007658266
238,d29_u6,angry,train,29,6,random,3,1,1,0,0,0,1,1,0,ok,"{""sentences"": [""I hear you."", ""We can pause here for a moment.""], ""safety"": ""ok""}",1,2176,1.470799999879091,0.012700000297627412,0.00030000046535860747,0.011699999959091656,0.004400000761961564,1.5047000006234157
239,d29_u7,angry,train,29,7,random,3,1,1,0,0,0,1,1,0,ok,"{""sentences"": [""I hear you."", ""We can pause here for a moment.""], ""safety"": ""ok""}",1,2176,1.6725000004953472,0.012700000297627412,0.00030000046535860747,0.011899999663000926,0.004099999387108255,1.7063000004782225
240,d29_u8,angry,train,29,8,random,3,0,0,0,0,0,0,0,0,not_invoked,,1,2176,1.3510999997379258,0.012400000741763506,0.0002999995558639057,0.0008999995770864189,0.004600000465870835,1.374000000396336
241,d29_u9,neutral,train,29,9,random,3,0,0,0,0,0,0,0,0,not_invoked,,1,2176,1.3840999999956694,0.012399999832268804,0.0002999995558639057,0.0008999995770864189,0.0045000006139162,1.4070999995965394
242,d29_u10,angry,train,29,10,random,3,0,0,0,0,0,0,0,0,not_invoked,,1,2176,1.4396000005945098,0.013300000318849925,0.00030000046535860747,0.0009000004865811206,0.00470000031782547,1.4639000000897795
243,d29_u11,angry,train,29,11,random,3,0,0,0,0,0,0,0,0,not_invoked,,1,2176,1.4387999999598833,0.012700000297627412,0.00019999970390927047,0.0010000003385357559,0.004399999852466863,1.4620000001741573
244,d29_u13,neutral,train,29,13,random,3,0,0,0,0,0,0,0,0,not_invoked,,1,2176,1.4515000002575107,0.012799999240087345,0.00019999970390927047,0.0008999995770864189,0.004600000465870835,1.4903000001140754
245,d30_u0,neutral,train,30,0,random,3,0,0,0,0,0,0,0,0,not_invoked,,1,2176,1.4624999994339305,0.012399999832268804,0.00019999970390927047,0.0008999995770864189,0.004399999852466863,1.485099999626982
246,d30_u1,happy,train,30,1,random,3,1,1,0,0,0,1,1,0,ok,"{""sentences"": [""I hear you."", ""We can pause here for a moment.""], ""safety"": ""ok""}",1,2176,1.4350999999805936,0.02860000040527666,0.00019999970390927047,0.012000000424450263,0.004499999704421498,1.4854999999442953
247,d30_u2,neutral,train,30,2,random,3,0,0,0,0,0,0,0,0,not_invoked,,1,2176,1.4989999999670545,0.012500000593718141,0.00019999970390927047,0.0008999995770864189,0.004600000465870835,1.5219999995679245
248,d30_u3,neutral,train,30,3,random,3,1,1,0,0,0,1,1,0,ok,"{""sentences"": [""I hear you."", ""We can pause here for a moment.""], ""safety"": ""ok""}",1,2176,1.4026999997440726,0.013500000022759195,0.00019999970390927047,0.01249999968422344,0.004600000465870835,1.4384000005520647
249,d30_u4,angry,train,30,4,random,3,0,0,0,0,0,0,0,0,not_invoked,,1,2176,1.3398000000961474,0.012399999832268804,0.00019999970390927047,0.0008999995770864189,0.004399999852466863,1.3625999999931082
250,d30_u6,angry,train,30,6,random,3,1,1,0,0,0,1,1,0,ok,"{""sentences"": [""I hear you."", ""We can pause here for a moment.""], ""safety"": ""ok""}",1,2176,1.3925000002927845,0.01340000017080456,0.00019999970390927047,0.012100000276404899,0.004300000000512227,1.4275999992605648
251,d30_u8,neutral,train,30,8,random,3,1,1,0,0,0,1,1,0,ok,"{""sentences"": [""I hear you."", ""We can pause here for a moment.""], ""safety"": ""ok""}",1,2176,1.560300000164716,0.01249999968422344,0.00030000046535860747,0.012100000276404899,0.004300000000512227,1.5944999995554099
252,d30_u9,neutral,train,30,9,random,3,1,1,0,0,0,1,1,0,ok,"{""sentences"": [""I hear you."", ""We can pause here for a moment.""], ""safety"": ""ok""}",1,2176,1.5696000000389176,0.012900000001536682,0.0002999995558639057,0.011899999663000926,0.004300000000512227,1.6042000006564194
253,d30_u10,neutral,train,30,10,random,3,0,0,0,0,0,0,0,0,not_invoked,,1,2176,1.4391000004252419,0.012400000741763506,0.0002999995558639057,0.0008999995770864189,0.004400000761961564,1.4620000001741573
254,d30_u12,neutral,train,30,12,random,3,0,0,0,0,0,0,0,0,not_invoked,,1,2176,1.3971999997011153,0.012999999853491317,0.0002999995558639057,0.0008999995770864189,0.004600000465870835,1.4209999999366119
255,d30_u13,neutral,train,30,13,random,3,1,1,0,0,0,1,1,0,ok,"{""sentences"": [""I hear you."", ""We can pause here for a moment.""], ""safety"": ""ok""}",1,2176,1.4039999996384722,0.012599999536178075,0.00019999970390927047,0.011999999514955562,0.019699999938893598,1.4533999992636382
256,d30_u14,angry,train,30,14,random,3,1,1,0,0,0,1,1,0,ok,"{""sentences"": [""I hear you."", ""We can pause here for a moment.""], ""safety"": ""ok""}",1,2176,1.4420000006793998,0.012900000001536682,0.0002999995558639057,0.011999999514955562,0.004399999852466863,1.4767000002393615
257,d31_u0,neutral,train,31,0,random,3,0,0,0,0,0,0,0,0,not_invoked,,1,2176,1.4331000002130168,0.012400000741763506,0.00019999970390927047,0.000999999429041054,0.0045000006139162,1.4560999998138868
258,d31_u1,neutral,train,31,1,random,3,0,0,0,0,0,0,0,0,not_invoked,,1,2176,1.408899999660207,0.01249999968422344,0.0002999995558639057,0.000999999429041054,0.00470000031782547,1.4324999992822995
259,d31_u2,neutral,train,31,2,random,3,1,1,0,0,0,1,1,0,ok,"{""sentences"": [""I hear you."", ""We can pause here for a moment.""], ""safety"": ""ok""}",1,2176,1.5280999996321043,0.012099999366910197,0.00019999970390927047,0.01140000040322775,0.004100000296602957,1.5606999995725346
260,d31_u3,neutral,train,31,3,random,3,1,1,0,0,0,1,1,0,ok,"{""sentences"": [""I hear you."", ""We can pause here for a moment.""], ""safety"": ""ok""}",1,2176,1.4836999998806277,0.013099999705445953,0.00030000046535860747,0.01160000010713702,0.004400000761961564,1.518000000032771
261,d32_u1,neutral,train,32,1,random,3,1,1,0,0,0,1,1,0,ok,"{""sentences"": [""I hear you."", ""We can pause here for a moment.""], ""safety"": ""ok""}",1,2176,1.346900000498863,0.012200000128359534,0.00020000061340397224,0.01160000010713702,0.004300000000512227,1.380300000164425
262,d32_u3,neutral,train,32,3,random,3,1,1,0,0,0,1,1,0,ok,"{""sentences"": [""I hear you."", ""We can pause here for a moment.""], ""safety"": ""ok""}",1,2176,1.4012999999977183,0.012500000593718141,0.00019999970390927047,0.011700000868586358,0.004200000148557592,1.434700000572775
263,d32_u5,neutral,train,32,5,random,3,0,0,0,0,0,0,0,0,not_invoked,,1,2176,1.3992000003781868,0.012000000424450263,0.00030000046535860747,0.0009000004865811206,0.004499999704421498,1.4217999996617436
264,d32_u8,neutral,train,32,8,random,3,0,0,0,0,0,0,0,0,not_invoked,,1,2176,1.38150000020687,0.012600000445672777,0.0002999995558639057,0.000999999429041054,0.004600000465870835,1.4046999995116494
265,d32_u10,happy,train,32,10,random,3,0,0,0,0,0,0,0,0,not_invoked,,1,2176,1.368700000057288,0.011799999811046291,0.00019999970390927047,0.0008999995770864189,0.004399999852466863,1.3908999999330263
266,d32_u11,happy,train,32,11,random,3,1,1,0,0,0,1,1,0,ok,"{""sentences"": [""I hear you."", ""We can pause here for a moment.""], ""safety"": ""ok""}",1,2176,1.3563000002250192,0.012299999980314169,0.00030000046535860747,0.011699999959091656,0.00419999923906289,1.3896000000386266
267,d32_u12,angry,train,32,12,random,3,0,0,0,0,0,0,0,0,not_invoked,,1,2176,1.4016000004630769,0.012100000276404899,0.00020000061340397224,0.0009000004865811206,0.004200000148557592,1.4239000001907698
268,d32_u13,angry,train,32,13,random,3,1,1,0,0,0,1,1,0,ok,"{""sentences"": [""I hear you."", ""We can pause here for a moment.""], ""safety"": ""ok""}",1,2176,1.3986000003569643,0.012600000445672777,0.00019999970390927047,0.01160000010713702,0.004100000296602957,1.431800000318617
269,d32_u14,angry,train,32,14,random,3,1,1,0,0,0,1,1,0,ok,"{""sentences"": [""I hear you."", ""We can pause here for a moment.""], ""safety"": ""ok""}",1,2176,1.5616999999110703,0.012299999980314169,0.00019999970390927047,0.01140000040322775,0.004300000000512227,1.5944999995554099
270,d32_u15,neutral,train,32,15,random,3,1,1,0,0,0,1,1,0,ok,"{""sentences"": [""I hear you."", ""We can pause here for a moment.""], ""safety"": ""ok""}",1,2176,1.277999999729218,0.012600000445672777,0.00019999970390927047,0.011500000255182385,0.004300000000512227,1.3110999998389161
271,d32_u16,neutral,train,32,16,random,3,1,1,0,0,0,1,1,0,ok,"{""sentences"": [""I hear you."", ""We can pause here for a moment.""], ""safety"": ""ok""}",1,2176,1.4468999997916399,0.012199999218864832,0.00020000061340397224,0.01160000010713702,0.004200000148557592,1.4798999991398887
272,d32_u18,neutral,train,32,18,random,3,0,0,0,0,0,0,0,0,not_invoked,,1,2176,1.5074000002641696,0.012099999366910197,0.00030000046535860747,0.0009000004865811206,0.004599999556376133,1.5300000004572212
273,d33_u1,happy,train,33,1,random,3,0,0,0,0,0,0,0,0,not_invoked,,1,2176,1.457700000173645,0.012600000445672777,0.00019999970390927047,0.0009000004865811206,0.004399999852466863,1.4803999993091566
274,d33_u2,neutral,train,33,2,random,3,0,0,0,0,0,0,0,0,not_invoked,,1,2176,1.4578000000255997,0.012100000276404899,0.00019999970390927047,0.0008999995770864189,0.0045000006139162,1.4800999997532926
275,d33_u3,neutral,train,33,3,random,3,0,0,0,0,0,0,0,0,not_invoked,,1,2176,1.527899999928195,0.01249999968422344,0.00030000046535860747,0.0009000004865811206,0.004399999852466863,1.5507999996771105
276,d33_u5,neutral,train,33,5,random,3,0,0,0,0,0,0,0,0,not_invoked,,1,2176,1.267300000108662,0.012200000128359534,0.0002999995558639057,0.0008999995770864189,0.004300000000512227,1.2896999996883096
277,d33_u6,neutral,train,33,6,random,3,1,1,0,0,0,1,1,0,ok,"{""sentences"": [""I hear you."", ""We can pause here for a moment.""], ""safety"": ""ok""}",1,2176,1.2429000007614377,0.012100000276404899,0.0002999995558639057,0.011299999641778413,0.004100000296602957,1.2753999999404186
278,d33_u7,neutral,train,33,7,random,3,0,0,0,0,0,0,0,0,not_invoked,,1,2176,1.3095000003886526,0.012700000297627412,0.00020000061340397224,0.0009000004865811206,0.004599999556376133,1.3329999992492958
279,d33_u8,happy,train,33,8,random,3,1,1,0,0,0,1,1,0,ok,"{""sentences"": [""I hear you."", ""We can pause here for a moment.""], ""safety"": ""ok""}",1,2176,1.3876999992135097,0.011899999663000926,0.00020000061340397224,0.011300000551273115,0.004200000148557592,1.4201000003595254
280,d33_u9,happy,train,33,9,random,3,0,0,0,0,0,0,0,0,not_invoked,,1,2176,1.3976999998703832,0.012299999980314169,0.00019999970390927047,0.0008999995770864189,0.004600000465870835,1.420499999767344
281,d33_u10,neutral,train,33,10,random,3,0,0,0,0,0,0,0,0,not_invoked,,1,2176,1.3187999993533595,0.011799999811046291,0.00019999970390927047,0.0009000004865811206,0.004499999704421498,1.341099999990547
282,d34_u0,neutral,train,34,0,random,3,1,1,0,0,0,1,1,0,ok,"{""sentences"": [""I hear you."", ""We can pause here for a moment.""], ""safety"": ""ok""}",1,2176,1.318399999945541,0.012299999980314169,0.00019999970390927047,0.011699999959091656,0.004200000148557592,1.351500000055239
283,d34_u1,neutral,train,34,1,random,3,0,0,0,0,0,0,0,0,not_invoked,,1,2176,1.3575999992099241,0.011899999663000926,0.0002999995558639057,0.000999999429041054,0.004400000761961564,1.3802000003124704
284,d34_u2,neutral,train,34,2,random,3,0,0,0,0,0,0,0,0,not_invoked,,1,2176,1.3462999995681457,0.01269999938813271,0.00030000046535860747,0.0009000004865811206,0.004599999556376133,1.3692999991690158
285,d34_u3,happy,train,34,3,random,3,0,0,0,0,0,0,0,0,not_invoked,,1,2176,1.5265000001818407,0.012000000424450263,0.00019999970390927047,0.0007999997251317836,0.00470000031782547,1.5488999997614883
286,d34_u4,neutral,train,34,4,random,3,0,0,0,0,0,0,0,0,not_invoked,,1,2176,1.2603000004673959,0.012299999980314169,0.0002999995558639057,0.0008999995770864189,0.004399999852466863,1.2827000000470434
287,d34_u5,neutral,train,34,5,random,3,1,1,0,0,0,1,1,0,ok,"{""sentences"": [""I hear you."", ""We can pause here for a moment.""], ""safety"": ""ok""}",1,2176,1.2475000003178138,0.012299999980314169,0.00019999970390927047,0.011799999811046291,0.004300000000512227,1.2807999992219266
288,d34_u6,neutral,train,34,6,random,3,1,1,0,0,0,1,1,0,ok,"{""sentences"": [""I hear you."", ""We can pause here for a moment.""], ""safety"": ""ok""}",1,2176,1.3158000001567416,0.011699999959091656,0.00019999970390927047,0.01160000010713702,0.00399999953515362,1.348100000541308
289,d34_u7,neutral,train,34,7,random,3,0,0,0,0,0,0,0,0,not_invoked,,1,2176,1.303600000028382,0.012399999832268804,0.00019999970390927047,0.0009000004865811206,0.004300000000512227,1.3259999996080296
290,d34_u8,neutral,train,34,8,random,3,1,1,0,0,0,1,1,0,ok,"{""sentences"": [""I hear you."", ""We can pause here for a moment.""], ""safety"": ""ok""}",1,2176,1.2938999998368672,0.012200000128359534,0.00020000061340397224,0.01140000040322775,0.004100000296602957,1.3265999996292521
291,d34_u10,neutral,train,34,10,random,3,1,1,0,0,0,1,1,0,ok,"{""sentences"": [""I hear you."", ""We can pause here for a moment.""], ""safety"": ""ok""}",1,2176,1.564400000461319,0.012700000297627412,0.00030000046535860747,0.011899999663000926,0.004300000000512227,1.5984000001481036
292,d34_u11,neutral,train,34,11,random,3,1,1,0,0,0,1,1,0,ok,"{""sentences"": [""I hear you."", ""We can pause here for a moment.""], ""safety"": ""ok""}",1,2176,1.283099999454862,0.012099999366910197,0.00019999970390927047,0.011299999641778413,0.00419999923906289,1.3156000004528323
293,d34_u12,neutral,train,34,12,random,3,0,0,0,0,0,0,0,0,not_invoked,,1,2176,1.4706000001751818,0.01629999951546779,0.00039999940781854093,0.0012000000424450263,0.006399999620043673,1.5014999999038992
294,d35_u1,happy,train,35,1,random,3,1,1,0,0,0,1,1,0,ok,"{""sentences"": [""I hear you."", ""We can pause here for a moment.""], ""safety"": ""ok""}",1,2176,1.5808000007382361,0.012000000424450263,0.0002999995558639057,0.011499999345687684,0.004300000000512227,1.613500000530621
295,d35_u2,happy,train,35,2,random,3,0,0,0,0,0,0,0,0,not_invoked,,1,2176,1.582599999892409,0.011999999514955562,0.00030000046535860747,0.0009000004865811206,0.004399999852466863,1.6048999996201019
296,d35_u3,happy,train,35,3,random,3,0,0,0,0,0,0,0,0,not_invoked,,1,2176,1.4622000007875613,0.012700000297627412,0.0002999995558639057,0.0008999995770864189,0.004400000761961564,1.4851000005364767
297,d35_u4,happy,train,35,4,random,3,1,1,0,0,0,1,1,0,ok,"{""sentences"": [""I hear you."", ""We can pause here for a moment.""], ""safety"": ""ok""}",1,2176,1.360000000204309,0.012100000276404899,0.00019999970390927047,0.011499999345687684,0.00419999923906289,1.3927999998486484
298,d35_u5,happy,train,35,5,random,3,0,0,0,0,0,0,0,0,not_invoked,,1,2176,1.4283000000432367,0.012599999536178075,0.00019999970390927047,0.0008999995770864189,0.004799999260285404,1.4516000001094653
299,d36_u0,neutral,train,36,0,random,3,0,0,0,0,0,0,0,0,not_invoked,,1,2176,1.4389999996637926,0.012000000424450263,0.00030000046535860747,0.0009000004865811206,0.004300000000512227,1.4610999996875762
300,d36_u1,neutral,train,36,1,random,3,0,0,0,0,0,0,0,0,not_invoked,,1,2176,1.3765999992756406,0.012599999536178075,0.00030000046535860747,0.0009000004865811206,0.004399999852466863,1.3995999997860054
301,d36_u2,neutral,train,36,2,random,3,0,0,0,0,0,0,0,0,not_invoked,,1,2176,1.4499000008072471,0.012000000424450263,0.0002999995558639057,0.0007999997251317836,0.004300000000512227,1.4720999997734907
302,d36_u3,neutral,train,36,3,random,3,1,1,0,0,0,1,1,0,ok,"{""sentences"": [""I hear you."", ""We can pause here for a moment.""], ""safety"": ""ok""}",1,2176,1.502500000242435,0.012000000424450263,0.0002999995558639057,0.011499999345687684,0.004300000000512227,1.5350000003309106
303,d36_u4,sad,train,36,4,random,3,1,1,0,0,0,1,1,0,ok,"{""sentences"": [""I hear you."", ""We can pause here for a moment.""], ""safety"": ""ok""}",1,2176,1.4536999997289968,0.012099999366910197,0.00019999970390927047,0.011499999345687684,0.004300000000512227,1.4866999999867403
304,d36_u5,sad,train,36,5,random,3,0,0,0,0,0,0,0,0,not_invoked,,1,2176,1.4510999999401974,0.012200000128359534,0.00020000061340397224,0.0007999997251317836,0.004599999556376133,1.4737999999852036
305,d37_u0,neutral,train,37,0,random,3,1,1,0,0,0,1,1,0,ok,"{""sentences"": [""I hear you."", ""We can pause here for a moment.""], ""safety"": ""ok""}",1,2176,1.4550000005328911,0.012000000424450263,0.00019999970390927047,0.011399999493733048,0.004200000148557592,1.487499999711872
306,d37_u1,happy,train,37,1,random,3,1,1,0,0,0,1,1,0,ok,"{""sentences"": [""I hear you."", ""We can pause here for a moment.""], ""safety"": ""ok""}",1,2176,1.4719000000695814,0.012399999832268804,0.00030000046535860747,0.011699999959091656,0.004200000148557592,1.5054000004965928
307,d37_u2,happy,train,37,2,random,3,1,1,0,0,0,1,1,0,ok,"{""sentences"": [""I hear you."", ""We can pause here for a moment.""], ""safety"": ""ok""}",1,2176,1.4472000002569985,0.011900000572495628,0.0002999995558639057,0.011399999493733048,0.004300000000512227,1.4799000000493834
308,d38_u0,angry,train,38,0,random,3,1,1,0,0,0,1,1,0,ok,"{""sentences"": [""I hear you."", ""We can pause here for a moment.""], ""safety"": ""ok""}",1,2176,1.4449999998760177,0.012399999832268804,0.0002999995558639057,0.011500000255182385,0.004200000148557592,1.4780999999857158
309,d38_u1,neutral,train,38,1,random,3,0,0,0,0,0,0,0,0,not_invoked,,1,2176,1.6530000002603629,0.012200000128359534,0.00019999970390927047,0.0008999995770864189,0.004400000761961564,1.6754000007495051
310,d38_u2,happy,train,38,2,random,3,1,1,0,0,0,1,1,0,ok,"{""sentences"": [""I hear you."", ""We can pause here for a moment.""], ""safety"": ""ok""}",1,2176,1.3727999994443962,0.012299999980314169,0.0002999995558639057,0.011399999493733048,0.004200000148557592,1.4054999992367812
311,d38_u3,neutral,train,38,3,random,3,1,1,0,0,0,1,1,0,ok,"{""sentences"": [""I hear you."", ""We can pause here for a moment.""], ""safety"": ""ok""}",1,2176,1.292299999477109,0.012200000128359534,0.0002999995558639057,0.011899999663000926,0.004300000000512227,1.3260000005175243
312,d38_u5,neutral,train,38,5,random,3,1,1,0,0,0,1,1,0,ok,"{""sentences"": [""I hear you."", ""We can pause here for a moment.""], ""safety"": ""ok""}",1,2176,1.3639999997394625,0.012200000128359534,0.00019999970390927047,0.011299999641778413,0.004200000148557592,1.3968000002932968
313,d38_u6,angry,train,38,6,random,3,1,1,0,0,0,1,1,0,ok,"{""sentences"": [""I hear you."", ""We can pause here for a moment.""], ""safety"": ""ok""}",1,2176,1.5418000002682675,0.012599999536178075,0.0002999995558639057,0.01160000010713702,0.004300000000512227,1.5752999997857842
314,d39_u0,angry,train,39,0,random,3,1,1,0,0,0,1,1,0,ok,"{""sentences"": [""I hear you."", ""We can pause here for a moment.""], ""safety"": ""ok""}",1,2176,1.199799999994866,0.012000000424450263,0.0002999995558639057,0.011099999937869143,0.004300000000512227,1.2323000000833417
315,d39_u1,angry,train,39,1,random,3,0,0,0,0,0,0,0,0,not_invoked,,1,2176,1.7330000000583823,0.012200000128359534,0.0002999995558639057,0.0008999995770864189,0.004400000761961564,1.7556000002514338
316,d39_u3,angry,train,39,3,random,3,1,1,0,0,0,1,1,0,ok,"{""sentences"": [""I hear you."", ""We can pause here for a moment.""], ""safety"": ""ok""}",1,2176,1.448799999707262,0.012200000128359534,0.00019999970390927047,0.011500000255182385,0.004300000000512227,1.4817999999650056
317,d39_u4,angry,train,39,4,random,3,1,1,0,0,0,1,1,0,ok,"{""sentences"": [""I hear you."", ""We can pause here for a moment.""], ""safety"": ""ok""}",1,2176,1.3560000006691553,0.012399999832268804,0.00030000046535860747,0.011500000255182385,0.004200000148557592,1.3891999997213134
318,d39_u5,angry,train,39,5,random,3,0,0,0,0,0,0,0,0,not_invoked,,1,2176,1.424300000508083,0.012299999980314169,0.00019999970390927047,0.0007999997251317836,0.0045000006139162,1.4472000002569985
319,d39_u6,angry,train,39,6,random,3,1,1,0,0,0,1,1,0,ok,"{""sentences"": [""I hear you."", ""We can pause here for a moment.""], ""safety"": ""ok""}",1,2176,1.452699999390461,0.012200000128359534,0.00019999970390927047,0.01160000010713702,0.004200000148557592,1.4859000002616085
320,d39_u7,happy,train,39,7,random,3,1,1,0,0,0,1,1,0,ok,"{""sentences"": [""I hear you."", ""We can pause here for a moment.""], ""safety"": ""ok""}",1,2176,1.4644000002590474,0.011999999514955562,0.00030000046535860747,0.011300000551273115,0.004000000444648322,1.496900000347523
321,d39_u8,neutral,train,39,8,random,3,1,1,0,0,0,1,1,0,ok,"{""sentences"": [""I hear you."", ""We can pause here for a moment.""], ""safety"": ""ok""}",1,2176,1.4588000003641355,0.012299999980314169,0.00019999970390927047,0.01160000010713702,0.004399999852466863,1.4920999992682482
322,d39_u9,neutral,train,39,9,random,3,0,0,0,0,0,0,0,0,not_invoked,,1,2176,1.4012999999977183,0.012399999832268804,0.00019999970390927047,0.0007999997251317836,0.004399999852466863,1.4239000001907698
323,d39_u11,neutral,train,39,11,random,3,0,0,0,0,0,0,0,0,not_invoked,,1,2176,1.5807999998287414,0.012700000297627412,0.0002999995558639057,0.0007999997251317836,0.004399999852466863,1.6037999994296115
324,d39_u12,neutral,train,39,12,random,3,1,1,0,0,0,1,1,0,ok,"{""sentences"": [""I hear you."", ""We can pause here for a moment.""], ""safety"": ""ok""}",1,2176,1.3690999994651065,0.011999999514955562,0.00020000061340397224,0.011300000551273115,0.004300000000512227,1.4016000004630769
325,d39_u13,neutral,train,39,13,random,3,1,1,0,0,0,1,1,0,ok,"{""sentences"": [""I hear you."", ""We can pause here for a moment.""], ""safety"": ""ok""}",1,2176,1.5012000003480352,0.012299999980314169,0.0002999995558639057,0.011299999641778413,0.004600000465870835,1.534699999865552
326,d39_u14,neutral,train,39,14,random,3,1,1,0,0,0,1,1,0,ok,"{""sentences"": [""I hear you."", ""We can pause here for a moment.""], ""safety"": ""ok""}",1,2176,1.289300000280491,0.012200000128359534,0.00019999970390927047,0.011599999197642319,0.004099999387108255,1.32229999962874
327,d39_u15,angry,train,39,15,random,3,0,0,0,0,0,0,0,0,not_invoked,,1,2176,1.4106999997238745,0.012399999832268804,0.0002999995558639057,0.0008999995770864189,0.004600000465870835,1.4336000003822846
328,d39_u16,angry,train,39,16,random,3,0,0,0,0,0,0,0,0,not_invoked,,1,2176,1.4608000001317123,0.012200000128359534,0.00030000046535860747,0.0008999995770864189,0.0045000006139162,1.4832999995633145
329,d39_u17,angry,train,39,17,random,3,0,0,0,0,0,0,0,0,not_invoked,,1,2176,1.370199999655597,0.01249999968422344,0.00019999970390927047,0.0009000004865811206,0.004399999852466863,1.3929999995525577
330,d39_u18,angry,train,39,18,random,3,1,1,0,0,0,1,1,0,ok,"{""sentences"": [""I hear you."", ""We can pause here for a moment.""], ""safety"": ""ok""}",1,2176,1.3717000001634005,0.012200000128359534,0.00019999970390927047,0.01140000040322775,0.004200000148557592,1.40449999980774
331,d40_u0,angry,train,40,0,random,3,0,0,0,0,0,0,0,0,not_invoked,,1,2176,1.3521999999284162,0.012500000593718141,0.00019999970390927047,0.0008999995770864189,0.004400000761961564,1.375200000438781
332,d40_u1,angry,train,40,1,random,3,0,0,0,0,0,0,0,0,not_invoked,,1,2176,1.3434000002234825,0.012099999366910197,0.00030000046535860747,0.0008000006346264854,0.004599999556376133,1.3658999996550847
333,d40_u2,neutral,train,40,2,random,3,1,1,0,0,0,1,1,0,ok,"{""sentences"": [""I hear you."", ""We can pause here for a moment.""], ""safety"": ""ok""}",1,2176,1.5120000007300405,0.012299999980314169,0.00019999970390927047,0.011500000255182385,0.004300000000512227,1.5450000000782893
334,d40_u3,neutral,train,40,3,random,3,1,1,0,0,0,1,1,0,ok,"{""sentences"": [""I hear you."", ""We can pause here for a moment.""], ""safety"": ""ok""}",1,2176,1.460899999983667,0.012200000128359534,0.00020000061340397224,0.011500000255182385,0.004300000000512227,1.4938999993319158
335,d40_u4,neutral,train,40,4,random,3,1,1,0,0,0,1,1,0,ok,"{""sentences"": [""I hear you."", ""We can pause here for a moment.""], ""safety"": ""ok""}",1,2176,1.440300000467687,0.012500000593718141,0.00030000046535860747,0.011699999959091656,0.00419999923906289,1.473700000133249
336,d40_u5,neutral,train,40,5,random,3,0,0,0,0,0,0,0,0,not_invoked,,1,2176,1.5016000006653485,0.012100000276404899,0.0002999995558639057,0.0008999995770864189,0.0045000006139162,1.524000000244996
337,d40_u6,happy,train,40,6,random,3,1,1,0,0,0,1,1,0,ok,"{""sentences"": [""I hear you."", ""We can pause here for a moment.""], ""safety"": ""ok""}",1,2176,1.5536999999312684,0.012700000297627412,0.00019999970390927047,0.011599999197642319,0.004300000000512227,1.5871000005063252
338,d40_u7,neutral,train,40,7,random,3,0,0,0,0,0,0,0,0,not_invoked,,1,2176,1.287899999624642,0.011900000572495628,0.0002999995558639057,0.0008999995770864189,0.004399999852466863,1.3100000005579204
339,d40_u10,neutral,train,40,10,random,3,0,0,0,0,0,0,0,0,not_invoked,,1,2176,1.5623999997842475,0.012200000128359534,0.00030000046535860747,0.0009000004865811206,0.004499999704421498,1.584999999977299
340,d40_u12,happy,train,40,12,random,3,0,0,0,0,0,0,0,0,not_invoked,,1,2176,1.3399999998000567,0.011999999514955562,0.00019999970390927047,0.0008999995770864189,0.0045000006139162,1.3619999999718857
341,d40_u13,sad,train,40,13,random,3,1,1,0,0,0,1,1,0,ok,"{""sentences"": [""I hear you."", ""We can pause here for a moment.""], ""safety"": ""ok""}",1,2176,1.5972000001056585,0.012700000297627412,0.00019999970390927047,0.01160000010713702,0.004200000148557592,1.6305999997712206
342,d40_u14,sad,train,40,14,random,3,0,0,0,0,0,0,0,0,not_invoked,,1,2176,1.3265999996292521,0.011999999514955562,0.00030000046535860747,0.0007999997251317836,0.004300000000512227,1.3488000004144851
343,d41_u0,sad,train,41,0,random,3,0,0,0,0,0,0,0,0,not_invoked,,1,2176,1.4764000006834976,0.012299999980314169,0.00019999970390927047,0.0008999995770864189,0.004399999852466863,1.4994000002843677
344,d41_u2,neutral,train,41,2,random,3,0,0,0,0,0,0,0,0,not_invoked,,1,2176,1.4639999999417341,0.012200000128359534,0.00019999970390927047,0.0008999995770864189,0.004499999704421498,1.4866000001347857
345,d41_u3,neutral,train,41,3,random,3,1,1,0,0,0,1,1,0,ok,"{""sentences"": [""I hear you."", ""We can pause here for a moment.""], ""safety"": ""ok""}",1,2176,1.4691999995193328,0.012199999218864832,0.00020000061340397224,0.01160000010713702,0.004300000000512227,1.502200000686571
346,d41_u4,neutral,train,41,4,random,3,0,0,0,0,0,0,0,0,not_invoked,,1,2176,1.4167000008455943,0.012600000445672777,0.00019999970390927047,0.0007999997251317836,0.0045000006139162,1.4399000001503737
347,d41_u6,neutral,train,41,6,random,3,1,1,0,0,0,1,1,0,ok,"{""sentences"": [""I hear you."", ""We can pause here for a moment.""], ""safety"": ""ok""}",1,2176,1.393399999869871,0.012000000424450263,0.00019999970390927047,0.011500000255182385,0.004300000000512227,1.4261999995142105
348,d41_u7,neutral,train,41,7,random,3,0,0,0,0,0,0,0,0,not_invoked,,1,2176,1.4542999997502193,0.012200000128359534,0.00020000061340397224,0.0009000004865811206,0.004499999704421498,1.4768999999432708
349,d41_u8,neutral,train,41,8,random,3,1,1,0,0,0,1,1,0,ok,"{""sentences"": [""I hear you."", ""We can pause here for a moment.""], ""safety"": ""ok""}",1,2176,1.3562000003730645,0.012000000424450263,0.00019999970390927047,0.011500000255182385,0.004299999091017526,1.3890999998693587
350,d41_u9,neutral,train,41,9,random,3,1,1,0,0,0,1,1,0,ok,"{""sentences"": [""I hear you."", ""We can pause here for a moment.""], ""safety"": ""ok""}",1,2176,1.3736000000790227,0.012600000445672777,0.0002999995558639057,0.011799999811046291,0.004200000148557592,1.407400000061898
351,d41_u10,neutral,train,41,10,random,3,1,1,0,0,0,1,1,0,ok,"{""sentences"": [""I hear you."", ""We can pause here for a moment.""], ""safety"": ""ok""}",1,2176,1.4793999998801155,0.012000000424450263,0.0002999995558639057,0.011699999959091656,0.004300000000512227,1.512400000137859
352,d41_u11,neutral,train,41,11,random,3,0,0,0,0,0,0,0,0,not_invoked,,1,2176,1.4780000001337612,0.012299999980314169,0.0002999995558639057,0.0008999995770864189,0.004399999852466863,1.500800000030722
353,d41_u13,neutral,train,41,13,random,3,0,0,0,0,0,0,0,0,not_invoked,,1,2176,1.4381999999386608,0.011999999514955562,0.00020000061340397224,0.0009000004865811206,0.004499999704421498,1.4605999995183083
354,d42_u0,neutral,train,42,0,random,3,1,1,0,0,0,1,1,0,ok,"{""sentences"": [""I hear you."", ""We can pause here for a moment.""], ""safety"": ""ok""}",1,2176,1.428200000191282,0.012000000424450263,0.00019999970390927047,0.011799999811046291,0.004399999852466863,1.4611999995395308
355,d43_u0,neutral,train,43,0,random,3,1,1,0,0,0,1,1,0,ok,"{""sentences"": [""I hear you."", ""We can pause here for a moment.""], ""safety"": ""ok""}",1,2176,1.369900000099733,0.011899999663000926,0.00020000061340397224,0.01140000040322775,0.004399999852466863,1.4026999997440726
356,d43_u1,neutral,train,43,1,random,3,1,1,0,0,0,1,1,0,ok,"{""sentences"": [""I hear you."", ""We can pause here for a moment.""], ""safety"": ""ok""}",1,2176,1.3770999994449085,0.012599999536178075,0.0002999995558639057,0.01140000040322775,0.004300000000512227,1.4102000004641013
357,d43_u2,neutral,train,43,2,random,3,1,1,0,0,0,1,1,0,ok,"{""sentences"": [""I hear you."", ""We can pause here for a moment.""], ""safety"": ""ok""}",1,2176,1.4661000004707603,0.012200000128359534,0.0002999995558639057,0.011399999493733048,0.004300000000512227,1.4989000001150998
358,d43_u3,neutral,train,43,3,random,3,1,1,0,0,0,1,1,0,ok,"{""sentences"": [""I hear you."", ""We can pause here for a moment.""], ""safety"": ""ok""}",1,2176,1.4653999996880884,0.012400000741763506,0.00019999970390927047,0.011499999345687684,0.004300000000512227,1.4985000007072813
359,d43_u4,neutral,train,43,4,random,3,1,1,0,0,0,1,1,0,ok,"{""sentences"": [""I hear you."", ""We can pause here for a moment.""], ""safety"": ""ok""}",1,2176,1.4521000002787332,0.012100000276404899,0.0002999995558639057,0.011399999493733048,0.00419999923906289,1.4848000000711181
360,d43_u5,neutral,train,43,5,random,3,0,0,0,0,0,0,0,0,not_invoked,,1,2176,1.452900000003865,0.012200000128359534,0.00019999970390927047,0.0007999997251317836,0.004399999852466863,1.4752999995835125
361,d43_u6,neutral,train,43,6,random,3,0,0,0,0,0,0,0,0,not_invoked,,1,2176,1.3346000005185488,0.012299999980314169,0.00030000046535860747,0.0009000004865811206,0.004499999704421498,1.3574000004155096
362,d44_u0,neutral,train,44,0,random,3,1,1,0,0,0,1,1,0,ok,"{""sentences"": [""I hear you."", ""We can pause here for a moment.""], ""safety"": ""ok""}",1,2176,1.3355000000956352,0.012200000128359534,0.00019999970390927047,0.01160000010713702,0.004300000000512227,1.368700000057288
363,d44_u2,neutral,train,44,2,random,3,1,1,0,0,0,1,1,0,ok,"{""sentences"": [""I hear you."", ""We can pause here for a moment.""], ""safety"": ""ok""}",1,2176,1.3165000000299187,0.011999999514955562,0.00019999970390927047,0.011500000255182385,0.004200000148557592,1.349099999970349
364,d45_u0,sad,train,45,0,random,3,0,0,0,0,0,0,0,0,not_invoked,,1,2176,1.314000000093074,0.012399999832268804,0.00019999970390927047,0.0008999995770864189,0.0045000006139162,1.3367000001380802
365,d45_u2,neutral,train,45,2,random,3,1,1,0,0,0,1,1,0,ok,"{""sentences"": [""I hear you."", ""We can pause here for a moment.""], ""safety"": ""ok""}",1,2176,1.4998999995441409,0.012199999218864832,0.00020000061340397224,0.01160000010713702,0.004200000148557592,1.5328999998018844
366,d45_u3,angry,train,45,3,random,3,0,0,0,0,0,0,0,0,not_invoked,,1,2176,1.2371000002531218,0.012299999980314169,0.0002999995558639057,0.0007999997251317836,0.0045000006139162,1.2593999999808148
367,d45_u4,neutral,train,45,4,random,3,1,1,0,0,0,1,1,0,ok,"{""sentences"": [""I hear you."", ""We can pause here for a moment.""], ""safety"": ""ok""}",1,2176,1.315400000748923,0.012299999980314169,0.00030000046535860747,0.011899999663000926,0.004300000000512227,1.3489000002664397
368,d46_u0,happy,train,46,0,random,3,1,1,0,0,0,1,1,0,ok,"{""sentences"": [""I hear you."", ""We can pause here for a moment.""], ""safety"": ""ok""}",1,2176,1.3772000002063578,0.011999999514955562,0.00030000046535860747,0.01160000010713702,0.004200000148557592,1.409800000146788
369,d46_u2,angry,train,46,2,random,3,0,0,0,0,0,0,0,0,not_invoked,,1,2176,1.3549000004786649,0.012299999980314169,0.00019999970390927047,0.0008999995770864189,0.004300000000512227,1.377600000523671
370,d46_u4,neutral,train,46,4,random,3,1,1,0,0,0,1,1,0,ok,"{""sentences"": [""I hear you."", ""We can pause here for a moment.""], ""safety"": ""ok""}",1,2176,1.3453000001391047,0.012100000276404899,0.00019999970390927047,0.011299999641778413,0.004300000000512227,1.378100000692939
371,d46_u5,neutral,train,46,5,random,3,1,1,0,0,0,1,1,0,ok,"{""sentences"": [""I hear you."", ""We can pause here for a moment.""], ""safety"": ""ok""}",1,2176,1.434299999345967,0.012399999832268804,0.00030000046535860747,0.011699999959091656,0.004200000148557592,1.4678000006824732
372,d46_u6,angry,train,46,6,random,3,1,1,0,0,0,1,1,0,ok,"{""sentences"": [""I hear you."", ""We can pause here for a moment.""], ""safety"": ""ok""}",1,2176,1.4326999998957035,0.012100000276404899,0.0002999995558639057,0.01140000040322775,0.004300000000512227,1.4656000003014924
373,d46_u8,happy,train,46,8,random,3,0,0,0,0,0,0,0,0,not_invoked,,1,2176,1.5524000000368687,0.012599999536178075,0.00019999970390927047,0.0010000003385357559,0.004399999852466863,1.575100000081875
374,d46_u9,happy,train,46,9,random,3,1,1,0,0,0,1,1,0,ok,"{""sentences"": [""I hear you."", ""We can pause here for a moment.""], ""safety"": ""ok""}",1,2176,1.2744999994538375,0.011799999811046291,0.0002999995558639057,0.011099999937869143,0.004100000296602957,1.3064000004305854
375,d46_u10,neutral,train,46,10,random,3,1,1,0,0,0,1,1,0,ok,"{""sentences"": [""I hear you."", ""We can pause here for a moment.""], ""safety"": ""ok""}",1,2176,1.410300000316056,0.011899999663000926,0.00030000046535860747,0.011300000551273115,0.004200000148557592,1.4425999997911276
376,d46_u12,happy,train,46,12,random,3,0,0,0,0,0,0,0,0,not_invoked,,1,2176,1.4179999998304993,0.012299999980314169,0.0002999995558639057,0.000999999429041054,0.004399999852466863,1.4406000000235508
377,d46_u14,happy,train,46,14,random,3,0,0,0,0,0,0,0,0,not_invoked,,1,2176,1.2892000004285364,0.012100000276404899,0.00019999970390927047,0.000999999429041054,0.0045000006139162,1.311600000008184
378,d47_u0,neutral,train,47,0,random,3,1,1,0,0,0,1,1,0,ok,"{""sentences"": [""I hear you."", ""We can pause here for a moment.""], ""safety"": ""ok""}",1,2176,1.348899999356945,0.01249999968422344,0.00019999970390927047,0.011899999663000926,0.004200000148557592,1.3823999997839564
379,d47_u1,neutral,train,47,1,random,3,1,1,0,0,0,1,1,0,ok,"{""sentences"": [""I hear you."", ""We can pause here for a moment.""], ""safety"": ""ok""}",1,2176,1.4465000003838213,0.012299999980314169,0.00030000046535860747,0.01160000010713702,0.004300000000512227,1.4796999994359794
380,d47_u2,neutral,train,47,2,random,3,0,0,0,0,0,0,0,0,not_invoked,,1,2176,1.4453000003413763,0.012600000445672777,0.00019999970390927047,0.0008999995770864189,0.004400000761961564,1.468100000238337
381,d47_u3,neutral,train,47,3,random,3,0,0,0,0,0,0,0,0,not_invoked,,1,2176,1.494500000262633,0.012100000276404899,0.00020000061340397224,0.0009000004865811206,0.004300000000512227,1.5166999992288765
382,d47_u4,neutral,train,47,4,random,3,0,0,0,0,0,0,0,0,not_invoked,,1,2176,1.4321000007839757,0.01249999968422344,0.00020000061340397224,0.0009000004865811206,0.004499999704421498,1.4551000003848458
383,d47_u5,neutral,train,47,5,random,3,1,1,0,0,0,1,1,0,ok,"{""sentences"": [""I hear you."", ""We can pause here for a moment.""], ""safety"": ""ok""}",1,2176,1.7205000003741588,0.012200000128359534,0.00019999970390927047,0.01140000040322775,0.004300000000512227,1.7533000000184984
384,d47_u6,neutral,train,47,6,random,3,1,1,0,0,0,1,1,0,ok,"{""sentences"": [""I hear you."", ""We can pause here for a moment.""], ""safety"": ""ok""}",1,2176,1.446600000235776,0.012299999980314169,0.00030000046535860747,0.012000000424450263,0.004300000000512227,1.4803000003666966
385,d47_u7,happy,train,47,7,random,3,1,1,0,0,0,1,1,0,ok,"{""sentences"": [""I hear you."", ""We can pause here for a moment.""], ""safety"": ""ok""}",1,2176,1.3582000001406414,0.012100000276404899,0.0002999995558639057,0.011699999959091656,0.004300000000512227,1.3911999994888902
386,d47_u8,neutral,train,47,8,random,3,1,1,0,0,0,1,1,0,ok,"{""sentences"": [""I hear you."", ""We can pause here for a moment.""], ""safety"": ""ok""}",1,2176,1.359299999421637,0.012099999366910197,0.00019999970390927047,0.01140000040322775,0.004200000148557592,1.391900000271562
387,d47_u9,neutral,train,47,9,random,3,0,0,0,0,0,0,0,0,not_invoked,,1,2176,1.4428000004045316,0.012399999832268804,0.00019999970390927047,0.0008999995770864189,0.004399999852466863,1.465700000153447
388,d47_u12,neutral,train,47,12,random,3,0,0,0,0,0,0,0,0,not_invoked,,1,2176,1.4349000002766843,0.011900000572495628,0.0002999995558639057,0.0009000004865811206,0.004399999852466863,1.4568999995390186
389,d47_u14,neutral,train,47,14,random,3,1,1,0,0,0,1,1,0,ok,"{""sentences"": [""I hear you."", ""We can pause here for a moment.""], ""safety"": ""ok""}",1,2176,1.3382999995883438,0.012200000128359534,0.0002999995558639057,0.011699999959091656,0.004300000000512227,1.3717000001634005
390,d47_u15,happy,train,47,15,random,3,0,0,0,0,0,0,0,0,not_invoked,,1,2176,1.3490000001183944,0.012100000276404899,0.00030000046535860747,0.0008999995770864189,0.004499999704421498,1.3714999995499966
391,d47_u16,happy,train,47,16,random,3,1,1,0,0,0,1,1,0,ok,"{""sentences"": [""I hear you."", ""We can pause here for a moment.""], ""safety"": ""ok""}",1,2176,1.358000000436732,0.012399999832268804,0.00020000061340397224,0.01160000010713702,0.004300000000512227,1.3911999994888902
392,d47_u17,neutral,train,47,17,random,3,0,0,0,0,0,0,0,0,not_invoked,,1,2176,1.3691999993170612,0.012200000128359534,0.0002999995558639057,0.0008999995770864189,0.004399999852466863,1.391900000271562
393,d48_u0,neutral,train,48,0,random,3,1,1,0,0,0,1,1,0,ok,"{""sentences"": [""I hear you."", ""We can pause here for a moment.""], ""safety"": ""ok""}",1,2176,1.5454000003956025,0.012800000149582047,0.00019999970390927047,0.011799999811046291,0.004200000148557592,1.5794999999343418
394,d49_u0,neutral,train,49,0,random,3,1,1,0,0,0,1,1,0,ok,"{""sentences"": [""I hear you."", ""We can pause here for a moment.""], ""safety"": ""ok""}",1,2176,1.273800000490155,0.012100000276404899,0.0002999995558639057,0.011399999493733048,0.004200000148557592,1.3064000004305854
395,d49_u1,neutral,train,49,1,random,3,0,0,0,0,0,0,0,0,not_invoked,,1,2176,1.607000000149128,0.012100000276404899,0.00019999970390927047,0.0009000004865811206,0.004399999852466863,1.6293999997287756
396,d49_u2,angry,train,49,2,random,3,0,0,0,0,0,0,0,0,not_invoked,,1,2176,1.3318999999683,0.012299999980314169,0.00019999970390927047,0.0008999995770864189,0.004399999852466863,1.3546000000133063
397,d49_u3,happy,train,49,3,random,3,1,1,0,0,0,1,1,0,ok,"{""sentences"": [""I hear you."", ""We can pause here for a moment.""], ""safety"": ""ok""}",1,2176,1.5740000008008792,0.012800000149582047,0.00019999970390927047,0.011699999959091656,0.004099999387108255,1.6073000006144866
398,d49_u5,neutral,train,49,5,random,3,0,0,0,0,0,0,0,0,not_invoked,,1,2176,1.3128999999025837,0.012099999366910197,0.0002999995558639057,0.0008999995770864189,0.004300000000512227,1.3349000000744127
399,d49_u6,neutral,train,49,6,random,3,0,0,0,0,0,0,0,0,not_invoked,,1,2176,1.369699999486329,0.011899999663000926,0.00020000061340397224,0.0008999995770864189,0.004499999704421498,1.391900000271562
400,d49_u7,neutral,train,49,7,random,3,1,1,0,0,0,1,1,0,ok,"{""sentences"": [""I hear you."", ""We can pause here for a moment.""], ""safety"": ""ok""}",1,2176,1.4169000005495036,0.01249999968422344,0.00020000061340397224,0.011500000255182385,0.004399999852466863,1.4500999996016617
401,d49_u8,neutral,train,49,8,random,3,1,1,0,0,0,1,1,0,ok,"{""sentences"": [""I hear you."", ""We can pause here for a moment.""], ""safety"": ""ok""}",1,2176,1.4738999998371582,0.012000000424450263,0.0002999995558639057,0.011399999493733048,0.004300000000512227,1.506399999925634
402,d49_u9,happy,train,49,9,random,3,1,1,0,0,0,1,1,0,ok,"{""sentences"": [""I hear you."", ""We can pause here for a moment.""], ""safety"": ""ok""}",1,2176,1.4111999998931424,0.012800000149582047,0.00020000061340397224,0.011699999959091656,0.004200000148557592,1.4449999998760177
403,d49_u10,neutral,train,49,10,random,3,1,1,0,0,0,1,1,0,ok,"{""sentences"": [""I hear you."", ""We can pause here for a moment.""], ""safety"": ""ok""}",1,2176,1.380099999551021,0.011999999514955562,0.00020000061340397224,0.01140000040322775,0.004200000148557592,1.4126000005489914
404,d49_u11,neutral,train,49,11,random,3,0,0,0,0,0,0,0,0,not_invoked,,1,2176,1.4419999997699051,0.012000000424450263,0.00020000061340397224,0.0009000004865811206,0.004599999556376133,1.464200000555138
405,d49_u12,sad,train,49,12,random,3,1,1,0,0,0,1,1,0,ok,"{""sentences"": [""I hear you."", ""We can pause here for a moment.""], ""safety"": ""ok""}",1,2176,1.5077999996719882,0.011799999811046291,0.00030000046535860747,0.011099999937869143,0.004200000148557592,1.5395999998872867
406,d49_u14,neutral,train,49,14,random,3,1,1,0,0,0,1,1,0,ok,"{""sentences"": [""I hear you."", ""We can pause here for a moment.""], ""safety"": ""ok""}",1,2176,1.4544000005116686,0.012700000297627412,0.00030000046535860747,0.011799999811046291,0.004300000000512227,1.4883000003464986
407,d49_u16,neutral,train,49,16,random,3,0,0,0,0,0,0,0,0,not_invoked,,1,2176,1.3533999999708612,0.011899999663000926,0.00020000061340397224,0.0010000003385357559,0.004699999408330768,1.3759000003119581
408,d49_u17,neutral,train,49,17,random,3,0,0,0,0,0,0,0,0,not_invoked,,1,2176,1.40200000078039,0.01249999968422344,0.00020000061340397224,0.0008999995770864189,0.004499999704421498,1.4246999999159016
409,d49_u19,neutral,train,49,19,random,3,1,1,0,0,0,1,1,0,ok,"{""sentences"": [""I hear you."", ""We can pause here for a moment.""], ""safety"": ""ok""}",1,2176,1.5659999999115826,0.012100000276404899,0.00019999970390927047,0.011299999641778413,0.004300000000512227,1.5985999998520128
410,d49_u21,angry,train,49,21,random,3,1,1,0,0,0,1,1,0,ok,"{""sentences"": [""I hear you."", ""We can pause here for a moment.""], ""safety"": ""ok""}",1,2176,1.2331000007179682,0.012200000128359534,0.00019999970390927047,0.01160000010713702,0.004300000000512227,1.2662999997701263
411,d50_u0,happy,train,50,0,random,3,1,1,0,0,0,1,1,0,ok,"{""sentences"": [""I hear you."", ""We can pause here for a moment.""], ""safety"": ""ok""}",1,2176,1.5195000005405745,0.012299999980314169,0.00019999970390927047,0.01160000010713702,0.004300000000512227,1.552599999740778
412,d50_u1,angry,train,50,1,random,3,0,0,0,0,0,0,0,0,not_invoked,,1,2176,1.4600999993490404,0.012199999218864832,0.00020000061340397224,0.0009000004865811206,0.004399999852466863,1.482399999986228
413,d50_u3,neutral,train,50,3,random,3,1,1,0,0,0,1,1,0,ok,"{""sentences"": [""I hear you."", ""We can pause here for a moment.""], ""safety"": ""ok""}",1,2176,1.4198999997461215,0.012399999832268804,0.00030000046535860747,0.011500000255182385,0.004300000000512227,1.4532999994116835
414,d50_u4,neutral,train,50,4,random,3,1,1,0,0,0,1,1,0,ok,"{""sentences"": [""I hear you."", ""We can pause here for a moment.""], ""safety"": ""ok""}",1,2176,1.4909000001352979,0.011900000572495628,0.00019999970390927047,0.011599999197642319,0.004399999852466863,1.5239000003930414
415,d50_u7,sad,train,50,7,random,3,0,0,0,0,0,0,0,0,not_invoked,,1,2176,1.5626000003976515,0.012299999980314169,0.00020000061340397224,0.0010000003385357559,0.004399999852466863,1.5853999993851176
416,d50_u8,happy,train,50,8,random,3,0,0,0,0,0,0,0,0,not_invoked,,1,2176,1.55570000060834,0.012299999980314169,0.00030000046535860747,0.0009000004865811206,0.004499999704421498,1.5783999997438514
417,d50_u11,neutral,train,50,11,random,3,0,0,0,0,0,0,0,0,not_invoked,,1,2176,1.5076999998200336,0.012599999536178075,0.00030000046535860747,0.0009000004865811206,0.004399999852466863,1.5304999997169944
418,d50_u12,neutral,train,50,12,random,3,1,1,0,0,0,1,1,0,ok,"{""sentences"": [""I hear you."", ""We can pause here for a moment.""], ""safety"": ""ok""}",1,2176,1.2354999998933636,0.012200000128359534,0.00019999970390927047,0.011099999937869143,0.004100000296602957,1.2679000001298846
419,d50_u13,angry,train,50,13,random,3,0,0,0,0,0,0,0,0,not_invoked,,1,2176,1.396799999383802,0.012100000276404899,0.00019999970390927047,0.0009000004865811206,0.004300000000512227,1.4193000006343937
420,d50_u15,angry,train,50,15,random,3,0,0,0,0,0,0,0,0,not_invoked,,1,2176,1.4578000000255997,0.012399999832268804,0.00020000061340397224,0.0009000004865811206,0.004399999852466863,1.4805999999225605
421,d50_u16,neutral,train,50,16,random,3,0,0,0,0,0,0,0,0,not_invoked,,1,2176,1.473900000746653,0.012000000424450263,0.00019999970390927047,0.0008999995770864189,0.004399999852466863,1.4963000003263005
422,d51_u0,neutral,train,51,0,random,3,0,0,0,0,0,0,0,0,not_invoked,,1,2176,1.4722999994774,0.01269999938813271,0.00030000046535860747,0.0009000004865811206,0.004300000000512227,1.4952999999877647
423,d51_u1,sad,train,51,1,random,3,1,1,0,0,0,1,1,0,ok,"{""sentences"": [""I hear you."", ""We can pause here for a moment.""], ""safety"": ""ok""}",1,2176,1.380099999551021,0.011899999663000926,0.00019999970390927047,0.011799999811046291,0.004100000296602957,1.4129000001048553
424,d51_u2,neutral,train,51,2,random,3,1,1,0,0,0,1,1,0,ok,"{""sentences"": [""I hear you."", ""We can pause here for a moment.""], ""safety"": ""ok""}",1,2176,1.3877000001230044,0.012500000593718141,0.0002999995558639057,0.011799999811046291,0.004300000000512227,1.4213999993444304
425,d51_u4,angry,train,51,4,random,3,0,0,0,0,0,0,0,0,not_invoked,,1,2176,1.5594000005876296,0.012100000276404899,0.00019999970390927047,0.0008999995770864189,0.004399999852466863,1.5819000000192318
426,d51_u5,angry,train,51,5,random,3,0,0,0,0,0,0,0,0,not_invoked,,1,2176,1.5485000003536697,0.012399999832268804,0.00019999970390927047,0.0008999995770864189,0.004399999852466863,1.5714999999545398
427,d51_u6,angry,train,51,6,random,3,0,0,0,0,0,0,0,0,not_invoked,,1,2176,1.5846999995119404,0.012199999218864832,0.00019999970390927047,0.0009000004865811206,0.004600000465870835,1.607500000318396
428,d51_u7,angry,train,51,7,random,3,0,0,0,0,0,0,0,0,not_invoked,,1,2176,1.3240999996924074,0.012399999832268804,0.00030000046535860747,0.0007999997251317836,0.004300000000512227,1.346400000329595
429,d51_u8,angry,train,51,8,random,3,0,0,0,0,0,0,0,0,not_invoked,,1,2176,1.3614999998026178,0.012400000741763506,0.00019999970390927047,0.0008999995770864189,0.004399999852466863,1.3842000007571187
430,d51_u9,angry,train,51,9,random,3,1,1,0,0,0,1,1,0,ok,"{""sentences"": [""I hear you."", ""We can pause here for a moment.""], ""safety"": ""ok""}",1,2176,1.4212000005500158,0.012299999980314169,0.00020000061340397224,0.011699999959091656,0.004300000000512227,1.4544000005116686
431,d51_u10,angry,train,51,10,random,3,1,1,0,0,0,1,1,0,ok,"{""sentences"": [""I hear you."", ""We can pause here for a moment.""], ""safety"": ""ok""}",1,2176,1.3819000005241833,0.012299999980314169,0.00020000061340397224,0.011900000572495628,0.004200000148557592,1.4154000000417
432,d52_u0,neutral,train,52,0,random,3,0,0,0,0,0,0,0,0,not_invoked,,1,2176,1.3847000000168919,0.012299999980314169,0.00019999970390927047,0.0009000004865811206,0.004399999852466863,1.4073000002099434
433,d52_u1,happy,train,52,1,random,3,0,0,0,0,0,0,0,0,not_invoked,,1,2176,1.4000999999552732,0.012400000741763506,0.00019999970390927047,0.0008999995770864189,0.004399999852466863,1.4229000007617287
434,d52_u2,neutral,train,52,2,random,3,0,0,0,0,0,0,0,0,not_invoked,,1,2176,1.4006999999764957,0.012100000276404899,0.0002999995558639057,0.0008999995770864189,0.004599999556376133,1.423199999408098
435,d52_u3,neutral,train,52,3,random,3,1,1,0,0,0,1,1,0,ok,"{""sentences"": [""I hear you."", ""We can pause here for a moment.""], ""safety"": ""ok""}",1,2176,1.376199999867822,0.012500000593718141,0.00019999970390927047,0.01160000010713702,0.004300000000512227,1.409599999533384
436,d52_u4,neutral,train,52,4,random,3,1,1,0,0,0,1,1,0,ok,"{""sentences"": [""I hear you."", ""We can pause here for a moment.""], ""safety"": ""ok""}",1,2176,1.3867999996364233,0.012200000128359534,0.00019999970390927047,0.011500000255182385,0.004200000148557592,1.4197999998941668
437,d52_u5,neutral,train,52,5,random,3,0,0,0,0,0,0,0,0,not_invoked,,1,2176,1.6869999999471474,0.012800000149582047,0.00019999970390927047,0.0007999997251317836,0.004599999556376133,1.7103999998653308
438,d52_u6,neutral,train,52,6,random,3,1,1,0,0,0,1,1,0,ok,"{""sentences"": [""I hear you."", ""We can pause here for a moment.""], ""safety"": ""ok""}",1,2176,1.4053000004423666,0.012200000128359534,0.00019999970390927047,0.011299999641778413,0.004300000000512227,1.4379000003827969
439,d52_u7,neutral,train,52,7,random,3,0,0,0,0,0,0,0,0,not_invoked,,1,2176,1.4022000004842994,0.012000000424450263,0.00020000061340397224,0.0010000003385357559,0.004300000000512227,1.4242999995985883
440,d52_u8,neutral,train,52,8,random,3,0,0,0,0,0,0,0,0,not_invoked,,1,2176,1.461100000597071,0.012500000593718141,0.00019999970390927047,0.0007999997251317836,0.0045000006139162,1.484100000197941
441,d52_u9,neutral,train,52,9,random,3,0,0,0,0,0,0,0,0,not_invoked,,1,2176,1.4310999995359452,0.012200000128359534,0.00020000061340397224,0.0009000004865811206,0.004499999704421498,1.4535999998770421
442,d52_u10,neutral,train,52,10,random,3,1,1,0,0,0,1,1,0,ok,"{""sentences"": [""I hear you."", ""We can pause here for a moment.""], ""safety"": ""ok""}",1,2176,1.42870000036055,0.012599999536178075,0.00030000046535860747,0.011799999811046291,0.004400000761961564,1.4626000001953798
443,d52_u11,neutral,train,52,11,random,3,1,1,0,0,0,1,1,0,ok,"{""sentences"": [""I hear you."", ""We can pause here for a moment.""], ""safety"": ""ok""}",1,2176,1.4805999999225605,0.012099999366910197,0.00030000046535860747,0.01160000010713702,0.004300000000512227,1.5135000003283494
444,d53_u0,happy,train,53,0,random,3,1,1,0,0,0,1,1,0,ok,"{""sentences"": [""I hear you."", ""We can pause here for a moment.""], ""safety"": ""ok""}",1,2176,1.478500000303029,0.012599999536178075,0.00030000046535860747,0.011699999959091656,0.004300000000512227,1.5122000004339498
445,d53_u1,happy,train,53,1,random,3,0,0,0,0,0,0,0,0,not_invoked,,1,2176,1.5729999995528487,0.013499999113264494,0.00019999970390927047,0.0008999995770864189,0.005099999725644011,1.5978999999788357
446,d53_u2,neutral,train,53,2,random,3,0,0,0,0,0,0,0,0,not_invoked,,1,2176,1.5756000002511428,0.01340000017080456,0.00030000046535860747,0.0008999995770864189,0.005100000635138713,1.6003000000637257
447,d53_u3,neutral,train,53,3,random,3,1,1,0,0,0,1,1,0,ok,"{""sentences"": [""I hear you."", ""We can pause here for a moment.""], ""safety"": ""ok""}",1,2176,1.5235999999276828,0.012600000445672777,0.0002999995558639057,0.012299999980314169,0.004399999852466863,1.5580999997837353
448,d53_u4,neutral,train,53,4,random,3,0,0,0,0,0,0,0,0,not_invoked,,1,2176,1.5432000000146218,0.012700000297627412,0.00030000046535860747,0.0009000004865811206,0.004499999704421498,1.566399999319401
449,d53_u5,neutral,train,53,5,random,3,0,0,0,0,0,0,0,0,not_invoked,,1,2176,1.5563000006295624,0.012700000297627412,0.0002999995558639057,0.0008999995770864189,0.004599999556376133,1.5795999997862964
450,d53_u6,happy,train,53,6,random,3,0,0,0,0,0,0,0,0,not_invoked,,1,2176,1.5186000000539934,0.013299999409355223,0.0002999995558639057,0.000999999429041054,0.004900000021734741,1.5429000004587579
451,d53_u7,neutral,train,53,7,random,3,1,1,0,0,0,1,1,0,ok,"{""sentences"": [""I hear you."", ""We can pause here for a moment.""], ""safety"": ""ok""}",1,2176,1.6359000001102686,0.012700000297627412,0.00030000046535860747,0.012299999980314169,0.004300000000512227,1.670199999352917
452,d53_u8,happy,train,53,8,random,3,1,1,0,0,0,1,1,0,ok,"{""sentences"": [""I hear you."", ""We can pause here for a moment.""], ""safety"": ""ok""}",1,2176,1.3578999996752827,0.012799999240087345,0.00020000061340397224,0.012100000276404899,0.0045000006139162,1.3922999996793806
453,d54_u1,sad,train,54,1,random,3,1,1,0,0,0,1,1,0,ok,"{""sentences"": [""I hear you."", ""We can pause here for a moment.""], ""safety"": ""ok""}",1,2176,1.6027000001486158,0.012999999853491317,0.0002999995558639057,0.012000000424450263,0.004399999852466863,1.6372000000046683
454,d54_u2,angry,train,54,2,random,3,1,1,0,0,0,1,1,0,ok,"{""sentences"": [""I hear you."", ""We can pause here for a moment.""], ""safety"": ""ok""}",1,2176,1.3579999995272374,0.012900000001536682,0.00019999970390927047,0.011799999811046291,0.004499999704421498,1.3920999999754713
455,d54_u5,neutral,train,54,5,random,3,1,1,0,0,0,1,1,0,ok,"{""sentences"": [""I hear you."", ""We can pause here for a moment.""], ""safety"": ""ok""}",1,2176,1.4590000000680448,0.012200000128359534,0.00019999970390927047,0.011799999811046291,0.004399999852466863,1.4923999997336068
456,d54_u6,happy,train,54,6,random,3,1,1,0,0,0,1,1,0,ok,"{""sentences"": [""I hear you."", ""We can pause here for a moment.""], ""safety"": ""ok""}",1,2176,1.473900000746653,0.012999999853491317,0.0002999995558639057,0.012399999832268804,0.004399999852466863,1.5088999998624786
457,d54_u7,angry,train,54,7,random,3,1,1,0,0,0,1,1,0,ok,"{""sentences"": [""I hear you."", ""We can pause here for a moment.""], ""safety"": ""ok""}",1,2176,1.4518999996653292,0.012200000128359534,0.00019999970390927047,0.011499999345687684,0.004200000148557592,1.4848000000711181
458,d54_u8,sad,train,54,8,random,3,0,0,0,0,0,0,0,0,not_invoked,,1,2176,1.4499000008072471,0.013100000614940654,0.0002999995558639057,0.0008999995770864189,0.00470000031782547,1.4738999998371582
459,d54_u9,happy,train,54,9,random,3,0,0,0,0,0,0,0,0,not_invoked,,1,2176,1.4132000005702139,0.012399999832268804,0.00030000046535860747,0.0009000004865811206,0.004599999556376133,1.4361000003191293
460,d54_u10,neutral,train,54,10,random,3,1,1,0,0,0,1,1,0,ok,"{""sentences"": [""I hear you."", ""We can pause here for a moment.""], ""safety"": ""ok""}",1,2176,1.460899999983667,0.013100000614940654,0.00019999970390927047,0.02700000004551839,0.004399999852466863,1.5105000002222368
461,d54_u11,neutral,train,54,11,random,3,0,0,0,0,0,0,0,0,not_invoked,,1,2176,1.3981000001876964,0.012200000128359534,0.00019999970390927047,0.0007999997251317836,0.0045000006139162,1.4209000000846572
462,d54_u14,sad,train,54,14,random,3,0,0,0,0,0,0,0,0,not_invoked,,1,2176,1.3689999996131519,0.012900000001536682,0.00019999970390927047,0.0009000004865811206,0.004699999408330768,1.3926000001447392
463,d54_u15,sad,train,54,15,random,3,1,1,0,0,0,1,1,0,ok,"{""sentences"": [""I hear you."", ""We can pause here for a moment.""], ""safety"": ""ok""}",1,2176,1.6407000002800487,0.012200000128359534,0.0002999995558639057,0.011699999959091656,0.004300000000512227,1.6735999997763429
464,d54_u16,sad,train,54,16,random,3,1,1,0,0,0,1,1,0,ok,"{""sentences"": [""I hear you."", ""We can pause here for a moment.""], ""safety"": ""ok""}",1,2176,1.3298000003487687,0.012700000297627412,0.00019999970390927047,0.011899999663000926,0.0045000006139162,1.3635000004796893
465,d54_u17,happy,train,54,17,random,3,0,0,0,0,0,0,0,0,not_invoked,,1,2176,1.5361999994638609,0.014899999769113492,0.0002999995558639057,0.001100000190490391,0.0054000001910026185,1.563200000418874
466,d54_u18,happy,train,54,18,random,3,1,1,0,0,0,1,1,0,ok,"{""sentences"": [""I hear you."", ""We can pause here for a moment.""], ""safety"": ""ok""}",1,2176,1.6585000003033201,0.013300000318849925,0.00020000061340397224,0.013300000318849925,0.00470000031782547,1.6948000002230401
467,d54_u19,happy,train,54,19,random,3,1,1,0,0,0,1,1,0,ok,"{""sentences"": [""I hear you."", ""We can pause here for a moment.""], ""safety"": ""ok""}",1,2176,1.5981000005922397,0.013700000636163168,0.0002999995558639057,0.01249999968422344,0.004600000465870835,1.634100000046601
468,d54_u20,happy,train,54,20,random,3,0,0,0,0,0,0,0,0,not_invoked,,1,2176,1.5224999997371924,0.012200000128359534,0.00019999970390927047,0.0008999995770864189,0.018900000213761814,1.5594999995300896
469,d54_u21,neutral,train,54,21,random,3,1,1,0,0,0,1,1,0,ok,"{""sentences"": [""I hear you."", ""We can pause here for a moment.""], ""safety"": ""ok""}",1,2176,1.384199999847624,0.012999999853491317,0.00019999970390927047,0.01249999968422344,0.004499999704421498,1.419500000338303
470,d54_u22,happy,train,54,22,random,3,1,1,0,0,0,1,1,0,ok,"{""sentences"": [""I hear you."", ""We can pause here for a moment.""], ""safety"": ""ok""}",1,2176,1.385399999890069,0.027599999157246202,0.00019999970390927047,0.011399999493733048,0.004300000000512227,1.4506000006804243
471,d54_u23,angry,train,54,23,random,3,1,1,0,0,0,1,1,0,ok,"{""sentences"": [""I hear you."", ""We can pause here for a moment.""], ""safety"": ""ok""}",1,2176,1.43350000053033,0.012500000593718141,0.0002999995558639057,0.011999999514955562,0.004400000761961564,1.4676000000690692
472,d55_u0,happy,train,55,0,random,3,1,1,0,0,0,1,1,0,ok,"{""sentences"": [""I hear you."", ""We can pause here for a moment.""], ""safety"": ""ok""}",1,2176,1.4344000001074164,0.012500000593718141,0.0002999995558639057,0.01160000010713702,0.004300000000512227,1.4679000005344278
473,d55_u1,happy,train,55,1,random,3,0,0,0,0,0,0,0,0,not_invoked,,1,2176,1.4430999999603955,0.013100000614940654,0.0002999995558639057,0.0008999995770864189,0.004699999408330768,1.467199999751756
474,d55_u2,neutral,train,55,2,random,3,0,0,0,0,0,0,0,0,not_invoked,,1,2176,1.4045000007172348,0.012800000149582047,0.0002999995558639057,0.0008999995770864189,0.004799999260285404,1.428200000191282
475,d55_u4,neutral,train,55,4,random,3,1,1,0,0,0,1,1,0,ok,"{""sentences"": [""I hear you."", ""We can pause here for a moment.""], ""safety"": ""ok""}",1,2176,1.6572000004089205,0.012999999853491317,0.00020000061340397224,0.012200000128359534,0.004400000761961564,1.6918999999688822
476,d55_u5,happy,train,55,5,random,3,1,1,0,0,0,1,1,0,ok,"{""sentences"": [""I hear you."", ""We can pause here for a moment.""], ""safety"": ""ok""}",1,2176,1.348100000541308,0.012299999980314169,0.00030000046535860747,0.011500000255182385,0.004399999852466863,1.381299999593466
477,d55_u7,neutral,train,55,7,random,3,0,0,0,0,0,0,0,0,not_invoked,,1,2176,1.5922000002319692,0.012399999832268804,0.00030000046535860747,0.0009000004865811206,0.00470000031782547,1.6152999996847939
478,d55_u8,happy,train,55,8,random,3,0,0,0,0,0,0,0,0,not_invoked,,1,2176,1.2655000000449945,0.012799999240087345,0.00019999970390927047,0.0008999995770864189,0.004600000465870835,1.2891999995190417
479,d55_u9,happy,train,55,9,random,3,0,0,0,0,0,0,0,0,not_invoked,,1,2176,1.3721999994231737,0.012700000297627412,0.00030000046535860747,0.0009000004865811206,0.004499999704421498,1.3952000008430332
480,d55_u10,happy,train,55,10,random,3,0,0,0,0,0,0,0,0,not_invoked,,1,2176,1.3709999993807287,0.012700000297627412,0.0002999995558639057,0.000999999429041054,0.00470000031782547,1.3944000002084067
481,d55_u11,happy,train,55,11,random,3,1,1,0,0,0,1,1,0,ok,"{""sentences"": [""I hear you."", ""We can pause here for a moment.""], ""safety"": ""ok""}",1,2176,1.5780000003360328,0.012999999853491317,0.00020000061340397224,0.011900000572495628,0.004300000000512227,1.6121999997267267
482,d55_u12,happy,train,55,12,random,3,0,0,0,0,0,0,0,0,not_invoked,,1,2176,1.2765999999828637,0.012700000297627412,0.0002999995558639057,0.0008999995770864189,0.004600000465870835,1.2999000000490923
483,d55_u13,happy,train,55,13,random,3,0,0,0,0,0,0,0,0,not_invoked,,1,2176,1.385600000503473,0.012200000128359534,0.00020000061340397224,0.0008999995770864189,0.004399999852466863,1.4080999999350752
484,d55_u14,happy,train,55,14,random,3,0,0,0,0,0,0,0,0,not_invoked,,1,2176,1.4357999998537707,0.012999999853491317,0.00030000046535860747,0.0010000003385357559,0.004800000169780105,1.4597999997931765
485,d55_u15,happy,train,55,15,random,3,1,1,0,0,0,1,1,0,ok,"{""sentences"": [""I hear you."", ""We can pause here for a moment.""], ""safety"": ""ok""}",1,2176,1.3578000007328228,0.012399999832268804,0.00030000046535860747,0.01160000010713702,0.004300000000512227,1.3912000003983849
486,d55_u16,neutral,train,55,16,random,3,0,0,0,0,0,0,0,0,not_invoked,,1,2176,1.3650000000779983,0.013099999705445953,0.00030000046535860747,0.0009000004865811206,0.00470000031782547,1.389000000017404
487,d56_u1,neutral,train,56,1,random,3,0,0,0,0,0,0,0,0,not_invoked,,1,2176,1.494000000093365,0.012299999980314169,0.0002999995558639057,0.0008999995770864189,0.004799999260285404,1.5171000004556845
488,d56_u3,neutral,train,56,3,random,3,0,0,0,0,0,0,0,0,not_invoked,,1,2176,1.4913000004526111,0.012399999832268804,0.00019999970390927047,0.000999999429041054,0.004600000465870835,1.5143000000534812
489,d56_u4,neutral,train,56,4,random,3,1,1,0,0,0,1,1,0,ok,"{""sentences"": [""I hear you."", ""We can pause here for a moment.""], ""safety"": ""ok""}",1,2176,1.35859999954846,0.01249999968422344,0.00030000046535860747,0.012099999366910197,0.004300000000512227,1.3926999999966938
490,d56_u5,neutral,train,56,5,random,3,1,1,0,0,0,1,1,0,ok,"{""sentences"": [""I hear you."", ""We can pause here for a moment.""], ""safety"": ""ok""}",1,2176,1.3914999999542488,0.012700000297627412,0.0002999995558639057,0.012199999218864832,0.004399999852466863,1.4258999999583466
491,d56_u6,happy,train,56,6,random,3,1,1,0,0,0,1,1,0,ok,"{""sentences"": [""I hear you."", ""We can pause here for a moment.""], ""safety"": ""ok""}",1,2176,1.459400000385358,0.012399999832268804,0.0002999995558639057,0.01160000010713702,0.004399999852466863,1.4931999994587386
492,d57_u1,neutral,train,57,1,random,3,1,1,0,0,0,1,1,0,ok,"{""sentences"": [""I hear you."", ""We can pause here for a moment.""], ""safety"": ""ok""}",1,2176,1.4397000004464644,0.01320000046689529,0.00019999970390927047,0.027799999770650174,0.004400000761961564,1.49039999996603
493,d58_u0,neutral,train,58,0,random,3,0,0,0,0,0,0,0,0,not_invoked,,1,2176,1.4211000006980612,0.012399999832268804,0.0002999995558639057,0.000999999429041054,0.004499999704421498,1.4443000000028405
494,d58_u1,neutral,train,58,1,random,3,1,1,0,0,0,1,1,0,ok,"{""sentences"": [""I hear you."", ""We can pause here for a moment.""], ""safety"": ""ok""}",1,2176,1.3932000001659617,0.01320000046689529,0.0002999995558639057,0.012299999980314169,0.004399999852466863,1.428299999133742
495,d58_u3,neutral,train,58,3,random,3,0,0,0,0,0,0,0,0,not_invoked,,1,2176,1.5312999994421261,0.012299999980314169,0.0002999995558639057,0.0007999997251317836,0.00470000031782547,1.554000000396627
496,d58_u4,angry,train,58,4,random,3,0,0,0,0,0,0,0,0,not_invoked,,1,2176,1.4685999994981103,0.027399999453336932,0.00020000061340397224,0.0009000004865811206,0.004499999704421498,1.506399999925634
497,d58_u6,neutral,train,58,6,random,3,1,1,0,0,0,1,1,0,ok,"{""sentences"": [""I hear you."", ""We can pause here for a moment.""], ""safety"": ""ok""}",1,2176,1.5111999991859193,0.012399999832268804,0.00019999970390927047,0.011799999811046291,0.01990000055229757,1.560300000164716
498,d58_u7,neutral,train,58,7,random,3,0,0,0,0,0,0,0,0,not_invoked,,1,2176,1.4915000001565204,0.012599999536178075,0.00019999970390927047,0.0009000004865811206,0.004300000000512227,1.5143999999054358
499,d58_u8,neutral,train,58,8,random,3,0,0,0,0,0,0,0,0,not_invoked,,1,2176,1.5899999998509884,0.012700000297627412,0.00019999970390927047,0.0009000004865811206,0.004699999408330768,1.613500000530621
500,d58_u9,neutral,train,58,9,random,3,0,0,0,0,0,0,0,0,not_invoked,,1,2176,1.2998000001971377,0.012999999853491317,0.00019999970390927047,0.0008999995770864189,0.004799999260285404,1.3236000004326343
501,d59_u0,neutral,train,59,0,random,3,0,0,0,0,0,0,0,0,not_invoked,,1,2176,1.5774999992572702,0.012900000001536682,0.00030000046535860747,0.0008999995770864189,0.004599999556376133,1.6009000000849483
502,d59_u1,happy,train,59,1,random,3,0,0,0,0,0,0,0,0,not_invoked,,1,2176,1.198399999339017,0.012200000128359534,0.0002999995558639057,0.0008999995770864189,0.0045000006139162,1.221100000293518
503,d59_u2,neutral,train,59,2,random,3,1,1,0,0,0,1,1,0,ok,"{""sentences"": [""I hear you."", ""We can pause here for a moment.""], ""safety"": ""ok""}",1,2176,1.502999999502208,0.012399999832268804,0.00019999970390927047,0.011699999959091656,0.004300000000512227,1.5365999997811741
504,d59_u3,happy,train,59,3,random,3,1,1,0,0,0,1,1,0,ok,"{""sentences"": [""I hear you."", ""We can pause here for a moment.""], ""safety"": ""ok""}",1,2176,1.499599999988277,0.013099999705445953,0.00020000061340397224,0.0425000007453491,0.004399999852466863,1.5647999998691375
505,d59_u4,happy,train,59,4,random,3,0,0,0,0,0,0,0,0,not_invoked,,1,2176,1.4755000001969165,0.011500000255182385,0.00019999970390927047,0.0008999995770864189,0.004599999556376133,1.4973999996072962
506,d59_u5,happy,train,59,5,random,3,0,0,0,0,0,0,0,0,not_invoked,,1,2176,1.5124999999898137,0.013199999557400588,0.00020000061340397224,0.0010000003385357559,0.00470000031782547,1.5365999997811741
507,d59_u6,happy,train,59,6,random,3,0,0,0,0,0,0,0,0,not_invoked,,1,2176,1.48799999988114,0.012900000001536682,0.00030000046535860747,0.0008999995770864189,0.004600000465870835,1.5116000004127272
508,d59_u7,happy,train,59,7,random,3,0,0,0,0,0,0,0,0,not_invoked,,1,2176,1.466900000195892,0.030100000003585592,0.00019999970390927047,0.0010000003385357559,0.004900000021734741,1.508800000010524
509,d59_u8,happy,train,59,8,random,3,0,0,0,0,0,0,0,0,not_invoked,,1,2176,1.688299999841547,0.01300000076298602,0.00030000046535860747,0.0009000004865811206,0.004599999556376133,1.7124000005424023
510,d59_u9,happy,train,59,9,random,3,1,1,0,0,0,1,1,0,ok,"{""sentences"": [""I hear you."", ""We can pause here for a moment.""], ""safety"": ""ok""}",1,2176,1.580899999680696,0.012200000128359534,0.00019999970390927047,0.011999999514955562,0.004399999852466863,1.6146999996635714
511,d61_u0,neutral,train,61,0,random,3,0,0,0,0,0,0,0,0,not_invoked,,1,2176,1.4955000006011687,0.012399999832268804,0.0002999995558639057,0.0008999995770864189,0.0045000006139162,1.5185000002020388
512,d61_u1,happy,train,61,1,random,3,1,1,0,0,0,1,1,0,ok,"{""sentences"": [""I hear you."", ""We can pause here for a moment.""], ""safety"": ""ok""}",1,2176,1.4951999992263154,0.012999999853491317,0.00019999970390927047,0.012299999980314169,0.004300000000512227,1.5301000003091758
513,d61_u2,happy,train,61,2,random,3,1,1,0,0,0,1,1,0,ok,"{""sentences"": [""I hear you."", ""We can pause here for a moment.""], ""safety"": ""ok""}",1,2176,1.4194000004863483,0.012700000297627412,0.00020000061340397224,0.012100000276404899,0.004300000000512227,1.453800000490446
514,d61_u3,neutral,train,61,3,random,3,1,1,0,0,0,1,1,0,ok,"{""sentences"": [""I hear you."", ""We can pause here for a moment.""], ""safety"": ""ok""}",1,2176,1.4048000002730987,0.013199999557400588,0.00019999970390927047,0.01230000088980887,0.004399999852466863,1.4400000000023283
515,d61_u4,neutral,train,61,4,random,3,1,1,0,0,0,1,1,0,ok,"{""sentences"": [""I hear you."", ""We can pause here for a moment.""], ""safety"": ""ok""}",1,2176,1.368700000057288,0.012299999980314169,0.00019999970390927047,0.011900000572495628,0.004399999852466863,1.402399999278714
516,d61_u5,sad,train,61,5,random,3,0,0,0,0,0,0,0,0,not_invoked,,1,2176,1.3703000004170462,0.012999999853491317,0.0002999995558639057,0.0008999995770864189,0.004699999408330768,1.3942000005044974
517,d61_u6,happy,train,61,6,random,3,1,1,0,0,0,1,1,0,ok,"{""sentences"": [""I hear you."", ""We can pause here for a moment.""], ""safety"": ""ok""}",1,2176,1.3912000003983849,0.012700000297627412,0.00030000046535860747,0.01160000010713702,0.004499999704421498,1.425299999937124
518,d61_u7,sad,train,61,7,random,3,1,1,0,0,0,1,1,0,ok,"{""sentences"": [""I hear you."", ""We can pause here for a moment.""], ""safety"": ""ok""}",1,2176,1.3948999994681799,0.027400000362831634,0.00019999970390927047,0.012100000276404899,0.004300000000512227,1.4441000002989313
519,d61_u8,happy,train,61,8,random,3,1,1,0,0,0,1,1,0,ok,"{""sentences"": [""I hear you."", ""We can pause here for a moment.""], ""safety"": ""ok""}",1,2176,1.4317999994091224,0.012299999980314169,0.00020000061340397224,0.01160000010713702,0.004399999852466863,1.4655000004495378
520,d62_u0,neutral,train,62,0,random,3,0,0,0,0,0,0,0,0,not_invoked,,1,2176,1.4273999995566555,0.013199999557400588,0.0002999995558639057,0.0008999995770864189,0.004800000169780105,1.4516000001094653
521,d62_u1,happy,train,62,1,random,3,1,1,0,0,0,1,1,0,ok,"{""sentences"": [""I hear you."", ""We can pause here for a moment.""], ""safety"": ""ok""}",1,2176,1.644500000111293,0.01269999938813271,0.00030000046535860747,0.011900000572495628,0.004399999852466863,1.6785999996500323
522,d62_u2,neutral,train,62,2,random,3,0,0,0,0,0,0,0,0,not_invoked,,1,2176,1.3407000005827285,0.012999999853491317,0.00030000046535860747,0.0010000003385357559,0.004800000169780105,1.364599999760685
523,d62_u3,happy,train,62,3,random,3,0,0,0,0,0,0,0,0,not_invoked,,1,2176,1.2765999999828637,0.012700000297627412,0.0002999995558639057,0.0008999995770864189,0.004599999556376133,1.3000999997530016
524,d62_u5,happy,train,62,5,random,3,0,0,0,0,0,0,0,0,not_invoked,,1,2176,1.3278999995236518,0.012600000445672777,0.0002999995558639057,0.0010000003385357559,0.004599999556376133,1.351500000055239
525,d62_u6,neutral,train,62,6,random,3,1,1,0,0,0,1,1,0,ok,"{""sentences"": [""I hear you."", ""We can pause here for a moment.""], ""safety"": ""ok""}",1,2176,1.3646000006701797,0.01320000046689529,0.00019999970390927047,0.012399999832268804,0.0045000006139162,1.4000000001033186
526,d62_u7,neutral,train,62,7,random,3,1,1,0,0,0,1,1,0,ok,"{""sentences"": [""I hear you."", ""We can pause here for a moment.""], ""safety"": ""ok""}",1,2176,1.3793999996778439,0.012599999536178075,0.0002999995558639057,0.011599999197642319,0.004200000148557592,1.41299999995681
527,d62_u8,neutral,train,62,8,random,3,1,1,0,0,0,1,1,0,ok,"{""sentences"": [""I hear you."", ""We can pause here for a moment.""], ""safety"": ""ok""}",1,2176,1.4390999995157472,0.012700000297627412,0.00019999970390927047,0.011899999663000926,0.004200000148557592,1.4729000004081172
528,d62_u11,neutral,train,62,11,random,3,0,0,0,0,0,0,0,0,not_invoked,,1,2176,1.437400000213529,0.01269999938813271,0.0002999995558639057,0.0008999995770864189,0.004600000465870835,1.4608000001317123
529,d63_u0,happy,train,63,0,random,3,0,0,0,0,0,0,0,0,not_invoked,,1,2176,1.4679000005344278,0.012999999853491317,0.0002999995558639057,0.0010000003385357559,0.004600000465870835,1.491600000008475
530,d63_u1,neutral,train,63,1,random,3,0,0,0,0,0,0,0,0,not_invoked,,1,2176,1.4569000004485133,0.013099999705445953,0.00019999970390927047,0.0008999995770864189,0.004599999556376133,1.4806999997745152
531,d63_u2,happy,train,63,2,random,3,1,1,0,0,0,1,1,0,ok,"{""sentences"": [""I hear you."", ""We can pause here for a moment.""], ""safety"": ""ok""}",1,2176,1.3795999993817532,0.02880000010918593,0.00019999970390927047,0.011999999514955562,0.0045000006139162,1.429900000402995
532,d63_u4,happy,train,63,4,random,3,0,0,0,0,0,0,0,0,not_invoked,,1,2176,1.4130999998087646,0.011999999514955562,0.00030000046535860747,0.0007999997251317836,0.004599999556376133,1.435499999388412
533,d63_u5,angry,train,63,5,random,3,1,1,0,0,0,1,1,0,ok,"{""sentences"": [""I hear you."", ""We can pause here for a moment.""], ""safety"": ""ok""}",1,2176,1.4185999998517218,0.012900000001536682,0.0002999995558639057,0.011899999663000926,0.004499999704421498,1.452900000003865
534,d63_u6,neutral,train,63,6,random,3,0,0,0,0,0,0,0,0,not_invoked,,1,2176,1.4357999998537707,0.012800000149582047,0.00019999970390927047,0.0008999995770864189,0.02080000012938399,1.4753999994354672
535,d63_u7,sad,train,63,7,random,3,0,0,0,0,0,0,0,0,not_invoked,,1,2176,1.424600000063947,0.013099999705445953,0.0002999995558639057,0.0010000003385357559,0.004800000169780105,1.4485000001513981
536,d64_u0,angry,train,64,0,random,3,0,0,0,0,0,0,0,0,not_invoked,,1,2176,1.380000000608561,0.012900000001536682,0.0002999995558639057,0.0008999995770864189,0.004800000169780105,1.4039999996384722
537,d64_u1,neutral,train,64,1,random,3,1,1,0,0,0,1,1,0,ok,"{""sentences"": [""I hear you."", ""We can pause here for a moment.""], ""safety"": ""ok""}",1,2176,1.4123999999355874,0.013099999705445953,0.0002999995558639057,0.012399999832268804,0.004499999704421498,1.4476999995167716
538,d64_u2,neutral,train,64,2,random,3,0,0,0,0,0,0,0,0,not_invoked,,1,2176,1.440300000467687,0.012600000445672777,0.00019999970390927047,0.0008999995770864189,0.004599999556376133,1.4634999997724663
539,d64_u3,neutral,train,64,3,random,3,0,0,0,0,0,0,0,0,not_invoked,,1,2176,1.3443999996525235,0.013100000614940654,0.00019999970390927047,0.0008999995770864189,0.004699999408330768,1.368499999443884
540,d64_u4,neutral,train,64,4,random,3,1,1,0,0,0,1,1,0,ok,"{""sentences"": [""I hear you."", ""We can pause here for a moment.""], ""safety"": ""ok""}",1,2176,1.3299000002007233,0.012800000149582047,0.00020000061340397224,0.012000000424450263,0.004599999556376133,1.3644000000567758
541,d64_u5,happy,train,64,5,random,3,0,0,0,0,0,0,0,0,not_invoked,,1,2176,1.438600000255974,0.01269999938813271,0.00030000046535860747,0.0009000004865811206,0.004600000465870835,1.4619000003222027
542,d64_u6,neutral,train,64,6,random,3,1,1,0,0,0,1,1,0,ok,"{""sentences"": [""I hear you."", ""We can pause here for a moment.""], ""safety"": ""ok""}",1,2176,1.441299999896728,0.012700000297627412,0.00030000046535860747,0.011799999811046291,0.004399999852466863,1.4752999995835125
543,d64_u7,happy,train,64,7,random,3,1,1,0,0,0,1,1,0,ok,"{""sentences"": [""I hear you."", ""We can pause here for a moment.""], ""safety"": ""ok""}",1,2176,1.4810000002398738,0.01320000046689529,0.0002999995558639057,0.01249999968422344,0.0045000006139162,1.5163999996730126
544,d64_u8,happy,train,64,8,random,3,0,0,0,0,0,0,0,0,not_invoked,,1,2176,1.4859999992040684,0.01249999968422344,0.00020000061340397224,0.0008000006346264854,0.004499999704421498,1.509000000623928
545,d64_u9,angry,train,64,9,random,3,0,0,0,0,0,0,0,0,not_invoked,,1,2176,1.4697000005980954,0.012600000445672777,0.00020000061340397224,0.0010000003385357559,0.004499999704421498,1.493300000220188
546,d64_u10,neutral,train,64,10,random,3,1,1,0,0,0,1,1,0,ok,"{""sentences"": [""I hear you."", ""We can pause here for a moment.""], ""safety"": ""ok""}",1,2176,1.4682999999422464,0.01249999968422344,0.00020000061340397224,0.012200000128359534,0.004499999704421498,1.502500000242435
547,d64_u11,angry,train,64,11,random,3,0,0,0,0,0,0,0,0,not_invoked,,1,2176,1.6241999992416822,0.013500000022759195,0.00030000046535860747,0.0010000003385357559,0.020200000108161476,1.664100000198232
548,d64_u12,neutral,train,64,12,random,3,0,0,0,0,0,0,0,0,not_invoked,,1,2176,1.310399999965739,0.012799999240087345,0.00030000046535860747,0.0008999995770864189,0.00470000031782547,1.3337999998839223
549,d65_u0,happy,train,65,0,random,3,0,0,0,0,0,0,0,0,not_invoked,,1,2176,1.389500000186672,0.012600000445672777,0.0002999995558639057,0.000999999429041054,0.004699999408330768,1.41299999995681
550,d65_u2,neutral,train,65,2,random,3,0,0,0,0,0,0,0,0,not_invoked,,1,2176,1.4505999997709296,0.01269999938813271,0.0002999995558639057,0.0010000003385357559,0.004600000465870835,1.4740999995410675
551,d65_u3,happy,train,65,3,random,3,0,0,0,0,0,0,0,0,not_invoked,,1,2176,1.5202999993562116,0.012900000001536682,0.00030000046535860747,0.0010000003385357559,0.004900000021734741,1.5444000000570668
552,d66_u1,neutral,train,66,1,random,3,0,0,0,0,0,0,0,0,not_invoked,,1,2176,1.5063000000736793,0.01249999968422344,0.00030000046535860747,0.0010000003385357559,0.00470000031782547,1.529600000139908
553,d66_u2,neutral,train,66,2,random,3,1,1,0,0,0,1,1,0,ok,"{""sentences"": [""I hear you."", ""We can pause here for a moment.""], ""safety"": ""ok""}",1,2176,1.4660999995612656,0.012299999980314169,0.00019999970390927047,0.011900000572495628,0.004399999852466863,1.499599999988277
554,d66_u3,neutral,train,66,3,random,3,1,1,0,0,0,1,1,0,ok,"{""sentences"": [""I hear you."", ""We can pause here for a moment.""], ""safety"": ""ok""}",1,2176,1.4885999999023625,0.013300000318849925,0.0002999995558639057,0.026899999284069054,0.004399999852466863,1.5384999996967963
555,d66_u4,neutral,train,66,4,random,3,1,1,0,0,0,1,1,0,ok,"{""sentences"": [""I hear you."", ""We can pause here for a moment.""], ""safety"": ""ok""}",1,2176,1.4678999996249331,0.012399999832268804,0.0002999995558639057,0.011999999514955562,0.004399999852466863,1.5019000002212124
556,d66_u6,neutral,train,66,6,random,3,0,0,0,0,0,0,0,0,not_invoked,,1,2176,1.4208000002327026,0.013099999705445953,0.00030000046535860747,0.0010000003385357559,0.004900000021734741,1.4449999998760177
557,d66_u7,neutral,train,66,7,random,3,1,1,0,0,0,1,1,0,ok,"{""sentences"": [""I hear you."", ""We can pause here for a moment.""], ""safety"": ""ok""}",1,2176,1.3896000000386266,0.012599999536178075,0.00020000061340397224,0.011500000255182385,0.004399999852466863,1.423100000465638
558,d66_u8,sad,train,66,8,random,3,0,0,0,0,0,0,0,0,not_invoked,,1,2176,1.3976000000184285,0.013199999557400588,0.00030000046535860747,0.0008999995770864189,0.004800000169780105,1.4217999996617436
559,d66_u9,happy,train,66,9,random,3,0,0,0,0,0,0,0,0,not_invoked,,1,2176,1.4509000002362882,0.012799999240087345,0.0002999995558639057,0.0008999995770864189,0.004800000169780105,1.47469999956229
560,d66_u10,happy,train,66,10,random,3,1,1,0,0,0,1,1,0,ok,"{""sentences"": [""I hear you."", ""We can pause here for a moment.""], ""safety"": ""ok""}",1,2176,1.4312000002973946,0.013099999705445953,0.00020000061340397224,0.028100000236008782,0.004600000465870835,1.4823000001342734
561,d66_u11,sad,train,66,11,random,3,0,0,0,0,0,0,0,0,not_invoked,,1,2176,1.4086999999562977,0.012299999980314169,0.00030000046535860747,0.0008000006346264854,0.004600000465870835,1.4316000006147078
562,d66_u12,neutral,train,66,12,random,3,0,0,0,0,0,0,0,0,not_invoked,,1,2176,1.3992000003781868,0.013199999557400588,0.00020000061340397224,0.0009000004865811206,0.00470000031782547,1.4234999998734565
563,d67_u1,neutral,train,67,1,random,3,1,1,0,0,0,1,1,0,ok,"{""sentences"": [""I hear you."", ""We can pause here for a moment.""], ""safety"": ""ok""}",1,2176,1.603199999408389,0.012999999853491317,0.00019999970390927047,0.012500000593718141,0.004399999852466863,1.6383999991376186
564,d67_u2,happy,train,67,2,random,3,0,0,0,0,0,0,0,0,not_invoked,,1,2176,1.299999999901047,0.012399999832268804,0.00019999970390927047,0.0008999995770864189,0.004799999260285404,1.3231000002633664
565,d67_u3,neutral,train,67,3,random,3,0,0,0,0,0,0,0,0,not_invoked,,1,2176,1.6066999996837694,0.027800000680144876,0.0002999995558639057,0.000999999429041054,0.004499999704421498,1.6451999999844702
566,d67_u5,happy,train,67,5,random,3,1,1,0,0,0,1,1,0,ok,"{""sentences"": [""I hear you."", ""We can pause here for a moment.""], ""safety"": ""ok""}",1,2176,1.3490000001183944,0.01249999968422344,0.00019999970390927047,0.01160000010713702,0.0045000006139162,1.3823999997839564
567,d67_u6,sad,train,67,6,random,3,1,1,0,0,0,1,1,0,ok,"{""sentences"": [""I hear you."", ""We can pause here for a moment.""], ""safety"": ""ok""}",1,2176,1.3393999997788342,0.012500000593718141,0.00019999970390927047,0.011699999959091656,0.004499999704421498,1.3730999999097548
568,d67_u7,happy,train,67,7,random,3,1,1,0,0,0,1,1,0,ok,"{""sentences"": [""I hear you."", ""We can pause here for a moment.""], ""safety"": ""ok""}",1,2176,1.4007999998284504,0.013099999705445953,0.00030000046535860747,0.012299999980314169,0.004300000000512227,1.43599999955768
569,d67_u8,happy,train,67,8,random,3,0,0,0,0,0,0,0,0,not_invoked,,1,2176,1.382799999191775,0.012200000128359534,0.0002999995558639057,0.000999999429041054,0.004400000761961564,1.4053000004423666
570,d67_u9,neutral,train,67,9,random,3,0,0,0,0,0,0,0,0,not_invoked,,1,2176,1.3682999997399747,0.012999999853491317,0.0002999995558639057,0.0008999995770864189,0.00470000031782547,1.3922999996793806
571,d67_u10,happy,train,67,10,random,3,0,0,0,0,0,0,0,0,not_invoked,,1,2176,1.433299999916926,0.012200000128359534,0.00019999970390927047,0.0008999995770864189,0.004600000465870835,1.4559000001099776
572,d67_u11,happy,train,67,11,random,3,0,0,0,0,0,0,0,0,not_invoked,,1,2176,1.443900000595022,0.02790000053209951,0.00030000046535860747,0.0009000004865811206,0.004499999704421498,1.4823000001342734
573,d67_u12,neutral,train,67,12,random,3,0,0,0,0,0,0,0,0,not_invoked,,1,2176,1.764000000548549,0.012700000297627412,0.0002999995558639057,0.000999999429041054,0.004699999408330768,1.7874999994091922
574,d67_u13,neutral,train,67,13,random,3,1,1,0,0,0,1,1,0,ok,"{""sentences"": [""I hear you."", ""We can pause here for a moment.""], ""safety"": ""ok""}",1,2176,1.4056999998501851,0.012700000297627412,0.00030000046535860747,0.011699999959091656,0.004300000000512227,1.4396000005945098
575,d67_u14,neutral,train,67,14,random,3,0,0,0,0,0,0,0,0,not_invoked,,1,2176,1.6648999999233638,0.012800000149582047,0.00019999970390927047,0.0008999995770864189,0.004499999704421498,1.7024999997374834
576,d67_u15,angry,train,67,15,random,3,0,0,0,0,0,0,0,0,not_invoked,,1,2176,1.3968000002932968,0.012100000276404899,0.0002999995558639057,0.0008999995770864189,0.004599999556376133,1.4191999998729443
577,d68_u0,angry,train,68,0,random,3,0,0,0,0,0,0,0,0,not_invoked,,1,2176,1.3283000007504597,0.012299999980314169,0.00020000061340397224,0.0008999995770864189,0.00470000031782547,1.3514000002032844
578,d68_u1,happy,train,68,1,random,3,0,0,0,0,0,0,0,0,not_invoked,,1,2176,1.36099999963335,0.013199999557400588,0.00030000046535860747,0.0009000004865811206,0.004599999556376133,1.3847000000168919
579,d68_u2,neutral,train,68,2,random,3,0,0,0,0,0,0,0,0,not_invoked,,1,2176,1.4325000001917942,0.012200000128359534,0.00019999970390927047,0.0008999995770864189,0.0045000006139162,1.4552000002368004
580,d69_u0,happy,train,69,0,random,3,0,0,0,0,0,0,0,0,not_invoked,,1,2176,1.448799999707262,0.027399999453336932,0.00030000046535860747,0.0007999997251317836,0.004499999704421498,1.4866999999867403
581,d69_u1,neutral,train,69,1,random,3,1,1,0,0,0,1,1,0,ok,"{""sentences"": [""I hear you."", ""We can pause here for a moment.""], ""safety"": ""ok""}",1,2176,1.5026999999463442,0.012099999366910197,0.00020000061340397224,0.011699999959091656,0.004200000148557592,1.5355999994426384
582,d69_u2,neutral,train,69,2,random,3,1,1,0,0,0,1,1,0,ok,"{""sentences"": [""I hear you."", ""We can pause here for a moment.""], ""safety"": ""ok""}",1,2176,1.4161999997668318,0.012799999240087345,0.00030000046535860747,0.012100000276404899,0.004200000148557592,1.450299999305571
583,d69_u4,sad,train,69,4,random,3,1,1,0,0,0,1,1,0,ok,"{""sentences"": [""I hear you."", ""We can pause here for a moment.""], ""safety"": ""ok""}",1,2176,1.3097000000925618,0.012299999980314169,0.0002999995558639057,0.011500000255182385,0.004399999852466863,1.3430999997581239
584,d69_u5,neutral,train,69,5,random,3,1,1,0,0,0,1,1,0,ok,"{""sentences"": [""I hear you."", ""We can pause here for a moment.""], ""safety"": ""ok""}",1,2176,1.371100000142178,0.013099999705445953,0.00020000061340397224,0.012299999980314169,0.0045000006139162,1.4061000001674984
585,d69_u6,angry,train,69,6,random,3,1,1,0,0,0,1,1,0,ok,"{""sentences"": [""I hear you."", ""We can pause here for a moment.""], ""safety"": ""ok""}",1,2176,1.4768000000913162,0.012200000128359534,0.0002999995558639057,0.011799999811046291,0.004200000148557592,1.5100999999049236
586,d70_u0,happy,train,70,0,random,3,1,1,0,0,0,1,1,0,ok,"{""sentences"": [""I hear you."", ""We can pause here for a moment.""], ""safety"": ""ok""}",1,2176,1.476399999774003,0.013099999705445953,0.00030000046535860747,0.012299999980314169,0.004599999556376133,1.5118000001166365
587,d70_u1,neutral,train,70,1,random,3,0,0,0,0,0,0,0,0,not_invoked,,1,2176,1.4132999995126738,0.012199999218864832,0.0002999995558639057,0.0008999995770864189,0.004600000465870835,1.436200000171084
588,d70_u2,neutral,train,70,2,random,3,0,0,0,0,0,0,0,0,not_invoked,,1,2176,1.4016000004630769,0.01320000046689529,0.00019999970390927047,0.0008999995770864189,0.004699999408330768,1.4257000002544373
589,d70_u3,neutral,train,70,3,random,3,1,1,0,0,0,1,1,0,ok,"{""sentences"": [""I hear you."", ""We can pause here for a moment.""], ""safety"": ""ok""}",1,2176,1.532999999653839,0.012299999980314169,0.0002999995558639057,0.01160000010713702,0.004300000000512227,1.5661999996154918
590,d70_u4,neutral,train,70,4,random,3,0,0,0,0,0,0,0,0,not_invoked,,1,2176,1.493099999606784,0.013099999705445953,0.00030000046535860747,0.0009000004865811206,0.0045000006139162,1.5170000006037299
591,d70_u5,angry,train,70,5,random,3,1,1,0,0,0,1,1,0,ok,"{""sentences"": [""I hear you."", ""We can pause here for a moment.""], ""safety"": ""ok""}",1,2176,1.4784000004510744,0.012800000149582047,0.00030000046535860747,0.01160000010713702,0.004499999704421498,1.5123000002859044
592,d70_u6,neutral,train,70,6,random,3,0,0,0,0,0,0,0,0,not_invoked,,1,2176,1.471099999434955,0.012900000001536682,0.00020000061340397224,0.0010000003385357559,0.004499999704421498,1.4946000001145876
593,d70_u7,angry,train,70,7,random,3,0,0,0,0,0,0,0,0,not_invoked,,1,2176,1.4612000004490255,0.01249999968422344,0.00030000046535860747,0.0008999995770864189,0.004499999704421498,1.4839999994364916
594,d70_u8,angry,train,70,8,random,3,0,0,0,0,0,0,0,0,not_invoked,,1,2176,1.481499999499647,0.03299999934824882,0.0004000003173132427,0.0012000000424450263,0.023300000066228677,1.5467000002900022
595,d71_u0,neutral,train,71,0,random,3,1,1,0,0,0,1,1,0,ok,"{""sentences"": [""I hear you."", ""We can pause here for a moment.""], ""safety"": ""ok""}",1,2176,1.52669999988575,0.012599999536178075,0.00030000046535860747,0.012000000424450263,0.004399999852466863,1.5606999995725346
596,d71_u1,neutral,train,71,1,random,3,1,1,0,0,0,1,1,0,ok,"{""sentences"": [""I hear you."", ""We can pause here for a moment.""], ""safety"": ""ok""}",1,2176,1.5276000003723311,0.01300000076298602,0.0002999995558639057,0.012200000128359534,0.004600000465870835,1.5628000001015607
597,d72_u0,neutral,train,72,0,random,3,0,0,0,0,0,0,0,0,not_invoked,,1,2176,1.5060999994602753,0.012700000297627412,0.0002999995558639057,0.0008999995770864189,0.004599999556376133,1.529600000139908
598,d72_u2,neutral,train,72,2,random,3,0,0,0,0,0,0,0,0,not_invoked,,1,2176,1.4921999991202028,0.013199999557400588,0.0002999995558639057,0.0008999995770864189,0.020399999812070746,1.5319000003728434
599,d72_u4,neutral,train,72,4,random,3,0,0,0,0,0,0,0,0,not_invoked,,1,2176,1.4720999997734907,0.012800000149582047,0.00019999970390927047,0.0010000003385357559,0.00470000031782547,1.4958000001570326
600,d72_u5,neutral,train,72,5,random,3,0,0,0,0,0,0,0,0,not_invoked,,1,2176,1.442799999495037,0.013300000318849925,0.0002999995558639057,0.0008999995770864189,0.004599999556376133,1.466900000195892
601,d72_u6,neutral,train,72,6,random,3,1,1,0,0,0,1,1,0,ok,"{""sentences"": [""I hear you."", ""We can pause here for a moment.""], ""safety"": ""ok""}",1,2176,1.4541999998982647,0.012800000149582047,0.0002999995558639057,0.012099999366910197,0.004499999704421498,1.4887999996062717
602,d72_u7,neutral,train,72,7,random,3,1,1,0,0,0,1,1,0,ok,"{""sentences"": [""I hear you."", ""We can pause here for a moment.""], ""safety"": ""ok""}",1,2176,1.4639999999417341,0.013099999705445953,0.00030000046535860747,0.012400000741763506,0.004499999704421498,1.4992999995229184
603,d73_u0,neutral,train,73,0,random,3,0,0,0,0,0,0,0,0,not_invoked,,1,2176,1.5266000000337954,0.01300000076298602,0.00019999970390927047,0.000999999429041054,0.004900000021734741,1.5508000005866052
604,d73_u1,happy,train,73,1,random,3,0,0,0,0,0,0,0,0,not_invoked,,1,2176,1.4999000004536356,0.012900000001536682,0.0002999995558639057,0.000999999429041054,0.00470000031782547,1.523799999631592
605,d73_u2,happy,train,73,2,random,3,1,1,0,0,0,1,1,0,ok,"{""sentences"": [""I hear you."", ""We can pause here for a moment.""], ""safety"": ""ok""}",1,2176,1.4046000005691894,0.012600000445672777,0.00019999970390927047,0.012200000128359534,0.004600000465870835,1.4392000002771965
606,d73_u3,neutral,train,73,3,random,3,0,0,0,0,0,0,0,0,not_invoked,,1,2176,1.3992999993206467,0.012999999853491317,0.00030000046535860747,0.0009000004865811206,0.00470000031782547,1.4232000003175926
607,d73_u4,neutral,train,73,4,random,3,0,0,0,0,0,0,0,0,not_invoked,,1,2176,1.4111000000411877,0.012399999832268804,0.00030000046535860747,0.0010000003385357559,0.004699999408330768,1.4341000005515525
608,d73_u5,neutral,train,73,5,random,3,1,1,0,0,0,1,1,0,ok,"{""sentences"": [""I hear you."", ""We can pause here for a moment.""], ""safety"": ""ok""}",1,2176,1.4085000002523884,0.013300000318849925,0.0002999995558639057,0.012299999980314169,0.004600000465870835,1.4438999996855273
609,d73_u7,neutral,train,73,7,random,3,1,1,0,0,0,1,1,0,ok,"{""sentences"": [""I hear you."", ""We can pause here for a moment.""], ""safety"": ""ok""}",1,2176,1.4556999994965736,0.012299999980314169,0.00030000046535860747,0.011800000720540993,0.004399999852466863,1.4894999994794489
610,d73_u8,neutral,train,73,8,random,3,0,0,0,0,0,0,0,0,not_invoked,,1,2176,1.4675999991595745,0.01320000046689529,0.0002999995558639057,0.000999999429041054,0.004600000465870835,1.491600000008475
611,d73_u9,neutral,train,73,9,random,3,1,1,0,0,0,1,1,0,ok,"{""sentences"": [""I hear you."", ""We can pause here for a moment.""], ""safety"": ""ok""}",1,2176,1.4120000005277689,0.012600000445672777,0.00019999970390927047,0.012000000424450263,0.004599999556376133,1.4465000003838213
612,d73_u11,neutral,train,73,11,random,3,1,1,0,0,0,1,1,0,ok,"{""sentences"": [""I hear you."", ""We can pause here for a moment.""], ""safety"": ""ok""}",1,2176,1.421900000423193,0.012799999240087345,0.0002999995558639057,0.011999999514955562,0.004400000761961564,1.4564000002792454
613,d74_u0,happy,train,74,0,random,3,0,0,0,0,0,0,0,0,not_invoked,,1,2176,1.4831999997113599,0.011699999959091656,0.00020000061340397224,0.0009000004865811206,0.004599999556376133,1.5052000007926836
614,d74_u1,neutral,train,74,1,random,3,1,1,0,0,0,1,1,0,ok,"{""sentences"": [""I hear you."", ""We can pause here for a moment.""], ""safety"": ""ok""}",1,2176,1.56059999972058,0.012900000001536682,0.00019999970390927047,0.011999999514955562,0.004300000000512227,1.595100000486127
615,d74_u2,neutral,train,74,2,random,3,1,1,0,0,0,1,1,0,ok,"{""sentences"": [""I hear you."", ""We can pause here for a moment.""], ""safety"": ""ok""}",1,2176,2.1244999998089042,0.01249999968422344,0.00020000061340397224,0.012000000424450263,0.004399999852466863,2.158399999643734
616,d74_u3,neutral,train,74,3,random,3,0,0,0,0,0,0,0,0,not_invoked,,1,2176,2.017400000113412,0.012700000297627412,0.0002999995558639057,0.000999999429041054,0.0045000006139162,2.0407000001796405
617,d74_u5,angry,train,74,5,random,3,1,1,0,0,0,1,1,0,ok,"{""sentences"": [""I hear you."", ""We can pause here for a moment.""], ""safety"": ""ok""}",1,2176,1.4678000006824732,0.012900000001536682,0.00019999970390927047,0.026499999876250513,0.004399999852466863,1.5167999999903259
618,d74_u6,angry,train,74,6,random,3,0,0,0,0,0,0,0,0,not_invoked,,1,2176,1.5092000003278372,0.013099999705445953,0.00019999970390927047,0.0010000003385357559,0.004900000021734741,1.5333999999711523
619,d75_u0,neutral,train,75,0,random,3,1,1,0,0,0,1,1,0,ok,"{""sentences"": [""I hear you."", ""We can pause here for a moment.""], ""safety"": ""ok""}",1,2176,1.4310000005934853,0.012200000128359534,0.00019999970390927047,0.011899999663000926,0.004600000465870835,1.4645999999629566
620,d76_u0,neutral,train,76,0,random,3,0,0,0,0,0,0,0,0,not_invoked,,1,2176,1.5012000003480352,0.012600000445672777,0.00030000046535860747,0.0008999995770864189,0.004499999704421498,1.5244999995047692
621,d76_u1,neutral,train,76,1,random,3,0,0,0,0,0,0,0,0,not_invoked,,1,2176,1.5379000005850685,0.012399999832268804,0.00030000046535860747,0.0009000004865811206,0.004499999704421498,1.5606999995725346
622,d76_u2,neutral,train,76,2,random,3,1,1,0,0,0,1,1,0,ok,"{""sentences"": [""I hear you."", ""We can pause here for a moment.""], ""safety"": ""ok""}",1,2176,1.3947000006737653,0.013199999557400588,0.0002999995558639057,0.01249999968422344,0.004399999852466863,1.4300000002549496
623,d76_u3,neutral,train,76,3,random,3,1,1,0,0,0,1,1,0,ok,"{""sentences"": [""I hear you."", ""We can pause here for a moment.""], ""safety"": ""ok""}",1,2176,1.6091000006781542,0.012700000297627412,0.00030000046535860747,0.012100000276404899,0.004499999704421498,1.6436000005342066
624,d76_u4,neutral,train,76,4,random,3,1,1,0,0,0,1,1,0,ok,"{""sentences"": [""I hear you."", ""We can pause here for a moment.""], ""safety"": ""ok""}",1,2176,1.2822000007872703,0.012600000445672777,0.00019999970390927047,0.011799999811046291,0.004200000148557592,1.3159000000086962
625,d76_u5,happy,train,76,5,random,3,1,1,0,0,0,1,1,0,ok,"{""sentences"": [""I hear you."", ""We can pause here for a moment.""], ""safety"": ""ok""}",1,2176,1.4869999995426042,0.028599999495781958,0.00019999970390927047,0.011800000720540993,0.004300000000512227,1.5369000002465327
626,d76_u6,happy,train,76,6,random,3,1,1,0,0,0,1,1,0,ok,"{""sentences"": [""I hear you."", ""We can pause here for a moment.""], ""safety"": ""ok""}",1,2176,1.4894999994794489,0.012800000149582047,0.00039999940781854093,0.02680000034160912,0.004499999704421498,1.54729999940173
627,d76_u7,sad,train,76,7,random,3,1,1,0,0,0,1,1,0,ok,"{""sentences"": [""I hear you."", ""We can pause here for a moment.""], ""safety"": ""ok""}",1,2176,1.5310999997382169,0.013099999705445953,0.00020000061340397224,0.012000000424450263,0.004399999852466863,1.56539999989036
628,d77_u0,neutral,train,77,0,random,3,1,1,0,0,0,1,1,0,ok,"{""sentences"": [""I hear you."", ""We can pause here for a moment.""], ""safety"": ""ok""}",1,2176,1.4403999994101468,0.012299999980314169,0.00019999970390927047,0.011299999641778413,0.004399999852466863,1.473400000577385
629,d77_u1,neutral,train,77,1,random,3,1,1,0,0,0,1,1,0,ok,"{""sentences"": [""I hear you."", ""We can pause here for a moment.""], ""safety"": ""ok""}",1,2176,1.3578999996752827,0.01269999938813271,0.00019999970390927047,0.011999999514955562,0.00470000031782547,1.3923999995313352
630,d77_u2,neutral,train,77,2,random,3,0,0,0,0,0,0,0,0,not_invoked,,1,2176,1.438600000255974,0.01249999968422344,0.0002999995558639057,0.0009000004865811206,0.004499999704421498,1.4615000000048894
631,d77_u3,neutral,train,77,3,random,3,1,1,0,0,0,1,1,0,ok,"{""sentences"": [""I hear you."", ""We can pause here for a moment.""], ""safety"": ""ok""}",1,2176,1.6092999994725687,0.013199999557400588,0.00019999970390927047,0.012599999536178075,0.0045000006139162,1.6451000001325156
632,d77_u4,happy,train,77,4,random,3,0,0,0,0,0,0,0,0,not_invoked,,1,2176,1.2980999999854248,0.012299999980314169,0.0002999995558639057,0.0009000004865811206,0.004600000465870835,1.3207000001784763
633,d78_u0,happy,train,78,0,random,3,0,0,0,0,0,0,0,0,not_invoked,,1,2176,1.3497999998435262,0.028200000087963417,0.0002999995558639057,0.0008999995770864189,0.00470000031782547,1.3887999994040001
634,d78_u1,angry,train,78,1,random,3,1,1,0,0,0,1,1,0,ok,"{""sentences"": [""I hear you."", ""We can pause here for a moment.""], ""safety"": ""ok""}",1,2176,1.446600000235776,0.012700000297627412,0.00019999970390927047,0.01140000040322775,0.004300000000512227,1.4800999997532926
635,d78_u2,angry,train,78,2,random,3,0,0,0,0,0,0,0,0,not_invoked,,1,2176,1.7709000003378605,0.012200000128359534,0.00030000046535860747,0.0008999995770864189,0.004699999408330768,1.7936000003828667
636,d78_u3,neutral,train,78,3,random,3,0,0,0,0,0,0,0,0,not_invoked,,1,2176,1.3598000005003996,0.014100000043981709,0.00030000046535860747,0.0010000003385357559,0.004900000021734741,1.3853000000381144
637,d79_u0,neutral,train,79,0,random,3,0,0,0,0,0,0,0,0,not_invoked,,1,2176,1.5468000001419568,0.012800000149582047,0.00030000046535860747,0.0010000003385357559,0.004600000465870835,1.5701000002081855
638,d79_u2,happy,train,79,2,random,3,0,0,0,0,0,0,0,0,not_invoked,,1,2176,1.4808000005359645,0.012299999980314169,0.00020000061340397224,0.0009000004865811206,0.004399999852466863,1.5032999999675667
639,d79_u4,neutral,train,79,4,random,3,0,0,0,0,0,0,0,0,not_invoked,,1,2176,1.3843999995515333,0.012700000297627412,0.00019999970390927047,0.0008999995770864189,0.0045000006139162,1.407699999617762
640,d79_u6,neutral,train,79,6,random,3,1,1,0,0,0,1,1,0,ok,"{""sentences"": [""I hear you."", ""We can pause here for a moment.""], ""safety"": ""ok""}",1,2176,1.4670999998998013,0.012500000593718141,0.00019999970390927047,0.012200000128359534,0.004300000000512227,1.5013000001999899
641,d79_u7,neutral,train,79,7,random,3,1,1,0,0,0,1,1,0,ok,"{""sentences"": [""I hear you."", ""We can pause here for a moment.""], ""safety"": ""ok""}",1,2176,1.4165000002321904,0.012599999536178075,0.00020000061340397224,0.012200000128359534,0.004399999852466863,1.4508999993267935
642,d80_u0,neutral,train,80,0,random,3,0,0,0,0,0,0,0,0,not_invoked,,1,2176,1.401100000293809,0.01269999938813271,0.0002999995558639057,0.000999999429041054,0.004600000465870835,1.424600000063947
643,d80_u1,happy,train,80,1,random,3,0,0,0,0,0,0,0,0,not_invoked,,1,2176,1.670900000135589,0.012999999853491317,0.0002999995558639057,0.0010000003385357559,0.004499999704421498,1.6945999996096361
644,d80_u3,neutral,train,80,3,random,3,1,1,0,0,0,1,1,0,ok,"{""sentences"": [""I hear you."", ""We can pause here for a moment.""], ""safety"": ""ok""}",1,2176,1.3472000000547268,0.012199999218864832,0.00019999970390927047,0.011699999959091656,0.004300000000512227,1.3804000000163796
645,d80_u4,neutral,train,80,4,random,3,0,0,0,0,0,0,0,0,not_invoked,,1,2176,1.505600000200502,0.013099999705445953,0.00030000046535860747,0.0009000004865811206,0.00470000031782547,1.529600000139908
646,d80_u5,neutral,train,80,5,random,3,0,0,0,0,0,0,0,0,not_invoked,,1,2176,1.2676000005740207,0.012800000149582047,0.00019999970390927047,0.0007999997251317836,0.004600000465870835,1.2907999998788
647,d81_u0,neutral,train,81,0,random,3,1,1,0,0,0,1,1,0,ok,"{""sentences"": [""I hear you."", ""We can pause here for a moment.""], ""safety"": ""ok""}",1,2176,1.3992999993206467,0.012399999832268804,0.00020000061340397224,0.012500000593718141,0.004200000148557592,1.4336000003822846
648,d81_u1,neutral,train,81,1,random,3,1,1,0,0,0,1,1,0,ok,"{""sentences"": [""I hear you."", ""We can pause here for a moment.""], ""safety"": ""ok""}",1,2176,1.4700000001539593,0.012399999832268804,0.00030000046535860747,0.02719999974942766,0.004300000000512227,1.5191000002232613
649,d81_u2,neutral,train,81,2,random,3,1,1,0,0,0,1,1,0,ok,"{""sentences"": [""I hear you."", ""We can pause here for a moment.""], ""safety"": ""ok""}",1,2176,1.423400000021502,0.012599999536178075,0.0002999995558639057,0.012100000276404899,0.004399999852466863,1.4576000003216905
650,d81_u3,happy,train,81,3,random,3,1,1,0,0,0,1,1,0,ok,"{""sentences"": [""I hear you."", ""We can pause here for a moment.""], ""safety"": ""ok""}",1,2176,1.410099999702652,0.012599999536178075,0.0002999995558639057,0.011699999959091656,0.004300000000512227,1.4438999996855273
651,d81_u5,neutral,train,81,5,random,3,1,1,0,0,0,1,1,0,ok,"{""sentences"": [""I hear you."", ""We can pause here for a moment.""], ""safety"": ""ok""}",1,2176,1.3866999997844687,0.012700000297627412,0.00019999970390927047,0.011899999663000926,0.004300000000512227,1.4205999996192986
652,d81_u6,happy,train,81,6,random,3,1,1,0,0,0,1,1,0,ok,"{""sentences"": [""I hear you."", ""We can pause here for a moment.""], ""safety"": ""ok""}",1,2176,1.3729000002058456,0.012600000445672777,0.00019999970390927047,0.011899999663000926,0.004399999852466863,1.4070999995965394
653,d81_u8,happy,train,81,8,random,3,1,1,0,0,0,1,1,0,ok,"{""sentences"": [""I hear you."", ""We can pause here for a moment.""], ""safety"": ""ok""}",1,2176,1.7104999997172854,0.013099999705445953,0.00020000061340397224,0.02769999991869554,0.004399999852466863,1.760899999680987
654,d81_u9,neutral,train,81,9,random,3,1,1,0,0,0,1,1,0,ok,"{""sentences"": [""I hear you."", ""We can pause here for a moment.""], ""safety"": ""ok""}",1,2176,1.3902999999118038,0.012299999980314169,0.00020000061340397224,0.01140000040322775,0.004200000148557592,1.4229999997041887
655,d81_u10,neutral,train,81,10,random,3,1,1,0,0,0,1,1,0,ok,"{""sentences"": [""I hear you."", ""We can pause here for a moment.""], ""safety"": ""ok""}",1,2176,1.5733000000182074,0.012500000593718141,0.00019999970390927047,0.011799999811046291,0.004300000000512227,1.6069000002971734
656,d81_u11,angry,train,81,11,random,3,0,0,0,0,0,0,0,0,not_invoked,,1,2176,1.291999999921245,0.012800000149582047,0.00020000061340397224,0.0010000003385357559,0.004600000465870835,1.315700000304787
657,d81_u12,neutral,train,81,12,random,3,0,0,0,0,0,0,0,0,not_invoked,,1,2176,1.7281999998886022,0.012500000593718141,0.00019999970390927047,0.0010000003385357559,0.004900000021734741,1.7516999996587401
658,d81_u13,angry,train,81,13,random,3,0,0,0,0,0,0,0,0,not_invoked,,1,2176,1.4702999997098232,0.013500000022759195,0.0002999995558639057,0.0010000003385357559,0.004900000021734741,1.4948999996704515
659,d81_u14,angry,train,81,14,random,3,1,1,0,0,0,1,1,0,ok,"{""sentences"": [""I hear you."", ""We can pause here for a moment.""], ""safety"": ""ok""}",1,2176,1.7177999998239102,0.014000000192027073,0.00019999970390927047,0.014899999769113492,0.004999999873689376,1.7576000000190106
660,d81_u15,angry,train,81,15,random,3,1,1,0,0,0,1,1,0,ok,"{""sentences"": [""I hear you."", ""We can pause here for a moment.""], ""safety"": ""ok""}",1,2176,1.777800000127172,0.03060000017285347,0.00030000046535860747,0.013099999705445953,0.004900000021734741,1.8316999994567595
661,d82_u0,neutral,train,82,0,random,3,0,0,0,0,0,0,0,0,not_invoked,,1,2176,1.775400000042282,0.013900000340072438,0.0002999995558639057,0.001100000190490391,0.0052999994295532815,1.8011000001934008
662,d82_u1,neutral,train,82,1,random,3,1,1,0,0,0,1,1,0,ok,"{""sentences"": [""I hear you."", ""We can pause here for a moment.""], ""safety"": ""ok""}",1,2176,1.7359000003125402,0.014999999621068127,0.00020000061340397224,0.015300000086426735,0.005100000635138713,1.7772000001059496
663,d82_u2,angry,train,82,2,random,3,0,0,0,0,0,0,0,0,not_invoked,,1,2176,1.8336000002818764,0.01340000017080456,0.00030000046535860747,0.000999999429041054,0.0057999995988211595,1.8590999998195912
664,d82_u4,sad,train,82,4,random,3,1,1,0,0,0,1,1,0,ok,"{""sentences"": [""I hear you."", ""We can pause here for a moment.""], ""safety"": ""ok""}",1,2176,1.4005000002725865,0.01739999970595818,0.0002999995558639057,0.02429999949526973,0.007300000106624793,1.4578000000255997
665,d82_u5,neutral,train,82,5,random,3,0,0,0,0,0,0,0,0,not_invoked,,1,2176,1.6118000003189081,0.01849999989644857,0.00030000046535860747,0.001100000190490391,0.006399999620043673,1.663199999711651
666,d82_u7,neutral,train,82,7,random,3,0,0,0,0,0,0,0,0,not_invoked,,1,2176,1.6473000005134963,0.014100000043981709,0.00020000061340397224,0.000999999429041054,0.0054000001910026185,1.6731999994590296
667,d82_u10,neutral,train,82,10,random,3,0,0,0,0,0,0,0,0,not_invoked,,1,2176,1.6654999999445863,0.019600000086938962,0.0002999995558639057,0.001100000190490391,0.006399999620043673,1.6992999999274616
668,d82_u11,neutral,train,82,11,random,3,1,1,0,0,0,1,1,0,ok,"{""sentences"": [""I hear you."", ""We can pause here for a moment.""], ""safety"": ""ok""}",1,2176,1.662399999986519,0.01340000017080456,0.00019999970390927047,0.01629999951546779,0.004899999112240039,1.7024999997374834
669,d83_u0,neutral,train,83,0,random,3,0,0,0,0,0,0,0,0,not_invoked,,1,2176,1.7109000000345986,0.014000000192027073,0.0002999995558639057,0.0008999995770864189,0.004800000169780105,1.7361999998684041
670,d83_u1,neutral,train,83,1,random,3,1,1,0,0,0,1,1,0,ok,"{""sentences"": [""I hear you."", ""We can pause here for a moment.""], ""safety"": ""ok""}",1,2176,1.3567000005423324,0.013300000318849925,0.00020000061340397224,0.012900000001536682,0.004900000021734741,1.393100000314007
671,d83_u2,angry,train,83,2,random,3,1,1,0,0,0,1,1,0,ok,"{""sentences"": [""I hear you."", ""We can pause here for a moment.""], ""safety"": ""ok""}",1,2176,1.5711999994891812,0.013300000318849925,0.0002999995558639057,0.029599999834317714,0.004399999852466863,1.6241000002992223
672,d83_u3,neutral,train,83,3,random,3,0,0,0,0,0,0,0,0,not_invoked,,1,2176,1.3180999994801823,0.01340000017080456,0.00019999970390927047,0.0009000004865811206,0.004900000021734741,1.3426999994408106
673,d84_u1,angry,train,84,1,random,3,0,0,0,0,0,0,0,0,not_invoked,,1,2176,1.4613000003009802,0.013300000318849925,0.0002999995558639057,0.0010000003385357559,0.004800000169780105,1.4854999999442953
674,d84_u2,angry,train,84,2,random,3,0,0,0,0,0,0,0,0,not_invoked,,1,2176,1.4788000007683877,0.01320000046689529,0.00019999970390927047,0.000999999429041054,0.004699999408330768,1.5027999997982988
675,d84_u3,angry,train,84,3,random,3,1,1,0,0,0,1,1,0,ok,"{""sentences"": [""I hear you."", ""We can pause here for a moment.""], ""safety"": ""ok""}",1,2176,1.5562999997200677,0.015999999959603883,0.0002999995558639057,0.015300000086426735,0.0054000001910026185,1.5985000000000582
676,d84_u4,neutral,train,84,4,random,3,1,1,0,0,0,1,1,0,ok,"{""sentences"": [""I hear you."", ""We can pause here for a moment.""], ""safety"": ""ok""}",1,2176,1.5507999996771105,0.014299999747890979,0.00030000046535860747,0.014599999303754885,0.005300000339047983,1.5908999994280748
677,d84_u5,neutral,train,84,5,random,3,0,0,0,0,0,0,0,0,not_invoked,,1,2176,1.6046999999161926,0.014299999747890979,0.0002999995558639057,0.001100000190490391,0.005500000042957254,1.6315000002578017
678,d84_u6,sad,train,84,6,random,3,1,1,0,0,0,1,1,0,ok,"{""sentences"": [""I hear you."", ""We can pause here for a moment.""], ""safety"": ""ok""}",1,2176,1.6444000002593384,0.0289999998130952,0.0002999995558639057,0.012700000297627412,0.004399999852466863,1.713299999209994
679,d85_u0,neutral,train,85,0,random,3,1,1,0,0,0,1,1,0,ok,"{""sentences"": [""I hear you."", ""We can pause here for a moment.""], ""safety"": ""ok""}",1,2176,1.700400000117952,0.013699999726668466,0.00019999970390927047,0.01300000076298602,0.004699999408330768,1.7371000003549852
680,d85_u1,neutral,train,85,1,random,3,1,1,0,0,0,1,1,0,ok,"{""sentences"": [""I hear you."", ""We can pause here for a moment.""], ""safety"": ""ok""}",1,2176,1.325899999756075,0.013700000636163168,0.00030000046535860747,0.028500000553322025,0.021500000002561137,1.3947999996162253
681,d85_u2,neutral,train,85,2,random,3,0,0,0,0,0,0,0,0,not_invoked,,1,2176,1.3299000002007233,0.013799999578623101,0.0002999995558639057,0.0010000003385357559,0.005099999725644011,1.3555999994423473
682,d85_u3,neutral,train,85,3,random,3,1,1,0,0,0,1,1,0,ok,"{""sentences"": [""I hear you."", ""We can pause here for a moment.""], ""safety"": ""ok""}",1,2176,1.3905000005252077,0.014000000192027073,0.00030000046535860747,0.04489999992074445,0.004599999556376133,1.4596000000892673
683,d85_u4,neutral,train,85,4,random,3,1,1,0,0,0,1,1,0,ok,"{""sentences"": [""I hear you."", ""We can pause here for a moment.""], ""safety"": ""ok""}",1,2176,1.455599999644619,0.012999999853491317,0.00020000061340397224,0.012400000741763506,0.004699999408330768,1.4909999999872525
684,d86_u0,neutral,train,86,0,random,3,0,0,0,0,0,0,0,0,not_invoked,,1,2176,1.4598999996451312,0.014199999895936344,0.00039999940781854093,0.001100000190490391,0.005199999577598646,1.4858999993521138
685,d86_u1,neutral,train,86,1,random,3,0,0,0,0,0,0,0,0,not_invoked,,1,2176,1.5635999998266925,0.014900000678608194,0.00030000046535860747,0.000999999429041054,0.005599999894911889,1.5911999998934334
686,d86_u3,neutral,train,86,3,random,3,0,0,0,0,0,0,0,0,not_invoked,,1,2176,1.5420999998241314,0.013800000488117803,0.00030000046535860747,0.0010000003385357559,0.004900000021734741,1.5671999999540276
687,d86_u4,neutral,train,86,4,random,3,1,1,0,0,0,1,1,0,ok,"{""sentences"": [""I hear you."", ""We can pause here for a moment.""], ""safety"": ""ok""}",1,2176,1.516500000434462,0.013500000022759195,0.00030000046535860747,0.01430000065738568,0.004800000169780105,1.5548000001217588
688,d86_u6,neutral,train,86,6,random,3,1,1,0,0,0,1,1,0,ok,"{""sentences"": [""I hear you."", ""We can pause here for a moment.""], ""safety"": ""ok""}",1,2176,1.5343999994001933,0.014100000043981709,0.0002999995558639057,0.045199999476608355,0.004800000169780105,1.6041000008044648
689,d86_u7,neutral,train,86,7,random,3,0,0,0,0,0,0,0,0,not_invoked,,1,2176,1.5451999997821986,0.012900000001536682,0.0002999995558639057,0.0008999995770864189,0.004699999408330768,1.5689000001657405
690,d86_u8,neutral,train,86,8,random,3,0,0,0,0,0,0,0,0,not_invoked,,1,2176,1.4590000000680448,0.013300000318849925,0.0002999995558639057,0.000999999429041054,0.004799999260285404,1.4834000003247638
691,d86_u9,neutral,train,86,9,random,3,0,0,0,0,0,0,0,0,not_invoked,,1,2176,1.3899000005039852,0.013800000488117803,0.00030000046535860747,0.000999999429041054,0.004999999873689376,1.4152000003377907
692,d86_u10,happy,train,86,10,random,3,1,1,0,0,0,1,1,0,ok,"{""sentences"": [""I hear you."", ""We can pause here for a moment.""], ""safety"": ""ok""}",1,2176,1.4467999999396852,0.014399999599845614,0.00030000046535860747,0.029200000426499173,0.00470000031782547,1.500800000030722
693,d87_u0,sad,train,87,0,random,3,0,0,0,0,0,0,0,0,not_invoked,,1,2176,1.578499999595806,0.015300000086426735,0.00030000046535860747,0.000999999429041054,0.005499999133462552,1.606000000720087
694,d87_u1,neutral,train,87,1,random,3,0,0,0,0,0,0,0,0,not_invoked,,1,2176,1.5415999996548635,0.013699999726668466,0.0002999995558639057,0.0010000003385357559,0.004999999873689376,1.5669999993406236
695,d87_u2,sad,train,87,2,random,3,0,0,0,0,0,0,0,0,not_invoked,,1,2176,1.8331000001126085,0.013100000614940654,0.00019999970390927047,0.0008999995770864189,0.004800000169780105,1.856999999290565
696,d87_u3,sad,train,87,3,random,3,0,0,0,0,0,0,0,0,not_invoked,,1,2176,1.468100000238337,0.013500000022759195,0.00019999970390927047,0.000999999429041054,0.004900000021734741,1.4929999997548293
697,d87_u4,happy,train,87,4,random,3,0,0,0,0,0,0,0,0,not_invoked,,1,2176,1.7648000002736808,0.013700000636163168,0.0002999995558639057,0.0010000003385357559,0.004800000169780105,1.789699999790173
698,d87_u5,neutral,train,87,5,random,3,1,1,0,0,0,1,1,0,ok,"{""sentences"": [""I hear you."", ""We can pause here for a moment.""], ""safety"": ""ok""}",1,2176,1.423400000021502,0.01340000017080456,0.00019999970390927047,0.014100000043981709,0.004800000169780105,1.4610999996875762
699,d87_u6,neutral,train,87,6,random,3,0,0,0,0,0,0,0,0,not_invoked,,1,2176,1.4477999993687263,0.01359999987471383,0.0002999995558639057,0.0010000003385357559,0.004999999873689376,1.4729000004081172
700,d87_u7,happy,train,87,7,random,3,1,1,0,0,0,1,1,0,ok,"{""sentences"": [""I hear you."", ""We can pause here for a moment.""], ""safety"": ""ok""}",1,2176,1.5533000005234499,0.013299999409355223,0.0002999995558639057,0.013199999557400588,0.0045000006139162,1.5898999999990338
701,d87_u8,happy,train,87,8,random,3,1,1,0,0,0,1,1,0,ok,"{""sentences"": [""I hear you."", ""We can pause here for a moment.""], ""safety"": ""ok""}",1,2176,1.5047999995658756,0.013799999578623101,0.0002999995558639057,0.01359999987471383,0.004800000169780105,1.5425999999933993
702,d87_u9,happy,train,87,9,random,3,0,0,0,0,0,0,0,0,not_invoked,,1,2176,1.4750000000276486,0.014100000043981709,0.0002999995558639057,0.000999999429041054,0.005099999725644011,1.5007000001787674
703,d88_u0,neutral,train,88,0,random,3,0,0,0,0,0,0,0,0,not_invoked,,1,2176,1.4438999996855273,0.013100000614940654,0.00019999970390927047,0.0009000004865811206,0.00470000031782547,1.4678000006824732
704,d88_u1,happy,train,88,1,random,3,1,1,0,0,0,1,1,0,ok,"{""sentences"": [""I hear you."", ""We can pause here for a moment.""], ""safety"": ""ok""}",1,2176,1.6160999994099257,0.04489999992074445,0.00019999970390927047,0.013299999409355223,0.004399999852466863,1.6842999993968988
705,d88_u2,neutral,train,88,2,random,3,1,1,0,0,0,1,1,0,ok,"{""sentences"": [""I hear you."", ""We can pause here for a moment.""], ""safety"": ""ok""}",1,2176,1.5842000002521672,0.01340000017080456,0.0002999995558639057,0.013199999557400588,0.004900000021734741,1.621299999897019
706,d88_u3,neutral,train,88,3,random,3,1,1,0,0,0,1,1,0,ok,"{""sentences"": [""I hear you."", ""We can pause here for a moment.""], ""safety"": ""ok""}",1,2176,1.3799999996990664,0.01340000017080456,0.00030000046535860747,0.012999999853491317,0.004699999408330768,1.416600000084145
707,d89_u0,angry,train,89,0,random,3,0,0,0,0,0,0,0,0,not_invoked,,1,2176,1.4988000002631452,0.013100000614940654,0.00019999970390927047,0.0010000003385357559,0.004699999408330768,1.5229000000545057
708,d89_u1,neutral,train,89,1,random,3,0,0,0,0,0,0,0,0,not_invoked,,1,2176,1.4975000003687455,0.012900000001536682,0.00030000046535860747,0.0008999995770864189,0.004800000169780105,1.5215000003081514
709,d89_u2,happy,train,89,2,random,3,0,0,0,0,0,0,0,0,not_invoked,,1,2176,1.4443000000028405,0.01359999987471383,0.00019999970390927047,0.000999999429041054,0.004900000021734741,1.4693000002807821
710,d89_u4,neutral,train,89,4,random,3,1,1,0,0,0,1,1,0,ok,"{""sentences"": [""I hear you."", ""We can pause here for a moment.""], ""safety"": ""ok""}",1,2176,1.4025000000401633,0.013899999430577736,0.00019999970390927047,0.013099999705445953,0.004800000169780105,1.4397999993889243
711,d89_u5,neutral,train,89,5,random,3,0,0,0,0,0,0,0,0,not_invoked,,1,2176,1.7754999998942367,0.01340000017080456,0.00020000061340397224,0.0010000003385357559,0.004800000169780105,1.8001999997068197
712,d89_u6,happy,train,89,6,random,3,0,0,0,0,0,0,0,0,not_invoked,,1,2176,1.4090999993641162,0.015999999959603883,0.0002999995558639057,0.001100000190490391,0.0054000001910026185,1.4375000000654836
713,d89_u7,happy,train,89,7,random,3,1,1,0,0,0,1,1,0,ok,"{""sentences"": [""I hear you."", ""We can pause here for a moment.""], ""safety"": ""ok""}",1,2176,1.7171999998026877,0.04509999962465372,0.00030000046535860747,0.012600000445672777,0.004600000465870835,1.7849000005298876
714,d89_u8,neutral,train,89,8,random,3,1,1,0,0,0,1,1,0,ok,"{""sentences"": [""I hear you."", ""We can pause here for a moment.""], ""safety"": ""ok""}",1,2176,1.359200000479177,0.01320000046689529,0.00019999970390927047,0.013300000318849925,0.004399999852466863,1.3956000002508517
715,d89_u9,angry,train,89,9,random,3,1,1,0,0,0,1,1,0,ok,"{""sentences"": [""I hear you."", ""We can pause here for a moment.""], ""safety"": ""ok""}",1,2176,1.5516999992541969,0.013900000340072438,0.00020000061340397224,0.01320000046689529,0.004900000021734741,1.5892999999778112
716,d89_u11,angry,train,89,11,random,3,0,0,0,0,0,0,0,0,not_invoked,,1,2176,1.5062000002217246,0.01340000017080456,0.00030000046535860747,0.000999999429041054,0.004900000021734741,1.5309000000343076
717,d89_u15,neutral,train,89,15,random,3,0,0,0,0,0,0,0,0,not_invoked,,1,2176,1.4605999995183083,0.013699999726668466,0.00030000046535860747,0.000999999429041054,0.004900000021734741,1.5029000005597482
718,d89_u16,happy,train,89,16,random,3,0,0,0,0,0,0,0,0,not_invoked,,1,2176,1.538599999548751,0.012400000741763506,0.00019999970390927047,0.0008999995770864189,0.004699999408330768,1.5616999999110703
719,d91_u0,angry,train,91,0,random,3,1,1,0,0,0,1,1,0,ok,"{""sentences"": [""I hear you."", ""We can pause here for a moment.""], ""safety"": ""ok""}",1,2176,1.4848000000711181,0.014899999769113492,0.00020000061340397224,0.013899999430577736,0.004900000021734741,1.524500000414264
720,d92_u0,angry,train,92,0,random,3,1,1,0,0,0,1,1,0,ok,"{""sentences"": [""I hear you."", ""We can pause here for a moment.""], ""safety"": ""ok""}",1,2176,1.4776999996684026,0.013800000488117803,0.0002999995558639057,0.013500000022759195,0.004800000169780105,1.5154000002439716
721,d92_u1,neutral,train,92,1,random,3,1,1,0,0,0,1,1,0,ok,"{""sentences"": [""I hear you."", ""We can pause here for a moment.""], ""safety"": ""ok""}",1,2176,1.5129999992495868,0.01359999987471383,0.0002999995558639057,0.012900000001536682,0.004900000021734741,1.5500999998039333
722,d93_u0,neutral,train,93,0,random,3,0,0,0,0,0,0,0,0,not_invoked,,1,2176,1.5243999996528146,0.012799999240087345,0.0002999995558639057,0.0008999995770864189,0.004599999556376133,1.5479999992749072
723,d93_u1,neutral,train,93,1,random,3,1,1,0,0,0,1,1,0,ok,"{""sentences"": [""I hear you."", ""We can pause here for a moment.""], ""safety"": ""ok""}",1,2176,1.4605000005758484,0.013799999578623101,0.0002999995558639057,0.01359999987471383,0.004800000169780105,1.4985999996497412
724,d93_u2,neutral,train,93,2,random,3,0,0,0,0,0,0,0,0,not_invoked,,1,2176,1.4484999992419034,0.029800000447721686,0.0002999995558639057,0.0009000004865811206,0.004800000169780105,1.4895000003889436
725,d93_u4,neutral,train,93,4,random,3,0,0,0,0,0,0,0,0,not_invoked,,1,2176,1.4474999998128624,0.013500000022759195,0.0002999995558639057,0.0008999995770864189,0.004900000021734741,1.4723000003868947
726,d94_u0,neutral,train,94,0,random,3,1,1,0,0,0,1,1,0,ok,"{""sentences"": [""I hear you."", ""We can pause here for a moment.""], ""safety"": ""ok""}",1,2176,1.459199999771954,0.013300000318849925,0.00019999970390927047,0.012600000445672777,0.004499999704421498,1.4949000005799462
727,d94_u1,neutral,train,94,1,random,3,0,0,0,0,0,0,0,0,not_invoked,,1,2176,1.4925000004950562,0.01340000017080456,0.0002999995558639057,0.0010000003385357559,0.004999999873689376,1.5176999995674123
728,d94_u3,neutral,train,94,3,random,3,0,0,0,0,0,0,0,0,not_invoked,,1,2176,1.4510999999401974,0.013700000636163168,0.00020000061340397224,0.0009000004865811206,0.005100000635138713,1.4764000006834976
729,d94_u6,angry,train,94,6,random,3,0,0,0,0,0,0,0,0,not_invoked,,1,2176,1.5611999997418025,0.01539999993838137,0.0002999995558639057,0.0012999998943996616,0.0054000001910026185,1.5892999999778112
730,d94_u7,sad,train,94,7,random,3,0,0,0,0,0,0,0,0,not_invoked,,1,2176,1.5536000000793138,0.04549999994196696,0.0002999995558639057,0.0009000004865811206,0.004800000169780105,1.609900000403286
731,d94_u8,neutral,train,94,8,random,3,1,1,0,0,0,1,1,0,ok,"{""sentences"": [""I hear you."", ""We can pause here for a moment.""], ""safety"": ""ok""}",1,2176,1.4549999996233964,0.013700000636163168,0.00030000046535860747,0.014600000213249587,0.021100000594742596,1.5101999997568782
732,d94_u9,neutral,train,94,9,random,3,0,0,0,0,0,0,0,0,not_invoked,,1,2176,1.4833000004728092,0.029100000574544538,0.00030000046535860747,0.0010000003385357559,0.004999999873689376,1.5238999994835467
733,d94_u10,happy,train,94,10,random,3,0,0,0,0,0,0,0,0,not_invoked,,1,2176,1.459199999771954,0.01320000046689529,0.00020000061340397224,0.0010000003385357559,0.004999999873689376,1.4836999998806277
734,d94_u11,happy,train,94,11,random,3,1,1,0,0,0,1,1,0,ok,"{""sentences"": [""I hear you."", ""We can pause here for a moment.""], ""safety"": ""ok""}",1,2176,1.423400000021502,0.013899999430577736,0.0002999995558639057,0.013099999705445953,0.004900000021734741,1.4609999998356216
735,d94_u12,neutral,train,94,12,random,3,1,1,0,0,0,1,1,0,ok,"{""sentences"": [""I hear you."", ""We can pause here for a moment.""], ""safety"": ""ok""}",1,2176,1.494500000262633,0.012999999853491317,0.00030000046535860747,0.012600000445672777,0.004599999556376133,1.5302000001611304
736,d94_u13,happy,train,94,13,random,3,0,0,0,0,0,0,0,0,not_invoked,,1,2176,1.4938000003894558,0.013399999261309858,0.0002999995558639057,0.0008999995770864189,0.004699999408330768,1.533499999823107
737,d94_u14,neutral,train,94,14,random,3,1,1,0,0,0,1,1,0,ok,"{""sentences"": [""I hear you."", ""We can pause here for a moment.""], ""safety"": ""ok""}",1,2176,1.6482999999425374,0.016599999980826396,0.0002999995558639057,0.014600000213249587,0.0054000001910026185,1.7186000004585367
738,d94_u15,happy,train,94,15,random,3,1,1,0,0,0,1,1,0,ok,"{""sentences"": [""I hear you."", ""We can pause here for a moment.""], ""safety"": ""ok""}",1,2176,1.6679000000294764,0.014000000192027073,0.0002999995558639057,0.013699999726668466,0.004900000021734741,1.7060999998648185
739,d95_u0,happy,train,95,0,random,3,0,0,0,0,0,0,0,0,not_invoked,,1,2176,1.6415000000051805,0.014000000192027073,0.00020000061340397224,0.0010000003385357559,0.004900000021734741,1.6840999996929895
740,d95_u2,neutral,train,95,2,random,3,0,0,0,0,0,0,0,0,not_invoked,,1,2176,1.6146999996635714,0.01320000046689529,0.00019999970390927047,0.000999999429041054,0.004799999260285404,1.6388999993068865
741,d95_u3,neutral,train,95,3,random,3,1,1,0,0,0,1,1,0,ok,"{""sentences"": [""I hear you."", ""We can pause here for a moment.""], ""safety"": ""ok""}",1,2176,1.4691999995193328,0.02970000059576705,0.00020000061340397224,0.04549999994196696,0.004399999852466863,1.5541000002485816
742,d95_u4,happy,train,95,4,random,3,0,0,0,0,0,0,0,0,not_invoked,,1,2176,1.5133000006244401,0.01359999987471383,0.0002999995558639057,0.000999999429041054,0.004900000021734741,1.5381000002889778
743,d95_u5,happy,train,95,5,random,3,1,1,0,0,0,1,1,0,ok,"{""sentences"": [""I hear you."", ""We can pause here for a moment.""], ""safety"": ""ok""}",1,2176,1.4733000007254304,0.01340000017080456,0.00030000046535860747,0.012599999536178075,0.004600000465870835,1.5094000000317465
744,d95_u8,angry,train,95,8,random,3,0,0,0,0,0,0,0,0,not_invoked,,1,2176,1.5859000004638801,0.013699999726668466,0.0002999995558639057,0.000999999429041054,0.004800000169780105,1.6107000001284177
745,d95_u9,neutral,train,95,9,random,3,1,1,0,0,0,1,1,0,ok,"{""sentences"": [""I hear you."", ""We can pause here for a moment.""], ""safety"": ""ok""}",1,2176,1.497199999903387,0.015100000382517464,0.00019999970390927047,0.014399999599845614,0.005100000635138713,1.5376999999716645
746,d95_u10,neutral,train,95,10,random,3,0,0,0,0,0,0,0,0,not_invoked,,1,2176,1.4673999994556652,0.01359999987471383,0.00030000046535860747,0.0009000004865811206,0.005099999725644011,1.4922999998816522
747,d95_u11,neutral,train,95,11,random,3,0,0,0,0,0,0,0,0,not_invoked,,1,2176,1.5993999995771446,0.014600000213249587,0.0002999995558639057,0.001100000190490391,0.005200000487093348,1.6265000003841124
748,d95_u13,neutral,train,95,13,random,3,0,0,0,0,0,0,0,0,not_invoked,,1,2176,1.6130000003613532,0.013099999705445953,0.00019999970390927047,0.000999999429041054,0.005000000783184078,1.637299999856623
749,d95_u14,neutral,train,95,14,random,3,1,1,0,0,0,1,1,0,ok,"{""sentences"": [""I hear you."", ""We can pause here for a moment.""], ""safety"": ""ok""}",1,2176,1.4228000000002794,0.013500000022759195,0.0002999995558639057,0.013899999430577736,0.004599999556376133,1.4602000001104898
750,d95_u15,neutral,train,95,15,random,3,1,1,0,0,0,1,1,0,ok,"{""sentences"": [""I hear you."", ""We can pause here for a moment.""], ""safety"": ""ok""}",1,2176,1.4389999996637926,0.04529999932856299,0.00030000046535860747,0.012599999536178075,0.004399999852466863,1.5065000006870832
751,d95_u16,neutral,train,95,16,random,3,1,1,0,0,0,1,1,0,ok,"{""sentences"": [""I hear you."", ""We can pause here for a moment.""], ""safety"": ""ok""}",1,2176,1.4999000004536356,0.013700000636163168,0.00020000061340397224,0.01300000076298602,0.004800000169780105,1.5371999998023966
752,d95_u17,neutral,train,95,17,random,3,1,1,0,0,0,1,1,0,ok,"{""sentences"": [""I hear you."", ""We can pause here for a moment.""], ""safety"": ""ok""}",1,2176,1.441500000510132,0.014000000192027073,0.00019999970390927047,0.029400000130408444,0.004499999704421498,1.5105000002222368
753,d96_u0,neutral,train,96,0,random,3,0,0,0,0,0,0,0,0,not_invoked,,1,2176,1.4780000001337612,0.013299999409355223,0.0002999995558639057,0.000999999429041054,0.004800000169780105,1.5024999993329402
754,d96_u1,neutral,train,96,1,random,3,1,1,0,0,0,1,1,0,ok,"{""sentences"": [""I hear you."", ""We can pause here for a moment.""], ""safety"": ""ok""}",1,2176,1.4624000004914706,0.029400000130408444,0.01650000012887176,0.012299999980314169,0.00470000031782547,1.5303999998650397
755,d96_u2,neutral,train,96,2,random,3,1,1,0,0,0,1,1,0,ok,"{""sentences"": [""I hear you."", ""We can pause here for a moment.""], ""safety"": ""ok""}",1,2176,1.5963000005285721,0.014899999769113492,0.0002999995558639057,0.013500000022759195,0.004999999873689376,1.6357000004063593
756,d96_u3,neutral,train,96,3,random,3,0,0,0,0,0,0,0,0,not_invoked,,1,2176,1.6021000001273933,0.014600000213249587,0.0002999995558639057,0.001100000190490391,0.005200000487093348,1.6286999998555984
757,d96_u4,neutral,train,96,4,random,3,1,1,0,0,0,1,1,0,ok,"{""sentences"": [""I hear you."", ""We can pause here for a moment.""], ""safety"": ""ok""}",1,2176,1.5131999998629908,0.012900000001536682,0.00020000061340397224,0.01269999938813271,0.004600000465870835,1.5483999995922204
758,d97_u0,neutral,train,97,0,random,3,1,1,0,0,0,1,1,0,ok,"{""sentences"": [""I hear you."", ""We can pause here for a moment.""], ""safety"": ""ok""}",1,2176,1.5989000003173715,0.013100000614940654,0.00019999970390927047,0.01269999938813271,0.004499999704421498,1.6342999997505103
759,d97_u1,neutral,train,97,1,random,3,0,0,0,0,0,0,0,0,not_invoked,,1,2176,1.4678999996249331,0.012999999853491317,0.00030000046535860747,0.0010000003385357559,0.004599999556376133,1.491800000621879
760,d97_u2,neutral,train,97,2,random,3,1,1,0,0,0,1,1,0,ok,"{""sentences"": [""I hear you."", ""We can pause here for a moment.""], ""safety"": ""ok""}",1,2176,1.328299999840965,0.02930000027845381,0.0002999995558639057,0.012700000297627412,0.004599999556376133,1.380500000777829
761,d97_u3,angry,train,97,3,random,3,0,0,0,0,0,0,0,0,not_invoked,,1,2176,1.4564000002792454,0.012800000149582047,0.00030000046535860747,0.0008999995770864189,0.004999999873689376,1.4803000003666966
762,d98_u1,neutral,train,98,1,random,3,0,0,0,0,0,0,0,0,not_invoked,,1,2176,1.536899999337038,0.013500000022759195,0.0002999995558639057,0.0009000004865811206,0.004800000169780105,1.5614000003552064
763,d99_u0,happy,train,99,0,random,3,1,1,0,0,0,1,1,0,ok,"{""sentences"": [""I hear you."", ""We can pause here for a moment.""], ""safety"": ""ok""}",1,2176,1.4903000001140754,0.013799999578623101,0.0002999995558639057,0.013199999557400588,0.005000000783184078,1.5279999997801497
764,d99_u1,happy,train,99,1,random,3,0,0,0,0,0,0,0,0,not_invoked,,1,2176,1.3706999998248648,0.013900000340072438,0.00030000046535860747,0.001100000190490391,0.005100000635138713,1.3961000004201196
765,d99_u2,happy,train,99,2,random,3,1,1,0,0,0,1,1,0,ok,"{""sentences"": [""I hear you."", ""We can pause here for a moment.""], ""safety"": ""ok""}",1,2176,1.5158999995037448,0.014600000213249587,0.0002999995558639057,0.01340000017080456,0.005100000635138713,1.5551000005871174
766,d99_u3,happy,train,99,3,random,3,0,0,0,0,0,0,0,0,not_invoked,,1,2176,1.5223000000332831,0.0289999998130952,0.0002999995558639057,0.0010000003385357559,0.004800000169780105,1.5628999999535154
767,d99_u4,neutral,train,99,4,random,3,0,0,0,0,0,0,0,0,not_invoked,,1,2176,1.4280000004873727,0.012800000149582047,0.00019999970390927047,0.000999999429041054,0.004799999260285404,1.4521000002787332
768,d99_u6,neutral,train,99,6,random,3,1,1,0,0,0,1,1,0,ok,"{""sentences"": [""I hear you."", ""We can pause here for a moment.""], ""safety"": ""ok""}",1,2176,1.4096000004428788,0.02919999951700447,0.00019999970390927047,0.029400000130408444,0.004600000465870835,1.4786000001549837
769,d99_u7,angry,train,99,7,random,3,1,1,0,0,0,1,1,0,ok,"{""sentences"": [""I hear you."", ""We can pause here for a moment.""], ""safety"": ""ok""}",1,2176,1.4239000001907698,0.01249999968422344,0.00019999970390927047,0.012399999832268804,0.004400000761961564,1.4585999997507315
770,d99_u8,happy,train,99,8,random,3,1,1,0,0,0,1,1,0,ok,"{""sentences"": [""I hear you."", ""We can pause here for a moment.""], ""safety"": ""ok""}",1,2176,1.4873999998599174,0.013199999557400588,0.0002999995558639057,0.012599999536178075,0.004599999556376133,1.523099999758415
771,d99_u9,neutral,train,99,9,random,3,1,1,0,0,0,1,1,0,ok,"{""sentences"": [""I hear you."", ""We can pause here for a moment.""], ""safety"": ""ok""}",1,2176,1.435700000001816,0.013099999705445953,0.00019999970390927047,0.012599999536178075,0.00470000031782547,1.4715999996042228
772,d99_u10,neutral,train,99,10,random,3,1,1,0,0,0,1,1,0,ok,"{""sentences"": [""I hear you."", ""We can pause here for a moment.""], ""safety"": ""ok""}",1,2176,1.3562999993155245,0.013900000340072438,0.00020000061340397224,0.02879999919969123,0.004499999704421498,1.4092999999775202
773,d99_u11,angry,train,99,11,random,3,1,1,0,0,0,1,1,0,ok,"{""sentences"": [""I hear you."", ""We can pause here for a moment.""], ""safety"": ""ok""}",1,2176,1.5572000002066488,0.014399999599845614,0.0002999995558639057,0.013500000022759195,0.005099999725644011,1.5960000000632135
774,d99_u12,neutral,train,99,12,random,3,0,0,0,0,0,0,0,0,not_invoked,,1,2176,1.4999000004536356,0.013800000488117803,0.00030000046535860747,0.000999999429041054,0.005200000487093348,1.525499999843305
775,d99_u13,happy,train,99,13,random,3,0,0,0,0,0,0,0,0,not_invoked,,1,2176,1.73110000014276,0.013099999705445953,0.00019999970390927047,0.0010000003385357559,0.004800000169780105,1.7552999997860752
776,d99_u14,neutral,train,99,14,random,3,0,0,0,0,0,0,0,0,not_invoked,,1,2176,1.41780000012659,0.013299999409355223,0.00019999970390927047,0.001100000190490391,0.004900000021734741,1.442499999939173
777,d99_u15,neutral,train,99,15,random,3,0,0,0,0,0,0,0,0,not_invoked,,1,2176,1.533700000436511,0.013700000636163168,0.00019999970390927047,0.000999999429041054,0.004999999873689376,1.5585999999530031
778,d99_u16,neutral,train,99,16,random,3,1,1,0,0,0,1,1,0,ok,"{""sentences"": [""I hear you."", ""We can pause here for a moment.""], ""safety"": ""ok""}",1,2176,1.5371999998023966,0.012999999853491317,0.00019999970390927047,0.012700000297627412,0.004600000465870835,1.5730000004623435
779,d99_u17,angry,train,99,17,random,3,0,0,0,0,0,0,0,0,not_invoked,,1,2176,1.7213999999512453,0.013099999705445953,0.0002999995558639057,0.0010000003385357559,0.004800000169780105,1.7457000003560097
780,d99_u18,neutral,train,99,18,random,3,0,0,0,0,0,0,0,0,not_invoked,,1,2176,1.2638999996852363,0.012099999366910197,0.0002999995558639057,0.000999999429041054,0.004699999408330768,1.2867999994341517
781,d100_u0,neutral,train,100,0,random,3,0,0,0,0,0,0,0,0,not_invoked,,1,2176,1.4510999999401974,0.014100000043981709,0.0002999995558639057,0.0010000003385357559,0.005099999725644011,1.477399999203044
782,d100_u1,neutral,train,100,1,random,3,0,0,0,0,0,0,0,0,not_invoked,,1,2176,1.3165000000299187,0.01359999987471383,0.0002999995558639057,0.0010000003385357559,0.004800000169780105,1.341600000159815
783,d100_u2,neutral,train,100,2,random,3,1,1,0,0,0,1,1,0,ok,"{""sentences"": [""I hear you."", ""We can pause here for a moment.""], ""safety"": ""ok""}",1,2176,1.5299000006052665,0.014900000678608194,0.00030000046535860747,0.031399999897985253,0.004999999873689376,1.5870999995968305
784,d100_u4,neutral,train,100,4,random,3,1,1,0,0,0,1,1,0,ok,"{""sentences"": [""I hear you."", ""We can pause here for a moment.""], ""safety"": ""ok""}",1,2176,1.5715999998064945,0.012900000001536682,0.0002999995558639057,0.01249999968422344,0.004599999556376133,1.607000000149128
785,d100_u5,neutral,train,100,5,random,3,1,1,0,0,0,1,1,0,ok,"{""sentences"": [""I hear you."", ""We can pause here for a moment.""], ""safety"": ""ok""}",1,2176,1.436200000171084,0.030499999411404133,0.0002999995558639057,0.012700000297627412,0.004699999408330768,1.4897000000928529
786,d100_u6,neutral,train,100,6,random,3,1,1,0,0,0,1,1,0,ok,"{""sentences"": [""I hear you."", ""We can pause here for a moment.""], ""safety"": ""ok""}",1,2176,1.4915000001565204,0.012900000001536682,0.0002999995558639057,0.012299999980314169,0.004499999704421498,1.526499999272346
787,d101_u0,neutral,train,101,0,random,3,0,0,0,0,0,0,0,0,not_invoked,,1,2176,1.4955000006011687,0.013100000614940654,0.00030000046535860747,0.0010000003385357559,0.004900000021734741,1.519899999948393
788,d102_u0,neutral,train,102,0,random,3,1,1,0,0,0,1,1,0,ok,"{""sentences"": [""I hear you."", ""We can pause here for a moment.""], ""safety"": ""ok""}",1,2176,1.4541999998982647,0.014000000192027073,0.0002999995558639057,0.013199999557400588,0.004799999260285404,1.491800000621879
789,d102_u1,neutral,train,102,1,random,3,0,0,0,0,0,0,0,0,not_invoked,,1,2176,1.495700000305078,0.013300000318849925,0.00020000061340397224,0.0010000003385357559,0.004800000169780105,1.5203000002657063
790,d102_u2,neutral,train,102,2,random,3,1,1,0,0,0,1,1,0,ok,"{""sentences"": [""I hear you."", ""We can pause here for a moment.""], ""safety"": ""ok""}",1,2176,1.4956000004531234,0.013699999726668466,0.00019999970390927047,0.01269999938813271,0.004699999408330768,1.532299999780662
791,d103_u0,happy,train,103,0,random,3,1,1,0,0,0,1,1,0,ok,"{""sentences"": [""I hear you."", ""We can pause here for a moment.""], ""safety"": ""ok""}",1,2176,1.5740999997433391,0.014899999769113492,0.0002999995558639057,0.014100000043981709,0.005200000487093348,1.6140999996423488
792,d103_u1,neutral,train,103,1,random,3,1,1,0,0,0,1,1,0,ok,"{""sentences"": [""I hear you."", ""We can pause here for a moment.""], ""safety"": ""ok""}",1,2176,1.5468999999939115,0.013500000022759195,0.00030000046535860747,0.013099999705445953,0.004600000465870835,1.58350000037899
793,d103_u3,happy,train,103,3,random,3,0,0,0,0,0,0,0,0,not_invoked,,1,2176,1.4731000001120265,0.013799999578623101,0.00019999970390927047,0.000999999429041054,0.021999999262334313,1.5155000000959262
794,d103_u4,neutral,train,103,4,random,3,0,0,0,0,0,0,0,0,not_invoked,,1,2176,1.5033999998195213,0.029099999665049836,0.00030000046535860747,0.0010000003385357559,0.00470000031782547,1.5432000000146218
795,d103_u5,neutral,train,103,5,random,3,1,1,0,0,0,1,1,0,ok,"{""sentences"": [""I hear you."", ""We can pause here for a moment.""], ""safety"": ""ok""}",1,2176,1.412700000400946,0.013299999409355223,0.0002999995558639057,0.01249999968422344,0.0045000006139162,1.4485000001513981
796,d103_u6,happy,train,103,6,random,3,1,1,0,0,0,1,1,0,ok,"{""sentences"": [""I hear you."", ""We can pause here for a moment.""], ""safety"": ""ok""}",1,2176,1.398900000822323,0.013700000636163168,0.00030000046535860747,0.01320000046689529,0.004699999408330768,1.4358999997057253
797,d103_u7,happy,train,103,7,random,3,0,0,0,0,0,0,0,0,not_invoked,,1,2176,1.4581000004909583,0.012999999853491317,0.0002999995558639057,0.0010000003385357559,0.00470000031782547,1.4822000002823188
798,d104_u1,happy,train,104,1,random,3,0,0,0,0,0,0,0,0,not_invoked,,1,2176,1.4066999992792262,0.01269999938813271,0.00019999970390927047,0.0009000004865811206,0.004999999873689376,1.430600000276172
799,d106_u0,neutral,train,106,0,random,3,1,1,0,0,0,1,1,0,ok,"{""sentences"": [""I hear you."", ""We can pause here for a moment.""], ""safety"": ""ok""}",1,2176,1.4489999994111713,0.013099999705445953,0.0002999995558639057,0.012399999832268804,0.004399999852466863,1.4840000003459863
800,d106_u2,neutral,train,106,2,random,3,0,0,0,0,0,0,0,0,not_invoked,,1,2176,1.4249000005293055,0.01449999945180025,0.00020000061340397224,0.000999999429041054,0.004899999112240039,1.4515000002575107
801,d106_u3,neutral,train,106,3,random,3,1,1,0,0,0,1,1,0,ok,"{""sentences"": [""I hear you."", ""We can pause here for a moment.""], ""safety"": ""ok""}",1,2176,1.5691999997216044,0.014500000361294951,0.0002999995558639057,0.014000000192027073,0.004999999873689376,1.6087999993033009
802,d106_u4,neutral,train,106,4,random,3,0,0,0,0,0,0,0,0,not_invoked,,1,2176,1.6541999993933132,0.013600000784208532,0.00030000046535860747,0.0010000003385357559,0.004900000021734741,1.6790999998193001
803,d107_u0,neutral,train,107,0,random,3,0,0,0,0,0,0,0,0,not_invoked,,1,2176,1.484100000197941,0.013299999409355223,0.0002999995558639057,0.0010000003385357559,0.004999999873689376,1.5088999998624786
804,d107_u1,neutral,train,107,1,random,3,0,0,0,0,0,0,0,0,not_invoked,,1,2176,1.4589000002160901,0.01359999987471383,0.00030000046535860747,0.0010000003385357559,0.004900000021734741,1.4836999998806277
805,d107_u2,neutral,train,107,2,random,3,1,1,0,0,0,1,1,0,ok,"{""sentences"": [""I hear you."", ""We can pause here for a moment.""], ""safety"": ""ok""}",1,2176,1.4201000003595254,0.013500000022759195,0.00020000061340397224,0.012800000149582047,0.00470000031782547,1.4568999995390186
806,d107_u4,neutral,train,107,4,random,3,0,0,0,0,0,0,0,0,not_invoked,,1,2176,1.4876999994157813,0.013500000022759195,0.00030000046535860747,0.0010000003385357559,0.004800000169780105,1.512400000137859
807,d107_u5,happy,train,107,5,random,3,1,1,0,0,0,1,1,0,ok,"{""sentences"": [""I hear you."", ""We can pause here for a moment.""], ""safety"": ""ok""}",1,2176,1.504400000158057,0.013799999578623101,0.0002999995558639057,0.013099999705445953,0.004699999408330768,1.5416000005643582
808,d107_u6,neutral,train,107,6,random,3,0,0,0,0,0,0,0,0,not_invoked,,1,2176,1.5029000005597482,0.014199999895936344,0.0002999995558639057,0.01700000029813964,0.004799999260285404,1.5444000000570668
809,d107_u7,neutral,train,107,7,random,3,0,0,0,0,0,0,0,0,not_invoked,,1,2176,1.5640999999959604,0.01449999945180025,0.0004000003173132427,0.0010000003385357559,0.005599999894911889,1.5911000000414788
810,d107_u8,neutral,train,107,8,random,3,0,0,0,0,0,0,0,0,not_invoked,,1,2176,1.5232000005198643,0.013900000340072438,0.00030000046535860747,0.0008999995770864189,0.005199999577598646,1.5488999997614883
811,d107_u9,neutral,train,107,9,random,3,0,0,0,0,0,0,0,0,not_invoked,,1,2176,1.7803999999159714,0.013299999409355223,0.0002999995558639057,0.000999999429041054,0.004900000021734741,1.805100000638049
812,d107_u10,neutral,train,107,10,random,3,0,0,0,0,0,0,0,0,not_invoked,,1,2176,1.4379000003827969,0.029099999665049836,0.00019999970390927047,0.0010000003385357559,0.004699999408330768,1.4782000007471652
813,d108_u0,neutral,train,108,0,random,3,1,1,0,0,0,1,1,0,ok,"{""sentences"": [""I hear you."", ""We can pause here for a moment.""], ""safety"": ""ok""}",1,2176,1.6187000001082197,0.013100000614940654,0.00020000061340397224,0.012200000128359534,0.004499999704421498,1.6538999998374493
814,d108_u1,neutral,train,108,1,random,3,1,1,0,0,0,1,1,0,ok,"{""sentences"": [""I hear you."", ""We can pause here for a moment.""], ""safety"": ""ok""}",1,2176,1.311600000008184,0.012900000001536682,0.00019999970390927047,0.013299999409355223,0.00470000031782547,1.3474999996105907
815,d108_u2,happy,train,108,2,random,3,0,0,0,0,0,0,0,0,not_invoked,,1,2176,1.4148000000204775,0.01340000017080456,0.00030000046535860747,0.0010000003385357559,0.004900000021734741,1.4397000004464644
816,d108_u3,neutral,train,108,3,random,3,0,0,0,0,0,0,0,0,not_invoked,,1,2176,1.5095999997356557,0.013299999409355223,0.0002999995558639057,0.000999999429041054,0.004699999408330768,1.5339999999923748
817,d108_u4,happy,train,108,4,random,3,0,0,0,0,0,0,0,0,not_invoked,,1,2176,1.5140999994400772,0.014000000192027073,0.00030000046535860747,0.0010000003385357559,0.005100000635138713,1.5399000003526453
818,d108_u5,neutral,train,108,5,random,3,0,0,0,0,0,0,0,0,not_invoked,,1,2176,1.4740000005986076,0.013699999726668466,0.0002999995558639057,0.0009000004865811206,0.004999999873689376,1.4989999999670545
819,d108_u6,neutral,train,108,6,random,3,1,1,0,0,0,1,1,0,ok,"{""sentences"": [""I hear you."", ""We can pause here for a moment.""], ""safety"": ""ok""}",1,2176,1.5788000000611646,0.03130000004603062,0.00019999970390927047,0.014100000043981709,0.004800000169780105,1.6345000003639143
820,d109_u0,neutral,train,109,0,random,3,0,0,0,0,0,0,0,0,not_invoked,,1,2176,1.6463000001749606,0.012600000445672777,0.0002999995558639057,0.0010000003385357559,0.004699999408330768,1.6696000002411893
821,d109_u3,angry,train,109,3,random,3,1,1,0,0,0,1,1,0,ok,"{""sentences"": [""I hear you."", ""We can pause here for a moment.""], ""safety"": ""ok""}",1,2176,1.4392000002771965,0.013900000340072438,0.00020000061340397224,0.013699999726668466,0.004900000021734741,1.477599999816448
822,d109_u4,happy,train,109,4,random,3,0,0,0,0,0,0,0,0,not_invoked,,1,2176,1.4771999994991347,0.013500000022759195,0.00030000046535860747,0.0009000004865811206,0.004800000169780105,1.502000000073167
823,d109_u5,happy,train,109,5,random,3,1,1,0,0,0,1,1,0,ok,"{""sentences"": [""I hear you."", ""We can pause here for a moment.""], ""safety"": ""ok""}",1,2176,1.4806999997745152,0.012800000149582047,0.00019999970390927047,0.012399999832268804,0.0045000006139162,1.5155999999478809
824,d109_u6,sad,train,109,6,random,3,1,1,0,0,0,1,1,0,ok,"{""sentences"": [""I hear you."", ""We can pause here for a moment.""], ""safety"": ""ok""}",1,2176,1.436200000171084,0.013500000022759195,0.00019999970390927047,0.012700000297627412,0.01990000055229757,1.5032999999675667
825,d109_u7,sad,train,109,7,random,3,0,0,0,0,0,0,0,0,not_invoked,,1,2176,1.579999999194115,0.013100000614940654,0.0002999995558639057,0.0008999995770864189,0.004699999408330768,1.60409999989497
826,d109_u8,sad,train,109,8,random,3,1,1,0,0,0,1,1,0,ok,"{""sentences"": [""I hear you."", ""We can pause here for a moment.""], ""safety"": ""ok""}",1,2176,1.56779999997525,0.01320000046689529,0.0002999995558639057,0.012199999218864832,0.004599999556376133,1.602899999852525
827,d109_u9,happy,train,109,9,random,3,1,1,0,0,0,1,1,0,ok,"{""sentences"": [""I hear you."", ""We can pause here for a moment.""], ""safety"": ""ok""}",1,2176,1.5983999992386089,0.01500000053056283,0.00019999970390927047,0.014100000043981709,0.004900000021734741,1.638499999899068
828,d109_u10,neutral,train,109,10,random,3,0,0,0,0,0,0,0,0,not_invoked,,1,2176,1.5812000001460547,0.029100000574544538,0.00030000046535860747,0.0010000003385357559,0.004800000169780105,1.621599999452883
829,d109_u11,neutral,train,109,11,random,3,1,1,0,0,0,1,1,0,ok,"{""sentences"": [""I hear you."", ""We can pause here for a moment.""], ""safety"": ""ok""}",1,2176,1.432099999874481,0.012200000128359534,0.00030000046535860747,0.012299999980314169,0.00470000031782547,1.4667000004919828
830,d109_u12,neutral,train,109,12,random,3,1,1,0,0,0,1,1,0,ok,"{""sentences"": [""I hear you."", ""We can pause here for a moment.""], ""safety"": ""ok""}",1,2176,1.5221000003293739,0.013799999578623101,0.00030000046535860747,0.012700000297627412,0.004600000465870835,1.5586999998049578
831,d109_u13,neutral,train,109,13,random,3,1,1,0,0,0,1,1,0,ok,"{""sentences"": [""I hear you."", ""We can pause here for a moment.""], ""safety"": ""ok""}",1,2176,1.544599999760976,0.01359999987471383,0.0002999995558639057,0.012800000149582047,0.004999999873689376,1.5818000001672772
832,d109_u14,neutral,train,109,14,random,3,1,1,0,0,0,1,1,0,ok,"{""sentences"": [""I hear you."", ""We can pause here for a moment.""], ""safety"": ""ok""}",1,2176,1.4620000001741573,0.029599999834317714,0.0002999995558639057,0.012599999536178075,0.004599999556376133,1.5139999995881226
833,d109_u15,angry,train,109,15,random,3,0,0,0,0,0,0,0,0,not_invoked,,1,2176,1.471999999921536,0.012800000149582047,0.00020000061340397224,0.0010000003385357559,0.004800000169780105,1.4959000000089873
834,d109_u20,angry,train,109,20,random,3,1,1,0,0,0,1,1,0,ok,"{""sentences"": [""I hear you."", ""We can pause here for a moment.""], ""safety"": ""ok""}",1,2176,1.4399000001503737,0.029400000130408444,0.0002999995558639057,0.028299999939918052,0.004600000465870835,1.507599999968079
835,d109_u21,happy,train,109,21,random,3,0,0,0,0,0,0,0,0,not_invoked,,1,2176,1.4586999996026861,0.014100000043981709,0.00030000046535860747,0.000999999429041054,0.005300000339047983,1.4848000000711181
836,d110_u0,neutral,train,110,0,random,3,0,0,0,0,0,0,0,0,not_invoked,,1,2176,1.4254999996410334,0.013799999578623101,0.0002999995558639057,0.0010000003385357559,0.005199999577598646,1.4509999991787481
837,d110_u3,angry,train,110,3,random,3,1,1,0,0,0,1,1,0,ok,"{""sentences"": [""I hear you."", ""We can pause here for a moment.""], ""safety"": ""ok""}",1,2176,1.4230999995561433,0.01539999993838137,0.0002999995558639057,0.014999999621068127,0.005200000487093348,1.4641999996456434
838,d110_u4,neutral,train,110,4,random,3,1,1,0,0,0,1,1,0,ok,"{""sentences"": [""I hear you."", ""We can pause here for a moment.""], ""safety"": ""ok""}",1,2176,1.5143999999054358,0.014000000192027073,0.00030000046535860747,0.012800000149582047,0.004900000021734741,1.5516999992541969
839,d110_u5,happy,train,110,5,random,3,0,0,0,0,0,0,0,0,not_invoked,,1,2176,3.6808000004384667,0.013100000614940654,0.0002999995558639057,0.001100000190490391,0.004800000169780105,3.704900000229827
840,d111_u0,happy,train,111,0,random,3,0,0,0,0,0,0,0,0,not_invoked,,1,2176,3.506600000036997,0.013500000022759195,0.0002999995558639057,0.0010000003385357559,0.004900000021734741,3.5312999998495798
841,d111_u2,happy,train,111,2,random,3,1,1,0,0,0,1,1,0,ok,"{""sentences"": [""I hear you."", ""We can pause here for a moment.""], ""safety"": ""ok""}",1,2176,1.6478000006827642,0.01320000046689529,0.00030000046535860747,0.01320000046689529,0.004900000021734741,1.6845000000103028
842,d111_u3,neutral,train,111,3,random,3,1,1,0,0,0,1,1,0,ok,"{""sentences"": [""I hear you."", ""We can pause here for a moment.""], ""safety"": ""ok""}",1,2176,1.3404999999693246,0.014199999895936344,0.00030000046535860747,0.01340000017080456,0.004900000021734741,1.3785000001007575
843,d111_u7,neutral,train,111,7,random,3,0,0,0,0,0,0,0,0,not_invoked,,1,2176,1.6023999996832572,0.014400000509340316,0.00019999970390927047,0.001100000190490391,0.005099999725644011,1.6288999995595077
844,d111_u9,neutral,train,111,9,random,3,0,0,0,0,0,0,0,0,not_invoked,,1,2176,1.6022999998313026,0.029200000426499173,0.00019999970390927047,0.0008999995770864189,0.004599999556376133,1.6420000001744484
845,d111_u11,neutral,train,111,11,random,3,0,0,0,0,0,0,0,0,not_invoked,,1,2176,1.4238000003388152,0.013300000318849925,0.00020000061340397224,0.0010000003385357559,0.004800000169780105,1.4482999995379942
846,d111_u12,neutral,train,111,12,random,3,0,0,0,0,0,0,0,0,not_invoked,,1,2176,1.414400000612659,0.01320000046689529,0.00020000061340397224,0.000999999429041054,0.004999999873689376,1.4391000004252419
847,d111_u14,neutral,train,111,14,random,3,0,0,0,0,0,0,0,0,not_invoked,,1,2176,1.4387000001079286,0.012900000001536682,0.00019999970390927047,0.0010000003385357559,0.004800000169780105,1.4626000001953798
848,d112_u2,angry,train,112,2,random,3,1,1,0,0,0,1,1,0,ok,"{""sentences"": [""I hear you."", ""We can pause here for a moment.""], ""safety"": ""ok""}",1,2176,1.4315999997052131,0.012800000149582047,0.00019999970390927047,0.01359999987471383,0.004499999704421498,1.4678999996249331
849,d112_u3,angry,train,112,3,random,3,0,0,0,0,0,0,0,0,not_invoked,,1,2176,1.4560999998138868,0.013099999705445953,0.00020000061340397224,0.0009000004865811206,0.004600000465870835,1.4800999997532926
850,d113_u0,neutral,train,113,0,random,3,1,1,0,0,0,1,1,0,ok,"{""sentences"": [""I hear you."", ""We can pause here for a moment.""], ""safety"": ""ok""}",1,2176,1.4307999999800813,0.013100000614940654,0.00019999970390927047,0.01249999968422344,0.004600000465870835,1.4661000004707603
851,d113_u1,angry,train,113,1,random,3,0,0,0,0,0,0,0,0,not_invoked,,1,2176,2.0324999995864346,0.013800000488117803,0.0002999995558639057,0.000999999429041054,0.004900000021734741,2.057499999864376
852,d113_u2,neutral,train,113,2,random,3,0,0,0,0,0,0,0,0,not_invoked,,1,2176,1.692900000307418,0.014999999621068127,0.0002999995558639057,0.0010000003385357559,0.0054000001910026185,1.7201000000568456
853,d113_u3,neutral,train,113,3,random,3,0,0,0,0,0,0,0,0,not_invoked,,1,2176,1.7649000001256354,0.012399999832268804,0.00030000046535860747,0.0009000004865811206,0.004999999873689376,1.7883000000438187
854,d113_u4,neutral,train,113,4,random,3,0,0,0,0,0,0,0,0,not_invoked,,1,2176,1.4233000001695473,0.028700000257231295,0.0002999995558639057,0.0010000003385357559,0.004599999556376133,1.4628000008087838
855,d113_u5,neutral,train,113,5,random,3,1,1,0,0,0,1,1,0,ok,"{""sentences"": [""I hear you."", ""We can pause here for a moment.""], ""safety"": ""ok""}",1,2176,1.4277000000220141,0.012800000149582047,0.00030000046535860747,0.01340000017080456,0.0045000006139162,1.4639000000897795
856,d113_u6,neutral,train,113,6,random,3,0,0,0,0,0,0,0,0,not_invoked,,1,2176,1.4380000002347515,0.01300000076298602,0.00019999970390927047,0.000999999429041054,0.004999999873689376,1.4621999998780666
857,d113_u7,neutral,train,113,7,random,3,0,0,0,0,0,0,0,0,not_invoked,,1,2176,1.7464000002291868,0.01340000017080456,0.00030000046535860747,0.000999999429041054,0.004800000169780105,1.7707999995764112
858,d113_u8,happy,train,113,8,random,3,0,0,0,0,0,0,0,0,not_invoked,,1,2176,1.4372000005096197,0.012299999980314169,0.00030000046535860747,0.0009000004865811206,0.004599999556376133,1.4600000004065805
859,d113_u9,neutral,train,113,9,random,3,0,0,0,0,0,0,0,0,not_invoked,,1,2176,1.940499999363965,0.012299999980314169,0.00019999970390927047,0.000999999429041054,0.004900000021734741,1.9637000004877336
860,d113_u10,neutral,train,113,10,random,3,0,0,0,0,0,0,0,0,not_invoked,,1,2176,1.6518000002179178,0.03710000055434648,0.00030000046535860747,0.0012000000424450263,0.005100000635138713,1.700400000117952
861,d114_u0,neutral,train,114,0,random,3,0,0,0,0,0,0,0,0,not_invoked,,1,2176,1.7103999998653308,0.013300000318849925,0.00030000046535860747,0.0008999995770864189,0.004800000169780105,1.7346999993606005
862,d114_u2,neutral,train,114,2,random,3,1,1,0,0,0,1,1,0,ok,"{""sentences"": [""I hear you."", ""We can pause here for a moment.""], ""safety"": ""ok""}",1,2176,1.3944000002084067,0.012999999853491317,0.0002999995558639057,0.014299999747890979,0.004599999556376133,1.4317999994091224
863,d114_u3,happy,train,114,3,random,3,0,0,0,0,0,0,0,0,not_invoked,,1,2176,1.6441000007034745,0.012999999853491317,0.00030000046535860747,0.0008999995770864189,0.00470000031782547,1.6679000000294764
864,d114_u4,happy,train,114,4,random,3,0,0,0,0,0,0,0,0,not_invoked,,1,2176,1.335799999651499,0.01269999938813271,0.00030000046535860747,0.0009000004865811206,0.00470000031782547,1.359200000479177
865,d115_u0,neutral,train,115,0,random,3,0,0,0,0,0,0,0,0,not_invoked,,1,2176,1.3914999999542488,0.012999999853491317,0.00019999970390927047,0.0010000003385357559,0.004599999556376133,1.415600000655104
866,d115_u1,neutral,train,115,1,random,3,1,1,0,0,0,1,1,0,ok,"{""sentences"": [""I hear you."", ""We can pause here for a moment.""], ""safety"": ""ok""}",1,2176,1.442799999495037,0.013299999409355223,0.00019999970390927047,0.012900000001536682,0.004499999704421498,1.4788000007683877
867,d115_u2,neutral,train,115,2,random,3,1,1,0,0,0,1,1,0,ok,"{""sentences"": [""I hear you."", ""We can pause here for a moment.""], ""safety"": ""ok""}",1,2176,1.4269000002968824,0.012900000001536682,0.00030000046535860747,0.012900000001536682,0.004200000148557592,1.4622999997300212
868,d115_u3,neutral,train,115,3,random,3,1,1,0,0,0,1,1,0,ok,"{""sentences"": [""I hear you."", ""We can pause here for a moment.""], ""safety"": ""ok""}",1,2176,1.4836999998806277,0.01269999938813271,0.00019999970390927047,0.012199999218864832,0.004599999556376133,1.533200000267243
869,d115_u4,angry,train,115,4,random,3,1,1,0,0,0,1,1,0,ok,"{""sentences"": [""I hear you."", ""We can pause here for a moment.""], ""safety"": ""ok""}",1,2176,1.6654000000926317,0.014199999895936344,0.00019999970390927047,0.013699999726668466,0.004900000021734741,1.7041000000972417
870,d115_u5,neutral,train,115,5,random,3,1,1,0,0,0,1,1,0,ok,"{""sentences"": [""I hear you."", ""We can pause here for a moment.""], ""safety"": ""ok""}",1,2176,1.598300000296149,0.011999999514955562,0.00030000046535860747,0.011899999663000926,0.004300000000512227,1.6316000001097564
871,d116_u0,neutral,train,116,0,random,3,0,0,0,0,0,0,0,0,not_invoked,,1,2176,1.4172999999573221,0.012299999980314169,0.00030000046535860747,0.0009000004865811206,0.00470000031782547,1.4401999997062376
872,d116_u1,neutral,train,116,1,random,3,0,0,0,0,0,0,0,0,not_invoked,,1,2176,1.460899999983667,0.012100000276404899,0.00030000046535860747,0.0009000004865811206,0.004499999704421498,1.4835999991191784
873,d116_u2,sad,train,116,2,random,3,0,0,0,0,0,0,0,0,not_invoked,,1,2176,1.432300000487885,0.01320000046689529,0.00030000046535860747,0.0010000003385357559,0.022500000341096893,1.4744999998583808
874,d116_u4,neutral,train,116,4,random,3,0,0,0,0,0,0,0,0,not_invoked,,1,2176,1.3760000001639128,0.01320000046689529,0.00020000061340397224,0.0010000003385357559,0.004800000169780105,1.4005999992150464
875,d116_u5,neutral,train,116,5,random,3,1,1,0,0,0,1,1,0,ok,"{""sentences"": [""I hear you."", ""We can pause here for a moment.""], ""safety"": ""ok""}",1,2176,1.7039000003933324,0.01340000017080456,0.00020000061340397224,0.04270000044925837,0.004499999704421498,1.7698000001473702
876,d116_u6,neutral,train,116,6,random,3,0,0,0,0,0,0,0,0,not_invoked,,1,2176,1.3429999999061693,0.012800000149582047,0.00019999970390927047,0.0008999995770864189,0.004499999704421498,1.3663999998243526
877,d116_u7,sad,train,116,7,random,3,1,1,0,0,0,1,1,0,ok,"{""sentences"": [""I hear you."", ""We can pause here for a moment.""], ""safety"": ""ok""}",1,2176,1.6660999999658088,0.0152000002344721,0.00019999970390927047,0.014100000043981709,0.004999999873689376,1.7061999997167732
878,d117_u0,happy,train,117,0,random,3,0,0,0,0,0,0,0,0,not_invoked,,1,2176,1.6347999999197782,0.013300000318849925,0.0002999995558639057,0.0008999995770864189,0.004699999408330768,1.658799999859184
879,d117_u1,neutral,train,117,1,random,3,0,0,0,0,0,0,0,0,not_invoked,,1,2176,1.8008999995799968,0.012799999240087345,0.0002999995558639057,0.0008999995770864189,0.004899999112240039,1.8248000005769427
880,d117_u2,happy,train,117,2,random,3,0,0,0,0,0,0,0,0,not_invoked,,1,2176,1.4819999996689148,0.013199999557400588,0.00030000046535860747,0.0009000004865811206,0.004800000169780105,1.5060000005178154
881,d117_u3,neutral,train,117,3,random,3,1,1,0,0,0,1,1,0,ok,"{""sentences"": [""I hear you."", ""We can pause here for a moment.""], ""safety"": ""ok""}",1,2176,1.580899999680696,0.013699999726668466,0.00020000061340397224,0.027300000510877,0.004499999704421498,1.631900000575115
882,d118_u0,neutral,train,118,0,random,3,1,1,0,0,0,1,1,0,ok,"{""sentences"": [""I hear you."", ""We can pause here for a moment.""], ""safety"": ""ok""}",1,2176,1.3219000002209214,0.012999999853491317,0.00030000046535860747,0.012599999536178075,0.004600000465870835,1.357300000563555
883,d118_u2,neutral,train,118,2,random,3,0,0,0,0,0,0,0,0,not_invoked,,1,2176,1.5327999999499298,0.012599999536178075,0.00019999970390927047,0.0008999995770864189,0.0045000006139162,1.5561000000161584
884,d118_u3,happy,train,118,3,random,3,0,0,0,0,0,0,0,0,not_invoked,,1,2176,1.5300000004572212,0.013099999705445953,0.0002999995558639057,0.0010000003385357559,0.004599999556376133,1.5538999996351777
885,d118_u4,angry,train,118,4,random,3,0,0,0,0,0,0,0,0,not_invoked,,1,2176,1.5017000005173031,0.03419999939069385,0.00030000046535860747,0.0010999992809956893,0.005399999281507917,1.5714000001025852
886,d118_u5,happy,train,118,5,random,3,0,0,0,0,0,0,0,0,not_invoked,,1,2176,1.6349000006812275,0.012999999853491317,0.0002999995558639057,0.000999999429041054,0.005000000783184078,1.6591000003245426
887,d119_u0,neutral,train,119,0,random,3,1,1,0,0,0,1,1,0,ok,"{""sentences"": [""I hear you."", ""We can pause here for a moment.""], ""safety"": ""ok""}",1,2176,1.5065999996295432,0.013500000022759195,0.00030000046535860747,0.013100000614940654,0.004499999704421498,1.5579999999317806
888,d119_u1,neutral,train,119,1,random,3,0,0,0,0,0,0,0,0,not_invoked,,1,2176,1.5398000005006907,0.012599999536178075,0.0002999995558639057,0.0008999995770864189,0.004699999408330768,1.5633000002708286
889,d119_u2,neutral,train,119,2,random,3,1,1,0,0,0,1,1,0,ok,"{""sentences"": [""I hear you."", ""We can pause here for a moment.""], ""safety"": ""ok""}",1,2176,1.59200000052806,0.012600000445672777,0.00030000046535860747,0.012399999832268804,0.004400000761961564,1.6265000003841124
890,d119_u3,neutral,train,119,3,random,3,0,0,0,0,0,0,0,0,not_invoked,,1,2176,1.2691000001723296,0.012800000149582047,0.00019999970390927047,0.0009000004865811206,0.004799999260285404,1.2925999999424675
891,d119_u4,sad,train,119,4,random,3,1,1,0,0,0,1,1,0,ok,"{""sentences"": [""I hear you."", ""We can pause here for a moment.""], ""safety"": ""ok""}",1,2176,1.3468999995893682,0.012999999853491317,0.00030000046535860747,0.012500000593718141,0.004499999704421498,1.3822999999320018
892,d119_u5,neutral,train,119,5,random,3,1,1,0,0,0,1,1,0,ok,"{""sentences"": [""I hear you."", ""We can pause here for a moment.""], ""safety"": ""ok""}",1,2176,1.4141000001473003,0.036299999919719994,0.0002999995558639057,0.012200000128359534,0.004300000000512227,1.4880999997330946
893,d119_u6,sad,train,119,6,random,3,1,1,0,0,0,1,1,0,ok,"{""sentences"": [""I hear you."", ""We can pause here for a moment.""], ""safety"": ""ok""}",1,2176,1.4497000001938432,0.012900000001536682,0.0002999995558639057,0.012299999980314169,0.004499999704421498,1.4847000002191635
894,d119_u8,neutral,train,119,8,random,3,0,0,0,0,0,0,0,0,not_invoked,,1,2176,1.410300000316056,0.012999999853491317,0.00019999970390927047,0.0008999995770864189,0.00470000031782547,1.4341999994940124
895,d119_u9,neutral,train,119,9,random,3,1,1,0,0,0,1,1,0,ok,"{""sentences"": [""I hear you."", ""We can pause here for a moment.""], ""safety"": ""ok""}",1,2176,1.7249000002266257,0.014299999747890979,0.00019999970390927047,0.01359999987471383,0.004900000021734741,1.7631999999139225
896,d119_u10,neutral,train,119,10,random,3,0,0,0,0,0,0,0,0,not_invoked,,1,2176,1.7505999994682497,0.029099999665049836,0.0002999995558639057,0.0008999995770864189,0.0045000006139162,1.7906000002767541
897,d119_u11,neutral,train,119,11,random,3,1,1,0,0,0,1,1,0,ok,"{""sentences"": [""I hear you."", ""We can pause here for a moment.""], ""safety"": ""ok""}",1,2176,1.5118999999685911,0.013800000488117803,0.00019999970390927047,0.013199999557400588,0.004599999556376133,1.5488999997614883
898,d119_u12,angry,train,119,12,random,3,1,1,0,0,0,1,1,0,ok,"{""sentences"": [""I hear you."", ""We can pause here for a moment.""], ""safety"": ""ok""}",1,2176,1.4732999998159357,0.012900000001536682,0.0002999995558639057,0.012399999832268804,0.004800000169780105,1.50859999939712
899,d120_u1,happy,train,120,1,random,3,0,0,0,0,0,0,0,0,not_invoked,,1,2176,1.4178999999785447,0.012900000001536682,0.00030000046535860747,0.0010000003385357559,0.00470000031782547,1.441500000510132
900,d120_u3,neutral,train,120,3,random,3,0,0,0,0,0,0,0,0,not_invoked,,1,2176,1.4045000007172348,0.012800000149582047,0.00019999970390927047,0.0009000004865811206,0.00470000031782547,1.4281000003393274
901,d120_u7,neutral,train,120,7,random,3,0,0,0,0,0,0,0,0,not_invoked,,1,2176,1.4602000001104898,0.01340000017080456,0.0002999995558639057,0.000999999429041054,0.00470000031782547,1.4848999999230728
902,d120_u8,neutral,train,120,8,random,3,0,0,0,0,0,0,0,0,not_invoked,,1,2176,1.4604000007238938,0.012700000297627412,0.00019999970390927047,0.0009000004865811206,0.004699999408330768,1.4839000004940317
903,d120_u9,neutral,train,120,9,random,3,1,1,0,0,0,1,1,0,ok,"{""sentences"": [""I hear you."", ""We can pause here for a moment.""], ""safety"": ""ok""}",1,2176,1.5343000004577334,0.014799999917158857,0.00030000046535860747,0.014599999303754885,0.004900000021734741,1.5746999997645617
904,d120_u10,neutral,train,120,10,random,3,1,1,0,0,0,1,1,0,ok,"{""sentences"": [""I hear you."", ""We can pause here for a moment.""], ""safety"": ""ok""}",1,2176,1.5544999996564002,0.041000000237545464,0.0002999995558639057,0.013299999409355223,0.004899999112240039,1.6190000005735783
905,d120_u11,neutral,train,120,11,random,3,0,0,0,0,0,0,0,0,not_invoked,,1,2176,1.6035000007832423,0.01359999987471383,0.00020000061340397224,0.0009000004865811206,0.00470000031782547,1.6279999999824213
906,d120_u12,neutral,train,120,12,random,3,0,0,0,0,0,0,0,0,not_invoked,,1,2176,1.5204999999696156,0.012600000445672777,0.0002999995558639057,0.0008999995770864189,0.00470000031782547,1.5438000000358443
907,d120_u13,neutral,train,120,13,random,3,1,1,0,0,0,1,1,0,ok,"{""sentences"": [""I hear you."", ""We can pause here for a moment.""], ""safety"": ""ok""}",1,2176,1.8958000000566244,0.012900000001536682,0.00020000061340397224,0.012000000424450263,0.004300000000512227,1.9302999999126769
908,d120_u14,neutral,train,120,14,random,3,1,1,0,0,0,1,1,0,ok,"{""sentences"": [""I hear you."", ""We can pause here for a moment.""], ""safety"": ""ok""}",1,2176,1.5271000002030632,0.012900000001536682,0.00020000061340397224,0.012800000149582047,0.004300000000512227,1.5622000000803382
909,d120_u15,neutral,train,120,15,random,3,1,1,0,0,0,1,1,0,ok,"{""sentences"": [""I hear you."", ""We can pause here for a moment.""], ""safety"": ""ok""}",1,2176,1.4737999999852036,0.01340000017080456,0.00030000046535860747,0.012600000445672777,0.004600000465870835,1.510000000052969
910,d121_u0,neutral,train,121,0,random,3,0,0,0,0,0,0,0,0,not_invoked,,1,2176,1.464200000555138,0.012999999853491317,0.00019999970390927047,0.0008999995770864189,0.004599999556376133,1.4880999997330946
911,d121_u1,happy,train,121,1,random,3,1,1,0,0,0,1,1,0,ok,"{""sentences"": [""I hear you."", ""We can pause here for a moment.""], ""safety"": ""ok""}",1,2176,1.5143000000534812,0.014100000043981709,0.00019999970390927047,0.013299999409355223,0.004799999260285404,1.5522000003329595
912,d121_u2,happy,train,121,2,random,3,1,1,0,0,0,1,1,0,ok,"{""sentences"": [""I hear you."", ""We can pause here for a moment.""], ""safety"": ""ok""}",1,2176,1.5256999995472142,0.013999999282532372,0.0002999995558639057,0.01359999987471383,0.004800000169780105,1.5634999999747379
913,d121_u5,angry,train,121,5,random,3,0,0,0,0,0,0,0,0,not_invoked,,1,2176,1.7377999993186677,0.016400000276917126,0.00030000046535860747,0.001100000190490391,0.004800000169780105,1.7669999997451669
914,d121_u6,neutral,train,121,6,random,3,1,1,0,0,0,1,1,0,ok,"{""sentences"": [""I hear you."", ""We can pause here for a moment.""], ""safety"": ""ok""}",1,2176,1.722900000459049,0.01269999938813271,0.0002999995558639057,0.013299999409355223,0.004600000465870835,1.7583999997441424
915,d121_u7,sad,train,121,7,random,3,1,1,0,0,0,1,1,0,ok,"{""sentences"": [""I hear you."", ""We can pause here for a moment.""], ""safety"": ""ok""}",1,2176,1.4137999996819417,0.012900000001536682,0.0002999995558639057,0.012200000128359534,0.004699999408330768,1.4488000006167567
916,d122_u2,neutral,train,122,2,random,3,0,0,0,0,0,0,0,0,not_invoked,,1,2176,1.5365000008387142,0.012900000001536682,0.00030000046535860747,0.0010000003385357559,0.004499999704421498,1.5599999996993574
917,d122_u3,neutral,train,122,3,random,3,0,0,0,0,0,0,0,0,not_invoked,,1,2176,1.509499999883701,0.012900000001536682,0.00019999970390927047,0.001100000190490391,0.004800000169780105,1.5336000005845563
918,d122_u4,neutral,train,122,4,random,3,0,0,0,0,0,0,0,0,not_invoked,,1,2176,1.3813000005029608,0.013900000340072438,0.00030000046535860747,0.0009000004865811206,0.00470000031782547,1.406200000019453
919,d122_u5,neutral,train,122,5,random,3,0,0,0,0,0,0,0,0,not_invoked,,1,2176,1.4152000003377907,0.01249999968422344,0.00020000061340397224,0.0010000003385357559,0.00470000031782547,1.438600000255974
920,d122_u6,neutral,train,122,6,random,3,1,1,0,0,0,1,1,0,ok,"{""sentences"": [""I hear you."", ""We can pause here for a moment.""], ""safety"": ""ok""}",1,2176,1.423199999408098,0.013300000318849925,0.00019999970390927047,0.012900000001536682,0.004600000465870835,1.4593000005334034
921,d122_u7,happy,train,122,7,random,3,0,0,0,0,0,0,0,0,not_invoked,,1,2176,2.022600000600505,0.011999999514955562,0.00019999970390927047,0.0009000004865811206,0.004300000000512227,2.044500000010885
922,d122_u8,happy,train,122,8,random,3,0,0,0,0,0,0,0,0,not_invoked,,1,2176,1.5154000002439716,0.014999999621068127,0.0002999995558639057,0.000999999429041054,0.005099999725644011,1.542199999676086
923,d122_u10,neutral,train,122,10,random,3,1,1,0,0,0,1,1,0,ok,"{""sentences"": [""I hear you."", ""We can pause here for a moment.""], ""safety"": ""ok""}",1,2176,1.5295999992304132,0.011699999959091656,0.00019999970390927047,0.012100000276404899,0.004099999387108255,1.5624000006937422
924,d122_u11,neutral,train,122,11,random,3,1,1,0,0,0,1,1,0,ok,"{""sentences"": [""I hear you."", ""We can pause here for a moment.""], ""safety"": ""ok""}",1,2176,1.4266000007410184,0.011699999959091656,0.00019999970390927047,0.011299999641778413,0.004100000296602957,1.4584999998987769
925,d122_u14,neutral,train,122,14,random,3,0,0,0,0,0,0,0,0,not_invoked,,1,2176,1.674799999818788,0.012200000128359534,0.00020000061340397224,0.0009000004865811206,0.004300000000512227,1.6973000001598848
926,d122_u15,neutral,train,122,15,random,3,0,0,0,0,0,0,0,0,not_invoked,,1,2176,1.3816999999107793,0.011500000255182385,0.00019999970390927047,0.0009000004865811206,0.004399999852466863,1.4031000000613858
927,d123_u1,angry,train,123,1,random,3,0,0,0,0,0,0,0,0,not_invoked,,1,2176,1.3214000000516535,0.012600000445672777,0.00019999970390927047,0.0008999995770864189,0.004799999260285404,1.3447999999698368
928,d123_u2,angry,train,123,2,random,3,1,1,0,0,0,1,1,0,ok,"{""sentences"": [""I hear you."", ""We can pause here for a moment.""], ""safety"": ""ok""}",1,2176,1.405900000463589,0.01300000076298602,0.00019999970390927047,0.01249999968422344,0.0045000006139162,1.4412000000447733
929,d123_u3,angry,train,123,3,random,3,0,0,0,0,0,0,0,0,not_invoked,,1,2176,1.652500000091095,0.040800000533636194,0.00039999940781854093,0.0013999997463542968,0.007200000254670158,1.7092999996748404
930,d123_u4,angry,train,123,4,random,3,1,1,0,0,0,1,1,0,ok,"{""sentences"": [""I hear you."", ""We can pause here for a moment.""], ""safety"": ""ok""}",1,2176,1.7866000007416005,0.013299999409355223,0.00019999970390927047,0.013199999557400588,0.004799999260285404,1.8231000003652298
931,d123_u5,neutral,train,123,5,random,3,1,1,0,0,0,1,1,0,ok,"{""sentences"": [""I hear you."", ""We can pause here for a moment.""], ""safety"": ""ok""}",1,2176,1.726099999359576,0.012999999853491317,0.00019999970390927047,0.012500000593718141,0.004399999852466863,1.7612999999983003
932,d123_u6,angry,train,123,6,random,3,0,0,0,0,0,0,0,0,not_invoked,,1,2176,1.6512000001966953,0.012700000297627412,0.00030000046535860747,0.0009000004865811206,0.004499999704421498,1.6743999995014747
933,d123_u7,neutral,train,123,7,random,3,0,0,0,0,0,0,0,0,not_invoked,,1,2176,1.4789000006203423,0.012799999240087345,0.0002999995558639057,0.0008999995770864189,0.00470000031782547,1.5026999999463442
934,d123_u8,angry,train,123,8,random,3,0,0,0,0,0,0,0,0,not_invoked,,1,2176,1.4625999992858851,0.013500000022759195,0.00019999970390927047,0.0008999995770864189,0.004900000021734741,1.4875000006213668
935,d123_u9,neutral,train,123,9,random,3,0,0,0,0,0,0,0,0,not_invoked,,1,2176,1.5205999998215702,0.012599999536178075,0.0002999995558639057,0.0008999995770864189,0.004400000761961564,1.543899999887799
936,d123_u10,angry,train,123,10,random,3,1,1,0,0,0,1,1,0,ok,"{""sentences"": [""I hear you."", ""We can pause here for a moment.""], ""safety"": ""ok""}",1,2176,1.5205999998215702,0.01359999987471383,0.00019999970390927047,0.01249999968422344,0.0045000006139162,1.556700000037381
937,d124_u0,happy,train,124,0,random,3,1,1,0,0,0,1,1,0,ok,"{""sentences"": [""I hear you."", ""We can pause here for a moment.""], ""safety"": ""ok""}",1,2176,1.4111000000411877,0.012700000297627412,0.00019999970390927047,0.012200000128359534,0.004300000000512227,1.4455000000452856
938,d124_u2,neutral,train,124,2,random,3,1,1,0,0,0,1,1,0,ok,"{""sentences"": [""I hear you."", ""We can pause here for a moment.""], ""safety"": ""ok""}",1,2176,1.4223999996829662,0.015100000382517464,0.0002999995558639057,0.013500000022759195,0.004900000021734741,1.4617999995607533
939,d124_u4,sad,train,124,4,random,3,0,0,0,0,0,0,0,0,not_invoked,,1,2176,2.1965000005366164,0.013099999705445953,0.0002999995558639057,0.0008999995770864189,0.004999999873689376,2.220800000031886
940,d124_u5,happy,train,124,5,random,3,1,1,0,0,0,1,1,0,ok,"{""sentences"": [""I hear you."", ""We can pause here for a moment.""], ""safety"": ""ok""}",1,2176,1.7674999999144347,0.015700000403739978,0.0002999995558639057,0.013699999726668466,0.004999999873689376,1.807800000278803
941,d124_u6,happy,train,124,6,random,3,1,1,0,0,0,1,1,0,ok,"{""sentences"": [""I hear you."", ""We can pause here for a moment.""], ""safety"": ""ok""}",1,2176,1.6807000001790584,0.013100000614940654,0.00019999970390927047,0.012200000128359534,0.004399999852466863,1.7152999998870655
942,d124_u8,sad,train,124,8,random,3,0,0,0,0,0,0,0,0,not_invoked,,1,2176,1.367299999401439,0.012999999853491317,0.00019999970390927047,0.0010000003385357559,0.004800000169780105,1.3911000005464302
943,d124_u9,neutral,train,124,9,random,3,1,1,0,0,0,1,1,0,ok,"{""sentences"": [""I hear you."", ""We can pause here for a moment.""], ""safety"": ""ok""}",1,2176,1.6190000005735783,0.013099999705445953,0.00019999970390927047,0.028399999791872688,0.018799999452312477,1.6843000003063935
944,d124_u10,neutral,train,124,10,random,3,1,1,0,0,0,1,1,0,ok,"{""sentences"": [""I hear you."", ""We can pause here for a moment.""], ""safety"": ""ok""}",1,2176,1.6417000006185845,0.012999999853491317,0.00030000046535860747,0.012100000276404899,0.004300000000512227,1.6762999994170968
945,d124_u11,happy,train,124,11,random,3,0,0,0,0,0,0,0,0,not_invoked,,1,2176,1.334800000222458,0.012900000001536682,0.0002999995558639057,0.0008999995770864189,0.00470000031782547,1.3584999996965053
946,d125_u0,happy,train,125,0,random,3,0,0,0,0,0,0,0,0,not_invoked,,1,2176,1.377199999296863,0.013500000022759195,0.00030000046535860747,0.0008999995770864189,0.004900000021734741,1.4019000000189408
947,d125_u1,neutral,train,125,1,random,3,1,1,0,0,0,1,1,0,ok,"{""sentences"": [""I hear you."", ""We can pause here for a moment.""], ""safety"": ""ok""}",1,2176,1.6173999993043253,0.014700000065204222,0.00019999970390927047,0.013800000488117803,0.005199999577598646,1.6568999999435619
948,d125_u2,neutral,train,125,2,random,3,1,1,0,0,0,1,1,0,ok,"{""sentences"": [""I hear you."", ""We can pause here for a moment.""], ""safety"": ""ok""}",1,2176,1.7658999995546765,0.013300000318849925,0.00019999970390927047,0.012600000445672777,0.004399999852466863,1.8017000002146233
949,d125_u4,neutral,train,125,4,random,3,0,0,0,0,0,0,0,0,not_invoked,,1,2176,1.442499999939173,0.012900000001536682,0.00019999970390927047,0.0008999995770864189,0.00470000031782547,1.4664000000266242
950,d125_u5,neutral,train,125,5,random,3,1,1,0,0,0,1,1,0,ok,"{""sentences"": [""I hear you."", ""We can pause here for a moment.""], ""safety"": ""ok""}",1,2176,1.2596000005942187,0.01249999968422344,0.00019999970390927047,0.011999999514955562,0.0045000006139162,1.293700000132958
951,d125_u6,neutral,train,125,6,random,3,1,1,0,0,0,1,1,0,ok,"{""sentences"": [""I hear you."", ""We can pause here for a moment.""], ""safety"": ""ok""}",1,2176,1.3331999998626998,0.012999999853491317,0.00019999970390927047,0.012600000445672777,0.004600000465870835,1.368700000057288
952,d125_u7,neutral,train,125,7,random,3,0,0,0,0,0,0,0,0,not_invoked,,1,2176,1.3499999995474354,0.012599999536178075,0.00030000046535860747,0.0010000003385357559,0.0045000006139162,1.3731999997617095
953,d126_u0,happy,train,126,0,random,3,0,0,0,0,0,0,0,0,not_invoked,,1,2176,1.4160000000629225,0.013300000318849925,0.0002999995558639057,0.0008999995770864189,0.004600000465870835,1.4402999995581922
954,d126_u1,angry,train,126,1,random,3,0,0,0,0,0,0,0,0,not_invoked,,1,2176,1.4054000002943212,0.012900000001536682,0.0002999995558639057,0.000999999429041054,0.00470000031782547,1.4290999997683684
955,d126_u2,happy,train,126,2,random,3,1,1,0,0,0,1,1,0,ok,"{""sentences"": [""I hear you."", ""We can pause here for a moment.""], ""safety"": ""ok""}",1,2176,1.3635000004796893,0.014200000805431046,0.00020000061340397224,0.013100000614940654,0.004900000021734741,1.4014999997016275
956,d126_u3,neutral,train,126,3,random,3,1,1,0,0,0,1,1,0,ok,"{""sentences"": [""I hear you."", ""We can pause here for a moment.""], ""safety"": ""ok""}",1,2176,1.3959999996586703,0.013399999261309858,0.00019999970390927047,0.01320000046689529,0.004800000169780105,1.4326999998957035
957,d126_u4,happy,train,126,4,random,3,0,0,0,0,0,0,0,0,not_invoked,,1,2176,1.573100000314298,0.013900000340072438,0.00030000046535860747,0.000999999429041054,0.004900000021734741,1.599000000169326
958,d126_u5,angry,train,126,5,random,3,0,0,0,0,0,0,0,0,not_invoked,,1,2176,1.539700000648736,0.012999999853491317,0.00019999970390927047,0.0008999995770864189,0.00470000031782547,1.5635999998266925
959,d126_u6,neutral,train,126,6,random,3,1,1,0,0,0,1,1,0,ok,"{""sentences"": [""I hear you."", ""We can pause here for a moment.""], ""safety"": ""ok""}",1,2176,1.6223000002355548,0.012999999853491317,0.00019999970390927047,0.013399999261309858,0.004499999704421498,1.6583999995418708
960,d126_u7,angry,train,126,7,random,3,0,0,0,0,0,0,0,0,not_invoked,,1,2176,1.2813000003006891,0.013099999705445953,0.00030000046535860747,0.000999999429041054,0.00470000031782547,1.3055999997959589
961,d126_u8,neutral,train,126,8,random,3,1,1,0,0,0,1,1,0,ok,"{""sentences"": [""I hear you."", ""We can pause here for a moment.""], ""safety"": ""ok""}",1,2176,1.4010000004418544,0.01340000017080456,0.0002999995558639057,0.012999999853491317,0.00470000031782547,1.4375999999174383
962,d126_u9,sad,train,126,9,random,3,0,0,0,0,0,0,0,0,not_invoked,,1,2176,1.408899999660207,0.012900000001536682,0.0002999995558639057,0.0009000004865811206,0.00470000031782547,1.4330000003610621
963,d126_u10,neutral,train,126,10,random,3,0,0,0,0,0,0,0,0,not_invoked,,1,2176,1.4806999997745152,0.013300000318849925,0.00020000061340397224,0.0010000003385357559,0.004800000169780105,1.5050000001792796
964,d126_u11,neutral,train,126,11,random,3,0,0,0,0,0,0,0,0,not_invoked,,1,2176,1.457700000173645,0.012999999853491317,0.00030000046535860747,0.0010000003385357559,0.004800000169780105,1.4817999999650056
965,d126_u12,angry,train,126,12,random,3,0,0,0,0,0,0,0,0,not_invoked,,1,2176,1.8195000002378947,0.014100000043981709,0.0002999995558639057,0.0009000004865811206,0.004800000169780105,1.8449999997756095
966,d127_u0,neutral,train,127,0,random,3,0,0,0,0,0,0,0,0,not_invoked,,1,2176,1.547799999570998,0.015099999473022763,0.00019999970390927047,0.0010000003385357559,0.005300000339047983,1.574800000526011
967,d128_u0,neutral,train,128,0,random,3,1,1,0,0,0,1,1,0,ok,"{""sentences"": [""I hear you."", ""We can pause here for a moment.""], ""safety"": ""ok""}",1,2176,1.486299999669427,0.012799999240087345,0.0002999995558639057,0.012999999853491317,0.004599999556376133,1.5220000004774192
968,d128_u1,neutral,train,128,1,random,3,1,1,0,0,0,1,1,0,ok,"{""sentences"": [""I hear you."", ""We can pause here for a moment.""], ""safety"": ""ok""}",1,2176,1.618600000256265,0.01269999938813271,0.0002999995558639057,0.012400000741763506,0.004200000148557592,1.6530000002603629
969,d128_u2,happy,train,128,2,random,3,0,0,0,0,0,0,0,0,not_invoked,,1,2176,1.5435999994224403,0.012999999853491317,0.0002999995558639057,0.0008999995770864189,0.004900000021734741,1.5679000007366994
970,d128_u3,happy,train,128,3,random,3,0,0,0,0,0,0,0,0,not_invoked,,1,2176,1.4831999997113599,0.01340000017080456,0.00020000061340397224,0.0009000004865811206,0.00470000031782547,1.5076999998200336
971,d128_u4,happy,train,128,4,random,3,1,1,0,0,0,1,1,0,ok,"{""sentences"": [""I hear you."", ""We can pause here for a moment.""], ""safety"": ""ok""}",1,2176,1.4259999998103012,0.012100000276404899,0.00019999970390927047,0.012100000276404899,0.004499999704421498,1.4598000007026712
972,d128_u5,happy,train,128,5,random,3,0,0,0,0,0,0,0,0,not_invoked,,1,2176,1.5090999995663879,0.04270000044925837,0.00019999970390927047,0.0008999995770864189,0.004599999556376133,1.5625999994881568
973,d128_u6,neutral,train,128,6,random,3,1,1,0,0,0,1,1,0,ok,"{""sentences"": [""I hear you."", ""We can pause here for a moment.""], ""safety"": ""ok""}",1,2176,1.4006000001245411,0.03479999941191636,0.0002999995558639057,0.012700000297627412,0.005099999725644011,1.4726999997947132
974,d128_u7,happy,train,128,7,random,3,1,1,0,0,0,1,1,0,ok,"{""sentences"": [""I hear you."", ""We can pause here for a moment.""], ""safety"": ""ok""}",1,2176,1.4240000000427244,0.01700000029813964,0.00019999970390927047,0.013799999578623101,0.004900000021734741,1.4658000000054017
975,d128_u8,neutral,train,128,8,random,3,0,0,0,0,0,0,0,0,not_invoked,,1,2176,1.856900000348105,0.013500000022759195,0.00030000046535860747,0.0009000004865811206,0.004800000169780105,1.881600000160688
976,d128_u9,happy,train,128,9,random,3,0,0,0,0,0,0,0,0,not_invoked,,1,2176,1.4316999995571678,0.013899999430577736,0.0002999995558639057,0.0010000003385357559,0.005199999577598646,1.4573000007658266
977,d129_u0,happy,train,129,0,random,3,0,0,0,0,0,0,0,0,not_invoked,,1,2176,1.7428999999538064,0.014000000192027073,0.0002999995558639057,0.000999999429041054,0.004900000021734741,1.7684000004010159
978,d129_u1,sad,train,129,1,random,3,1,1,0,0,0,1,1,0,ok,"{""sentences"": [""I hear you."", ""We can pause here for a moment.""], ""safety"": ""ok""}",1,2176,1.3941000006525428,0.012500000593718141,0.00019999970390927047,0.02949999998236308,0.004300000000512227,1.4455999998972402
979,d129_u2,sad,train,129,2,random,3,0,0,0,0,0,0,0,0,not_invoked,,1,2176,1.4854000000923406,0.012299999980314169,0.00019999970390927047,0.0009000004865811206,0.004699999408330768,1.5086000003066147
980,d129_u4,sad,train,129,4,random,3,0,0,0,0,0,0,0,0,not_invoked,,1,2176,1.4340000006995979,0.013399999261309858,0.00019999970390927047,0.0008999995770864189,0.004800000169780105,1.4585999997507315
981,d129_u5,angry,train,129,5,random,3,0,0,0,0,0,0,0,0,not_invoked,,1,2176,1.4316000006147078,0.01249999968422344,0.00019999970390927047,0.000999999429041054,0.004600000465870835,1.454600000215578
982,d129_u7,angry,train,129,7,random,3,1,1,0,0,0,1,1,0,ok,"{""sentences"": [""I hear you."", ""We can pause here for a moment.""], ""safety"": ""ok""}",1,2176,1.4289999999164138,0.013299999409355223,0.00019999970390927047,0.012700000297627412,0.004699999408330768,1.4651999999841792
983,d129_u8,neutral,train,129,8,random,3,1,1,0,0,0,1,1,0,ok,"{""sentences"": [""I hear you."", ""We can pause here for a moment.""], ""safety"": ""ok""}",1,2176,1.7748000000210595,0.015099999473022763,0.0002999995558639057,0.01359999987471383,0.005300000339047983,1.814100000046892
984,d129_u9,neutral,train,129,9,random,3,0,0,0,0,0,0,0,0,not_invoked,,1,2176,1.706000000012864,0.01320000046689529,0.00019999970390927047,0.0010000003385357559,0.004900000021734741,1.7305000001215376
985,d129_u10,angry,train,129,10,random,3,1,1,0,0,0,1,1,0,ok,"{""sentences"": [""I hear you."", ""We can pause here for a moment.""], ""safety"": ""ok""}",1,2176,1.4067000001887209,0.012399999832268804,0.00019999970390927047,0.011899999663000926,0.004300000000512227,1.4406000000235508
986,d129_u13,neutral,train,129,13,random,3,1,1,0,0,0,1,1,0,ok,"{""sentences"": [""I hear you."", ""We can pause here for a moment.""], ""safety"": ""ok""}",1,2176,1.4687000002595596,0.012799999240087345,0.0002999995558639057,0.012599999536178075,0.004300000000512227,1.50370000028488
987,d129_u14,neutral,train,129,14,random,3,1,1,0,0,0,1,1,0,ok,"{""sentences"": [""I hear you."", ""We can pause here for a moment.""], ""safety"": ""ok""}",1,2176,1.4414999996006372,0.012599999536178075,0.00020000061340397224,0.011900000572495628,0.004499999704421498,1.4756000000488712
988,d130_u0,happy,train,130,0,random,3,0,0,0,0,0,0,0,0,not_invoked,,1,2176,1.4077999994697166,0.012999999853491317,0.00030000046535860747,0.0010000003385357559,0.004600000465870835,1.431800000318617
989,d130_u1,neutral,train,130,1,random,3,0,0,0,0,0,0,0,0,not_invoked,,1,2176,1.445400000193331,0.01249999968422344,0.00019999970390927047,0.0010000003385357559,0.00470000031782547,1.4684999996461556
990,d130_u2,neutral,train,130,2,random,3,0,0,0,0,0,0,0,0,not_invoked,,1,2176,1.4625000003434252,0.02719999974942766,0.0002999995558639057,0.0008999995770864189,0.004499999704421498,1.5001000001575449
991,d130_u4,neutral,train,130,4,random,3,1,1,0,0,0,1,1,0,ok,"{""sentences"": [""I hear you."", ""We can pause here for a moment.""], ""safety"": ""ok""}",1,2176,1.4629999996031984,0.031399999897985253,0.00030000046535860747,0.012399999832268804,0.022899999748915434,1.5348999995694612
992,d130_u5,neutral,train,130,5,random,3,1,1,0,0,0,1,1,0,ok,"{""sentences"": [""I hear you."", ""We can pause here for a moment.""], ""safety"": ""ok""}",1,2176,1.591799999914656,0.04069999977218686,0.0002999995558639057,0.01269999938813271,0.004599999556376133,1.655199999731849
993,d130_u6,neutral,train,130,6,random,3,1,1,0,0,0,1,1,0,ok,"{""sentences"": [""I hear you."", ""We can pause here for a moment.""], ""safety"": ""ok""}",1,2176,1.5389999998660642,0.01249999968422344,0.0002999995558639057,0.012100000276404899,0.004599999556376133,1.5735000006316113
994,d130_u7,neutral,train,130,7,random,3,0,0,0,0,0,0,0,0,not_invoked,,1,2176,1.4438999996855273,0.012299999980314169,0.00019999970390927047,0.0007999997251317836,0.0045000006139162,1.4666000006400282
995,d130_u8,neutral,train,130,8,random,3,1,1,0,0,0,1,1,0,ok,"{""sentences"": [""I hear you."", ""We can pause here for a moment.""], ""safety"": ""ok""}",1,2176,1.3700999998036423,0.012200000128359534,0.00019999970390927047,0.011899999663000926,0.004499999704421498,1.403799999934563
996,d130_u10,neutral,train,130,10,random,3,1,1,0,0,0,1,1,0,ok,"{""sentences"": [""I hear you."", ""We can pause here for a moment.""], ""safety"": ""ok""}",1,2176,1.4793000000281609,0.012400000741763506,0.0002999995558639057,0.011700000868586358,0.004300000000512227,1.5125999998417683
997,d130_u12,neutral,train,130,12,random,3,0,0,0,0,0,0,0,0,not_invoked,,1,2176,1.4736000002812943,0.01359999987471383,0.00030000046535860747,0.0008999995770864189,0.004600000465870835,1.5140999994400772
998,d130_u13,neutral,train,130,13,random,3,1,1,0,0,0,1,1,0,ok,"{""sentences"": [""I hear you."", ""We can pause here for a moment.""], ""safety"": ""ok""}",1,2176,1.3593000003311317,0.013100000614940654,0.0002999995558639057,0.012100000276404899,0.004599999556376133,1.3942999994469574
999,d130_u14,neutral,train,130,14,random,3,0,0,0,0,0,0,0,0,not_invoked,,1,2176,1.52669999988575,0.013500000022759195,0.00030000046535860747,0.0010000003385357559,0.005099999725644011,1.5519000007770956
1000,d130_u15,neutral,train,130,15,random,3,1,1,0,0,0,1,1,0,ok,"{""sentences"": [""I hear you."", ""We can pause here for a moment.""], ""safety"": ""ok""}",1,2176,1.487499999711872,0.028200000087963417,0.0002999995558639057,0.012800000149582047,0.00470000031782547,1.5383999998448417
1001,d130_u17,happy,train,130,17,random,3,0,0,0,0,0,0,0,0,not_invoked,,1,2176,1.7061999997167732,0.016400000276917126,0.00030000046535860747,0.0010000003385357559,0.005800000508315861,1.735700000608631
1002,d131_u0,neutral,train,131,0,random,3,0,0,0,0,0,0,0,0,not_invoked,,1,2176,1.6947000003710855,0.02840000070136739,0.00030000046535860747,0.0009000004865811206,0.004999999873689376,1.734299999952782
1003,d131_u1,sad,train,131,1,random,3,1,1,0,0,0,1,1,0,ok,"{""sentences"": [""I hear you."", ""We can pause here for a moment.""], ""safety"": ""ok""}",1,2176,1.6687000006641028,0.012700000297627412,0.00030000046535860747,0.013100000614940654,0.004599999556376133,1.704500000414555
1004,d131_u2,neutral,train,131,2,random,3,1,1,0,0,0,1,1,0,ok,"{""sentences"": [""I hear you."", ""We can pause here for a moment.""], ""safety"": ""ok""}",1,2176,1.3534999998228159,0.014000000192027073,0.0002999995558639057,0.015199999324977398,0.004799999260285404,1.3926999999966938
1005,d132_u1,neutral,train,132,1,random,3,0,0,0,0,0,0,0,0,not_invoked,,1,2176,1.6853000006449292,0.013099999705445953,0.0002999995558639057,0.0012999998943996616,0.004900000021734741,1.7098999996960629
1006,d132_u2,sad,train,132,2,random,3,1,1,0,0,0,1,1,0,ok,"{""sentences"": [""I hear you."", ""We can pause here for a moment.""], ""safety"": ""ok""}",1,2176,1.3811999997415114,0.012600000445672777,0.00030000046535860747,0.012999999853491317,0.004399999852466863,1.416600000084145
1007,d132_u4,sad,train,132,4,random,3,0,0,0,0,0,0,0,0,not_invoked,,1,2176,1.5614999992976664,0.012399999832268804,0.00019999970390927047,0.0010000003385357559,0.004499999704421498,1.5843999999560765
1008,d132_u5,neutral,train,132,5,random,3,0,0,0,0,0,0,0,0,not_invoked,,1,2176,1.5066999994814978,0.01340000017080456,0.0002999995558639057,0.0009000004865811206,0.004499999704421498,1.5309999998862622
1009,d132_u6,sad,train,132,6,random,3,0,0,0,0,0,0,0,0,not_invoked,,1,2176,1.6685999999026535,0.01449999945180025,0.0002999995558639057,0.0008999995770864189,0.005199999577598646,1.6948000002230401
1010,d132_u7,neutral,train,132,7,random,3,0,0,0,0,0,0,0,0,not_invoked,,1,2176,1.8103000002156477,0.012999999853491317,0.00020000061340397224,0.0008999995770864189,0.004999999873689376,1.8344000000070082
1011,d132_u8,sad,train,132,8,random,3,1,1,0,0,0,1,1,0,ok,"{""sentences"": [""I hear you."", ""We can pause here for a moment.""], ""safety"": ""ok""}",1,2176,1.6401000002588262,0.012800000149582047,0.00020000061340397224,0.014199999895936344,0.004599999556376133,1.677199999903678
1012,d132_u9,neutral,train,132,9,random,3,0,0,0,0,0,0,0,0,not_invoked,,1,2176,1.5689000001657405,0.01269999938813271,0.0002999995558639057,0.0010000003385357559,0.00470000031782547,1.5928000002531917
1013,d132_u10,neutral,train,132,10,random,3,1,1,0,0,0,1,1,0,ok,"{""sentences"": [""I hear you."", ""We can pause here for a moment.""], ""safety"": ""ok""}",1,2176,1.8944000003102701,0.013500000022759195,0.0002999995558639057,0.01320000046689529,0.004499999704421498,1.9308999999338994
1014,d134_u0,neutral,train,134,0,random,3,0,0,0,0,0,0,0,0,not_invoked,,1,2176,1.4251000002332148,0.012500000593718141,0.0002999995558639057,0.001100000190490391,0.00470000031782547,1.4486999998553074
1015,d135_u0,neutral,train,135,0,random,3,0,0,0,0,0,0,0,0,not_invoked,,1,2176,1.5425000001414446,0.014600000213249587,0.0002999995558639057,0.000999999429041054,0.005399999281507917,1.5693000004830537
1016,d135_u1,neutral,train,135,1,random,3,0,0,0,0,0,0,0,0,not_invoked,,1,2176,1.4583000001948676,0.013100000614940654,0.00020000061340397224,0.0010000003385357559,0.005300000339047983,1.4830000000074506
1017,d135_u2,neutral,train,135,2,random,3,0,0,0,0,0,0,0,0,not_invoked,,1,2176,1.5839000006963033,0.016199999663513154,0.0002999995558639057,0.001100000190490391,0.006199999916134402,1.613500000530621
1018,d135_u4,neutral,train,135,4,random,3,1,1,0,0,0,1,1,0,ok,"{""sentences"": [""I hear you."", ""We can pause here for a moment.""], ""safety"": ""ok""}",1,2176,1.6247000003204448,0.01340000017080456,0.00030000046535860747,0.015099999473022763,0.005100000635138713,1.6636999998809188
1019,d135_u5,neutral,train,135,5,random,3,1,1,0,0,0,1,1,0,ok,"{""sentences"": [""I hear you."", ""We can pause here for a moment.""], ""safety"": ""ok""}",1,2176,1.511200000095414,0.014899999769113492,0.00020000061340397224,0.02969999968627235,0.004900000021734741,1.5671999999540276
1020,d135_u6,neutral,train,135,6,random,3,1,1,0,0,0,1,1,0,ok,"{""sentences"": [""I hear you."", ""We can pause here for a moment.""], ""safety"": ""ok""}",1,2176,1.4904999998179846,0.04400000034365803,0.00019999970390927047,0.011699999959091656,0.004400000761961564,1.5558000004602945
1021,d135_u7,neutral,train,135,7,random,3,1,1,0,0,0,1,1,0,ok,"{""sentences"": [""I hear you."", ""We can pause here for a moment.""], ""safety"": ""ok""}",1,2176,1.4926999992894707,0.01359999987471383,0.00030000046535860747,0.012999999853491317,0.004600000465870835,1.5294000004359987
1022,d135_u8,neutral,train,135,8,random,3,1,1,0,0,0,1,1,0,ok,"{""sentences"": [""I hear you."", ""We can pause here for a moment.""], ""safety"": ""ok""}",1,2176,1.504400000158057,0.0289999998130952,0.00020000061340397224,0.012399999832268804,0.004699999408330768,1.5558999994027545
1023,d136_u0,neutral,train,136,0,random,3,1,1,0,0,0,1,1,0,ok,"{""sentences"": [""I hear you."", ""We can pause here for a moment.""], ""safety"": ""ok""}",1,2176,1.5350999992733705,0.01340000017080456,0.00019999970390927047,0.012399999832268804,0.004499999704421498,1.5708999999333173
1024,d136_u1,neutral,train,136,1,random,3,1,1,0,0,0,1,1,0,ok,"{""sentences"": [""I hear you."", ""We can pause here for a moment.""], ""safety"": ""ok""}",1,2176,1.4609999998356216,0.013099999705445953,0.00020000061340397224,0.012100000276404899,0.004399999852466863,1.4956999993955833
1025,d136_u4,neutral,train,136,4,random,3,1,1,0,0,0,1,1,0,ok,"{""sentences"": [""I hear you."", ""We can pause here for a moment.""], ""safety"": ""ok""}",1,2176,1.3610999994853046,0.014000000192027073,0.00030000046535860747,0.01320000046689529,0.004800000169780105,1.398700000208919
1026,d136_u5,neutral,train,136,5,random,3,1,1,0,0,0,1,1,0,ok,"{""sentences"": [""I hear you."", ""We can pause here for a moment.""], ""safety"": ""ok""}",1,2176,1.4240000000427244,0.030299999707494862,0.00030000046535860747,0.02790000053209951,0.004600000465870835,1.492100000177743
1027,d137_u0,neutral,train,137,0,random,3,1,1,0,0,0,1,1,0,ok,"{""sentences"": [""I hear you."", ""We can pause here for a moment.""], ""safety"": ""ok""}",1,2176,1.692900000307418,0.015800000255694613,0.00030000046535860747,0.01469999915570952,0.005099999725644011,1.7344999996566912
1028,d137_u1,neutral,train,137,1,random,3,0,0,0,0,0,0,0,0,not_invoked,,1,2176,1.6788000002634362,0.012900000001536682,0.00030000046535860747,0.01649999921937706,0.004699999408330768,1.7181999992317287
1029,d137_u2,neutral,train,137,2,random,3,0,0,0,0,0,0,0,0,not_invoked,,1,2176,1.4423000002352637,0.013699999726668466,0.00019999970390927047,0.000999999429041054,0.005000000783184078,1.4676000000690692
1030,d137_u3,neutral,train,137,3,random,3,0,0,0,0,0,0,0,0,not_invoked,,1,2176,1.4039999996384722,0.013500000022759195,0.00020000061340397224,0.0010000003385357559,0.004900000021734741,1.4286999994510552
1031,d137_u4,happy,train,137,4,random,3,1,1,0,0,0,1,1,0,ok,"{""sentences"": [""I hear you."", ""We can pause here for a moment.""], ""safety"": ""ok""}",1,2176,1.4348000004247297,0.013899999430577736,0.00019999970390927047,0.013500000022759195,0.004800000169780105,1.4725999999427586
1032,d137_u5,neutral,train,137,5,random,3,1,1,0,0,0,1,1,0,ok,"{""sentences"": [""I hear you."", ""We can pause here for a moment.""], ""safety"": ""ok""}",1,2176,1.447300000108953,0.02930000027845381,0.00030000046535860747,0.02949999998236308,0.004399999852466863,1.5158999995037448
1033,d137_u6,happy,train,137,6,random,3,0,0,0,0,0,0,0,0,not_invoked,,1,2176,1.4321999997264356,0.01359999987471383,0.00030000046535860747,0.000999999429041054,0.004900000021734741,1.4574000006177812
1034,d137_u7,neutral,train,137,7,random,3,1,1,0,0,0,1,1,0,ok,"{""sentences"": [""I hear you."", ""We can pause here for a moment.""], ""safety"": ""ok""}",1,2176,1.4063999997233623,0.013199999557400588,0.0002999995558639057,0.012700000297627412,0.004800000169780105,1.442499999939173
1035,d138_u0,angry,train,138,0,random,3,1,1,0,0,0,1,1,0,ok,"{""sentences"": [""I hear you."", ""We can pause here for a moment.""], ""safety"": ""ok""}",1,2176,1.7864999999801512,0.014199999895936344,0.0002999995558639057,0.013899999430577736,0.004900000021734741,1.8251999999847612
1036,d138_u1,angry,train,138,1,random,3,1,1,0,0,0,1,1,0,ok,"{""sentences"": [""I hear you."", ""We can pause here for a moment.""], ""safety"": ""ok""}",1,2176,1.393199999256467,0.014500000361294951,0.00030000046535860747,0.013500000022759195,0.004900000021734741,1.432099999874481
1037,d138_u2,happy,train,138,2,random,3,1,1,0,0,0,1,1,0,ok,"{""sentences"": [""I hear you."", ""We can pause here for a moment.""], ""safety"": ""ok""}",1,2176,1.5458000007129158,0.02840000070136739,0.0002999995558639057,0.01249999968422344,0.004699999408330768,1.5969999994922546
1038,d138_u3,angry,train,138,3,random,3,1,1,0,0,0,1,1,0,ok,"{""sentences"": [""I hear you."", ""We can pause here for a moment.""], ""safety"": ""ok""}",1,2176,1.6105999993669684,0.01359999987471383,0.00019999970390927047,0.01249999968422344,0.004600000465870835,1.6467000004922738
1039,d138_u7,neutral,train,138,7,random,3,0,0,0,0,0,0,0,0,not_invoked,,1,2176,1.456799999687064,0.013099999705445953,0.0002999995558639057,0.0010000003385357559,0.004900000021734741,1.4815999993516016
1040,d138_u8,neutral,train,138,8,random,3,1,1,0,0,0,1,1,0,ok,"{""sentences"": [""I hear you."", ""We can pause here for a moment.""], ""safety"": ""ok""}",1,2176,1.4094999996814295,0.012999999853491317,0.00030000046535860747,0.012800000149582047,0.020400000721565448,1.4609999998356216
1041,d138_u9,neutral,train,138,9,random,3,1,1,0,0,0,1,1,0,ok,"{""sentences"": [""I hear you."", ""We can pause here for a moment.""], ""safety"": ""ok""}",1,2176,1.6482999999425374,0.013099999705445953,0.0002999995558639057,0.012099999366910197,0.004499999704421498,1.683499999671767
1042,d138_u10,happy,train,138,10,random,3,1,1,0,0,0,1,1,0,ok,"{""sentences"": [""I hear you."", ""We can pause here for a moment.""], ""safety"": ""ok""}",1,2176,1.2939999996888218,0.013600000784208532,0.0002999995558639057,0.012800000149582047,0.004900000021734741,1.3306000000739004
1043,d138_u11,angry,train,138,11,random,3,1,1,0,0,0,1,1,0,ok,"{""sentences"": [""I hear you."", ""We can pause here for a moment.""], ""safety"": ""ok""}",1,2176,1.421699999809789,0.013799999578623101,0.0002999995558639057,0.012900000001536682,0.004800000169780105,1.4589000002160901
1044,d138_u12,neutral,train,138,12,random,3,1,1,0,0,0,1,1,0,ok,"{""sentences"": [""I hear you."", ""We can pause here for a moment.""], ""safety"": ""ok""}",1,2176,1.4804000002186513,0.01449999945180025,0.00030000046535860747,0.015100000382517464,0.005199999577598646,1.5467000002900022
1045,d138_u14,neutral,train,138,14,random,3,0,0,0,0,0,0,0,0,not_invoked,,1,2176,1.6167000003406429,0.014799999917158857,0.00030000046535860747,0.000999999429041054,0.005199999577598646,1.6436999994766666
1046,d138_u15,angry,train,138,15,random,3,1,1,0,0,0,1,1,0,ok,"{""sentences"": [""I hear you."", ""We can pause here for a moment.""], ""safety"": ""ok""}",1,2176,1.5892999999778112,0.012500000593718141,0.0002999995558639057,0.013099999705445953,0.004600000465870835,1.6244999997070408
1047,d139_u0,neutral,train,139,0,random,3,0,0,0,0,0,0,0,0,not_invoked,,1,2176,1.4627000000473345,0.013500000022759195,0.00019999970390927047,0.0010000003385357559,0.004900000021734741,1.487700000325276
1048,d139_u1,neutral,train,139,1,random,3,0,0,0,0,0,0,0,0,not_invoked,,1,2176,1.4457000006586895,0.04580000040732557,0.00030000046535860747,0.0010000003385357559,0.004800000169780105,1.5026999999463442
1049,d139_u2,angry,train,139,2,random,3,1,1,0,0,0,1,1,0,ok,"{""sentences"": [""I hear you."", ""We can pause here for a moment.""], ""safety"": ""ok""}",1,2176,1.483800000642077,0.013900000340072438,0.00020000061340397224,0.01359999987471383,0.004800000169780105,1.521600000160106
1050,d139_u3,happy,train,139,3,random,3,1,1,0,0,0,1,1,0,ok,"{""sentences"": [""I hear you."", ""We can pause here for a moment.""], ""safety"": ""ok""}",1,2176,1.4094999996814295,0.012800000149582047,0.00020000061340397224,0.012100000276404899,0.004499999704421498,1.4440999993894366
1051,d139_u5,happy,train,139,5,random,3,0,0,0,0,0,0,0,0,not_invoked,,1,2176,1.4533000003211782,0.014100000043981709,0.00019999970390927047,0.001100000190490391,0.004999999873689376,1.478799999858893
1052,d140_u0,neutral,train,140,0,random,3,0,0,0,0,0,0,0,0,not_invoked,,1,2176,1.511499999651278,0.013399999261309858,0.01559999964229064,0.0009000004865811206,0.004900000021734741,1.5517000001636916
1053,d140_u1,neutral,train,140,1,random,3,1,1,0,0,0,1,1,0,ok,"{""sentences"": [""I hear you."", ""We can pause here for a moment.""], ""safety"": ""ok""}",1,2176,1.5718000004198984,0.015099999473022763,0.0004000003173132427,0.014299999747890979,0.004900000021734741,1.61260000004404
1054,d141_u0,neutral,train,141,0,random,3,0,0,0,0,0,0,0,0,not_invoked,,1,2176,1.5673999996579369,0.014000000192027073,0.00030000046535860747,0.0010000003385357559,0.005099999725644011,1.5932999995129649
1055,d141_u1,neutral,train,141,1,random,3,1,1,0,0,0,1,1,0,ok,"{""sentences"": [""I hear you."", ""We can pause here for a moment.""], ""safety"": ""ok""}",1,2176,1.4873999998599174,0.013899999430577736,0.0002999995558639057,0.013300000318849925,0.004800000169780105,1.5253000001393957
1056,d141_u2,neutral,train,141,2,random,3,1,1,0,0,0,1,1,0,ok,"{""sentences"": [""I hear you."", ""We can pause here for a moment.""], ""safety"": ""ok""}",1,2176,1.508299999841256,0.030100000003585592,0.00019999970390927047,0.011900000572495628,0.004399999852466863,1.5601999994032667
1057,d141_u3,neutral,train,141,3,random,3,0,0,0,0,0,0,0,0,not_invoked,,1,2176,1.4264000001276145,0.01359999987471383,0.00030000046535860747,0.000999999429041054,0.005000000783184078,1.4516000001094653
1058,d141_u4,neutral,train,141,4,random,3,0,0,0,0,0,0,0,0,not_invoked,,1,2176,1.4162999996187864,0.01359999987471383,0.00020000061340397224,0.0010000003385357559,0.004800000169780105,1.4572000000043772
1059,d141_u5,neutral,train,141,5,random,3,0,0,0,0,0,0,0,0,not_invoked,,1,2176,1.410000000760192,0.015899999198154546,0.00030000046535860747,0.0009000004865811206,0.004800000169780105,1.4375999999174383
1060,d141_u6,neutral,train,141,6,random,3,0,0,0,0,0,0,0,0,not_invoked,,1,2176,1.473900000746653,0.01629999951546779,0.0004000003173132427,0.001100000190490391,0.00670000008540228,1.5051999998831889
1061,d141_u7,neutral,train,141,7,random,3,0,0,0,0,0,0,0,0,not_invoked,,1,2176,1.8052000004900037,0.014199999895936344,0.00039999940781854093,0.001100000190490391,0.005300000339047983,1.831599999604805
1062,d142_u0,neutral,train,142,0,random,3,1,1,0,0,0,1,1,0,ok,"{""sentences"": [""I hear you."", ""We can pause here for a moment.""], ""safety"": ""ok""}",1,2176,1.8836000008377596,0.0183000001925393,0.0002999995558639057,0.022899999748915434,0.0073999999585794285,1.9398000004002824
1063,d142_u1,happy,train,142,1,random,3,1,1,0,0,0,1,1,0,ok,"{""sentences"": [""I hear you."", ""We can pause here for a moment.""], ""safety"": ""ok""}",1,2176,2.026099999966391,0.017700000171316788,0.00030000046535860747,0.016999999388644937,0.005500000042957254,2.0726000002468936
1064,d143_u0,neutral,train,143,0,random,3,0,0,0,0,0,0,0,0,not_invoked,,1,2176,1.9315000008646166,0.015900000107649248,0.0002999995558639057,0.001100000190490391,0.0054000001910026185,1.9603000000643078
1065,d143_u1,neutral,train,143,1,random,3,1,1,0,0,0,1,1,0,ok,"{""sentences"": [""I hear you."", ""We can pause here for a moment.""], ""safety"": ""ok""}",1,2176,1.9587000006140443,0.01320000046689529,0.0004000003173132427,0.014199999895936344,0.004900000021734741,1.9965000001320732
1066,d143_u2,sad,train,143,2,random,3,1,1,0,0,0,1,1,0,ok,"{""sentences"": [""I hear you."", ""We can pause here for a moment.""], ""safety"": ""ok""}",1,2176,1.866399999926216,0.012199999218864832,0.00020000061340397224,0.012000000424450263,0.018599999748403206,1.9141000002491637
1067,d143_u3,happy,train,143,3,random,3,0,0,0,0,0,0,0,0,not_invoked,,1,2176,1.575799999955052,0.012999999853491317,0.00030000046535860747,0.0010999992809956893,0.005199999577598646,1.6005999996195897
1068,d143_u4,neutral,train,143,4,random,3,1,1,0,0,0,1,1,0,ok,"{""sentences"": [""I hear you."", ""We can pause here for a moment.""], ""safety"": ""ok""}",1,2176,1.5413000000989996,0.012600000445672777,0.00030000046535860747,0.011900000572495628,0.004599999556376133,1.575799999955052
1069,d144_u0,neutral,train,144,0,random,3,1,1,0,0,0,1,1,0,ok,"{""sentences"": [""I hear you."", ""We can pause here for a moment.""], ""safety"": ""ok""}",1,2176,2.2056999996493687,0.013699999726668466,0.00020000061340397224,0.013100000614940654,0.004499999704421498,2.2424000007958966
1070,d144_u1,neutral,train,144,1,random,3,0,0,0,0,0,0,0,0,not_invoked,,1,2176,1.426499999979569,0.037200000406301115,0.0002999995558639057,0.0010999992809956893,0.005099999725644011,1.4756000000488712
1071,d144_u2,neutral,train,144,2,random,3,1,1,0,0,0,1,1,0,ok,"{""sentences"": [""I hear you."", ""We can pause here for a moment.""], ""safety"": ""ok""}",1,2176,1.6883999996935017,0.012200000128359534,0.00030000046535860747,0.011900000572495628,0.004399999852466863,1.7219999999724678
1072,d144_u3,neutral,train,144,3,random,3,1,1,0,0,0,1,1,0,ok,"{""sentences"": [""I hear you."", ""We can pause here for a moment.""], ""safety"": ""ok""}",1,2176,1.7505999994682497,0.012700000297627412,0.00019999970390927047,0.011799999811046291,0.004399999852466863,1.7849000005298876
1073,d144_u5,happy,train,144,5,random,3,0,0,0,0,0,0,0,0,not_invoked,,1,2176,1.5359999997599516,0.012200000128359534,0.00030000046535860747,0.0008999995770864189,0.004499999704421498,1.5585999999530031
1074,d145_u1,neutral,train,145,1,random,3,0,0,0,0,0,0,0,0,not_invoked,,1,2176,1.4172000001053675,0.012500000593718141,0.00019999970390927047,0.000999999429041054,0.004600000465870835,1.440099999854283
1075,d145_u2,angry,train,145,2,random,3,0,0,0,0,0,0,0,0,not_invoked,,1,2176,1.5006000003268127,0.013099999705445953,0.00019999970390927047,0.0008999995770864189,0.004900000021734741,1.5248999998220825
1076,d145_u3,neutral,train,145,3,random,3,1,1,0,0,0,1,1,0,ok,"{""sentences"": [""I hear you."", ""We can pause here for a moment.""], ""safety"": ""ok""}",1,2176,1.4836999998806277,0.01340000017080456,0.0002999995558639057,0.012800000149582047,0.004800000169780105,1.5202000004137517
1077,d145_u6,angry,train,145,6,random,3,0,0,0,0,0,0,0,0,not_invoked,,1,2176,1.5043000003061024,0.013100000614940654,0.0002999995558639057,0.0010000003385357559,0.004999999873689376,1.5285999998013722
1078,d145_u8,angry,train,145,8,random,3,0,0,0,0,0,0,0,0,not_invoked,,1,2176,1.6415000000051805,0.014199999895936344,0.00030000046535860747,0.0010000003385357559,0.005599999894911889,1.6684000001987442
1079,d145_u12,angry,train,145,12,random,3,1,1,0,0,0,1,1,0,ok,"{""sentences"": [""I hear you."", ""We can pause here for a moment.""], ""safety"": ""ok""}",1,2176,1.6560000003664754,0.013800000488117803,0.00030000046535860747,0.013900000340072438,0.004800000169780105,1.6940999994403683
1080,d145_u13,angry,train,145,13,random,3,0,0,0,0,0,0,0,0,not_invoked,,1,2176,1.5694000003350084,0.012600000445672777,0.00019999970390927047,0.0008999995770864189,0.004800000169780105,1.592799999343697
1081,d145_u14,happy,train,145,14,random,3,0,0,0,0,0,0,0,0,not_invoked,,1,2176,1.52669999988575,0.012900000001536682,0.0002999995558639057,0.0010000003385357559,0.004699999408330768,1.5507000007346505
1082,d145_u17,neutral,train,145,17,random,3,0,0,0,0,0,0,0,0,not_invoked,,1,2176,1.4852000003884314,0.013100000614940654,0.0002999995558639057,0.000999999429041054,0.004600000465870835,1.5089999997144332
1083,d146_u0,neutral,train,146,0,random,3,0,0,0,0,0,0,0,0,not_invoked,,1,2176,1.457999999729509,0.01320000046689529,0.00019999970390927047,0.0009000004865811206,0.004800000169780105,1.4823000001342734
1084,d146_u1,sad,train,146,1,random,3,1,1,0,0,0,1,1,0,ok,"{""sentences"": [""I hear you."", ""We can pause here for a moment.""], ""safety"": ""ok""}",1,2176,1.4462999997704173,0.012900000001536682,0.00020000061340397224,0.012999999853491317,0.004399999852466863,1.4818999998169602
1085,d146_u2,neutral,train,146,2,random,3,0,0,0,0,0,0,0,0,not_invoked,,1,2176,1.4602000001104898,0.013299999409355223,0.0002999995558639057,0.0008999995770864189,0.004800000169780105,1.4847000002191635
1086,d146_u3,angry,train,146,3,random,3,1,1,0,0,0,1,1,0,ok,"{""sentences"": [""I hear you."", ""We can pause here for a moment.""], ""safety"": ""ok""}",1,2176,1.4593000005334034,0.029100000574544538,0.00030000046535860747,0.012800000149582047,0.004699999408330768,1.5116000004127272
1087,d146_u4,neutral,train,146,4,random,3,0,0,0,0,0,0,0,0,not_invoked,,1,2176,1.52429999980086,0.015500000699830707,0.00030000046535860747,0.000999999429041054,0.005199999577598646,1.5518000000156462
1088,d146_u5,neutral,train,146,5,random,3,0,0,0,0,0,0,0,0,not_invoked,,1,2176,1.6892999992705882,0.030000000151630957,0.00020000061340397224,0.000999999429041054,0.005100000635138713,1.7310000002908055
1089,d146_u6,neutral,train,146,6,random,3,1,1,0,0,0,1,1,0,ok,"{""sentences"": [""I hear you."", ""We can pause here for a moment.""], ""safety"": ""ok""}",1,2176,1.5843000001041219,0.01340000017080456,0.00019999970390927047,0.013999999282532372,0.004699999408330768,1.6219000008277362
1090,d146_u7,neutral,train,146,7,random,3,1,1,0,0,0,1,1,0,ok,"{""sentences"": [""I hear you."", ""We can pause here for a moment.""], ""safety"": ""ok""}",1,2176,1.4155999997456092,0.013100000614940654,0.00020000061340397224,0.01249999968422344,0.004599999556376133,1.4510999999401974
1091,d146_u8,neutral,train,146,8,random,3,1,1,0,0,0,1,1,0,ok,"{""sentences"": [""I hear you."", ""We can pause here for a moment.""], ""safety"": ""ok""}",1,2176,1.4866000001347857,0.01320000046689529,0.0002999995558639057,0.012299999980314169,0.004599999556376133,1.5219000006254646
1092,d146_u9,sad,train,146,9,random,3,0,0,0,0,0,0,0,0,not_invoked,,1,2176,1.4616999997087987,0.01320000046689529,0.0002999995558639057,0.0008999995770864189,0.004799999260285404,1.4859999992040684
1093,d146_u10,sad,train,146,10,random,3,0,0,0,0,0,0,0,0,not_invoked,,1,2176,1.4932000003682333,0.01340000017080456,0.00030000046535860747,0.0010999992809956893,0.005199999577598646,1.5182999995886348
1094,d146_u11,sad,train,146,11,random,3,1,1,0,0,0,1,1,0,ok,"{""sentences"": [""I hear you."", ""We can pause here for a moment.""], ""safety"": ""ok""}",1,2176,1.4825999996901373,0.013099999705445953,0.00019999970390927047,0.012400000741763506,0.004599999556376133,1.517799999419367
1095,d146_u12,sad,train,146,12,random,3,1,1,0,0,0,1,1,0,ok,"{""sentences"": [""I hear you."", ""We can pause here for a moment.""], ""safety"": ""ok""}",1,2176,1.4433000005737995,0.014500000361294951,0.00020000061340397224,0.012900000001536682,0.004900000021734741,1.4811000000918284
1096,d147_u0,neutral,train,147,0,random,3,0,0,0,0,0,0,0,0,not_invoked,,1,2176,1.6272000002572895,0.016599999980826396,0.0002999995558639057,0.001100000190490391,0.005600000804406591,1.6568000000916072
1097,d147_u1,neutral,train,147,1,random,3,1,1,0,0,0,1,1,0,ok,"{""sentences"": [""I hear you."", ""We can pause here for a moment.""], ""safety"": ""ok""}",1,2176,1.406400000632857,0.013699999726668466,0.0002999995558639057,0.014000000192027073,0.004900000021734741,1.4443999998547952
1098,d147_u2,neutral,train,147,2,random,3,0,0,0,0,0,0,0,0,not_invoked,,1,2176,1.634600000215869,0.014000000192027073,0.0002999995558639057,0.000999999429041054,0.005099999725644011,1.660299999457493
1099,d147_u3,happy,train,147,3,random,3,0,0,0,0,0,0,0,0,not_invoked,,1,2176,1.4737999999852036,0.013300000318849925,0.00020000061340397224,0.0010000003385357559,0.004999999873689376,1.498600000559236
1100,d147_u5,happy,train,147,5,random,3,0,0,0,0,0,0,0,0,not_invoked,,1,2176,1.4392999992196565,0.012800000149582047,0.00019999970390927047,0.0010000003385357559,0.00470000031782547,1.4631000003646477
1101,d147_u9,neutral,train,147,9,random,3,0,0,0,0,0,0,0,0,not_invoked,,1,2176,1.4702999997098232,0.012999999853491317,0.00019999970390927047,0.0008999995770864189,0.004699999408330768,1.494200000706769
1102,d147_u10,neutral,train,147,10,random,3,0,0,0,0,0,0,0,0,not_invoked,,1,2176,1.5059999996083206,0.013500000022759195,0.0002999995558639057,0.0010000003385357559,0.004900000021734741,1.5307000003303983
1103,d147_u11,angry,train,147,11,random,3,1,1,0,0,0,1,1,0,ok,"{""sentences"": [""I hear you."", ""We can pause here for a moment.""], ""safety"": ""ok""}",1,2176,1.4153000001897453,0.012900000001536682,0.00019999970390927047,0.012600000445672777,0.004600000465870835,1.450499999918975
1104,d148_u0,angry,train,148,0,random,3,0,0,0,0,0,0,0,0,not_invoked,,1,2176,1.4812000008532777,0.014900000678608194,0.00030000046535860747,0.001100000190490391,0.005199999577598646,1.5079000004334375
1105,d148_u1,neutral,train,148,1,random,3,0,0,0,0,0,0,0,0,not_invoked,,1,2176,1.5413999999509542,0.014100000043981709,0.0002999995558639057,0.001100000190490391,0.0054000001910026185,1.56779999997525
1106,d148_u2,angry,train,148,2,random,3,1,1,0,0,0,1,1,0,ok,"{""sentences"": [""I hear you."", ""We can pause here for a moment.""], ""safety"": ""ok""}",1,2176,1.5391999995699734,0.014100000043981709,0.0002999995558639057,0.015099999473022763,0.004999999873689376,1.5793000002304325
1107,d148_u3,angry,train,148,3,random,3,0,0,0,0,0,0,0,0,not_invoked,,1,2176,1.5414999998029089,0.012800000149582047,0.0002999995558639057,0.0009000004865811206,0.004800000169780105,1.5648999997210922
1108,d148_u4,angry,train,148,4,random,3,1,1,0,0,0,1,1,0,ok,"{""sentences"": [""I hear you."", ""We can pause here for a moment.""], ""safety"": ""ok""}",1,2176,1.5277000002242858,0.013500000022759195,0.0002999995558639057,0.012800000149582047,0.004599999556376133,1.5640000001440058
1109,d148_u7,neutral,train,148,7,random,3,0,0,0,0,0,0,0,0,not_invoked,,1,2176,1.518000000032771,0.012900000001536682,0.00030000046535860747,0.0010000003385357559,0.004499999704421498,1.5417000004163128
1110,d148_u8,neutral,train,148,8,random,3,1,1,0,0,0,1,1,0,ok,"{""sentences"": [""I hear you."", ""We can pause here for a moment.""], ""safety"": ""ok""}",1,2176,1.462100000026112,0.013800000488117803,0.00019999970390927047,0.013099999705445953,0.004800000169780105,1.4991999996709637
1111,d148_u9,neutral,train,148,9,random,3,0,0,0,0,0,0,0,0,not_invoked,,1,2176,1.4506999996228842,0.012900000001536682,0.00030000046535860747,0.0009000004865811206,0.00470000031782547,1.4744999998583808
1112,d148_u10,neutral,train,148,10,random,3,1,1,0,0,0,1,1,0,ok,"{""sentences"": [""I hear you."", ""We can pause here for a moment.""], ""safety"": ""ok""}",1,2176,1.4309000007415307,0.012800000149582047,0.00019999970390927047,0.012600000445672777,0.004800000169780105,1.466200000322715
1113,d148_u11,neutral,train,148,11,random,3,1,1,0,0,0,1,1,0,ok,"{""sentences"": [""I hear you."", ""We can pause here for a moment.""], ""safety"": ""ok""}",1,2176,1.4792000001762062,0.013500000022759195,0.00030000046535860747,0.013100000614940654,0.004900000021734741,1.5159000004132395
1114,d148_u12,neutral,train,148,12,random,3,0,0,0,0,0,0,0,0,not_invoked,,1,2176,1.5597999999954482,0.014000000192027073,0.00019999970390927047,0.000999999429041054,0.005099999725644011,1.5851999996812083
1115,d148_u14,neutral,train,148,14,random,3,0,0,0,0,0,0,0,0,not_invoked,,1,2176,1.5842000002521672,0.013099999705445953,0.0002999995558639057,0.0010000003385357559,0.004800000169780105,1.6083999998954823
1116,d148_u16,neutral,train,148,16,random,3,0,0,0,0,0,0,0,0,not_invoked,,1,2176,1.5636999996786471,0.01359999987471383,0.00030000046535860747,0.0009000004865811206,0.004800000169780105,1.5885000002526795
1117,d148_u17,angry,train,148,17,random,3,1,1,0,0,0,1,1,0,ok,"{""sentences"": [""I hear you."", ""We can pause here for a moment.""], ""safety"": ""ok""}",1,2176,1.5081999999893014,0.012800000149582047,0.00020000061340397224,0.013099999705445953,0.00470000031782547,1.5441000005012029
1118,d148_u18,angry,train,148,18,random,3,0,0,0,0,0,0,0,0,not_invoked,,1,2176,1.5028999996502534,0.013700000636163168,0.00030000046535860747,0.0010000003385357559,0.004999999873689376,1.528100000541599
1119,d148_u19,sad,train,148,19,random,3,1,1,0,0,0,1,1,0,ok,"{""sentences"": [""I hear you."", ""We can pause here for a moment.""], ""safety"": ""ok""}",1,2176,1.5818000001672772,0.013199999557400588,0.00020000061340397224,0.012500000593718141,0.004599999556376133,1.617199999600416
1120,d148_u20,sad,train,148,20,random,3,1,1,0,0,0,1,1,0,ok,"{""sentences"": [""I hear you."", ""We can pause here for a moment.""], ""safety"": ""ok""}",1,2176,1.585200000590703,0.014000000192027073,0.0002999995558639057,0.013199999557400588,0.004799999260285404,1.6228000004048226
1121,d149_u0,sad,train,149,0,random,3,1,1,0,0,0,1,1,0,ok,"{""sentences"": [""I hear you."", ""We can pause here for a moment.""], ""safety"": ""ok""}",1,2176,1.5042999993966077,0.012800000149582047,0.0002999995558639057,0.012000000424450263,0.004399999852466863,1.538800000162155
1122,d149_u1,neutral,train,149,1,random,3,0,0,0,0,0,0,0,0,not_invoked,,1,2176,1.492100000177743,0.014799999917158857,0.00020000061340397224,0.0010000003385357559,0.005500000042957254,1.5190999993137666
1123,d149_u2,neutral,train,149,2,random,3,1,1,0,0,0,1,1,0,ok,"{""sentences"": [""I hear you."", ""We can pause here for a moment.""], ""safety"": ""ok""}",1,2176,1.6035999997257022,0.014299999747890979,0.0002999995558639057,0.014299999747890979,0.004900000021734741,1.6427999998995801
1124,d149_u3,happy,train,149,3,random,3,1,1,0,0,0,1,1,0,ok,"{""sentences"": [""I hear you."", ""We can pause here for a moment.""], ""safety"": ""ok""}",1,2176,1.5093000001797918,0.013100000614940654,0.0002999995558639057,0.012900000001536682,0.0045000006139162,1.5449000002263347
1125,d150_u1,neutral,train,150,1,random,3,1,1,0,0,0,1,1,0,ok,"{""sentences"": [""I hear you."", ""We can pause here for a moment.""], ""safety"": ""ok""}",1,2176,1.3741000002482906,0.012900000001536682,0.0002999995558639057,0.029299999368959107,0.004399999852466863,1.4258999999583466
1126,d150_u2,angry,train,150,2,random,3,1,1,0,0,0,1,1,0,ok,"{""sentences"": [""I hear you."", ""We can pause here for a moment.""], ""safety"": ""ok""}",1,2176,1.4413999997486826,0.012900000001536682,0.00019999970390927047,0.012700000297627412,0.004599999556376133,1.4768000000913162
1127,d150_u3,sad,train,150,3,random,3,0,0,0,0,0,0,0,0,not_invoked,,1,2176,1.4694000001327367,0.01300000076298602,0.0002999995558639057,0.0008999995770864189,0.004799999260285404,1.493300000220188
1128,d151_u0,happy,train,151,0,random,3,0,0,0,0,0,0,0,0,not_invoked,,1,2176,1.4946999999665422,0.014000000192027073,0.00030000046535860747,0.0010000003385357559,0.004900000021734741,1.5200999996523024
1129,d151_u1,happy,train,151,1,random,3,1,1,0,0,0,1,1,0,ok,"{""sentences"": [""I hear you."", ""We can pause here for a moment.""], ""safety"": ""ok""}",1,2176,1.470100000005914,0.012900000001536682,0.0002999995558639057,0.012100000276404899,0.004699999408330768,1.5051000000312342
1130,d151_u2,happy,train,151,2,random,3,0,0,0,0,0,0,0,0,not_invoked,,1,2176,1.4391000004252419,0.013899999430577736,0.00019999970390927047,0.000999999429041054,0.005000000783184078,1.4644000002590474
1131,d151_u3,happy,train,151,3,random,3,0,0,0,0,0,0,0,0,not_invoked,,1,2176,1.4465000003838213,0.013800000488117803,0.00030000046535860747,0.0009000004865811206,0.004999999873689376,1.4718000002176268
1132,d151_u7,neutral,train,151,7,random,3,0,0,0,0,0,0,0,0,not_invoked,,1,2176,1.5135000003283494,0.015100000382517464,0.0002999995558639057,0.0010999992809956893,0.005199999577598646,1.5403999996124185
1133,d151_u8,angry,train,151,8,random,3,0,0,0,0,0,0,0,0,not_invoked,,1,2176,1.6080999994301237,0.012999999853491317,0.00020000061340397224,0.0009000004865811206,0.004599999556376133,1.6317999998136656
1134,d151_u9,happy,train,151,9,random,3,1,1,0,0,0,1,1,0,ok,"{""sentences"": [""I hear you."", ""We can pause here for a moment.""], ""safety"": ""ok""}",1,2176,1.5406000002258224,0.013300000318849925,0.00019999970390927047,0.013699999726668466,0.004699999408330768,1.577500000166765
1135,d151_u10,neutral,train,151,10,random,3,0,0,0,0,0,0,0,0,not_invoked,,1,2176,1.4740999995410675,0.01269999938813271,0.0002999995558639057,0.000999999429041054,0.004699999408330768,1.49769999916316
1136,d151_u11,sad,train,151,11,random,3,0,0,0,0,0,0,0,0,not_invoked,,1,2176,1.547799999570998,0.013900000340072438,0.00019999970390927047,0.0010000003385357559,0.005099999725644011,1.5733000000182074
1137,d151_u12,neutral,train,151,12,random,3,0,0,0,0,0,0,0,0,not_invoked,,1,2176,1.5643999995518243,0.012900000001536682,0.0002999995558639057,0.0008999995770864189,0.004799999260285404,1.5882000006968156
1138,d151_u13,neutral,train,151,13,random,3,1,1,0,0,0,1,1,0,ok,"{""sentences"": [""I hear you."", ""We can pause here for a moment.""], ""safety"": ""ok""}",1,2176,1.4899999996487168,0.014000000192027073,0.00020000061340397224,0.013899999430577736,0.004999999873689376,1.5284999999494175
1139,d151_u15,neutral,train,151,15,random,3,1,1,0,0,0,1,1,0,ok,"{""sentences"": [""I hear you."", ""We can pause here for a moment.""], ""safety"": ""ok""}",1,2176,1.5217000000120606,0.012700000297627412,0.0002999995558639057,0.012200000128359534,0.004499999704421498,1.5561000000161584
1140,d151_u16,angry,train,151,16,random,3,1,1,0,0,0,1,1,0,ok,"{""sentences"": [""I hear you."", ""We can pause here for a moment.""], ""safety"": ""ok""}",1,2176,1.5916000002107467,0.014400000509340316,0.00030000046535860747,0.013299999409355223,0.005099999725644011,1.6300999996019527
1141,d151_u17,neutral,train,151,17,random,3,1,1,0,0,0,1,1,0,ok,"{""sentences"": [""I hear you."", ""We can pause here for a moment.""], ""safety"": ""ok""}",1,2176,1.6160000004674657,0.014700000065204222,0.00030000046535860747,0.01340000017080456,0.004900000021734741,1.6545999997106264
1142,d152_u1,happy,train,152,1,random,3,1,1,0,0,0,1,1,0,ok,"{""sentences"": [""I hear you."", ""We can pause here for a moment.""], ""safety"": ""ok""}",1,2176,1.6121999997267267,0.014600000213249587,0.00030000046535860747,0.01340000017080456,0.005000000783184078,1.651000000492786
1143,d152_u4,neutral,train,152,4,random,3,0,0,0,0,0,0,0,0,not_invoked,,1,2176,1.5646000001652283,0.013099999705445953,0.00020000061340397224,0.0010000003385357559,0.00470000031782547,1.5887999998085434
1144,d152_u5,neutral,train,152,5,random,3,0,0,0,0,0,0,0,0,not_invoked,,1,2176,1.5253000001393957,0.013699999726668466,0.00020000061340397224,0.0010000003385357559,0.004900000021734741,1.550199999655888
1145,d152_u6,neutral,train,152,6,random,3,1,1,0,0,0,1,1,0,ok,"{""sentences"": [""I hear you."", ""We can pause here for a moment.""], ""safety"": ""ok""}",1,2176,1.512400000137859,0.013100000614940654,0.00019999970390927047,0.012200000128359534,0.004399999852466863,1.54729999940173
1146,d152_u7,neutral,train,152,7,random,3,0,0,0,0,0,0,0,0,not_invoked,,1,2176,1.5096999995876104,0.014000000192027073,0.00020000061340397224,0.001100000190490391,0.005300000339047983,1.535899999907997
1147,d152_u9,sad,train,152,9,random,3,0,0,0,0,0,0,0,0,not_invoked,,1,2176,1.5238999994835467,0.013099999705445953,0.00030000046535860747,0.0009000004865811206,0.004900000021734741,1.5481000000363565
1148,d152_u10,sad,train,152,10,random,3,1,1,0,0,0,1,1,0,ok,"{""sentences"": [""I hear you."", ""We can pause here for a moment.""], ""safety"": ""ok""}",1,2176,1.4752999995835125,0.014399999599845614,0.00019999970390927047,0.013500000022759195,0.004799999260285404,1.5139000006456627
1149,d152_u11,sad,train,152,11,random,3,1,1,0,0,0,1,1,0,ok,"{""sentences"": [""I hear you."", ""We can pause here for a moment.""], ""safety"": ""ok""}",1,2176,1.524000000244996,0.013900000340072438,0.00019999970390927047,0.01359999987471383,0.004900000021734741,1.5621000002283836
1150,d153_u0,neutral,train,153,0,random,3,1,1,0,0,0,1,1,0,ok,"{""sentences"": [""I hear you."", ""We can pause here for a moment.""], ""safety"": ""ok""}",1,2176,1.5830000002097222,0.013500000022759195,0.0002999995558639057,0.013199999557400588,0.004699999408330768,1.6200000000026193
1151,d153_u1,happy,train,153,1,random,3,0,0,0,0,0,0,0,0,not_invoked,,1,2176,1.6335000000253785,0.012900000001536682,0.00019999970390927047,0.0008999995770864189,0.00470000031782547,1.6572999993513804
1152,d153_u2,neutral,train,153,2,random,3,1,1,0,0,0,1,1,0,ok,"{""sentences"": [""I hear you."", ""We can pause here for a moment.""], ""safety"": ""ok""}",1,2176,1.537300000563846,0.01340000017080456,0.00019999970390927047,0.012700000297627412,0.004800000169780105,1.5732000001662527
1153,d153_u3,neutral,train,153,3,random,3,0,0,0,0,0,0,0,0,not_invoked,,1,2176,1.4550000005328911,0.01249999968422344,0.00019999970390927047,0.0008999995770864189,0.004800000169780105,1.4783999995415797
1154,d153_u4,happy,train,153,4,random,3,1,1,0,0,0,1,1,0,ok,"{""sentences"": [""I hear you."", ""We can pause here for a moment.""], ""safety"": ""ok""}",1,2176,1.5904000001683016,0.013700000636163168,0.0002999995558639057,0.012999999853491317,0.004600000465870835,1.6273000001092441
1155,d153_u5,neutral,train,153,5,random,3,1,1,0,0,0,1,1,0,ok,"{""sentences"": [""I hear you."", ""We can pause here for a moment.""], ""safety"": ""ok""}",1,2176,1.5771999997014063,0.013099999705445953,0.00019999970390927047,0.012299999980314169,0.004600000465870835,1.61260000004404
1156,d153_u7,neutral,train,153,7,random,3,1,1,0,0,0,1,1,0,ok,"{""sentences"": [""I hear you."", ""We can pause here for a moment.""], ""safety"": ""ok""}",1,2176,1.3865000000805594,0.013300000318849925,0.00030000046535860747,0.012599999536178075,0.00470000031782547,1.4223999996829662
1157,d153_u9,neutral,train,153,9,random,3,1,1,0,0,0,1,1,0,ok,"{""sentences"": [""I hear you."", ""We can pause here for a moment.""], ""safety"": ""ok""}",1,2176,1.4750000000276486,0.014600000213249587,0.0002999995558639057,0.013900000340072438,0.004999999873689376,1.514599999609345
1158,d153_u10,angry,train,153,10,random,3,0,0,0,0,0,0,0,0,not_invoked,,1,2176,1.6428999997515348,0.01539999993838137,0.0002999995558639057,0.001100000190490391,0.005300000339047983,1.6704999998182757
1159,d153_u11,angry,train,153,11,random,3,0,0,0,0,0,0,0,0,not_invoked,,1,2176,1.7014000004564878,0.01320000046689529,0.00019999970390927047,0.0008999995770864189,0.00470000031782547,1.7252999996344442
1160,d153_u12,angry,train,153,12,random,3,1,1,0,0,0,1,1,0,ok,"{""sentences"": [""I hear you."", ""We can pause here for a moment.""], ""safety"": ""ok""}",1,2176,1.5705999994679587,0.013099999705445953,0.00030000046535860747,0.013700000636163168,0.004499999704421498,1.6074000004664413
1161,d154_u0,happy,train,154,0,random,3,1,1,0,0,0,1,1,0,ok,"{""sentences"": [""I hear you."", ""We can pause here for a moment.""], ""safety"": ""ok""}",1,2176,1.4784000004510744,0.012800000149582047,0.00019999970390927047,0.01249999968422344,0.00470000031782547,1.513600000180304
1162,d154_u1,happy,train,154,1,random,3,0,0,0,0,0,0,0,0,not_invoked,,1,2176,1.441500000510132,0.01320000046689529,0.00030000046535860747,0.001100000190490391,0.004999999873689376,1.466200000322715
1163,d154_u2,angry,train,154,2,random,3,1,1,0,0,0,1,1,0,ok,"{""sentences"": [""I hear you."", ""We can pause here for a moment.""], ""safety"": ""ok""}",1,2176,1.4101999995546066,0.012900000001536682,0.00019999970390927047,0.012299999980314169,0.004600000465870835,1.4453000003413763
1164,d154_u4,angry,train,154,4,random,3,0,0,0,0,0,0,0,0,not_invoked,,1,2176,1.4227000001483248,0.012700000297627412,0.0002999995558639057,0.000999999429041054,0.004699999408330768,1.4460999991570134
1165,d154_u6,angry,train,154,6,random,3,0,0,0,0,0,0,0,0,not_invoked,,1,2176,1.4211000006980612,0.028200000087963417,0.00019999970390927047,0.0008999995770864189,0.004599999556376133,1.4598999996451312
1166,d154_u7,angry,train,154,7,random,3,0,0,0,0,0,0,0,0,not_invoked,,1,2176,1.4678999996249331,0.013799999578623101,0.00030000046535860747,0.000999999429041054,0.005100000635138713,1.493300000220188
1167,d154_u8,neutral,train,154,8,random,3,0,0,0,0,0,0,0,0,not_invoked,,1,2176,1.5550999996776227,0.014399999599845614,0.00030000046535860747,0.0009000004865811206,0.005300000339047983,1.5812999999980093
1168,d155_u0,neutral,train,155,0,random,3,0,0,0,0,0,0,0,0,not_invoked,,1,2176,1.644500000111293,0.014700000065204222,0.00030000046535860747,0.0010000003385357559,0.005099999725644011,1.670900000135589
1169,d155_u1,neutral,train,155,1,random,3,1,1,0,0,0,1,1,0,ok,"{""sentences"": [""I hear you."", ""We can pause here for a moment.""], ""safety"": ""ok""}",1,2176,1.5630999996574246,0.012800000149582047,0.00020000061340397224,0.012800000149582047,0.004399999852466863,1.5984000001481036
1170,d155_u2,happy,train,155,2,random,3,0,0,0,0,0,0,0,0,not_invoked,,1,2176,1.4931000005162787,0.013799999578623101,0.00030000046535860747,0.0010999992809956893,0.004900000021734741,1.5185000002020388
1171,d155_u3,happy,train,155,3,random,3,1,1,0,0,0,1,1,0,ok,"{""sentences"": [""I hear you."", ""We can pause here for a moment.""], ""safety"": ""ok""}",1,2176,1.4755000001969165,0.012900000001536682,0.00019999970390927047,0.012299999980314169,0.004499999704421498,1.5101999997568782
1172,d155_u4,happy,train,155,4,random,3,0,0,0,0,0,0,0,0,not_invoked,,1,2176,1.396099999510625,0.012999999853491317,0.00030000046535860747,0.0010000003385357559,0.004800000169780105,1.4198999997461215
1173,d155_u6,neutral,train,155,6,random,3,1,1,0,0,0,1,1,0,ok,"{""sentences"": [""I hear you."", ""We can pause here for a moment.""], ""safety"": ""ok""}",1,2176,1.3819000005241833,0.02930000027845381,0.00019999970390927047,0.012199999218864832,0.004900000021734741,1.4332000000649714
1174,d155_u7,happy,train,155,7,random,3,1,1,0,0,0,1,1,0,ok,"{""sentences"": [""I hear you."", ""We can pause here for a moment.""], ""safety"": ""ok""}",1,2176,1.4428000004045316,0.013300000318849925,0.00019999970390927047,0.012900000001536682,0.00470000031782547,1.4786000001549837
1175,d155_u9,happy,train,155,9,random,3,1,1,0,0,0,1,1,0,ok,"{""sentences"": [""I hear you."", ""We can pause here for a moment.""], ""safety"": ""ok""}",1,2176,1.4298999994935002,0.013699999726668466,0.00030000046535860747,0.013099999705445953,0.004800000169780105,1.466699999582488
1176,d155_u10,neutral,train,155,10,random,3,0,0,0,0,0,0,0,0,not_invoked,,1,2176,1.588899999660498,0.014899999769113492,0.00030000046535860747,0.000999999429041054,0.005199999577598646,1.616400000784779
1177,d155_u11,neutral,train,155,11,random,3,1,1,0,0,0,1,1,0,ok,"{""sentences"": [""I hear you."", ""We can pause here for a moment.""], ""safety"": ""ok""}",1,2176,1.5922000002319692,0.013199999557400588,0.00019999970390927047,0.012700000297627412,0.004599999556376133,1.62830000044778
1178,d155_u12,neutral,train,155,12,random,3,1,1,0,0,0,1,1,0,ok,"{""sentences"": [""I hear you."", ""We can pause here for a moment.""], ""safety"": ""ok""}",1,2176,1.4656000003014924,0.012999999853491317,0.00030000046535860747,0.012800000149582047,0.004600000465870835,1.5014000000519445
1179,d156_u0,sad,train,156,0,random,3,1,1,0,0,0,1,1,0,ok,"{""sentences"": [""I hear you."", ""We can pause here for a moment.""], ""safety"": ""ok""}",1,2176,1.4810000002398738,0.013199999557400588,0.0002999995558639057,0.012800000149582047,0.004599999556376133,1.5171000004556845
1180,d156_u1,angry,train,156,1,random,3,1,1,0,0,0,1,1,0,ok,"{""sentences"": [""I hear you."", ""We can pause here for a moment.""], ""safety"": ""ok""}",1,2176,1.5204999999696156,0.014400000509340316,0.00030000046535860747,0.012900000001536682,0.004800000169780105,1.5580999997837353
1181,d156_u3,angry,train,156,3,random,3,1,1,0,0,0,1,1,0,ok,"{""sentences"": [""I hear you."", ""We can pause here for a moment.""], ""safety"": ""ok""}",1,2176,1.5095000007931958,0.012900000001536682,0.00030000046535860747,0.011899999663000926,0.004499999704421498,1.5438000000358443
1182,d156_u4,neutral,train,156,4,random,3,0,0,0,0,0,0,0,0,not_invoked,,1,2176,1.4521000002787332,0.012900000001536682,0.00030000046535860747,0.0009000004865811206,0.00470000031782547,1.4757999997527804
1183,d156_u6,neutral,train,156,6,random,3,1,1,0,0,0,1,1,0,ok,"{""sentences"": [""I hear you."", ""We can pause here for a moment.""], ""safety"": ""ok""}",1,2176,1.452900000003865,0.012299999980314169,0.00030000046535860747,0.011999999514955562,0.0045000006139162,1.486799999838695
1184,d156_u9,happy,train,156,9,random,3,0,0,0,0,0,0,0,0,not_invoked,,1,2176,1.5493999999307562,0.014799999917158857,0.00019999970390927047,0.0010000003385357559,0.005300000339047983,1.5763999999762746
1185,d156_u10,neutral,train,156,10,random,3,0,0,0,0,0,0,0,0,not_invoked,,1,2176,1.5423999993799953,0.014199999895936344,0.00030000046535860747,0.000999999429041054,0.005100000635138713,1.5681000004406087
1186,d156_u11,neutral,train,156,11,random,3,0,0,0,0,0,0,0,0,not_invoked,,1,2176,1.4557999993485282,0.014400000509340316,0.00030000046535860747,0.0009000004865811206,0.004900000021734741,1.4817999999650056
1187,d157_u0,happy,train,157,0,random,3,0,0,0,0,0,0,0,0,not_invoked,,1,2176,1.5282999993360136,0.028899999961140566,0.0002999995558639057,0.0010000003385357559,0.005099999725644011,1.584999999977299
1188,d157_u1,happy,train,157,1,random,3,1,1,0,0,0,1,1,0,ok,"{""sentences"": [""I hear you."", ""We can pause here for a moment.""], ""safety"": ""ok""}",1,2176,1.4542999997502193,0.014500000361294951,0.00030000046535860747,0.01430000065738568,0.004900000021734741,1.4939000002414105
1189,d157_u2,happy,train,157,2,random,3,1,1,0,0,0,1,1,0,ok,"{""sentences"": [""I hear you."", ""We can pause here for a moment.""], ""safety"": ""ok""}",1,2176,1.3946999997642706,0.013699999726668466,0.0002999995558639057,0.013300000318849925,0.004900000021734741,1.4324999992822995
1190,d158_u1,neutral,train,158,1,random,3,0,0,0,0,0,0,0,0,not_invoked,,1,2176,1.4366999994308571,0.013099999705445953,0.00030000046535860747,0.0010000003385357559,0.004900000021734741,1.460899999983667
1191,d158_u2,neutral,train,158,2,random,3,0,0,0,0,0,0,0,0,not_invoked,,1,2176,1.4092999999775202,0.01269999938813271,0.00019999970390927047,0.0008999995770864189,0.004600000465870835,1.4325000001917942
1192,d158_u6,sad,train,158,6,random,3,0,0,0,0,0,0,0,0,not_invoked,,1,2176,1.473700000133249,0.012900000001536682,0.00020000061340397224,0.000999999429041054,0.004999999873689376,1.4977999999246094
1193,d158_u8,neutral,train,158,8,random,3,0,0,0,0,0,0,0,0,not_invoked,,1,2176,1.4717000003656722,0.013600000784208532,0.00019999970390927047,0.0009000004865811206,0.005099999725644011,1.496999999289983
1194,d159_u0,happy,train,159,0,random,3,1,1,0,0,0,1,1,0,ok,"{""sentences"": [""I hear you."", ""We can pause here for a moment.""], ""safety"": ""ok""}",1,2176,1.5169999996942352,0.014900000678608194,0.0002999995558639057,0.014700000065204222,0.005200000487093348,1.5578000002278714
1195,d159_u2,happy,train,159,2,random,3,1,1,0,0,0,1,1,0,ok,"{""sentences"": [""I hear you."", ""We can pause here for a moment.""], ""safety"": ""ok""}",1,2176,1.5846999995119404,0.012999999853491317,0.00020000061340397224,0.012500000593718141,0.004599999556376133,1.6201000007640687
1196,d159_u3,happy,train,159,3,random,3,1,1,0,0,0,1,1,0,ok,"{""sentences"": [""I hear you."", ""We can pause here for a moment.""], ""safety"": ""ok""}",1,2176,1.5659999999115826,0.01359999987471383,0.00019999970390927047,0.012700000297627412,0.00470000031782547,1.6028000000005704
1197,d159_u5,happy,train,159,5,random,3,0,0,0,0,0,0,0,0,not_invoked,,1,2176,1.4449999998760177,0.012999999853491317,0.00030000046535860747,0.0009000004865811206,0.00470000031782547,1.4688000001115142
1198,d159_u6,happy,train,159,6,random,3,1,1,0,0,0,1,1,0,ok,"{""sentences"": [""I hear you."", ""We can pause here for a moment.""], ""safety"": ""ok""}",1,2176,1.3945000000603613,0.012800000149582047,0.00030000046535860747,0.012100000276404899,0.004400000761961564,1.429400000233727
1199,d159_u7,happy,train,159,7,random,3,1,1,0,0,0,1,1,0,ok,"{""sentences"": [""I hear you."", ""We can pause here for a moment.""], ""safety"": ""ok""}",1,2176,1.4684000007036957,0.012700000297627412,0.00019999970390927047,0.011999999514955562,0.0045000006139162,1.5026000000943895
1200,d159_u8,happy,train,159,8,random,3,1,1,0,0,0,1,1,0,ok,"{""sentences"": [""I hear you."", ""We can pause here for a moment.""], ""safety"": ""ok""}",1,2176,1.6124000003401306,0.014400000509340316,0.00019999970390927047,0.013500000022759195,0.004800000169780105,1.6503999995620688
1201,d159_u9,neutral,train,159,9,random,3,0,0,0,0,0,0,0,0,not_invoked,,1,2176,1.5488999997614883,0.013500000022759195,0.00020000061340397224,0.0010000003385357559,0.005200000487093348,1.5740999997433391
1202,d160_u0,neutral,train,160,0,random,3,0,0,0,0,0,0,0,0,not_invoked,,1,2176,1.393600000483275,0.013799999578623101,0.0002999995558639057,0.000999999429041054,0.005099999725644011,1.4188999994075857
1203,d160_u1,happy,train,160,1,random,3,1,1,0,0,0,1,1,0,ok,"{""sentences"": [""I hear you."", ""We can pause here for a moment.""], ""safety"": ""ok""}",1,2176,1.5402999997604638,0.014199999895936344,0.0002999995558639057,0.014399999599845614,0.004900000021734741,1.5794000000823871
1204,d160_u2,neutral,train,160,2,random,3,0,0,0,0,0,0,0,0,not_invoked,,1,2176,1.5199999998003477,0.013500000022759195,0.00030000046535860747,0.0010000003385357559,0.005199999577598646,1.5449000002263347
1205,d160_u3,neutral,train,160,3,random,3,1,1,0,0,0,1,1,0,ok,"{""sentences"": [""I hear you."", ""We can pause here for a moment.""], ""safety"": ""ok""}",1,2176,1.523099999758415,0.012900000001536682,0.0002999995558639057,0.011899999663000926,0.004400000761961564,1.557399999910558
1206,d160_u4,neutral,train,160,4,random,3,0,0,0,0,0,0,0,0,not_invoked,,1,2176,1.5231000006679096,0.013299999409355223,0.0002999995558639057,0.000999999429041054,0.005099999725644011,1.5476999997190433
1207,d160_u5,sad,train,160,5,random,3,1,1,0,0,0,1,1,0,ok,"{""sentences"": [""I hear you."", ""We can pause here for a moment.""], ""safety"": ""ok""}",1,2176,1.4130999998087646,0.01320000046689529,0.00020000061340397224,0.012299999980314169,0.004699999408330768,1.4486000000033528
1208,d160_u7,neutral,train,160,7,random,3,1,1,0,0,0,1,1,0,ok,"{""sentences"": [""I hear you."", ""We can pause here for a moment.""], ""safety"": ""ok""}",1,2176,1.4685999994981103,0.013399999261309858,0.00019999970390927047,0.01269999938813271,0.004499999704421498,1.5045000000100117
1209,d160_u8,sad,train,160,8,random,3,0,0,0,0,0,0,0,0,not_invoked,,1,2176,1.4726999997947132,0.012900000001536682,0.00030000046535860747,0.0009000004865811206,0.004800000169780105,1.4965999998821644
1210,d160_u10,happy,train,160,10,random,3,0,0,0,0,0,0,0,0,not_invoked,,1,2176,1.4189000003170804,0.01340000017080456,0.0002999995558639057,0.000999999429041054,0.005100000635138713,1.4436000001296634
1211,d160_u11,neutral,train,160,11,random,3,1,1,0,0,0,1,1,0,ok,"{""sentences"": [""I hear you."", ""We can pause here for a moment.""], ""safety"": ""ok""}",1,2176,1.3963999999759835,0.013300000318849925,0.0002999995558639057,0.013100000614940654,0.004800000169780105,1.449000000320666
1212,d160_u12,happy,train,160,12,random,3,0,0,0,0,0,0,0,0,not_invoked,,1,2176,1.4208000002327026,0.014299999747890979,0.0002999995558639057,0.001100000190490391,0.02320000021427404,1.4650000002802699
1213,d160_u13,neutral,train,160,13,random,3,0,0,0,0,0,0,0,0,not_invoked,,1,2176,1.6323999998348881,0.0304000004689442,0.00030000046535860747,0.000999999429041054,0.005000000783184078,1.6743000005590147
1214,d160_u14,neutral,train,160,14,random,3,0,0,0,0,0,0,0,0,not_invoked,,1,2176,1.5159999993556994,0.014399999599845614,0.0002999995558639057,0.001100000190490391,0.004900000021734741,1.5422000005855807
1215,d160_u15,sad,train,160,15,random,3,1,1,0,0,0,1,1,0,ok,"{""sentences"": [""I hear you."", ""We can pause here for a moment.""], ""safety"": ""ok""}",1,2176,1.3578999996752827,0.013799999578623101,0.00030000046535860747,0.014000000192027073,0.004599999556376133,1.395799999954761
1216,d160_u16,sad,train,160,16,random,3,0,0,0,0,0,0,0,0,not_invoked,,1,2176,1.4811000000918284,0.013500000022759195,0.00019999970390927047,0.0008999995770864189,0.005099999725644011,1.5059999996083206
1217,d160_u17,neutral,train,160,17,random,3,0,0,0,0,0,0,0,0,not_invoked,,1,2176,1.4191999998729443,0.012900000001536682,0.00020000061340397224,0.0010000003385357559,0.004600000465870835,1.4429000002564862
1218,d160_u18,neutral,train,160,18,random,3,1,1,0,0,0,1,1,0,ok,"{""sentences"": [""I hear you."", ""We can pause here for a moment.""], ""safety"": ""ok""}",1,2176,1.4325999991342542,0.01340000017080456,0.00019999970390927047,0.012900000001536682,0.004999999873689376,1.4693000002807821
1219,d161_u0,neutral,train,161,0,random,3,0,0,0,0,0,0,0,0,not_invoked,,1,2176,1.4089000005697017,0.028200000087963417,0.0002999995558639057,0.0008999995770864189,0.004699999408330768,1.4484000002994435
1220,d161_u1,happy,train,161,1,random,3,1,1,0,0,0,1,1,0,ok,"{""sentences"": [""I hear you."", ""We can pause here for a moment.""], ""safety"": ""ok""}",1,2176,1.4684999996461556,0.028200000087963417,0.00019999970390927047,0.012599999536178075,0.0045000006139162,1.5190000003713067
1221,d161_u2,neutral,train,161,2,random,3,1,1,0,0,0,1,1,0,ok,"{""sentences"": [""I hear you."", ""We can pause here for a moment.""], ""safety"": ""ok""}",1,2176,1.6482000000905828,0.013900000340072438,0.00020000061340397224,0.012800000149582047,0.004800000169780105,1.6848999994181213
1222,d161_u3,neutral,train,161,3,random,3,0,0,0,0,0,0,0,0,not_invoked,,1,2176,1.6276999995170627,0.013099999705445953,0.0002999995558639057,0.000999999429041054,0.004900000021734741,1.6519999999218271
1223,d161_u4,neutral,train,161,4,random,3,0,0,0,0,0,0,0,0,not_invoked,,1,2176,1.4565000001312,0.01249999968422344,0.00030000046535860747,0.0009000004865811206,0.004499999704421498,1.4796000004935195
1224,d162_u0,neutral,train,162,0,random,3,0,0,0,0,0,0,0,0,not_invoked,,1,2176,1.5330999995057937,0.012399999832268804,0.0002999995558639057,0.0010000003385357559,0.004399999852466863,1.5561000000161584
1225,d162_u1,neutral,train,162,1,random,3,0,0,0,0,0,0,0,0,not_invoked,,1,2176,1.5279999997801497,0.012999999853491317,0.0002999995558639057,0.0008999995770864189,0.021800000467919745,1.5688000003137859
1226,d163_u0,neutral,train,163,0,random,3,1,1,0,0,0,1,1,0,ok,"{""sentences"": [""I hear you."", ""We can pause here for a moment.""], ""safety"": ""ok""}",1,2176,1.6401000002588262,0.013300000318849925,0.00030000046535860747,0.012900000001536682,0.004300000000512227,1.6758999990997836
1227,d163_u1,angry,train,163,1,random,3,0,0,0,0,0,0,0,0,not_invoked,,1,2176,1.6342000008080504,0.013099999705445953,0.00030000046535860747,0.0010000003385357559,0.004600000465870835,1.6579000002820976
1228,d163_u3,angry,train,163,3,random,3,1,1,0,0,0,1,1,0,ok,"{""sentences"": [""I hear you."", ""We can pause here for a moment.""], ""safety"": ""ok""}",1,2176,1.4513999994960614,0.012600000445672777,0.00020000061340397224,0.012299999980314169,0.004399999852466863,1.4856000007057446
1229,d163_u5,neutral,train,163,5,random,3,0,0,0,0,0,0,0,0,not_invoked,,1,2176,1.5310999997382169,0.012900000001536682,0.0002999995558639057,0.0008999995770864189,0.004699999408330768,1.5548999999737134
1230,d163_u6,neutral,train,163,6,random,3,1,1,0,0,0,1,1,0,ok,"{""sentences"": [""I hear you."", ""We can pause here for a moment.""], ""safety"": ""ok""}",1,2176,1.6917999992074328,0.014999999621068127,0.0002999995558639057,0.014000000192027073,0.005199999577598646,1.7315000004600734
1231,d163_u8,angry,train,163,8,random,3,1,1,0,0,0,1,1,0,ok,"{""sentences"": [""I hear you."", ""We can pause here for a moment.""], ""safety"": ""ok""}",1,2176,1.7311999999947147,0.028899999961140566,0.00020000061340397224,0.012200000128359534,0.004600000465870835,1.7820000002757297
1232,d163_u9,angry,train,163,9,random,3,1,1,0,0,0,1,1,0,ok,"{""sentences"": [""I hear you."", ""We can pause here for a moment.""], ""safety"": ""ok""}",1,2176,1.476600000387407,0.012800000149582047,0.00030000046535860747,0.012600000445672777,0.00470000031782547,1.5120000007300405
1233,d163_u10,neutral,train,163,10,random,3,1,1,0,0,0,1,1,0,ok,"{""sentences"": [""I hear you."", ""We can pause here for a moment.""], ""safety"": ""ok""}",1,2176,1.4602999999624444,0.012999999853491317,0.00019999970390927047,0.011999999514955562,0.004399999852466863,1.4947999998184969
1234,d164_u1,neutral,train,164,1,random,3,1,1,0,0,0,1,1,0,ok,"{""sentences"": [""I hear you."", ""We can pause here for a moment.""], ""safety"": ""ok""}",1,2176,1.529399999526504,0.012700000297627412,0.0002999995558639057,0.012099999366910197,0.004300000000512227,1.5637000005881418
1235,d164_u3,neutral,train,164,3,random,3,0,0,0,0,0,0,0,0,not_invoked,,1,2176,1.4217999996617436,0.01230000088980887,0.0002999995558639057,0.0008999995770864189,0.0045000006139162,1.4447000003201538
1236,d164_u4,sad,train,164,4,random,3,1,1,0,0,0,1,1,0,ok,"{""sentences"": [""I hear you."", ""We can pause here for a moment.""], ""safety"": ""ok""}",1,2176,1.4836999998806277,0.012700000297627412,0.00030000046535860747,0.011699999959091656,0.004300000000512227,1.5330999995057937
1237,d164_u6,neutral,train,164,6,random,3,1,1,0,0,0,1,1,0,ok,"{""sentences"": [""I hear you."", ""We can pause here for a moment.""], ""safety"": ""ok""}",1,2176,1.5246999992086785,0.012900000001536682,0.00019999970390927047,0.026400000024295878,0.004200000148557592,1.5732000001662527
1238,d164_u7,neutral,train,164,7,random,3,1,1,0,0,0,1,1,0,ok,"{""sentences"": [""I hear you."", ""We can pause here for a moment.""], ""safety"": ""ok""}",1,2176,1.833999999689695,0.015099999473022763,0.00030000046535860747,0.014400000509340316,0.005200000487093348,1.8744999997579725
1239,d164_u8,happy,train,164,8,random,3,1,1,0,0,0,1,1,0,ok,"{""sentences"": [""I hear you."", ""We can pause here for a moment.""], ""safety"": ""ok""}",1,2176,1.8778000003294437,0.013299999409355223,0.00019999970390927047,0.012299999980314169,0.004499999704421498,1.9131999997625826
1240,d164_u9,happy,train,164,9,random,3,0,0,0,0,0,0,0,0,not_invoked,,1,2176,1.6576999996686936,0.0152000002344721,0.0002999995558639057,0.001100000190490391,0.005099999725644011,1.6851000000315253
1241,d165_u0,neutral,train,165,0,random,3,0,0,0,0,0,0,0,0,not_invoked,,1,2176,1.6599000000496744,0.01320000046689529,0.00019999970390927047,0.000999999429041054,0.004900000021734741,1.6843000003063935
1242,d165_u1,happy,train,165,1,random,3,1,1,0,0,0,1,1,0,ok,"{""sentences"": [""I hear you."", ""We can pause here for a moment.""], ""safety"": ""ok""}",1,2176,1.506399999925634,0.013199999557400588,0.0002999995558639057,0.012900000001536682,0.004599999556376133,1.5423000004375353
1243,d165_u2,neutral,train,165,2,random,3,1,1,0,0,0,1,1,0,ok,"{""sentences"": [""I hear you."", ""We can pause here for a moment.""], ""safety"": ""ok""}",1,2176,1.545799999803421,0.012999999853491317,0.00020000061340397224,0.012199999218864832,0.004399999852466863,1.580899999680696
1244,d165_u4,neutral,train,165,4,random,3,0,0,0,0,0,0,0,0,not_invoked,,1,2176,1.498399999945832,0.01340000017080456,0.0002999995558639057,0.0010000003385357559,0.004999999873689376,1.523000000815955
1245,d165_u5,happy,train,165,5,random,3,0,0,0,0,0,0,0,0,not_invoked,,1,2176,1.449099999263126,0.012999999853491317,0.00030000046535860747,0.0010000003385357559,0.00470000031782547,1.4729000004081172
1246,d165_u7,happy,train,165,7,random,3,0,0,0,0,0,0,0,0,not_invoked,,1,2176,1.5181999997366802,0.03420000030018855,0.00030000046535860747,0.0012999998943996616,0.005300000339047983,1.5649999995730468
1247,d165_u8,happy,train,165,8,random,3,0,0,0,0,0,0,0,0,not_invoked,,1,2176,1.6876999998203246,0.013500000022759195,0.0002999995558639057,0.0010000003385357559,0.004999999873689376,1.7123999996329076
1248,d165_u9,neutral,train,165,9,random,3,0,0,0,0,0,0,0,0,not_invoked,,1,2176,1.5545000005658949,0.013900000340072438,0.00030000046535860747,0.0010000003385357559,0.005000000783184078,1.5800000001036096
1249,d165_u10,neutral,train,165,10,random,3,0,0,0,0,0,0,0,0,not_invoked,,1,2176,1.476600000387407,0.01249999968422344,0.0002999995558639057,0.0008999995770864189,0.004800000169780105,1.4999999993960955
1250,d165_u11,neutral,train,165,11,random,3,0,0,0,0,0,0,0,0,not_invoked,,1,2176,1.4952000001358101,0.013100000614940654,0.00019999970390927047,0.0010000003385357559,0.004900000021734741,1.5195999994830345
1251,d165_u12,neutral,train,165,12,random,3,0,0,0,0,0,0,0,0,not_invoked,,1,2176,1.408800000717747,0.028499999643827323,0.00020000061340397224,0.0010000003385357559,0.004800000169780105,1.4479999999821302
1252,d165_u13,neutral,train,165,13,random,3,0,0,0,0,0,0,0,0,not_invoked,,1,2176,1.442700000552577,0.0289999998130952,0.00019999970390927047,0.000999999429041054,0.004799999260285404,1.482600000599632
1253,d165_u14,neutral,train,165,14,random,3,0,0,0,0,0,0,0,0,not_invoked,,1,2176,1.4788999997108476,0.012200000128359534,0.00030000046535860747,0.0008999995770864189,0.00470000031782547,1.5018000003692578
1254,d165_u15,neutral,train,165,15,random,3,0,0,0,0,0,0,0,0,not_invoked,,1,2176,1.4815999993516016,0.014000000192027073,0.0002999995558639057,0.000999999429041054,0.005000000783184078,1.5072000005602604
1255,d165_u16,happy,train,165,16,random,3,1,1,0,0,0,1,1,0,ok,"{""sentences"": [""I hear you."", ""We can pause here for a moment.""], ""safety"": ""ok""}",1,2176,1.4472000002569985,0.013999999282532372,0.0002999995558639057,0.014899999769113492,0.004900000021734741,1.4866999999867403
1256,d165_u17,happy,train,165,17,random,3,1,1,0,0,0,1,1,0,ok,"{""sentences"": [""I hear you."", ""We can pause here for a moment.""], ""safety"": ""ok""}",1,2176,1.5807999998287414,0.014899999769113492,0.0004000003173132427,0.014899999769113492,0.005099999725644011,1.6216999993048375
1257,d165_u18,happy,train,165,18,random,3,0,0,0,0,0,0,0,0,not_invoked,,1,2176,1.6200000000026193,0.012800000149582047,0.0002999995558639057,0.0008999995770864189,0.004900000021734741,1.6439000000900705
1258,d165_u19,happy,train,165,19,random,3,1,1,0,0,0,1,1,0,ok,"{""sentences"": [""I hear you."", ""We can pause here for a moment.""], ""safety"": ""ok""}",1,2176,1.4430999999603955,0.01320000046689529,0.00030000046535860747,0.012900000001536682,0.004699999408330768,1.4793000000281609
1259,d166_u0,neutral,train,166,0,random,3,1,1,0,0,0,1,1,0,ok,"{""sentences"": [""I hear you."", ""We can pause here for a moment.""], ""safety"": ""ok""}",1,2176,1.4081999997870298,0.02840000070136739,0.00019999970390927047,0.012700000297627412,0.004499999704421498,1.4590000000680448
1260,d166_u1,neutral,train,166,1,random,3,0,0,0,0,0,0,0,0,not_invoked,,1,2176,1.4147000001685228,0.012800000149582047,0.0002999995558639057,0.0009000004865811206,0.00470000031782547,1.4385000004040194
1261,d166_u2,neutral,train,166,2,random,3,1,1,0,0,0,1,1,0,ok,"{""sentences"": [""I hear you."", ""We can pause here for a moment.""], ""safety"": ""ok""}",1,2176,1.4675000002171146,0.014100000043981709,0.00020000061340397224,0.013100000614940654,0.00470000031782547,1.5052999997351435
1262,d167_u0,happy,train,167,0,random,3,0,0,0,0,0,0,0,0,not_invoked,,1,2176,1.454399999602174,0.01449999945180025,0.0002999995558639057,0.001100000190490391,0.004999999873689376,1.4805999999225605
1263,d167_u2,angry,train,167,2,random,3,0,0,0,0,0,0,0,0,not_invoked,,1,2176,1.4457000006586895,0.013799999578623101,0.00019999970390927047,0.0008999995770864189,0.0052999994295532815,1.4711000003444497
1264,d167_u3,neutral,train,167,3,random,3,0,0,0,0,0,0,0,0,not_invoked,,1,2176,1.5869999997448758,0.0152000002344721,0.00030000046535860747,0.0010000003385357559,0.0054000001910026185,1.6143000002557528
1265,d167_u4,neutral,train,167,4,random,3,1,1,0,0,0,1,1,0,ok,"{""sentences"": [""I hear you."", ""We can pause here for a moment.""], ""safety"": ""ok""}",1,2176,1.5856999998504762,0.014299999747890979,0.0002999995558639057,0.014000000192027073,0.004900000021734741,1.6243999998550862
1266,d167_u5,neutral,train,167,5,random,3,1,1,0,0,0,1,1,0,ok,"{""sentences"": [""I hear you."", ""We can pause here for a moment.""], ""safety"": ""ok""}",1,2176,1.5628000001015607,0.017999999727180693,0.0002999995558639057,0.014400000509340316,0.005300000339047983,1.6089000000647502
1267,d167_u6,angry,train,167,6,random,3,1,1,0,0,0,1,1,0,ok,"{""sentences"": [""I hear you."", ""We can pause here for a moment.""], ""safety"": ""ok""}",1,2176,4.841799999667273,0.033799999982875306,0.0004999992597731762,0.027300000510877,0.008600000001024455,4.923899999994319
1268,d167_u7,neutral,train,167,7,random,3,0,0,0,0,0,0,0,0,not_invoked,,1,2176,5.436899999949674,0.032699999792384915,0.0006000000212225132,0.002599999788799323,0.01049999991664663,5.493399999977555
1269,d167_u8,sad,train,167,8,random,3,0,0,0,0,0,0,0,0,not_invoked,,1,2176,4.711999999926775,0.07809999988239724,0.0004000003173132427,0.0012000000424450263,0.006999999641266186,4.805399999895599
1270,d167_u9,angry,train,167,9,random,3,0,0,0,0,0,0,0,0,not_invoked,,1,2176,3.9547999995193095,0.016399999367422424,0.0002999995558639057,0.001100000190490391,0.020599999515980016,3.9992000001802808
1271,d167_u10,neutral,train,167,10,random,3,1,1,0,0,0,1,1,0,ok,"{""sentences"": [""I hear you."", ""We can pause here for a moment.""], ""safety"": ""ok""}",1,2176,5.162600000403472,0.014199999895936344,0.0002999995558639057,0.017899999875226058,0.6514999995488324,5.851799999618379
1272,d167_u11,neutral,train,167,11,random,3,0,0,0,0,0,0,0,0,not_invoked,,1,2176,3.4234000004289555,0.038300000596791506,0.00030000046535860747,0.0012000000424450263,0.007300000106624793,3.477299999758543
1273,d167_u12,neutral,train,167,12,random,3,1,1,0,0,0,1,1,0,ok,"{""sentences"": [""I hear you."", ""We can pause here for a moment.""], ""safety"": ""ok""}",1,2176,6.4339999998992425,0.021299999389157165,0.0005000001692678779,0.017099999240599573,0.005500000042957254,6.485100000645616
1274,d168_u0,neutral,train,168,0,random,3,1,1,0,0,0,1,1,0,ok,"{""sentences"": [""I hear you."", ""We can pause here for a moment.""], ""safety"": ""ok""}",1,2176,5.289900000207126,0.01500000053056283,0.00019999970390927047,0.013799999578623101,0.005300000339047983,5.329599999640777
1275,d168_u1,neutral,train,168,1,random,3,0,0,0,0,0,0,0,0,not_invoked,,1,2176,1.8733999995674822,0.014800000826653559,0.00030000046535860747,0.000999999429041054,0.004899999112240039,1.8999000003532274
1276,d168_u2,neutral,train,168,2,random,3,0,0,0,0,0,0,0,0,not_invoked,,1,2176,1.8300000001545413,0.01249999968422344,0.00019999970390927047,0.0008999995770864189,0.004600000465870835,1.8528000000515021
1277,d168_u3,neutral,train,168,3,random,3,1,1,0,0,0,1,1,0,ok,"{""sentences"": [""I hear you."", ""We can pause here for a moment.""], ""safety"": ""ok""}",1,2176,1.8322000005355221,0.012100000276404899,0.00019999970390927047,0.013799999578623101,0.004100000296602957,1.8669999999474385
1278,d168_u4,neutral,train,168,4,random,3,0,0,0,0,0,0,0,0,not_invoked,,1,2176,1.7014000004564878,0.011799999811046291,0.00030000046535860747,0.0008999995770864189,0.004900000021734741,1.7238000000361353
1279,d168_u5,neutral,train,168,5,random,3,1,1,0,0,0,1,1,0,ok,"{""sentences"": [""I hear you."", ""We can pause here for a moment.""], ""safety"": ""ok""}",1,2176,1.682299999629322,0.013899999430577736,0.0002999995558639057,0.014799999917158857,0.004499999704421498,1.7210999994858867
1280,d168_u7,neutral,train,168,7,random,3,0,0,0,0,0,0,0,0,not_invoked,,1,2176,1.6712000006009475,0.013300000318849925,0.0002999995558639057,0.0010000003385357559,0.004900000021734741,1.6958999995040358
1281,d168_u8,neutral,train,168,8,random,3,1,1,0,0,0,1,1,0,ok,"{""sentences"": [""I hear you."", ""We can pause here for a moment.""], ""safety"": ""ok""}",1,2176,1.739399999678426,0.020200000108161476,0.00030000046535860747,0.016700000742275734,0.006100000064179767,1.7889999999169959
1282,d168_u9,angry,train,168,9,random,3,1,1,0,0,0,1,1,0,ok,"{""sentences"": [""I hear you."", ""We can pause here for a moment.""], ""safety"": ""ok""}",1,2176,1.7336000000796048,0.01320000046689529,0.00019999970390927047,0.013300000318849925,0.005099999725644011,1.7702999994071433
1283,d168_u10,neutral,train,168,10,random,3,0,0,0,0,0,0,0,0,not_invoked,,1,2176,1.7291999993176432,0.014299999747890979,0.00019999970390927047,0.0010999992809956893,0.005099999725644011,1.7549000003782567
1284,d168_u11,angry,train,168,11,random,3,0,0,0,0,0,0,0,0,not_invoked,,1,2176,1.6981999997369712,0.01160000010713702,0.00020000061340397224,0.0008999995770864189,0.004300000000512227,1.719500000035623
1285,d168_u12,neutral,train,168,12,random,3,1,1,0,0,0,1,1,0,ok,"{""sentences"": [""I hear you."", ""We can pause here for a moment.""], ""safety"": ""ok""}",1,2176,1.5833999996175407,0.013299999409355223,0.0002999995558639057,0.029099999665049836,0.0045000006139162,1.6357000004063593
1286,d168_u13,neutral,train,168,13,random,3,1,1,0,0,0,1,1,0,ok,"{""sentences"": [""I hear you."", ""We can pause here for a moment.""], ""safety"": ""ok""}",1,2176,1.5806999999767868,0.01269999938813271,0.00019999970390927047,0.011799999811046291,0.004200000148557592,1.6145999998116167
1287,d168_u14,neutral,train,168,14,random,3,1,1,0,0,0,1,1,0,ok,"{""sentences"": [""I hear you."", ""We can pause here for a moment.""], ""safety"": ""ok""}",1,2176,1.483600000028673,0.012399999832268804,0.00019999970390927047,0.011299999641778413,0.004200000148557592,1.5163999996730126
1288,d169_u0,happy,train,169,0,random,3,1,1,0,0,0,1,1,0,ok,"{""sentences"": [""I hear you."", ""We can pause here for a moment.""], ""safety"": ""ok""}",1,2176,1.4485000001513981,0.011999999514955562,0.00020000061340397224,0.011300000551273115,0.0038999996831989847,1.4805999999225605
1289,d169_u1,happy,train,169,1,random,3,0,0,0,0,0,0,0,0,not_invoked,,1,2176,1.9501000006130198,0.012900000001536682,0.00030000046535860747,0.0010000003385357559,0.004800000169780105,1.9739999997909763
1290,d169_u2,neutral,train,169,2,random,3,1,1,0,0,0,1,1,0,ok,"{""sentences"": [""I hear you."", ""We can pause here for a moment.""], ""safety"": ""ok""}",1,2176,1.5834000005270354,0.014799999917158857,0.0002999995558639057,0.013399999261309858,0.004800000169780105,1.6217000002143322
1291,d170_u1,neutral,train,170,1,random,3,1,1,0,0,0,1,1,0,ok,"{""sentences"": [""I hear you."", ""We can pause here for a moment.""], ""safety"": ""ok""}",1,2176,1.618899999812129,0.018400000044493936,0.0006000000212225132,0.016400000276917126,0.005500000042957254,1.6652999993311823
1292,d170_u5,neutral,train,170,5,random,3,1,1,0,0,0,1,1,0,ok,"{""sentences"": [""I hear you."", ""We can pause here for a moment.""], ""safety"": ""ok""}",1,2176,1.7181000002892688,0.013800000488117803,0.0002999995558639057,0.03199999991920777,0.005200000487093348,1.774700000169105
1293,d170_u8,neutral,train,170,8,random,3,1,1,0,0,0,1,1,0,ok,"{""sentences"": [""I hear you."", ""We can pause here for a moment.""], ""safety"": ""ok""}",1,2176,1.5720999999757623,0.013199999557400588,0.0002999995558639057,0.012599999536178075,0.004699999408330768,1.6080999994301237
1294,d170_u9,neutral,train,170,9,random,3,0,0,0,0,0,0,0,0,not_invoked,,1,2176,1.4269000002968824,0.01340000017080456,0.0002999995558639057,0.0010000003385357559,0.020399999812070746,1.4815000004091416
1295,d170_u10,sad,train,170,10,random,3,0,0,0,0,0,0,0,0,not_invoked,,1,2176,1.3908999999330263,0.012600000445672777,0.00019999970390927047,0.0010000003385357559,0.004699999408330768,1.414199999999255
1296,d170_u11,neutral,train,170,11,random,3,0,0,0,0,0,0,0,0,not_invoked,,1,2176,1.4068999998926301,0.013500000022759195,0.00030000046535860747,0.000999999429041054,0.004800000169780105,1.4316999995571678
1297,d171_u0,happy,train,171,0,random,3,0,0,0,0,0,0,0,0,not_invoked,,1,2176,1.6777000000729458,0.015899999198154546,0.00030000046535860747,0.0012999998943996616,0.005599999894911889,1.7072999999072636
1298,d171_u1,neutral,train,171,1,random,3,0,0,0,0,0,0,0,0,not_invoked,,1,2176,1.6489000008732546,0.013299999409355223,0.00030000046535860747,0.0009000004865811206,0.004900000021734741,1.6737000005377922
1299,d171_u2,neutral,train,171,2,random,3,0,0,0,0,0,0,0,0,not_invoked,,1,2176,1.5647999998691375,0.012800000149582047,0.00030000046535860747,0.0008999995770864189,0.004999999873689376,1.588800000718038
1300,d171_u3,neutral,train,171,3,random,3,0,0,0,0,0,0,0,0,not_invoked,,1,2176,1.5246000002662186,0.012399999832268804,0.00030000046535860747,0.0009000004865811206,0.004599999556376133,1.5475999998670886
1301,d171_u5,neutral,train,171,5,random,3,1,1,0,0,0,1,1,0,ok,"{""sentences"": [""I hear you."", ""We can pause here for a moment.""], ""safety"": ""ok""}",1,2176,1.5229000000545057,0.013300000318849925,0.00019999970390927047,0.014400000509340316,0.004499999704421498,1.5601999994032667
1302,d172_u0,neutral,train,172,0,random,3,0,0,0,0,0,0,0,0,not_invoked,,1,2176,1.5031000002636574,0.01320000046689529,0.00030000046535860747,0.000999999429041054,0.005300000339047983,1.5280999996321043
1303,d172_u1,neutral,train,172,1,random,3,0,0,0,0,0,0,0,0,not_invoked,,1,2176,1.6335999998773332,0.012999999853491317,0.0002999995558639057,0.0010000003385357559,0.004499999704421498,1.6574999999647844
1304,d172_u3,happy,train,172,3,random,3,0,0,0,0,0,0,0,0,not_invoked,,1,2176,1.6895999997359468,0.012200000128359534,0.0002999995558639057,0.0008999995770864189,0.004600000465870835,1.7121000000770437
1305,d172_u4,happy,train,172,4,random,3,1,1,0,0,0,1,1,0,ok,"{""sentences"": [""I hear you."", ""We can pause here for a moment.""], ""safety"": ""ok""}",1,2176,1.4302999998108135,0.013099999705445953,0.0002999995558639057,0.016799999684735667,0.004600000465870835,1.4700000001539593
1306,d172_u5,neutral,train,172,5,random,3,0,0,0,0,0,0,0,0,not_invoked,,1,2176,1.4611999995395308,0.012999999853491317,0.0002999995558639057,0.000999999429041054,0.004599999556376133,1.4848000000711181
1307,d172_u6,neutral,train,172,6,random,3,0,0,0,0,0,0,0,0,not_invoked,,1,2176,1.6361999996661325,0.014500000361294951,0.0002999995558639057,0.001100000190490391,0.00470000031782547,1.6620000005787006
1308,d172_u7,neutral,train,172,7,random,3,0,0,0,0,0,0,0,0,not_invoked,,1,2176,1.609999999345746,0.012599999536178075,0.0002999995558639057,0.000999999429041054,0.004599999556376133,1.633400000173424
1309,d172_u8,happy,train,172,8,random,3,1,1,0,0,0,1,1,0,ok,"{""sentences"": [""I hear you."", ""We can pause here for a moment.""], ""safety"": ""ok""}",1,2176,1.3364000005822163,0.01140000040322775,0.00019999970390927047,0.01359999987471383,0.004300000000512227,1.3705999999729102
1310,d172_u10,neutral,train,172,10,random,3,1,1,0,0,0,1,1,0,ok,"{""sentences"": [""I hear you."", ""We can pause here for a moment.""], ""safety"": ""ok""}",1,2176,1.3833000002705376,0.01320000046689529,0.0002999995558639057,0.012600000445672777,0.004399999852466863,1.418799999555631
1311,d173_u0,happy,train,173,0,random,3,0,0,0,0,0,0,0,0,not_invoked,,1,2176,1.4839999994364916,0.012199999218864832,0.0002999995558639057,0.0008999995770864189,0.00470000031782547,1.5069999999468564
1312,d173_u2,happy,train,173,2,random,3,1,1,0,0,0,1,1,0,ok,"{""sentences"": [""I hear you."", ""We can pause here for a moment.""], ""safety"": ""ok""}",1,2176,1.459100000829494,0.027799999770650174,0.00019999970390927047,0.02700000004551839,0.004300000000512227,1.5234000002237735
1313,d173_u3,angry,train,173,3,random,3,0,0,0,0,0,0,0,0,not_invoked,,1,2176,1.5968999996403,0.012900000001536682,0.0002999995558639057,0.0010000003385357559,0.004599999556376133,1.6206000000238419
1314,d173_u4,angry,train,173,4,random,3,0,0,0,0,0,0,0,0,not_invoked,,1,2176,1.2250999998286716,0.012999999853491317,0.0002999995558639057,0.000999999429041054,0.004499999704421498,1.2486999994507642
1315,d173_u5,neutral,train,173,5,random,3,0,0,0,0,0,0,0,0,not_invoked,,1,2176,1.7517999995106948,0.01500000053056283,0.00030000046535860747,0.000999999429041054,0.004900000021734741,1.7785000000003492
1316,d173_u6,angry,train,173,6,random,3,1,1,0,0,0,1,1,0,ok,"{""sentences"": [""I hear you."", ""We can pause here for a moment.""], ""safety"": ""ok""}",1,2176,1.4932000003682333,0.013799999578623101,0.00039999940781854093,0.013800000488117803,0.004800000169780105,1.5309999998862622
1317,d173_u8,angry,train,173,8,random,3,0,0,0,0,0,0,0,0,not_invoked,,1,2176,1.6697999999450985,0.012900000001536682,0.00020000061340397224,0.0010000003385357559,0.004800000169780105,1.6939999995884136
1318,d173_u10,happy,train,173,10,random,3,0,0,0,0,0,0,0,0,not_invoked,,1,2176,1.3513999992937897,0.01320000046689529,0.00019999970390927047,0.0010000003385357559,0.004900000021734741,1.3761000000158674
1319,d174_u0,happy,train,174,0,random,3,1,1,0,0,0,1,1,0,ok,"{""sentences"": [""I hear you."", ""We can pause here for a moment.""], ""safety"": ""ok""}",1,2176,1.359299999421637,0.013099999705445953,0.00019999970390927047,0.013099999705445953,0.0045000006139162,1.395500000398897
1320,d174_u1,happy,train,174,1,random,3,0,0,0,0,0,0,0,0,not_invoked,,1,2176,1.3661000002684887,0.012299999980314169,0.00020000061340397224,0.0009000004865811206,0.004499999704421498,1.3888000003134948
1321,d174_u2,happy,train,174,2,random,3,0,0,0,0,0,0,0,0,not_invoked,,1,2176,1.4891000000716303,0.013500000022759195,0.00030000046535860747,0.0010000003385357559,0.00470000031782547,1.5137000000322587
1322,d174_u3,happy,train,174,3,random,3,0,0,0,0,0,0,0,0,not_invoked,,1,2176,1.494299999649229,0.012900000001536682,0.00030000046535860747,0.0009000004865811206,0.00470000031782547,1.5180999998847255
1323,d174_u4,neutral,train,174,4,random,3,0,0,0,0,0,0,0,0,not_invoked,,1,2176,1.47220000053494,0.01300000076298602,0.0002999995558639057,0.000999999429041054,0.004599999556376133,1.4960999997128965
1324,d174_u5,neutral,train,174,5,random,3,0,0,0,0,0,0,0,0,not_invoked,,1,2176,1.5285000008589122,0.013500000022759195,0.00019999970390927047,0.0008999995770864189,0.005300000339047983,1.5536000000793138
1325,d174_u6,sad,train,174,6,random,3,1,1,0,0,0,1,1,0,ok,"{""sentences"": [""I hear you."", ""We can pause here for a moment.""], ""safety"": ""ok""}",1,2176,1.6579000002820976,0.014400000509340316,0.00030000046535860747,0.014599999303754885,0.004599999556376133,1.6974000000118394
1326,d175_u0,neutral,train,175,0,random,3,0,0,0,0,0,0,0,0,not_invoked,,1,2176,1.610899999832327,0.012600000445672777,0.0002999995558639057,0.000999999429041054,0.005099999725644011,1.6347000000678236
1327,d175_u1,happy,train,175,1,random,3,1,1,0,0,0,1,1,0,ok,"{""sentences"": [""I hear you."", ""We can pause here for a moment.""], ""safety"": ""ok""}",1,2176,1.613500000530621,0.012900000001536682,0.00020000061340397224,0.012600000445672777,0.004399999852466863,1.6484999996464467
1328,d175_u2,happy,train,175,2,random,3,0,0,0,0,0,0,0,0,not_invoked,,1,2176,1.3087000006635208,0.012600000445672777,0.00019999970390927047,0.000999999429041054,0.004799999260285404,1.3323000002856134
1329,d175_u3,neutral,train,175,3,random,3,0,0,0,0,0,0,0,0,not_invoked,,1,2176,1.6993999997794162,0.012799999240087345,0.0002999995558639057,0.0008999995770864189,0.004600000465870835,1.7230000003110035
1330,d175_u5,angry,train,175,5,random,3,1,1,0,0,0,1,1,0,ok,"{""sentences"": [""I hear you."", ""We can pause here for a moment.""], ""safety"": ""ok""}",1,2176,1.4298999994935002,0.01340000017080456,0.00019999970390927047,0.012399999832268804,0.004499999704421498,1.4652999998361338
1331,d175_u6,neutral,train,175,6,random,3,0,0,0,0,0,0,0,0,not_invoked,,1,2176,1.7219999999724678,0.013199999557400588,0.00019999970390927047,0.0008999995770864189,0.004600000465870835,1.745900000059919
1332,d175_u7,sad,train,175,7,random,3,1,1,0,0,0,1,1,0,ok,"{""sentences"": [""I hear you."", ""We can pause here for a moment.""], ""safety"": ""ok""}",1,2176,1.380300000164425,0.029400000130408444,0.0002999995558639057,0.012700000297627412,0.004499999704421498,1.4325000001917942
1333,d175_u8,neutral,train,175,8,random,3,1,1,0,0,0,1,1,0,ok,"{""sentences"": [""I hear you."", ""We can pause here for a moment.""], ""safety"": ""ok""}",1,2176,1.4936999996280065,0.014399999599845614,0.0002999995558639057,0.014100000043981709,0.004999999873689376,1.5330000005633337
1334,d175_u9,sad,train,175,9,random,3,1,1,0,0,0,1,1,0,ok,"{""sentences"": [""I hear you."", ""We can pause here for a moment.""], ""safety"": ""ok""}",1,2176,1.4982000002419227,0.01340000017080456,0.0002999995558639057,0.013099999705445953,0.004800000169780105,1.5347999997175066
1335,d175_u11,sad,train,175,11,random,3,0,0,0,0,0,0,0,0,not_invoked,,1,2176,1.6152999996847939,0.012599999536178075,0.00030000046535860747,0.0009000004865811206,0.004599999556376133,1.6384000000471133
1336,d176_u1,neutral,train,176,1,random,3,0,0,0,0,0,0,0,0,not_invoked,,1,2176,1.2861000004704692,0.01320000046689529,0.0002999995558639057,0.0010000003385357559,0.004900000021734741,1.3104999998176936
1337,d176_u6,neutral,train,176,6,random,3,1,1,0,0,0,1,1,0,ok,"{""sentences"": [""I hear you."", ""We can pause here for a moment.""], ""safety"": ""ok""}",1,2176,1.3204999995650724,0.01320000046689529,0.0002999995558639057,0.011799999811046291,0.004400000761961564,1.355399999738438
1338,d176_u8,neutral,train,176,8,random,3,1,1,0,0,0,1,1,0,ok,"{""sentences"": [""I hear you."", ""We can pause here for a moment.""], ""safety"": ""ok""}",1,2176,1.3664999996763072,0.01249999968422344,0.00030000046535860747,0.026100000468431972,0.004499999704421498,1.4146999992590281
1339,d176_u9,neutral,train,176,9,random,3,1,1,0,0,0,1,1,0,ok,"{""sentences"": [""I hear you."", ""We can pause here for a moment.""], ""safety"": ""ok""}",1,2176,1.385399999890069,0.013199999557400588,0.00019999970390927047,0.012599999536178075,0.004400000761961564,1.4209999999366119
1340,d176_u10,happy,train,176,10,random,3,1,1,0,0,0,1,1,0,ok,"{""sentences"": [""I hear you."", ""We can pause here for a moment.""], ""safety"": ""ok""}",1,2176,1.389299999573268,0.012800000149582047,0.0002999995558639057,0.011799999811046291,0.004600000465870835,1.4235999997254112
1341,d177_u0,happy,train,177,0,random,3,0,0,0,0,0,0,0,0,not_invoked,,1,2176,1.3920999999754713,0.013300000318849925,0.00030000046535860747,0.001100000190490391,0.00470000031782547,1.416600000084145
1342,d177_u1,neutral,train,177,1,random,3,1,1,0,0,0,1,1,0,ok,"{""sentences"": [""I hear you."", ""We can pause here for a moment.""], ""safety"": ""ok""}",1,2176,1.3863000003766501,0.012700000297627412,0.00019999970390927047,0.011899999663000926,0.004300000000512227,1.4201999993019854
1343,d177_u2,neutral,train,177,2,random,3,0,0,0,0,0,0,0,0,not_invoked,,1,2176,1.6461999994135113,0.017499999557912815,0.0004000003173132427,0.0010999992809956893,0.0057999995988211595,1.6765000000305008
1344,d177_u4,happy,train,177,4,random,3,1,1,0,0,0,1,1,0,ok,"{""sentences"": [""I hear you."", ""We can pause here for a moment.""], ""safety"": ""ok""}",1,2176,1.7063999994206824,0.014400000509340316,0.00020000061340397224,0.015699999494245276,0.005300000339047983,1.7477000001235865
1345,d177_u6,happy,train,177,6,random,3,0,0,0,0,0,0,0,0,not_invoked,,1,2176,1.5167999999903259,0.014100000043981709,0.00030000046535860747,0.0010999992809956893,0.004900000021734741,1.5428000006068032
1346,d177_u7,happy,train,177,7,random,3,1,1,0,0,0,1,1,0,ok,"{""sentences"": [""I hear you."", ""We can pause here for a moment.""], ""safety"": ""ok""}",1,2176,1.43359999947279,0.01359999987471383,0.00019999970390927047,0.013799999578623101,0.00470000031782547,1.4711999992869096
1347,d177_u8,sad,train,177,8,random,3,1,1,0,0,0,1,1,0,ok,"{""sentences"": [""I hear you."", ""We can pause here for a moment.""], ""safety"": ""ok""}",1,2176,1.5883000005487702,0.013999999282532372,0.0002999995558639057,0.01359999987471383,0.004800000169780105,1.6261999999187537
1348,d177_u9,happy,train,177,9,random,3,0,0,0,0,0,0,0,0,not_invoked,,1,2176,1.278900000215799,0.013900000340072438,0.00030000046535860747,0.0010000003385357559,0.004999999873689376,1.3042000000496046
1349,d177_u10,neutral,train,177,10,random,3,0,0,0,0,0,0,0,0,not_invoked,,1,2176,1.7195999998875777,0.01340000017080456,0.0002999995558639057,0.0012000000424450263,0.004800000169780105,1.7446000001655193
1350,d178_u0,happy,train,178,0,random,3,1,1,0,0,0,1,1,0,ok,"{""sentences"": [""I hear you."", ""We can pause here for a moment.""], ""safety"": ""ok""}",1,2176,1.3638000000355532,0.014100000043981709,0.0002999995558639057,0.013300000318849925,0.005199999577598646,1.4022999994267593
1351,d178_u1,neutral,train,178,1,random,3,0,0,0,0,0,0,0,0,not_invoked,,1,2176,1.46980000045005,0.015300000086426735,0.0005000001692678779,0.000999999429041054,0.005399999281507917,1.4976000002207002
1352,d179_u0,neutral,train,179,0,random,3,1,1,0,0,0,1,1,0,ok,"{""sentences"": [""I hear you."", ""We can pause here for a moment.""], ""safety"": ""ok""}",1,2176,1.4627000000473345,0.01359999987471383,0.00019999970390927047,0.014199999895936344,0.005100000635138713,1.5009999997346313
1353,d179_u1,neutral,train,179,1,random,3,1,1,0,0,0,1,1,0,ok,"{""sentences"": [""I hear you."", ""We can pause here for a moment.""], ""safety"": ""ok""}",1,2176,1.4280000004873727,0.011899999663000926,0.0002999995558639057,0.011899999663000926,0.0045000006139162,1.4613000003009802
1354,d179_u2,neutral,train,179,2,random,3,0,0,0,0,0,0,0,0,not_invoked,,1,2176,1.453800000490446,0.012399999832268804,0.0002999995558639057,0.0010000003385357559,0.004599999556376133,1.4772000004086294
1355,d179_u3,neutral,train,179,3,random,3,1,1,0,0,0,1,1,0,ok,"{""sentences"": [""I hear you."", ""We can pause here for a moment.""], ""safety"": ""ok""}",1,2176,1.3773000000583124,0.012600000445672777,0.00019999970390927047,0.011999999514955562,0.004200000148557592,1.4111000000411877
1356,d179_u4,neutral,train,179,4,random,3,1,1,0,0,0,1,1,0,ok,"{""sentences"": [""I hear you."", ""We can pause here for a moment.""], ""safety"": ""ok""}",1,2176,1.3394000006883289,0.012299999980314169,0.00030000046535860747,0.011699999959091656,0.004300000000512227,1.3729000002058456
1357,d179_u5,neutral,train,179,5,random,3,1,1,0,0,0,1,1,0,ok,"{""sentences"": [""I hear you."", ""We can pause here for a moment.""], ""safety"": ""ok""}",1,2176,1.3552000000345288,0.012700000297627412,0.0002999995558639057,0.012100000276404899,0.004499999704421498,1.3899999994464451
1358,d179_u6,neutral,train,179,6,random,3,1,1,0,0,0,1,1,0,ok,"{""sentences"": [""I hear you."", ""We can pause here for a moment.""], ""safety"": ""ok""}",1,2176,1.3589999998657731,0.012800000149582047,0.00019999970390927047,0.011699999959091656,0.004399999852466863,1.3930999994045123
1359,d179_u7,neutral,train,179,7,random,3,1,1,0,0,0,1,1,0,ok,"{""sentences"": [""I hear you."", ""We can pause here for a moment.""], ""safety"": ""ok""}",1,2176,1.386899999488378,0.012700000297627412,0.0002999995558639057,0.012299999980314169,0.004300000000512227,1.4213000004019705
1360,d179_u8,neutral,train,179,8,random,3,1,1,0,0,0,1,1,0,ok,"{""sentences"": [""I hear you."", ""We can pause here for a moment.""], ""safety"": ""ok""}",1,2176,1.3876999992135097,0.012599999536178075,0.0002999995558639057,0.011799999811046291,0.004300000000512227,1.4215000001058797
1361,d179_u9,neutral,train,179,9,random,3,1,1,0,0,0,1,1,0,ok,"{""sentences"": [""I hear you."", ""We can pause here for a moment.""], ""safety"": ""ok""}",1,2176,1.4682000000902917,0.015500000699830707,0.00030000046535860747,0.013900000340072438,0.004800000169780105,1.508299999841256
1362,d179_u10,happy,train,179,10,random,3,0,0,0,0,0,0,0,0,not_invoked,,1,2176,1.4892999997755396,0.026400000024295878,0.00030000046535860747,0.0009000004865811206,0.004599999556376133,1.5260000000125729
1363,d179_u11,neutral,train,179,11,random,3,1,1,0,0,0,1,1,0,ok,"{""sentences"": [""I hear you."", ""We can pause here for a moment.""], ""safety"": ""ok""}",1,2176,1.539500000035332,0.014299999747890979,0.0002999995558639057,0.013500000022759195,0.004499999704421498,1.5773000004628557
1364,d179_u12,neutral,train,179,12,random,3,0,0,0,0,0,0,0,0,not_invoked,,1,2176,1.5119999998205458,0.012500000593718141,0.0002999995558639057,0.0010000003385357559,0.004800000169780105,1.5354999995906837
1365,d179_u13,neutral,train,179,13,random,3,1,1,0,0,0,1,1,0,ok,"{""sentences"": [""I hear you."", ""We can pause here for a moment.""], ""safety"": ""ok""}",1,2176,2.2632999998677406,0.01449999945180025,0.0002999995558639057,0.013699999726668466,0.004999999873689376,2.3019999998723506
1366,d179_u14,neutral,train,179,14,random,3,0,0,0,0,0,0,0,0,not_invoked,,1,2176,2.2705000001224107,0.012299999980314169,0.00030000046535860747,0.0009000004865811206,0.004699999408330768,2.2933000000193715
1367,d179_u15,neutral,train,179,15,random,3,1,1,0,0,0,1,1,0,ok,"{""sentences"": [""I hear you."", ""We can pause here for a moment.""], ""safety"": ""ok""}",1,2176,1.6724000006433926,0.01269999938813271,0.0002999995558639057,0.012200000128359534,0.004499999704421498,1.7067999997379957
1368,d179_u16,neutral,train,179,16,random,3,1,1,0,0,0,1,1,0,ok,"{""sentences"": [""I hear you."", ""We can pause here for a moment.""], ""safety"": ""ok""}",1,2176,1.3466000000335043,0.01269999938813271,0.00020000061340397224,0.012599999536178075,0.004399999852466863,1.38150000020687
1369,d179_u17,neutral,train,179,17,random,3,0,0,0,0,0,0,0,0,not_invoked,,1,2176,1.8529999997554114,0.012999999853491317,0.0002999995558639057,0.0009000004865811206,0.004699999408330768,1.8767000001389533
1370,d179_u18,neutral,train,179,18,random,3,0,0,0,0,0,0,0,0,not_invoked,,1,2176,1.5183000004981295,0.03389999983482994,0.00039999940781854093,0.001100000190490391,0.005199999577598646,1.5637999995306018
1371,d179_u19,angry,train,179,19,random,3,0,0,0,0,0,0,0,0,not_invoked,,1,2176,1.642100000026403,0.012700000297627412,0.0002999995558639057,0.0008999995770864189,0.004600000465870835,1.6654000000926317
1372,d180_u0,happy,train,180,0,random,3,0,0,0,0,0,0,0,0,not_invoked,,1,2176,1.3329999992492958,0.012600000445672777,0.0002999995558639057,0.0010000003385357559,0.004800000169780105,1.3567000005423324
1373,d180_u4,sad,train,180,4,random,3,0,0,0,0,0,0,0,0,not_invoked,,1,2176,1.5746000008221017,0.012700000297627412,0.0002999995558639057,0.0008999995770864189,0.004499999704421498,1.5979999998307903
1374,d180_u5,sad,train,180,5,random,3,1,1,0,0,0,1,1,0,ok,"{""sentences"": [""I hear you."", ""We can pause here for a moment.""], ""safety"": ""ok""}",1,2176,1.2908999997307546,0.01269999938813271,0.0002999995558639057,0.013299999409355223,0.00419999923906289,1.3262000002214336
1375,d180_u9,happy,train,180,9,random,3,0,0,0,0,0,0,0,0,not_invoked,,1,2176,1.5081000001373468,0.012900000001536682,0.00030000046535860747,0.0010000003385357559,0.004499999704421498,1.5316999997594394
1376,d180_u10,neutral,train,180,10,random,3,0,0,0,0,0,0,0,0,not_invoked,,1,2176,1.2367999997877632,0.012800000149582047,0.00019999970390927047,0.000999999429041054,0.004499999704421498,1.2603999994098558
1377,d180_u12,neutral,train,180,12,random,3,0,0,0,0,0,0,0,0,not_invoked,,1,2176,1.4972000008128816,0.013899999430577736,0.00030000046535860747,0.0010000003385357559,0.004900000021734741,1.5224999997371924
1378,d180_u14,happy,train,180,14,random,3,0,0,0,0,0,0,0,0,not_invoked,,1,2176,1.4837999997325824,0.0152000002344721,0.0002999995558639057,0.001100000190490391,0.005300000339047983,1.511499999651278
1379,d181_u0,angry,train,181,0,random,3,0,0,0,0,0,0,0,0,not_invoked,,1,2176,1.7665999994278536,0.012100000276404899,0.00020000061340397224,0.0010000003385357559,0.00470000031782547,1.7894000002343091
1380,d181_u1,neutral,train,181,1,random,3,0,0,0,0,0,0,0,0,not_invoked,,1,2176,1.4411000001928187,0.013600000784208532,0.0002999995558639057,0.0009000004865811206,0.004699999408330768,1.4660000006188056
1381,d181_u2,neutral,train,181,2,random,3,1,1,0,0,0,1,1,0,ok,"{""sentences"": [""I hear you."", ""We can pause here for a moment.""], ""safety"": ""ok""}",1,2176,1.2968000000910251,0.012700000297627412,0.00030000046535860747,0.013699999726668466,0.004599999556376133,1.3328999993973412
1382,d181_u4,neutral,train,181,4,random,3,1,1,0,0,0,1,1,0,ok,"{""sentences"": [""I hear you."", ""We can pause here for a moment.""], ""safety"": ""ok""}",1,2176,1.3054999999440042,0.011900000572495628,0.00019999970390927047,0.011899999663000926,0.004400000761961564,1.338699999905657
1383,d182_u0,neutral,train,182,0,random,3,0,0,0,0,0,0,0,0,not_invoked,,1,2176,1.4476999995167716,0.012500000593718141,0.0002999995558639057,0.0008999995770864189,0.0045000006139162,1.4705000003232271
1384,d182_u1,sad,train,182,1,random,3,1,1,0,0,0,1,1,0,ok,"{""sentences"": [""I hear you."", ""We can pause here for a moment.""], ""safety"": ""ok""}",1,2176,1.3963999999759835,0.012299999980314169,0.00020000061340397224,0.01160000010713702,0.004200000148557592,1.4295999999376363
1385,d182_u2,sad,train,182,2,random,3,1,1,0,0,0,1,1,0,ok,"{""sentences"": [""I hear you."", ""We can pause here for a moment.""], ""safety"": ""ok""}",1,2176,1.6494000001330278,0.013099999705445953,0.00020000061340397224,0.012299999980314169,0.004399999852466863,1.6844000001583481
1386,d182_u3,angry,train,182,3,random,3,0,0,0,0,0,0,0,0,not_invoked,,1,2176,1.6516999994564685,0.012800000149582047,0.0002999995558639057,0.0008999995770864189,0.004699999408330768,1.6752999999880558
1387,d182_u4,angry,train,182,4,random,3,0,0,0,0,0,0,0,0,not_invoked,,1,2176,1.8139999992854428,0.013500000022759195,0.00030000046535860747,0.0009000004865811206,0.004600000465870835,1.8383000005997019
1388,d182_u5,angry,train,182,5,random,3,1,1,0,0,0,1,1,0,ok,"{""sentences"": [""I hear you."", ""We can pause here for a moment.""], ""safety"": ""ok""}",1,2176,1.5321000000767526,0.0152000002344721,0.0002999995558639057,0.01359999987471383,0.004800000169780105,1.5717999995104037
1389,d182_u6,angry,train,182,6,random,3,0,0,0,0,0,0,0,0,not_invoked,,1,2176,1.5484000005017151,0.012299999980314169,0.00030000046535860747,0.0009000004865811206,0.004499999704421498,1.5711999994891812
1390,d182_u7,neutral,train,182,7,random,3,0,0,0,0,0,0,0,0,not_invoked,,1,2176,1.2614000006578863,0.012600000445672777,0.0002999995558639057,0.0009000004865811206,0.004599999556376133,1.2849000004280242
1391,d182_u8,angry,train,182,8,random,3,0,0,0,0,0,0,0,0,not_invoked,,1,2176,1.2539999997898121,0.01249999968422344,0.00019999970390927047,0.000999999429041054,0.0045000006139162,1.2773999997079954
1392,d182_u9,angry,train,182,9,random,3,0,0,0,0,0,0,0,0,not_invoked,,1,2176,1.2532000000646804,0.012399999832268804,0.00019999970390927047,0.0009000004865811206,0.004599999556376133,1.2760999998135958
1393,d182_u10,neutral,train,182,10,random,3,1,1,0,0,0,1,1,0,ok,"{""sentences"": [""I hear you."", ""We can pause here for a moment.""], ""safety"": ""ok""}",1,2176,1.5466999993805075,0.012800000149582047,0.00020000061340397224,0.012100000276404899,0.004399999852466863,1.58119999923656
1394,d182_u11,neutral,train,182,11,random,3,1,1,0,0,0,1,1,0,ok,"{""sentences"": [""I hear you."", ""We can pause here for a moment.""], ""safety"": ""ok""}",1,2176,1.2332999995123828,0.012700000297627412,0.00019999970390927047,0.012200000128359534,0.004300000000512227,1.2677000004259753
1395,d182_u12,neutral,train,182,12,random,3,0,0,0,0,0,0,0,0,not_invoked,,1,2176,1.254799999514944,0.012700000297627412,0.0002999995558639057,0.000999999429041054,0.00470000031782547,1.2783000001945766
1396,d182_u13,neutral,train,182,13,random,3,0,0,0,0,0,0,0,0,not_invoked,,1,2176,1.2936000002810033,0.012900000001536682,0.00019999970390927047,0.0010000003385357559,0.004599999556376133,1.3175000003684545
1397,d182_u14,neutral,train,182,14,random,3,0,0,0,0,0,0,0,0,not_invoked,,1,2176,1.5722999996796716,0.01359999987471383,0.00030000046535860747,0.0008999995770864189,0.004999999873689376,1.5972000001056585
1398,d182_u15,neutral,train,182,15,random,3,1,1,0,0,0,1,1,0,ok,"{""sentences"": [""I hear you."", ""We can pause here for a moment.""], ""safety"": ""ok""}",1,2176,1.7285000003539608,0.013199999557400588,0.0002999995558639057,0.0289999998130952,0.004399999852466863,1.78070000038133
1399,d183_u0,neutral,train,183,0,random,3,0,0,0,0,0,0,0,0,not_invoked,,1,2176,1.4804000002186513,0.028899999961140566,0.00030000046535860747,0.001100000190490391,0.0045000006139162,1.520400000117661
1400,d183_u2,happy,train,183,2,random,3,0,0,0,0,0,0,0,0,not_invoked,,1,2176,1.3042000000496046,0.012800000149582047,0.00019999970390927047,0.0008999995770864189,0.018799999452312477,1.3419000006251736
1401,d183_u3,neutral,train,183,3,random,3,1,1,0,0,0,1,1,0,ok,"{""sentences"": [""I hear you."", ""We can pause here for a moment.""], ""safety"": ""ok""}",1,2176,1.4962999994168058,0.012599999536178075,0.00019999970390927047,0.012099999366910197,0.004400000761961564,1.530500000626489
1402,d183_u4,neutral,train,183,4,random,3,0,0,0,0,0,0,0,0,not_invoked,,1,2176,1.1954999999943539,0.012999999853491317,0.00019999970390927047,0.0009000004865811206,0.004699999408330768,1.2192000003778958
1403,d183_u5,happy,train,183,5,random,3,1,1,0,0,0,1,1,0,ok,"{""sentences"": [""I hear you."", ""We can pause here for a moment.""], ""safety"": ""ok""}",1,2176,1.5244000005623093,0.012700000297627412,0.00030000046535860747,0.011900000572495628,0.004300000000512227,1.5584000002490939
1404,d183_u6,neutral,train,183,6,random,3,0,0,0,0,0,0,0,0,not_invoked,,1,2176,1.50610000036977,0.012800000149582047,0.00019999970390927047,0.0008999995770864189,0.004499999704421498,1.5294999993784586
1405,d183_u7,neutral,train,183,7,random,3,1,1,0,0,0,1,1,0,ok,"{""sentences"": [""I hear you."", ""We can pause here for a moment.""], ""safety"": ""ok""}",1,2176,1.4348000004247297,0.014399999599845614,0.00019999970390927047,0.02750000021478627,0.0045000006139162,1.4872000001560082
1406,d183_u8,neutral,train,183,8,random,3,0,0,0,0,0,0,0,0,not_invoked,,1,2176,1.6139999997903942,0.013700000636163168,0.00030000046535860747,0.001100000190490391,0.005300000339047983,1.6395000002376037
1407,d183_u9,happy,train,183,9,random,3,1,1,0,0,0,1,1,0,ok,"{""sentences"": [""I hear you."", ""We can pause here for a moment.""], ""safety"": ""ok""}",1,2176,1.610899999832327,0.01359999987471383,0.00030000046535860747,0.01320000046689529,0.00470000031782547,1.6477999997732695
1408,d183_u10,neutral,train,183,10,random,3,1,1,0,0,0,1,1,0,ok,"{""sentences"": [""I hear you."", ""We can pause here for a moment.""], ""safety"": ""ok""}",1,2176,1.5410999994855956,0.013199999557400588,0.0002999995558639057,0.028699999347736593,0.019499999325489625,1.6078000007837545
1409,d183_u11,neutral,train,183,11,random,3,0,0,0,0,0,0,0,0,not_invoked,,1,2176,1.3730999999097548,0.012900000001536682,0.0002999995558639057,0.0010000003385357559,0.004799999260285404,1.3971000007586554
1410,d183_u12,happy,train,183,12,random,3,1,1,0,0,0,1,1,0,ok,"{""sentences"": [""I hear you."", ""We can pause here for a moment.""], ""safety"": ""ok""}",1,2176,1.3295999997353647,0.012800000149582047,0.00020000061340397224,0.012200000128359534,0.004400000761961564,1.3641000005009118
1411,d183_u13,neutral,train,183,13,random,3,1,1,0,0,0,1,1,0,ok,"{""sentences"": [""I hear you."", ""We can pause here for a moment.""], ""safety"": ""ok""}",1,2176,1.491800000621879,0.013100000614940654,0.00019999970390927047,0.012399999832268804,0.004399999852466863,1.5271000002030632
1412,d183_u14,neutral,train,183,14,random,3,0,0,0,0,0,0,0,0,not_invoked,,1,2176,1.4572000000043772,0.01249999968422344,0.00030000046535860747,0.0008999995770864189,0.004300000000512227,1.479700000345474
1413,d183_u15,neutral,train,183,15,random,3,0,0,0,0,0,0,0,0,not_invoked,,1,2176,1.4586000006602262,0.012999999853491317,0.0002999995558639057,0.0010000003385357559,0.004600000465870835,1.4824999998381827
1414,d183_u16,neutral,train,183,16,random,3,0,0,0,0,0,0,0,0,not_invoked,,1,2176,1.4599000005546259,0.012100000276404899,0.00019999970390927047,0.0008999995770864189,0.004300000000512227,1.4822000002823188
1415,d183_u17,neutral,train,183,17,random,3,1,1,0,0,0,1,1,0,ok,"{""sentences"": [""I hear you."", ""We can pause here for a moment.""], ""safety"": ""ok""}",1,2176,1.7576000000190106,0.012800000149582047,0.00030000046535860747,0.012299999980314169,0.004399999852466863,1.7921999997270177
1416,d183_u18,neutral,train,183,18,random,3,1,1,0,0,0,1,1,0,ok,"{""sentences"": [""I hear you."", ""We can pause here for a moment.""], ""safety"": ""ok""}",1,2176,1.4355000002979068,0.015100000382517464,0.00030000046535860747,0.013899999430577736,0.004999999873689376,1.475199999731558
1417,d183_u19,happy,train,183,19,random,3,0,0,0,0,0,0,0,0,not_invoked,,1,2176,1.4209999999366119,0.012399999832268804,0.00030000046535860747,0.0008999995770864189,0.004499999704421498,1.4438999996855273
1418,d184_u0,happy,train,184,0,random,3,1,1,0,0,0,1,1,0,ok,"{""sentences"": [""I hear you."", ""We can pause here for a moment.""], ""safety"": ""ok""}",1,2176,1.4179999998304993,0.012800000149582047,0.00019999970390927047,0.011999999514955562,0.004400000761961564,1.4522999999826425
1419,d184_u1,neutral,train,184,1,random,3,0,0,0,0,0,0,0,0,not_invoked,,1,2176,1.4416000003620866,0.012600000445672777,0.0002999995558639057,0.0007999997251317836,0.004600000465870835,1.464799999666866
1420,d184_u2,neutral,train,184,2,random,3,0,0,0,0,0,0,0,0,not_invoked,,1,2176,1.4381000000867061,0.012000000424450263,0.00019999970390927047,0.000999999429041054,0.0045000006139162,1.4604999996663537
1421,d184_u3,happy,train,184,3,random,3,1,1,0,0,0,1,1,0,ok,"{""sentences"": [""I hear you."", ""We can pause here for a moment.""], ""safety"": ""ok""}",1,2176,1.4860000001135631,0.012299999980314169,0.0002999995558639057,0.01160000010713702,0.004300000000512227,1.5191000002232613
1422,d184_u4,happy,train,184,4,random,3,1,1,0,0,0,1,1,0,ok,"{""sentences"": [""I hear you."", ""We can pause here for a moment.""], ""safety"": ""ok""}",1,2176,1.4247999997678562,0.012900000001536682,0.0002999995558639057,0.011899999663000926,0.004399999852466863,1.459199999771954
1423,d184_u5,happy,train,184,5,random,3,0,0,0,0,0,0,0,0,not_invoked,,1,2176,1.455300000088755,0.01500000053056283,0.0002999995558639057,0.0012000000424450263,0.005300000339047983,1.4827000004515867
1424,d184_u6,sad,train,184,6,random,3,0,0,0,0,0,0,0,0,not_invoked,,1,2176,1.4666000006400282,0.013699999726668466,0.00030000046535860747,0.001100000190490391,0.005100000635138713,1.4922000000296975
1425,d184_u7,neutral,train,184,7,random,3,1,1,0,0,0,1,1,0,ok,"{""sentences"": [""I hear you."", ""We can pause here for a moment.""], ""safety"": ""ok""}",1,2176,1.5616000000591157,0.012900000001536682,0.00019999970390927047,0.012599999536178075,0.004499999704421498,1.5967999997883453
1426,d184_u8,neutral,train,184,8,random,3,0,0,0,0,0,0,0,0,not_invoked,,1,2176,1.573100000314298,0.012700000297627412,0.00019999970390927047,0.0008999995770864189,0.004399999852466863,1.5961999997671228
1427,d184_u9,happy,train,184,9,random,3,0,0,0,0,0,0,0,0,not_invoked,,1,2176,1.720200000818295,0.012200000128359534,0.00019999970390927047,0.0009000004865811206,0.004499999704421498,1.7428999999538064
1428,d184_u10,angry,train,184,10,random,3,1,1,0,0,0,1,1,0,ok,"{""sentences"": [""I hear you."", ""We can pause here for a moment.""], ""safety"": ""ok""}",1,2176,1.4000999999552732,0.013199999557400588,0.00019999970390927047,0.012500000593718141,0.004499999704421498,1.4352999996845028
1429,d184_u12,neutral,train,184,12,random,3,0,0,0,0,0,0,0,0,not_invoked,,1,2176,1.359500000035041,0.012599999536178075,0.00020000061340397224,0.0009000004865811206,0.004499999704421498,1.3828999999532243
1430,d184_u13,angry,train,184,13,random,3,1,1,0,0,0,1,1,0,ok,"{""sentences"": [""I hear you."", ""We can pause here for a moment.""], ""safety"": ""ok""}",1,2176,1.3497999998435262,0.012600000445672777,0.00019999970390927047,0.011699999959091656,0.004300000000512227,1.3833000002705376
1431,d184_u14,neutral,train,184,14,random,3,1,1,0,0,0,1,1,0,ok,"{""sentences"": [""I hear you."", ""We can pause here for a moment.""], ""safety"": ""ok""}",1,2176,1.358500000606,0.012800000149582047,0.00020000061340397224,0.012100000276404899,0.004300000000512227,1.392899999700603
1432,d184_u16,angry,train,184,16,random,3,0,0,0,0,0,0,0,0,not_invoked,,1,2176,1.3576999999713735,0.012299999980314169,0.0002999995558639057,0.0009000004865811206,0.004499999704421498,1.3804000000163796
1433,d184_u17,angry,train,184,17,random,3,1,1,0,0,0,1,1,0,ok,"{""sentences"": [""I hear you."", ""We can pause here for a moment.""], ""safety"": ""ok""}",1,2176,1.7997000004470465,0.01359999987471383,0.00030000046535860747,0.012199999218864832,0.004499999704421498,1.8352999995840946
1434,d184_u18,neutral,train,184,18,random,3,1,1,0,0,0,1,1,0,ok,"{""sentences"": [""I hear you."", ""We can pause here for a moment.""], ""safety"": ""ok""}",1,2176,1.471999999921536,0.0152000002344721,0.00030000046535860747,0.012999999853491317,0.004800000169780105,1.5105000002222368
1435,d184_u19,angry,train,184,19,random,3,0,0,0,0,0,0,0,0,not_invoked,,1,2176,1.6407000002800487,0.012500000593718141,0.0002999995558639057,0.0008999995770864189,0.004600000465870835,1.6635000001770095
1436,d184_u20,neutral,train,184,20,random,3,0,0,0,0,0,0,0,0,not_invoked,,1,2176,1.3432000005195732,0.012900000001536682,0.00020000061340397224,0.0010000003385357559,0.004900000021734741,1.3668999999936204
1437,d184_u21,angry,train,184,21,random,3,0,0,0,0,0,0,0,0,not_invoked,,1,2176,1.459699999941222,0.013099999705445953,0.00020000061340397224,0.0009000004865811206,0.004599999556376133,1.4833999994152691
1438,d185_u1,neutral,train,185,1,random,3,0,0,0,0,0,0,0,0,not_invoked,,1,2176,1.4564000002792454,0.012299999980314169,0.00019999970390927047,0.0008999995770864189,0.004300000000512227,1.478799999858893
1439,d185_u3,neutral,train,185,3,random,3,1,1,0,0,0,1,1,0,ok,"{""sentences"": [""I hear you."", ""We can pause here for a moment.""], ""safety"": ""ok""}",1,2176,1.2875000002168235,0.012399999832268804,0.00019999970390927047,0.012299999980314169,0.004300000000512227,1.3216999996075174
1440,d185_u5,sad,train,185,5,random,3,1,1,0,0,0,1,1,0,ok,"{""sentences"": [""I hear you."", ""We can pause here for a moment.""], ""safety"": ""ok""}",1,2176,1.3319000008777948,0.012200000128359534,0.00020000061340397224,0.011500000255182385,0.004300000000512227,1.365099999929953
1441,d185_u10,neutral,train,185,10,random,3,1,1,0,0,0,1,1,0,ok,"{""sentences"": [""I hear you."", ""We can pause here for a moment.""], ""safety"": ""ok""}",1,2176,1.4340999996420578,0.013199999557400588,0.021300000298651867,0.013699999726668466,0.004800000169780105,1.492599999437516
1442,d186_u0,happy,train,186,0,random,3,0,0,0,0,0,0,0,0,not_invoked,,1,2176,1.1546000005182577,0.012399999832268804,0.00020000061340397224,0.0009000004865811206,0.004599999556376133,1.1774999993576785
1443,d186_u1,happy,train,186,1,random,3,0,0,0,0,0,0,0,0,not_invoked,,1,2176,1.681000000644417,0.014799999917158857,0.0002999995558639057,0.0010000003385357559,0.0052999994295532815,1.7076000003726222
1444,d186_u2,happy,train,186,2,random,3,0,0,0,0,0,0,0,0,not_invoked,,1,2176,1.7131000004155794,0.012399999832268804,0.00019999970390927047,0.0008999995770864189,0.00470000031782547,1.7357999995510909
1445,d186_u3,happy,train,186,3,random,3,1,1,0,0,0,1,1,0,ok,"{""sentences"": [""I hear you."", ""We can pause here for a moment.""], ""safety"": ""ok""}",1,2176,1.5667999996367143,0.012900000001536682,0.00020000061340397224,0.012700000297627412,0.004300000000512227,1.6017999996620347
1446,d186_u4,neutral,train,186,4,random,3,0,0,0,0,0,0,0,0,not_invoked,,1,2176,1.2772000000040862,0.012800000149582047,0.00020000061340397224,0.0009000004865811206,0.004599999556376133,1.3005999999222695
1447,d187_u0,sad,train,187,0,random,3,0,0,0,0,0,0,0,0,not_invoked,,1,2176,1.4962000004743459,0.012299999980314169,0.00020000061340397224,0.0009000004865811206,0.004499999704421498,1.518699999905948
1448,d187_u2,happy,train,187,2,random,3,0,0,0,0,0,0,0,0,not_invoked,,1,2176,1.206599999932223,0.012299999980314169,0.0002999995558639057,0.000999999429041054,0.004399999852466863,1.22910000027332
1449,d187_u4,neutral,train,187,4,random,3,0,0,0,0,0,0,0,0,not_invoked,,1,2176,1.4160999999148771,0.012200000128359534,0.00019999970390927047,0.0009000004865811206,0.004599999556376133,1.438699999198434
1450,d187_u6,neutral,train,187,6,random,3,1,1,0,0,0,1,1,0,ok,"{""sentences"": [""I hear you."", ""We can pause here for a moment.""], ""safety"": ""ok""}",1,2176,1.575599999341648,0.013099999705445953,0.00030000046535860747,0.012500000593718141,0.004300000000512227,1.6107999999803724
1451,d187_u7,neutral,train,187,7,random,3,0,0,0,0,0,0,0,0,not_invoked,,1,2176,1.5604999998686253,0.014100000043981709,0.0002999995558639057,0.0008999995770864189,0.004999999873689376,1.5859000004638801
1452,d187_u8,neutral,train,187,8,random,3,1,1,0,0,0,1,1,0,ok,"{""sentences"": [""I hear you."", ""We can pause here for a moment.""], ""safety"": ""ok""}",1,2176,1.403299999765295,0.012900000001536682,0.00019999970390927047,0.012900000001536682,0.004399999852466863,1.43839999964257
1453,d187_u9,happy,train,187,9,random,3,1,1,0,0,0,1,1,0,ok,"{""sentences"": [""I hear you."", ""We can pause here for a moment.""], ""safety"": ""ok""}",1,2176,1.5017000005173031,0.012999999853491317,0.0002999995558639057,0.01249999968422344,0.0045000006139162,1.5369000002465327
1454,d188_u0,neutral,train,188,0,random,3,0,0,0,0,0,0,0,0,not_invoked,,1,2176,1.5089000007719733,0.012200000128359534,0.00030000046535860747,0.0009000004865811206,0.004800000169780105,1.532000000224798
1455,d188_u2,neutral,train,188,2,random,3,1,1,0,0,0,1,1,0,ok,"{""sentences"": [""I hear you."", ""We can pause here for a moment.""], ""safety"": ""ok""}",1,2176,1.4254999996410334,0.01249999968422344,0.00020000061340397224,0.011900000572495628,0.004300000000512227,1.4592999996239087
1456,d188_u3,angry,train,188,3,random,3,1,1,0,0,0,1,1,0,ok,"{""sentences"": [""I hear you."", ""We can pause here for a moment.""], ""safety"": ""ok""}",1,2176,1.4283000000432367,0.01269999938813271,0.0002999995558639057,0.011900000572495628,0.004300000000512227,1.4623999995819759
1457,d188_u4,angry,train,188,4,random,3,0,0,0,0,0,0,0,0,not_invoked,,1,2176,1.4209000000846572,0.012900000001536682,0.00019999970390927047,0.0008999995770864189,0.004699999408330768,1.444699999410659
1458,d188_u5,angry,train,188,5,random,3,0,0,0,0,0,0,0,0,not_invoked,,1,2176,1.4134000002741232,0.012999999853491317,0.00030000046535860747,0.0008999995770864189,0.004599999556376133,1.4370999997481704
1459,d188_u6,neutral,train,188,6,random,3,0,0,0,0,0,0,0,0,not_invoked,,1,2176,1.344299999800569,0.012299999980314169,0.00030000046535860747,0.0008999995770864189,0.004599999556376133,1.3671999995494843
1460,d189_u1,neutral,train,189,1,random,3,0,0,0,0,0,0,0,0,not_invoked,,1,2176,1.3393999997788342,0.013099999705445953,0.00030000046535860747,0.0007999997251317836,0.004499999704421498,1.3628999995489721
1461,d189_u2,neutral,train,189,2,random,3,1,1,0,0,0,1,1,0,ok,"{""sentences"": [""I hear you."", ""We can pause here for a moment.""], ""safety"": ""ok""}",1,2176,1.5246000002662186,0.014700000065204222,0.00030000046535860747,0.01359999987471383,0.031800000215298496,1.590599999872211
1462,d189_u3,neutral,train,189,3,random,3,0,0,0,0,0,0,0,0,not_invoked,,1,2176,1.585500000146567,0.012599999536178075,0.00030000046535860747,0.0009000004865811206,0.004399999852466863,1.6081999992820784
1463,d189_u4,neutral,train,189,4,random,3,0,0,0,0,0,0,0,0,not_invoked,,1,2176,1.289099999667087,0.01249999968422344,0.00020000061340397224,0.0010000003385357559,0.004300000000512227,1.311899999564048
1464,d189_u5,happy,train,189,5,random,3,0,0,0,0,0,0,0,0,not_invoked,,1,2176,1.263199999812059,0.012000000424450263,0.0002999995558639057,0.0008999995770864189,0.004799999260285404,1.2858000000051106
1465,d189_u6,angry,train,189,6,random,3,0,0,0,0,0,0,0,0,not_invoked,,1,2176,1.2686999998550164,0.012800000149582047,0.00020000061340397224,0.0010000003385357559,0.004499999704421498,1.2924000002385583
1466,d189_u7,neutral,train,189,7,random,3,0,0,0,0,0,0,0,0,not_invoked,,1,2176,1.2555000002976158,0.012900000001536682,0.0002999995558639057,0.000999999429041054,0.004999999873689376,1.2796000000889762
1467,d189_u8,angry,train,189,8,random,3,0,0,0,0,0,0,0,0,not_invoked,,1,2176,1.303399999414978,0.012399999832268804,0.00020000061340397224,0.0008999995770864189,0.00470000031782547,1.326800000242656
1468,d189_u9,neutral,train,189,9,random,3,0,0,0,0,0,0,0,0,not_invoked,,1,2176,1.3090000002193847,0.012399999832268804,0.00030000046535860747,0.0009000004865811206,0.004599999556376133,1.3318999999683
1469,d189_u10,neutral,train,189,10,random,3,1,1,0,0,0,1,1,0,ok,"{""sentences"": [""I hear you."", ""We can pause here for a moment.""], ""safety"": ""ok""}",1,2176,1.496699999734119,0.013099999705445953,0.00030000046535860747,0.012399999832268804,0.004499999704421498,1.5319000003728434
1470,d189_u13,angry,train,189,13,random,3,0,0,0,0,0,0,0,0,not_invoked,,1,2176,1.1617000000114786,0.013100000614940654,0.0002999995558639057,0.0010000003385357559,0.004599999556376133,1.1854999993374804
1471,d189_u14,happy,train,189,14,random,3,1,1,0,0,0,1,1,0,ok,"{""sentences"": [""I hear you."", ""We can pause here for a moment.""], ""safety"": ""ok""}",1,2176,2.0787000003110734,0.012700000297627412,0.0002999995558639057,0.012399999832268804,0.004399999852466863,2.1130999994056765
1472,d189_u15,neutral,train,189,15,random,3,1,1,0,0,0,1,1,0,ok,"{""sentences"": [""I hear you."", ""We can pause here for a moment.""], ""safety"": ""ok""}",1,2176,1.6991000002235523,0.016799999684735667,0.00030000046535860747,0.014700000065204222,0.004899999112240039,1.7416000000594067
1473,d190_u0,neutral,train,190,0,random,3,0,0,0,0,0,0,0,0,not_invoked,,1,2176,1.3736000000790227,0.01249999968422344,0.00019999970390927047,0.0010000003385357559,0.004599999556376133,1.3966999995318474
1474,d190_u1,neutral,train,190,1,random,3,0,0,0,0,0,0,0,0,not_invoked,,1,2176,1.355899999907706,0.012599999536178075,0.0002999995558639057,0.0007999997251317836,0.004600000465870835,1.3792999998258892
1475,d190_u2,happy,train,190,2,random,3,1,1,0,0,0,1,1,0,ok,"{""sentences"": [""I hear you."", ""We can pause here for a moment.""], ""safety"": ""ok""}",1,2176,1.623000000108732,0.028499999643827323,0.00020000061340397224,0.027600000066740904,0.004100000296602957,1.6883999996935017
1476,d190_u3,neutral,train,190,3,random,3,0,0,0,0,0,0,0,0,not_invoked,,1,2176,1.3460999998642365,0.012900000001536682,0.00020000061340397224,0.0010000003385357559,0.004600000465870835,1.3697000003958237
1477,d190_u4,happy,train,190,4,random,3,1,1,0,0,0,1,1,0,ok,"{""sentences"": [""I hear you."", ""We can pause here for a moment.""], ""safety"": ""ok""}",1,2176,1.5766000005896785,0.01320000046689529,0.00019999970390927047,0.026699999580159783,0.004399999852466863,1.6261999999187537
1478,d190_u5,neutral,train,190,5,random,3,0,0,0,0,0,0,0,0,not_invoked,,1,2176,1.3211999994382495,0.012599999536178075,0.00020000061340397224,0.0009000004865811206,0.004699999408330768,1.3443000007100636
1479,d190_u6,happy,train,190,6,random,3,0,0,0,0,0,0,0,0,not_invoked,,1,2176,1.6390000000683358,0.014100000043981709,0.00030000046535860747,0.001100000190490391,0.0054000001910026185,1.665300000240677
1480,d190_u7,neutral,train,190,7,random,3,1,1,0,0,0,1,1,0,ok,"{""sentences"": [""I hear you."", ""We can pause here for a moment.""], ""safety"": ""ok""}",1,2176,1.6236000001299544,0.01320000046689529,0.00020000061340397224,0.013500000022759195,0.004399999852466863,1.6601000006630784
1481,d191_u0,angry,train,191,0,random,3,0,0,0,0,0,0,0,0,not_invoked,,1,2176,1.613800000086485,0.012999999853491317,0.00020000061340397224,0.0008999995770864189,0.004399999852466863,1.6376000003219815
1482,d191_u1,neutral,train,191,1,random,3,1,1,0,0,0,1,1,0,ok,"{""sentences"": [""I hear you."", ""We can pause here for a moment.""], ""safety"": ""ok""}",1,2176,1.3017999999647145,0.013300000318849925,0.00019999970390927047,0.01249999968422344,0.004600000465870835,1.3375999997151666
1483,d191_u2,neutral,train,191,2,random,3,1,1,0,0,0,1,1,0,ok,"{""sentences"": [""I hear you."", ""We can pause here for a moment.""], ""safety"": ""ok""}",1,2176,1.6209999994316604,0.012999999853491317,0.00020000061340397224,0.012000000424450263,0.004300000000512227,1.6553999994357582
1484,d191_u3,happy,train,191,3,random,3,1,1,0,0,0,1,1,0,ok,"{""sentences"": [""I hear you."", ""We can pause here for a moment.""], ""safety"": ""ok""}",1,2176,1.304800000070827,0.01249999968422344,0.00019999970390927047,0.011899999663000926,0.004300000000512227,1.3385000002017478
1485,d191_u4,neutral,train,191,4,random,3,0,0,0,0,0,0,0,0,not_invoked,,1,2176,1.6570999996474711,0.012399999832268804,0.00019999970390927047,0.0008999995770864189,0.004600000465870835,1.6800000003058813
1486,d191_u5,neutral,train,191,5,random,3,0,0,0,0,0,0,0,0,not_invoked,,1,2176,1.3557000002037967,0.012700000297627412,0.00019999970390927047,0.0010000003385357559,0.004599999556376133,1.37910000012198
1487,d191_u6,neutral,train,191,6,random,3,0,0,0,0,0,0,0,0,not_invoked,,1,2176,1.3519999993150122,0.012800000149582047,0.00030000046535860747,0.0010000003385357559,0.004600000465870835,1.3756999996985542
1488,d192_u0,sad,train,192,0,random,3,0,0,0,0,0,0,0,0,not_invoked,,1,2176,1.371399999698042,0.012400000741763506,0.00019999970390927047,0.0008999995770864189,0.004600000465870835,1.3944000002084067
1489,d192_u1,neutral,train,192,1,random,3,1,1,0,0,0,1,1,0,ok,"{""sentences"": [""I hear you."", ""We can pause here for a moment.""], ""safety"": ""ok""}",1,2176,1.7545000000609434,0.014399999599845614,0.00030000046535860747,0.013900000340072438,0.004900000021734741,1.7934999996214174
1490,d192_u2,neutral,train,192,2,random,3,1,1,0,0,0,1,1,0,ok,"{""sentences"": [""I hear you."", ""We can pause here for a moment.""], ""safety"": ""ok""}",1,2176,1.754800000526302,0.012399999832268804,0.00020000061340397224,0.011799999811046291,0.004399999852466863,1.7883000000438187
1491,d192_u3,happy,train,192,3,random,3,1,1,0,0,0,1,1,0,ok,"{""sentences"": [""I hear you."", ""We can pause here for a moment.""], ""safety"": ""ok""}",1,2176,1.7125999993368168,0.013099999705445953,0.00020000061340397224,0.012000000424450263,0.004300000000512227,1.7471999999543186
1492,d192_u4,happy,train,192,4,random,3,0,0,0,0,0,0,0,0,not_invoked,,1,2176,1.7223000004378264,0.012100000276404899,0.00030000046535860747,0.0008999995770864189,0.004399999852466863,1.7447999998694286
1493,d192_u6,happy,train,192,6,random,3,1,1,0,0,0,1,1,0,ok,"{""sentences"": [""I hear you."", ""We can pause here for a moment.""], ""safety"": ""ok""}",1,2176,1.4003999995111371,0.013099999705445953,0.00030000046535860747,0.012100000276404899,0.004600000465870835,1.4355000002979068
1494,d193_u0,neutral,train,193,0,random,3,1,1,0,0,0,1,1,0,ok,"{""sentences"": [""I hear you."", ""We can pause here for a moment.""], ""safety"": ""ok""}",1,2176,1.394599999912316,0.012599999536178075,0.00030000046535860747,0.012100000276404899,0.004399999852466863,1.4288999991549645
1495,d193_u1,happy,train,193,1,random,3,1,1,0,0,0,1,1,0,ok,"{""sentences"": [""I hear you."", ""We can pause here for a moment.""], ""safety"": ""ok""}",1,2176,1.5142000002015266,0.012900000001536682,0.0002999995558639057,0.012199999218864832,0.004599999556376133,1.5490999994653976
1496,d193_u2,happy,train,193,2,random,3,1,1,0,0,0,1,1,0,ok,"{""sentences"": [""I hear you."", ""We can pause here for a moment.""], ""safety"": ""ok""}",1,2176,1.5307999992728583,0.012299999980314169,0.00030000046535860747,0.011899999663000926,0.00419999923906289,1.5643000006093644
1497,d193_u3,neutral,train,193,3,random,3,0,0,0,0,0,0,0,0,not_invoked,,1,2176,1.547799999570998,0.0473000000056345,0.00039999940781854093,0.0013999997463542968,0.0057999995988211595,1.6115000007630442
1498,d193_u4,neutral,train,193,4,random,3,0,0,0,0,0,0,0,0,not_invoked,,1,2176,1.5857999997024308,0.01359999987471383,0.00030000046535860747,0.028499999643827323,0.004900000021734741,1.6381999994337093
1499,d193_u6,neutral,train,193,6,random,3,1,1,0,0,0,1,1,0,ok,"{""sentences"": [""I hear you."", ""We can pause here for a moment.""], ""safety"": ""ok""}",1,2176,1.4322000006359303,0.013300000318849925,0.00019999970390927047,0.014000000192027073,0.004800000169780105,1.469599999836646
1500,d193_u7,neutral,train,193,7,random,3,0,0,0,0,0,0,0,0,not_invoked,,1,2176,1.391900000271562,0.012400000741763506,0.0002999995558639057,0.0010000003385357559,0.004599999556376133,1.4150999995763414
1501,d194_u0,neutral,train,194,0,random,3,0,0,0,0,0,0,0,0,not_invoked,,1,2176,1.5964000003805268,0.012500000593718141,0.00019999970390927047,0.0008999995770864189,0.004599999556376133,1.619599999685306
1502,d194_u1,happy,train,194,1,random,3,0,0,0,0,0,0,0,0,not_invoked,,1,2176,1.2700000006589107,0.012999999853491317,0.0002999995558639057,0.000999999429041054,0.004800000169780105,1.2939999996888218
1503,d195_u0,neutral,train,195,0,random,3,1,1,0,0,0,1,1,0,ok,"{""sentences"": [""I hear you."", ""We can pause here for a moment.""], ""safety"": ""ok""}",1,2176,1.3494000004357076,0.012700000297627412,0.00020000061340397224,0.012900000001536682,0.004399999852466863,1.3847999998688465
1504,d195_u1,neutral,train,195,1,random,3,0,0,0,0,0,0,0,0,not_invoked,,1,2176,1.3670999996975297,0.013199999557400588,0.00020000061340397224,0.0010000003385357559,0.004600000465870835,1.390999999784981
1505,d195_u2,happy,train,195,2,random,3,0,0,0,0,0,0,0,0,not_invoked,,1,2176,1.4218000005712383,0.012700000297627412,0.00030000046535860747,0.0009000004865811206,0.0045000006139162,1.4453000003413763
1506,d195_u4,happy,train,195,4,random,3,0,0,0,0,0,0,0,0,not_invoked,,1,2176,1.4300000002549496,0.014199999895936344,0.00030000046535860747,0.01680000059423037,0.004900000021734741,1.4715999996042228
1507,d195_u5,neutral,train,195,5,random,3,1,1,0,0,0,1,1,0,ok,"{""sentences"": [""I hear you."", ""We can pause here for a moment.""], ""safety"": ""ok""}",1,2176,1.6710999998394982,0.014399999599845614,0.00019999970390927047,0.013500000022759195,0.004999999873689376,1.709600000140199
1508,d195_u6,neutral,train,195,6,random,3,0,0,0,0,0,0,0,0,not_invoked,,1,2176,1.617900000383088,0.012999999853491317,0.00019999970390927047,0.0008999995770864189,0.004599999556376133,1.6412999993917765
1509,d195_u8,angry,train,195,8,random,3,1,1,0,0,0,1,1,0,ok,"{""sentences"": [""I hear you."", ""We can pause here for a moment.""], ""safety"": ""ok""}",1,2176,1.468100000238337,0.01249999968422344,0.0002999995558639057,0.012100000276404899,0.004399999852466863,1.5020999999251217
1510,d195_u9,neutral,train,195,9,random,3,1,1,0,0,0,1,1,0,ok,"{""sentences"": [""I hear you."", ""We can pause here for a moment.""], ""safety"": ""ok""}",1,2176,1.4161999997668318,0.01249999968422344,0.00030000046535860747,0.011900000572495628,0.004399999852466863,1.449999999749707
1511,d195_u10,neutral,train,195,10,random,3,0,0,0,0,0,0,0,0,not_invoked,,1,2176,1.6014000002542161,0.012600000445672777,0.0002999995558639057,0.0008999995770864189,0.004599999556376133,1.6248000001723995
1512,d195_u12,neutral,train,195,12,random,3,1,1,0,0,0,1,1,0,ok,"{""sentences"": [""I hear you."", ""We can pause here for a moment.""], ""safety"": ""ok""}",1,2176,1.2880000003860914,0.013100000614940654,0.00019999970390927047,0.012200000128359534,0.004399999852466863,1.3231000002633664
1513,d195_u13,neutral,train,195,13,random,3,1,1,0,0,0,1,1,0,ok,"{""sentences"": [""I hear you."", ""We can pause here for a moment.""], ""safety"": ""ok""}",1,2176,1.362100000733335,0.012600000445672777,0.00019999970390927047,0.012100000276404899,0.004200000148557592,1.3963000001240289
1514,d195_u14,angry,train,195,14,random,3,1,1,0,0,0,1,1,0,ok,"{""sentences"": [""I hear you."", ""We can pause here for a moment.""], ""safety"": ""ok""}",1,2176,1.369600000543869,0.012399999832268804,0.0002999995558639057,0.011799999811046291,0.004499999704421498,1.403599999321159
1515,d195_u15,neutral,train,195,15,random,3,0,0,0,0,0,0,0,0,not_invoked,,1,2176,1.5193999997791252,0.014199999895936344,0.00030000046535860747,0.000999999429041054,0.0054000001910026185,1.5457000008609612
1516,d195_u16,neutral,train,195,16,random,3,0,0,0,0,0,0,0,0,not_invoked,,1,2176,1.679599999988568,0.012700000297627412,0.0002999995558639057,0.0010000003385357559,0.004900000021734741,1.7032000005201553
1517,d195_u17,neutral,train,195,17,random,3,1,1,0,0,0,1,1,0,ok,"{""sentences"": [""I hear you."", ""We can pause here for a moment.""], ""safety"": ""ok""}",1,2176,1.5106000000741915,0.012200000128359534,0.00019999970390927047,0.013300000318849925,0.004499999704421498,1.5456000000995118
1518,d195_u19,happy,train,195,19,random,3,0,0,0,0,0,0,0,0,not_invoked,,1,2176,1.4111999998931424,0.012800000149582047,0.00019999970390927047,0.000999999429041054,0.004799999260285404,1.4349000002766843
1519,d196_u0,neutral,train,196,0,random,3,1,1,0,0,0,1,1,0,ok,"{""sentences"": [""I hear you."", ""We can pause here for a moment.""], ""safety"": ""ok""}",1,2176,1.4025000000401633,0.013099999705445953,0.00020000061340397224,0.012200000128359534,0.004300000000512227,1.4373000003615743
1520,d196_u1,neutral,train,196,1,random,3,0,0,0,0,0,0,0,0,not_invoked,,1,2176,1.342300000032992,0.012600000445672777,0.00019999970390927047,0.0008999995770864189,0.004499999704421498,1.3655000002472661
1521,d197_u0,happy,train,197,0,random,3,1,1,0,0,0,1,1,0,ok,"{""sentences"": [""I hear you."", ""We can pause here for a moment.""], ""safety"": ""ok""}",1,2176,1.3456999995469232,0.012999999853491317,0.00039999940781854093,0.012299999980314169,0.004399999852466863,1.3810000000376021
1522,d197_u2,happy,train,197,2,random,3,0,0,0,0,0,0,0,0,not_invoked,,1,2176,1.362199999675795,0.012600000445672777,0.0002999995558639057,0.0008999995770864189,0.004599999556376133,1.385699999445933
1523,d197_u4,happy,train,197,4,random,3,0,0,0,0,0,0,0,0,not_invoked,,1,2176,1.6703000001143664,0.013299999409355223,0.00019999970390927047,0.0010999992809956893,0.004600000465870835,1.6943999999057269
1524,d197_u5,neutral,train,197,5,random,3,0,0,0,0,0,0,0,0,not_invoked,,1,2176,1.394300000356452,0.01249999968422344,0.00030000046535860747,0.0009000004865811206,0.004599999556376133,1.4174000007187715
1525,d197_u6,neutral,train,197,6,random,3,1,1,0,0,0,1,1,0,ok,"{""sentences"": [""I hear you."", ""We can pause here for a moment.""], ""safety"": ""ok""}",1,2176,1.8073000001095352,0.012900000001536682,0.0002999995558639057,0.012200000128359534,0.004599999556376133,1.8425000007482595
1526,d197_u7,neutral,train,197,7,random,3,1,1,0,0,0,1,1,0,ok,"{""sentences"": [""I hear you."", ""We can pause here for a moment.""], ""safety"": ""ok""}",1,2176,1.4408999995794147,0.01359999987471383,0.00030000046535860747,0.013500000022759195,0.004900000021734741,1.4779999992242665
1527,d198_u0,neutral,train,198,0,random,3,1,1,0,0,0,1,1,0,ok,"{""sentences"": [""I hear you."", ""We can pause here for a moment.""], ""safety"": ""ok""}",1,2176,1.4182000004439033,0.012200000128359534,0.00030000046535860747,0.012200000128359534,0.0045000006139162,1.4522000001306878
1528,d198_u1,neutral,train,198,1,random,3,1,1,0,0,0,1,1,0,ok,"{""sentences"": [""I hear you."", ""We can pause here for a moment.""], ""safety"": ""ok""}",1,2176,1.4090999993641162,0.012999999853491317,0.00030000046535860747,0.02660000063769985,0.004399999852466863,1.4586000006602262
1529,d198_u2,happy,train,198,2,random,3,1,1,0,0,0,1,1,0,ok,"{""sentences"": [""I hear you."", ""We can pause here for a moment.""], ""safety"": ""ok""}",1,2176,1.4952000001358101,0.012999999853491317,0.00020000061340397224,0.012299999980314169,0.004300000000512227,1.5299999995477265
1530,d198_u3,neutral,train,198,3,random,3,1,1,0,0,0,1,1,0,ok,"{""sentences"": [""I hear you."", ""We can pause here for a moment.""], ""safety"": ""ok""}",1,2176,1.4155999997456092,0.012700000297627412,0.0002999995558639057,0.011699999959091656,0.004300000000512227,1.4652999998361338
1531,d198_u5,neutral,train,198,5,random,3,0,0,0,0,0,0,0,0,not_invoked,,1,2176,1.591299999745388,0.013099999705445953,0.00030000046535860747,0.0009000004865811206,0.00470000031782547,1.6152999996847939
1532,d198_u6,happy,train,198,6,random,3,1,1,0,0,0,1,1,0,ok,"{""sentences"": [""I hear you."", ""We can pause here for a moment.""], ""safety"": ""ok""}",1,2176,1.2657999996008584,0.01269999938813271,0.00020000061340397224,0.01160000010713702,0.004400000761961564,1.2993999998798245
1533,d199_u0,sad,train,199,0,random,3,0,0,0,0,0,0,0,0,not_invoked,,1,2176,1.663800000642368,0.015300000086426735,0.0002999995558639057,0.001100000190490391,0.005300000339047983,1.6912999999476597
1534,d199_u1,happy,train,199,1,random,3,1,1,0,0,0,1,1,0,ok,"{""sentences"": [""I hear you."", ""We can pause here for a moment.""], ""safety"": ""ok""}",1,2176,1.35610000052111,0.015100000382517464,0.0002999995558639057,0.014100000043981709,0.004999999873689376,1.3959999996586703
1535,d199_u2,happy,train,199,2,random,3,0,0,0,0,0,0,0,0,not_invoked,,1,2176,1.4866999999867403,0.01320000046689529,0.0002999995558639057,0.000999999429041054,0.004699999408330768,1.5107999997781008
1536,d199_u3,happy,train,199,3,random,3,1,1,0,0,0,1,1,0,ok,"{""sentences"": [""I hear you."", ""We can pause here for a moment.""], ""safety"": ""ok""}",1,2176,1.4910999998392072,0.01249999968422344,0.0002999995558639057,0.01249999968422344,0.004399999852466863,1.5258000003086636
1537,d199_u4,neutral,train,199,4,random,3,1,1,0,0,0,1,1,0,ok,"{""sentences"": [""I hear you."", ""We can pause here for a moment.""], ""safety"": ""ok""}",1,2176,1.343799999631301,0.013099999705445953,0.00020000061340397224,0.012399999832268804,0.004399999852466863,1.3790000002700253
1538,d199_u5,neutral,train,199,5,random,3,1,1,0,0,0,1,1,0,ok,"{""sentences"": [""I hear you."", ""We can pause here for a moment.""], ""safety"": ""ok""}",1,2176,1.3391000002229703,0.012800000149582047,0.00020000061340397224,0.011900000572495628,0.004300000000512227,1.3733999994656187
1539,d199_u8,neutral,train,199,8,random,3,0,0,0,0,0,0,0,0,not_invoked,,1,2176,1.380099999551021,0.012999999853491317,0.00019999970390927047,0.000999999429041054,0.0045000006139162,1.4040999994904269
1540,d199_u10,neutral,train,199,10,random,3,1,1,0,0,0,1,1,0,ok,"{""sentences"": [""I hear you."", ""We can pause here for a moment.""], ""safety"": ""ok""}",1,2176,1.3688999997611973,0.012800000149582047,0.00019999970390927047,0.011799999811046291,0.004400000761961564,1.4031000000613858
1541,d199_u11,neutral,train,199,11,random,3,1,1,0,0,0,1,1,0,ok,"{""sentences"": [""I hear you."", ""We can pause here for a moment.""], ""safety"": ""ok""}",1,2176,1.3818999996146886,0.012900000001536682,0.0002999995558639057,0.011999999514955562,0.004400000761961564,1.4160999999148771
1542,d200_u0,neutral,train,200,0,random,3,1,1,0,0,0,1,1,0,ok,"{""sentences"": [""I hear you."", ""We can pause here for a moment.""], ""safety"": ""ok""}",1,2176,1.318399999945541,0.02809999932651408,0.00020000061340397224,0.011500000255182385,0.004300000000512227,1.3673999992533936
1543,d200_u1,angry,train,200,1,random,3,0,0,0,0,0,0,0,0,not_invoked,,1,2176,1.4135000001260778,0.014500000361294951,0.00030000046535860747,0.000999999429041054,0.005700000656361226,1.4404000003196415
1544,d200_u4,angry,train,200,4,random,3,0,0,0,0,0,0,0,0,not_invoked,,1,2176,1.4697000005980954,0.012800000149582047,0.00020000061340397224,0.0009000004865811206,0.00470000031782547,1.493300000220188
1545,d200_u5,angry,train,200,5,random,3,0,0,0,0,0,0,0,0,not_invoked,,1,2176,1.4209000000846572,0.01320000046689529,0.00030000046535860747,0.0010000003385357559,0.004600000465870835,1.4449999998760177
1546,d200_u6,angry,train,200,6,random,3,1,1,0,0,0,1,1,0,ok,"{""sentences"": [""I hear you."", ""We can pause here for a moment.""], ""safety"": ""ok""}",1,2176,1.4111000000411877,0.012700000297627412,0.00019999970390927047,0.012999999853491317,0.004399999852466863,1.4465000003838213
1547,d200_u7,happy,train,200,7,random,3,1,1,0,0,0,1,1,0,ok,"{""sentences"": [""I hear you."", ""We can pause here for a moment.""], ""safety"": ""ok""}",1,2176,1.462300000639516,0.013099999705445953,0.0002999995558639057,0.012299999980314169,0.004399999852466863,1.4973999996072962
1548,d200_u8,happy,train,200,8,random,3,0,0,0,0,0,0,0,0,not_invoked,,1,2176,1.4098999999987427,0.012200000128359534,0.00019999970390927047,0.0008999995770864189,0.004399999852466863,1.4322000006359303
1549,d200_u9,happy,train,200,9,random,3,1,1,0,0,0,1,1,0,ok,"{""sentences"": [""I hear you."", ""We can pause here for a moment.""], ""safety"": ""ok""}",1,2176,1.3271999996504746,0.012999999853491317,0.00020000061340397224,0.012299999980314169,0.02069999936793465,1.3783999993393081
1550,d201_u0,neutral,train,201,0,random,3,0,0,0,0,0,0,0,0,not_invoked,,1,2176,1.3920999999754713,0.012800000149582047,0.00030000046535860747,0.0009000004865811206,0.004599999556376133,1.4302000008683535
1551,d201_u1,neutral,train,201,1,random,3,0,0,0,0,0,0,0,0,not_invoked,,1,2176,1.341600000159815,0.012799999240087345,0.0002999995558639057,0.000999999429041054,0.004600000465870835,1.365099999929953
1552,d201_u2,happy,train,201,2,random,3,0,0,0,0,0,0,0,0,not_invoked,,1,2176,1.3071999992462224,0.012299999980314169,0.00020000061340397224,0.0009000004865811206,0.004499999704421498,1.330000000052678
1553,d201_u4,sad,train,201,4,random,3,0,0,0,0,0,0,0,0,not_invoked,,1,2176,1.6139999997903942,0.014200000805431046,0.00030000046535860747,0.0010000003385357559,0.03220000053261174,1.6668999996909406
1554,d201_u8,happy,train,201,8,random,3,1,1,0,0,0,1,1,0,ok,"{""sentences"": [""I hear you."", ""We can pause here for a moment.""], ""safety"": ""ok""}",1,2176,1.7070000003513996,0.012900000001536682,0.00030000046535860747,0.029200000426499173,0.00470000031782547,1.7593000002307235
1555,d201_u9,happy,train,201,9,random,3,0,0,0,0,0,0,0,0,not_invoked,,1,2176,1.5937999996822327,0.01320000046689529,0.00030000046535860747,0.0010000003385357559,0.004800000169780105,1.617900000383088
1556,d202_u0,happy,train,202,0,random,3,0,0,0,0,0,0,0,0,not_invoked,,1,2176,1.2275999997655163,0.012399999832268804,0.00019999970390927047,0.0008999995770864189,0.004699999408330768,1.2507000001278357
1557,d202_u1,neutral,train,202,1,random,3,1,1,0,0,0,1,1,0,ok,"{""sentences"": [""I hear you."", ""We can pause here for a moment.""], ""safety"": ""ok""}",1,2176,1.52669999988575,0.012299999980314169,0.00019999970390927047,0.012099999366910197,0.004300000000512227,1.5604000000166707
1558,d202_u2,neutral,train,202,2,random,3,0,0,0,0,0,0,0,0,not_invoked,,1,2176,1.2926999997944222,0.012600000445672777,0.00019999970390927047,0.000999999429041054,0.004599999556376133,1.3159000000086962
1559,d202_u3,neutral,train,202,3,random,3,0,0,0,0,0,0,0,0,not_invoked,,1,2176,1.4522000001306878,0.012100000276404899,0.00030000046535860747,0.0008000006346264854,0.004499999704421498,1.47469999956229
1560,d202_u4,neutral,train,202,4,random,3,1,1,0,0,0,1,1,0,ok,"{""sentences"": [""I hear you."", ""We can pause here for a moment.""], ""safety"": ""ok""}",1,2176,1.1478000005809008,0.012299999980314169,0.00020000061340397224,0.01160000010713702,0.004300000000512227,1.1811000003945082
1561,d202_u6,neutral,train,202,6,random,3,1,1,0,0,0,1,1,0,ok,"{""sentences"": [""I hear you."", ""We can pause here for a moment.""], ""safety"": ""ok""}",1,2176,1.2861000004704692,0.012600000445672777,0.0002999995558639057,0.011999999514955562,0.004400000761961564,1.3202000000092085
1562,d202_u8,happy,train,202,8,random,3,1,1,0,0,0,1,1,0,ok,"{""sentences"": [""I hear you."", ""We can pause here for a moment.""], ""safety"": ""ok""}",1,2176,1.38390000029176,0.01340000017080456,0.00020000061340397224,0.013199999557400588,0.004900000021734741,1.4210000008461066
1563,d202_u12,neutral,train,202,12,random,3,0,0,0,0,0,0,0,0,not_invoked,,1,2176,1.7503999997643405,0.014799999917158857,0.00030000046535860747,0.000999999429041054,0.004900000021734741,1.7766999999366817
1564,d202_u13,neutral,train,202,13,random,3,1,1,0,0,0,1,1,0,ok,"{""sentences"": [""I hear you."", ""We can pause here for a moment.""], ""safety"": ""ok""}",1,2176,1.6451999999844702,0.028299999939918052,0.00020000061340397224,0.012400000741763506,0.004399999852466863,1.6955000000962173
1565,d202_u14,neutral,train,202,14,random,3,1,1,0,0,0,1,1,0,ok,"{""sentences"": [""I hear you."", ""We can pause here for a moment.""], ""safety"": ""ok""}",1,2176,1.3227999997980078,0.012599999536178075,0.00019999970390927047,0.012100000276404899,0.004300000000512227,1.356899999336747
1566,d202_u15,neutral,train,202,15,random,3,1,1,0,0,0,1,1,0,ok,"{""sentences"": [""I hear you."", ""We can pause here for a moment.""], ""safety"": ""ok""}",1,2176,1.306799999838404,0.012999999853491317,0.00019999970390927047,0.012000000424450263,0.004399999852466863,1.341399999546411
1567,d202_u16,angry,train,202,16,random,3,0,0,0,0,0,0,0,0,not_invoked,,1,2176,1.6270000005533802,0.012200000128359534,0.00019999970390927047,0.0007999997251317836,0.004499999704421498,1.6496999996888917
1568,d203_u0,happy,train,203,0,random,3,0,0,0,0,0,0,0,0,not_invoked,,1,2176,1.2993999998798245,0.02700000004551839,0.0002999995558639057,0.0008999995770864189,0.004300000000512227,1.3367000001380802
1569,d203_u2,happy,train,203,2,random,3,0,0,0,0,0,0,0,0,not_invoked,,1,2176,1.5253000001393957,0.013199999557400588,0.00030000046535860747,0.0009000004865811206,0.004599999556376133,1.5490000005229376
1570,d203_u3,happy,train,203,3,random,3,0,0,0,0,0,0,0,0,not_invoked,,1,2176,1.528199999484059,0.02700000004551839,0.00020000061340397224,0.0009000004865811206,0.004499999704421498,1.5655000006518094
1571,d203_u4,happy,train,203,4,random,3,0,0,0,0,0,0,0,0,not_invoked,,1,2176,1.5672999998059822,0.014299999747890979,0.00030000046535860747,0.0010000003385357559,0.005099999725644011,1.6122999995786813
1572,d203_u5,neutral,train,203,5,random,3,0,0,0,0,0,0,0,0,not_invoked,,1,2176,1.5714999999545398,0.01320000046689529,0.0002999995558639057,0.0010000003385357559,0.004900000021734741,1.5959000002112589
1573,d204_u0,happy,train,204,0,random,3,1,1,0,0,0,1,1,0,ok,"{""sentences"": [""I hear you."", ""We can pause here for a moment.""], ""safety"": ""ok""}",1,2176,1.6040000000430155,0.012399999832268804,0.00019999970390927047,0.01340000017080456,0.004499999704421498,1.639499999328109
1574,d204_u1,neutral,train,204,1,random,3,0,0,0,0,0,0,0,0,not_invoked,,1,2176,1.3236000004326343,0.012500000593718141,0.0002999995558639057,0.0008999995770864189,0.004799999260285404,1.3471000002027722
1575,d204_u2,neutral,train,204,2,random,3,0,0,0,0,0,0,0,0,not_invoked,,1,2176,1.5299999995477265,0.014400000509340316,0.0002999995558639057,0.001100000190490391,0.0052999994295532815,1.5568999997412902
1576,d204_u3,neutral,train,204,3,random,3,0,0,0,0,0,0,0,0,not_invoked,,1,2176,1.6387999994549318,0.017100000150094274,0.00020000061340397224,0.0010000003385357559,0.005300000339047983,1.6681999995853403
1577,d204_u4,neutral,train,204,4,random,3,0,0,0,0,0,0,0,0,not_invoked,,1,2176,1.6117000004669535,0.012700000297627412,0.00020000061340397224,0.0010000003385357559,0.004900000021734741,1.6354999997929554
1578,d204_u6,neutral,train,204,6,random,3,0,0,0,0,0,0,0,0,not_invoked,,1,2176,1.4636000005339156,0.012900000001536682,0.00019999970390927047,0.0009000004865811206,0.004800000169780105,1.4873999998599174
1579,d204_u7,neutral,train,204,7,random,3,0,0,0,0,0,0,0,0,not_invoked,,1,2176,1.4448000001721084,0.013500000022759195,0.0002999995558639057,0.0010000003385357559,0.005099999725644011,1.4699999992444646
1580,d204_u9,neutral,train,204,9,random,3,0,0,0,0,0,0,0,0,not_invoked,,1,2176,1.439599999685015,0.01449999945180025,0.0002999995558639057,0.0010000003385357559,0.005199999577598646,1.4658000000054017
1581,d204_u10,neutral,train,204,10,random,3,0,0,0,0,0,0,0,0,not_invoked,,1,2176,1.615999999557971,0.012900000001536682,0.0002999995558639057,0.0010000003385357559,0.004900000021734741,1.6402000001107808
1582,d204_u11,neutral,train,204,11,random,3,0,0,0,0,0,0,0,0,not_invoked,,1,2176,1.6233999995165505,0.012799999240087345,0.00019999970390927047,0.0008999995770864189,0.00470000031782547,1.6467999994347338
1583,d204_u12,neutral,train,204,12,random,3,0,0,0,0,0,0,0,0,not_invoked,,1,2176,1.6063999992184108,0.012900000001536682,0.00019999970390927047,0.0008999995770864189,0.004799999260285404,1.6301000005114474
1584,d204_u13,sad,train,204,13,random,3,1,1,0,0,0,1,1,0,ok,"{""sentences"": [""I hear you."", ""We can pause here for a moment.""], ""safety"": ""ok""}",1,2176,1.2549000002763933,0.012800000149582047,0.00030000046535860747,0.015300000086426735,0.004499999704421498,1.292999999350286
1585,d205_u0,neutral,train,205,0,random,3,0,0,0,0,0,0,0,0,not_invoked,,1,2176,1.3942999994469574,0.012999999853491317,0.00030000046535860747,0.0009000004865811206,0.004499999704421498,1.418000000739994
1586,d205_u1,neutral,train,205,1,random,3,0,0,0,0,0,0,0,0,not_invoked,,1,2176,1.3799999996990664,0.012100000276404899,0.00019999970390927047,0.0008999995770864189,0.004699999408330768,1.4029999992999365
1587,d205_u2,neutral,train,205,2,random,3,0,0,0,0,0,0,0,0,not_invoked,,1,2176,1.3378000003285706,0.012599999536178075,0.00020000061340397224,0.0009000004865811206,0.00470000031782547,1.361200000246754
1588,d205_u4,happy,train,205,4,random,3,0,0,0,0,0,0,0,0,not_invoked,,1,2176,1.3398000000961474,0.012399999832268804,0.00019999970390927047,0.0010000003385357559,0.004599999556376133,1.3628999995489721
1589,d205_u5,neutral,train,205,5,random,3,1,1,0,0,0,1,1,0,ok,"{""sentences"": [""I hear you."", ""We can pause here for a moment.""], ""safety"": ""ok""}",1,2176,1.7404000000169617,0.013699999726668466,0.00030000046535860747,0.012900000001536682,0.004499999704421498,1.776899999640591
1590,d205_u6,happy,train,205,6,random,3,1,1,0,0,0,1,1,0,ok,"{""sentences"": [""I hear you."", ""We can pause here for a moment.""], ""safety"": ""ok""}",1,2176,1.416600000084145,0.014299999747890979,0.0002999995558639057,0.0152000002344721,0.004999999873689376,1.4566999998351093
1591,d206_u0,neutral,train,206,0,random,3,1,1,0,0,0,1,1,0,ok,"{""sentences"": [""I hear you."", ""We can pause here for a moment.""], ""safety"": ""ok""}",1,2176,1.6872999995030113,0.012299999980314169,0.00019999970390927047,0.026200000320386607,0.004200000148557592,1.735200000439363
1592,d206_u1,angry,train,206,1,random,3,0,0,0,0,0,0,0,0,not_invoked,,1,2176,1.352000000224507,0.012999999853491317,0.00019999970390927047,0.0010000003385357559,0.004699999408330768,1.3760000001639128
1593,d206_u2,neutral,train,206,2,random,3,1,1,0,0,0,1,1,0,ok,"{""sentences"": [""I hear you."", ""We can pause here for a moment.""], ""safety"": ""ok""}",1,2176,1.390999999784981,0.012900000001536682,0.00019999970390927047,0.01249999968422344,0.004300000000512227,1.4261999995142105
1594,d206_u4,angry,train,206,4,random,3,1,1,0,0,0,1,1,0,ok,"{""sentences"": [""I hear you."", ""We can pause here for a moment.""], ""safety"": ""ok""}",1,2176,1.3783000003968482,0.012299999980314169,0.00019999970390927047,0.011599999197642319,0.004200000148557592,1.4117000000624103
1595,d206_u5,neutral,train,206,5,random,3,0,0,0,0,0,0,0,0,not_invoked,,1,2176,1.3902000000598491,0.01269999938813271,0.00019999970390927047,0.000999999429041054,0.00470000031782547,1.4138999995338963
1596,d206_u6,neutral,train,206,6,random,3,0,0,0,0,0,0,0,0,not_invoked,,1,2176,1.3500000004569301,0.012400000741763506,0.00019999970390927047,0.000999999429041054,0.004600000465870835,1.3729000002058456
1597,d206_u7,angry,train,206,7,random,3,1,1,0,0,0,1,1,0,ok,"{""sentences"": [""I hear you."", ""We can pause here for a moment.""], ""safety"": ""ok""}",1,2176,1.3527999999496387,0.012800000149582047,0.00019999970390927047,0.012200000128359534,0.004300000000512227,1.3872999998056912
1598,d206_u8,neutral,train,206,8,random,3,0,0,0,0,0,0,0,0,not_invoked,,1,2176,1.3647999994645943,0.012600000445672777,0.00019999970390927047,0.0008999995770864189,0.004699999408330768,1.3879000007364084
1599,d206_u9,angry,train,206,9,random,3,1,1,0,0,0,1,1,0,ok,"{""sentences"": [""I hear you."", ""We can pause here for a moment.""], ""safety"": ""ok""}",1,2176,1.7041999999491964,0.0152000002344721,0.00019999970390927047,0.013399999261309858,0.005399999281507917,1.7438000004403875
1600,d206_u11,angry,train,206,11,random,3,0,0,0,0,0,0,0,0,not_invoked,,1,2176,1.7213000000992906,0.012600000445672777,0.00019999970390927047,0.0008999995770864189,0.00470000031782547,1.7443999995521153
1601,d206_u12,angry,train,206,12,random,3,0,0,0,0,0,0,0,0,not_invoked,,1,2176,1.3087999996059807,0.01249999968422344,0.00019999970390927047,0.0008999995770864189,0.004600000465870835,1.332199999524164
1602,d206_u13,angry,train,206,13,random,3,1,1,0,0,0,1,1,0,ok,"{""sentences"": [""I hear you."", ""We can pause here for a moment.""], ""safety"": ""ok""}",1,2176,1.3122999998813611,0.012299999980314169,0.00019999970390927047,0.012200000128359534,0.004300000000512227,1.3460999998642365
1603,d206_u14,angry,train,206,14,random,3,0,0,0,0,0,0,0,0,not_invoked,,1,2176,1.6567000002396526,0.012999999853491317,0.00019999970390927047,0.0010000003385357559,0.004699999408330768,1.6805000004751491
1604,d206_u15,angry,train,206,15,random,3,1,1,0,0,0,1,1,0,ok,"{""sentences"": [""I hear you."", ""We can pause here for a moment.""], ""safety"": ""ok""}",1,2176,1.3141999997969833,0.012800000149582047,0.0002999995558639057,0.011900000572495628,0.004499999704421498,1.3484999999491265
1605,d206_u16,angry,train,206,16,random,3,1,1,0,0,0,1,1,0,ok,"{""sentences"": [""I hear you."", ""We can pause here for a moment.""], ""safety"": ""ok""}",1,2176,1.6083999998954823,0.01249999968422344,0.00030000046535860747,0.011699999959091656,0.004300000000512227,1.6420999991169083
1606,d206_u17,neutral,train,206,17,random,3,1,1,0,0,0,1,1,0,ok,"{""sentences"": [""I hear you."", ""We can pause here for a moment.""], ""safety"": ""ok""}",1,2176,1.2759999999616412,0.012900000001536682,0.00020000061340397224,0.012200000128359534,0.0045000006139162,1.310600000579143
1607,d206_u18,angry,train,206,18,random,3,1,1,0,0,0,1,1,0,ok,"{""sentences"": [""I hear you."", ""We can pause here for a moment.""], ""safety"": ""ok""}",1,2176,1.390700000229117,0.012200000128359534,0.0002999995558639057,0.011899999663000926,0.004999999873689376,1.424600000063947
1608,d207_u0,happy,train,207,0,random,3,0,0,0,0,0,0,0,0,not_invoked,,1,2176,1.5314000002035755,0.013699999726668466,0.00030000046535860747,0.0010000003385357559,0.004900000021734741,1.5569999995932449
1609,d207_u1,neutral,train,207,1,random,3,1,1,0,0,0,1,1,0,ok,"{""sentences"": [""I hear you."", ""We can pause here for a moment.""], ""safety"": ""ok""}",1,2176,1.5110999993339647,0.013300000318849925,0.00019999970390927047,0.012399999832268804,0.004600000465870835,1.5468999999939115
1610,d207_u3,neutral,train,207,3,random,3,1,1,0,0,0,1,1,0,ok,"{""sentences"": [""I hear you."", ""We can pause here for a moment.""], ""safety"": ""ok""}",1,2176,1.4248999996198108,0.012800000149582047,0.0002999995558639057,0.012100000276404899,0.004399999852466863,1.4595000002373126
1611,d207_u4,neutral,train,207,4,random,3,1,1,0,0,0,1,1,0,ok,"{""sentences"": [""I hear you."", ""We can pause here for a moment.""], ""safety"": ""ok""}",1,2176,1.4253999997890787,0.013099999705445953,0.00030000046535860747,0.012399999832268804,0.004300000000512227,1.4604999996663537
1612,d207_u5,neutral,train,207,5,random,3,0,0,0,0,0,0,0,0,not_invoked,,1,2176,1.39720000061061,0.012900000001536682,0.00030000046535860747,0.0010000003385357559,0.004800000169780105,1.4210999997885665
1613,d207_u6,neutral,train,207,6,random,3,0,0,0,0,0,0,0,0,not_invoked,,1,2176,1.3502000001608394,0.013099999705445953,0.00020000061340397224,0.0009000004865811206,0.00470000031782547,1.3743999998041545
1614,d207_u7,neutral,train,207,7,random,3,0,0,0,0,0,0,0,0,not_invoked,,1,2176,1.3177000000723638,0.012999999853491317,0.0002999995558639057,0.0009000004865811206,0.004699999408330768,1.341600000159815
1615,d207_u8,neutral,train,207,8,random,3,1,1,0,0,0,1,1,0,ok,"{""sentences"": [""I hear you."", ""We can pause here for a moment.""], ""safety"": ""ok""}",1,2176,1.3266999994812068,0.013099999705445953,0.0002999995558639057,0.011999999514955562,0.004600000465870835,1.361699999506527
1616,d207_u9,neutral,train,207,9,random,3,1,1,0,0,0,1,1,0,ok,"{""sentences"": [""I hear you."", ""We can pause here for a moment.""], ""safety"": ""ok""}",1,2176,1.3380999998844345,0.012700000297627412,0.0002999995558639057,0.026900000193563756,0.004300000000512227,1.3869000003978726
1617,d207_u10,happy,train,207,10,random,3,0,0,0,0,0,0,0,0,not_invoked,,1,2176,1.4893999996274943,0.014700000065204222,0.0002999995558639057,0.001100000190490391,0.004900000021734741,1.516000000265194
1618,d207_u11,happy,train,207,11,random,3,0,0,0,0,0,0,0,0,not_invoked,,1,2176,1.5432999998665764,0.012500000593718141,0.00030000046535860747,0.0009000004865811206,0.004900000021734741,1.5667999996367143
1619,d207_u12,neutral,train,207,12,random,3,1,1,0,0,0,1,1,0,ok,"{""sentences"": [""I hear you."", ""We can pause here for a moment.""], ""safety"": ""ok""}",1,2176,1.5286999996533268,0.013300000318849925,0.00030000046535860747,0.013500000022759195,0.004599999556376133,1.5655999995942693
1620,d207_u13,happy,train,207,13,random,3,0,0,0,0,0,0,0,0,not_invoked,,1,2176,1.4533999992636382,0.012800000149582047,0.0002999995558639057,0.0008999995770864189,0.004800000169780105,1.4768999999432708
1621,d207_u15,neutral,train,207,15,random,3,1,1,0,0,0,1,1,0,ok,"{""sentences"": [""I hear you."", ""We can pause here for a moment.""], ""safety"": ""ok""}",1,2176,1.4280999994298327,0.012999999853491317,0.00019999970390927047,0.01269999938813271,0.004599999556376133,1.4639000000897795
1622,d207_u16,neutral,train,207,16,random,3,1,1,0,0,0,1,1,0,ok,"{""sentences"": [""I hear you."", ""We can pause here for a moment.""], ""safety"": ""ok""}",1,2176,1.4232000003175926,0.013099999705445953,0.00030000046535860747,0.011999999514955562,0.0045000006139162,1.457999999729509
1623,d207_u17,angry,train,207,17,random,3,1,1,0,0,0,1,1,0,ok,"{""sentences"": [""I hear you."", ""We can pause here for a moment.""], ""safety"": ""ok""}",1,2176,1.313000000664033,0.012700000297627412,0.00019999970390927047,0.012000000424450263,0.004399999852466863,1.3472999999066815
1624,d207_u18,angry,train,207,18,random,3,0,0,0,0,0,0,0,0,not_invoked,,1,2176,1.280899999983376,0.012400000741763506,0.00030000046535860747,0.0008999995770864189,0.004600000465870835,1.303899999584246
1625,d207_u19,neutral,train,207,19,random,3,0,0,0,0,0,0,0,0,not_invoked,,1,2176,1.4238000003388152,0.012999999853491317,0.00019999970390927047,0.0009000004865811206,0.004699999408330768,1.4477000004262663
1626,d208_u1,neutral,train,208,1,random,3,0,0,0,0,0,0,0,0,not_invoked,,1,2176,1.442200000383309,0.012399999832268804,0.0002999995558639057,0.0009000004865811206,0.0045000006139162,1.4651000001322245
1627,d208_u3,neutral,train,208,3,random,3,1,1,0,0,0,1,1,0,ok,"{""sentences"": [""I hear you."", ""We can pause here for a moment.""], ""safety"": ""ok""}",1,2176,1.6895999997359468,0.016199999663513154,0.00019999970390927047,0.01449999945180025,0.0052999994295532815,1.731699999254488
1628,d208_u5,happy,train,208,5,random,3,0,0,0,0,0,0,0,0,not_invoked,,1,2176,1.695300000392308,0.012200000128359534,0.00030000046535860747,0.0009000004865811206,0.004699999408330768,1.7181000002892688
1629,d208_u6,angry,train,208,6,random,3,0,0,0,0,0,0,0,0,not_invoked,,1,2176,1.621500000510423,0.01249999968422344,0.00019999970390927047,0.0008999995770864189,0.004499999704421498,1.6444000002593384
1630,d208_u7,neutral,train,208,7,random,3,0,0,0,0,0,0,0,0,not_invoked,,1,2176,1.304800000070827,0.01249999968422344,0.00030000046535860747,0.0010000003385357559,0.004600000465870835,1.3277999996716972
1631,d208_u8,neutral,train,208,8,random,3,1,1,0,0,0,1,1,0,ok,"{""sentences"": [""I hear you."", ""We can pause here for a moment.""], ""safety"": ""ok""}",1,2176,1.5584000002490939,0.012200000128359534,0.00019999970390927047,0.012100000276404899,0.004599999556376133,1.592499999787833
1632,d208_u9,happy,train,208,9,random,3,1,1,0,0,0,1,1,0,ok,"{""sentences"": [""I hear you."", ""We can pause here for a moment.""], ""safety"": ""ok""}",1,2176,1.2452000000848784,0.012700000297627412,0.00019999970390927047,0.012100000276404899,0.004200000148557592,1.2793000005331123
1633,d208_u11,happy,train,208,11,random,3,1,1,0,0,0,1,1,0,ok,"{""sentences"": [""I hear you."", ""We can pause here for a moment.""], ""safety"": ""ok""}",1,2176,1.4688999999634689,0.012900000001536682,0.00019999970390927047,0.012299999980314169,0.004499999704421498,1.5040999996926985
1634,d208_u14,sad,train,208,14,random,3,0,0,0,0,0,0,0,0,not_invoked,,1,2176,1.4786000001549837,0.011799999811046291,0.00019999970390927047,0.0009000004865811206,0.004399999852466863,1.5004999995653634
1635,d209_u0,neutral,train,209,0,random,3,1,1,0,0,0,1,1,0,ok,"{""sentences"": [""I hear you."", ""We can pause here for a moment.""], ""safety"": ""ok""}",1,2176,1.6978000003291527,0.014799999917158857,0.0002999995558639057,0.013699999726668466,0.005100000635138713,1.7372000002069399
1636,d210_u0,angry,train,210,0,random,3,1,1,0,0,0,1,1,0,ok,"{""sentences"": [""I hear you."", ""We can pause here for a moment.""], ""safety"": ""ok""}",1,2176,1.79160000061529,0.012600000445672777,0.00030000046535860747,0.012800000149582047,0.0227999998969608,1.8449999997756095
1637,d210_u2,angry,train,210,2,random,3,1,1,0,0,0,1,1,0,ok,"{""sentences"": [""I hear you."", ""We can pause here for a moment.""], ""safety"": ""ok""}",1,2176,1.754899999468762,0.013199999557400588,0.00019999970390927047,0.011999999514955562,0.004300000000512227,1.803900000595604
1638,d210_u3,angry,train,210,3,random,3,1,1,0,0,0,1,1,0,ok,"{""sentences"": [""I hear you."", ""We can pause here for a moment.""], ""safety"": ""ok""}",1,2176,1.3180000005377224,0.012700000297627412,0.00030000046535860747,0.012100000276404899,0.0045000006139162,1.3526000002457295
1639,d210_u4,angry,train,210,4,random,3,0,0,0,0,0,0,0,0,not_invoked,,1,2176,1.377399999910267,0.012600000445672777,0.00019999970390927047,0.000999999429041054,0.004600000465870835,1.4006000001245411
1640,d210_u5,angry,train,210,5,random,3,0,0,0,0,0,0,0,0,not_invoked,,1,2176,1.342599999588856,0.012200000128359534,0.00030000046535860747,0.0009000004865811206,0.004800000169780105,1.3653000005433569
1641,d210_u6,happy,train,210,6,random,3,0,0,0,0,0,0,0,0,not_invoked,,1,2176,1.5954999998939456,0.012900000001536682,0.00019999970390927047,0.000999999429041054,0.004799999260285404,1.6192000002774876
1642,d210_u7,happy,train,210,7,random,3,1,1,0,0,0,1,1,0,ok,"{""sentences"": [""I hear you."", ""We can pause here for a moment.""], ""safety"": ""ok""}",1,2176,1.3165999998818734,0.013099999705445953,0.00019999970390927047,0.011999999514955562,0.004400000761961564,1.3513000003513298
1643,d210_u8,happy,train,210,8,random,3,0,0,0,0,0,0,0,0,not_invoked,,1,2176,1.342500000646396,0.013100000614940654,0.00019999970390927047,0.000999999429041054,0.00470000031782547,1.366299999972398
1644,d210_u9,neutral,train,210,9,random,3,1,1,0,0,0,1,1,0,ok,"{""sentences"": [""I hear you."", ""We can pause here for a moment.""], ""safety"": ""ok""}",1,2176,1.39240000044083,0.012599999536178075,0.00019999970390927047,0.012599999536178075,0.004300000000512227,1.4271000000007916
1645,d210_u10,neutral,train,210,10,random,3,0,0,0,0,0,0,0,0,not_invoked,,1,2176,1.6836999993756763,0.01650000012887176,0.0002999995558639057,0.001499999598308932,0.005500000042957254,1.7129000007116701
1646,d211_u0,happy,train,211,0,random,3,1,1,0,0,0,1,1,0,ok,"{""sentences"": [""I hear you."", ""We can pause here for a moment.""], ""safety"": ""ok""}",1,2176,1.654200000302808,0.011999999514955562,0.00020000061340397224,0.01359999987471383,0.004499999704421498,1.7037000006894232
1647,d211_u1,neutral,train,211,1,random,3,0,0,0,0,0,0,0,0,not_invoked,,1,2176,1.4952999999877647,0.013199999557400588,0.0002999995558639057,0.000999999429041054,0.004699999408330768,1.5193999997791252
1648,d211_u2,happy,train,211,2,random,3,0,0,0,0,0,0,0,0,not_invoked,,1,2176,1.42870000036055,0.012299999980314169,0.0002999995558639057,0.000999999429041054,0.004599999556376133,1.45169999996142
1649,d211_u3,neutral,train,211,3,random,3,0,0,0,0,0,0,0,0,not_invoked,,1,2176,1.707200000055309,0.027099999897473026,0.00019999970390927047,0.0009000004865811206,0.004399999852466863,1.74449999940407
1650,d211_u5,happy,train,211,5,random,3,0,0,0,0,0,0,0,0,not_invoked,,1,2176,1.39969999963796,0.01269999938813271,0.00030000046535860747,0.0009000004865811206,0.004499999704421498,1.4228000000002794
1651,d211_u7,neutral,train,211,7,random,3,1,1,0,0,0,1,1,0,ok,"{""sentences"": [""I hear you."", ""We can pause here for a moment.""], ""safety"": ""ok""}",1,2176,1.3658999996550847,0.012399999832268804,0.0002999995558639057,0.01249999968422344,0.004300000000512227,1.4002000007167226
1652,d211_u10,happy,train,211,10,random,3,0,0,0,0,0,0,0,0,not_invoked,,1,2176,1.3445000004139729,0.012599999536178075,0.00030000046535860747,0.0009000004865811206,0.004599999556376133,1.3678000004802016
1653,d211_u14,neutral,train,211,14,random,3,0,0,0,0,0,0,0,0,not_invoked,,1,2176,1.454600000215578,0.01579999934619991,0.00030000046535860747,0.0012999998943996616,0.0054000001910026185,1.482699999542092
1654,d212_u0,neutral,train,212,0,random,3,1,1,0,0,0,1,1,0,ok,"{""sentences"": [""I hear you."", ""We can pause here for a moment.""], ""safety"": ""ok""}",1,2176,1.504900000327325,0.04999999964638846,0.0002999995558639057,0.014600000213249587,0.004599999556376133,1.5792999993209378
1655,d212_u1,happy,train,212,1,random,3,0,0,0,0,0,0,0,0,not_invoked,,1,2176,1.5396999997392413,0.013199999557400588,0.0002999995558639057,0.0010000003385357559,0.005199999577598646,1.5643999995518243
1656,d212_u2,neutral,train,212,2,random,3,0,0,0,0,0,0,0,0,not_invoked,,1,2176,1.4413999997486826,0.012200000128359534,0.00030000046535860747,0.0009000004865811206,0.004599999556376133,1.4637999993283302
1657,d212_u6,neutral,train,212,6,random,3,1,1,0,0,0,1,1,0,ok,"{""sentences"": [""I hear you."", ""We can pause here for a moment.""], ""safety"": ""ok""}",1,2176,1.3216999996075174,0.012200000128359534,0.0002999995558639057,0.012900000001536682,0.004399999852466863,1.3564000000769738
1658,d212_u7,angry,train,212,7,random,3,1,1,0,0,0,1,1,0,ok,"{""sentences"": [""I hear you."", ""We can pause here for a moment.""], ""safety"": ""ok""}",1,2176,1.3189999999667634,0.012800000149582047,0.00019999970390927047,0.011999999514955562,0.00419999923906289,1.353200000266952
1659,d212_u8,neutral,train,212,8,random,3,0,0,0,0,0,0,0,0,not_invoked,,1,2176,1.3920999999754713,0.012299999980314169,0.0002999995558639057,0.0008999995770864189,0.00470000031782547,1.4150999995763414
1660,d213_u0,neutral,train,213,0,random,3,0,0,0,0,0,0,0,0,not_invoked,,1,2176,1.4639000000897795,0.01249999968422344,0.00030000046535860747,0.0009000004865811206,0.004599999556376133,1.4868000007481896
1661,d213_u1,neutral,train,213,1,random,3,1,1,0,0,0,1,1,0,ok,"{""sentences"": [""I hear you."", ""We can pause here for a moment.""], ""safety"": ""ok""}",1,2176,1.5123999992283643,0.012700000297627412,0.0002999995558639057,0.012399999832268804,0.004399999852466863,1.5471000006073155
1662,d213_u2,happy,train,213,2,random,3,0,0,0,0,0,0,0,0,not_invoked,,1,2176,1.4338999999381485,0.01269999938813271,0.0002999995558639057,0.0009000004865811206,0.004800000169780105,1.4572999998563319
1663,d213_u3,neutral,train,213,3,random,3,0,0,0,0,0,0,0,0,not_invoked,,1,2176,1.9257000003563007,0.013199999557400588,0.0002999995558639057,0.0008999995770864189,0.00470000031782547,1.9498999999996158
1664,d213_u4,sad,train,213,4,random,3,1,1,0,0,0,1,1,0,ok,"{""sentences"": [""I hear you."", ""We can pause here for a moment.""], ""safety"": ""ok""}",1,2176,1.628099999834376,0.01650000012887176,0.0002999995558639057,0.014299999747890979,0.005200000487093348,1.6700999995009624
1665,d214_u1,neutral,train,214,1,random,3,1,1,0,0,0,1,1,0,ok,"{""sentences"": [""I hear you."", ""We can pause here for a moment.""], ""safety"": ""ok""}",1,2176,1.4078000003792113,0.012000000424450263,0.0002999995558639057,0.01249999968422344,0.004600000465870835,1.4418000000659958
1666,d214_u2,sad,train,214,2,random,3,1,1,0,0,0,1,1,0,ok,"{""sentences"": [""I hear you."", ""We can pause here for a moment.""], ""safety"": ""ok""}",1,2176,1.5499999999519787,0.012200000128359534,0.00030000046535860747,0.011699999959091656,0.004200000148557592,1.5831999999136315
1667,d214_u4,neutral,train,214,4,random,3,1,1,0,0,0,1,1,0,ok,"{""sentences"": [""I hear you."", ""We can pause here for a moment.""], ""safety"": ""ok""}",1,2176,1.4030000002094312,0.012800000149582047,0.0002999995558639057,0.012100000276404899,0.004399999852466863,1.4372000005096197
1668,d214_u7,neutral,train,214,7,random,3,0,0,0,0,0,0,0,0,not_invoked,,1,2176,1.3226999999460531,0.012200000128359534,0.00019999970390927047,0.0009000004865811206,0.004499999704421498,1.34520000028715
1669,d214_u8,happy,train,214,8,random,3,0,0,0,0,0,0,0,0,not_invoked,,1,2176,1.3189999999667634,0.01300000076298602,0.00019999970390927047,0.0008999995770864189,0.004800000169780105,1.3429999999061693
1670,d214_u9,neutral,train,214,9,random,3,1,1,0,0,0,1,1,0,ok,"{""sentences"": [""I hear you."", ""We can pause here for a moment.""], ""safety"": ""ok""}",1,2176,1.3243000003058114,0.012800000149582047,0.00019999970390927047,0.011999999514955562,0.004599999556376133,1.3587999992523692
1671,d214_u10,neutral,train,214,10,random,3,0,0,0,0,0,0,0,0,not_invoked,,1,2176,1.5018000003692578,0.01359999987471383,0.00020000061340397224,0.0009000004865811206,0.004800000169780105,1.5265000001818407
1672,d215_u0,happy,train,215,0,random,3,0,0,0,0,0,0,0,0,not_invoked,,1,2176,1.4907000004313886,0.012299999980314169,0.00030000046535860747,0.0009000004865811206,0.004900000021734741,1.5137999998842133
1673,d216_u0,sad,train,216,0,random,3,1,1,0,0,0,1,1,0,ok,"{""sentences"": [""I hear you."", ""We can pause here for a moment.""], ""safety"": ""ok""}",1,2176,1.6116000006149989,0.029599999834317714,0.00020000061340397224,0.014100000043981709,0.005300000339047983,1.666299999669718
1674,d216_u1,neutral,train,216,1,random,3,1,1,0,0,0,1,1,0,ok,"{""sentences"": [""I hear you."", ""We can pause here for a moment.""], ""safety"": ""ok""}",1,2176,1.6568999999435619,0.011899999663000926,0.00030000046535860747,0.011900000572495628,0.004399999852466863,1.69000000005326
1675,d216_u2,neutral,train,216,2,random,3,0,0,0,0,0,0,0,0,not_invoked,,1,2176,1.5438000000358443,0.013800000488117803,0.0002999995558639057,0.0010000003385357559,0.004699999408330768,1.568500000757922
1676,d217_u0,neutral,train,217,0,random,3,1,1,0,0,0,1,1,0,ok,"{""sentences"": [""I hear you."", ""We can pause here for a moment.""], ""safety"": ""ok""}",1,2176,1.5691999997216044,0.012100000276404899,0.0002999995558639057,0.012100000276404899,0.004399999852466863,1.6028000000005704
1677,d218_u1,neutral,train,218,1,random,3,1,1,0,0,0,1,1,0,ok,"{""sentences"": [""I hear you."", ""We can pause here for a moment.""], ""safety"": ""ok""}",1,2176,1.6594999997323612,0.012700000297627412,0.00019999970390927047,0.011899999663000926,0.0045000006139162,1.6937999998845044
1678,d218_u2,neutral,train,218,2,random,3,0,0,0,0,0,0,0,0,not_invoked,,1,2176,1.3004999991608202,0.01249999968422344,0.00030000046535860747,0.0010000003385357559,0.004800000169780105,1.3238000001365435
1679,d218_u3,neutral,train,218,3,random,3,0,0,0,0,0,0,0,0,not_invoked,,1,2176,1.3486999996530358,0.012200000128359534,0.0002999995558639057,0.0008999995770864189,0.004600000465870835,1.3718999998673098
1680,d218_u4,sad,train,218,4,random,3,0,0,0,0,0,0,0,0,not_invoked,,1,2176,1.3668999999936204,0.012900000001536682,0.00020000061340397224,0.0010000003385357559,0.004600000465870835,1.3905000005252077
1681,d218_u5,neutral,train,218,5,random,3,0,0,0,0,0,0,0,0,not_invoked,,1,2176,1.6003000000637257,0.016599999980826396,0.00030000046535860747,0.000999999429041054,0.0054000001910026185,1.629500000490225
1682,d218_u6,sad,train,218,6,random,3,0,0,0,0,0,0,0,0,not_invoked,,1,2176,1.625100000637758,0.012700000297627412,0.0002999995558639057,0.000999999429041054,0.005000000783184078,1.6487000002598506
1683,d218_u7,neutral,train,218,7,random,3,1,1,0,0,0,1,1,0,ok,"{""sentences"": [""I hear you."", ""We can pause here for a moment.""], ""safety"": ""ok""}",1,2176,1.4441000002989313,0.012999999853491317,0.0002999995558639057,0.014799999917158857,0.004900000021734741,1.482199999372824
1684,d218_u8,neutral,train,218,8,random,3,0,0,0,0,0,0,0,0,not_invoked,,1,2176,1.437400000213529,0.02700000004551839,0.00030000046535860747,0.0009000004865811206,0.00470000031782547,1.4750000000276486
1685,d218_u9,neutral,train,218,9,random,3,0,0,0,0,0,0,0,0,not_invoked,,1,2176,1.349600000139617,0.01249999968422344,0.00020000061340397224,0.0009000004865811206,0.00470000031782547,1.3730000000578002
1686,d218_u10,neutral,train,218,10,random,3,0,0,0,0,0,0,0,0,not_invoked,,1,2176,1.3559999997596606,0.013099999705445953,0.00019999970390927047,0.0010000003385357559,0.004499999704421498,1.3797999999951571
1687,d218_u11,neutral,train,218,11,random,3,0,0,0,0,0,0,0,0,not_invoked,,1,2176,1.4329999994515674,0.012599999536178075,0.00020000061340397224,0.0008000006346264854,0.004800000169780105,1.4564000002792454
1688,d218_u12,neutral,train,218,12,random,3,0,0,0,0,0,0,0,0,not_invoked,,1,2176,1.4182000004439033,0.012700000297627412,0.0002999995558639057,0.0009000004865811206,0.004599999556376133,1.4418000000659958
1689,d219_u0,happy,train,219,0,random,3,1,1,0,0,0,1,1,0,ok,"{""sentences"": [""I hear you."", ""We can pause here for a moment.""], ""safety"": ""ok""}",1,2176,1.4068000000406755,0.036299999919719994,0.00019999970390927047,0.014600000213249587,0.004900000021734741,1.4680000003863825
1690,d219_u1,neutral,train,219,1,random,3,1,1,0,0,0,1,1,0,ok,"{""sentences"": [""I hear you."", ""We can pause here for a moment.""], ""safety"": ""ok""}",1,2176,1.534199999696284,0.013500000022759195,0.0002999995558639057,0.01249999968422344,0.004599999556376133,1.5702000000601402
1691,d219_u2,neutral,train,219,2,random,3,0,0,0,0,0,0,0,0,not_invoked,,1,2176,1.5401000000565546,0.012600000445672777,0.00020000061340397224,0.0010000003385357559,0.004599999556376133,1.5635999998266925
1692,d219_u3,happy,train,219,3,random,3,1,1,0,0,0,1,1,0,ok,"{""sentences"": [""I hear you."", ""We can pause here for a moment.""], ""safety"": ""ok""}",1,2176,1.4234999998734565,0.012999999853491317,0.00019999970390927047,0.011999999514955562,0.004400000761961564,1.457999999729509
1693,d219_u4,happy,train,219,4,random,3,0,0,0,0,0,0,0,0,not_invoked,,1,2176,1.3929999995525577,0.01269999938813271,0.00030000046535860747,0.000999999429041054,0.004600000465870835,1.4165000002321904
1694,d219_u5,neutral,train,219,5,random,3,1,1,0,0,0,1,1,0,ok,"{""sentences"": [""I hear you."", ""We can pause here for a moment.""], ""safety"": ""ok""}",1,2176,1.3745999995080638,0.012900000001536682,0.00020000061340397224,0.012100000276404899,0.004399999852466863,1.4089000005697017
1695,d219_u6,sad,train,219,6,random,3,0,0,0,0,0,0,0,0,not_invoked,,1,2176,1.34040000011737,0.01249999968422344,0.00030000046535860747,0.0009000004865811206,0.004599999556376133,1.363600000331644
1696,d219_u7,neutral,train,219,7,random,3,0,0,0,0,0,0,0,0,not_invoked,,1,2176,1.2887000002592686,0.012800000149582047,0.0002999995558639057,0.0008999995770864189,0.004599999556376133,1.311899999564048
1697,d219_u8,sad,train,219,8,random,3,0,0,0,0,0,0,0,0,not_invoked,,1,2176,1.3431000006676186,0.012799999240087345,0.00019999970390927047,0.0008999995770864189,0.00470000031782547,1.3668999999936204
1698,d219_u9,neutral,train,219,9,random,3,1,1,0,0,0,1,1,0,ok,"{""sentences"": [""I hear you."", ""We can pause here for a moment.""], ""safety"": ""ok""}",1,2176,1.3484999999491265,0.013300000318849925,0.00030000046535860747,0.012299999980314169,0.019999999494757503,1.3993999991726014
1699,d219_u10,sad,train,219,10,random,3,1,1,0,0,0,1,1,0,ok,"{""sentences"": [""I hear you."", ""We can pause here for a moment.""], ""safety"": ""ok""}",1,2176,1.5033999998195213,0.012799999240087345,0.00019999970390927047,0.012200000128359534,0.004499999704421498,1.538299999992887
1700,d219_u11,sad,train,219,11,random,3,1,1,0,0,0,1,1,0,ok,"{""sentences"": [""I hear you."", ""We can pause here for a moment.""], ""safety"": ""ok""}",1,2176,1.4823000001342734,0.012500000593718141,0.00030000046535860747,0.011799999811046291,0.004499999704421498,1.5161999999691034
1701,d219_u12,angry,train,219,12,random,3,1,1,0,0,0,1,1,0,ok,"{""sentences"": [""I hear you."", ""We can pause here for a moment.""], ""safety"": ""ok""}",1,2176,1.333399999566609,0.012399999832268804,0.00020000061340397224,0.01140000040322775,0.004399999852466863,1.3666999993802165
1702,d220_u0,neutral,train,220,0,random,3,0,0,0,0,0,0,0,0,not_invoked,,1,2176,1.3339999995878316,0.027999999474559445,0.00030000046535860747,0.0009000004865811206,0.004399999852466863,1.3724000000365777
1703,d220_u1,happy,train,220,1,random,3,0,0,0,0,0,0,0,0,not_invoked,,1,2176,1.6363000004275818,0.013100000614940654,0.00030000046535860747,0.0010000003385357559,0.004499999704421498,1.6755999995439197
1704,d220_u2,neutral,train,220,2,random,3,1,1,0,0,0,1,1,0,ok,"{""sentences"": [""I hear you."", ""We can pause here for a moment.""], ""safety"": ""ok""}",1,2176,1.3349000000744127,0.012999999853491317,0.0002999995558639057,0.012200000128359534,0.004399999852466863,1.3693999999304651
1705,d220_u3,sad,train,220,3,random,3,0,0,0,0,0,0,0,0,not_invoked,,1,2176,1.5587999996569124,0.012700000297627412,0.0002999995558639057,0.0008999995770864189,0.0045000006139162,1.5819999998711864
1706,d220_u4,neutral,train,220,4,random,3,0,0,0,0,0,0,0,0,not_invoked,,1,2176,1.2495000000853906,0.012800000149582047,0.00019999970390927047,0.000999999429041054,0.004600000465870835,1.2730999997074832
1707,d220_u5,neutral,train,220,5,random,3,1,1,0,0,0,1,1,0,ok,"{""sentences"": [""I hear you."", ""We can pause here for a moment.""], ""safety"": ""ok""}",1,2176,1.271400000405265,0.01320000046689529,0.00019999970390927047,0.01249999968422344,0.004300000000512227,1.3066999999864493
1708,d220_u6,neutral,train,220,6,random,3,0,0,0,0,0,0,0,0,not_invoked,,1,2176,1.3837000005878508,0.02860000040527666,0.0002999995558639057,0.0010000003385357559,0.004599999556376133,1.423100000465638
1709,d221_u0,neutral,train,221,0,random,3,0,0,0,0,0,0,0,0,not_invoked,,1,2176,1.679800000601972,0.012800000149582047,0.00019999970390927047,0.0009000004865811206,0.004499999704421498,1.703099999758706
1710,d221_u1,neutral,train,221,1,random,3,0,0,0,0,0,0,0,0,not_invoked,,1,2176,1.2561000003188383,0.01320000046689529,0.00019999970390927047,0.0008999995770864189,0.004699999408330768,1.280100000258244
1711,d221_u3,neutral,train,221,3,random,3,1,1,0,0,0,1,1,0,ok,"{""sentences"": [""I hear you."", ""We can pause here for a moment.""], ""safety"": ""ok""}",1,2176,1.3747000002695131,0.013099999705445953,0.00019999970390927047,0.012299999980314169,0.004399999852466863,1.4097000002948334
1712,d221_u4,neutral,train,221,4,random,3,0,0,0,0,0,0,0,0,not_invoked,,1,2176,1.43599999955768,0.012600000445672777,0.00019999970390927047,0.0008999995770864189,0.0045000006139162,1.4592999996239087
1713,d222_u0,happy,train,222,0,random,3,0,0,0,0,0,0,0,0,not_invoked,,1,2176,1.3430999997581239,0.012600000445672777,0.00019999970390927047,0.0008999995770864189,0.004499999704421498,1.3665999995282618
1714,d222_u1,neutral,train,222,1,random,3,0,0,0,0,0,0,0,0,not_invoked,,1,2176,1.3395000005402835,0.01249999968422344,0.00019999970390927047,0.0008999995770864189,0.004800000169780105,1.3627999996970175
1715,d222_u2,neutral,train,222,2,random,3,1,1,0,0,0,1,1,0,ok,"{""sentences"": [""I hear you."", ""We can pause here for a moment.""], ""safety"": ""ok""}",1,2176,1.537099999950442,0.012999999853491317,0.00020000061340397224,0.012000000424450263,0.004499999704421498,1.5715999998064945
1716,d222_u3,happy,train,222,3,random,3,1,1,0,0,0,1,1,0,ok,"{""sentences"": [""I hear you."", ""We can pause here for a moment.""], ""safety"": ""ok""}",1,2176,1.2560999994093436,0.012200000128359534,0.0002999995558639057,0.011800000720540993,0.004399999852466863,1.289300000280491
1717,d222_u4,sad,train,222,4,random,3,1,1,0,0,0,1,1,0,ok,"{""sentences"": [""I hear you."", ""We can pause here for a moment.""], ""safety"": ""ok""}",1,2176,1.5323000006901566,0.012800000149582047,0.0002999995558639057,0.011899999663000926,0.004300000000512227,1.5665000000808504
1718,d222_u5,happy,train,222,5,random,3,0,0,0,0,0,0,0,0,not_invoked,,1,2176,1.2926000008519622,0.013099999705445953,0.00030000046535860747,0.0008999995770864189,0.00470000031782547,1.316400000177964
1719,d222_u6,neutral,train,222,6,random,3,1,1,0,0,0,1,1,0,ok,"{""sentences"": [""I hear you."", ""We can pause here for a moment.""], ""safety"": ""ok""}",1,2176,1.4213000004019705,0.012900000001536682,0.00019999970390927047,0.012399999832268804,0.004399999852466863,1.4565000001312
1720,d222_u7,neutral,train,222,7,random,3,1,1,0,0,0,1,1,0,ok,"{""sentences"": [""I hear you."", ""We can pause here for a moment.""], ""safety"": ""ok""}",1,2176,1.4711000003444497,0.012599999536178075,0.00030000046535860747,0.012200000128359534,0.020000000404252205,1.5210000001388835
1721,d222_u8,happy,train,222,8,random,3,1,1,0,0,0,1,1,0,ok,"{""sentences"": [""I hear you."", ""We can pause here for a moment.""], ""safety"": ""ok""}",1,2176,1.5290000001186854,0.012800000149582047,0.00020000061340397224,0.011900000572495628,0.004499999704421498,1.5634000001227832
1722,d222_u9,neutral,train,222,9,random,3,0,0,0,0,0,0,0,0,not_invoked,,1,2176,1.2110999996366445,0.01269999938813271,0.00020000061340397224,0.0009000004865811206,0.00470000031782547,1.2345000004643225
1723,d222_u11,happy,train,222,11,random,3,0,0,0,0,0,0,0,0,not_invoked,,1,2176,1.3732999996136641,0.012600000445672777,0.00019999970390927047,0.0008999995770864189,0.0045000006139162,1.3965999996798928
1724,d222_u12,happy,train,222,12,random,3,0,0,0,0,0,0,0,0,not_invoked,,1,2176,1.4107999995758291,0.027299999601382297,0.00020000061340397224,0.0009000004865811206,0.004600000465870835,1.449000000320666
1725,d222_u13,happy,train,222,13,random,3,0,0,0,0,0,0,0,0,not_invoked,,1,2176,1.4123000000836328,0.012900000001536682,0.00020000061340397224,0.0009000004865811206,0.004800000169780105,1.4364999997269479
1726,d222_u14,neutral,train,222,14,random,3,0,0,0,0,0,0,0,0,not_invoked,,1,2176,1.3993000002301414,0.013099999705445953,0.0002999995558639057,0.0009000004865811206,0.0045000006139162,1.4375000000654836
1727,d222_u17,neutral,train,222,17,random,3,0,0,0,0,0,0,0,0,not_invoked,,1,2176,1.3742999999521999,0.012299999980314169,0.00019999970390927047,0.0008999995770864189,0.004399999852466863,1.3969000001452514
1728,d223_u0,neutral,train,223,0,random,3,0,0,0,0,0,0,0,0,not_invoked,,1,2176,1.3551000001825741,0.012600000445672777,0.0002999995558639057,0.0008999995770864189,0.004400000761961564,1.3782000005448936
1729,d223_u1,neutral,train,223,1,random,3,0,0,0,0,0,0,0,0,not_invoked,,1,2176,1.3187000004108995,0.012399999832268804,0.00019999970390927047,0.0007999997251317836,0.004600000465870835,1.341600000159815
1730,d223_u2,neutral,train,223,2,random,3,0,0,0,0,0,0,0,0,not_invoked,,1,2176,1.3168000004952773,0.012700000297627412,0.00030000046535860747,0.0009000004865811206,0.004599999556376133,1.3402000004134607
1731,d223_u3,neutral,train,223,3,random,3,1,1,0,0,0,1,1,0,ok,"{""sentences"": [""I hear you."", ""We can pause here for a moment.""], ""safety"": ""ok""}",1,2176,1.4745999997103354,0.012599999536178075,0.0002999995558639057,0.012399999832268804,0.004399999852466863,1.5093000001797918
1732,d223_u4,neutral,train,223,4,random,3,0,0,0,0,0,0,0,0,not_invoked,,1,2176,1.4885999999023625,0.013099999705445953,0.0002999995558639057,0.0009000004865811206,0.004800000169780105,1.512400000137859
1733,d223_u5,sad,train,223,5,random,3,1,1,0,0,0,1,1,0,ok,"{""sentences"": [""I hear you."", ""We can pause here for a moment.""], ""safety"": ""ok""}",1,2176,1.354400000309397,0.012200000128359534,0.00020000061340397224,0.011699999959091656,0.004200000148557592,1.3873999996576458
1734,d223_u6,neutral,train,223,6,random,3,0,0,0,0,0,0,0,0,not_invoked,,1,2176,1.3575999992099241,0.012700000297627412,0.0002999995558639057,0.0008999995770864189,0.004599999556376133,1.3810000000376021
1735,d223_u7,neutral,train,223,7,random,3,0,0,0,0,0,0,0,0,not_invoked,,1,2176,1.3913000002503395,0.012599999536178075,0.00030000046535860747,0.0009000004865811206,0.004699999408330768,1.4147000001685228
1736,d223_u8,neutral,train,223,8,random,3,0,0,0,0,0,0,0,0,not_invoked,,1,2176,1.3937000003352296,0.012999999853491317,0.00030000046535860747,0.0008999995770864189,0.00470000031782547,1.4173999998092768
1737,d223_u9,neutral,train,223,9,random,3,0,0,0,0,0,0,0,0,not_invoked,,1,2176,1.3731999997617095,0.012299999980314169,0.0002999995558639057,0.0008999995770864189,0.0045000006139162,1.3958999998067156
1738,d223_u10,neutral,train,223,10,random,3,0,0,0,0,0,0,0,0,not_invoked,,1,2176,1.368700000057288,0.012799999240087345,0.00030000046535860747,0.0009000004865811206,0.004600000465870835,1.3920999999754713
1739,d223_u11,neutral,train,223,11,random,3,0,0,0,0,0,0,0,0,not_invoked,,1,2176,1.4055000001462759,0.012900000001536682,0.00020000061340397224,0.0010000003385357559,0.00470000031782547,1.4293000003817724
1740,d223_u13,neutral,train,223,13,random,3,1,1,0,0,0,1,1,0,ok,"{""sentences"": [""I hear you."", ""We can pause here for a moment.""], ""safety"": ""ok""}",1,2176,1.4101999995546066,0.012999999853491317,0.00030000046535860747,0.011899999663000926,0.004399999852466863,1.4446000004681991
1741,d223_u14,neutral,train,223,14,random,3,0,0,0,0,0,0,0,0,not_invoked,,1,2176,1.361699999506527,0.012200000128359534,0.0002999995558639057,0.000999999429041054,0.004600000465870835,1.3846000001649372
1742,d224_u0,neutral,train,224,0,random,3,0,0,0,0,0,0,0,0,not_invoked,,1,2176,1.3296000006448594,0.012800000149582047,0.00030000046535860747,0.0008000006346264854,0.004599999556376133,1.3530000005630427
1743,d224_u1,neutral,train,224,1,random,3,1,1,0,0,0,1,1,0,ok,"{""sentences"": [""I hear you."", ""We can pause here for a moment.""], ""safety"": ""ok""}",1,2176,1.2899000003017136,0.012200000128359534,0.00019999970390927047,0.011999999514955562,0.004300000000512227,1.3232999999672757
1744,d224_u2,neutral,train,224,2,random,3,1,1,0,0,0,1,1,0,ok,"{""sentences"": [""I hear you."", ""We can pause here for a moment.""], ""safety"": ""ok""}",1,2176,1.2991000003239606,0.012600000445672777,0.0002999995558639057,0.011999999514955562,0.004300000000512227,1.3331999998626998
1745,d224_u3,neutral,train,224,3,random,3,0,0,0,0,0,0,0,0,not_invoked,,1,2176,1.3714000006075366,0.012500000593718141,0.00030000046535860747,0.0008999995770864189,0.004499999704421498,1.3944000002084067
1746,d224_u4,happy,train,224,4,random,3,1,1,0,0,0,1,1,0,ok,"{""sentences"": [""I hear you."", ""We can pause here for a moment.""], ""safety"": ""ok""}",1,2176,1.361900000119931,0.012999999853491317,0.00019999970390927047,0.011899999663000926,0.004399999852466863,1.3961999993625795
1747,d224_u5,happy,train,224,5,random,3,0,0,0,0,0,0,0,0,not_invoked,,1,2176,1.461800000470248,0.012800000149582047,0.00020000061340397224,0.0010000003385357559,0.004600000465870835,1.4854999999442953
1748,d225_u1,neutral,train,225,1,random,3,0,0,0,0,0,0,0,0,not_invoked,,1,2176,1.4516000001094653,0.012900000001536682,0.0002999995558639057,0.0008999995770864189,0.004699999408330768,1.4752999995835125
1749,d225_u2,happy,train,225,2,random,3,0,0,0,0,0,0,0,0,not_invoked,,1,2176,1.3490000001183944,0.012399999832268804,0.00030000046535860747,0.0009000004865811206,0.00470000031782547,1.3721000004807138
1750,d225_u3,happy,train,225,3,random,3,1,1,0,0,0,1,1,0,ok,"{""sentences"": [""I hear you."", ""We can pause here for a moment.""], ""safety"": ""ok""}",1,2176,1.3455000007525086,0.012700000297627412,0.00019999970390927047,0.011999999514955562,0.004300000000512227,1.3795000004392932
1751,d225_u4,neutral,train,225,4,random,3,0,0,0,0,0,0,0,0,not_invoked,,1,2176,1.3761000000158674,0.012299999980314169,0.00019999970390927047,0.0008999995770864189,0.004800000169780105,1.3990999996167375
1752,d225_u5,neutral,train,225,5,random,3,0,0,0,0,0,0,0,0,not_invoked,,1,2176,1.36819999988802,0.013099999705445953,0.0002999995558639057,0.0008999995770864189,0.004600000465870835,1.3920999999754713
1753,d225_u6,happy,train,225,6,random,3,1,1,0,0,0,1,1,0,ok,"{""sentences"": [""I hear you."", ""We can pause here for a moment.""], ""safety"": ""ok""}",1,2176,1.368700000057288,0.012700000297627412,0.00019999970390927047,0.012299999980314169,0.004399999852466863,1.403299999765295
1754,d225_u7,neutral,train,225,7,random,3,1,1,0,0,0,1,1,0,ok,"{""sentences"": [""I hear you."", ""We can pause here for a moment.""], ""safety"": ""ok""}",1,2176,1.3806999995722435,0.013099999705445953,0.00019999970390927047,0.01249999968422344,0.004499999704421498,1.4160999999148771
1755,d225_u8,neutral,train,225,8,random,3,0,0,0,0,0,0,0,0,not_invoked,,1,2176,1.3327000006029266,0.012399999832268804,0.00020000061340397224,0.0009000004865811206,0.004599999556376133,1.355600000351842
1756,d225_u9,sad,train,225,9,random,3,0,0,0,0,0,0,0,0,not_invoked,,1,2176,1.3159000000086962,0.012700000297627412,0.00020000061340397224,0.0009000004865811206,0.004599999556376133,1.3393000008363742
1757,d225_u10,neutral,train,225,10,random,3,0,0,0,0,0,0,0,0,not_invoked,,1,2176,1.2862000003224239,0.012299999980314169,0.00019999970390927047,0.0007999997251317836,0.004499999704421498,1.3087999996059807
1758,d225_u11,neutral,train,225,11,random,3,1,1,0,0,0,1,1,0,ok,"{""sentences"": [""I hear you."", ""We can pause here for a moment.""], ""safety"": ""ok""}",1,2176,1.2844000002587563,0.012999999853491317,0.0002999995558639057,0.011999999514955562,0.004300000000512227,1.3188000002628542
1759,d226_u1,happy,train,226,1,random,3,0,0,0,0,0,0,0,0,not_invoked,,1,2176,1.3655000002472661,0.012500000593718141,0.0002999995558639057,0.0008999995770864189,0.0045000006139162,1.3884999998481362
1760,d226_u2,neutral,train,226,2,random,3,0,0,0,0,0,0,0,0,not_invoked,,1,2176,1.3525000003937748,0.012800000149582047,0.00030000046535860747,0.0007999997251317836,0.004600000465870835,1.3761000000158674
1761,d226_u3,neutral,train,226,3,random,3,0,0,0,0,0,0,0,0,not_invoked,,1,2176,1.326899999185116,0.012299999980314169,0.00019999970390927047,0.0009000004865811206,0.004599999556376133,1.3497999998435262
1762,d226_u4,neutral,train,226,4,random,3,1,1,0,0,0,1,1,0,ok,"{""sentences"": [""I hear you."", ""We can pause here for a moment.""], ""safety"": ""ok""}",1,2176,1.3257999999041203,0.012999999853491317,0.0002999995558639057,0.011999999514955562,0.004400000761961564,1.3601999999082182
1763,d226_u5,neutral,train,226,5,random,3,0,0,0,0,0,0,0,0,not_invoked,,1,2176,1.3774000008197618,0.012399999832268804,0.00030000046535860747,0.0008999995770864189,0.004600000465870835,1.4006000001245411
1764,d226_u6,neutral,train,226,6,random,3,1,1,0,0,0,1,1,0,ok,"{""sentences"": [""I hear you."", ""We can pause here for a moment.""], ""safety"": ""ok""}",1,2176,1.3695999996343744,0.012999999853491317,0.00020000061340397224,0.012100000276404899,0.004499999704421498,1.4043000001038308
1765,d226_u7,neutral,train,226,7,random,3,1,1,0,0,0,1,1,0,ok,"{""sentences"": [""I hear you."", ""We can pause here for a moment.""], ""safety"": ""ok""}",1,2176,1.3857000003554276,0.01249999968422344,0.00030000046535860747,0.012000000424450263,0.004399999852466863,1.4198999997461215
1766,d226_u9,happy,train,226,9,random,3,1,1,0,0,0,1,1,0,ok,"{""sentences"": [""I hear you."", ""We can pause here for a moment.""], ""safety"": ""ok""}",1,2176,1.389500000186672,0.012100000276404899,0.00019999970390927047,0.011699999959091656,0.004399999852466863,1.4228000000002794
1767,d226_u10,neutral,train,226,10,random,3,0,0,0,0,0,0,0,0,not_invoked,,1,2176,1.2930000002597808,0.01269999938813271,0.00030000046535860747,0.0008999995770864189,0.004600000465870835,1.3165000000299187
1768,d226_u11,neutral,train,226,11,random,3,0,0,0,0,0,0,0,0,not_invoked,,1,2176,1.2813000003006891,0.013100000614940654,0.0002999995558639057,0.015300000086426735,0.004699999408330768,1.319300000432122
1769,d226_u13,neutral,train,226,13,random,3,0,0,0,0,0,0,0,0,not_invoked,,1,2176,1.4661000004707603,0.012399999832268804,0.0002999995558639057,0.0008999995770864189,0.00470000031782547,1.489199999923585
1770,d226_u17,sad,train,226,17,random,3,1,1,0,0,0,1,1,0,ok,"{""sentences"": [""I hear you."", ""We can pause here for a moment.""], ""safety"": ""ok""}",1,2176,1.4589000002160901,0.012200000128359534,0.00030000046535860747,0.011799999811046291,0.004300000000512227,1.492100000177743
1771,d226_u19,happy,train,226,19,random,3,0,0,0,0,0,0,0,0,not_invoked,,1,2176,1.3930000004620524,0.012600000445672777,0.00019999970390927047,0.0008999995770864189,0.004599999556376133,1.4162999996187864
1772,d226_u20,neutral,train,226,20,random,3,0,0,0,0,0,0,0,0,not_invoked,,1,2176,1.3744999996561091,0.013099999705445953,0.00020000061340397224,0.0008999995770864189,0.0045000006139162,1.3985000005050097
1773,d226_u21,happy,train,226,21,random,3,0,0,0,0,0,0,0,0,not_invoked,,1,2176,1.3185000007069902,0.012700000297627412,0.0002999995558639057,0.000999999429041054,0.004600000465870835,1.3418999997156789
1774,d227_u0,neutral,train,227,0,random,3,1,1,0,0,0,1,1,0,ok,"{""sentences"": [""I hear you."", ""We can pause here for a moment.""], ""safety"": ""ok""}",1,2176,1.32949999988341,0.01269999938813271,0.00030000046535860747,0.012000000424450263,0.004399999852466863,1.363699999274104
1775,d228_u0,angry,train,228,0,random,3,1,1,0,0,0,1,1,0,ok,"{""sentences"": [""I hear you."", ""We can pause here for a moment.""], ""safety"": ""ok""}",1,2176,1.6298000000460888,0.012600000445672777,0.0002999995558639057,0.011699999959091656,0.004100000296602957,1.6636000000289641
1776,d228_u1,sad,train,228,1,random,3,1,1,0,0,0,1,1,0,ok,"{""sentences"": [""I hear you."", ""We can pause here for a moment.""], ""safety"": ""ok""}",1,2176,1.3037999997322913,0.012900000001536682,0.00020000061340397224,0.011900000572495628,0.004399999852466863,1.3382999995883438
1777,d228_u2,neutral,train,228,2,random,3,0,0,0,0,0,0,0,0,not_invoked,,1,2176,1.2788000003638444,0.012900000001536682,0.0002999995558639057,0.0010000003385357559,0.00470000031782547,1.3028000003032503
1778,d228_u4,happy,train,228,4,random,3,0,0,0,0,0,0,0,0,not_invoked,,1,2176,1.319599999987986,0.01269999938813271,0.0002999995558639057,0.0009000004865811206,0.004600000465870835,1.3427000003503053
1779,d228_u5,happy,train,228,5,random,3,0,0,0,0,0,0,0,0,not_invoked,,1,2176,1.444200000150886,0.012999999853491317,0.00020000061340397224,0.0009000004865811206,0.00470000031782547,1.468399999794201
1780,d228_u6,neutral,train,228,6,random,3,0,0,0,0,0,0,0,0,not_invoked,,1,2176,1.457700000173645,0.012299999980314169,0.0002999995558639057,0.0009000004865811206,0.004499999704421498,1.4804000002186513
1781,d228_u7,angry,train,228,7,random,3,0,0,0,0,0,0,0,0,not_invoked,,1,2176,1.6083999998954823,0.01269999938813271,0.00020000061340397224,0.0009000004865811206,0.004599999556376133,1.6315999992002617
1782,d229_u0,neutral,train,229,0,random,3,1,1,0,0,0,1,1,0,ok,"{""sentences"": [""I hear you."", ""We can pause here for a moment.""], ""safety"": ""ok""}",1,2176,1.267500000722066,0.01249999968422344,0.0002999995558639057,0.012099999366910197,0.004399999852466863,1.3016000002608052
1783,d229_u1,happy,train,229,1,random,3,0,0,0,0,0,0,0,0,not_invoked,,1,2176,1.5561000000161584,0.012900000001536682,0.00019999970390927047,0.000999999429041054,0.0045000006139162,1.5795999997862964
1784,d229_u2,neutral,train,229,2,random,3,0,0,0,0,0,0,0,0,not_invoked,,1,2176,1.2976999996681116,0.012800000149582047,0.00020000061340397224,0.0009000004865811206,0.004599999556376133,1.3208999998823856
1785,d229_u3,neutral,train,229,3,random,3,0,0,0,0,0,0,0,0,not_invoked,,1,2176,1.5088999998624786,0.02680000034160912,0.00019999970390927047,0.0008999995770864189,0.004600000465870835,1.5462000001207343
1786,d229_u4,neutral,train,229,4,random,3,0,0,0,0,0,0,0,0,not_invoked,,1,2176,1.2654000001930399,0.012700000297627412,0.00030000046535860747,0.0007999997251317836,0.00470000031782547,1.2888999999631778
1787,d230_u0,neutral,train,230,0,random,3,0,0,0,0,0,0,0,0,not_invoked,,1,2176,1.593900000443682,0.01249999968422344,0.00019999970390927047,0.0008999995770864189,0.004800000169780105,1.617199999600416
1788,d230_u1,happy,train,230,1,random,3,1,1,0,0,0,1,1,0,ok,"{""sentences"": [""I hear you."", ""We can pause here for a moment.""], ""safety"": ""ok""}",1,2176,1.2759999999616412,0.012999999853491317,0.0002999995558639057,0.012599999536178075,0.004399999852466863,1.31130000045232
1789,d231_u0,neutral,train,231,0,random,3,1,1,0,0,0,1,1,0,ok,"{""sentences"": [""I hear you."", ""We can pause here for a moment.""], ""safety"": ""ok""}",1,2176,1.3903999997637584,0.013099999705445953,0.0002999995558639057,0.012299999980314169,0.004399999852466863,1.425800000106392
1790,d231_u1,neutral,train,231,1,random,3,1,1,0,0,0,1,1,0,ok,"{""sentences"": [""I hear you."", ""We can pause here for a moment.""], ""safety"": ""ok""}",1,2176,1.4025000000401633,0.012599999536178075,0.00030000046535860747,0.011899999663000926,0.004399999852466863,1.4367000003403518
1791,d231_u2,neutral,train,231,2,random,3,1,1,0,0,0,1,1,0,ok,"{""sentences"": [""I hear you."", ""We can pause here for a moment.""], ""safety"": ""ok""}",1,2176,1.3430999997581239,0.012600000445672777,0.00019999970390927047,0.012200000128359534,0.004499999704421498,1.3775999996141763
1792,d231_u3,neutral,train,231,3,random,3,1,1,0,0,0,1,1,0,ok,"{""sentences"": [""I hear you."", ""We can pause here for a moment.""], ""safety"": ""ok""}",1,2176,1.3426999994408106,0.026599999728205148,0.00020000061340397224,0.01140000040322775,0.004399999852466863,1.3903000008212985
1793,d231_u4,neutral,train,231,4,random,3,0,0,0,0,0,0,0,0,not_invoked,,1,2176,1.4006999999764957,0.013100000614940654,0.00030000046535860747,0.0010000003385357559,0.004699999408330768,1.4249000005293055
1794,d231_u5,neutral,train,231,5,random,3,1,1,0,0,0,1,1,0,ok,"{""sentences"": [""I hear you."", ""We can pause here for a moment.""], ""safety"": ""ok""}",1,2176,1.3804999998683343,0.012599999536178075,0.00019999970390927047,0.011799999811046291,0.004599999556376133,1.4146000003165682
1795,d231_u6,neutral,train,231,6,random,3,0,0,0,0,0,0,0,0,not_invoked,,1,2176,1.5217000000120606,0.012900000001536682,0.00019999970390927047,0.0009000004865811206,0.004600000465870835,1.545300000543648
1796,d231_u7,angry,train,231,7,random,3,1,1,0,0,0,1,1,0,ok,"{""sentences"": [""I hear you."", ""We can pause here for a moment.""], ""safety"": ""ok""}",1,2176,1.2270999995962484,0.012200000128359534,0.00019999970390927047,0.01160000010713702,0.004300000000512227,1.2601999997059465
1797,d231_u8,neutral,train,231,8,random,3,1,1,0,0,0,1,1,0,ok,"{""sentences"": [""I hear you."", ""We can pause here for a moment.""], ""safety"": ""ok""}",1,2176,1.5047000006234157,0.012299999980314169,0.00030000046535860747,0.011699999959091656,0.004400000761961564,1.5381000002889778
1798,d231_u9,angry,train,231,9,random,3,1,1,0,0,0,1,1,0,ok,"{""sentences"": [""I hear you."", ""We can pause here for a moment.""], ""safety"": ""ok""}",1,2176,1.2222000004840083,0.012800000149582047,0.00019999970390927047,0.012100000276404899,0.004399999852466863,1.2564999997266568
1799,d231_u10,sad,train,231,10,random,3,1,1,0,0,0,1,1,0,ok,"{""sentences"": [""I hear you."", ""We can pause here for a moment.""], ""safety"": ""ok""}",1,2176,1.6059999998105923,0.012900000001536682,0.0002999995558639057,0.012099999366910197,0.004399999852466863,1.640600000428094
1800,d231_u11,neutral,train,231,11,random,3,1,1,0,0,0,1,1,0,ok,"{""sentences"": [""I hear you."", ""We can pause here for a moment.""], ""safety"": ""ok""}",1,2176,1.3027999993937556,0.012399999832268804,0.00019999970390927047,0.01160000010713702,0.004499999704421498,1.3363999996727216
1801,d231_u12,neutral,train,231,12,random,3,0,0,0,0,0,0,0,0,not_invoked,,1,2176,1.4251000002332148,0.012299999980314169,0.00019999970390927047,0.0009000004865811206,0.004599999556376133,1.4483000004474889
1802,d231_u13,neutral,train,231,13,random,3,1,1,0,0,0,1,1,0,ok,"{""sentences"": [""I hear you."", ""We can pause here for a moment.""], ""safety"": ""ok""}",1,2176,1.4140999992378056,0.012700000297627412,0.00019999970390927047,0.011899999663000926,0.004300000000512227,1.4482000005955342
1803,d231_u14,neutral,train,231,14,random,3,1,1,0,0,0,1,1,0,ok,"{""sentences"": [""I hear you."", ""We can pause here for a moment.""], ""safety"": ""ok""}",1,2176,1.4036000002306537,0.012299999980314169,0.00020000061340397224,0.011799999811046291,0.004200000148557592,1.4368000001923065
1804,d232_u1,neutral,train,232,1,random,3,1,1,0,0,0,1,1,0,ok,"{""sentences"": [""I hear you."", ""We can pause here for a moment.""], ""safety"": ""ok""}",1,2176,1.3865000000805594,0.012800000149582047,0.00030000046535860747,0.012000000424450263,0.004399999852466863,1.4209000000846572
1805,d232_u2,neutral,train,232,2,random,3,0,0,0,0,0,0,0,0,not_invoked,,1,2176,1.3308000006873044,0.012900000001536682,0.00019999970390927047,0.0008999995770864189,0.004600000465870835,1.3546000000133063
1806,d232_u4,neutral,train,232,4,random,3,0,0,0,0,0,0,0,0,not_invoked,,1,2176,1.3861999996152008,0.012900000001536682,0.0002999995558639057,0.0008999995770864189,0.004499999704421498,1.409800000146788
1807,d232_u5,angry,train,232,5,random,3,0,0,0,0,0,0,0,0,not_invoked,,1,2176,1.4578000000255997,0.01230000088980887,0.00019999970390927047,0.0008999995770864189,0.00470000031782547,1.4806999997745152
1808,d232_u6,neutral,train,232,6,random,3,0,0,0,0,0,0,0,0,not_invoked,,1,2176,1.3778000002275803,0.013099999705445953,0.00019999970390927047,0.000999999429041054,0.004600000465870835,1.4019000000189408
1809,d232_u7,angry,train,232,7,random,3,0,0,0,0,0,0,0,0,not_invoked,,1,2176,1.5468000001419568,0.012299999980314169,0.00030000046535860747,0.0008999995770864189,0.004499999704421498,1.5696999998908723
1810,d232_u8,neutral,train,232,8,random,3,1,1,0,0,0,1,1,0,ok,"{""sentences"": [""I hear you."", ""We can pause here for a moment.""], ""safety"": ""ok""}",1,2176,1.223799999934272,0.012599999536178075,0.00020000061340397224,0.012000000424450263,0.004399999852466863,1.2581999999383697
1811,d232_u11,neutral,train,232,11,random,3,0,0,0,0,0,0,0,0,not_invoked,,1,2176,1.446300000679912,0.012999999853491317,0.00019999970390927047,0.0008999995770864189,0.004900000021734741,1.4705000003232271
1812,d232_u14,neutral,train,232,14,random,3,0,0,0,0,0,0,0,0,not_invoked,,1,2176,1.4428000004045316,0.01249999968422344,0.00020000061340397224,0.0008000006346264854,0.018900000213761814,1.4800999997532926
1813,d232_u15,neutral,train,232,15,random,3,0,0,0,0,0,0,0,0,not_invoked,,1,2176,1.7708999994283658,0.012200000128359534,0.00030000046535860747,0.0010000003385357559,0.004499999704421498,1.793500000530912
1814,d232_u17,neutral,train,232,17,random,3,1,1,0,0,0,1,1,0,ok,"{""sentences"": [""I hear you."", ""We can pause here for a moment.""], ""safety"": ""ok""}",1,2176,1.3881999993827776,0.012800000149582047,0.0002999995558639057,0.012399999832268804,0.0045000006139162,1.423100000465638
1815,d232_u18,neutral,train,232,18,random,3,0,0,0,0,0,0,0,0,not_invoked,,1,2176,1.358000000436732,0.012799999240087345,0.00030000046535860747,0.000999999429041054,0.00470000031782547,1.381799999762734
1816,d232_u19,neutral,train,232,19,random,3,1,1,0,0,0,1,1,0,ok,"{""sentences"": [""I hear you."", ""We can pause here for a moment.""], ""safety"": ""ok""}",1,2176,1.3667000002897112,0.012900000001536682,0.00030000046535860747,0.012000000424450263,0.004300000000512227,1.4010999993843143
1817,d233_u0,happy,train,233,0,random,3,1,1,0,0,0,1,1,0,ok,"{""sentences"": [""I hear you."", ""We can pause here for a moment.""], ""safety"": ""ok""}",1,2176,1.3819000005241833,0.012700000297627412,0.00030000046535860747,0.012200000128359534,0.004499999704421498,1.4161999997668318
1818,d234_u1,happy,train,234,1,random,3,0,0,0,0,0,0,0,0,not_invoked,,1,2176,1.3627999996970175,0.01249999968422344,0.00030000046535860747,0.0009000004865811206,0.004499999704421498,1.3855999995939783
1819,d234_u2,neutral,train,234,2,random,3,0,0,0,0,0,0,0,0,not_invoked,,1,2176,1.6249999998763087,0.012399999832268804,0.00019999970390927047,0.0009000004865811206,0.004499999704421498,1.6478000006827642
1820,d234_u3,neutral,train,234,3,random,3,1,1,0,0,0,1,1,0,ok,"{""sentences"": [""I hear you."", ""We can pause here for a moment.""], ""safety"": ""ok""}",1,2176,1.315200000135519,0.012900000001536682,0.00019999970390927047,0.012099999366910197,0.004499999704421498,1.3496999999915715
1821,d234_u5,neutral,train,234,5,random,3,1,1,0,0,0,1,1,0,ok,"{""sentences"": [""I hear you."", ""We can pause here for a moment.""], ""safety"": ""ok""}",1,2176,1.4000000001033186,0.012900000001536682,0.00020000061340397224,0.027800000680144876,0.004399999852466863,1.4501999994536163
1822,d234_u6,angry,train,234,6,random,3,1,1,0,0,0,1,1,0,ok,"{""sentences"": [""I hear you."", ""We can pause here for a moment.""], ""safety"": ""ok""}",1,2176,1.4551000003848458,0.011699999959091656,0.0002999995558639057,0.02570000015111873,0.004300000000512227,1.5019000002212124
1823,d234_u8,neutral,train,234,8,random,3,1,1,0,0,0,1,1,0,ok,"{""sentences"": [""I hear you."", ""We can pause here for a moment.""], ""safety"": ""ok""}",1,2176,1.3451000004351954,0.012900000001536682,0.00030000046535860747,0.012299999980314169,0.004399999852466863,1.3799999996990664
1824,d234_u9,neutral,train,234,9,random,3,0,0,0,0,0,0,0,0,not_invoked,,1,2176,1.3443999996525235,0.012599999536178075,0.0002999995558639057,0.0008999995770864189,0.005000000783184078,1.3681000000360655
1825,d234_u11,angry,train,234,11,random,3,0,0,0,0,0,0,0,0,not_invoked,,1,2176,1.444200000150886,0.012900000001536682,0.00030000046535860747,0.0009000004865811206,0.004599999556376133,1.4676999999210238
1826,d235_u0,angry,train,235,0,random,3,0,0,0,0,0,0,0,0,not_invoked,,1,2176,1.1716000008163974,0.012100000276404899,0.00019999970390927047,0.0008999995770864189,0.004600000465870835,1.194000000396045
1827,d235_u2,happy,train,235,2,random,3,1,1,0,0,0,1,1,0,ok,"{""sentences"": [""I hear you."", ""We can pause here for a moment.""], ""safety"": ""ok""}",1,2176,1.5263000004779315,0.012800000149582047,0.00020000061340397224,0.012100000276404899,0.004399999852466863,1.5609000001859386
1828,d235_u3,happy,train,235,3,random,3,0,0,0,0,0,0,0,0,not_invoked,,1,2176,1.2507999999797903,0.012800000149582047,0.00019999970390927047,0.000999999429041054,0.004699999408330768,1.2744999994538375
1829,d235_u5,happy,train,235,5,random,3,1,1,0,0,0,1,1,0,ok,"{""sentences"": [""I hear you."", ""We can pause here for a moment.""], ""safety"": ""ok""}",1,2176,1.4086999999562977,0.013099999705445953,0.00030000046535860747,0.012100000276404899,0.004600000465870835,1.443999999537482
1830,d235_u6,neutral,train,235,6,random,3,1,1,0,0,0,1,1,0,ok,"{""sentences"": [""I hear you."", ""We can pause here for a moment.""], ""safety"": ""ok""}",1,2176,1.4239000001907698,0.012500000593718141,0.00019999970390927047,0.011799999811046291,0.004300000000512227,1.4578000000255997
1831,d235_u7,neutral,train,235,7,random,3,1,1,0,0,0,1,1,0,ok,"{""sentences"": [""I hear you."", ""We can pause here for a moment.""], ""safety"": ""ok""}",1,2176,1.3958999998067156,0.012900000001536682,0.00030000046535860747,0.012100000276404899,0.004399999852466863,1.430399999662768
1832,d235_u8,sad,train,235,8,random,3,1,1,0,0,0,1,1,0,ok,"{""sentences"": [""I hear you."", ""We can pause here for a moment.""], ""safety"": ""ok""}",1,2176,1.3675999998667976,0.012399999832268804,0.00030000046535860747,0.01160000010713702,0.004399999852466863,1.401100000293809
1833,d235_u9,neutral,train,235,9,random,3,1,1,0,0,0,1,1,0,ok,"{""sentences"": [""I hear you."", ""We can pause here for a moment.""], ""safety"": ""ok""}",1,2176,1.3503999998647487,0.012800000149582047,0.0002999995558639057,0.011799999811046291,0.004400000761961564,1.3846000001649372
1834,d236_u0,happy,train,236,0,random,3,1,1,0,0,0,1,1,0,ok,"{""sentences"": [""I hear you."", ""We can pause here for a moment.""], ""safety"": ""ok""}",1,2176,1.286900000195601,0.028200000087963417,0.0002999995558639057,0.01160000010713702,0.004399999852466863,1.3361999999688123
1835,d236_u1,neutral,train,236,1,random,3,0,0,0,0,0,0,0,0,not_invoked,,1,2176,1.4578999998775544,0.01359999987471383,0.00030000046535860747,0.0010000003385357559,0.004900000021734741,1.4830000000074506
1836,d236_u2,neutral,train,236,2,random,3,1,1,0,0,0,1,1,0,ok,"{""sentences"": [""I hear you."", ""We can pause here for a moment.""], ""safety"": ""ok""}",1,2176,1.4866999999867403,0.012299999980314169,0.00019999970390927047,0.011899999663000926,0.004499999704421498,1.5203000002657063
1837,d236_u3,neutral,train,236,3,random,3,1,1,0,0,0,1,1,0,ok,"{""sentences"": [""I hear you."", ""We can pause here for a moment.""], ""safety"": ""ok""}",1,2176,1.4143999997031642,0.012799999240087345,0.0002999995558639057,0.012200000128359534,0.004399999852466863,1.4492000000245753
1838,d236_u4,neutral,train,236,4,random,3,1,1,0,0,0,1,1,0,ok,"{""sentences"": [""I hear you."", ""We can pause here for a moment.""], ""safety"": ""ok""}",1,2176,1.4246999999159016,0.012800000149582047,0.00030000046535860747,0.012200000128359534,0.0045000006139162,1.4596000000892673
1839,d236_u5,angry,train,236,5,random,3,1,1,0,0,0,1,1,0,ok,"{""sentences"": [""I hear you."", ""We can pause here for a moment.""], ""safety"": ""ok""}",1,2176,1.43839999964257,0.012799999240087345,0.00020000061340397224,0.012100000276404899,0.004399999852466863,1.4725999999427586
1840,d236_u7,neutral,train,236,7,random,3,1,1,0,0,0,1,1,0,ok,"{""sentences"": [""I hear you."", ""We can pause here for a moment.""], ""safety"": ""ok""}",1,2176,1.441299999896728,0.01269999938813271,0.00030000046535860747,0.011699999959091656,0.004600000465870835,1.4757999997527804
1841,d236_u9,neutral,train,236,9,random,3,0,0,0,0,0,0,0,0,not_invoked,,1,2176,1.4123000000836328,0.012800000149582047,0.00019999970390927047,0.0008999995770864189,0.00470000031782547,1.4358999997057253
1842,d236_u10,neutral,train,236,10,random,3,0,0,0,0,0,0,0,0,not_invoked,,1,2176,1.385100000334205,0.012600000445672777,0.0002999995558639057,0.0008999995770864189,0.00470000031782547,1.408600000104343
1843,d236_u12,neutral,train,236,12,random,3,0,0,0,0,0,0,0,0,not_invoked,,1,2176,1.4212000005500158,0.012800000149582047,0.00020000061340397224,0.0009000004865811206,0.004499999704421498,1.4445999995587044
1844,d236_u13,angry,train,236,13,random,3,0,0,0,0,0,0,0,0,not_invoked,,1,2176,1.4210999997885665,0.012800000149582047,0.00030000046535860747,0.0008999995770864189,0.004600000465870835,1.4446000004681991
1845,d236_u14,happy,train,236,14,random,3,0,0,0,0,0,0,0,0,not_invoked,,1,2176,1.6252000004897127,0.01249999968422344,0.0002999995558639057,0.0008999995770864189,0.004399999852466863,1.6481000002386281
1846,d236_u15,angry,train,236,15,random,3,1,1,0,0,0,1,1,0,ok,"{""sentences"": [""I hear you."", ""We can pause here for a moment.""], ""safety"": ""ok""}",1,2176,1.3173999996070052,0.012299999980314169,0.0002999995558639057,0.01160000010713702,0.004499999704421498,1.3506999994206126
1847,d237_u2,angry,train,237,2,random,3,0,0,0,0,0,0,0,0,not_invoked,,1,2176,1.3339999995878316,0.012299999980314169,0.00020000061340397224,0.0009000004865811206,0.004599999556376133,1.3570000000981963
1848,d237_u3,neutral,train,237,3,random,3,1,1,0,0,0,1,1,0,ok,"{""sentences"": [""I hear you."", ""We can pause here for a moment.""], ""safety"": ""ok""}",1,2176,1.411599999300961,0.012700000297627412,0.0002999995558639057,0.011799999811046291,0.004499999704421498,1.4455999998972402
1849,d237_u5,angry,train,237,5,random,3,1,1,0,0,0,1,1,0,ok,"{""sentences"": [""I hear you."", ""We can pause here for a moment.""], ""safety"": ""ok""}",1,2176,1.4697999995405553,0.012800000149582047,0.0002999995558639057,0.012200000128359534,0.004499999704421498,1.5045000000100117
1850,d237_u8,sad,train,237,8,random,3,0,0,0,0,0,0,0,0,not_invoked,,1,2176,1.4438999996855273,0.013299999409355223,0.00030000046535860747,0.0010000003385357559,0.004600000465870835,1.468100000238337
1851,d237_u9,sad,train,237,9,random,3,0,0,0,0,0,0,0,0,not_invoked,,1,2176,1.481199999943783,0.012900000001536682,0.00020000061340397224,0.0008999995770864189,0.004800000169780105,1.5051999998831889
1852,d237_u10,neutral,train,237,10,random,3,1,1,0,0,0,1,1,0,ok,"{""sentences"": [""I hear you."", ""We can pause here for a moment.""], ""safety"": ""ok""}",1,2176,1.5096999995876104,0.028499999643827323,0.00030000046535860747,0.012100000276404899,0.004499999704421498,1.5600000006088521
1853,d237_u11,neutral,train,237,11,random,3,0,0,0,0,0,0,0,0,not_invoked,,1,2176,1.4399000001503737,0.012399999832268804,0.0002999995558639057,0.0007999997251317836,0.0045000006139162,1.4628999997512437
1854,d238_u0,neutral,train,238,0,random,3,0,0,0,0,0,0,0,0,not_invoked,,1,2176,1.4095000005909242,0.01320000046689529,0.00019999970390927047,0.0008999995770864189,0.00470000031782547,1.4333999997688807
1855,d238_u1,neutral,train,238,1,random,3,1,1,0,0,0,1,1,0,ok,"{""sentences"": [""I hear you."", ""We can pause here for a moment.""], ""safety"": ""ok""}",1,2176,1.421999999365653,0.012700000297627412,0.0002999995558639057,0.026400000024295878,0.004300000000512227,1.470799999879091
1856,d238_u2,neutral,train,238,2,random,3,1,1,0,0,0,1,1,0,ok,"{""sentences"": [""I hear you."", ""We can pause here for a moment.""], ""safety"": ""ok""}",1,2176,1.4375999999174383,0.012599999536178075,0.00030000046535860747,0.012299999980314169,0.004499999704421498,1.471999999921536
1857,d238_u3,neutral,train,238,3,random,3,1,1,0,0,0,1,1,0,ok,"{""sentences"": [""I hear you."", ""We can pause here for a moment.""], ""safety"": ""ok""}",1,2176,1.4460999991570134,0.011399999493733048,0.00019999970390927047,0.011500000255182385,0.004399999852466863,1.4781999998376705
1858,d238_u4,neutral,train,238,4,random,3,1,1,0,0,0,1,1,0,ok,"{""sentences"": [""I hear you."", ""We can pause here for a moment.""], ""safety"": ""ok""}",1,2176,1.5029000005597482,0.027300000510877,0.00019999970390927047,0.01160000010713702,0.004200000148557592,1.5511999999944237
1859,d238_u5,neutral,train,238,5,random,3,1,1,0,0,0,1,1,0,ok,"{""sentences"": [""I hear you."", ""We can pause here for a moment.""], ""safety"": ""ok""}",1,2176,1.5493000000788015,0.012200000128359534,0.00030000046535860747,0.011699999959091656,0.004200000148557592,1.582599999892409
1860,d238_u6,neutral,train,238,6,random,3,1,1,0,0,0,1,1,0,ok,"{""sentences"": [""I hear you."", ""We can pause here for a moment.""], ""safety"": ""ok""}",1,2176,1.4702999997098232,0.013100000614940654,0.0002999995558639057,0.02809999932651408,0.004300000000512227,1.5209000002869288
1861,d239_u0,neutral,train,239,0,random,3,1,1,0,0,0,1,1,0,ok,"{""sentences"": [""I hear you."", ""We can pause here for a moment.""], ""safety"": ""ok""}",1,2176,1.5898999999990338,0.01269999938813271,0.00020000061340397224,0.011799999811046291,0.004400000761961564,1.6237999998338637
1862,d239_u1,neutral,train,239,1,random,3,0,0,0,0,0,0,0,0,not_invoked,,1,2176,1.2591000004249508,0.012999999853491317,0.00030000046535860747,0.000999999429041054,0.0045000006139162,1.2828999997509527
1863,d239_u2,happy,train,239,2,random,3,0,0,0,0,0,0,0,0,not_invoked,,1,2176,1.5425000001414446,0.012999999853491317,0.0002999995558639057,0.000999999429041054,0.004600000465870835,1.5662999994674465
1864,d239_u3,happy,train,239,3,random,3,1,1,0,0,0,1,1,0,ok,"{""sentences"": [""I hear you."", ""We can pause here for a moment.""], ""safety"": ""ok""}",1,2176,1.2987000000066473,0.01249999968422344,0.00020000061340397224,0.011500000255182385,0.004399999852466863,1.332100000581704
1865,d239_u4,neutral,train,239,4,random,3,1,1,0,0,0,1,1,0,ok,"{""sentences"": [""I hear you."", ""We can pause here for a moment.""], ""safety"": ""ok""}",1,2176,1.6487000002598506,0.01249999968422344,0.0002999995558639057,0.02719999974942766,0.004300000000512227,1.697700000477198
1866,d239_u6,happy,train,239,6,random,3,1,1,0,0,0,1,1,0,ok,"{""sentences"": [""I hear you."", ""We can pause here for a moment.""], ""safety"": ""ok""}",1,2176,1.3374000000112574,0.012800000149582047,0.00019999970390927047,0.012000000424450263,0.004200000148557592,1.3717000001634005
1867,d240_u0,neutral,train,240,0,random,3,0,0,0,0,0,0,0,0,not_invoked,,1,2176,1.3608000008389354,0.012500000593718141,0.00019999970390927047,0.0008999995770864189,0.0045000006139162,1.3840000001437147
1868,d240_u1,neutral,train,240,1,random,3,0,0,0,0,0,0,0,0,not_invoked,,1,2176,1.309199999923294,0.012500000593718141,0.00019999970390927047,0.0008999995770864189,0.004600000465870835,1.3319999998202547
1869,d240_u2,neutral,train,240,2,random,3,1,1,0,0,0,1,1,0,ok,"{""sentences"": [""I hear you."", ""We can pause here for a moment.""], ""safety"": ""ok""}",1,2176,1.3165000000299187,0.012800000149582047,0.00019999970390927047,0.012100000276404899,0.004200000148557592,1.3509999998859712
1870,d240_u4,neutral,train,240,4,random,3,1,1,0,0,0,1,1,0,ok,"{""sentences"": [""I hear you."", ""We can pause here for a moment.""], ""safety"": ""ok""}",1,2176,1.3276999998197425,0.012399999832268804,0.00019999970390927047,0.011500000255182385,0.004300000000512227,1.36090000069089
1871,d240_u5,neutral,train,240,5,random,3,0,0,0,0,0,0,0,0,not_invoked,,1,2176,1.3314999996509869,0.012599999536178075,0.0002999995558639057,0.0008999995770864189,0.004600000465870835,1.3552000000345288
1872,d240_u6,neutral,train,240,6,random,3,0,0,0,0,0,0,0,0,not_invoked,,1,2176,1.3209999997343402,0.012299999980314169,0.00030000046535860747,0.0009000004865811206,0.004599999556376133,1.3441000000966596
1873,d241_u0,angry,train,241,0,random,3,1,1,0,0,0,1,1,0,ok,"{""sentences"": [""I hear you."", ""We can pause here for a moment.""], ""safety"": ""ok""}",1,2176,1.3429999999061693,0.012400000741763506,0.00019999970390927047,0.011899999663000926,0.004400000761961564,1.3771000003544032
1874,d241_u1,sad,train,241,1,random,3,1,1,0,0,0,1,1,0,ok,"{""sentences"": [""I hear you."", ""We can pause here for a moment.""], ""safety"": ""ok""}",1,2176,1.3562000003730645,0.01249999968422344,0.0002999995558639057,0.01160000010713702,0.004300000000512227,1.3898999995944905
1875,d241_u2,neutral,train,241,2,random,3,1,1,0,0,0,1,1,0,ok,"{""sentences"": [""I hear you."", ""We can pause here for a moment.""], ""safety"": ""ok""}",1,2176,1.4333999997688807,0.013199999557400588,0.00020000061340397224,0.012200000128359534,0.004400000761961564,1.468399999794201
1876,d241_u3,angry,train,241,3,random,3,1,1,0,0,0,1,1,0,ok,"{""sentences"": [""I hear you."", ""We can pause here for a moment.""], ""safety"": ""ok""}",1,2176,1.4378000005308422,0.012700000297627412,0.00019999970390927047,0.028899999961140566,0.004300000000512227,1.4890000002196757
1877,d241_u4,happy,train,241,4,random,3,0,0,0,0,0,0,0,0,not_invoked,,1,2176,1.5038000001368346,0.012500000593718141,0.00019999970390927047,0.000999999429041054,0.004499999704421498,1.5268999995896593
1878,d241_u5,angry,train,241,5,random,3,1,1,0,0,0,1,1,0,ok,"{""sentences"": [""I hear you."", ""We can pause here for a moment.""], ""safety"": ""ok""}",1,2176,1.51090000053955,0.013899999430577736,0.0002999995558639057,0.012700000297627412,0.004900000021734741,1.5480000001844019
1879,d241_u6,neutral,train,241,6,random,3,0,0,0,0,0,0,0,0,not_invoked,,1,2176,1.4860999999655178,0.012800000149582047,0.00030000046535860747,0.0009000004865811206,0.00470000031782547,1.5099000002010143
1880,d241_u7,neutral,train,241,7,random,3,1,1,0,0,0,1,1,0,ok,"{""sentences"": [""I hear you."", ""We can pause here for a moment.""], ""safety"": ""ok""}",1,2176,1.4397000004464644,0.012700000297627412,0.00020000061340397224,0.012000000424450263,0.019899999642802868,1.4895000003889436
1881,d241_u8,angry,train,241,8,random,3,0,0,0,0,0,0,0,0,not_invoked,,1,2176,1.3951000000815839,0.012600000445672777,0.00019999970390927047,0.0008999995770864189,0.004499999704421498,1.418300000295858
1882,d241_u9,neutral,train,241,9,random,3,1,1,0,0,0,1,1,0,ok,"{""sentences"": [""I hear you."", ""We can pause here for a moment.""], ""safety"": ""ok""}",1,2176,1.3496999999915715,0.01249999968422344,0.00020000061340397224,0.011800000720540993,0.004300000000512227,1.3834999999744468
1883,d241_u10,happy,train,241,10,random,3,0,0,0,0,0,0,0,0,not_invoked,,1,2176,1.3587000003099092,0.013100000614940654,0.00019999970390927047,0.0010000003385357559,0.0045000006139162,1.3822000000800472
1884,d242_u0,happy,train,242,0,random,3,1,1,0,0,0,1,1,0,ok,"{""sentences"": [""I hear you."", ""We can pause here for a moment.""], ""safety"": ""ok""}",1,2176,1.3516999997591483,0.012599999536178075,0.00020000061340397224,0.011799999811046291,0.004399999852466863,1.385600000503473
1885,d242_u1,neutral,train,242,1,random,3,1,1,0,0,0,1,1,0,ok,"{""sentences"": [""I hear you."", ""We can pause here for a moment.""], ""safety"": ""ok""}",1,2176,1.359500000035041,0.01320000046689529,0.00030000046535860747,0.01249999968422344,0.004300000000512227,1.3949000003776746
1886,d242_u2,neutral,train,242,2,random,3,0,0,0,0,0,0,0,0,not_invoked,,1,2176,1.3632000000143307,0.01269999938813271,0.0002999995558639057,0.000999999429041054,0.0045000006139162,1.3866999997844687
1887,d242_u3,neutral,train,242,3,random,3,1,1,0,0,0,1,1,0,ok,"{""sentences"": [""I hear you."", ""We can pause here for a moment.""], ""safety"": ""ok""}",1,2176,1.61500000012893,0.012999999853491317,0.00030000046535860747,0.012700000297627412,0.017299999854003545,1.6630999998596963
1888,d242_u4,neutral,train,242,4,random,3,1,1,0,0,0,1,1,0,ok,"{""sentences"": [""I hear you."", ""We can pause here for a moment.""], ""safety"": ""ok""}",1,2176,1.3132000003679423,0.012500000593718141,0.00019999970390927047,0.011999999514955562,0.004399999852466863,1.3471000002027722
1889,d242_u6,sad,train,242,6,random,3,0,0,0,0,0,0,0,0,not_invoked,,1,2176,1.3311000002431683,0.012700000297627412,0.00030000046535860747,0.0009000004865811206,0.004600000465870835,1.354699999865261
1890,d243_u0,happy,train,243,0,random,3,0,0,0,0,0,0,0,0,not_invoked,,1,2176,1.3554999995903927,0.028599999495781958,0.00019999970390927047,0.0008999995770864189,0.004600000465870835,1.3949000003776746
1891,d244_u0,neutral,train,244,0,random,3,1,1,0,0,0,1,1,0,ok,"{""sentences"": [""I hear you."", ""We can pause here for a moment.""], ""safety"": ""ok""}",1,2176,1.4787000000069384,0.013099999705445953,0.00019999970390927047,0.011999999514955562,0.00419999923906289,1.5302000001611304
1892,d244_u1,neutral,train,244,1,random,3,0,0,0,0,0,0,0,0,not_invoked,,1,2176,1.5026999999463442,0.01320000046689529,0.0002999995558639057,0.0008999995770864189,0.00470000031782547,1.52669999988575
1893,d244_u3,neutral,train,244,3,random,3,1,1,0,0,0,1,1,0,ok,"{""sentences"": [""I hear you."", ""We can pause here for a moment.""], ""safety"": ""ok""}",1,2176,1.4631999993071076,0.012800000149582047,0.00019999970390927047,0.012600000445672777,0.004599999556376133,1.498600000559236
1894,d244_u5,neutral,train,244,5,random,3,0,0,0,0,0,0,0,0,not_invoked,,1,2176,1.4622999997300212,0.013300000318849925,0.00030000046535860747,0.0010000003385357559,0.004599999556376133,1.5017000005173031
1895,d244_u6,neutral,train,244,6,random,3,0,0,0,0,0,0,0,0,not_invoked,,1,2176,1.5045999998619664,0.012700000297627412,0.00019999970390927047,0.000999999429041054,0.004599999556376133,1.5279999997801497
1896,d245_u0,happy,train,245,0,random,3,1,1,0,0,0,1,1,0,ok,"{""sentences"": [""I hear you."", ""We can pause here for a moment.""], ""safety"": ""ok""}",1,2176,1.4965999998821644,0.012200000128359534,0.0002999995558639057,0.012100000276404899,0.004499999704421498,1.530500000626489
1897,d245_u1,happy,train,245,1,random,3,0,0,0,0,0,0,0,0,not_invoked,,1,2176,1.4688999999634689,0.013099999705445953,0.00030000046535860747,0.0010000003385357559,0.00470000031782547,1.4929999997548293
1898,d245_u2,happy,train,245,2,random,3,1,1,0,0,0,1,1,0,ok,"{""sentences"": [""I hear you."", ""We can pause here for a moment.""], ""safety"": ""ok""}",1,2176,1.467100000809296,0.012900000001536682,0.00019999970390927047,0.012399999832268804,0.004599999556376133,1.5024000003904803
1899,d245_u3,happy,train,245,3,random,3,1,1,0,0,0,1,1,0,ok,"{""sentences"": [""I hear you."", ""We can pause here for a moment.""], ""safety"": ""ok""}",1,2176,1.518999999461812,0.012500000593718141,0.0002999995558639057,0.012000000424450263,0.004499999704421498,1.5530999999100459
1900,d245_u4,neutral,train,245,4,random,3,0,0,0,0,0,0,0,0,not_invoked,,1,2176,1.5538000006927177,0.013800000488117803,0.0002999995558639057,0.0010000003385357559,0.004900000021734741,1.5788999999131192
1901,d245_u5,happy,train,245,5,random,3,1,1,0,0,0,1,1,0,ok,"{""sentences"": [""I hear you."", ""We can pause here for a moment.""], ""safety"": ""ok""}",1,2176,1.4837999997325824,0.012999999853491317,0.00020000061340397224,0.011900000572495628,0.004499999704421498,1.5186000000539934
1902,d245_u6,neutral,train,245,6,random,3,0,0,0,0,0,0,0,0,not_invoked,,1,2176,1.4408999995794147,0.013099999705445953,0.00030000046535860747,0.0010000003385357559,0.00470000031782547,1.4649000004283153
1903,d245_u7,happy,train,245,7,random,3,0,0,0,0,0,0,0,0,not_invoked,,1,2176,1.463300000068557,0.012700000297627412,0.00030000046535860747,0.0010000003385357559,0.00470000031782547,1.4871000003040535
1904,d245_u8,happy,train,245,8,random,3,1,1,0,0,0,1,1,0,ok,"{""sentences"": [""I hear you."", ""We can pause here for a moment.""], ""safety"": ""ok""}",1,2176,1.4560999998138868,0.012799999240087345,0.0002999995558639057,0.012200000128359534,0.004600000465870835,1.506399999925634
1905,d245_u9,sad,train,245,9,random,3,0,0,0,0,0,0,0,0,not_invoked,,1,2176,1.5451999997821986,0.013300000318849925,0.00030000046535860747,0.0010000003385357559,0.004900000021734741,1.569700000800367
1906,d245_u13,sad,train,245,13,random,3,1,1,0,0,0,1,1,0,ok,"{""sentences"": [""I hear you."", ""We can pause here for a moment.""], ""safety"": ""ok""}",1,2176,1.5060999994602753,0.013099999705445953,0.00019999970390927047,0.012399999832268804,0.004399999852466863,1.5412999991895049
1907,d245_u15,sad,train,245,15,random,3,0,0,0,0,0,0,0,0,not_invoked,,1,2176,1.4649000004283153,0.012700000297627412,0.00019999970390927047,0.0010000003385357559,0.004900000021734741,1.4887999996062717
1908,d245_u16,neutral,train,245,16,random,3,0,0,0,0,0,0,0,0,not_invoked,,1,2176,1.4911999996911618,0.01340000017080456,0.00030000046535860747,0.0010000003385357559,0.004900000021734741,1.5157999996517901
1909,d246_u0,happy,train,246,0,random,3,0,0,0,0,0,0,0,0,not_invoked,,1,2176,1.5631999995093793,0.013199999557400588,0.00030000046535860747,0.000999999429041054,0.004900000021734741,1.587600000675593
1910,d246_u1,sad,train,246,1,random,3,0,0,0,0,0,0,0,0,not_invoked,,1,2176,1.2627999994947459,0.013099999705445953,0.00019999970390927047,0.000999999429041054,0.004800000169780105,1.2868999992861063
1911,d246_u2,neutral,train,246,2,random,3,0,0,0,0,0,0,0,0,not_invoked,,1,2176,1.36579999980313,0.012999999853491317,0.00019999970390927047,0.0010000003385357559,0.004600000465870835,1.3897999997425359
1912,d246_u3,neutral,train,246,3,random,3,1,1,0,0,0,1,1,0,ok,"{""sentences"": [""I hear you."", ""We can pause here for a moment.""], ""safety"": ""ok""}",1,2176,1.4256000004024827,0.012700000297627412,0.00019999970390927047,0.011999999514955562,0.004499999704421498,1.4598999996451312
1913,d246_u4,neutral,train,246,4,random,3,0,0,0,0,0,0,0,0,not_invoked,,1,2176,1.4149999997243867,0.012999999853491317,0.00020000061340397224,0.0010000003385357559,0.00470000031782547,1.4390999995157472
1914,d246_u5,neutral,train,246,5,random,3,0,0,0,0,0,0,0,0,not_invoked,,1,2176,1.3690000005226466,0.012399999832268804,0.00030000046535860747,0.0008999995770864189,0.00470000031782547,1.3920999999754713
1915,d246_u6,neutral,train,246,6,random,3,1,1,0,0,0,1,1,0,ok,"{""sentences"": [""I hear you."", ""We can pause here for a moment.""], ""safety"": ""ok""}",1,2176,1.3516999997591483,0.013300000318849925,0.00020000061340397224,0.012600000445672777,0.004600000465870835,1.3877000001230044
1916,d247_u0,neutral,train,247,0,random,3,1,1,0,0,0,1,1,0,ok,"{""sentences"": [""I hear you."", ""We can pause here for a moment.""], ""safety"": ""ok""}",1,2176,1.4338999999381485,0.012299999980314169,0.0002999995558639057,0.011699999959091656,0.004499999704421498,1.4675999991595745
1917,d247_u2,happy,train,247,2,random,3,1,1,0,0,0,1,1,0,ok,"{""sentences"": [""I hear you."", ""We can pause here for a moment.""], ""safety"": ""ok""}",1,2176,1.501799999459763,0.01340000017080456,0.00020000061340397224,0.012900000001536682,0.004599999556376133,1.5381999992314377
1918,d248_u0,neutral,train,248,0,random,3,0,0,0,0,0,0,0,0,not_invoked,,1,2176,1.5174000000115484,0.02789999962260481,0.00020000061340397224,0.0009000004865811206,0.004499999704421498,1.5559000003122492
1919,d248_u1,angry,train,248,1,random,3,0,0,0,0,0,0,0,0,not_invoked,,1,2176,1.3929000006100978,0.01320000046689529,0.0002999995558639057,0.0010000003385357559,0.004800000169780105,1.4172000001053675
1920,d248_u3,happy,train,248,3,random,3,0,0,0,0,0,0,0,0,not_invoked,,1,2176,1.350300000012794,0.012700000297627412,0.00020000061340397224,0.0010000003385357559,0.004599999556376133,1.374000000396336
1921,d248_u4,happy,train,248,4,random,3,1,1,0,0,0,1,1,0,ok,"{""sentences"": [""I hear you."", ""We can pause here for a moment.""], ""safety"": ""ok""}",1,2176,1.4739999996891129,0.013500000022759195,0.00019999970390927047,0.012800000149582047,0.004499999704421498,1.5100999999049236
1922,d248_u5,angry,train,248,5,random,3,0,0,0,0,0,0,0,0,not_invoked,,1,2176,1.4965999998821644,0.01320000046689529,0.00020000061340397224,0.0009000004865811206,0.00470000031782547,1.5208000004349742
1923,d248_u6,happy,train,248,6,random,3,1,1,0,0,0,1,1,0,ok,"{""sentences"": [""I hear you."", ""We can pause here for a moment.""], ""safety"": ""ok""}",1,2176,1.3989999997647828,0.012999999853491317,0.00019999970390927047,0.012299999980314169,0.004399999852466863,1.4338999999381485
1924,d248_u7,angry,train,248,7,random,3,1,1,0,0,0,1,1,0,ok,"{""sentences"": [""I hear you."", ""We can pause here for a moment.""], ""safety"": ""ok""}",1,2176,1.3857999992978876,0.012700000297627412,0.0002999995558639057,0.011799999811046291,0.004400000761961564,1.4200000005075708
1925,d249_u0,neutral,train,249,0,random,3,0,0,0,0,0,0,0,0,not_invoked,,1,2176,1.5039999998407438,0.013099999705445953,0.00030000046535860747,0.0010000003385357559,0.00470000031782547,1.527899999928195
1926,d249_u1,neutral,train,249,1,random,3,0,0,0,0,0,0,0,0,not_invoked,,1,2176,1.4610999996875762,0.02750000021478627,0.00019999970390927047,0.0008999995770864189,0.004699999408330768,1.4992999995229184
1927,d249_u2,neutral,train,249,2,random,3,0,0,0,0,0,0,0,0,not_invoked,,1,2176,1.4713999999003136,0.012900000001536682,0.00030000046535860747,0.0009000004865811206,0.004599999556376133,1.4951000002838555
1928,d249_u3,happy,train,249,3,random,3,1,1,0,0,0,1,1,0,ok,"{""sentences"": [""I hear you."", ""We can pause here for a moment.""], ""safety"": ""ok""}",1,2176,1.5069999999468564,0.013299999409355223,0.00019999970390927047,0.012000000424450263,0.004599999556376133,1.5590999992127763
1929,d249_u4,sad,train,249,4,random,3,0,0,0,0,0,0,0,0,not_invoked,,1,2176,1.399400000082096,0.013299999409355223,0.0002999995558639057,0.000999999429041054,0.004699999408330768,1.4240000000427244
1930,d249_u5,sad,train,249,5,random,3,1,1,0,0,0,1,1,0,ok,"{""sentences"": [""I hear you."", ""We can pause here for a moment.""], ""safety"": ""ok""}",1,2176,1.3411999998425017,0.012700000297627412,0.00030000046535860747,0.012100000276404899,0.004300000000512227,1.375499999994645
1931,d249_u6,sad,train,249,6,random,3,0,0,0,0,0,0,0,0,not_invoked,,1,2176,1.396099999510625,0.012800000149582047,0.0002999995558639057,0.000999999429041054,0.00470000031782547,1.4197999998941668
1932,d249_u7,happy,train,249,7,random,3,0,0,0,0,0,0,0,0,not_invoked,,1,2176,1.3240999996924074,0.012800000149582047,0.0002999995558639057,0.000999999429041054,0.004699999408330768,1.3477999991664547
1933,d249_u8,neutral,train,249,8,random,3,1,1,0,0,0,1,1,0,ok,"{""sentences"": [""I hear you."", ""We can pause here for a moment.""], ""safety"": ""ok""}",1,2176,1.3460000000122818,0.01320000046689529,0.00030000046535860747,0.012700000297627412,0.004599999556376133,1.3819000005241833
1934,d249_u9,happy,train,249,9,random,3,1,1,0,0,0,1,1,0,ok,"{""sentences"": [""I hear you."", ""We can pause here for a moment.""], ""safety"": ""ok""}",1,2176,1.4286000005085953,0.01300000076298602,0.00030000046535860747,0.028100000236008782,0.004600000465870835,1.4798000001974287
1935,d249_u10,happy,train,249,10,random,3,0,0,0,0,0,0,0,0,not_invoked,,1,2176,1.4057999997021398,0.013099999705445953,0.00030000046535860747,0.0009000004865811206,0.00470000031782547,1.4297999996415456
1936,d249_u11,neutral,train,249,11,random,3,0,0,0,0,0,0,0,0,not_invoked,,1,2176,1.326800000242656,0.012600000445672777,0.0002999995558639057,0.0008999995770864189,0.004600000465870835,1.3498999996954808
1937,d249_u13,happy,train,249,13,random,3,0,0,0,0,0,0,0,0,not_invoked,,1,2176,1.4980000005380134,0.01359999987471383,0.0002999995558639057,0.0008999995770864189,0.004800000169780105,1.5224999997371924
1938,d250_u1,happy,train,250,1,random,3,0,0,0,0,0,0,0,0,not_invoked,,1,2176,1.4949000005799462,0.012900000001536682,0.00020000061340397224,0.0009000004865811206,0.004800000169780105,1.5185000002020388
1939,d250_u3,happy,train,250,3,random,3,0,0,0,0,0,0,0,0,not_invoked,,1,2176,1.373799999782932,0.012900000001536682,0.00020000061340397224,0.0009000004865811206,0.00470000031782547,1.3978999995742925
1940,d250_u5,neutral,train,250,5,random,3,0,0,0,0,0,0,0,0,not_invoked,,1,2176,1.4402999995581922,0.012799999240087345,0.0002999995558639057,0.0008999995770864189,0.004900000021734741,1.4643000004070927
1941,d250_u6,neutral,train,250,6,random,3,1,1,0,0,0,1,1,0,ok,"{""sentences"": [""I hear you."", ""We can pause here for a moment.""], ""safety"": ""ok""}",1,2176,1.4522000001306878,0.012900000001536682,0.00019999970390927047,0.012599999536178075,0.004499999704421498,1.487499999711872
1942,d251_u0,angry,train,251,0,random,3,1,1,0,0,0,1,1,0,ok,"{""sentences"": [""I hear you."", ""We can pause here for a moment.""], ""safety"": ""ok""}",1,2176,1.475199999731558,0.012599999536178075,0.0002999995558639057,0.012100000276404899,0.004300000000512227,1.5095999997356557
1943,d251_u1,neutral,train,251,1,random,3,1,1,0,0,0,1,1,0,ok,"{""sentences"": [""I hear you."", ""We can pause here for a moment.""], ""safety"": ""ok""}",1,2176,1.479700000345474,0.012799999240087345,0.00019999970390927047,0.012299999980314169,0.004599999556376133,1.5144999997573905
1944,d251_u2,neutral,train,251,2,random,3,0,0,0,0,0,0,0,0,not_invoked,,1,2176,1.471300000048359,0.013199999557400588,0.00030000046535860747,0.000999999429041054,0.00470000031782547,1.4955999995436287
1945,d251_u3,neutral,train,251,3,random,3,1,1,0,0,0,1,1,0,ok,"{""sentences"": [""I hear you."", ""We can pause here for a moment.""], ""safety"": ""ok""}",1,2176,1.4205999996192986,0.012999999853491317,0.00019999970390927047,0.01230000088980887,0.004399999852466863,1.455599999644619
1946,d251_u4,neutral,train,251,4,random,3,0,0,0,0,0,0,0,0,not_invoked,,1,2176,1.3970999998491607,0.013099999705445953,0.0002999995558639057,0.0008999995770864189,0.00470000031782547,1.4210999997885665
1947,d251_u5,neutral,train,251,5,random,3,1,1,0,0,0,1,1,0,ok,"{""sentences"": [""I hear you."", ""We can pause here for a moment.""], ""safety"": ""ok""}",1,2176,1.447500000722357,0.012900000001536682,0.00019999970390927047,0.012299999980314169,0.004399999852466863,1.4824999998381827
1948,d251_u6,sad,train,251,6,random,3,0,0,0,0,0,0,0,0,not_invoked,,1,2176,1.4273999995566555,0.012599999536178075,0.0002999995558639057,0.0008999995770864189,0.004699999408330768,1.450499999918975
1949,d252_u0,neutral,train,252,0,random,3,0,0,0,0,0,0,0,0,not_invoked,,1,2176,1.6468999992866884,0.012900000001536682,0.0002999995558639057,0.0009000004865811206,0.004599999556376133,1.6705000007277704
1950,d252_u1,neutral,train,252,1,random,3,1,1,0,0,0,1,1,0,ok,"{""sentences"": [""I hear you."", ""We can pause here for a moment.""], ""safety"": ""ok""}",1,2176,1.3300999999046326,0.012900000001536682,0.00019999970390927047,0.012200000128359534,0.004599999556376133,1.3647000005221344
1951,d252_u2,neutral,train,252,2,random,3,0,0,0,0,0,0,0,0,not_invoked,,1,2176,1.3840999999956694,0.01249999968422344,0.00030000046535860747,0.0009000004865811206,0.004599999556376133,1.4230000006136834
1952,d252_u3,neutral,train,252,3,random,3,0,0,0,0,0,0,0,0,not_invoked,,1,2176,1.4482999995379942,0.01340000017080456,0.00030000046535860747,0.0009000004865811206,0.004999999873689376,1.4728999994986225
1953,d252_u4,neutral,train,252,4,random,3,1,1,0,0,0,1,1,0,ok,"{""sentences"": [""I hear you."", ""We can pause here for a moment.""], ""safety"": ""ok""}",1,2176,1.3910999996369355,0.01160000010713702,0.00020000061340397224,0.011500000255182385,0.004499999704421498,1.4234999998734565
1954,d252_u5,neutral,train,252,5,random,3,1,1,0,0,0,1,1,0,ok,"{""sentences"": [""I hear you."", ""We can pause here for a moment.""], ""safety"": ""ok""}",1,2176,1.4748999992661993,0.02769999991869554,0.00030000046535860747,0.026699999580159783,0.0045000006139162,1.5392000004794681
1955,d252_u6,neutral,train,252,6,random,3,0,0,0,0,0,0,0,0,not_invoked,,1,2176,1.411000000189233,0.012299999980314169,0.0002999995558639057,0.0009000004865811206,0.004800000169780105,1.4339999997901032
1956,d252_u7,neutral,train,252,7,random,3,1,1,0,0,0,1,1,0,ok,"{""sentences"": [""I hear you."", ""We can pause here for a moment.""], ""safety"": ""ok""}",1,2176,1.3843000006090733,0.028899999961140566,0.00020000061340397224,0.012000000424450263,0.004499999704421498,1.4348000004247297
1957,d252_u8,neutral,train,252,8,random,3,0,0,0,0,0,0,0,0,not_invoked,,1,2176,1.4193999995768536,0.012800000149582047,0.0002999995558639057,0.000999999429041054,0.004499999704421498,1.4428999993469915
1958,d252_u9,neutral,train,252,9,random,3,0,0,0,0,0,0,0,0,not_invoked,,1,2176,1.297599999816157,0.01320000046689529,0.0002999995558639057,0.0008999995770864189,0.004799999260285404,1.3220999999248306
1959,d252_u10,neutral,train,252,10,random,3,1,1,0,0,0,1,1,0,ok,"{""sentences"": [""I hear you."", ""We can pause here for a moment.""], ""safety"": ""ok""}",1,2176,1.478799999858893,0.012800000149582047,0.00030000046535860747,0.012399999832268804,0.0045000006139162,1.5137000000322587
1960,d252_u13,neutral,train,252,13,random,3,0,0,0,0,0,0,0,0,not_invoked,,1,2176,1.5032999999675667,0.01340000017080456,0.00030000046535860747,0.0010000003385357559,0.004800000169780105,1.5278000000762404
1961,d252_u14,happy,train,252,14,random,3,1,1,0,0,0,1,1,0,ok,"{""sentences"": [""I hear you."", ""We can pause here for a moment.""], ""safety"": ""ok""}",1,2176,1.5309000000343076,0.012600000445672777,0.0002999995558639057,0.011899999663000926,0.004400000761961564,1.5650000004825415
1962,d252_u15,neutral,train,252,15,random,3,1,1,0,0,0,1,1,0,ok,"{""sentences"": [""I hear you."", ""We can pause here for a moment.""], ""safety"": ""ok""}",1,2176,1.5104999993127421,0.01340000017080456,0.00030000046535860747,0.028100000236008782,0.02010000025620684,1.577500000166765
1963,d252_u16,neutral,train,252,16,random,3,1,1,0,0,0,1,1,0,ok,"{""sentences"": [""I hear you."", ""We can pause here for a moment.""], ""safety"": ""ok""}",1,2176,1.4847000002191635,0.012500000593718141,0.00019999970390927047,0.012100000276404899,0.004399999852466863,1.5190000003713067
1964,d252_u17,happy,train,252,17,random,3,1,1,0,0,0,1,1,0,ok,"{""sentences"": [""I hear you."", ""We can pause here for a moment.""], ""safety"": ""ok""}",1,2176,1.4707000000271364,0.015300000086426735,0.0004000003173132427,0.014000000192027073,0.004999999873689376,1.511200000095414
1965,d252_u19,neutral,train,252,19,random,3,0,0,0,0,0,0,0,0,not_invoked,,1,2176,1.5854000002946123,0.014000000192027073,0.0002999995558639057,0.000999999429041054,0.004999999873689376,1.6109999996842816
1966,d253_u0,neutral,train,253,0,random,3,0,0,0,0,0,0,0,0,not_invoked,,1,2176,1.5219999995679245,0.01320000046689529,0.00019999970390927047,0.0009000004865811206,0.004800000169780105,1.546500000586093
1967,d253_u1,happy,train,253,1,random,3,0,0,0,0,0,0,0,0,not_invoked,,1,2176,1.5051000000312342,0.012700000297627412,0.00019999970390927047,0.0008999995770864189,0.004699999408330768,1.5286999996533268
1968,d253_u4,neutral,train,253,4,random,3,0,0,0,0,0,0,0,0,not_invoked,,1,2176,1.528199999484059,0.012999999853491317,0.00030000046535860747,0.0010000003385357559,0.004699999408330768,1.5522000003329595
1969,d253_u5,happy,train,253,5,random,3,1,1,0,0,0,1,1,0,ok,"{""sentences"": [""I hear you."", ""We can pause here for a moment.""], ""safety"": ""ok""}",1,2176,1.4682000000902917,0.012999999853491317,0.00019999970390927047,0.012599999536178075,0.004600000465870835,1.5035999995234306
1970,d253_u7,neutral,train,253,7,random,3,1,1,0,0,0,1,1,0,ok,"{""sentences"": [""I hear you."", ""We can pause here for a moment.""], ""safety"": ""ok""}",1,2176,1.4506999996228842,0.01359999987471383,0.00020000061340397224,0.012900000001536682,0.019099999917671084,1.5018000003692578
1971,d253_u8,happy,train,253,8,random,3,1,1,0,0,0,1,1,0,ok,"{""sentences"": [""I hear you."", ""We can pause here for a moment.""], ""safety"": ""ok""}",1,2176,1.5507999996771105,0.012800000149582047,0.0002999995558639057,0.011699999959091656,0.004800000169780105,1.5853000004426576
1972,d253_u10,happy,train,253,10,random,3,0,0,0,0,0,0,0,0,not_invoked,,1,2176,1.4834999992672238,0.01340000017080456,0.00030000046535860747,0.0008999995770864189,0.00470000031782547,1.5222000001813285
1973,d253_u11,neutral,train,253,11,random,3,1,1,0,0,0,1,1,0,ok,"{""sentences"": [""I hear you."", ""We can pause here for a moment.""], ""safety"": ""ok""}",1,2176,1.4560999998138868,0.012999999853491317,0.00019999970390927047,0.011999999514955562,0.004600000465870835,1.4909999999872525
1974,d254_u1,angry,train,254,1,random,3,0,0,0,0,0,0,0,0,not_invoked,,1,2176,1.4639999999417341,0.013300000318849925,0.00030000046535860747,0.0010000003385357559,0.00470000031782547,1.5043000003061024
1975,d254_u2,angry,train,254,2,random,3,0,0,0,0,0,0,0,0,not_invoked,,1,2176,1.4471999993475038,0.012700000297627412,0.00030000046535860747,0.0009000004865811206,0.004600000465870835,1.471000000492495
1976,d254_u3,angry,train,254,3,random,3,0,0,0,0,0,0,0,0,not_invoked,,1,2176,1.4808000005359645,0.028899999961140566,0.00019999970390927047,0.0008999995770864189,0.004599999556376133,1.5207999995254795
1977,d254_u4,angry,train,254,4,random,3,1,1,0,0,0,1,1,0,ok,"{""sentences"": [""I hear you."", ""We can pause here for a moment.""], ""safety"": ""ok""}",1,2176,1.6013999993447214,0.012700000297627412,0.0002999995558639057,0.012099999366910197,0.0045000006139162,1.635800000258314
1978,d254_u5,angry,train,254,5,random,3,1,1,0,0,0,1,1,0,ok,"{""sentences"": [""I hear you."", ""We can pause here for a moment.""], ""safety"": ""ok""}",1,2176,1.6090999997686595,0.013199999557400588,0.0002999995558639057,0.012299999980314169,0.004399999852466863,1.6441999996459344
1979,d254_u6,angry,train,254,6,random,3,1,1,0,0,0,1,1,0,ok,"{""sentences"": [""I hear you."", ""We can pause here for a moment.""], ""safety"": ""ok""}",1,2176,1.450499999918975,0.012399999832268804,0.00019999970390927047,0.01160000010713702,0.004399999852466863,1.4839000004940317
1980,d254_u7,neutral,train,254,7,random,3,1,1,0,0,0,1,1,0,ok,"{""sentences"": [""I hear you."", ""We can pause here for a moment.""], ""safety"": ""ok""}",1,2176,1.4317999994091224,0.013199999557400588,0.0002999995558639057,0.012599999536178075,0.004600000465870835,1.4675000002171146
1981,d254_u8,happy,train,254,8,random,3,0,0,0,0,0,0,0,0,not_invoked,,1,2176,1.5425999999933993,0.012700000297627412,0.00020000061340397224,0.0009000004865811206,0.004599999556376133,1.5658000002076733
1982,d254_u9,angry,train,254,9,random,3,1,1,0,0,0,1,1,0,ok,"{""sentences"": [""I hear you."", ""We can pause here for a moment.""], ""safety"": ""ok""}",1,2176,1.5021999997770763,0.012999999853491317,0.00030000046535860747,0.011900000572495628,0.004499999704421498,1.536899999337038
1983,d255_u1,neutral,train,255,1,random,3,1,1,0,0,0,1,1,0,ok,"{""sentences"": [""I hear you."", ""We can pause here for a moment.""], ""safety"": ""ok""}",1,2176,1.4759999994566897,0.012399999832268804,0.00020000061340397224,0.012000000424450263,0.004499999704421498,1.510200000666373
1984,d255_u3,neutral,train,255,3,random,3,1,1,0,0,0,1,1,0,ok,"{""sentences"": [""I hear you."", ""We can pause here for a moment.""], ""safety"": ""ok""}",1,2176,1.4873000000079628,0.012999999853491317,0.00030000046535860747,0.012299999980314169,0.004400000761961564,1.5223000000332831
1985,d255_u5,happy,train,255,5,random,3,1,1,0,0,0,1,1,0,ok,"{""sentences"": [""I hear you."", ""We can pause here for a moment.""], ""safety"": ""ok""}",1,2176,1.4583000001948676,0.012900000001536682,0.00019999970390927047,0.012200000128359534,0.004499999704421498,1.4931999994587386
1986,d255_u7,happy,train,255,7,random,3,0,0,0,0,0,0,0,0,not_invoked,,1,2176,1.4541999998982647,0.012900000001536682,0.0002999995558639057,0.0008999995770864189,0.004900000021734741,1.4780000001337612
1987,d255_u9,sad,train,255,9,random,3,1,1,0,0,0,1,1,0,ok,"{""sentences"": [""I hear you."", ""We can pause here for a moment.""], ""safety"": ""ok""}",1,2176,1.3666000004377565,0.012999999853491317,0.0002999995558639057,0.012099999366910197,0.004200000148557592,1.4012000001457636
1988,d255_u10,angry,train,255,10,random,3,0,0,0,0,0,0,0,0,not_invoked,,1,2176,1.3730999999097548,0.012500000593718141,0.00019999970390927047,0.0008999995770864189,0.004599999556376133,1.3963000001240289
1989,d255_u11,angry,train,255,11,random,3,0,0,0,0,0,0,0,0,not_invoked,,1,2176,1.3804999998683343,0.011699999959091656,0.0002999995558639057,0.0010000003385357559,0.004499999704421498,1.402599999892118
1990,d255_u12,happy,train,255,12,random,3,0,0,0,0,0,0,0,0,not_invoked,,1,2176,1.4670000000478467,0.012700000297627412,0.00020000061340397224,0.0010000003385357559,0.00470000031782547,1.490699999521894
1991,d255_u15,neutral,train,255,15,random,3,1,1,0,0,0,1,1,0,ok,"{""sentences"": [""I hear you."", ""We can pause here for a moment.""], ""safety"": ""ok""}",1,2176,1.423400000021502,0.012900000001536682,0.00020000061340397224,0.012200000128359534,0.004600000465870835,1.4584000000468222
1992,d256_u0,sad,train,256,0,random,3,1,1,0,0,0,1,1,0,ok,"{""sentences"": [""I hear you."", ""We can pause here for a moment.""], ""safety"": ""ok""}",1,2176,1.3710000002902234,0.013399999261309858,0.0002999995558639057,0.01249999968422344,0.0045000006139162,1.4068999998926301
1993,d256_u1,neutral,train,256,1,random,3,1,1,0,0,0,1,1,0,ok,"{""sentences"": [""I hear you."", ""We can pause here for a moment.""], ""safety"": ""ok""}",1,2176,1.5391000006275135,0.012500000593718141,0.00019999970390927047,0.011699999959091656,0.004399999852466863,1.573100000314298
1994,d256_u2,angry,train,256,2,random,3,0,0,0,0,0,0,0,0,not_invoked,,1,2176,1.520400000117661,0.013700000636163168,0.00030000046535860747,0.0010000003385357559,0.004800000169780105,1.5451999997821986
1995,d256_u3,neutral,train,256,3,random,3,0,0,0,0,0,0,0,0,not_invoked,,1,2176,1.4123999999355874,0.012399999832268804,0.00019999970390927047,0.0009000004865811206,0.004599999556376133,1.4355000002979068
1996,d256_u4,neutral,train,256,4,random,3,0,0,0,0,0,0,0,0,not_invoked,,1,2176,1.3779999999314896,0.01320000046689529,0.00019999970390927047,0.0009000004865811206,0.004599999556376133,1.4019999998708954
1997,d256_u5,neutral,train,256,5,random,3,0,0,0,0,0,0,0,0,not_invoked,,1,2176,1.3519000003725523,0.012599999536178075,0.00019999970390927047,0.0009000004865811206,0.004800000169780105,1.3755999998465995
1998,d256_u6,angry,train,256,6,random,3,1,1,0,0,0,1,1,0,ok,"{""sentences"": [""I hear you."", ""We can pause here for a moment.""], ""safety"": ""ok""}",1,2176,1.3540999998440384,0.01340000017080456,0.00020000061340397224,0.012500000593718141,0.004599999556376133,1.3899999994464451
1999,d256_u7,happy,train,256,7,random,3,0,0,0,0,0,0,0,0,not_invoked,,1,2176,1.4242999995985883,0.012900000001536682,0.00019999970390927047,0.0010000003385357559,0.004800000169780105,1.4483000004474889
2000,d256_u8,neutral,train,256,8,random,3,1,1,0,0,0,1,1,0,ok,"{""sentences"": [""I hear you."", ""We can pause here for a moment.""], ""safety"": ""ok""}",1,2176,1.3798999998471118,0.013500000022759195,0.0002999995558639057,0.012599999536178075,0.0045000006139162,1.4159000002109678
2001,d256_u9,neutral,train,256,9,random,3,1,1,0,0,0,1,1,0,ok,"{""sentences"": [""I hear you."", ""We can pause here for a moment.""], ""safety"": ""ok""}",1,2176,1.4387000001079286,0.012999999853491317,0.00030000046535860747,0.012200000128359534,0.00470000031782547,1.4737999999852036
2002,d256_u10,sad,train,256,10,random,3,0,0,0,0,0,0,0,0,not_invoked,,1,2176,1.4240000000427244,0.01340000017080456,0.0002999995558639057,0.000999999429041054,0.004799999260285404,1.4486000000033528
2003,d256_u11,angry,train,256,11,random,3,1,1,0,0,0,1,1,0,ok,"{""sentences"": [""I hear you."", ""We can pause here for a moment.""], ""safety"": ""ok""}",1,2176,1.394300000356452,0.012399999832268804,0.00019999970390927047,0.011799999811046291,0.004399999852466863,1.4280999994298327
2004,d256_u12,angry,train,256,12,random,3,1,1,0,0,0,1,1,0,ok,"{""sentences"": [""I hear you."", ""We can pause here for a moment.""], ""safety"": ""ok""}",1,2176,1.416899999640009,0.013300000318849925,0.00030000046535860747,0.012399999832268804,0.004499999704421498,1.452699999390461
2005,d256_u13,angry,train,256,13,random,3,0,0,0,0,0,0,0,0,not_invoked,,1,2176,1.455099999475351,0.012800000149582047,0.0002999995558639057,0.000999999429041054,0.004800000169780105,1.4789000006203423
2006,d256_u14,angry,train,256,14,random,3,0,0,0,0,0,0,0,0,not_invoked,,1,2176,1.4118999997663195,0.013500000022759195,0.00030000046535860747,0.0009000004865811206,0.00470000031782547,1.4363999998749932
2007,d256_u15,neutral,train,256,15,random,3,0,0,0,0,0,0,0,0,not_invoked,,1,2176,1.8624000003910623,0.012900000001536682,0.00030000046535860747,0.0010000003385357559,0.00470000031782547,1.8860999998651096
2008,d257_u0,happy,train,257,0,random,3,0,0,0,0,0,0,0,0,not_invoked,,1,2176,1.550400000269292,0.013300000318849925,0.00019999970390927047,0.000999999429041054,0.004799999260285404,1.5745000000606524
2009,d257_u3,neutral,train,257,3,random,3,0,0,0,0,0,0,0,0,not_invoked,,1,2176,1.48799999988114,0.012900000001536682,0.00020000061340397224,0.0010000003385357559,0.004999999873689376,1.5122999993764097
2010,d257_u4,sad,train,257,4,random,3,1,1,0,0,0,1,1,0,ok,"{""sentences"": [""I hear you."", ""We can pause here for a moment.""], ""safety"": ""ok""}",1,2176,1.5506999998251558,0.012800000149582047,0.0002999995558639057,0.012299999980314169,0.004399999852466863,1.5855999999985215
2011,d258_u0,happy,train,258,0,random,3,0,0,0,0,0,0,0,0,not_invoked,,1,2176,1.4800999997532926,0.012999999853491317,0.0002999995558639057,0.0010999992809956893,0.00470000031782547,1.5038000001368346
2012,d258_u1,neutral,train,258,1,random,3,0,0,0,0,0,0,0,0,not_invoked,,1,2176,1.4381000000867061,0.012700000297627412,0.00019999970390927047,0.0008999995770864189,0.004600000465870835,1.4615000000048894
2013,d258_u3,neutral,train,258,3,random,3,0,0,0,0,0,0,0,0,not_invoked,,1,2176,1.3847999998688465,0.013300000318849925,0.00030000046535860747,0.0010000003385357559,0.004699999408330768,1.4092000001255656
2014,d258_u4,neutral,train,258,4,random,3,0,0,0,0,0,0,0,0,not_invoked,,1,2176,1.39240000044083,0.013199999557400588,0.00030000046535860747,0.0009000004865811206,0.004900000021734741,1.416600000084145
2015,d258_u5,neutral,train,258,5,random,3,1,1,0,0,0,1,1,0,ok,"{""sentences"": [""I hear you."", ""We can pause here for a moment.""], ""safety"": ""ok""}",1,2176,1.5140000004976173,0.01359999987471383,0.00019999970390927047,0.027799999770650174,0.004600000465870835,1.5657000003557187
2016,d258_u6,happy,train,258,6,random,3,1,1,0,0,0,1,1,0,ok,"{""sentences"": [""I hear you."", ""We can pause here for a moment.""], ""safety"": ""ok""}",1,2176,1.205399999889778,0.012700000297627412,0.00030000046535860747,0.012000000424450263,0.004499999704421498,1.2397999998938758
2017,d259_u2,angry,train,259,2,random,3,1,1,0,0,0,1,1,0,ok,"{""sentences"": [""I hear you."", ""We can pause here for a moment.""], ""safety"": ""ok""}",1,2176,1.649800000450341,0.012800000149582047,0.00020000061340397224,0.012100000276404899,0.004600000465870835,1.6845999998622574
2018,d259_u3,angry,train,259,3,random,3,0,0,0,0,0,0,0,0,not_invoked,,1,2176,1.314999999522115,0.012800000149582047,0.00019999970390927047,0.0008999995770864189,0.004600000465870835,1.3535999996747705
2019,d260_u0,neutral,train,260,0,random,3,1,1,0,0,0,1,1,0,ok,"{""sentences"": [""I hear you."", ""We can pause here for a moment.""], ""safety"": ""ok""}",1,2176,1.3986999992994242,0.01249999968422344,0.00030000046535860747,0.011900000572495628,0.004399999852466863,1.4326000000437489
2020,d260_u1,angry,train,260,1,random,3,0,0,0,0,0,0,0,0,not_invoked,,1,2176,1.3852000001861597,0.012599999536178075,0.00030000046535860747,0.0009000004865811206,0.004499999704421498,1.4227000001483248
2021,d260_u3,sad,train,260,3,random,3,0,0,0,0,0,0,0,0,not_invoked,,1,2176,1.3903999997637584,0.013199999557400588,0.00030000046535860747,0.0010000003385357559,0.004600000465870835,1.4146000003165682
2022,d260_u4,sad,train,260,4,random,3,0,0,0,0,0,0,0,0,not_invoked,,1,2176,1.3773000000583124,0.012599999536178075,0.0002999995558639057,0.0008999995770864189,0.0045000006139162,1.4005000002725865
2023,d260_u5,sad,train,260,5,random,3,0,0,0,0,0,0,0,0,not_invoked,,1,2176,1.4143000007607043,0.012500000593718141,0.0002999995558639057,0.0008999995770864189,0.004599999556376133,1.4375999999174383
2024,d260_u6,sad,train,260,6,random,3,0,0,0,0,0,0,0,0,not_invoked,,1,2176,1.429400000233727,0.012800000149582047,0.00020000061340397224,0.0010000003385357559,0.004399999852466863,1.452900000003865
2025,d260_u7,sad,train,260,7,random,3,0,0,0,0,0,0,0,0,not_invoked,,1,2176,1.4653000007456285,0.012700000297627412,0.00019999970390927047,0.000999999429041054,0.004499999704421498,1.488699999754317
2026,d260_u8,neutral,train,260,8,random,3,0,0,0,0,0,0,0,0,not_invoked,,1,2176,1.3718000000153552,0.028200000087963417,0.00019999970390927047,0.0009000004865811206,0.004399999852466863,1.410399999258516
2027,d260_u9,neutral,train,260,9,random,3,0,0,0,0,0,0,0,0,not_invoked,,1,2176,1.369900000099733,0.0335000004270114,0.00019999970390927047,0.0010999992809956893,0.005699999746866524,1.4159000002109678
2028,d260_u11,angry,train,260,11,random,3,0,0,0,0,0,0,0,0,not_invoked,,1,2176,1.4601000002585351,0.012600000445672777,0.00030000046535860747,0.0009000004865811206,0.00470000031782547,1.483600000028673
2029,d261_u2,neutral,train,261,2,random,3,0,0,0,0,0,0,0,0,not_invoked,,1,2176,1.3916000007156981,0.013100000614940654,0.0002999995558639057,0.0008999995770864189,0.004800000169780105,1.4160999999148771
2030,d261_u3,happy,train,261,3,random,3,1,1,0,0,0,1,1,0,ok,"{""sentences"": [""I hear you."", ""We can pause here for a moment.""], ""safety"": ""ok""}",1,2176,1.3903999997637584,0.012299999980314169,0.00019999970390927047,0.01160000010713702,0.004100000296602957,1.4377000006788876
2031,d261_u4,angry,train,261,4,random,3,1,1,0,0,0,1,1,0,ok,"{""sentences"": [""I hear you."", ""We can pause here for a moment.""], ""safety"": ""ok""}",1,2176,1.4297999996415456,0.012900000001536682,0.00019999970390927047,0.012100000276404899,0.004399999852466863,1.464200000555138
2032,d261_u5,angry,train,261,5,random,3,0,0,0,0,0,0,0,0,not_invoked,,1,2176,1.4316000006147078,0.012399999832268804,0.00030000046535860747,0.0009000004865811206,0.004399999852466863,1.4542999997502193
2033,d261_u6,neutral,train,261,6,random,3,1,1,0,0,0,1,1,0,ok,"{""sentences"": [""I hear you."", ""We can pause here for a moment.""], ""safety"": ""ok""}",1,2176,1.4315999997052131,0.012199999218864832,0.0002999995558639057,0.01160000010713702,0.004200000148557592,1.4649000004283153
2034,d261_u8,sad,train,261,8,random,3,0,0,0,0,0,0,0,0,not_invoked,,1,2176,1.4384999994945247,0.011999999514955562,0.0002999995558639057,0.0007999997251317836,0.004400000761961564,1.4605000005758484
2035,d262_u0,neutral,train,262,0,random,3,1,1,0,0,0,1,1,0,ok,"{""sentences"": [""I hear you."", ""We can pause here for a moment.""], ""safety"": ""ok""}",1,2176,1.609400000234018,0.012900000001536682,0.00030000046535860747,0.011699999959091656,0.004300000000512227,1.643599999624712
2036,d262_u1,neutral,train,262,1,random,3,1,1,0,0,0,1,1,0,ok,"{""sentences"": [""I hear you."", ""We can pause here for a moment.""], ""safety"": ""ok""}",1,2176,1.2748999997711508,0.011999999514955562,0.0002999995558639057,0.011699999959091656,0.004399999852466863,1.3080999997328036
2037,d262_u2,neutral,train,262,2,random,3,1,1,0,0,0,1,1,0,ok,"{""sentences"": [""I hear you."", ""We can pause here for a moment.""], ""safety"": ""ok""}",1,2176,1.4278999997259234,0.012199999218864832,0.00030000046535860747,0.011399999493733048,0.00470000031782547,1.4611999995395308
2038,d262_u3,sad,train,262,3,random,3,0,0,0,0,0,0,0,0,not_invoked,,1,2176,1.407900000231166,0.012700000297627412,0.00020000061340397224,0.0010000003385357559,0.004499999704421498,1.4312000002973946
2039,d262_u4,angry,train,262,4,random,3,1,1,0,0,0,1,1,0,ok,"{""sentences"": [""I hear you."", ""We can pause here for a moment.""], ""safety"": ""ok""}",1,2176,1.4409999994313694,0.01359999987471383,0.00019999970390927047,0.011699999959091656,0.004300000000512227,1.4907000004313886
2040,d263_u2,neutral,train,263,2,random,3,1,1,0,0,0,1,1,0,ok,"{""sentences"": [""I hear you."", ""We can pause here for a moment.""], ""safety"": ""ok""}",1,2176,1.5471999995497754,0.012700000297627412,0.0002999995558639057,0.011899999663000926,0.004399999852466863,1.581399999849964
2041,d263_u4,neutral,train,263,4,random,3,1,1,0,0,0,1,1,0,ok,"{""sentences"": [""I hear you."", ""We can pause here for a moment.""], ""safety"": ""ok""}",1,2176,1.4332000000649714,0.012299999980314169,0.00020000061340397224,0.011699999959091656,0.004300000000512227,1.4664000000266242
2042,d263_u5,neutral,train,263,5,random,3,1,1,0,0,0,1,1,0,ok,"{""sentences"": [""I hear you."", ""We can pause here for a moment.""], ""safety"": ""ok""}",1,2176,1.3981000001876964,0.012799999240087345,0.00019999970390927047,0.011799999811046291,0.004399999852466863,1.4324999992822995
2043,d263_u6,happy,train,263,6,random,3,0,0,0,0,0,0,0,0,not_invoked,,1,2176,1.3986000003569643,0.012500000593718141,0.00019999970390927047,0.000999999429041054,0.004399999852466863,1.4218999995136983
2044,d263_u8,happy,train,263,8,random,3,1,1,0,0,0,1,1,0,ok,"{""sentences"": [""I hear you."", ""We can pause here for a moment.""], ""safety"": ""ok""}",1,2176,1.400899999680405,0.012999999853491317,0.00030000046535860747,0.012100000276404899,0.004600000465870835,1.4360000004671747
2045,d264_u0,neutral,train,264,0,random,3,0,0,0,0,0,0,0,0,not_invoked,,1,2176,1.4701999998578685,0.012000000424450263,0.00019999970390927047,0.0008999995770864189,0.004399999852466863,1.4923000007911469
2046,d264_u1,neutral,train,264,1,random,3,0,0,0,0,0,0,0,0,not_invoked,,1,2176,1.439599999685015,0.012800000149582047,0.00019999970390927047,0.0008999995770864189,0.00470000031782547,1.463099999455153
2047,d264_u3,neutral,train,264,3,random,3,0,0,0,0,0,0,0,0,not_invoked,,1,2176,1.479000000472297,0.012200000128359534,0.00020000061340397224,0.0009000004865811206,0.004399999852466863,1.5014999999038992
2048,d264_u4,happy,train,264,4,random,3,1,1,0,0,0,1,1,0,ok,"{""sentences"": [""I hear you."", ""We can pause here for a moment.""], ""safety"": ""ok""}",1,2176,1.5019999991636723,0.015499999790336005,0.00019999970390927047,0.013899999430577736,0.004999999873689376,1.54240000028949
2049,d264_u5,neutral,train,264,5,random,3,0,0,0,0,0,0,0,0,not_invoked,,1,2176,1.5606000006300746,0.012900000001536682,0.00020000061340397224,0.0010000003385357559,0.004800000169780105,1.5843999999560765
2050,d264_u6,neutral,train,264,6,random,3,0,0,0,0,0,0,0,0,not_invoked,,1,2176,1.5057000000524567,0.012599999536178075,0.00020000061340397224,0.0009000004865811206,0.004800000169780105,1.5289000002667308
2051,d264_u7,angry,train,264,7,random,3,0,0,0,0,0,0,0,0,not_invoked,,1,2176,1.3911000005464302,0.012400000741763506,0.00019999970390927047,0.0008999995770864189,0.00470000031782547,1.414199999999255
2052,d264_u9,neutral,train,264,9,random,3,1,1,0,0,0,1,1,0,ok,"{""sentences"": [""I hear you."", ""We can pause here for a moment.""], ""safety"": ""ok""}",1,2176,1.4193999995768536,0.012500000593718141,0.00030000046535860747,0.012399999832268804,0.004400000761961564,1.4537000006384915
2053,d264_u10,neutral,train,264,10,random,3,1,1,0,0,0,1,1,0,ok,"{""sentences"": [""I hear you."", ""We can pause here for a moment.""], ""safety"": ""ok""}",1,2176,1.4172000001053675,0.013099999705445953,0.0002999995558639057,0.012099999366910197,0.004499999704421498,1.4520000004267786
2054,d264_u11,neutral,train,264,11,random,3,0,0,0,0,0,0,0,0,not_invoked,,1,2176,1.407900000231166,0.01269999938813271,0.00030000046535860747,0.0009000004865811206,0.004499999704421498,1.4312000002973946
2055,d264_u12,neutral,train,264,12,random,3,1,1,0,0,0,1,1,0,ok,"{""sentences"": [""I hear you."", ""We can pause here for a moment.""], ""safety"": ""ok""}",1,2176,1.4361000003191293,0.012599999536178075,0.00019999970390927047,0.011799999811046291,0.004399999852466863,1.470100000005914
2056,d264_u13,neutral,train,264,13,random,3,1,1,0,0,0,1,1,0,ok,"{""sentences"": [""I hear you."", ""We can pause here for a moment.""], ""safety"": ""ok""}",1,2176,1.4292999994722777,0.012900000001536682,0.00019999970390927047,0.011899999663000926,0.004399999852466863,1.4637000003858702
2057,d264_u14,neutral,train,264,14,random,3,1,1,0,0,0,1,1,0,ok,"{""sentences"": [""I hear you."", ""We can pause here for a moment.""], ""safety"": ""ok""}",1,2176,1.4129000001048553,0.012200000128359534,0.00019999970390927047,0.011699999959091656,0.004300000000512227,1.4461999999184627
2058,d264_u15,happy,train,264,15,random,3,0,0,0,0,0,0,0,0,not_invoked,,1,2176,1.4232000003175926,0.01320000046689529,0.00020000061340397224,0.0009000004865811206,0.004800000169780105,1.4473999999609077
2059,d264_u16,neutral,train,264,16,random,3,0,0,0,0,0,0,0,0,not_invoked,,1,2176,1.4036000002306537,0.012299999980314169,0.00019999970390927047,0.000999999429041054,0.004600000465870835,1.4264000001276145
2060,d264_u17,neutral,train,264,17,random,3,0,0,0,0,0,0,0,0,not_invoked,,1,2176,1.4019999998708954,0.012999999853491317,0.00030000046535860747,0.0010000003385357559,0.004999999873689376,1.4261999995142105
2061,d264_u18,neutral,train,264,18,random,3,0,0,0,0,0,0,0,0,not_invoked,,1,2176,1.4446000004681991,0.01249999968422344,0.00020000061340397224,0.0009000004865811206,0.004499999704421498,1.4677999997729785
2062,d265_u0,angry,train,265,0,random,3,1,1,0,0,0,1,1,0,ok,"{""sentences"": [""I hear you."", ""We can pause here for a moment.""], ""safety"": ""ok""}",1,2176,1.4445999995587044,0.013299999409355223,0.00020000061340397224,0.012500000593718141,0.004699999408330768,1.4801000006627874
2063,d265_u1,neutral,train,265,1,random,3,1,1,0,0,0,1,1,0,ok,"{""sentences"": [""I hear you."", ""We can pause here for a moment.""], ""safety"": ""ok""}",1,2176,1.45410000004631,0.012299999980314169,0.00030000046535860747,0.011799999811046291,0.004300000000512227,1.487700000325276
2064,d265_u2,angry,train,265,2,random,3,1,1,0,0,0,1,1,0,ok,"{""sentences"": [""I hear you."", ""We can pause here for a moment.""], ""safety"": ""ok""}",1,2176,1.4787000000069384,0.01249999968422344,0.00030000046535860747,0.011500000255182385,0.004300000000512227,1.512199999524455
2065,d265_u3,neutral,train,265,3,random,3,1,1,0,0,0,1,1,0,ok,"{""sentences"": [""I hear you."", ""We can pause here for a moment.""], ""safety"": ""ok""}",1,2176,1.5211999998427927,0.012299999980314169,0.00019999970390927047,0.011799999811046291,0.004399999852466863,1.5548000001217588
2066,d265_u4,sad,train,265,4,random,3,1,1,0,0,0,1,1,0,ok,"{""sentences"": [""I hear you."", ""We can pause here for a moment.""], ""safety"": ""ok""}",1,2176,1.5064999997775885,0.012999999853491317,0.00019999970390927047,0.011999999514955562,0.004399999852466863,1.5413000000989996
2067,d266_u0,neutral,train,266,0,random,3,1,1,0,0,0,1,1,0,ok,"{""sentences"": [""I hear you."", ""We can pause here for a moment.""], ""safety"": ""ok""}",1,2176,1.4873999998599174,0.012199999218864832,0.00019999970390927047,0.011899999663000926,0.004300000000512227,1.5210999999908381
2068,d267_u0,neutral,train,267,0,random,3,0,0,0,0,0,0,0,0,not_invoked,,1,2176,1.4711000003444497,0.012999999853491317,0.0002999995558639057,0.0008999995770864189,0.004600000465870835,1.4947999998184969
2069,d268_u1,neutral,train,268,1,random,3,1,1,0,0,0,1,1,0,ok,"{""sentences"": [""I hear you."", ""We can pause here for a moment.""], ""safety"": ""ok""}",1,2176,1.6313999994963524,0.012600000445672777,0.00019999970390927047,0.011999999514955562,0.004499999704421498,1.6659000002618995
2070,d269_u0,neutral,train,269,0,random,3,0,0,0,0,0,0,0,0,not_invoked,,1,2176,1.6293999997287756,0.013099999705445953,0.00020000061340397224,0.0009000004865811206,0.00470000031782547,1.6535000004296307
2071,d270_u0,neutral,train,270,0,random,3,0,0,0,0,0,0,0,0,not_invoked,,1,2176,1.488999999310181,0.012399999832268804,0.00020000061340397224,0.0010000003385357559,0.004399999852466863,1.5119999998205458
2072,d270_u1,happy,train,270,1,random,3,0,0,0,0,0,0,0,0,not_invoked,,1,2176,1.5023999994809856,0.02700000004551839,0.0002999995558639057,0.0007999997251317836,0.004600000465870835,1.5398000005006907
2073,d270_u2,happy,train,270,2,random,3,0,0,0,0,0,0,0,0,not_invoked,,1,2176,1.3968000002932968,0.012599999536178075,0.00020000061340397224,0.0009000004865811206,0.004599999556376133,1.4201000003595254
2074,d270_u3,neutral,train,270,3,random,3,0,0,0,0,0,0,0,0,not_invoked,,1,2176,1.3667000002897112,0.013099999705445953,0.00020000061340397224,0.0009000004865811206,0.00470000031782547,1.3906000003771624
2075,d271_u1,happy,train,271,1,random,3,0,0,0,0,0,0,0,0,not_invoked,,1,2176,1.3831999995090882,0.012299999980314169,0.0002999995558639057,0.0009000004865811206,0.004600000465870835,1.4058000006116345
2076,d271_u2,happy,train,271,2,random,3,1,1,0,0,0,1,1,0,ok,"{""sentences"": [""I hear you."", ""We can pause here for a moment.""], ""safety"": ""ok""}",1,2176,1.3939999998910935,0.012999999853491317,0.00020000061340397224,0.012100000276404899,0.004499999704421498,1.4288000002125045
2077,d271_u3,happy,train,271,3,random,3,1,1,0,0,0,1,1,0,ok,"{""sentences"": [""I hear you."", ""We can pause here for a moment.""], ""safety"": ""ok""}",1,2176,1.416800000697549,0.012200000128359534,0.00020000061340397224,0.011800000720540993,0.004399999852466863,1.4504000000670203
2078,d271_u4,happy,train,271,4,random,3,1,1,0,0,0,1,1,0,ok,"{""sentences"": [""I hear you."", ""We can pause here for a moment.""], ""safety"": ""ok""}",1,2176,1.4129000001048553,0.013300000318849925,0.00030000046535860747,0.012200000128359534,0.004499999704421498,1.4480999998340849
2079,d271_u6,neutral,train,271,6,random,3,0,0,0,0,0,0,0,0,not_invoked,,1,2176,1.4769999997952254,0.01249999968422344,0.0002999995558639057,0.0008999995770864189,0.004499999704421498,1.5001000001575449
2080,d271_u7,neutral,train,271,7,random,3,1,1,0,0,0,1,1,0,ok,"{""sentences"": [""I hear you."", ""We can pause here for a moment.""], ""safety"": ""ok""}",1,2176,1.466200000322715,0.013099999705445953,0.00020000061340397224,0.012200000128359534,0.004400000761961564,1.5013000001999899
2081,d271_u8,neutral,train,271,8,random,3,0,0,0,0,0,0,0,0,not_invoked,,1,2176,1.4105000000199652,0.012299999980314169,0.0002999995558639057,0.0008999995770864189,0.004499999704421498,1.433299999916926
2082,d271_u9,angry,train,271,9,random,3,1,1,0,0,0,1,1,0,ok,"{""sentences"": [""I hear you."", ""We can pause here for a moment.""], ""safety"": ""ok""}",1,2176,1.3976000000184285,0.013300000318849925,0.00030000046535860747,0.012100000276404899,0.00470000031782547,1.4328999995996128
2083,d271_u10,neutral,train,271,10,random,3,1,1,0,0,0,1,1,0,ok,"{""sentences"": [""I hear you."", ""We can pause here for a moment.""], ""safety"": ""ok""}",1,2176,1.4564000002792454,0.012500000593718141,0.0002999995558639057,0.011899999663000926,0.004499999704421498,1.4905000007274793
2084,d272_u2,angry,train,272,2,random,3,1,1,0,0,0,1,1,0,ok,"{""sentences"": [""I hear you."", ""We can pause here for a moment.""], ""safety"": ""ok""}",1,2176,1.4550000005328911,0.013100000614940654,0.00030000046535860747,0.012100000276404899,0.004399999852466863,1.4897999999448075
2085,d272_u3,angry,train,272,3,random,3,1,1,0,0,0,1,1,0,ok,"{""sentences"": [""I hear you."", ""We can pause here for a moment.""], ""safety"": ""ok""}",1,2176,1.5802000007170136,0.012800000149582047,0.00020000061340397224,0.012100000276404899,0.0045000006139162,1.6149000002769753
2086,d272_u4,neutral,train,272,4,random,3,0,0,0,0,0,0,0,0,not_invoked,,1,2176,1.2019000005238922,0.012500000593718141,0.0002999995558639057,0.0008999995770864189,0.004600000465870835,1.2251999996806262
2087,d272_u5,neutral,train,272,5,random,3,1,1,0,0,0,1,1,0,ok,"{""sentences"": [""I hear you."", ""We can pause here for a moment.""], ""safety"": ""ok""}",1,2176,1.507599999968079,0.012600000445672777,0.00030000046535860747,0.011899999663000926,0.004300000000512227,1.5413999999509542
2088,d272_u6,neutral,train,272,6,random,3,1,1,0,0,0,1,1,0,ok,"{""sentences"": [""I hear you."", ""We can pause here for a moment.""], ""safety"": ""ok""}",1,2176,1.4405000001715962,0.012100000276404899,0.0002999995558639057,0.011299999641778413,0.004099999387108255,1.4731000001120265
2089,d272_u7,happy,train,272,7,random,3,0,0,0,0,0,0,0,0,not_invoked,,1,2176,1.3465000001815497,0.01249999968422344,0.00030000046535860747,0.0009000004865811206,0.004499999704421498,1.3693000000785105
2090,d272_u8,angry,train,272,8,random,3,0,0,0,0,0,0,0,0,not_invoked,,1,2176,1.338999999461521,0.012800000149582047,0.0002999995558639057,0.0008999995770864189,0.0045000006139162,1.3769999995929538
2091,d273_u0,neutral,train,273,0,random,3,1,1,0,0,0,1,1,0,ok,"{""sentences"": [""I hear you."", ""We can pause here for a moment.""], ""safety"": ""ok""}",1,2176,1.2923999993290636,0.013300000318849925,0.0002999995558639057,0.012299999980314169,0.004399999852466863,1.3277000007292372
2092,d273_u1,angry,train,273,1,random,3,1,1,0,0,0,1,1,0,ok,"{""sentences"": [""I hear you."", ""We can pause here for a moment.""], ""safety"": ""ok""}",1,2176,1.339899999948102,0.012500000593718141,0.0002999995558639057,0.011899999663000926,0.004400000761961564,1.373799999782932
2093,d273_u2,sad,train,273,2,random,3,0,0,0,0,0,0,0,0,not_invoked,,1,2176,1.6349000006812275,0.012700000297627412,0.0002999995558639057,0.000999999429041054,0.004599999556376133,1.6582999996899161
2094,d273_u3,sad,train,273,3,random,3,0,0,0,0,0,0,0,0,not_invoked,,1,2176,1.3245999998616753,0.012599999536178075,0.00020000061340397224,0.0010000003385357559,0.004399999852466863,1.3475000005200855
2095,d273_u4,sad,train,273,4,random,3,1,1,0,0,0,1,1,0,ok,"{""sentences"": [""I hear you."", ""We can pause here for a moment.""], ""safety"": ""ok""}",1,2176,1.4068999998926301,0.012100000276404899,0.00030000046535860747,0.01160000010713702,0.004399999852466863,1.439800000298419
2096,d273_u5,neutral,train,273,5,random,3,1,1,0,0,0,1,1,0,ok,"{""sentences"": [""I hear you."", ""We can pause here for a moment.""], ""safety"": ""ok""}",1,2176,1.4476999995167716,0.012700000297627412,0.0002999995558639057,0.011799999811046291,0.004200000148557592,1.4818999998169602
2097,d273_u6,neutral,train,273,6,random,3,1,1,0,0,0,1,1,0,ok,"{""sentences"": [""I hear you."", ""We can pause here for a moment.""], ""safety"": ""ok""}",1,2176,1.483800000642077,0.012500000593718141,0.00019999970390927047,0.011999999514955562,0.0045000006139162,1.518000000032771
2098,d273_u8,angry,train,273,8,random,3,0,0,0,0,0,0,0,0,not_invoked,,1,2176,1.4879000000291853,0.01300000076298602,0.00019999970390927047,0.000999999429041054,0.004599999556376133,1.511499999651278
2099,d273_u10,neutral,train,273,10,random,3,1,1,0,0,0,1,1,0,ok,"{""sentences"": [""I hear you."", ""We can pause here for a moment.""], ""safety"": ""ok""}",1,2176,1.5647999998691375,0.012299999980314169,0.00020000061340397224,0.011300000551273115,0.004499999704421498,1.5979999998307903
2100,d273_u11,neutral,train,273,11,random,3,1,1,0,0,0,1,1,0,ok,"{""sentences"": [""I hear you."", ""We can pause here for a moment.""], ""safety"": ""ok""}",1,2176,1.5101999997568782,0.013199999557400588,0.00020000061340397224,0.02660000063769985,0.004399999852466863,1.5594999995300896
2101,d273_u12,neutral,train,273,12,random,3,1,1,0,0,0,1,1,0,ok,"{""sentences"": [""I hear you."", ""We can pause here for a moment.""], ""safety"": ""ok""}",1,2176,1.5339000001404202,0.01249999968422344,0.00019999970390927047,0.01160000010713702,0.00419999923906289,1.567300000715477
2102,d273_u13,happy,train,273,13,random,3,1,1,0,0,0,1,1,0,ok,"{""sentences"": [""I hear you."", ""We can pause here for a moment.""], ""safety"": ""ok""}",1,2176,1.2441000008038827,0.012599999536178075,0.00030000046535860747,0.011500000255182385,0.004200000148557592,1.2773999997079954
2103,d273_u14,neutral,train,273,14,random,3,1,1,0,0,0,1,1,0,ok,"{""sentences"": [""I hear you."", ""We can pause here for a moment.""], ""safety"": ""ok""}",1,2176,1.4330000003610621,0.012800000149582047,0.00020000061340397224,0.012100000276404899,0.0045000006139162,1.4677999997729785
2104,d273_u15,neutral,train,273,15,random,3,1,1,0,0,0,1,1,0,ok,"{""sentences"": [""I hear you."", ""We can pause here for a moment.""], ""safety"": ""ok""}",1,2176,1.4693000002807821,0.012600000445672777,0.00030000046535860747,0.011799999811046291,0.004400000761961564,1.5032999999675667
2105,d273_u16,neutral,train,273,16,random,3,0,0,0,0,0,0,0,0,not_invoked,,1,2176,1.3711999999941327,0.012900000001536682,0.00019999970390927047,0.000999999429041054,0.004499999704421498,1.3947999996162253
2106,d274_u4,neutral,train,274,4,random,3,0,0,0,0,0,0,0,0,not_invoked,,1,2176,1.3605000003735768,0.012199999218864832,0.00019999970390927047,0.0008999995770864189,0.0045000006139162,1.383200000418583
2107,d274_u5,happy,train,274,5,random,3,1,1,0,0,0,1,1,0,ok,"{""sentences"": [""I hear you."", ""We can pause here for a moment.""], ""safety"": ""ok""}",1,2176,1.3480000006893533,0.012800000149582047,0.00030000046535860747,0.012200000128359534,0.0045000006139162,1.3828000001012697
2108,d274_u6,angry,train,274,6,random,3,1,1,0,0,0,1,1,0,ok,"{""sentences"": [""I hear you."", ""We can pause here for a moment.""], ""safety"": ""ok""}",1,2176,1.362199999675795,0.01269999938813271,0.00020000061340397224,0.011900000572495628,0.004399999852466863,1.3963999999759835
2109,d274_u7,angry,train,274,7,random,3,0,0,0,0,0,0,0,0,not_invoked,,1,2176,1.5063000000736793,0.012599999536178075,0.00020000061340397224,0.0010000003385357559,0.004499999704421498,1.529399999526504
2110,d274_u9,happy,train,274,9,random,3,1,1,0,0,0,1,1,0,ok,"{""sentences"": [""I hear you."", ""We can pause here for a moment.""], ""safety"": ""ok""}",1,2176,1.1813000000984175,0.012100000276404899,0.00030000046535860747,0.011299999641778413,0.00419999923906289,1.2139000000388478
2111,d275_u0,angry,train,275,0,random,3,0,0,0,0,0,0,0,0,not_invoked,,1,2176,1.4099999998506973,0.012400000741763506,0.00019999970390927047,0.0008999995770864189,0.004600000465870835,1.4332000000649714
2112,d275_u1,angry,train,275,1,random,3,0,0,0,0,0,0,0,0,not_invoked,,1,2176,1.4712000001964043,0.012900000001536682,0.00019999970390927047,0.0009000004865811206,0.004599999556376133,1.4948999996704515
2113,d275_u2,neutral,train,275,2,random,3,0,0,0,0,0,0,0,0,not_invoked,,1,2176,1.4073000002099434,0.03459999970800709,0.0002999995558639057,0.001100000190490391,0.004999999873689376,1.4535999998770421
2114,d275_u4,angry,train,275,4,random,3,0,0,0,0,0,0,0,0,not_invoked,,1,2176,1.4720999997734907,0.02700000004551839,0.00019999970390927047,0.0008999995770864189,0.004499999704421498,1.5095999997356557
2115,d275_u6,neutral,train,275,6,random,3,0,0,0,0,0,0,0,0,not_invoked,,1,2176,1.55819999963569,0.012299999980314169,0.0002999995558639057,0.0008999995770864189,0.004800000169780105,1.5812000001460547
2116,d275_u7,neutral,train,275,7,random,3,0,0,0,0,0,0,0,0,not_invoked,,1,2176,1.450299999305571,0.012700000297627412,0.00019999970390927047,0.0008999995770864189,0.004600000465870835,1.4735000004293397
2117,d275_u8,neutral,train,275,8,random,3,1,1,0,0,0,1,1,0,ok,"{""sentences"": [""I hear you."", ""We can pause here for a moment.""], ""safety"": ""ok""}",1,2176,1.4295000000856817,0.012500000593718141,0.0002999995558639057,0.011999999514955562,0.0045000006139162,1.4637000003858702
2118,d275_u11,angry,train,275,11,random,3,1,1,0,0,0,1,1,0,ok,"{""sentences"": [""I hear you."", ""We can pause here for a moment.""], ""safety"": ""ok""}",1,2176,1.471000000492495,0.01249999968422344,0.00030000046535860747,0.011900000572495628,0.004300000000512227,1.5045000000100117
2119,d275_u16,angry,train,275,16,random,3,0,0,0,0,0,0,0,0,not_invoked,,1,2176,1.3992000003781868,0.012400000741763506,0.0002999995558639057,0.0008999995770864189,0.004600000465870835,1.4223999996829662
2120,d276_u0,happy,train,276,0,random,3,1,1,0,0,0,1,1,0,ok,"{""sentences"": [""I hear you."", ""We can pause here for a moment.""], ""safety"": ""ok""}",1,2176,1.3908999999330263,0.012799999240087345,0.00019999970390927047,0.011800000720540993,0.004300000000512227,1.4248999996198108
2121,d276_u2,angry,train,276,2,random,3,0,0,0,0,0,0,0,0,not_invoked,,1,2176,1.4907000004313886,0.012200000128359534,0.0002999995558639057,0.0008999995770864189,0.004499999704421498,1.5132999997149454
2122,d276_u3,neutral,train,276,3,random,3,0,0,0,0,0,0,0,0,not_invoked,,1,2176,1.464799999666866,0.01320000046689529,0.00019999970390927047,0.0008999995770864189,0.00470000031782547,1.4888999994582264
2123,d277_u0,neutral,train,277,0,random,3,1,1,0,0,0,1,1,0,ok,"{""sentences"": [""I hear you."", ""We can pause here for a moment.""], ""safety"": ""ok""}",1,2176,1.6634000003250549,0.012900000001536682,0.0002999995558639057,0.011999999514955562,0.004300000000512227,1.6979000001811073
2124,d277_u1,neutral,train,277,1,random,3,1,1,0,0,0,1,1,0,ok,"{""sentences"": [""I hear you."", ""We can pause here for a moment.""], ""safety"": ""ok""}",1,2176,1.3523000006898656,0.013099999705445953,0.00030000046535860747,0.012100000276404899,0.004300000000512227,1.386800000545918
2125,d277_u2,neutral,train,277,2,random,3,0,0,0,0,0,0,0,0,not_invoked,,1,2176,1.2855000004492467,0.012500000593718141,0.00019999970390927047,0.0009000004865811206,0.004699999408330768,1.30890000036743
2126,d277_u3,angry,train,277,3,random,3,1,1,0,0,0,1,1,0,ok,"{""sentences"": [""I hear you."", ""We can pause here for a moment.""], ""safety"": ""ok""}",1,2176,1.3674000001628883,0.02790000053209951,0.00019999970390927047,0.011500000255182385,0.004300000000512227,1.416300000528281
2127,d277_u4,neutral,train,277,4,random,3,0,0,0,0,0,0,0,0,not_invoked,,1,2176,1.5810000004421454,0.013100000614940654,0.0002999995558639057,0.0008999995770864189,0.004600000465870835,1.6047999997681472
2128,d277_u5,neutral,train,277,5,random,3,1,1,0,0,0,1,1,0,ok,"{""sentences"": [""I hear you."", ""We can pause here for a moment.""], ""safety"": ""ok""}",1,2176,1.224999999976717,0.01249999968422344,0.00030000046535860747,0.011500000255182385,0.004399999852466863,1.2582999997903244
2129,d277_u6,neutral,train,277,6,random,3,0,0,0,0,0,0,0,0,not_invoked,,1,2176,1.318899999205314,0.012700000297627412,0.00019999970390927047,0.0008999995770864189,0.004699999408330768,1.3423999998849467
2130,d278_u0,neutral,train,278,0,random,3,1,1,0,0,0,1,1,0,ok,"{""sentences"": [""I hear you."", ""We can pause here for a moment.""], ""safety"": ""ok""}",1,2176,1.3957000001028064,0.012999999853491317,0.00020000061340397224,0.012299999980314169,0.004599999556376133,1.4310999995359452
2131,d278_u1,happy,train,278,1,random,3,0,0,0,0,0,0,0,0,not_invoked,,1,2176,1.4179999998304993,0.012000000424450263,0.00019999970390927047,0.0007999997251317836,0.0045000006139162,1.4405000001715962
2132,d278_u2,happy,train,278,2,random,3,0,0,0,0,0,0,0,0,not_invoked,,1,2176,1.3890999998693587,0.013099999705445953,0.00030000046535860747,0.0008999995770864189,0.004800000169780105,1.4132999995126738
2133,d278_u3,neutral,train,278,3,random,3,1,1,0,0,0,1,1,0,ok,"{""sentences"": [""I hear you."", ""We can pause here for a moment.""], ""safety"": ""ok""}",1,2176,1.3783999993393081,0.012399999832268804,0.00019999970390927047,0.011999999514955562,0.0045000006139162,1.412700000400946
2134,d278_u4,sad,train,278,4,random,3,0,0,0,0,0,0,0,0,not_invoked,,1,2176,1.3741999991907505,0.013199999557400588,0.00019999970390927047,0.0009000004865811206,0.004800000169780105,1.3985000005050097
2135,d278_u5,happy,train,278,5,random,3,0,0,0,0,0,0,0,0,not_invoked,,1,2176,1.3552999998864834,0.012299999980314169,0.0002999995558639057,0.0008999995770864189,0.0045000006139162,1.3780999997834442
2136,d278_u6,neutral,train,278,6,random,3,1,1,0,0,0,1,1,0,ok,"{""sentences"": [""I hear you."", ""We can pause here for a moment.""], ""safety"": ""ok""}",1,2176,1.352999999653548,0.013199999557400588,0.0002999995558639057,0.012199999218864832,0.004399999852466863,1.3881000004403177
2137,d278_u7,happy,train,278,7,random,3,1,1,0,0,0,1,1,0,ok,"{""sentences"": [""I hear you."", ""We can pause here for a moment.""], ""safety"": ""ok""}",1,2176,1.4099999998506973,0.012700000297627412,0.0002999995558639057,0.011899999663000926,0.004300000000512227,1.4438999996855273
2138,d278_u8,happy,train,278,8,random,3,0,0,0,0,0,0,0,0,not_invoked,,1,2176,1.4080000000831205,0.013100000614940654,0.00030000046535860747,0.0010000003385357559,0.004599999556376133,1.4320000000225264
2139,d279_u1,sad,train,279,1,random,3,0,0,0,0,0,0,0,0,not_invoked,,1,2176,1.4277999998739688,0.012299999980314169,0.0002999995558639057,0.0010000003385357559,0.004499999704421498,1.4506999996228842
2140,d279_u2,angry,train,279,2,random,3,0,0,0,0,0,0,0,0,not_invoked,,1,2176,1.4146000003165682,0.013299999409355223,0.00019999970390927047,0.0008999995770864189,0.004800000169780105,1.438899999811838
2141,d279_u4,angry,train,279,4,random,3,1,1,0,0,0,1,1,0,ok,"{""sentences"": [""I hear you."", ""We can pause here for a moment.""], ""safety"": ""ok""}",1,2176,1.4212999994924758,0.012199999218864832,0.00019999970390927047,0.011699999959091656,0.004300000000512227,1.4545000003636233
2142,d279_u5,neutral,train,279,5,random,3,1,1,0,0,0,1,1,0,ok,"{""sentences"": [""I hear you."", ""We can pause here for a moment.""], ""safety"": ""ok""}",1,2176,1.4262000004237052,0.01340000017080456,0.00019999970390927047,0.012200000128359534,0.004499999704421498,1.4614000001529348
2143,d279_u7,neutral,train,279,7,random,3,1,1,0,0,0,1,1,0,ok,"{""sentences"": [""I hear you."", ""We can pause here for a moment.""], ""safety"": ""ok""}",1,2176,1.5060000005178154,0.012299999980314169,0.00019999970390927047,0.011699999959091656,0.0045000006139162,1.539500000035332
2144,d279_u8,neutral,train,279,8,random,3,0,0,0,0,0,0,0,0,not_invoked,,1,2176,1.4965999998821644,0.012299999980314169,0.0002999995558639057,0.0009000004865811206,0.004800000169780105,1.5197000002444838
2145,d279_u9,happy,train,279,9,random,3,1,1,0,0,0,1,1,0,ok,"{""sentences"": [""I hear you."", ""We can pause here for a moment.""], ""safety"": ""ok""}",1,2176,1.5338000002884655,0.012700000297627412,0.00019999970390927047,0.011500000255182385,0.004300000000512227,1.5674999995098915
2146,d279_u10,neutral,train,279,10,random,3,0,0,0,0,0,0,0,0,not_invoked,,1,2176,1.2550999999803025,0.012800000149582047,0.00020000061340397224,0.0009000004865811206,0.004599999556376133,1.2781999994331272
2147,d279_u11,happy,train,279,11,random,3,1,1,0,0,0,1,1,0,ok,"{""sentences"": [""I hear you."", ""We can pause here for a moment.""], ""safety"": ""ok""}",1,2176,1.3692000002265559,0.01249999968422344,0.00019999970390927047,0.011899999663000926,0.004300000000512227,1.4027999995960272
2148,d279_u12,neutral,train,279,12,random,3,1,1,0,0,0,1,1,0,ok,"{""sentences"": [""I hear you."", ""We can pause here for a moment.""], ""safety"": ""ok""}",1,2176,1.445100000637467,0.012299999980314169,0.00020000061340397224,0.011800000720540993,0.004399999852466863,1.4787000000069384
2149,d279_u13,angry,train,279,13,random,3,0,0,0,0,0,0,0,0,not_invoked,,1,2176,1.4281000003393274,0.011699999959091656,0.0002999995558639057,0.000999999429041054,0.004600000465870835,1.4500999996016617
2150,d279_u14,neutral,train,279,14,random,3,0,0,0,0,0,0,0,0,not_invoked,,1,2176,1.4975000003687455,0.012000000424450263,0.00019999970390927047,0.0007999997251317836,0.0045000006139162,1.5351000001828652
2151,d280_u0,neutral,train,280,0,random,3,0,0,0,0,0,0,0,0,not_invoked,,1,2176,1.3976000000184285,0.012599999536178075,0.00030000046535860747,0.0010000003385357559,0.004800000169780105,1.4211999996405211
2152,d280_u1,angry,train,280,1,random,3,0,0,0,0,0,0,0,0,not_invoked,,1,2176,1.2773999997079954,0.012200000128359534,0.00019999970390927047,0.0009000004865811206,0.004499999704421498,1.299999999901047
2153,d280_u2,neutral,train,280,2,random,3,1,1,0,0,0,1,1,0,ok,"{""sentences"": [""I hear you."", ""We can pause here for a moment.""], ""safety"": ""ok""}",1,2176,1.40209999972285,0.01269999938813271,0.00020000061340397224,0.012199999218864832,0.004499999704421498,1.4367000003403518
2154,d281_u0,happy,train,281,0,random,3,0,0,0,0,0,0,0,0,not_invoked,,1,2176,1.4292000005298178,0.01249999968422344,0.00019999970390927047,0.000999999429041054,0.00470000031782547,1.4524999996865517
2155,d281_u1,happy,train,281,1,random,3,0,0,0,0,0,0,0,0,not_invoked,,1,2176,1.391900000271562,0.012800000149582047,0.0002999995558639057,0.000999999429041054,0.00470000031782547,1.4155999997456092
2156,d281_u2,neutral,train,281,2,random,3,1,1,0,0,0,1,1,0,ok,"{""sentences"": [""I hear you."", ""We can pause here for a moment.""], ""safety"": ""ok""}",1,2176,1.3769999995929538,0.012599999536178075,0.00030000046535860747,0.012200000128359534,0.0045000006139162,1.411299999745097
2157,d281_u3,neutral,train,281,3,random,3,1,1,0,0,0,1,1,0,ok,"{""sentences"": [""I hear you."", ""We can pause here for a moment.""], ""safety"": ""ok""}",1,2176,1.7680000000837026,0.01849999989644857,0.0004000003173132427,0.015699999494245276,0.005599999894911889,1.8148999997720239
2158,d281_u5,neutral,train,281,5,random,3,0,0,0,0,0,0,0,0,not_invoked,,1,2176,1.9905999997718027,0.015100000382517464,0.0002999995558639057,0.0013999997463542968,0.005800000508315861,2.0189999995636754
2159,d281_u7,neutral,train,281,7,random,3,1,1,0,0,0,1,1,0,ok,"{""sentences"": [""I hear you."", ""We can pause here for a moment.""], ""safety"": ""ok""}",1,2176,2.0919999997204286,0.021500000002561137,0.00030000046535860747,0.01759999940986745,0.006100000064179767,2.144099999895843
2160,d281_u9,neutral,train,281,9,random,3,1,1,0,0,0,1,1,0,ok,"{""sentences"": [""I hear you."", ""We can pause here for a moment.""], ""safety"": ""ok""}",1,2176,2.0750000003317837,0.01629999951546779,0.0002999995558639057,0.019600000086938962,0.0057999995988211595,2.1243999999569496
2161,d282_u0,happy,train,282,0,random,3,0,0,0,0,0,0,0,0,not_invoked,,1,2176,1.9457999997030129,0.029400000130408444,0.0006000000212225132,0.0013000008038943633,0.007099999493220821,1.9917999998142477
2162,d282_u1,neutral,train,282,1,random,3,1,1,0,0,0,1,1,0,ok,"{""sentences"": [""I hear you."", ""We can pause here for a moment.""], ""safety"": ""ok""}",1,2176,1.8820999994204612,0.01880000036180718,0.0005000001692678779,0.028000000384054147,0.0054000001910026185,1.9436000002315268
2163,d282_u2,happy,train,282,2,random,3,1,1,0,0,0,1,1,0,ok,"{""sentences"": [""I hear you."", ""We can pause here for a moment.""], ""safety"": ""ok""}",1,2176,2.377400000113994,0.06799999937356915,0.00039999940781854093,0.025899999855028,0.025399999685760122,2.507100000002538
2164,d283_u1,neutral,train,283,1,random,3,1,1,0,0,0,1,1,0,ok,"{""sentences"": [""I hear you."", ""We can pause here for a moment.""], ""safety"": ""ok""}",1,2176,2.533999999286607,0.02119999953720253,0.0004000003173132427,0.038099999983387534,0.007800000275892671,2.609600000141654
2165,d283_u3,neutral,train,283,3,random,3,0,0,0,0,0,0,0,0,not_invoked,,1,2176,2.3012999999991735,0.015999999959603883,0.0002999995558639057,0.0012000000424450263,0.005899999450775795,2.3310000005949405
2166,d283_u4,neutral,train,283,4,random,3,1,1,0,0,0,1,1,0,ok,"{""sentences"": [""I hear you."", ""We can pause here for a moment.""], ""safety"": ""ok""}",1,2176,1.6089999999167048,0.025800000003073364,0.0002999995558639057,0.017899999875226058,0.006599999323952943,1.6681000006428803
2167,d283_u5,neutral,train,283,5,random,3,1,1,0,0,0,1,1,0,ok,"{""sentences"": [""I hear you."", ""We can pause here for a moment.""], ""safety"": ""ok""}",1,2176,1.9787000001088018,0.02119999953720253,0.0002999995558639057,0.017700000171316788,0.006600000233447645,2.0313000004534842
2168,d284_u0,neutral,train,284,0,random,3,1,1,0,0,0,1,1,0,ok,"{""sentences"": [""I hear you."", ""We can pause here for a moment.""], ""safety"": ""ok""}",1,2176,2.1150000002307934,0.015900000107649248,0.00030000046535860747,0.016199999663513154,0.005800000508315861,2.1589999996649567
2169,d284_u1,neutral,train,284,1,random,3,1,1,0,0,0,1,1,0,ok,"{""sentences"": [""I hear you."", ""We can pause here for a moment.""], ""safety"": ""ok""}",1,2176,1.8319999999221181,0.027600000066740904,0.0004000003173132427,0.023399999918183312,0.009100000170292333,1.901700000416895
2170,d284_u2,neutral,train,284,2,random,3,1,1,0,0,0,1,1,0,ok,"{""sentences"": [""I hear you."", ""We can pause here for a moment.""], ""safety"": ""ok""}",1,2176,1.781699999810371,0.021099999685247894,0.00030000046535860747,0.02120000044669723,0.008200000593205914,1.8403000003672787
2171,d285_u0,neutral,train,285,0,random,3,0,0,0,0,0,0,0,0,not_invoked,,1,2176,2.6100000004589674,0.01739999970595818,0.00030000046535860747,0.0012999998943996616,0.00650000038149301,2.641799999764771
2172,d285_u1,happy,train,285,1,random,3,1,1,0,0,0,1,1,0,ok,"{""sentences"": [""I hear you."", ""We can pause here for a moment.""], ""safety"": ""ok""}",1,2176,2.4548999999751686,0.015499999790336005,0.00020000061340397224,0.01500000053056283,0.005099999725644011,2.49690000055125
2173,d285_u2,neutral,train,285,2,random,3,1,1,0,0,0,1,1,0,ok,"{""sentences"": [""I hear you."", ""We can pause here for a moment.""], ""safety"": ""ok""}",1,2176,2.000499999667227,0.01559999964229064,0.00030000046535860747,0.01739999970595818,0.005599999894911889,2.0452000007935567
2174,d285_u3,happy,train,285,3,random,3,0,0,0,0,0,0,0,0,not_invoked,,1,2176,1.6247999992629047,0.023899999177956488,0.00039999940781854093,0.0015000005078036338,0.006600000233447645,1.664100000198232
2175,d285_u4,neutral,train,285,4,random,3,1,1,0,0,0,1,1,0,ok,"{""sentences"": [""I hear you."", ""We can pause here for a moment.""], ""safety"": ""ok""}",1,2176,1.8905000006270711,0.020399999812070746,0.00030000046535860747,0.017499999557912815,0.005700000656361226,1.9406999999773689
2176,d285_u5,neutral,train,285,5,random,3,1,1,0,0,0,1,1,0,ok,"{""sentences"": [""I hear you."", ""We can pause here for a moment.""], ""safety"": ""ok""}",1,2176,1.8870999992941506,0.014599999303754885,0.00020000061340397224,0.014400000509340316,0.005200000487093348,1.9268000005467911
2177,d285_u6,neutral,train,285,6,random,3,1,1,0,0,0,1,1,0,ok,"{""sentences"": [""I hear you."", ""We can pause here for a moment.""], ""safety"": ""ok""}",1,2176,1.618899999812129,0.01669999983278103,0.0002999995558639057,0.014799999917158857,0.0054000001910026185,1.6621999993731151
2178,d285_u7,angry,train,285,7,random,3,1,1,0,0,0,1,1,0,ok,"{""sentences"": [""I hear you."", ""We can pause here for a moment.""], ""safety"": ""ok""}",1,2176,1.6259000003628898,0.013900000340072438,0.00030000046535860747,0.013499999113264494,0.004900000021734741,1.6636000000289641
2179,d285_u8,neutral,train,285,8,random,3,0,0,0,0,0,0,0,0,not_invoked,,1,2176,2.1657999996023136,0.014000000192027073,0.00030000046535860747,0.0010000003385357559,0.00470000031782547,2.191000000493659
2180,d285_u10,neutral,train,285,10,random,3,0,0,0,0,0,0,0,0,not_invoked,,1,2176,1.8412999997963198,0.015500000699830707,0.00030000046535860747,0.0010000003385357559,0.005199999577598646,1.8689000007725554
2181,d285_u11,neutral,train,285,11,random,3,1,1,0,0,0,1,1,0,ok,"{""sentences"": [""I hear you."", ""We can pause here for a moment.""], ""safety"": ""ok""}",1,2176,1.9397999994907877,0.0227999998969608,0.00030000046535860747,0.017999999727180693,0.006100000064179767,1.9938000004913192
2182,d285_u13,neutral,train,285,13,random,3,1,1,0,0,0,1,1,0,ok,"{""sentences"": [""I hear you."", ""We can pause here for a moment.""], ""safety"": ""ok""}",1,2176,2.1009000001868117,0.02029999996011611,0.0005000001692678779,0.02099999983329326,0.008400000297115184,2.1593000001303153
2183,d285_u14,neutral,train,285,14,random,3,0,0,0,0,0,0,0,0,not_invoked,,1,2176,1.7354000001432723,0.017100000150094274,0.0004000003173132427,0.000999999429041054,0.005699999746866524,1.7653999993854086
2184,d285_u15,neutral,train,285,15,random,3,0,0,0,0,0,0,0,0,not_invoked,,1,2176,1.6507000000274274,0.014299999747890979,0.00019999970390927047,0.0010000003385357559,0.005199999577598646,1.6770000001997687
2185,d285_u16,neutral,train,285,16,random,3,1,1,0,0,0,1,1,0,ok,"{""sentences"": [""I hear you."", ""We can pause here for a moment.""], ""safety"": ""ok""}",1,2176,1.4974999994592508,0.016400000276917126,0.00019999970390927047,0.017100000150094274,0.005199999577598646,1.542100000733626
2186,d286_u0,neutral,train,286,0,random,3,0,0,0,0,0,0,0,0,not_invoked,,1,2176,1.5119999998205458,0.014100000043981709,0.0002999995558639057,0.0010000003385357559,0.004900000021734741,1.5375000002677552
2187,d286_u1,neutral,train,286,1,random,3,1,1,0,0,0,1,1,0,ok,"{""sentences"": [""I hear you."", ""We can pause here for a moment.""], ""safety"": ""ok""}",1,2176,1.5556999996988452,0.018400000044493936,0.0002999995558639057,0.016599999980826396,0.005500000042957254,1.6026000002966612
2188,d286_u2,neutral,train,286,2,random,3,0,0,0,0,0,0,0,0,not_invoked,,1,2176,1.5839000006963033,0.01559999964229064,0.00019999970390927047,0.0018000000636675395,0.006400000529538374,1.6165999995791935
2189,d286_u3,neutral,train,286,3,random,3,0,0,0,0,0,0,0,0,not_invoked,,1,2176,1.909200000227429,0.02010000025620684,0.00030000046535860747,0.0013999997463542968,0.006199999916134402,1.9435000003795722
2190,d287_u0,neutral,train,287,0,random,3,1,1,0,0,0,1,1,0,ok,"{""sentences"": [""I hear you."", ""We can pause here for a moment.""], ""safety"": ""ok""}",1,2176,1.9807999997283332,0.014999999621068127,0.00030000046535860747,0.018400000044493936,0.005099999725644011,2.0249999997759005
2191,d287_u1,sad,train,287,1,random,3,0,0,0,0,0,0,0,0,not_invoked,,1,2176,1.7736999998305691,0.02049999966402538,0.0002999995558639057,0.0013999997463542968,0.006900000698806252,1.8091000001732027
2192,d287_u2,angry,train,287,2,random,3,1,1,0,0,0,1,1,0,ok,"{""sentences"": [""I hear you."", ""We can pause here for a moment.""], ""safety"": ""ok""}",1,2176,1.7431999995096703,0.014000000192027073,0.00019999970390927047,0.016899999536690302,0.005300000339047983,1.7849999994723476
2193,d287_u3,neutral,train,287,3,random,3,0,0,0,0,0,0,0,0,not_invoked,,1,2176,1.9019999999727588,0.01809999957913533,0.00030000046535860747,0.0012000000424450263,0.006199999916134402,1.9335999995746533
2194,d287_u4,angry,train,287,4,random,3,0,0,0,0,0,0,0,0,not_invoked,,1,2176,1.8525999994380982,0.014799999917158857,0.0002999995558639057,0.0012000000424450263,0.005399999281507917,1.8800000007104245
2195,d287_u5,neutral,train,287,5,random,3,0,0,0,0,0,0,0,0,not_invoked,,1,2176,1.7670999995971215,0.02210000002378365,0.00030000046535860747,0.0012000000424450263,0.006400000529538374,1.8038999996861094
2196,d287_u6,neutral,train,287,6,random,3,0,0,0,0,0,0,0,0,not_invoked,,1,2176,1.8243000004076748,0.018400000044493936,0.0005000001692678779,0.0012999998943996616,0.007599999662488699,1.8595000001369044
2197,d287_u7,happy,train,287,7,random,3,0,0,0,0,0,0,0,0,not_invoked,,1,2176,1.8471000003046356,0.025899999855028,0.00039999940781854093,0.0013999997463542968,0.006399999620043673,1.888199999484641
2198,d287_u8,neutral,train,287,8,random,3,0,0,0,0,0,0,0,0,not_invoked,,1,2176,1.8573999996078783,0.015600000551785342,0.00039999940781854093,0.0012000000424450263,0.005599999894911889,1.886200000626559
2199,d287_u9,neutral,train,287,9,random,3,1,1,0,0,0,1,1,0,ok,"{""sentences"": [""I hear you."", ""We can pause here for a moment.""], ""safety"": ""ok""}",1,2176,1.7172999996546423,0.014799999917158857,0.0002999995558639057,0.016599999980826396,0.004999999873689376,1.7592999993212288
2200,d287_u10,neutral,train,287,10,random,3,0,0,0,0,0,0,0,0,not_invoked,,1,2176,1.6998000000967295,0.014600000213249587,0.0002999995558639057,0.0010000003385357559,0.005199999577598646,1.7267000002902932
2201,d287_u11,neutral,train,287,11,random,3,0,0,0,0,0,0,0,0,not_invoked,,1,2176,1.597800000126881,0.01430000065738568,0.00019999970390927047,0.0010000003385357559,0.004800000169780105,1.6236000001299544
2202,d287_u12,happy,train,287,12,random,3,1,1,0,0,0,1,1,0,ok,"{""sentences"": [""I hear you."", ""We can pause here for a moment.""], ""safety"": ""ok""}",1,2176,1.504699999713921,0.01320000046689529,0.00030000046535860747,0.014700000065204222,0.004800000169780105,1.5429000004587579
2203,d288_u0,happy,train,288,0,random,3,1,1,0,0,0,1,1,0,ok,"{""sentences"": [""I hear you."", ""We can pause here for a moment.""], ""safety"": ""ok""}",1,2176,1.5570000005027396,0.019699999938893598,0.00039999940781854093,0.014500000361294951,0.004900000021734741,1.6029999997044797
2204,d288_u1,neutral,train,288,1,random,3,0,0,0,0,0,0,0,0,not_invoked,,1,2176,1.558899999508867,0.013699999726668466,0.00019999970390927047,0.001100000190490391,0.005099999725644011,1.5845000007175258
2205,d288_u4,neutral,train,288,4,random,3,1,1,0,0,0,1,1,0,ok,"{""sentences"": [""I hear you."", ""We can pause here for a moment.""], ""safety"": ""ok""}",1,2176,1.5909000003375695,0.015199999324977398,0.00030000046535860747,0.014900000678608194,0.004900000021734741,1.631999999517575
2206,d288_u5,neutral,train,288,5,random,3,1,1,0,0,0,1,1,0,ok,"{""sentences"": [""I hear you."", ""We can pause here for a moment.""], ""safety"": ""ok""}",1,2176,1.6192000002774876,0.013300000318849925,0.00030000046535860747,0.012799999240087345,0.004799999260285404,1.655400000345253
2207,d288_u6,angry,train,288,6,random,3,1,1,0,0,0,1,1,0,ok,"{""sentences"": [""I hear you."", ""We can pause here for a moment.""], ""safety"": ""ok""}",1,2176,1.6181999999389518,0.014199999895936344,0.00019999970390927047,0.013500000022759195,0.00470000031782547,1.656399999774294
2208,d288_u7,happy,train,288,7,random,3,0,0,0,0,0,0,0,0,not_invoked,,1,2176,1.6211000001931097,0.02930000027845381,0.00030000046535860747,0.000999999429041054,0.004900000021734741,1.6613999996479833
2209,d288_u8,happy,train,288,8,random,3,0,0,0,0,0,0,0,0,not_invoked,,1,2176,1.5377999998236191,0.013800000488117803,0.0002999995558639057,0.0010000003385357559,0.004900000021734741,1.5630999996574246
2210,d288_u9,neutral,train,288,9,random,3,1,1,0,0,0,1,1,0,ok,"{""sentences"": [""I hear you."", ""We can pause here for a moment.""], ""safety"": ""ok""}",1,2176,1.5372999996543513,0.012600000445672777,0.0002999995558639057,0.012599999536178075,0.0045000006139162,1.5715999998064945
2211,d288_u10,neutral,train,288,10,random,3,1,1,0,0,0,1,1,0,ok,"{""sentences"": [""I hear you."", ""We can pause here for a moment.""], ""safety"": ""ok""}",1,2176,1.4934999999240972,0.013300000318849925,0.00030000046535860747,0.012900000001536682,0.004600000465870835,1.5298999996957718
2212,d288_u13,neutral,train,288,13,random,3,0,0,0,0,0,0,0,0,not_invoked,,1,2176,1.4922000000296975,0.012900000001536682,0.00030000046535860747,0.0010000003385357559,0.004800000169780105,1.5156999997998355
2213,d288_u15,happy,train,288,15,random,3,0,0,0,0,0,0,0,0,not_invoked,,1,2176,1.5533000005234499,0.04389999958220869,0.0002999995558639057,0.001100000190490391,0.005800000508315861,1.6100000002552406
2214,d288_u16,neutral,train,288,16,random,3,0,0,0,0,0,0,0,0,not_invoked,,1,2176,1.569799999742827,0.013700000636163168,0.00030000046535860747,0.000999999429041054,0.004999999873689376,1.5950000006341725
2215,d288_u17,neutral,train,288,17,random,3,1,1,0,0,0,1,1,0,ok,"{""sentences"": [""I hear you."", ""We can pause here for a moment.""], ""safety"": ""ok""}",1,2176,1.5135000003283494,0.014199999895936344,0.00030000046535860747,0.01609999981155852,0.004999999873689376,1.5545999995083548
2216,d288_u18,neutral,train,288,18,random,3,1,1,0,0,0,1,1,0,ok,"{""sentences"": [""I hear you."", ""We can pause here for a moment.""], ""safety"": ""ok""}",1,2176,1.530500000626489,0.01359999987471383,0.00019999970390927047,0.014199999895936344,0.005100000635138713,1.5690000000176951
2217,d288_u19,neutral,train,288,19,random,3,0,0,0,0,0,0,0,0,not_invoked,,1,2176,1.5684999998484273,0.014700000065204222,0.00030000046535860747,0.0010000003385357559,0.005100000635138713,1.5953000001900364
2218,d288_u20,happy,train,288,20,random,3,0,0,0,0,0,0,0,0,not_invoked,,1,2176,1.5696999998908723,0.014600000213249587,0.00019999970390927047,0.0010000003385357559,0.005200000487093348,1.5961999997671228
2219,d289_u2,neutral,train,289,2,random,3,0,0,0,0,0,0,0,0,not_invoked,,1,2176,1.5834000005270354,0.016400000276917126,0.00030000046535860747,0.0010000003385357559,0.005300000339047983,1.612099999874772
2220,d289_u3,sad,train,289,3,random,3,0,0,0,0,0,0,0,0,not_invoked,,1,2176,1.5800999999555643,0.014100000043981709,0.0002999995558639057,0.001100000190490391,0.006999999641266186,1.6074999994089012
2221,d289_u4,sad,train,289,4,random,3,0,0,0,0,0,0,0,0,not_invoked,,1,2176,1.687800000581774,0.022600000193051528,0.0002999995558639057,0.0014000006558489986,0.006499999471998308,1.7261000002690707
2222,d289_u5,neutral,train,289,5,random,3,0,0,0,0,0,0,0,0,not_invoked,,1,2176,1.7269999998461572,0.014500000361294951,0.0002999995558639057,0.001100000190490391,0.0059000003602704965,1.7543000003570342
2223,d290_u0,sad,train,290,0,random,3,1,1,0,0,0,1,1,0,ok,"{""sentences"": [""I hear you."", ""We can pause here for a moment.""], ""safety"": ""ok""}",1,2176,1.6740000000936561,0.017100000150094274,0.00030000046535860747,0.01700000029813964,0.019300000531075057,1.7336999999315594
2224,d291_u0,sad,train,291,0,random,3,1,1,0,0,0,1,1,0,ok,"{""sentences"": [""I hear you."", ""We can pause here for a moment.""], ""safety"": ""ok""}",1,2176,1.6859999996086117,0.013900000340072438,0.0002999995558639057,0.014500000361294951,0.005300000339047983,1.7256000000998029
2225,d291_u1,sad,train,291,1,random,3,0,0,0,0,0,0,0,0,not_invoked,,1,2176,1.5843000001041219,0.01559999964229064,0.00030000046535860747,0.001100000190490391,0.005699999746866524,1.612399999430636
2226,d292_u0,neutral,train,292,0,random,3,0,0,0,0,0,0,0,0,not_invoked,,1,2176,1.5702999999120948,0.013900000340072438,0.00030000046535860747,0.0010000003385357559,0.005700000656361226,1.5963000005285721
2227,d292_u1,sad,train,292,1,random,3,0,0,0,0,0,0,0,0,not_invoked,,1,2176,1.5931999996610102,0.014599999303754885,0.00019999970390927047,0.001100000190490391,0.005800000508315861,1.6207999997277511
2228,d292_u2,neutral,train,292,2,random,3,1,1,0,0,0,1,1,0,ok,"{""sentences"": [""I hear you."", ""We can pause here for a moment.""], ""safety"": ""ok""}",1,2176,1.6753999998400104,0.014999999621068127,0.00019999970390927047,0.017499999557912815,0.005000000783184078,1.7191000006278045
2229,d292_u3,neutral,train,292,3,random,3,0,0,0,0,0,0,0,0,not_invoked,,1,2176,1.7241999994439539,0.021100000594742596,0.00030000046535860747,0.0013999997463542968,0.006300000677583739,1.7597000005480368
2230,d292_u4,sad,train,292,4,random,3,0,0,0,0,0,0,0,0,not_invoked,,1,2176,1.6550000000279397,0.01650000012887176,0.0002999995558639057,0.0012000000424450263,0.00599999930273043,1.6851000000315253
2231,d292_u5,neutral,train,292,5,random,3,0,0,0,0,0,0,0,0,not_invoked,,1,2176,1.8722000004345318,0.01559999964229064,0.00030000046535860747,0.0012000000424450263,0.005600000804406591,1.9005000003744499
2232,d293_u3,neutral,train,293,3,random,3,1,1,0,0,0,1,1,0,ok,"{""sentences"": [""I hear you."", ""We can pause here for a moment.""], ""safety"": ""ok""}",1,2176,1.5137999998842133,0.017499999557912815,0.0002999995558639057,0.017299999854003545,0.005599999894911889,1.5606000006300746
2233,d293_u5,neutral,train,293,5,random,3,0,0,0,0,0,0,0,0,not_invoked,,1,2176,1.9177000003764988,0.015100000382517464,0.0002999995558639057,0.001100000190490391,0.005699999746866524,1.9461000001683715
2234,d293_u6,neutral,train,293,6,random,3,1,1,0,0,0,1,1,0,ok,"{""sentences"": [""I hear you."", ""We can pause here for a moment.""], ""safety"": ""ok""}",1,2176,1.5586999998049578,0.021100000594742596,0.0002999995558639057,0.017700000171316788,0.0059000003602704965,1.6101999999591499
2235,d293_u7,neutral,train,293,7,random,3,1,1,0,0,0,1,1,0,ok,"{""sentences"": [""I hear you."", ""We can pause here for a moment.""], ""safety"": ""ok""}",1,2176,1.601499999196676,0.026599999728205148,0.0005000001692678779,0.0227999998969608,0.008099999831756577,1.6685000000506989
2236,d293_u8,happy,train,293,8,random,3,1,1,0,0,0,1,1,0,ok,"{""sentences"": [""I hear you."", ""We can pause here for a moment.""], ""safety"": ""ok""}",1,2176,1.6676000004736125,0.015800000255694613,0.00020000061340397224,0.028000000384054147,0.006400000529538374,1.72389999988809
2237,d293_u9,neutral,train,293,9,random,3,1,1,0,0,0,1,1,0,ok,"{""sentences"": [""I hear you."", ""We can pause here for a moment.""], ""safety"": ""ok""}",1,2176,2.022399999987101,0.025800000003073364,0.0005000001692678779,0.01869999960035784,0.007599999662488699,2.0825000001423177
2238,d293_u10,sad,train,293,10,random,3,0,0,0,0,0,0,0,0,not_invoked,,1,2176,2.006900000196765,0.017700000171316788,0.00030000046535860747,0.0013999997463542968,0.0059000003602704965,2.0384999997986597
2239,d293_u11,neutral,train,293,11,random,3,1,1,0,0,0,1,1,0,ok,"{""sentences"": [""I hear you."", ""We can pause here for a moment.""], ""safety"": ""ok""}",1,2176,1.5744000002086977,0.018700000509852543,0.0002999995558639057,0.017800000023271423,0.006299999768089037,1.623999999537773
2240,d293_u12,happy,train,293,12,random,3,1,1,0,0,0,1,1,0,ok,"{""sentences"": [""I hear you."", ""We can pause here for a moment.""], ""safety"": ""ok""}",1,2176,1.6538999998374493,0.01809999957913533,0.0004000003173132427,0.018900000213761814,0.007200000254670158,1.7053999999916414
2241,d294_u0,happy,train,294,0,random,3,0,0,0,0,0,0,0,0,not_invoked,,1,2176,1.7897999996421277,0.01810000048863003,0.0002999995558639057,0.0012000000424450263,0.006100000064179767,1.8215000000054715
2242,d294_u1,neutral,train,294,1,random,3,0,0,0,0,0,0,0,0,not_invoked,,1,2176,1.7272000004595611,0.015500000699830707,0.00030000046535860747,0.0010000003385357559,0.005300000339047983,1.7551999999341206
2243,d295_u1,neutral,train,295,1,random,3,1,1,0,0,0,1,1,0,ok,"{""sentences"": [""I hear you."", ""We can pause here for a moment.""], ""safety"": ""ok""}",1,2176,1.8681000001379289,0.046099999963189475,0.0002999995558639057,0.019600000086938962,0.0059000003602704965,1.9462000000203261
2244,d295_u4,sad,train,295,4,random,3,0,0,0,0,0,0,0,0,not_invoked,,1,2176,1.8792999999277527,0.013500000022759195,0.0004000003173132427,0.000999999429041054,0.004900000021734741,1.9044000000576489
2245,d295_u5,angry,train,295,5,random,3,0,0,0,0,0,0,0,0,not_invoked,,1,2176,2.064100000097824,0.021599999854515772,0.00030000046535860747,0.0012999998943996616,0.006600000233447645,2.10019999940414
2246,d295_u6,angry,train,295,6,random,3,1,1,0,0,0,1,1,0,ok,"{""sentences"": [""I hear you."", ""We can pause here for a moment.""], ""safety"": ""ok""}",1,2176,2.2045000005164184,0.01669999983278103,0.00030000046535860747,0.017600000319362152,0.0054000001910026185,2.2509999998874264
2247,d295_u7,angry,train,295,7,random,3,1,1,0,0,0,1,1,0,ok,"{""sentences"": [""I hear you."", ""We can pause here for a moment.""], ""safety"": ""ok""}",1,2176,1.5785000005053007,0.01539999993838137,0.00030000046535860747,0.015600000551785342,0.006000000212225132,1.6213999997489736
2248,d295_u8,angry,train,295,8,random,3,0,0,0,0,0,0,0,0,not_invoked,,1,2176,1.7281999998886022,0.03530000049067894,0.00019999970390927047,0.000999999429041054,0.0052999994295532815,1.775400000042282
2249,d295_u9,angry,train,295,9,random,3,0,0,0,0,0,0,0,0,not_invoked,,1,2176,1.8001999997068197,0.053900000239082146,0.00030000046535860747,0.001100000190490391,0.005899999450775795,1.867599999968661
2250,d295_u10,angry,train,295,10,random,3,1,1,0,0,0,1,1,0,ok,"{""sentences"": [""I hear you."", ""We can pause here for a moment.""], ""safety"": ""ok""}",1,2176,1.6673000000082538,0.014299999747890979,0.0002999995558639057,0.015100000382517464,0.005099999725644011,1.7071999991458142
2251,d295_u11,angry,train,295,11,random,3,0,0,0,0,0,0,0,0,not_invoked,,1,2176,1.7430000007152557,0.0197000008483883,0.00030000046535860747,0.0012000000424450263,0.006400000529538374,1.7772000001059496
2252,d295_u13,angry,train,295,13,random,3,1,1,0,0,0,1,1,0,ok,"{""sentences"": [""I hear you."", ""We can pause here for a moment.""], ""safety"": ""ok""}",1,2176,1.7145000001619337,0.015100000382517464,0.00030000046535860747,0.018600000657897908,0.0059000003602704965,1.7603000005692593
2253,d295_u14,happy,train,295,14,random,3,1,1,0,0,0,1,1,0,ok,"{""sentences"": [""I hear you."", ""We can pause here for a moment.""], ""safety"": ""ok""}",1,2176,1.7743999997037463,0.025399999685760122,0.0004000003173132427,0.017899999875226058,0.0059000003602704965,1.8312000001969864
2254,d295_u15,neutral,train,295,15,random,3,1,1,0,0,0,1,1,0,ok,"{""sentences"": [""I hear you."", ""We can pause here for a moment.""], ""safety"": ""ok""}",1,2176,1.7787999995562132,0.013899999430577736,0.00030000046535860747,0.014599999303754885,0.005500000042957254,1.8186000006608083
2255,d295_u16,angry,train,295,16,random,3,0,0,0,0,0,0,0,0,not_invoked,,1,2176,1.5901999995548977,0.01700000029813964,0.00030000046535860747,0.00199999976757681,0.0059000003602704965,1.621500000510423
2256,d295_u17,angry,train,295,17,random,3,1,1,0,0,0,1,1,0,ok,"{""sentences"": [""I hear you."", ""We can pause here for a moment.""], ""safety"": ""ok""}",1,2176,1.600799999323499,0.012799999240087345,0.00019999970390927047,0.014799999917158857,0.00470000031782547,1.638499999899068
2257,d295_u18,angry,train,295,18,random,3,0,0,0,0,0,0,0,0,not_invoked,,1,2176,1.7394999995303806,0.029599999834317714,0.00019999970390927047,0.0008999995770864189,0.005099999725644011,1.7808000002332847
2258,d295_u19,angry,train,295,19,random,3,1,1,0,0,0,1,1,0,ok,"{""sentences"": [""I hear you."", ""We can pause here for a moment.""], ""safety"": ""ok""}",1,2176,1.7940999996426399,0.014999999621068127,0.0002999995558639057,0.015800000255694613,0.005199999577598646,1.8355999991399585
2259,d295_u20,angry,train,295,20,random,3,0,0,0,0,0,0,0,0,not_invoked,,1,2176,1.9286999995529186,0.023800000235496555,0.00030000046535860747,0.0012999998943996616,0.00670000008540228,1.9677000000228873
2260,d295_u21,angry,train,295,21,random,3,0,0,0,0,0,0,0,0,not_invoked,,1,2176,1.9021000007342082,0.0152000002344721,0.0002999995558639057,0.001100000190490391,0.006399999620043673,1.930999999785854
2261,d296_u0,neutral,train,296,0,random,3,1,1,0,0,0,1,1,0,ok,"{""sentences"": [""I hear you."", ""We can pause here for a moment.""], ""safety"": ""ok""}",1,2176,1.8178000000261818,0.021300000298651867,0.0002999995558639057,0.018900000213761814,0.006199999916134402,1.871700000265264
2262,d296_u1,neutral,train,296,1,random,3,1,1,0,0,0,1,1,0,ok,"{""sentences"": [""I hear you."", ""We can pause here for a moment.""], ""safety"": ""ok""}",1,2176,1.8684000006032875,0.019799999790848233,0.0002999995558639057,0.016400000276917126,0.005300000339047983,1.9163999995726044
2263,d296_u2,neutral,train,296,2,random,3,1,1,0,0,0,1,1,0,ok,"{""sentences"": [""I hear you."", ""We can pause here for a moment.""], ""safety"": ""ok""}",1,2176,1.9136000000798958,0.022899999748915434,0.0004000003173132427,0.03699999979289714,0.03099999958067201,2.0133999996687635
2264,d296_u4,neutral,train,296,4,random,3,0,0,0,0,0,0,0,0,not_invoked,,1,2176,2.1462000004248694,0.014399999599845614,0.0002999995558639057,0.0010000003385357559,0.005699999746866524,2.1729999998569838
2265,d296_u5,angry,train,296,5,random,3,1,1,0,0,0,1,1,0,ok,"{""sentences"": [""I hear you."", ""We can pause here for a moment.""], ""safety"": ""ok""}",1,2176,1.8473999998604995,0.021299999389157165,0.0004000003173132427,0.020500000573520083,0.008199999683711212,1.9062000001213164
2266,d296_u6,neutral,train,296,6,random,3,1,1,0,0,0,1,1,0,ok,"{""sentences"": [""I hear you."", ""We can pause here for a moment.""], ""safety"": ""ok""}",1,2176,1.83519999973214,0.015800000255694613,0.00030000046535860747,0.01539999993838137,0.005599999894911889,1.8787999997584848
2267,d296_u7,neutral,train,296,7,random,3,1,1,0,0,0,1,1,0,ok,"{""sentences"": [""I hear you."", ""We can pause here for a moment.""], ""safety"": ""ok""}",1,2176,2.1306999997250387,0.021099999685247894,0.00030000046535860747,0.032699999792384915,0.005599999894911889,2.1969999997963896
2268,d296_u8,neutral,train,296,8,random,3,0,0,0,0,0,0,0,0,not_invoked,,1,2176,2.125299999534036,0.01449999945180025,0.00030000046535860747,0.001600000359758269,0.005500000042957254,2.1527999997488223
2269,d296_u9,neutral,train,296,9,random,3,0,0,0,0,0,0,0,0,not_invoked,,1,2176,1.7007000005833106,0.013099999705445953,0.0002999995558639057,0.0010000003385357559,0.005200000487093348,1.72629999997298
2270,d296_u10,neutral,train,296,10,random,3,1,1,0,0,0,1,1,0,ok,"{""sentences"": [""I hear you."", ""We can pause here for a moment.""], ""safety"": ""ok""}",1,2176,1.6003000000637257,0.01300000076298602,0.00019999970390927047,0.014400000509340316,0.004699999408330768,1.6376000003219815
2271,d296_u11,happy,train,296,11,random,3,1,1,0,0,0,1,1,0,ok,"{""sentences"": [""I hear you."", ""We can pause here for a moment.""], ""safety"": ""ok""}",1,2176,1.6083999998954823,0.013199999557400588,0.0002999995558639057,0.01340000017080456,0.004600000465870835,1.6453999996883795
2272,d296_u12,neutral,train,296,12,random,3,0,0,0,0,0,0,0,0,not_invoked,,1,2176,1.5622000000803382,0.01300000076298602,0.0002999995558639057,0.0010000003385357559,0.020599999515980016,1.6018999995139893
2273,d296_u13,neutral,train,296,13,random,3,0,0,0,0,0,0,0,0,not_invoked,,1,2176,1.6003000000637257,0.01320000046689529,0.00030000046535860747,0.0008999995770864189,0.005599999894911889,1.6255000000455766
2274,d296_u16,neutral,train,296,16,random,3,0,0,0,0,0,0,0,0,not_invoked,,1,2176,1.6958999995040358,0.014100000043981709,0.0002999995558639057,0.001100000190490391,0.005199999577598646,1.7220999998244224
2275,d296_u18,neutral,train,296,18,random,3,1,1,0,0,0,1,1,0,ok,"{""sentences"": [""I hear you."", ""We can pause here for a moment.""], ""safety"": ""ok""}",1,2176,1.756099999511207,0.01629999951546779,0.0004000003173132427,0.016199999663513154,0.005200000487093348,1.8004000003202236
2276,d296_u20,neutral,train,296,20,random,3,1,1,0,0,0,1,1,0,ok,"{""sentences"": [""I hear you."", ""We can pause here for a moment.""], ""safety"": ""ok""}",1,2176,1.6794000002846587,0.013900000340072438,0.00030000046535860747,0.013899999430577736,0.0054000001910026185,1.7179999995278195
2277,d297_u0,neutral,train,297,0,random,3,1,1,0,0,0,1,1,0,ok,"{""sentences"": [""I hear you."", ""We can pause here for a moment.""], ""safety"": ""ok""}",1,2176,1.4766999993298668,0.014199999895936344,0.00019999970390927047,0.013999999282532372,0.004799999260285404,1.5151000006881077
2278,d297_u1,happy,train,297,1,random,3,0,0,0,0,0,0,0,0,not_invoked,,1,2176,1.4719000000695814,0.013199999557400588,0.00019999970390927047,0.0012000000424450263,0.022199999875738285,1.513899999736168
2279,d297_u2,angry,train,297,2,random,3,0,0,0,0,0,0,0,0,not_invoked,,1,2176,1.5590000002703164,0.014100000043981709,0.0002999995558639057,0.001100000190490391,0.005199999577598646,1.5848999992158497
2280,d297_u3,neutral,train,297,3,random,3,0,0,0,0,0,0,0,0,not_invoked,,1,2176,1.5326000002460205,0.014000000192027073,0.00020000061340397224,0.000999999429041054,0.020799999219889287,1.5743000003567431
2281,d297_u4,happy,train,297,4,random,3,1,1,0,0,0,1,1,0,ok,"{""sentences"": [""I hear you."", ""We can pause here for a moment.""], ""safety"": ""ok""}",1,2176,1.5179000001808163,0.014299999747890979,0.00019999970390927047,0.013500000022759195,0.004800000169780105,1.5562999997200677
2282,d297_u5,neutral,train,297,5,random,3,0,0,0,0,0,0,0,0,not_invoked,,1,2176,1.5389999998660642,0.012999999853491317,0.00030000046535860747,0.0008999995770864189,0.004999999873689376,1.562799999192066
2283,d297_u6,happy,train,297,6,random,3,0,0,0,0,0,0,0,0,not_invoked,,1,2176,2.0518000001175096,0.01539999993838137,0.00030000046535860747,0.001100000190490391,0.005500000042957254,2.0801000000574277
2284,d297_u7,neutral,train,297,7,random,3,0,0,0,0,0,0,0,0,not_invoked,,1,2176,1.4590999999199994,0.019299999621580355,0.0002999995558639057,0.001100000190490391,0.006299999768089037,1.4923000007911469
2285,d297_u8,happy,train,297,8,random,3,1,1,0,0,0,1,1,0,ok,"{""sentences"": [""I hear you."", ""We can pause here for a moment.""], ""safety"": ""ok""}",1,2176,1.6424000004917616,0.014899999769113492,0.0002999995558639057,0.01650000012887176,0.004999999873689376,1.684699999714212
2286,d297_u9,neutral,train,297,9,random,3,0,0,0,0,0,0,0,0,not_invoked,,1,2176,1.7689999995127437,0.013699999726668466,0.0002999995558639057,0.0010000003385357559,0.005099999725644011,1.7944000001079985
2287,d298_u0,angry,train,298,0,random,3,0,0,0,0,0,0,0,0,not_invoked,,1,2176,1.9323999995322083,0.014299999747890979,0.0002999995558639057,0.001100000190490391,0.005500000042957254,1.9589000003179535
2288,d298_u1,angry,train,298,1,random,3,1,1,0,0,0,1,1,0,ok,"{""sentences"": [""I hear you."", ""We can pause here for a moment.""], ""safety"": ""ok""}",1,2176,1.7368000007991213,0.012399999832268804,0.0002999995558639057,0.014700000065204222,0.004499999704421498,1.7733000004227506
2289,d298_u2,happy,train,298,2,random,3,0,0,0,0,0,0,0,0,not_invoked,,1,2176,1.499099999819009,0.013299999409355223,0.0002999995558639057,0.000999999429041054,0.004999999873689376,1.523799999631592
2290,d298_u3,neutral,train,298,3,random,3,1,1,0,0,0,1,1,0,ok,"{""sentences"": [""I hear you."", ""We can pause here for a moment.""], ""safety"": ""ok""}",1,2176,1.5634000001227832,0.01359999987471383,0.00030000046535860747,0.014700000065204222,0.004699999408330768,1.6015000001061708
2291,d298_u4,sad,train,298,4,random,3,1,1,0,0,0,1,1,0,ok,"{""sentences"": [""I hear you."", ""We can pause here for a moment.""], ""safety"": ""ok""}",1,2176,1.726500000586384,0.04960000023856992,0.0002999995558639057,0.016900000446185004,0.006000000212225132,1.8062999997709994
2292,d298_u5,angry,train,298,5,random,3,1,1,0,0,0,1,1,0,ok,"{""sentences"": [""I hear you."", ""We can pause here for a moment.""], ""safety"": ""ok""}",1,2176,1.7165999997814652,0.01449999945180025,0.00030000046535860747,0.014299999747890979,0.005200000487093348,1.7563999999765656
2293,d298_u6,angry,train,298,6,random,3,0,0,0,0,0,0,0,0,not_invoked,,1,2176,1.6935000003286405,0.019300000531075057,0.00030000046535860747,0.0012000000424450263,0.005800000508315861,1.7268000001422479
2294,d299_u0,neutral,train,299,0,random,3,1,1,0,0,0,1,1,0,ok,"{""sentences"": [""I hear you."", ""We can pause here for a moment.""], ""safety"": ""ok""}",1,2176,1.6845000000103028,0.014799999917158857,0.00030000046535860747,0.015800000255694613,0.005099999725644011,1.7258999996556668
2295,d299_u1,neutral,train,299,1,random,3,0,0,0,0,0,0,0,0,not_invoked,,1,2176,1.6797999996924773,0.020700000277429353,0.0002999995558639057,0.0012999998943996616,0.006199999916134402,1.7146000000138883
2296,d299_u2,neutral,train,299,2,random,3,0,0,0,0,0,0,0,0,not_invoked,,1,2176,1.670900000135589,0.014999999621068127,0.00030000046535860747,0.0010999992809956893,0.006199999916134402,1.699200000075507
2297,d299_u3,neutral,train,299,3,random,3,1,1,0,0,0,1,1,0,ok,"{""sentences"": [""I hear you."", ""We can pause here for a moment.""], ""safety"": ""ok""}",1,2176,1.6794000002846587,0.025299999833805487,0.0004000003173132427,0.019400000383029692,0.0057999995988211595,1.7382999994879356
2298,d300_u0,happy,train,300,0,random,3,1,1,0,0,0,1,1,0,ok,"{""sentences"": [""I hear you."", ""We can pause here for a moment.""], ""safety"": ""ok""}",1,2176,1.8280000003869645,0.016599999980826396,0.0002999995558639057,0.01539999993838137,0.005500000042957254,1.8716000004133093
2299,d300_u1,neutral,train,300,1,random,3,0,0,0,0,0,0,0,0,not_invoked,,1,2176,2.0915000004606554,0.020200000108161476,0.00030000046535860747,0.0012000000424450263,0.006399999620043673,2.1263000007820665
2300,d300_u2,neutral,train,300,2,random,3,1,1,0,0,0,1,1,0,ok,"{""sentences"": [""I hear you."", ""We can pause here for a moment.""], ""safety"": ""ok""}",1,2176,1.9567999997889274,0.014799999917158857,0.0002999995558639057,0.016599999980826396,0.005399999281507917,1.9996000000901404
2301,d300_u3,angry,train,300,3,random,3,1,1,0,0,0,1,1,0,ok,"{""sentences"": [""I hear you."", ""We can pause here for a moment.""], ""safety"": ""ok""}",1,2176,1.5047999995658756,0.02969999968627235,0.0002999995558639057,0.013699999726668466,0.004800000169780105,1.5585999999530031
2302,d300_u6,neutral,train,300,6,random,3,0,0,0,0,0,0,0,0,not_invoked,,1,2176,1.5509999993810197,0.04600000011123484,0.00030000046535860747,0.0010000003385357559,0.004699999408330768,1.6079000006357091
2303,d300_u7,neutral,train,300,7,random,3,0,0,0,0,0,0,0,0,not_invoked,,1,2176,1.50370000028488,0.013500000022759195,0.00020000061340397224,0.0010000003385357559,0.004900000021734741,1.5285999998013722
2304,d300_u9,angry,train,300,9,random,3,0,0,0,0,0,0,0,0,not_invoked,,1,2176,1.4521000002787332,0.012900000001536682,0.0002999995558639057,0.0008999995770864189,0.004799999260285404,1.476100000218139
2305,d300_u10,angry,train,300,10,random,3,0,0,0,0,0,0,0,0,not_invoked,,1,2176,1.6928000004554633,0.013699999726668466,0.0002999995558639057,0.001100000190490391,0.0054000001910026185,1.718800000162446
2306,d300_u11,neutral,train,300,11,random,3,0,0,0,0,0,0,0,0,not_invoked,,1,2176,1.3777000003756257,0.013500000022759195,0.0002999995558639057,0.000999999429041054,0.00599999930273043,1.4033999996172497
2307,d300_u14,neutral,train,300,14,random,3,0,0,0,0,0,0,0,0,not_invoked,,1,2176,1.5152000005400623,0.04340000032243552,0.00030000046535860747,0.0010999992809956893,0.005399999281507917,1.571200000398676
2308,d300_u15,neutral,train,300,15,random,3,0,0,0,0,0,0,0,0,not_invoked,,1,2176,1.6098999994937913,0.013299999409355223,0.0002999995558639057,0.0008999995770864189,0.005500000042957254,1.634800000829273
2309,d301_u3,neutral,train,301,3,random,3,1,1,0,0,0,1,1,0,ok,"{""sentences"": [""I hear you."", ""We can pause here for a moment.""], ""safety"": ""ok""}",1,2176,1.4714999997522682,0.013199999557400588,0.00020000061340397224,0.014500000361294951,0.004600000465870835,1.5090999995663879
2310,d301_u6,neutral,train,301,6,random,3,1,1,0,0,0,1,1,0,ok,"{""sentences"": [""I hear you."", ""We can pause here for a moment.""], ""safety"": ""ok""}",1,2176,1.4732999998159357,0.029100000574544538,0.00019999970390927047,0.011999999514955562,0.004699999408330768,1.5238999994835467
2311,d301_u7,neutral,train,301,7,random,3,0,0,0,0,0,0,0,0,not_invoked,,1,2176,1.6166999994311482,0.01320000046689529,0.00019999970390927047,0.0010000003385357559,0.004900000021734741,1.6415000000051805
2312,d301_u8,angry,train,301,8,random,3,0,0,0,0,0,0,0,0,not_invoked,,1,2176,1.2924000002385583,0.013900000340072438,0.0002999995558639057,0.000999999429041054,0.004799999260285404,1.3176000002204091
2313,d301_u10,neutral,train,301,10,random,3,1,1,0,0,0,1,1,0,ok,"{""sentences"": [""I hear you."", ""We can pause here for a moment.""], ""safety"": ""ok""}",1,2176,1.5204999999696156,0.014000000192027073,0.00020000061340397224,0.013700000636163168,0.004900000021734741,1.5586999998049578
2314,d301_u11,happy,train,301,11,random,3,1,1,0,0,0,1,1,0,ok,"{""sentences"": [""I hear you."", ""We can pause here for a moment.""], ""safety"": ""ok""}",1,2176,1.6235999992204597,0.01249999968422344,0.00030000046535860747,0.012100000276404899,0.004600000465870835,1.657800000430143
2315,d301_u13,neutral,train,301,13,random,3,0,0,0,0,0,0,0,0,not_invoked,,1,2176,1.5015999997558538,0.015099999473022763,0.0006000000212225132,0.000999999429041054,0.0057999995988211595,1.5296999999918626
2316,d301_u16,sad,train,301,16,random,3,1,1,0,0,0,1,1,0,ok,"{""sentences"": [""I hear you."", ""We can pause here for a moment.""], ""safety"": ""ok""}",1,2176,1.4779000002818066,0.013099999705445953,0.00019999970390927047,0.01340000017080456,0.004900000021734741,1.514599999609345
2317,d302_u0,neutral,train,302,0,random,3,0,0,0,0,0,0,0,0,not_invoked,,1,2176,1.577500000166765,0.014999999621068127,0.0004000003173132427,0.0010000003385357559,0.0054000001910026185,1.6047999997681472
2318,d302_u1,sad,train,302,1,random,3,0,0,0,0,0,0,0,0,not_invoked,,1,2176,1.5805000002728775,0.028700000257231295,0.0002999995558639057,0.0008999995770864189,0.004699999408330768,1.6197999993892154
2319,d302_u3,angry,train,302,3,random,3,0,0,0,0,0,0,0,0,not_invoked,,1,2176,1.505899999756366,0.013799999578623101,0.00030000046535860747,0.0010000003385357559,0.005099999725644011,1.5316000008169794
2320,d302_u4,neutral,train,302,4,random,3,0,0,0,0,0,0,0,0,not_invoked,,1,2176,1.5021999997770763,0.011900000572495628,0.0002999995558639057,0.0007999997251317836,0.004800000169780105,1.5247000001181732
2321,d302_u6,neutral,train,302,6,random,3,0,0,0,0,0,0,0,0,not_invoked,,1,2176,1.3873000007151859,0.01359999987471383,0.0002999995558639057,0.000999999429041054,0.004800000169780105,1.4119999996182742
2322,d302_u7,neutral,train,302,7,random,3,1,1,0,0,0,1,1,0,ok,"{""sentences"": [""I hear you."", ""We can pause here for a moment.""], ""safety"": ""ok""}",1,2176,1.3973000004625646,0.028200000087963417,0.00019999970390927047,0.013500000022759195,0.004499999704421498,1.448799999707262
2323,d302_u8,neutral,train,302,8,random,3,0,0,0,0,0,0,0,0,not_invoked,,1,2176,1.4542999997502193,0.01449999945180025,0.00019999970390927047,0.0010000003385357559,0.004900000021734741,1.480299999457202
2324,d302_u10,neutral,train,302,10,random,3,0,0,0,0,0,0,0,0,not_invoked,,1,2176,1.4188000004651258,0.012800000149582047,0.00030000046535860747,0.0009000004865811206,0.004999999873689376,1.442799999495037
2325,d303_u0,angry,train,303,0,random,3,0,0,0,0,0,0,0,0,not_invoked,,1,2176,1.5171999993981444,0.015500000699830707,0.0004000003173132427,0.0010999992809956893,0.0054000001910026185,1.5455000002475572
2326,d303_u1,neutral,train,303,1,random,3,0,0,0,0,0,0,0,0,not_invoked,,1,2176,1.5348999995694612,0.01249999968422344,0.0002999995558639057,0.0008999995770864189,0.004900000021734741,1.5585999999530031
2327,d304_u0,neutral,train,304,0,random,3,1,1,0,0,0,1,1,0,ok,"{""sentences"": [""I hear you."", ""We can pause here for a moment.""], ""safety"": ""ok""}",1,2176,1.449099999263126,0.01359999987471383,0.00019999970390927047,0.014799999917158857,0.00470000031782547,1.4878000001772307
2328,d304_u1,neutral,train,304,1,random,3,1,1,0,0,0,1,1,0,ok,"{""sentences"": [""I hear you."", ""We can pause here for a moment.""], ""safety"": ""ok""}",1,2176,1.42870000036055,0.028499999643827323,0.00030000046535860747,0.01160000010713702,0.0045000006139162,1.494000000093365
2329,d304_u2,neutral,train,304,2,random,3,0,0,0,0,0,0,0,0,not_invoked,,1,2176,1.4556999994965736,0.013500000022759195,0.00019999970390927047,0.0010000003385357559,0.004900000021734741,1.4804999991611112
2330,d304_u3,neutral,train,304,3,random,3,1,1,0,0,0,1,1,0,ok,"{""sentences"": [""I hear you."", ""We can pause here for a moment.""], ""safety"": ""ok""}",1,2176,1.4435000002777088,0.013600000784208532,0.0002999995558639057,0.012999999853491317,0.004600000465870835,1.497199999903387
2331,d304_u4,neutral,train,304,4,random,3,0,0,0,0,0,0,0,0,not_invoked,,1,2176,1.5420999998241314,0.01359999987471383,0.00019999970390927047,0.000999999429041054,0.004900000021734741,1.566800000546209
2332,d304_u6,neutral,train,304,6,random,3,0,0,0,0,0,0,0,0,not_invoked,,1,2176,1.4723000003868947,0.012600000445672777,0.0002999995558639057,0.0007999997251317836,0.004699999408330768,1.4956999993955833
2333,d304_u7,neutral,train,304,7,random,3,0,0,0,0,0,0,0,0,not_invoked,,1,2176,1.543399999718531,0.014799999917158857,0.00030000046535860747,0.0010999992809956893,0.005099999725644011,1.5700000003562309
2334,d304_u8,angry,train,304,8,random,3,0,0,0,0,0,0,0,0,not_invoked,,1,2176,1.521600000160106,0.01340000017080456,0.0002999995558639057,0.000999999429041054,0.004800000169780105,1.5459000005648704
2335,d304_u9,angry,train,304,9,random,3,0,0,0,0,0,0,0,0,not_invoked,,1,2176,1.6470999999000924,0.014199999895936344,0.0002999995558639057,0.001100000190490391,0.005200000487093348,1.6734000000724336
2336,d304_u10,angry,train,304,10,random,3,1,1,0,0,0,1,1,0,ok,"{""sentences"": [""I hear you."", ""We can pause here for a moment.""], ""safety"": ""ok""}",1,2176,1.7043999996531056,0.013299999409355223,0.0002999995558639057,0.015499999790336005,0.004999999873689376,1.7435999998269835
2337,d305_u0,happy,train,305,0,random,3,1,1,0,0,0,1,1,0,ok,"{""sentences"": [""I hear you."", ""We can pause here for a moment.""], ""safety"": ""ok""}",1,2176,1.530800000182353,0.015100000382517464,0.00039999940781854093,0.0152000002344721,0.005099999725644011,1.572400000441121
2338,d305_u1,neutral,train,305,1,random,3,0,0,0,0,0,0,0,0,not_invoked,,1,2176,1.5487999999095337,0.012599999536178075,0.00019999970390927047,0.000999999429041054,0.004900000021734741,1.5725000002930756
2339,d305_u3,neutral,train,305,3,random,3,1,1,0,0,0,1,1,0,ok,"{""sentences"": [""I hear you."", ""We can pause here for a moment.""], ""safety"": ""ok""}",1,2176,1.7263999998249346,0.01289999909204198,0.0002999995558639057,0.012999999853491317,0.004900000021734741,1.7627000006541493
2340,d305_u4,neutral,train,305,4,random,3,1,1,0,0,0,1,1,0,ok,"{""sentences"": [""I hear you."", ""We can pause here for a moment.""], ""safety"": ""ok""}",1,2176,1.3789000004180707,0.013100000614940654,0.0002999995558639057,0.013300000318849925,0.00470000031782547,1.4153000001897453
2341,d305_u5,happy,train,305,5,random,3,0,0,0,0,0,0,0,0,not_invoked,,1,2176,1.4808000005359645,0.013500000022759195,0.00019999970390927047,0.001100000190490391,0.004999999873689376,1.505899999756366
2342,d305_u6,neutral,train,305,6,random,3,1,1,0,0,0,1,1,0,ok,"{""sentences"": [""I hear you."", ""We can pause here for a moment.""], ""safety"": ""ok""}",1,2176,1.5517000001636916,0.01359999987471383,0.00030000046535860747,0.013399999261309858,0.004800000169780105,1.5892000001258566
2343,d305_u7,neutral,train,305,7,random,3,1,1,0,0,0,1,1,0,ok,"{""sentences"": [""I hear you."", ""We can pause here for a moment.""], ""safety"": ""ok""}",1,2176,1.7366000001857174,0.014000000192027073,0.00019999970390927047,0.013099999705445953,0.004900000021734741,1.7742999998517917
2344,d305_u8,neutral,train,305,8,random,3,0,0,0,0,0,0,0,0,not_invoked,,1,2176,1.7425999994884478,0.013399999261309858,0.00039999940781854093,0.001100000190490391,0.004900000021734741,1.76740000006248
2345,d305_u10,neutral,train,305,10,random,3,1,1,0,0,0,1,1,0,ok,"{""sentences"": [""I hear you."", ""We can pause here for a moment.""], ""safety"": ""ok""}",1,2176,1.827199999752338,0.013399999261309858,0.0002999995558639057,0.012800000149582047,0.004600000465870835,1.863700000285462
2346,d305_u11,neutral,train,305,11,random,3,1,1,0,0,0,1,1,0,ok,"{""sentences"": [""I hear you."", ""We can pause here for a moment.""], ""safety"": ""ok""}",1,2176,1.467199999751756,0.013900000340072438,0.00019999970390927047,0.012999999853491317,0.004600000465870835,1.5043000003061024
2347,d305_u12,happy,train,305,12,random,3,0,0,0,0,0,0,0,0,not_invoked,,1,2176,1.6432000002168934,0.013300000318849925,0.00020000061340397224,0.001100000190490391,0.004900000021734741,1.6676999994160724
2348,d305_u13,happy,train,305,13,random,3,1,1,0,0,0,1,1,0,ok,"{""sentences"": [""I hear you."", ""We can pause here for a moment.""], ""safety"": ""ok""}",1,2176,1.3016000002608052,0.012900000001536682,0.0002999995558639057,0.012200000128359534,0.004399999852466863,1.3363999996727216
2349,d305_u14,happy,train,305,14,random,3,0,0,0,0,0,0,0,0,not_invoked,,1,2176,1.4384999994945247,0.013500000022759195,0.00030000046535860747,0.001100000190490391,0.004800000169780105,1.463300000068557
2350,d306_u0,happy,train,306,0,random,3,1,1,0,0,0,1,1,0,ok,"{""sentences"": [""I hear you."", ""We can pause here for a moment.""], ""safety"": ""ok""}",1,2176,1.4733999996678904,0.0152000002344721,0.00030000046535860747,0.013999999282532372,0.005099999725644011,1.513600000180304
2351,d306_u1,happy,train,306,1,random,3,0,0,0,0,0,0,0,0,not_invoked,,1,2176,1.6985000002023298,0.014399999599845614,0.0002999995558639057,0.001100000190490391,0.005500000042957254,1.7251999997824896
2352,d306_u2,sad,train,306,2,random,3,1,1,0,0,0,1,1,0,ok,"{""sentences"": [""I hear you."", ""We can pause here for a moment.""], ""safety"": ""ok""}",1,2176,1.65130000004865,0.01269999938813271,0.0002999995558639057,0.013399999261309858,0.004699999408330768,1.687300000412506
2353,d306_u3,happy,train,306,3,random,3,1,1,0,0,0,1,1,0,ok,"{""sentences"": [""I hear you."", ""We can pause here for a moment.""], ""safety"": ""ok""}",1,2176,1.5413000000989996,0.013799999578623101,0.0002999995558639057,0.02880000010918593,0.004600000465870835,1.5944999995554099
2354,d306_u4,neutral,train,306,4,random,3,1,1,0,0,0,1,1,0,ok,"{""sentences"": [""I hear you."", ""We can pause here for a moment.""], ""safety"": ""ok""}",1,2176,1.5938000005917274,0.012299999980314169,0.0002999995558639057,0.011799999811046291,0.004399999852466863,1.6269000007014256
2355,d306_u5,happy,train,306,5,random,3,0,0,0,0,0,0,0,0,not_invoked,,1,2176,1.5235999999276828,0.014799999917158857,0.0002999995558639057,0.001100000190490391,0.005300000339047983,1.5507999996771105
2356,d306_u6,happy,train,306,6,random,3,0,0,0,0,0,0,0,0,not_invoked,,1,2176,1.4955999995436287,0.012999999853491317,0.00030000046535860747,0.0010000003385357559,0.00470000031782547,1.519200000075216
2357,d306_u7,neutral,train,306,7,random,3,1,1,0,0,0,1,1,0,ok,"{""sentences"": [""I hear you."", ""We can pause here for a moment.""], ""safety"": ""ok""}",1,2176,1.7656999998507672,0.01320000046689529,0.00030000046535860747,0.012399999832268804,0.004699999408330768,1.8014999996012193
2358,d307_u0,neutral,train,307,0,random,3,1,1,0,0,0,1,1,0,ok,"{""sentences"": [""I hear you."", ""We can pause here for a moment.""], ""safety"": ""ok""}",1,2176,1.4293000003817724,0.013800000488117803,0.00019999970390927047,0.013799999578623101,0.00470000031782547,1.467199999751756
2359,d307_u1,happy,train,307,1,random,3,0,0,0,0,0,0,0,0,not_invoked,,1,2176,1.5094000000317465,0.015800000255694613,0.00039999940781854093,0.0012000000424450263,0.005300000339047983,1.5383999998448417
2360,d307_u2,sad,train,307,2,random,3,0,0,0,0,0,0,0,0,not_invoked,,1,2176,1.539500000035332,0.013100000614940654,0.0004000003173132427,0.0009000004865811206,0.005099999725644011,1.563999999234511
2361,d307_u3,neutral,train,307,3,random,3,0,0,0,0,0,0,0,0,not_invoked,,1,2176,1.5555999998468906,0.014100000043981709,0.00019999970390927047,0.001100000190490391,0.005199999577598646,1.5815999995538732
2362,d307_u4,neutral,train,307,4,random,3,0,0,0,0,0,0,0,0,not_invoked,,1,2176,1.5943000007609953,0.012099999366910197,0.00030000046535860747,0.0007999997251317836,0.004800000169780105,1.6169000000445521
2363,d307_u5,neutral,train,307,5,random,3,0,0,0,0,0,0,0,0,not_invoked,,1,2176,1.6857999999047024,0.017999999727180693,0.0002999995558639057,0.0010000003385357559,0.004900000021734741,1.7152999998870655
2364,d307_u6,neutral,train,307,6,random,3,0,0,0,0,0,0,0,0,not_invoked,,1,2176,1.3127000001986744,0.013300000318849925,0.0002999995558639057,0.0010000003385357559,0.004999999873689376,1.3373000001593027
2365,d307_u7,neutral,train,307,7,random,3,1,1,0,0,0,1,1,0,ok,"{""sentences"": [""I hear you."", ""We can pause here for a moment.""], ""safety"": ""ok""}",1,2176,1.5285999998013722,0.013699999726668466,0.0002999995558639057,0.014600000213249587,0.004800000169780105,1.5673999996579369
2366,d307_u9,neutral,train,307,9,random,3,0,0,0,0,0,0,0,0,not_invoked,,1,2176,1.6035999997257022,0.01140000040322775,0.0002999995558639057,0.0010000003385357559,0.004300000000512227,1.624900000024354
2367,d307_u10,neutral,train,307,10,random,3,1,1,0,0,0,1,1,0,ok,"{""sentences"": [""I hear you."", ""We can pause here for a moment.""], ""safety"": ""ok""}",1,2176,1.5560000001642038,0.014400000509340316,0.0002999995558639057,0.01449999945180025,0.004900000021734741,1.5955999997459003
2368,d307_u11,neutral,train,307,11,random,3,0,0,0,0,0,0,0,0,not_invoked,,1,2176,1.4952000001358101,0.012999999853491317,0.0004000003173132427,0.0010000003385357559,0.005200000487093348,1.519899999948393
2369,d307_u12,neutral,train,307,12,random,3,0,0,0,0,0,0,0,0,not_invoked,,1,2176,1.8189000002166722,0.030399999559449498,0.0002999995558639057,0.0008999995770864189,0.004799999260285404,1.875599999948463
2370,d308_u0,neutral,train,308,0,random,3,0,0,0,0,0,0,0,0,not_invoked,,1,2176,1.470100000005914,0.014700000065204222,0.0002999995558639057,0.0010000003385357559,0.005099999725644011,1.5123000002859044
2371,d308_u1,happy,train,308,1,random,3,0,0,0,0,0,0,0,0,not_invoked,,1,2176,1.6648000000714092,0.013100000614940654,0.0002999995558639057,0.0010000003385357559,0.004900000021734741,1.689099999566679
2372,d308_u2,neutral,train,308,2,random,3,0,0,0,0,0,0,0,0,not_invoked,,1,2176,1.2188000000605825,0.01340000017080456,0.00020000061340397224,0.000999999429041054,0.005000000783184078,1.2439000001904787
2373,d308_u3,neutral,train,308,3,random,3,1,1,0,0,0,1,1,0,ok,"{""sentences"": [""I hear you."", ""We can pause here for a moment.""], ""safety"": ""ok""}",1,2176,1.4780000001337612,0.013399999261309858,0.00019999970390927047,0.013900000340072438,0.004699999408330768,1.5154000002439716
2374,d308_u4,neutral,train,308,4,random,3,0,0,0,0,0,0,0,0,not_invoked,,1,2176,1.5084000006027054,0.013500000022759195,0.0004000003173132427,0.0010000003385357559,0.004900000021734741,1.5487999999095337
2375,d308_u5,neutral,train,308,5,random,3,0,0,0,0,0,0,0,0,not_invoked,,1,2176,1.4822000002823188,0.01249999968422344,0.0002999995558639057,0.0010000003385357559,0.004900000021734741,1.5060999994602753
2376,d309_u0,happy,train,309,0,random,3,0,0,0,0,0,0,0,0,not_invoked,,1,2176,1.4760999993086443,0.01430000065738568,0.00020000061340397224,0.000999999429041054,0.005200000487093348,1.502500000242435
2377,d309_u2,happy,train,309,2,random,3,1,1,0,0,0,1,1,0,ok,"{""sentences"": [""I hear you."", ""We can pause here for a moment.""], ""safety"": ""ok""}",1,2176,1.4733999996678904,0.015099999473022763,0.00030000046535860747,0.014999999621068127,0.005200000487093348,1.5144999997573905
2378,d309_u3,neutral,train,309,3,random,3,0,0,0,0,0,0,0,0,not_invoked,,1,2176,1.703799999631883,0.013699999726668466,0.00019999970390927047,0.000999999429041054,0.004800000169780105,1.7288999997617793
2379,d309_u4,neutral,train,309,4,random,3,0,0,0,0,0,0,0,0,not_invoked,,1,2176,1.6233000005740905,0.013900000340072438,0.00019999970390927047,0.000999999429041054,0.004999999873689376,1.64889999996376
2380,d310_u0,neutral,train,310,0,random,3,1,1,0,0,0,1,1,0,ok,"{""sentences"": [""I hear you."", ""We can pause here for a moment.""], ""safety"": ""ok""}",1,2176,1.3521000000764616,0.030000000151630957,0.00019999970390927047,0.030100000003585592,0.004499999704421498,1.43839999964257
2381,d310_u1,neutral,train,310,1,random,3,0,0,0,0,0,0,0,0,not_invoked,,1,2176,1.6125000001920853,0.013600000784208532,0.00030000046535860747,0.0008999995770864189,0.005100000635138713,1.6378999998778454
2382,d310_u2,happy,train,310,2,random,3,0,0,0,0,0,0,0,0,not_invoked,,1,2176,1.5168999998422805,0.012399999832268804,0.00030000046535860747,0.0009000004865811206,0.004999999873689376,1.540499999464373
2383,d310_u3,sad,train,310,3,random,3,1,1,0,0,0,1,1,0,ok,"{""sentences"": [""I hear you."", ""We can pause here for a moment.""], ""safety"": ""ok""}",1,2176,1.4765999994779122,0.013500000022759195,0.00030000046535860747,0.013900000340072438,0.004800000169780105,1.5143999999054358
2384,d310_u4,neutral,train,310,4,random,3,0,0,0,0,0,0,0,0,not_invoked,,1,2176,1.617699999769684,0.011899999663000926,0.0002999995558639057,0.0008999995770864189,0.004800000169780105,1.6397999997934676
2385,d310_u6,sad,train,310,6,random,3,0,0,0,0,0,0,0,0,not_invoked,,1,2176,1.5315999999074847,0.015300000086426735,0.00019999970390927047,0.001100000190490391,0.005300000339047983,1.5595999993820442
2386,d311_u0,neutral,train,311,0,random,3,0,0,0,0,0,0,0,0,not_invoked,,1,2176,1.4913000004526111,0.01340000017080456,0.0002999995558639057,0.0010000003385357559,0.005099999725644011,1.516299999821058
2387,d311_u1,happy,train,311,1,random,3,0,0,0,0,0,0,0,0,not_invoked,,1,2176,1.913099999910628,0.013199999557400588,0.00030000046535860747,0.0009000004865811206,0.00470000031782547,1.9374000003153924
2388,d311_u2,happy,train,311,2,random,3,0,0,0,0,0,0,0,0,not_invoked,,1,2176,1.5670000002501183,0.02919999951700447,0.00030000046535860747,0.000999999429041054,0.004999999873689376,1.6076000001703505
2389,d311_u3,happy,train,311,3,random,3,1,1,0,0,0,1,1,0,ok,"{""sentences"": [""I hear you."", ""We can pause here for a moment.""], ""safety"": ""ok""}",1,2176,1.5419999999721767,0.013699999726668466,0.0002999995558639057,0.04650000028050272,0.004499999704421498,1.612099999874772
2390,d311_u4,neutral,train,311,4,random,3,0,0,0,0,0,0,0,0,not_invoked,,1,2176,1.5634000001227832,0.013199999557400588,0.00039999940781854093,0.0008999995770864189,0.004699999408330768,1.587900000231457
2391,d311_u5,happy,train,311,5,random,3,0,0,0,0,0,0,0,0,not_invoked,,1,2176,1.373799999782932,0.013899999430577736,0.00030000046535860747,0.000999999429041054,0.0052999994295532815,1.4001999998072279
2392,d311_u6,neutral,train,311,6,random,3,0,0,0,0,0,0,0,0,not_invoked,,1,2176,1.4324000003398396,0.013600000784208532,0.0002999995558639057,0.0010000003385357559,0.004900000021734741,1.4575999994121958
2393,d311_u7,happy,train,311,7,random,3,0,0,0,0,0,0,0,0,not_invoked,,1,2176,1.4029000003574765,0.01340000017080456,0.0002999995558639057,0.000999999429041054,0.004900000021734741,1.4275000003181049
2394,d311_u9,neutral,train,311,9,random,3,1,1,0,0,0,1,1,0,ok,"{""sentences"": [""I hear you."", ""We can pause here for a moment.""], ""safety"": ""ok""}",1,2176,1.4241999997466337,0.01269999938813271,0.0002999995558639057,0.014299999747890979,0.004600000465870835,1.4610999996875762
2395,d311_u11,neutral,train,311,11,random,3,1,1,0,0,0,1,1,0,ok,"{""sentences"": [""I hear you."", ""We can pause here for a moment.""], ""safety"": ""ok""}",1,2176,1.6910000003917958,0.015999999959603883,0.0002999995558639057,0.0152000002344721,0.004999999873689376,1.7334000003756955
2396,d311_u12,neutral,train,311,12,random,3,0,0,0,0,0,0,0,0,not_invoked,,1,2176,1.6608999994787155,0.01320000046689529,0.0002999995558639057,0.000999999429041054,0.004999999873689376,1.6855000003488385
2397,d312_u0,neutral,train,312,0,random,3,0,0,0,0,0,0,0,0,not_invoked,,1,2176,1.486500000282831,0.013500000022759195,0.00030000046535860747,0.0010000003385357559,0.004999999873689376,1.5118999999685911
2398,d312_u1,angry,train,312,1,random,3,1,1,0,0,0,1,1,0,ok,"{""sentences"": [""I hear you."", ""We can pause here for a moment.""], ""safety"": ""ok""}",1,2176,1.5119999998205458,0.012799999240087345,0.00019999970390927047,0.029799999538226984,0.004400000761961564,1.5640999999959604
2399,d312_u2,angry,train,312,2,random,3,0,0,0,0,0,0,0,0,not_invoked,,1,2176,1.4649999993707752,0.01320000046689529,0.0002999995558639057,0.0010000003385357559,0.004800000169780105,1.4895000003889436
2400,d312_u3,neutral,train,312,3,random,3,0,0,0,0,0,0,0,0,not_invoked,,1,2176,1.4254999996410334,0.01340000017080456,0.00030000046535860747,0.0010000003385357559,0.004800000169780105,1.465999999709311
2401,d312_u4,sad,train,312,4,random,3,1,1,0,0,0,1,1,0,ok,"{""sentences"": [""I hear you."", ""We can pause here for a moment.""], ""safety"": ""ok""}",1,2176,1.7068999995899503,0.012299999980314169,0.00030000046535860747,0.01320000046689529,0.004499999704421498,1.7422000000806293
2402,d312_u5,sad,train,312,5,random,3,0,0,0,0,0,0,0,0,not_invoked,,1,2176,1.3088999994579353,0.013500000022759195,0.00019999970390927047,0.0010000003385357559,0.004800000169780105,1.3334000004761037
2403,d312_u6,neutral,train,312,6,random,3,1,1,0,0,0,1,1,0,ok,"{""sentences"": [""I hear you."", ""We can pause here for a moment.""], ""safety"": ""ok""}",1,2176,1.862299999629613,0.013199999557400588,0.00019999970390927047,0.013799999578623101,0.004699999408330768,1.8993999992744648
2404,d312_u9,angry,train,312,9,random,3,0,0,0,0,0,0,0,0,not_invoked,,1,2176,1.4706000001751818,0.016199999663513154,0.00030000046535860747,0.0010000003385357559,0.005800000508315861,1.4995000001363223
2405,d312_u11,neutral,train,312,11,random,3,1,1,0,0,0,1,1,0,ok,"{""sentences"": [""I hear you."", ""We can pause here for a moment.""], ""safety"": ""ok""}",1,2176,1.5366999996331288,0.014100000043981709,0.00030000046535860747,0.013699999726668466,0.004800000169780105,1.575100000081875
2406,d312_u12,sad,train,312,12,random,3,1,1,0,0,0,1,1,0,ok,"{""sentences"": [""I hear you."", ""We can pause here for a moment.""], ""safety"": ""ok""}",1,2176,1.5024999993329402,0.04660000013245735,0.00030000046535860747,0.012100000276404899,0.004499999704421498,1.5710000006947666
2407,d312_u13,sad,train,312,13,random,3,1,1,0,0,0,1,1,0,ok,"{""sentences"": [""I hear you."", ""We can pause here for a moment.""], ""safety"": ""ok""}",1,2176,1.4498000000457978,0.013500000022759195,0.00019999970390927047,0.01269999938813271,0.004599999556376133,1.4860000001135631
2408,d312_u14,neutral,train,312,14,random,3,0,0,0,0,0,0,0,0,not_invoked,,1,2176,1.4117000000624103,0.029000000722589903,0.00019999970390927047,0.0010000003385357559,0.02009999934671214,1.4670000000478467
2409,d312_u15,neutral,train,312,15,random,3,0,0,0,0,0,0,0,0,not_invoked,,1,2176,1.6361999996661325,0.013699999726668466,0.0002999995558639057,0.000999999429041054,0.004799999260285404,1.6615000004094327
2410,d312_u16,neutral,train,312,16,random,3,0,0,0,0,0,0,0,0,not_invoked,,1,2176,1.2907999998788,0.013299999409355223,0.00019999970390927047,0.0008999995770864189,0.004799999260285404,1.3151000002835644
2411,d312_u17,angry,train,312,17,random,3,0,0,0,0,0,0,0,0,not_invoked,,1,2176,1.4310000005934853,0.014299999747890979,0.0005000001692678779,0.000999999429041054,0.005199999577598646,1.4572999998563319
2412,d312_u18,sad,train,312,18,random,3,1,1,0,0,0,1,1,0,ok,"{""sentences"": [""I hear you."", ""We can pause here for a moment.""], ""safety"": ""ok""}",1,2176,1.4274000004661502,0.01320000046689529,0.00019999970390927047,0.014000000192027073,0.004999999873689376,1.4650000002802699
2413,d312_u19,neutral,train,312,19,random,3,1,1,0,0,0,1,1,0,ok,"{""sentences"": [""I hear you."", ""We can pause here for a moment.""], ""safety"": ""ok""}",1,2176,1.5395999998872867,0.013900000340072438,0.00030000046535860747,0.01359999987471383,0.004800000169780105,1.5777999997226289
2414,d312_u20,neutral,train,312,20,random,3,0,0,0,0,0,0,0,0,not_invoked,,1,2176,1.6323999998348881,0.029200000426499173,0.00030000046535860747,0.0009000004865811206,0.004800000169780105,1.6725000004953472
2415,d312_u21,sad,train,312,21,random,3,1,1,0,0,0,1,1,0,ok,"{""sentences"": [""I hear you."", ""We can pause here for a moment.""], ""safety"": ""ok""}",1,2176,1.431800000318617,0.013700000636163168,0.00030000046535860747,0.02880000010918593,0.004699999408330768,1.4846999993096688
2416,d313_u0,neutral,train,313,0,random,3,0,0,0,0,0,0,0,0,not_invoked,,1,2176,1.4357999998537707,0.02519999998185085,0.00030000046535860747,0.000999999429041054,0.005099999725644011,1.4885999999023625
2417,d313_u1,neutral,train,313,1,random,3,0,0,0,0,0,0,0,0,not_invoked,,1,2176,1.5545999995083548,0.013699999726668466,0.0002999995558639057,0.0010000003385357559,0.004999999873689376,1.5800000001036096
2418,d313_u2,neutral,train,313,2,random,3,1,1,0,0,0,1,1,0,ok,"{""sentences"": [""I hear you."", ""We can pause here for a moment.""], ""safety"": ""ok""}",1,2176,1.5206999996735249,0.04549999994196696,0.00020000061340397224,0.012299999980314169,0.004499999704421498,1.5885000002526795
2419,d313_u3,happy,train,313,3,random,3,1,1,0,0,0,1,1,0,ok,"{""sentences"": [""I hear you."", ""We can pause here for a moment.""], ""safety"": ""ok""}",1,2176,1.5113000008568633,0.013700000636163168,0.00030000046535860747,0.012999999853491317,0.004699999408330768,1.5484000005017151
2420,d314_u0,happy,train,314,0,random,3,0,0,0,0,0,0,0,0,not_invoked,,1,2176,1.4783000005991198,0.013800000488117803,0.0002999995558639057,0.000999999429041054,0.004800000169780105,1.503200000115612
2421,d314_u1,happy,train,314,1,random,3,1,1,0,0,0,1,1,0,ok,"{""sentences"": [""I hear you."", ""We can pause here for a moment.""], ""safety"": ""ok""}",1,2176,1.5167000001383713,0.043000000005122274,0.0002999995558639057,0.013799999578623101,0.005200000487093348,1.5846999995119404
2422,d314_u2,happy,train,314,2,random,3,0,0,0,0,0,0,0,0,not_invoked,,1,2176,1.5303999998650397,0.013500000022759195,0.0002999995558639057,0.000999999429041054,0.004999999873689376,1.5554000001429813
2423,d314_u3,neutral,train,314,3,random,3,0,0,0,0,0,0,0,0,not_invoked,,1,2176,1.6992999999274616,0.013199999557400588,0.00019999970390927047,0.0010000003385357559,0.004800000169780105,1.72389999988809
2424,d314_u4,happy,train,314,4,random,3,0,0,0,0,0,0,0,0,not_invoked,,1,2176,1.3897999997425359,0.02930000027845381,0.00020000061340397224,0.0008999995770864189,0.004800000169780105,1.4300000002549496
2425,d314_u5,happy,train,314,5,random,3,0,0,0,0,0,0,0,0,not_invoked,,1,2176,1.56299999980547,0.013099999705445953,0.00030000046535860747,0.0009000004865811206,0.004900000021734741,1.603199999408389
2426,d314_u7,neutral,train,314,7,random,3,1,1,0,0,0,1,1,0,ok,"{""sentences"": [""I hear you."", ""We can pause here for a moment.""], ""safety"": ""ok""}",1,2176,1.2459999998100102,0.013099999705445953,0.00020000061340397224,0.012900000001536682,0.004799999260285404,1.282100000025821
2427,d314_u8,neutral,train,314,8,random,3,1,1,0,0,0,1,1,0,ok,"{""sentences"": [""I hear you."", ""We can pause here for a moment.""], ""safety"": ""ok""}",1,2176,1.4111999998931424,0.013699999726668466,0.00019999970390927047,0.012900000001536682,0.004600000465870835,1.4480999998340849
2428,d314_u9,happy,train,314,9,random,3,1,1,0,0,0,1,1,0,ok,"{""sentences"": [""I hear you."", ""We can pause here for a moment.""], ""safety"": ""ok""}",1,2176,1.3964999998279382,0.014000000192027073,0.0002999995558639057,0.02919999951700447,0.00470000031782547,1.4653999996880884
2429,d314_u10,neutral,train,314,10,random,3,0,0,0,0,0,0,0,0,not_invoked,,1,2176,1.5143999999054358,0.01609999981155852,0.0002999995558639057,0.001100000190490391,0.005700000656361226,1.5432999998665764
2430,d314_u11,neutral,train,314,11,random,3,1,1,0,0,0,1,1,0,ok,"{""sentences"": [""I hear you."", ""We can pause here for a moment.""], ""safety"": ""ok""}",1,2176,1.4679000005344278,0.013699999726668466,0.00019999970390927047,0.014199999895936344,0.004799999260285404,1.5063000000736793
2431,d314_u12,neutral,train,314,12,random,3,1,1,0,0,0,1,1,0,ok,"{""sentences"": [""I hear you."", ""We can pause here for a moment.""], ""safety"": ""ok""}",1,2176,1.808300000448071,0.01320000046689529,0.00030000046535860747,0.012800000149582047,0.00470000031782547,1.8442999999024323
2432,d315_u0,neutral,train,315,0,random,3,0,0,0,0,0,0,0,0,not_invoked,,1,2176,1.4343000002554618,0.030700000024808105,0.00030000046535860747,0.000999999429041054,0.004999999873689376,1.4768000000913162
2433,d315_u1,neutral,train,315,1,random,3,1,1,0,0,0,1,1,0,ok,"{""sentences"": [""I hear you."", ""We can pause here for a moment.""], ""safety"": ""ok""}",1,2176,1.668200000494835,0.012900000001536682,0.00030000046535860747,0.02860000040527666,0.004600000465870835,1.7196999997395324
2434,d315_u2,happy,train,315,2,random,3,0,0,0,0,0,0,0,0,not_invoked,,1,2176,1.2979000002815155,0.01320000046689529,0.00030000046535860747,0.0010000003385357559,0.005100000635138713,1.3229000005594571
2435,d315_u3,happy,train,315,3,random,3,0,0,0,0,0,0,0,0,not_invoked,,1,2176,1.4937999994799611,0.013800000488117803,0.00030000046535860747,0.001100000190490391,0.005100000635138713,1.5193999997791252
2436,d315_u4,angry,train,315,4,random,3,1,1,0,0,0,1,1,0,ok,"{""sentences"": [""I hear you."", ""We can pause here for a moment.""], ""safety"": ""ok""}",1,2176,1.4572000000043772,0.013800000488117803,0.00020000061340397224,0.028500000553322025,0.004600000465870835,1.5256000006047543
2437,d315_u5,neutral,train,315,5,random,3,1,1,0,0,0,1,1,0,ok,"{""sentences"": [""I hear you."", ""We can pause here for a moment.""], ""safety"": ""ok""}",1,2176,1.5176999995674123,0.014700000065204222,0.0002999995558639057,0.01359999987471383,0.004999999873689376,1.556900000650785
2438,d315_u6,happy,train,315,6,random,3,0,0,0,0,0,0,0,0,not_invoked,,1,2176,1.4885999999023625,0.013500000022759195,0.00030000046535860747,0.0010999992809956893,0.005300000339047983,1.5140999994400772
2439,d315_u7,happy,train,315,7,random,3,1,1,0,0,0,1,1,0,ok,"{""sentences"": [""I hear you."", ""We can pause here for a moment.""], ""safety"": ""ok""}",1,2176,1.5001000001575449,0.01680000059423037,0.0002999995558639057,0.014299999747890979,0.005500000042957254,1.5427000007548486
2440,d315_u8,happy,train,315,8,random,3,1,1,0,0,0,1,1,0,ok,"{""sentences"": [""I hear you."", ""We can pause here for a moment.""], ""safety"": ""ok""}",1,2176,1.504699999713921,0.013699999726668466,0.00030000046535860747,0.013299999409355223,0.004999999873689376,1.5423000004375353
2441,d315_u9,happy,train,315,9,random,3,0,0,0,0,0,0,0,0,not_invoked,,1,2176,1.5042000004541478,0.014700000065204222,0.00030000046535860747,0.000999999429041054,0.005599999894911889,1.5315999999074847
2442,d316_u0,neutral,train,316,0,random,3,1,1,0,0,0,1,1,0,ok,"{""sentences"": [""I hear you."", ""We can pause here for a moment.""], ""safety"": ""ok""}",1,2176,1.4936000006855465,0.02930000027845381,0.00019999970390927047,0.012900000001536682,0.004699999408330768,1.562000000376429
2443,d316_u1,neutral,train,316,1,random,3,1,1,0,0,0,1,1,0,ok,"{""sentences"": [""I hear you."", ""We can pause here for a moment.""], ""safety"": ""ok""}",1,2176,1.5313000003516208,0.014400000509340316,0.0002999995558639057,0.028899999961140566,0.004600000465870835,1.5850999998292536
2444,d316_u2,sad,train,316,2,random,3,1,1,0,0,0,1,1,0,ok,"{""sentences"": [""I hear you."", ""We can pause here for a moment.""], ""safety"": ""ok""}",1,2176,1.4800999997532926,0.013799999578623101,0.0002999995558639057,0.013199999557400588,0.004900000021734741,1.5174000000115484
2445,d316_u3,neutral,train,316,3,random,3,0,0,0,0,0,0,0,0,not_invoked,,1,2176,1.515099999778613,0.017899999875226058,0.0002999995558639057,0.0012000000424450263,0.00650000038149301,1.5471999995497754
2446,d316_u5,angry,train,316,5,random,3,1,1,0,0,0,1,1,0,ok,"{""sentences"": [""I hear you."", ""We can pause here for a moment.""], ""safety"": ""ok""}",1,2176,1.5714999999545398,0.014100000043981709,0.0004000003173132427,0.015499999790336005,0.005300000339047983,1.6121999997267267
2447,d316_u6,happy,train,316,6,random,3,0,0,0,0,0,0,0,0,not_invoked,,1,2176,1.647499999307911,0.01900000006571645,0.0004000003173132427,0.001100000190490391,0.006100000064179767,1.6800000003058813
2448,d316_u7,neutral,train,316,7,random,3,0,0,0,0,0,0,0,0,not_invoked,,1,2176,1.6632999995636055,0.014399999599845614,0.0002999995558639057,0.000999999429041054,0.005599999894911889,1.6898000003493507
2449,d316_u8,neutral,train,316,8,random,3,0,0,0,0,0,0,0,0,not_invoked,,1,2176,1.7528000007587252,0.013900000340072438,0.0002999995558639057,0.0010000003385357559,0.005599999894911889,1.7791000000215718
2450,d317_u0,neutral,train,317,0,random,3,0,0,0,0,0,0,0,0,not_invoked,,1,2176,1.3500000004569301,0.03149999974993989,0.00030000046535860747,0.0008999995770864189,0.005600000804406591,1.4104000001680106
2451,d317_u1,happy,train,317,1,random,3,0,0,0,0,0,0,0,0,not_invoked,,1,2176,1.4879000000291853,0.015099999473022763,0.0002999995558639057,0.001100000190490391,0.0052999994295532815,1.5158000005612848
2452,d317_u2,neutral,train,317,2,random,3,1,1,0,0,0,1,1,0,ok,"{""sentences"": [""I hear you."", ""We can pause here for a moment.""], ""safety"": ""ok""}",1,2176,1.561299999593757,0.01359999987471383,0.00030000046535860747,0.015999999959603883,0.004900000021734741,1.6013000004022615
2453,d317_u3,angry,train,317,3,random,3,1,1,0,0,0,1,1,0,ok,"{""sentences"": [""I hear you."", ""We can pause here for a moment.""], ""safety"": ""ok""}",1,2176,1.4677999997729785,0.014500000361294951,0.00019999970390927047,0.03130000004603062,0.004900000021734741,1.52429999980086
2454,d317_u4,neutral,train,317,4,random,3,0,0,0,0,0,0,0,0,not_invoked,,1,2176,1.498100000389968,0.013300000318849925,0.00030000046535860747,0.0010000003385357559,0.004900000021734741,1.5223999998852378
2455,d317_u5,happy,train,317,5,random,3,0,0,0,0,0,0,0,0,not_invoked,,1,2176,2.0044000002599205,0.02429999949526973,0.0006000000212225132,0.0013999997463542968,0.09750000026542693,2.13649999932386
2456,d317_u6,happy,train,317,6,random,3,0,0,0,0,0,0,0,0,not_invoked,,1,2176,2.0893999999316293,0.015999999959603883,0.00030000046535860747,0.0009000004865811206,0.006100000064179767,2.118000000336906
2457,d317_u7,happy,train,317,7,random,3,1,1,0,0,0,1,1,0,ok,"{""sentences"": [""I hear you."", ""We can pause here for a moment.""], ""safety"": ""ok""}",1,2176,2.10010000046168,0.014899999769113492,0.0004000003173132427,0.018400000044493936,0.03079999987676274,2.1701999994547805
2458,d317_u9,angry,train,317,9,random,3,0,0,0,0,0,0,0,0,not_invoked,,1,2176,1.7331999997622916,0.018400000044493936,0.0002999995558639057,0.001100000190490391,0.006199999916134402,1.7653000004429487
2459,d317_u10,angry,train,317,10,random,3,0,0,0,0,0,0,0,0,not_invoked,,1,2176,1.9105000001218286,0.022400000489142258,0.0002999995558639057,0.001100000190490391,0.006299999768089037,1.9470000006549526
2460,d317_u11,neutral,train,317,11,random,3,0,0,0,0,0,0,0,0,not_invoked,,1,2176,1.9045999997615581,0.015199999324977398,0.0002999995558639057,0.001100000190490391,0.005599999894911889,1.9323000005897484
2461,d317_u12,angry,train,317,12,random,3,1,1,0,0,0,1,1,0,ok,"{""sentences"": [""I hear you."", ""We can pause here for a moment.""], ""safety"": ""ok""}",1,2176,1.5683999999964726,0.01559999964229064,0.0002999995558639057,0.017299999854003545,0.005500000042957254,1.6125000001920853
2462,d317_u13,angry,train,317,13,random,3,0,0,0,0,0,0,0,0,not_invoked,,1,2176,1.613599999473081,0.013900000340072438,0.0002999995558639057,0.001100000190490391,0.0052999994295532815,1.639199999772245
2463,d317_u14,angry,train,317,14,random,3,0,0,0,0,0,0,0,0,not_invoked,,1,2176,1.9004000005224952,0.014899999769113492,0.00030000046535860747,0.0010999992809956893,0.00599999930273043,1.9281000004411908
2464,d317_u15,angry,train,317,15,random,3,1,1,0,0,0,1,1,0,ok,"{""sentences"": [""I hear you."", ""We can pause here for a moment.""], ""safety"": ""ok""}",1,2176,1.433299999916926,0.02049999966402538,0.0004000003173132427,0.017699999261822086,0.006199999916134402,1.4843999997538049
2465,d318_u0,neutral,train,318,0,random,3,0,0,0,0,0,0,0,0,not_invoked,,1,2176,1.6615000004094327,0.014199999895936344,0.00030000046535860747,0.000999999429041054,0.0054000001910026185,1.6879999993761885
2466,d318_u1,neutral,train,318,1,random,3,0,0,0,0,0,0,0,0,not_invoked,,1,2176,1.6434999997727573,0.012800000149582047,0.00030000046535860747,0.0008999995770864189,0.004600000465870835,1.66700000045239
2467,d318_u2,neutral,train,318,2,random,3,1,1,0,0,0,1,1,0,ok,"{""sentences"": [""I hear you."", ""We can pause here for a moment.""], ""safety"": ""ok""}",1,2176,1.427299999704701,0.012900000001536682,0.0002999995558639057,0.013999999282532372,0.004499999704421498,1.4639999999417341
2468,d318_u3,neutral,train,318,3,random,3,0,0,0,0,0,0,0,0,not_invoked,,1,2176,1.4234999998734565,0.012599999536178075,0.00020000061340397224,0.0009000004865811206,0.00470000031782547,1.4471000004050438
2469,d318_u4,neutral,train,318,4,random,3,0,0,0,0,0,0,0,0,not_invoked,,1,2176,1.4161999997668318,0.012999999853491317,0.00030000046535860747,0.0010000003385357559,0.004900000021734741,1.4406000000235508
2470,d319_u0,neutral,train,319,0,random,3,1,1,0,0,0,1,1,0,ok,"{""sentences"": [""I hear you."", ""We can pause here for a moment.""], ""safety"": ""ok""}",1,2176,1.441000000340864,0.012200000128359534,0.00019999970390927047,0.012599999536178075,0.00470000031782547,1.4752999995835125
2471,d319_u1,happy,train,319,1,random,3,1,1,0,0,0,1,1,0,ok,"{""sentences"": [""I hear you."", ""We can pause here for a moment.""], ""safety"": ""ok""}",1,2176,1.5645000003132736,0.016799999684735667,0.0002999995558639057,0.03299999934824882,0.005300000339047983,1.6256999997494859
2472,d319_u2,neutral,train,319,2,random,3,1,1,0,0,0,1,1,0,ok,"{""sentences"": [""I hear you."", ""We can pause here for a moment.""], ""safety"": ""ok""}",1,2176,1.6479999994771788,0.030100000003585592,0.00020000061340397224,0.012999999853491317,0.004900000021734741,1.7017000000123517
2473,d319_u3,neutral,train,319,3,random,3,0,0,0,0,0,0,0,0,not_invoked,,1,2176,1.763599999321741,0.014700000065204222,0.0002999995558639057,0.0010000003385357559,0.005699999746866524,1.7909999996845727
2474,d319_u4,neutral,train,319,4,random,3,1,1,0,0,0,1,1,0,ok,"{""sentences"": [""I hear you."", ""We can pause here for a moment.""], ""safety"": ""ok""}",1,2176,1.693899999736459,0.011899999663000926,0.00019999970390927047,0.012799999240087345,0.004499999704421498,1.7281999998886022
2475,d319_u5,neutral,train,319,5,random,3,0,0,0,0,0,0,0,0,not_invoked,,1,2176,1.5917000000627013,0.012999999853491317,0.00019999970390927047,0.0008999995770864189,0.004800000169780105,1.6157000000021071
2476,d319_u6,angry,train,319,6,random,3,1,1,0,0,0,1,1,0,ok,"{""sentences"": [""I hear you."", ""We can pause here for a moment.""], ""safety"": ""ok""}",1,2176,1.5210999999908381,0.012800000149582047,0.0002999995558639057,0.012000000424450263,0.004399999852466863,1.5555999998468906
2477,d319_u8,sad,train,319,8,random,3,1,1,0,0,0,1,1,0,ok,"{""sentences"": [""I hear you."", ""We can pause here for a moment.""], ""safety"": ""ok""}",1,2176,1.5128999993976322,0.012999999853491317,0.00020000061340397224,0.012399999832268804,0.004599999556376133,1.5481000000363565
2478,d319_u9,neutral,train,319,9,random,3,1,1,0,0,0,1,1,0,ok,"{""sentences"": [""I hear you."", ""We can pause here for a moment.""], ""safety"": ""ok""}",1,2176,1.5597000001434935,0.012900000001536682,0.00030000046535860747,0.027800000680144876,0.004499999704421498,1.6101000001071952
2479,d319_u10,neutral,train,319,10,random,3,1,1,0,0,0,1,1,0,ok,"{""sentences"": [""I hear you."", ""We can pause here for a moment.""], ""safety"": ""ok""}",1,2176,1.6229000002567773,0.013900000340072438,0.00030000046535860747,0.036699999327538535,0.005099999725644011,1.6844000001583481
2480,d319_u11,neutral,train,319,11,random,3,0,0,0,0,0,0,0,0,not_invoked,,1,2176,1.649800000450341,0.012999999853491317,0.0002999995558639057,0.000999999429041054,0.004999999873689376,1.67429999964952
2481,d319_u12,neutral,train,319,12,random,3,1,1,0,0,0,1,1,0,ok,"{""sentences"": [""I hear you."", ""We can pause here for a moment.""], ""safety"": ""ok""}",1,2176,1.605599999493279,0.014399999599845614,0.00019999970390927047,0.01359999987471383,0.005200000487093348,1.6443000004073838
2482,d319_u14,happy,train,319,14,random,3,0,0,0,0,0,0,0,0,not_invoked,,1,2176,1.6120000000228174,0.012100000276404899,0.00019999970390927047,0.0010000003385357559,0.004699999408330768,1.6348999997717328
2483,d319_u16,neutral,train,319,16,random,3,0,0,0,0,0,0,0,0,not_invoked,,1,2176,1.3920999999754713,0.013099999705445953,0.00030000046535860747,0.0012999998943996616,0.004800000169780105,1.4169000005495036
2484,d319_u17,happy,train,319,17,random,3,1,1,0,0,0,1,1,0,ok,"{""sentences"": [""I hear you."", ""We can pause here for a moment.""], ""safety"": ""ok""}",1,2176,1.3797999999951571,0.012399999832268804,0.0002999995558639057,0.012399999832268804,0.004600000465870835,1.4143999997031642
2485,d319_u18,neutral,train,319,18,random,3,1,1,0,0,0,1,1,0,ok,"{""sentences"": [""I hear you."", ""We can pause here for a moment.""], ""safety"": ""ok""}",1,2176,1.4166999999360996,0.012800000149582047,0.0002999995558639057,0.012299999980314169,0.004499999704421498,1.4515000002575107
2486,d319_u19,happy,train,319,19,random,3,0,0,0,0,0,0,0,0,not_invoked,,1,2176,1.3739999994868413,0.012700000297627412,0.00019999970390927047,0.0008999995770864189,0.004499999704421498,1.397500000166474
2487,d319_u20,happy,train,319,20,random,3,0,0,0,0,0,0,0,0,not_invoked,,1,2176,1.4005999992150464,0.012999999853491317,0.00019999970390927047,0.000999999429041054,0.00470000031782547,1.4246999999159016
2488,d319_u21,neutral,train,319,21,random,3,0,0,0,0,0,0,0,0,not_invoked,,1,2176,1.4402999995581922,0.012399999832268804,0.0002999995558639057,0.0008999995770864189,0.004900000021734741,1.4633999999205116
2489,d320_u0,neutral,train,320,0,random,3,0,0,0,0,0,0,0,0,not_invoked,,1,2176,1.9763000000239117,0.013800000488117803,0.00030000046535860747,0.0010000003385357559,0.005099999725644011,2.0017000006191665
2490,d320_u1,neutral,train,320,1,random,3,1,1,0,0,0,1,1,0,ok,"{""sentences"": [""I hear you."", ""We can pause here for a moment.""], ""safety"": ""ok""}",1,2176,1.520400000117661,0.02519999998185085,0.0002999995558639057,0.013900000340072438,0.004999999873689376,1.570499999616004
2491,d320_u2,neutral,train,320,2,random,3,0,0,0,0,0,0,0,0,not_invoked,,1,2176,1.5596999992339988,0.01320000046689529,0.00030000046535860747,0.0010000003385357559,0.004900000021734741,1.5843000001041219
2492,d320_u4,sad,train,320,4,random,3,0,0,0,0,0,0,0,0,not_invoked,,1,2176,1.465499999540043,0.01340000017080456,0.00030000046535860747,0.0010000003385357559,0.004900000021734741,1.4902000002621207
2493,d320_u5,happy,train,320,5,random,3,0,0,0,0,0,0,0,0,not_invoked,,1,2176,1.6574000001128297,0.013099999705445953,0.00030000046535860747,0.0009000004865811206,0.004800000169780105,1.6815999997561448
2494,d320_u6,sad,train,320,6,random,3,0,0,0,0,0,0,0,0,not_invoked,,1,2176,1.3595999998869956,0.013099999705445953,0.00019999970390927047,0.0009000004865811206,0.004699999408330768,1.3833000002705376
2495,d320_u8,sad,train,320,8,random,3,0,0,0,0,0,0,0,0,not_invoked,,1,2176,1.4418000000659958,0.013300000318849925,0.00030000046535860747,0.0010000003385357559,0.00470000031782547,1.4664000000266242
2496,d320_u9,neutral,train,320,9,random,3,0,0,0,0,0,0,0,0,not_invoked,,1,2176,1.4948000007279916,0.01320000046689529,0.0002999995558639057,0.016400000276917126,0.004599999556376133,1.5342000006057788
2497,d320_u10,neutral,train,320,10,random,3,0,0,0,0,0,0,0,0,not_invoked,,1,2176,1.6137000002345303,0.01430000065738568,0.00030000046535860747,0.000999999429041054,0.03229999947507167,1.6672000001562992
2498,d320_u11,neutral,train,320,11,random,3,1,1,0,0,0,1,1,0,ok,"{""sentences"": [""I hear you."", ""We can pause here for a moment.""], ""safety"": ""ok""}",1,2176,1.6775000003690366,0.012500000593718141,0.00030000046535860747,0.014700000065204222,0.0045000006139162,1.7146000000138883
2499,d320_u13,sad,train,320,13,random,3,1,1,0,0,0,1,1,0,ok,"{""sentences"": [""I hear you."", ""We can pause here for a moment.""], ""safety"": ""ok""}",1,2176,1.6020000002754387,0.013799999578623101,0.00020000061340397224,0.014000000192027073,0.004699999408330768,1.6404999996666447
2500,d320_u14,neutral,train,320,14,random,3,0,0,0,0,0,0,0,0,not_invoked,,1,2176,1.7237000001841807,0.012299999980314169,0.00020000061340397224,0.0010000003385357559,0.004900000021734741,1.7469999993409147
2501,d320_u15,neutral,train,320,15,random,3,1,1,0,0,0,1,1,0,ok,"{""sentences"": [""I hear you."", ""We can pause here for a moment.""], ""safety"": ""ok""}",1,2176,1.4545000003636233,0.013399999261309858,0.0002999995558639057,0.01249999968422344,0.00470000031782547,1.4904999998179846
2502,d320_u17,happy,train,320,17,random,3,0,0,0,0,0,0,0,0,not_invoked,,1,2176,1.3263000000733882,0.012999999853491317,0.0002999995558639057,0.000999999429041054,0.004900000021734741,1.3506000004781527
2503,d321_u0,happy,train,321,0,random,3,0,0,0,0,0,0,0,0,not_invoked,,1,2176,1.6524000002391404,0.01340000017080456,0.00020000061340397224,0.0010000003385357559,0.00470000031782547,1.6765999998824554
2504,d321_u1,happy,train,321,1,random,3,0,0,0,0,0,0,0,0,not_invoked,,1,2176,1.3280000002851011,0.012800000149582047,0.00019999970390927047,0.0009000004865811206,0.00470000031782547,1.3514000002032844
2505,d321_u2,happy,train,321,2,random,3,0,0,0,0,0,0,0,0,not_invoked,,1,2176,1.5199999998003477,0.013399999261309858,0.00019999970390927047,0.0009000004865811206,0.004900000021734741,1.544599999760976
2506,d321_u3,neutral,train,321,3,random,3,1,1,0,0,0,1,1,0,ok,"{""sentences"": [""I hear you."", ""We can pause here for a moment.""], ""safety"": ""ok""}",1,2176,1.5107000008356408,0.014000000192027073,0.00019999970390927047,0.01359999987471383,0.00470000031782547,1.5486000002056244
2507,d321_u5,neutral,train,321,5,random,3,1,1,0,0,0,1,1,0,ok,"{""sentences"": [""I hear you."", ""We can pause here for a moment.""], ""safety"": ""ok""}",1,2176,1.9710000005943584,0.014299999747890979,0.00019999970390927047,0.0289999998130952,0.02029999996011611,2.039899999545014
2508,d321_u7,happy,train,321,7,random,3,0,0,0,0,0,0,0,0,not_invoked,,1,2176,2.0145999997112085,0.013099999705445953,0.00020000061340397224,0.0010000003385357559,0.00470000031782547,2.038699999502569
2509,d321_u9,neutral,train,321,9,random,3,1,1,0,0,0,1,1,0,ok,"{""sentences"": [""I hear you."", ""We can pause here for a moment.""], ""safety"": ""ok""}",1,2176,1.4975000003687455,0.012600000445672777,0.00030000046535860747,0.011799999811046291,0.004599999556376133,1.5315999999074847
2510,d323_u0,sad,train,323,0,random,3,0,0,0,0,0,0,0,0,not_invoked,,1,2176,1.4760999993086443,0.01340000017080456,0.0002999995558639057,0.0010000003385357559,0.004800000169780105,1.500500000474858
2511,d324_u0,neutral,train,324,0,random,3,0,0,0,0,0,0,0,0,not_invoked,,1,2176,1.5444999999090214,0.012299999980314169,0.00030000046535860747,0.000999999429041054,0.004600000465870835,1.5674999995098915
2512,d324_u2,neutral,train,324,2,random,3,1,1,0,0,0,1,1,0,ok,"{""sentences"": [""I hear you."", ""We can pause here for a moment.""], ""safety"": ""ok""}",1,2176,1.2510000005931943,0.013300000318849925,0.00020000061340397224,0.012900000001536682,0.0045000006139162,1.2870000000475557
2513,d324_u3,neutral,train,324,3,random,3,1,1,0,0,0,1,1,0,ok,"{""sentences"": [""I hear you."", ""We can pause here for a moment.""], ""safety"": ""ok""}",1,2176,1.4135000001260778,0.013100000614940654,0.00019999970390927047,0.012399999832268804,0.0045000006139162,1.4488000006167567
2514,d324_u4,neutral,train,324,4,random,3,0,0,0,0,0,0,0,0,not_invoked,,1,2176,1.4071000005060341,0.012200000128359534,0.0002999995558639057,0.0007999997251317836,0.004800000169780105,1.4297999996415456
2515,d324_u5,neutral,train,324,5,random,3,1,1,0,0,0,1,1,0,ok,"{""sentences"": [""I hear you."", ""We can pause here for a moment.""], ""safety"": ""ok""}",1,2176,1.9100999998045154,0.01629999951546779,0.0002999995558639057,0.014400000509340316,0.005699999746866524,1.9521999993230565
2516,d324_u6,neutral,train,324,6,random,3,0,0,0,0,0,0,0,0,not_invoked,,1,2176,2.0094999999855645,0.013699999726668466,0.0002999995558639057,0.0012999998943996616,0.004999999873689376,2.0349999995232793
2517,d324_u7,neutral,train,324,7,random,3,1,1,0,0,0,1,1,0,ok,"{""sentences"": [""I hear you."", ""We can pause here for a moment.""], ""safety"": ""ok""}",1,2176,1.5120999996725004,0.013099999705445953,0.00020000061340397224,0.012900000001536682,0.004399999852466863,1.547700000628538
2518,d325_u0,neutral,train,325,0,random,3,0,0,0,0,0,0,0,0,not_invoked,,1,2176,1.453199999559729,0.012399999832268804,0.00020000061340397224,0.0009000004865811206,0.004599999556376133,1.4764000006834976
2519,d326_u0,sad,train,326,0,random,3,1,1,0,0,0,1,1,0,ok,"{""sentences"": [""I hear you."", ""We can pause here for a moment.""], ""safety"": ""ok""}",1,2176,1.5122000004339498,0.012999999853491317,0.00020000061340397224,0.012600000445672777,0.004599999556376133,1.5478000004804926
2520,d326_u3,neutral,train,326,3,random,3,0,0,0,0,0,0,0,0,not_invoked,,1,2176,1.540999999633641,0.012799999240087345,0.0002999995558639057,0.0010000003385357559,0.004699999408330768,1.5647999998691375
2521,d326_u6,happy,train,326,6,random,3,1,1,0,0,0,1,1,0,ok,"{""sentences"": [""I hear you."", ""We can pause here for a moment.""], ""safety"": ""ok""}",1,2176,1.6814999999041902,0.013299999409355223,0.00030000046535860747,0.012399999832268804,0.004399999852466863,1.7170000000987784
2522,d326_u7,neutral,train,326,7,random,3,0,0,0,0,0,0,0,0,not_invoked,,1,2176,1.3422000001810375,0.012299999980314169,0.00020000061340397224,0.0009000004865811206,0.004499999704421498,1.3651999997819075
2523,d326_u8,neutral,train,326,8,random,3,0,0,0,0,0,0,0,0,not_invoked,,1,2176,1.555200000439072,0.014100000043981709,0.0002999995558639057,0.000999999429041054,0.004999999873689376,1.5812000001460547
2524,d327_u0,angry,train,327,0,random,3,0,0,0,0,0,0,0,0,not_invoked,,1,2176,1.5806000001248321,0.013099999705445953,0.0002999995558639057,0.0010000003385357559,0.005200000487093348,1.6050000003815512
2525,d327_u1,neutral,train,327,1,random,3,0,0,0,0,0,0,0,0,not_invoked,,1,2176,1.6024999995352118,0.01340000017080456,0.0002999995558639057,0.0008999995770864189,0.004900000021734741,1.6267999999399763
2526,d327_u3,neutral,train,327,3,random,3,0,0,0,0,0,0,0,0,not_invoked,,1,2176,1.5560000001642038,0.013500000022759195,0.00019999970390927047,0.0008999995770864189,0.004800000169780105,1.5804999993633828
2527,d327_u4,happy,train,327,4,random,3,0,0,0,0,0,0,0,0,not_invoked,,1,2176,1.9378999995751656,0.01340000017080456,0.00030000046535860747,0.000999999429041054,0.005100000635138713,1.9629999997050618
2528,d327_u5,neutral,train,327,5,random,3,0,0,0,0,0,0,0,0,not_invoked,,1,2176,1.6562000000703847,0.014899999769113492,0.0004000003173132427,0.001100000190490391,0.0057999995988211595,1.6838999999890802
2529,d327_u6,angry,train,327,6,random,3,1,1,0,0,0,1,1,0,ok,"{""sentences"": [""I hear you."", ""We can pause here for a moment.""], ""safety"": ""ok""}",1,2176,2.065200000288314,0.013199999557400588,0.00019999970390927047,0.01340000017080456,0.004800000169780105,2.102299999933166
2530,d327_u7,neutral,train,327,7,random,3,1,1,0,0,0,1,1,0,ok,"{""sentences"": [""I hear you."", ""We can pause here for a moment.""], ""safety"": ""ok""}",1,2176,1.7252999996344442,0.01559999964229064,0.00030000046535860747,0.016400000276917126,0.022000000171829015,1.785100000233797
2531,d328_u0,angry,train,328,0,random,3,1,1,0,0,0,1,1,0,ok,"{""sentences"": [""I hear you."", ""We can pause here for a moment.""], ""safety"": ""ok""}",1,2176,1.8303000006199,0.01739999970595818,0.00030000046535860747,0.015600000551785342,0.0054000001910026185,1.8749999999272404
2532,d328_u1,angry,train,328,1,random,3,1,1,0,0,0,1,1,0,ok,"{""sentences"": [""I hear you."", ""We can pause here for a moment.""], ""safety"": ""ok""}",1,2176,1.9055999991905992,0.013799999578623101,0.00019999970390927047,0.01320000046689529,0.004800000169780105,1.9431999999142135
2533,d328_u2,angry,train,328,2,random,3,1,1,0,0,0,1,1,0,ok,"{""sentences"": [""I hear you."", ""We can pause here for a moment.""], ""safety"": ""ok""}",1,2176,1.5487999999095337,0.014799999917158857,0.0002999995558639057,0.013900000340072438,0.0054000001910026185,1.5889999995124526
2534,d328_u3,neutral,train,328,3,random,3,0,0,0,0,0,0,0,0,not_invoked,,1,2176,1.5391000006275135,0.01449999945180025,0.00030000046535860747,0.001100000190490391,0.005100000635138713,1.5658000002076733
2535,d328_u4,angry,train,328,4,random,3,1,1,0,0,0,1,1,0,ok,"{""sentences"": [""I hear you."", ""We can pause here for a moment.""], ""safety"": ""ok""}",1,2176,1.4883999992889585,0.014100000043981709,0.0004000003173132427,0.013799999578623101,0.004999999873689376,1.526900000499154
2536,d328_u5,neutral,train,328,5,random,3,0,0,0,0,0,0,0,0,not_invoked,,1,2176,1.5122000004339498,0.013099999705445953,0.0002999995558639057,0.001100000190490391,0.004999999873689376,1.5364999999292195
2537,d328_u6,happy,train,328,6,random,3,1,1,0,0,0,1,1,0,ok,"{""sentences"": [""I hear you."", ""We can pause here for a moment.""], ""safety"": ""ok""}",1,2176,1.4639000000897795,0.012999999853491317,0.0002999995558639057,0.012800000149582047,0.004800000169780105,1.5000000003055902
2538,d328_u7,happy,train,328,7,random,3,1,1,0,0,0,1,1,0,ok,"{""sentences"": [""I hear you."", ""We can pause here for a moment.""], ""safety"": ""ok""}",1,2176,1.4673999994556652,0.012999999853491317,0.00030000046535860747,0.012299999980314169,0.0045000006139162,1.5036000004329253
2539,d328_u8,sad,train,328,8,random,3,0,0,0,0,0,0,0,0,not_invoked,,1,2176,1.624900000024354,0.014700000065204222,0.0002999995558639057,0.0012000000424450263,0.005200000487093348,1.6519000000698725
2540,d329_u0,happy,train,329,0,random,3,1,1,0,0,0,1,1,0,ok,"{""sentences"": [""I hear you."", ""We can pause here for a moment.""], ""safety"": ""ok""}",1,2176,1.611899999261368,0.013899999430577736,0.00020000061340397224,0.014000000192027073,0.005100000635138713,1.6505000003235182
2541,d329_u1,angry,train,329,1,random,3,1,1,0,0,0,1,1,0,ok,"{""sentences"": [""I hear you."", ""We can pause here for a moment.""], ""safety"": ""ok""}",1,2176,1.5913999995973427,0.013899999430577736,0.0002999995558639057,0.013500000022759195,0.005100000635138713,1.6296000003421796
2542,d329_u2,neutral,train,329,2,random,3,1,1,0,0,0,1,1,0,ok,"{""sentences"": [""I hear you."", ""We can pause here for a moment.""], ""safety"": ""ok""}",1,2176,1.669700000093144,0.012900000001536682,0.00019999970390927047,0.012299999980314169,0.004499999704421498,1.704599999357015
2543,d329_u3,happy,train,329,3,random,3,0,0,0,0,0,0,0,0,not_invoked,,1,2176,1.4824999998381827,0.01269999938813271,0.00019999970390927047,0.001100000190490391,0.004800000169780105,1.5065000006870832
2544,d329_u4,angry,train,329,4,random,3,0,0,0,0,0,0,0,0,not_invoked,,1,2176,1.4082999996389844,0.014100000043981709,0.015999999959603883,0.0009000004865811206,0.004800000169780105,1.4495999994323938
2545,d329_u6,neutral,train,329,6,random,3,1,1,0,0,0,1,1,0,ok,"{""sentences"": [""I hear you."", ""We can pause here for a moment.""], ""safety"": ""ok""}",1,2176,1.5012000003480352,0.013800000488117803,0.00030000046535860747,0.012999999853491317,0.020199999198666774,1.553799999783223
2546,d329_u7,angry,train,329,7,random,3,0,0,0,0,0,0,0,0,not_invoked,,1,2176,1.5063000000736793,0.012800000149582047,0.0002999995558639057,0.0009000004865811206,0.00470000031782547,1.5302000001611304
2547,d329_u8,neutral,train,329,8,random,3,1,1,0,0,0,1,1,0,ok,"{""sentences"": [""I hear you."", ""We can pause here for a moment.""], ""safety"": ""ok""}",1,2176,1.5105000002222368,0.013499999113264494,0.00030000046535860747,0.013099999705445953,0.004699999408330768,1.5473000003112247
2548,d329_u9,angry,train,329,9,random,3,0,0,0,0,0,0,0,0,not_invoked,,1,2176,1.4811000000918284,0.01359999987471383,0.0002999995558639057,0.001100000190490391,0.005199999577598646,1.5064000008351286
2549,d329_u10,neutral,train,329,10,random,3,0,0,0,0,0,0,0,0,not_invoked,,1,2176,1.617600000827224,0.017300000763498247,0.00030000046535860747,0.0010999992809956893,0.0054000001910026185,1.647400000365451
2550,d330_u0,neutral,train,330,0,random,3,1,1,0,0,0,1,1,0,ok,"{""sentences"": [""I hear you."", ""We can pause here for a moment.""], ""safety"": ""ok""}",1,2176,1.6796999998405227,0.013399999261309858,0.0002999995558639057,0.014600000213249587,0.004900000021734741,1.7338999996354687
2551,d330_u1,neutral,train,330,1,random,3,0,0,0,0,0,0,0,0,not_invoked,,1,2176,1.5032999999675667,0.013900000340072438,0.0002999995558639057,0.01669999983278103,0.004900000021734741,1.5447000005224254
2552,d330_u2,happy,train,330,2,random,3,0,0,0,0,0,0,0,0,not_invoked,,1,2176,1.5190000003713067,0.01340000017080456,0.0002999995558639057,0.000999999429041054,0.004699999408330768,1.543899999887799
2553,d330_u3,neutral,train,330,3,random,3,1,1,0,0,0,1,1,0,ok,"{""sentences"": [""I hear you."", ""We can pause here for a moment.""], ""safety"": ""ok""}",1,2176,1.6465999997308245,0.014200000805431046,0.00030000046535860747,0.014700000065204222,0.004799999260285404,1.6860000005181064
2554,d331_u0,angry,train,331,0,random,3,0,0,0,0,0,0,0,0,not_invoked,,1,2176,1.5733000000182074,0.014600000213249587,0.00020000061340397224,0.001100000190490391,0.005099999725644011,1.6000999994503218
2555,d331_u1,neutral,train,331,1,random,3,0,0,0,0,0,0,0,0,not_invoked,,1,2176,1.6579000002820976,0.028299999939918052,0.00030000046535860747,0.0009000004865811206,0.00470000031782547,1.7139999999926658
2556,d331_u2,neutral,train,331,2,random,3,0,0,0,0,0,0,0,0,not_invoked,,1,2176,1.354400000309397,0.01430000065738568,0.00030000046535860747,0.0010000003385357559,0.005200000487093348,1.380599999720289
2557,d331_u3,neutral,train,331,3,random,3,1,1,0,0,0,1,1,0,ok,"{""sentences"": [""I hear you."", ""We can pause here for a moment.""], ""safety"": ""ok""}",1,2176,1.7646000005697715,0.014400000509340316,0.0002999995558639057,0.015900000107649248,0.005500000042957254,1.8065000003844034
2558,d331_u4,sad,train,331,4,random,3,1,1,0,0,0,1,1,0,ok,"{""sentences"": [""I hear you."", ""We can pause here for a moment.""], ""safety"": ""ok""}",1,2176,1.341099999990547,0.017899999875226058,0.0004000003173132427,0.01629999951546779,0.005599999894911889,1.3876000002710498
2559,d331_u5,neutral,train,331,5,random,3,1,1,0,0,0,1,1,0,ok,"{""sentences"": [""I hear you."", ""We can pause here for a moment.""], ""safety"": ""ok""}",1,2176,1.6168999991350574,0.015300000086426735,0.00030000046535860747,0.015100000382517464,0.005200000487093348,1.6585000003033201
2560,d331_u6,neutral,train,331,6,random,3,1,1,0,0,0,1,1,0,ok,"{""sentences"": [""I hear you."", ""We can pause here for a moment.""], ""safety"": ""ok""}",1,2176,1.6427000000476255,0.01340000017080456,0.0002999995558639057,0.013500000022759195,0.004900000021734741,1.6799999993963866
2561,d331_u7,neutral,train,331,7,random,3,0,0,0,0,0,0,0,0,not_invoked,,1,2176,1.8540000000939472,0.014899999769113492,0.0002999995558639057,0.0012000000424450263,0.005500000042957254,1.881600000160688
2562,d331_u8,happy,train,331,8,random,3,1,1,0,0,0,1,1,0,ok,"{""sentences"": [""I hear you."", ""We can pause here for a moment.""], ""safety"": ""ok""}",1,2176,1.8174999995608232,0.014100000043981709,0.0002999995558639057,0.013999999282532372,0.024399999347224366,1.875599999948463
2563,d331_u9,happy,train,331,9,random,3,1,1,0,0,0,1,1,0,ok,"{""sentences"": [""I hear you."", ""We can pause here for a moment.""], ""safety"": ""ok""}",1,2176,1.8032999996648869,0.012200000128359534,0.00030000046535860747,0.012800000149582047,0.004300000000512227,1.8374999999650754
2564,d332_u1,neutral,train,332,1,random,3,0,0,0,0,0,0,0,0,not_invoked,,1,2176,1.3581000002886867,0.014100000043981709,0.00030000046535860747,0.0010000003385357559,0.005099999725644011,1.3840000001437147
2565,d332_u2,neutral,train,332,2,random,3,0,0,0,0,0,0,0,0,not_invoked,,1,2176,1.8249999993713573,0.014399999599845614,0.00030000046535860747,0.0010999992809956893,0.0057999995988211595,1.8520000003263704
2566,d332_u3,neutral,train,332,3,random,3,1,1,0,0,0,1,1,0,ok,"{""sentences"": [""I hear you."", ""We can pause here for a moment.""], ""safety"": ""ok""}",1,2176,1.4510999999401974,0.016199999663513154,0.0002999995558639057,0.014399999599845614,0.005199999577598646,1.4929999997548293
2567,d332_u4,neutral,train,332,4,random,3,1,1,0,0,0,1,1,0,ok,"{""sentences"": [""I hear you."", ""We can pause here for a moment.""], ""safety"": ""ok""}",1,2176,1.5720000001238077,0.014000000192027073,0.0002999995558639057,0.01359999987471383,0.004900000021734741,1.610600000276463
2568,d332_u5,happy,train,332,5,random,3,1,1,0,0,0,1,1,0,ok,"{""sentences"": [""I hear you."", ""We can pause here for a moment.""], ""safety"": ""ok""}",1,2176,1.6544000000067172,0.01320000046689529,0.00019999970390927047,0.01249999968422344,0.004599999556376133,1.6898999992918107
2569,d332_u6,neutral,train,332,6,random,3,0,0,0,0,0,0,0,0,not_invoked,,1,2176,1.6690000002199668,0.013500000022759195,0.0002999995558639057,0.0008999995770864189,0.004699999408330768,1.6932999997152365
2570,d332_u7,angry,train,332,7,random,3,0,0,0,0,0,0,0,0,not_invoked,,1,2176,1.3346999994610087,0.013500000022759195,0.0002999995558639057,0.0008999995770864189,0.004999999873689376,1.3590999997177278
2571,d332_u8,neutral,train,332,8,random,3,1,1,0,0,0,1,1,0,ok,"{""sentences"": [""I hear you."", ""We can pause here for a moment.""], ""safety"": ""ok""}",1,2176,1.636500000131491,0.013500000022759195,0.00030000046535860747,0.012399999832268804,0.0045000006139162,1.6722999998819432
2572,d332_u9,neutral,train,332,9,random,3,1,1,0,0,0,1,1,0,ok,"{""sentences"": [""I hear you."", ""We can pause here for a moment.""], ""safety"": ""ok""}",1,2176,1.3549999994211248,0.013500000022759195,0.0002999995558639057,0.012800000149582047,0.004900000021734741,1.3913999991927994
2573,d332_u10,neutral,train,332,10,random,3,0,0,0,0,0,0,0,0,not_invoked,,1,2176,1.4417000002140412,0.01500000053056283,0.0002999995558639057,0.001100000190490391,0.005599999894911889,1.4693000002807821
2574,d332_u12,angry,train,332,12,random,3,0,0,0,0,0,0,0,0,not_invoked,,1,2176,1.4420999996218598,0.013500000022759195,0.00030000046535860747,0.0010000003385357559,0.005200000487093348,1.46740000036516
2575,d332_u15,neutral,train,332,15,random,3,0,0,0,0,0,0,0,0,not_invoked,,1,2176,1.8602000000100816,0.030499999411404133,0.00019999970390927047,0.0009000004865811206,0.004800000169780105,1.9173999999111402
2576,d333_u0,neutral,train,333,0,random,3,1,1,0,0,0,1,1,0,ok,"{""sentences"": [""I hear you."", ""We can pause here for a moment.""], ""safety"": ""ok""}",1,2176,1.4965000000302098,0.015699999494245276,0.0002999995558639057,0.01609999981155852,0.005500000042957254,1.5398000005006907
2577,d333_u1,neutral,train,333,1,random,3,1,1,0,0,0,1,1,0,ok,"{""sentences"": [""I hear you."", ""We can pause here for a moment.""], ""safety"": ""ok""}",1,2176,1.5331999993577483,0.013500000022759195,0.00030000046535860747,0.012999999853491317,0.004900000021734741,1.5700000003562309
2578,d333_u3,neutral,train,333,3,random,3,0,0,0,0,0,0,0,0,not_invoked,,1,2176,1.4717000003656722,0.012800000149582047,0.00030000046535860747,0.0009000004865811206,0.00470000031782547,1.4953999998397194
2579,d333_u4,neutral,train,333,4,random,3,0,0,0,0,0,0,0,0,not_invoked,,1,2176,1.3836000007358962,0.013799999578623101,0.0002999995558639057,0.000999999429041054,0.005199999577598646,1.4094999996814295
2580,d334_u0,happy,train,334,0,random,3,1,1,0,0,0,1,1,0,ok,"{""sentences"": [""I hear you."", ""We can pause here for a moment.""], ""safety"": ""ok""}",1,2176,1.4447999992626137,0.01340000017080456,0.00019999970390927047,0.013099999705445953,0.004800000169780105,1.481700000113051
2581,d334_u1,neutral,train,334,1,random,3,0,0,0,0,0,0,0,0,not_invoked,,1,2176,1.5122999993764097,0.013399999261309858,0.0002999995558639057,0.0009000004865811206,0.004900000021734741,1.5369000002465327
2582,d334_u2,sad,train,334,2,random,3,1,1,0,0,0,1,1,0,ok,"{""sentences"": [""I hear you."", ""We can pause here for a moment.""], ""safety"": ""ok""}",1,2176,1.4154000000417,0.031600000511389226,0.00030000046535860747,0.013900000340072438,0.004900000021734741,1.471799999308132
2583,d334_u3,neutral,train,334,3,random,3,0,0,0,0,0,0,0,0,not_invoked,,1,2176,1.8510999998397892,0.04099999932805076,0.0002999995558639057,0.0010000003385357559,0.005099999725644011,1.9038000000364264
2584,d334_u4,neutral,train,334,4,random,3,1,1,0,0,0,1,1,0,ok,"{""sentences"": [""I hear you."", ""We can pause here for a moment.""], ""safety"": ""ok""}",1,2176,1.516000000265194,0.01720000000204891,0.00039999940781854093,0.015700000403739978,0.0057999995988211595,1.5610999998898478
2585,d334_u5,neutral,train,334,5,random,3,0,0,0,0,0,0,0,0,not_invoked,,1,2176,1.691200000095705,0.029400000130408444,0.00020000061340397224,0.0008999995770864189,0.005099999725644011,1.7319000007773866
2586,d334_u6,neutral,train,334,6,random,3,0,0,0,0,0,0,0,0,not_invoked,,1,2176,1.3339000006453716,0.014100000043981709,0.00019999970390927047,0.0010000003385357559,0.004999999873689376,1.3598000005003996
2587,d334_u7,neutral,train,334,7,random,3,1,1,0,0,0,1,1,0,ok,"{""sentences"": [""I hear you."", ""We can pause here for a moment.""], ""safety"": ""ok""}",1,2176,1.4679999994768878,0.013500000022759195,0.00019999970390927047,0.01320000046689529,0.00470000031782547,1.5047000006234157
2588,d334_u8,neutral,train,334,8,random,3,0,0,0,0,0,0,0,0,not_invoked,,1,2176,1.4205999996192986,0.013099999705445953,0.00019999970390927047,0.0010000003385357559,0.004599999556376133,1.4444000007642899
2589,d334_u9,neutral,train,334,9,random,3,1,1,0,0,0,1,1,0,ok,"{""sentences"": [""I hear you."", ""We can pause here for a moment.""], ""safety"": ""ok""}",1,2176,1.6954000002442626,0.029800000447721686,0.00030000046535860747,0.013699999726668466,0.00470000031782547,1.74929999957385
2590,d334_u10,neutral,train,334,10,random,3,0,0,0,0,0,0,0,0,not_invoked,,1,2176,1.3504999997167033,0.01340000017080456,0.00030000046535860747,0.0010000003385357559,0.004999999873689376,1.375499999994645
2591,d334_u11,neutral,train,334,11,random,3,0,0,0,0,0,0,0,0,not_invoked,,1,2176,1.8279999994774698,0.01359999987471383,0.00019999970390927047,0.000999999429041054,0.005100000635138713,1.8532000003688154
2592,d334_u12,neutral,train,334,12,random,3,0,0,0,0,0,0,0,0,not_invoked,,1,2176,1.4608000001317123,0.0304000004689442,0.00039999940781854093,0.000999999429041054,0.005300000339047983,1.5196999993349891
2593,d335_u0,neutral,train,335,0,random,3,1,1,0,0,0,1,1,0,ok,"{""sentences"": [""I hear you."", ""We can pause here for a moment.""], ""safety"": ""ok""}",1,2176,1.6854999994393438,0.014100000043981709,0.00020000061340397224,0.013199999557400588,0.004900000021734741,1.723399999718822
2594,d335_u1,happy,train,335,1,random,3,1,1,0,0,0,1,1,0,ok,"{""sentences"": [""I hear you."", ""We can pause here for a moment.""], ""safety"": ""ok""}",1,2176,1.2932999998156447,0.012999999853491317,0.0002999995558639057,0.014700000065204222,0.004900000021734741,1.3312999999470776
2595,d335_u2,neutral,train,335,2,random,3,1,1,0,0,0,1,1,0,ok,"{""sentences"": [""I hear you."", ""We can pause here for a moment.""], ""safety"": ""ok""}",1,2176,1.4464000005318667,0.013199999557400588,0.0002999995558639057,0.01340000017080456,0.004600000465870835,1.482900000155496
2596,d335_u3,neutral,train,335,3,random,3,1,1,0,0,0,1,1,0,ok,"{""sentences"": [""I hear you."", ""We can pause here for a moment.""], ""safety"": ""ok""}",1,2176,1.4496000003418885,0.014100000043981709,0.0004000003173132427,0.01359999987471383,0.004800000169780105,1.5031000002636574
2597,d336_u1,happy,train,336,1,random,3,0,0,0,0,0,0,0,0,not_invoked,,1,2176,1.7416000000594067,0.01669999983278103,0.0002999995558639057,0.0012000000424450263,0.005599999894911889,1.7710000001898152
2598,d336_u2,neutral,train,336,2,random,3,1,1,0,0,0,1,1,0,ok,"{""sentences"": [""I hear you."", ""We can pause here for a moment.""], ""safety"": ""ok""}",1,2176,1.6134999996211263,0.014700000065204222,0.00020000061340397224,0.0152000002344721,0.004999999873689376,1.6537999999854947
2599,d336_u3,neutral,train,336,3,random,3,0,0,0,0,0,0,0,0,not_invoked,,1,2176,1.6121999997267267,0.016399999367422424,0.0002999995558639057,0.001100000190490391,0.0054000001910026185,1.6415000000051805
2600,d336_u6,sad,train,336,6,random,3,0,0,0,0,0,0,0,0,not_invoked,,1,2176,1.5704000006735441,0.01500000053056283,0.0002999995558639057,0.001100000190490391,0.0054000001910026185,1.5978999999788357
2601,d336_u7,angry,train,336,7,random,3,1,1,0,0,0,1,1,0,ok,"{""sentences"": [""I hear you."", ""We can pause here for a moment.""], ""safety"": ""ok""}",1,2176,1.8288000001120963,0.013199999557400588,0.00020000061340397224,0.012600000445672777,0.004499999704421498,1.8644000001586392
2602,d336_u9,sad,train,336,9,random,3,1,1,0,0,0,1,1,0,ok,"{""sentences"": [""I hear you."", ""We can pause here for a moment.""], ""safety"": ""ok""}",1,2176,1.5172000003076391,0.04739999985758914,0.0002999995558639057,0.031200000194075983,0.005099999725644011,1.6064999999798601
2603,d336_u11,sad,train,336,11,random,3,1,1,0,0,0,1,1,0,ok,"{""sentences"": [""I hear you."", ""We can pause here for a moment.""], ""safety"": ""ok""}",1,2176,1.481499999499647,0.013500000022759195,0.0002999995558639057,0.01249999968422344,0.004800000169780105,1.5176000006249524
2604,d336_u12,neutral,train,336,12,random,3,1,1,0,0,0,1,1,0,ok,"{""sentences"": [""I hear you."", ""We can pause here for a moment.""], ""safety"": ""ok""}",1,2176,1.5140000004976173,0.01359999987471383,0.00030000046535860747,0.012599999536178075,0.00470000031782547,1.550199999655888
2605,d336_u15,happy,train,336,15,random,3,0,0,0,0,0,0,0,0,not_invoked,,1,2176,1.5948000000207685,0.013799999578623101,0.00030000046535860747,0.001100000190490391,0.004900000021734741,1.6199000001506647
2606,d336_u16,happy,train,336,16,random,3,0,0,0,0,0,0,0,0,not_invoked,,1,2176,1.2691000001723296,0.01320000046689529,0.00030000046535860747,0.0012999998943996616,0.004900000021734741,1.2939999996888218
2607,d336_u17,happy,train,336,17,random,3,0,0,0,0,0,0,0,0,not_invoked,,1,2176,1.5267999997377046,0.014100000043981709,0.00030000046535860747,0.000999999429041054,0.004800000169780105,1.5677000001232955
2608,d336_u18,happy,train,336,18,random,3,1,1,0,0,0,1,1,0,ok,"{""sentences"": [""I hear you."", ""We can pause here for a moment.""], ""safety"": ""ok""}",1,2176,1.4948999996704515,0.013300000318849925,0.00019999970390927047,0.01359999987471383,0.004800000169780105,1.531799999611394
2609,d336_u19,neutral,train,336,19,random,3,0,0,0,0,0,0,0,0,not_invoked,,1,2176,1.7726000005495735,0.012500000593718141,0.0002999995558639057,0.0008999995770864189,0.004799999260285404,1.7958999997063074
2610,d336_u21,happy,train,336,21,random,3,0,0,0,0,0,0,0,0,not_invoked,,1,2176,1.4019999998708954,0.015100000382517464,0.00030000046535860747,0.001100000190490391,0.005500000042957254,1.429699999789591
2611,d337_u0,neutral,train,337,0,random,3,0,0,0,0,0,0,0,0,not_invoked,,1,2176,1.4694999999846914,0.01340000017080456,0.0002999995558639057,0.0008999995770864189,0.005200000487093348,1.4944000004106783
2612,d337_u2,neutral,train,337,2,random,3,0,0,0,0,0,0,0,0,not_invoked,,1,2176,1.4443000000028405,0.013500000022759195,0.00019999970390927047,0.000999999429041054,0.004800000169780105,1.4690000007249182
2613,d337_u4,happy,train,337,4,random,3,1,1,0,0,0,1,1,0,ok,"{""sentences"": [""I hear you."", ""We can pause here for a moment.""], ""safety"": ""ok""}",1,2176,1.4209000000846572,0.013799999578623101,0.0002999995558639057,0.014199999895936344,0.004599999556376133,1.4590000000680448
2614,d337_u5,happy,train,337,5,random,3,1,1,0,0,0,1,1,0,ok,"{""sentences"": [""I hear you."", ""We can pause here for a moment.""], ""safety"": ""ok""}",1,2176,1.4092000001255656,0.013299999409355223,0.00019999970390927047,0.012700000297627412,0.004499999704421498,1.4620000001741573
2615,d337_u6,sad,train,337,6,random,3,0,0,0,0,0,0,0,0,not_invoked,,1,2176,1.4952000001358101,0.013699999726668466,0.0002999995558639057,0.000999999429041054,0.004999999873689376,1.5204999999696156
2616,d337_u8,neutral,train,337,8,random,3,0,0,0,0,0,0,0,0,not_invoked,,1,2176,1.4259999998103012,0.013099999705445953,0.00030000046535860747,0.0010000003385357559,0.00470000031782547,1.4501999994536163
2617,d337_u10,neutral,train,337,10,random,3,0,0,0,0,0,0,0,0,not_invoked,,1,2176,1.4209000000846572,0.04329999956098618,0.00030000046535860747,0.001100000190490391,0.005099999725644011,1.4764999996259576
2618,d337_u11,neutral,train,337,11,random,3,0,0,0,0,0,0,0,0,not_invoked,,1,2176,1.5095999997356557,0.013500000022759195,0.00030000046535860747,0.001100000190490391,0.005100000635138713,1.5343000004577334
2619,d337_u12,neutral,train,337,12,random,3,1,1,0,0,0,1,1,0,ok,"{""sentences"": [""I hear you."", ""We can pause here for a moment.""], ""safety"": ""ok""}",1,2176,1.4559999999619322,0.01359999987471383,0.0002999995558639057,0.014000000192027073,0.004699999408330768,1.4938000003894558
2620,d337_u13,neutral,train,337,13,random,3,1,1,0,0,0,1,1,0,ok,"{""sentences"": [""I hear you."", ""We can pause here for a moment.""], ""safety"": ""ok""}",1,2176,1.4740999995410675,0.012399999832268804,0.00030000046535860747,0.012400000741763506,0.004599999556376133,1.5088999998624786
2621,d337_u15,sad,train,337,15,random,3,1,1,0,0,0,1,1,0,ok,"{""sentences"": [""I hear you."", ""We can pause here for a moment.""], ""safety"": ""ok""}",1,2176,1.4271999998527463,0.013500000022759195,0.0002999995558639057,0.01320000046689529,0.004699999408330768,1.4640999997936888
2622,d337_u17,neutral,train,337,17,random,3,0,0,0,0,0,0,0,0,not_invoked,,1,2176,1.4266999996834784,0.013099999705445953,0.00030000046535860747,0.0010000003385357559,0.004900000021734741,1.468399999794201
2623,d337_u18,angry,train,337,18,random,3,0,0,0,0,0,0,0,0,not_invoked,,1,2176,1.4959000000089873,0.013500000022759195,0.00019999970390927047,0.0009000004865811206,0.004900000021734741,1.5206999996735249
2624,d337_u19,neutral,train,337,19,random,3,1,1,0,0,0,1,1,0,ok,"{""sentences"": [""I hear you."", ""We can pause here for a moment.""], ""safety"": ""ok""}",1,2176,1.4384000005520647,0.013099999705445953,0.00030000046535860747,0.012400000741763506,0.004699999408330768,1.4742000003025169
2625,d338_u0,neutral,train,338,0,random,3,0,0,0,0,0,0,0,0,not_invoked,,1,2176,1.4037000000826083,0.013699999726668466,0.0002999995558639057,0.000999999429041054,0.005099999725644011,1.4290999997683684
2626,d338_u1,happy,train,338,1,random,3,1,1,0,0,0,1,1,0,ok,"{""sentences"": [""I hear you."", ""We can pause here for a moment.""], ""safety"": ""ok""}",1,2176,1.4295999999376363,0.013500000022759195,0.00030000046535860747,0.01269999938813271,0.020500000573520083,1.481700000113051
2627,d338_u2,neutral,train,338,2,random,3,1,1,0,0,0,1,1,0,ok,"{""sentences"": [""I hear you."", ""We can pause here for a moment.""], ""safety"": ""ok""}",1,2176,1.8677000007301103,0.013099999705445953,0.00019999970390927047,0.012999999853491317,0.004800000169780105,1.9039999997403356
2628,d338_u4,happy,train,338,4,random,3,1,1,0,0,0,1,1,0,ok,"{""sentences"": [""I hear you."", ""We can pause here for a moment.""], ""safety"": ""ok""}",1,2176,1.4209000000846572,0.015700000403739978,0.00030000046535860747,0.014100000043981709,0.005199999577598646,1.4622999997300212
2629,d338_u5,neutral,train,338,5,random,3,0,0,0,0,0,0,0,0,not_invoked,,1,2176,1.6728999999031657,0.013300000318849925,0.0002999995558639057,0.000999999429041054,0.004900000021734741,1.6974000000118394
2630,d338_u6,neutral,train,338,6,random,3,0,0,0,0,0,0,0,0,not_invoked,,1,2176,1.2781999994331272,0.013699999726668466,0.00020000061340397224,0.0010000003385357559,0.004800000169780105,1.3183000000935863
2631,d338_u7,neutral,train,338,7,random,3,0,0,0,0,0,0,0,0,not_invoked,,1,2176,1.6922999993767007,0.013699999726668466,0.00019999970390927047,0.0010000003385357559,0.004900000021734741,1.717300000564137
2632,d338_u8,happy,train,338,8,random,3,0,0,0,0,0,0,0,0,not_invoked,,1,2176,1.4239000001907698,0.013300000318849925,0.00019999970390927047,0.0008999995770864189,0.004799999260285404,1.4639999999417341
2633,d338_u9,neutral,train,338,9,random,3,1,1,0,0,0,1,1,0,ok,"{""sentences"": [""I hear you."", ""We can pause here for a moment.""], ""safety"": ""ok""}",1,2176,1.4828000003035413,0.013099999705445953,0.00019999970390927047,0.012900000001536682,0.004499999704421498,1.5188999996098573
2634,d338_u10,neutral,train,338,10,random,3,1,1,0,0,0,1,1,0,ok,"{""sentences"": [""I hear you."", ""We can pause here for a moment.""], ""safety"": ""ok""}",1,2176,1.5960999999151682,0.013299999409355223,0.0002999995558639057,0.01320000046689529,0.004999999873689376,1.6329999998561107
2635,d338_u11,neutral,train,338,11,random,3,1,1,0,0,0,1,1,0,ok,"{""sentences"": [""I hear you."", ""We can pause here for a moment.""], ""safety"": ""ok""}",1,2176,1.6613999996479833,0.015900000107649248,0.0002999995558639057,0.014100000043981709,0.005099999725644011,1.7022000001816195
2636,d338_u12,neutral,train,338,12,random,3,0,0,0,0,0,0,0,0,not_invoked,,1,2176,1.5785000005053007,0.01500000053056283,0.0002999995558639057,0.001100000190490391,0.005200000487093348,1.605800000106683
2637,d338_u13,neutral,train,338,13,random,3,1,1,0,0,0,1,1,0,ok,"{""sentences"": [""I hear you."", ""We can pause here for a moment.""], ""safety"": ""ok""}",1,2176,1.757299999553652,0.012900000001536682,0.00019999970390927047,0.012399999832268804,0.004399999852466863,1.7925000001923763
2638,d338_u14,neutral,train,338,14,random,3,0,0,0,0,0,0,0,0,not_invoked,,1,2176,1.401399999849673,0.01320000046689529,0.00019999970390927047,0.001100000190490391,0.004800000169780105,1.4258999999583466
2639,d338_u15,neutral,train,338,15,random,3,0,0,0,0,0,0,0,0,not_invoked,,1,2176,1.5038000001368346,0.013699999726668466,0.00030000046535860747,0.000999999429041054,0.004999999873689376,1.5291999998225947
2640,d338_u16,neutral,train,338,16,random,3,1,1,0,0,0,1,1,0,ok,"{""sentences"": [""I hear you."", ""We can pause here for a moment.""], ""safety"": ""ok""}",1,2176,1.4979999996285187,0.012799999240087345,0.00019999970390927047,0.011999999514955562,0.004600000465870835,1.5325000003940659
2641,d339_u0,neutral,train,339,0,random,3,0,0,0,0,0,0,0,0,not_invoked,,1,2176,1.4321999997264356,0.013699999726668466,0.0002999995558639057,0.000999999429041054,0.004900000021734741,1.4576000003216905
2642,d339_u1,neutral,train,339,1,random,3,1,1,0,0,0,1,1,0,ok,"{""sentences"": [""I hear you."", ""We can pause here for a moment.""], ""safety"": ""ok""}",1,2176,1.4061000001674984,0.012900000001536682,0.00019999970390927047,0.011999999514955562,0.0045000006139162,1.4406000000235508
2643,d339_u3,angry,train,339,3,random,3,1,1,0,0,0,1,1,0,ok,"{""sentences"": [""I hear you."", ""We can pause here for a moment.""], ""safety"": ""ok""}",1,2176,1.5272000000550179,0.014400000509340316,0.00019999970390927047,0.013699999726668466,0.004999999873689376,1.5657999992981786
2644,d339_u4,happy,train,339,4,random,3,0,0,0,0,0,0,0,0,not_invoked,,1,2176,1.4561999996658415,0.014100000043981709,0.00030000046535860747,0.000999999429041054,0.005100000635138713,1.4821000004303642
2645,d340_u0,neutral,train,340,0,random,3,0,0,0,0,0,0,0,0,not_invoked,,1,2176,1.697799999419658,0.01919999976962572,0.00030000046535860747,0.0013999997463542968,0.0059000003602704965,1.7311999999947147
2646,d341_u0,neutral,train,341,0,random,3,1,1,0,0,0,1,1,0,ok,"{""sentences"": [""I hear you."", ""We can pause here for a moment.""], ""safety"": ""ok""}",1,2176,1.7660000003161258,0.014799999917158857,0.00030000046535860747,0.01650000012887176,0.005500000042957254,1.808799999707844
2647,d342_u0,neutral,train,342,0,random,3,0,0,0,0,0,0,0,0,not_invoked,,1,2176,1.5557999995507998,0.015099999473022763,0.00030000046535860747,0.000999999429041054,0.005300000339047983,1.5831000000616768
2648,d342_u1,neutral,train,342,1,random,3,0,0,0,0,0,0,0,0,not_invoked,,1,2176,1.5321000000767526,0.013799999578623101,0.0002999995558639057,0.0010000003385357559,0.004900000021734741,1.5572000002066488
2649,d342_u2,neutral,train,342,2,random,3,0,0,0,0,0,0,0,0,not_invoked,,1,2176,1.660500000070897,0.028899999961140566,0.0002999995558639057,0.0009000004865811206,0.004699999408330768,1.7004999999699066
2650,d342_u3,neutral,train,342,3,random,3,0,0,0,0,0,0,0,0,not_invoked,,1,2176,1.3499999995474354,0.013300000318849925,0.00020000061340397224,0.0009000004865811206,0.004900000021734741,1.3742999999521999
2651,d342_u4,neutral,train,342,4,random,3,0,0,0,0,0,0,0,0,not_invoked,,1,2176,1.5897000002951245,0.01359999987471383,0.00030000046535860747,0.0009000004865811206,0.004800000169780105,1.6143000002557528
2652,d342_u5,happy,train,342,5,random,3,0,0,0,0,0,0,0,0,not_invoked,,1,2176,1.3475000005200855,0.013199999557400588,0.0002999995558639057,0.0008999995770864189,0.004999999873689376,1.3717000001634005
2653,d342_u6,angry,train,342,6,random,3,1,1,0,0,0,1,1,0,ok,"{""sentences"": [""I hear you."", ""We can pause here for a moment.""], ""safety"": ""ok""}",1,2176,1.7588000000614556,0.012900000001536682,0.00030000046535860747,0.013100000614940654,0.00470000031782547,1.7949000002772664
2654,d342_u7,happy,train,342,7,random,3,1,1,0,0,0,1,1,0,ok,"{""sentences"": [""I hear you."", ""We can pause here for a moment.""], ""safety"": ""ok""}",1,2176,1.429199999620323,0.01539999993838137,0.0002999995558639057,0.01650000012887176,0.005199999577598646,1.4728000005561626
2655,d342_u8,neutral,train,342,8,random,3,1,1,0,0,0,1,1,0,ok,"{""sentences"": [""I hear you."", ""We can pause here for a moment.""], ""safety"": ""ok""}",1,2176,1.5274999996108818,0.013300000318849925,0.00019999970390927047,0.012900000001536682,0.00470000031782547,1.5636999996786471
2656,d342_u9,neutral,train,342,9,random,3,0,0,0,0,0,0,0,0,not_invoked,,1,2176,1.5033999998195213,0.012900000001536682,0.0002999995558639057,0.0010000003385357559,0.020599999515980016,1.5432999998665764
2657,d342_u10,angry,train,342,10,random,3,0,0,0,0,0,0,0,0,not_invoked,,1,2176,1.4687000002595596,0.013300000318849925,0.00020000061340397224,0.0009000004865811206,0.004999999873689376,1.493099999606784
2658,d342_u11,neutral,train,342,11,random,3,0,0,0,0,0,0,0,0,not_invoked,,1,2176,1.4099999998506973,0.01320000046689529,0.00019999970390927047,0.0010000003385357559,0.004800000169780105,1.4344000001074164
2659,d342_u12,neutral,train,342,12,random,3,1,1,0,0,0,1,1,0,ok,"{""sentences"": [""I hear you."", ""We can pause here for a moment.""], ""safety"": ""ok""}",1,2176,1.7447999998694286,0.012999999853491317,0.0002999995558639057,0.012299999980314169,0.004499999704421498,1.7798000008042436
2660,d342_u13,angry,train,342,13,random,3,1,1,0,0,0,1,1,0,ok,"{""sentences"": [""I hear you."", ""We can pause here for a moment.""], ""safety"": ""ok""}",1,2176,1.394099999743048,0.014199999895936344,0.00020000061340397224,0.028699999347736593,0.00470000031782547,1.4471999993475038
2661,d342_u14,neutral,train,342,14,random,3,0,0,0,0,0,0,0,0,not_invoked,,1,2176,1.4510999999401974,0.015300000086426735,0.0002999995558639057,0.001100000190490391,0.0054000001910026185,1.4791000003242516
2662,d342_u15,happy,train,342,15,random,3,0,0,0,0,0,0,0,0,not_invoked,,1,2176,1.5000000003055902,0.01340000017080456,0.00019999970390927047,0.000999999429041054,0.005099999725644011,1.5247999999701278
2663,d342_u17,happy,train,342,17,random,3,0,0,0,0,0,0,0,0,not_invoked,,1,2176,1.7397000001437846,0.013499999113264494,0.0002999995558639057,0.0008999995770864189,0.004900000021734741,1.7643999999563675
2664,d342_u18,neutral,train,342,18,random,3,0,0,0,0,0,0,0,0,not_invoked,,1,2176,1.3534999998228159,0.013199999557400588,0.0002999995558639057,0.000999999429041054,0.005100000635138713,1.3781999996353989
2665,d342_u19,neutral,train,342,19,random,3,0,0,0,0,0,0,0,0,not_invoked,,1,2176,1.6421999998783576,0.013500000022759195,0.00030000046535860747,0.0009000004865811206,0.004800000169780105,1.666799999838986
2666,d344_u0,happy,train,344,0,random,3,0,0,0,0,0,0,0,0,not_invoked,,1,2176,1.3035000001764274,0.013500000022759195,0.00030000046535860747,0.001100000190490391,0.004999999873689376,1.3286999992487836
2667,d344_u1,neutral,train,344,1,random,3,1,1,0,0,0,1,1,0,ok,"{""sentences"": [""I hear you."", ""We can pause here for a moment.""], ""safety"": ""ok""}",1,2176,1.399400000082096,0.013899999430577736,0.00019999970390927047,0.014299999747890979,0.00470000031782547,1.4378999994733022
2668,d344_u2,neutral,train,344,2,random,3,1,1,0,0,0,1,1,0,ok,"{""sentences"": [""I hear you."", ""We can pause here for a moment.""], ""safety"": ""ok""}",1,2176,1.4016000004630769,0.030199999855540227,0.00030000046535860747,0.012600000445672777,0.004499999704421498,1.4544000005116686
2669,d344_u3,neutral,train,344,3,random,3,1,1,0,0,0,1,1,0,ok,"{""sentences"": [""I hear you."", ""We can pause here for a moment.""], ""safety"": ""ok""}",1,2176,1.3990999996167375,0.013799999578623101,0.0002999995558639057,0.013099999705445953,0.004600000465870835,1.4363000000230386
2670,d344_u6,happy,train,344,6,random,3,0,0,0,0,0,0,0,0,not_invoked,,1,2176,1.3823999997839564,0.030700000024808105,0.00019999970390927047,0.0010000003385357559,0.004900000021734741,1.44079999972746
2671,d344_u7,happy,train,344,7,random,3,0,0,0,0,0,0,0,0,not_invoked,,1,2176,1.5872999993007397,0.014600000213249587,0.00030000046535860747,0.000999999429041054,0.005300000339047983,1.614499999959662
2672,d344_u9,neutral,train,344,9,random,3,1,1,0,0,0,1,1,0,ok,"{""sentences"": [""I hear you."", ""We can pause here for a moment.""], ""safety"": ""ok""}",1,2176,1.5511999999944237,0.012599999536178075,0.00030000046535860747,0.01340000017080456,0.019099999917671084,1.6013000004022615
2673,d344_u11,happy,train,344,11,random,3,1,1,0,0,0,1,1,0,ok,"{""sentences"": [""I hear you."", ""We can pause here for a moment.""], ""safety"": ""ok""}",1,2176,1.4837999997325824,0.012900000001536682,0.00020000061340397224,0.012400000741763506,0.00470000031782547,1.5192999999271706
2674,d344_u12,happy,train,344,12,random,3,1,1,0,0,0,1,1,0,ok,"{""sentences"": [""I hear you."", ""We can pause here for a moment.""], ""safety"": ""ok""}",1,2176,1.471300000048359,0.012700000297627412,0.00030000046535860747,0.012100000276404899,0.004499999704421498,1.505800000813906
2675,d344_u13,neutral,train,344,13,random,3,1,1,0,0,0,1,1,0,ok,"{""sentences"": [""I hear you."", ""We can pause here for a moment.""], ""safety"": ""ok""}",1,2176,1.802499999939755,0.01359999987471383,0.0002999995558639057,0.012900000001536682,0.00470000031782547,1.839300000028743
2676,d345_u0,neutral,train,345,0,random,3,1,1,0,0,0,1,1,0,ok,"{""sentences"": [""I hear you."", ""We can pause here for a moment.""], ""safety"": ""ok""}",1,2176,1.492599999437516,0.013699999726668466,0.0002999995558639057,0.01269999938813271,0.004799999260285404,1.5292000007320894
2677,d345_u1,neutral,train,345,1,random,3,1,1,0,0,0,1,1,0,ok,"{""sentences"": [""I hear you."", ""We can pause here for a moment.""], ""safety"": ""ok""}",1,2176,1.6531000001123175,0.012800000149582047,0.0002999995558639057,0.012099999366910197,0.0045000006139162,1.6876999998203246
2678,d345_u2,happy,train,345,2,random,3,1,1,0,0,0,1,1,0,ok,"{""sentences"": [""I hear you."", ""We can pause here for a moment.""], ""safety"": ""ok""}",1,2176,1.6741999997975654,0.013099999705445953,0.0002999995558639057,0.012399999832268804,0.004499999704421498,1.7096999999921536
2679,d345_u3,neutral,train,345,3,random,3,0,0,0,0,0,0,0,0,not_invoked,,1,2176,1.582300000336545,0.014299999747890979,0.00030000046535860747,0.0010000003385357559,0.0054000001910026185,1.6083999998954823
2680,d345_u4,happy,train,345,4,random,3,1,1,0,0,0,1,1,0,ok,"{""sentences"": [""I hear you."", ""We can pause here for a moment.""], ""safety"": ""ok""}",1,2176,1.6053999997893698,0.013099999705445953,0.0002999995558639057,0.01340000017080456,0.004800000169780105,1.642100000026403
2681,d346_u0,happy,train,346,0,random,3,1,1,0,0,0,1,1,0,ok,"{""sentences"": [""I hear you."", ""We can pause here for a moment.""], ""safety"": ""ok""}",1,2176,1.4602999999624444,0.013299999409355223,0.00019999970390927047,0.012900000001536682,0.004800000169780105,1.496699999734119
2682,d346_u3,neutral,train,346,3,random,3,0,0,0,0,0,0,0,0,not_invoked,,1,2176,1.466200000322715,0.013500000022759195,0.00030000046535860747,0.0010000003385357559,0.004999999873689376,1.4912999995431164
2683,d346_u4,neutral,train,346,4,random,3,1,1,0,0,0,1,1,0,ok,"{""sentences"": [""I hear you."", ""We can pause here for a moment.""], ""safety"": ""ok""}",1,2176,1.7056999995475053,0.015300000086426735,0.0002999995558639057,0.014899999769113492,0.005599999894911889,1.7471999999543186
2684,d346_u6,neutral,train,346,6,random,3,0,0,0,0,0,0,0,0,not_invoked,,1,2176,1.6683999992892495,0.015500000699830707,0.00019999970390927047,0.000999999429041054,0.0054000001910026185,1.696500000434753
2685,d347_u0,sad,train,347,0,random,3,1,1,0,0,0,1,1,0,ok,"{""sentences"": [""I hear you."", ""We can pause here for a moment.""], ""safety"": ""ok""}",1,2176,1.6139999997903942,0.013799999578623101,0.0002999995558639057,0.01340000017080456,0.00470000031782547,1.6516000005140086
2686,d347_u1,neutral,train,347,1,random,3,1,1,0,0,0,1,1,0,ok,"{""sentences"": [""I hear you."", ""We can pause here for a moment.""], ""safety"": ""ok""}",1,2176,1.6860999994605663,0.028399999791872688,0.0002999995558639057,0.011999999514955562,0.004499999704421498,1.7360000001644948
2687,d347_u3,neutral,train,347,3,random,3,1,1,0,0,0,1,1,0,ok,"{""sentences"": [""I hear you."", ""We can pause here for a moment.""], ""safety"": ""ok""}",1,2176,1.7454999997426057,0.01449999945180025,0.00019999970390927047,0.0349000001733657,0.005300000339047983,1.8057000006592716
2688,d347_u4,sad,train,347,4,random,3,0,0,0,0,0,0,0,0,not_invoked,,1,2176,1.7109999998865533,0.015100000382517464,0.0002999995558639057,0.0012000000424450263,0.005500000042957254,1.738400000249385
2689,d347_u5,neutral,train,347,5,random,3,0,0,0,0,0,0,0,0,not_invoked,,1,2176,1.9773000003624475,0.014000000192027073,0.0002999995558639057,0.001100000190490391,0.005699999746866524,2.0206999997753883
2690,d347_u7,sad,train,347,7,random,3,0,0,0,0,0,0,0,0,not_invoked,,1,2176,1.688299999841547,0.01739999970595818,0.00030000046535860747,0.001100000190490391,0.005500000042957254,1.7181000002892688
2691,d347_u9,sad,train,347,9,random,3,0,0,0,0,0,0,0,0,not_invoked,,1,2176,1.5723000005891663,0.015400000847876072,0.0002999995558639057,0.001100000190490391,0.005599999894911889,1.600499999767635
2692,d347_u10,sad,train,347,10,random,3,1,1,0,0,0,1,1,0,ok,"{""sentences"": [""I hear you."", ""We can pause here for a moment.""], ""safety"": ""ok""}",1,2176,1.617199999600416,0.013700000636163168,0.00030000046535860747,0.017500000467407517,0.004900000021734741,1.660500000070897
2693,d347_u11,neutral,train,347,11,random,3,1,1,0,0,0,1,1,0,ok,"{""sentences"": [""I hear you."", ""We can pause here for a moment.""], ""safety"": ""ok""}",1,2176,1.6722999998819432,0.017299999854003545,0.0005000001692678779,0.016999999388644937,0.0057999995988211595,1.7187999992529512
2694,d348_u0,happy,train,348,0,random,3,1,1,0,0,0,1,1,0,ok,"{""sentences"": [""I hear you."", ""We can pause here for a moment.""], ""safety"": ""ok""}",1,2176,1.6869000000951928,0.014999999621068127,0.0002999995558639057,0.014899999769113492,0.005500000042957254,1.7279000003327383
2695,d348_u1,happy,train,348,1,random,3,1,1,0,0,0,1,1,0,ok,"{""sentences"": [""I hear you."", ""We can pause here for a moment.""], ""safety"": ""ok""}",1,2176,1.6166000004886882,0.01720000000204891,0.00030000046535860747,0.015800000255694613,0.005300000339047983,1.6612999997960287
2696,d348_u2,happy,train,348,2,random,3,0,0,0,0,0,0,0,0,not_invoked,,1,2176,1.6064999999798601,0.014500000361294951,0.0002999995558639057,0.000999999429041054,0.005199999577598646,1.632900000004156
2697,d348_u4,neutral,train,348,4,random,3,1,1,0,0,0,1,1,0,ok,"{""sentences"": [""I hear you."", ""We can pause here for a moment.""], ""safety"": ""ok""}",1,2176,1.624900000024354,0.017500000467407517,0.0004000003173132427,0.015800000255694613,0.0057999995988211595,1.6704999998182757
2698,d349_u0,happy,train,349,0,random,3,0,0,0,0,0,0,0,0,not_invoked,,1,2176,1.6548000003240304,0.014700000065204222,0.0002999995558639057,0.0010000003385357559,0.0054000001910026185,1.681799999460054
2699,d349_u1,happy,train,349,1,random,3,1,1,0,0,0,1,1,0,ok,"{""sentences"": [""I hear you."", ""We can pause here for a moment.""], ""safety"": ""ok""}",1,2176,1.4346999996632803,0.014899999769113492,0.0002999995558639057,0.014899999769113492,0.005099999725644011,1.4754000003449619
2700,d349_u2,happy,train,349,2,random,3,0,0,0,0,0,0,0,0,not_invoked,,1,2176,1.5676999992138008,0.012900000001536682,0.00030000046535860747,0.0010000003385357559,0.004900000021734741,1.5917000000627013
2701,d349_u3,neutral,train,349,3,random,3,0,0,0,0,0,0,0,0,not_invoked,,1,2176,1.6152999996847939,0.014700000065204222,0.00030000046535860747,0.0010999992809956893,0.0052999994295532815,1.6421999998783576
2702,d349_u4,happy,train,349,4,random,3,1,1,0,0,0,1,1,0,ok,"{""sentences"": [""I hear you."", ""We can pause here for a moment.""], ""safety"": ""ok""}",1,2176,1.4925000004950562,0.013500000022759195,0.00019999970390927047,0.014799999917158857,0.0054000001910026185,1.5315999999074847
2703,d349_u5,happy,train,349,5,random,3,0,0,0,0,0,0,0,0,not_invoked,,1,2176,1.6025000004447065,0.014799999917158857,0.0004000003173132427,0.0012000000424450263,0.005300000339047983,1.6298999998980435
2704,d349_u6,neutral,train,349,6,random,3,1,1,0,0,0,1,1,0,ok,"{""sentences"": [""I hear you."", ""We can pause here for a moment.""], ""safety"": ""ok""}",1,2176,1.5952000003380817,0.013300000318849925,0.00030000046535860747,0.014500000361294951,0.004999999873689376,1.633400000173424
2705,d349_u7,sad,train,349,7,random,3,0,0,0,0,0,0,0,0,not_invoked,,1,2176,1.7552999997860752,0.0152000002344721,0.00030000046535860747,0.0010999992809956893,0.005399999281507917,1.7828000000008615
2706,d349_u8,neutral,train,349,8,random,3,0,0,0,0,0,0,0,0,not_invoked,,1,2176,1.435000000128639,0.01500000053056283,0.0005000001692678779,0.0010999992809956893,0.0052999994295532815,1.4620000001741573
2707,d349_u9,neutral,train,349,9,random,3,1,1,0,0,0,1,1,0,ok,"{""sentences"": [""I hear you."", ""We can pause here for a moment.""], ""safety"": ""ok""}",1,2176,1.7204999994646641,0.013199999557400588,0.00019999970390927047,0.014900000678608194,0.004900000021734741,1.758700000209501
2708,d349_u10,happy,train,349,10,random,3,0,0,0,0,0,0,0,0,not_invoked,,1,2176,1.4102999994065613,0.014600000213249587,0.0002999995558639057,0.0010000003385357559,0.005300000339047983,1.4373000003615743
2709,d350_u0,neutral,train,350,0,random,3,0,0,0,0,0,0,0,0,not_invoked,,1,2176,1.6255000000455766,0.014399999599845614,0.00039999940781854093,0.001100000190490391,0.0054000001910026185,1.6519000000698725
2710,d350_u1,happy,train,350,1,random,3,0,0,0,0,0,0,0,0,not_invoked,,1,2176,1.5563000006295624,0.013500000022759195,0.00030000046535860747,0.0010000003385357559,0.005300000339047983,1.5825000000404543
2711,d350_u2,happy,train,350,2,random,3,0,0,0,0,0,0,0,0,not_invoked,,1,2176,1.7515999998067855,0.013800000488117803,0.00019999970390927047,0.0010999992809956893,0.0052999994295532815,1.7772000001059496
2712,d350_u3,happy,train,350,3,random,3,0,0,0,0,0,0,0,0,not_invoked,,1,2176,1.4464000005318667,0.014299999747890979,0.00030000046535860747,0.001100000190490391,0.005200000487093348,1.4725999999427586
2713,d350_u4,neutral,train,350,4,random,3,0,0,0,0,0,0,0,0,not_invoked,,1,2176,1.5806999999767868,0.014700000065204222,0.00030000046535860747,0.0010000003385357559,0.0054000001910026185,1.6076000001703505
2714,d350_u5,neutral,train,350,5,random,3,0,0,0,0,0,0,0,0,not_invoked,,1,2176,1.6010999997888575,0.012900000001536682,0.00030000046535860747,0.000999999429041054,0.004999999873689376,1.625199999580218
2715,d350_u6,neutral,train,350,6,random,3,0,0,0,0,0,0,0,0,not_invoked,,1,2176,1.5208999993774341,0.013900000340072438,0.0002999995558639057,0.0010000003385357559,0.005099999725644011,1.5471000006073155
2716,d350_u7,neutral,train,350,7,random,3,0,0,0,0,0,0,0,0,not_invoked,,1,2176,1.5065000006870832,0.013500000022759195,0.0002999995558639057,0.0010000003385357559,0.005200000487093348,1.532000000224798
2717,d351_u0,angry,train,351,0,random,3,0,0,0,0,0,0,0,0,not_invoked,,1,2176,1.5473000003112247,0.014500000361294951,0.00030000046535860747,0.000999999429041054,0.005200000487093348,1.5739999998913845
2718,d351_u3,angry,train,351,3,random,3,0,0,0,0,0,0,0,0,not_invoked,,1,2176,1.565699999446224,0.013099999705445953,0.00030000046535860747,0.0010000003385357559,0.005099999725644011,1.5898999999990338
2719,d351_u5,angry,train,351,5,random,3,1,1,0,0,0,1,1,0,ok,"{""sentences"": [""I hear you."", ""We can pause here for a moment.""], ""safety"": ""ok""}",1,2176,1.796200000171666,0.014100000043981709,0.0002999995558639057,0.013800000488117803,0.004999999873689376,1.8347999994148267
2720,d351_u8,happy,train,351,8,random,3,1,1,0,0,0,1,1,0,ok,"{""sentences"": [""I hear you."", ""We can pause here for a moment.""], ""safety"": ""ok""}",1,2176,1.4575999994121958,0.015499999790336005,0.00030000046535860747,0.017100000150094274,0.005200000487093348,1.5013000001999899
2721,d351_u9,angry,train,351,9,random,3,1,1,0,0,0,1,1,0,ok,"{""sentences"": [""I hear you."", ""We can pause here for a moment.""], ""safety"": ""ok""}",1,2176,1.5235000000757282,0.01559999964229064,0.00030000046535860747,0.01500000053056283,0.005199999577598646,1.5652000001864508
2722,d351_u10,angry,train,351,10,random,3,1,1,0,0,0,1,1,0,ok,"{""sentences"": [""I hear you."", ""We can pause here for a moment.""], ""safety"": ""ok""}",1,2176,1.6001999993022764,0.012999999853491317,0.00019999970390927047,0.012400000741763506,0.00470000031782547,1.6352000002370914
2723,d351_u11,happy,train,351,11,random,3,0,0,0,0,0,0,0,0,not_invoked,,1,2176,1.7080000006899354,0.02009999934671214,0.0005000001692678779,0.0015999994502635673,0.008799999704933725,1.7467999996370054
2724,d351_u12,angry,train,351,12,random,3,0,0,0,0,0,0,0,0,not_invoked,,1,2176,1.7250000000785803,0.01900000006571645,0.0004000003173132427,0.001499999598308932,0.007800000275892671,1.761100000294391
2725,d351_u13,angry,train,351,13,random,3,1,1,0,0,0,1,1,0,ok,"{""sentences"": [""I hear you."", ""We can pause here for a moment.""], ""safety"": ""ok""}",1,2176,1.587600000675593,0.01500000053056283,0.00030000046535860747,0.014900000678608194,0.004999999873689376,1.6282999995382852
2726,d351_u15,happy,train,351,15,random,3,1,1,0,0,0,1,1,0,ok,"{""sentences"": [""I hear you."", ""We can pause here for a moment.""], ""safety"": ""ok""}",1,2176,1.602699999239121,0.013399999261309858,0.00019999970390927047,0.013300000318849925,0.004800000169780105,1.6396000000895583
2727,d352_u0,neutral,train,352,0,random,3,0,0,0,0,0,0,0,0,not_invoked,,1,2176,1.917200000207231,0.01449999945180025,0.00039999940781854093,0.001100000190490391,0.005099999725644011,1.943599999322032
2728,d352_u1,angry,train,352,1,random,3,0,0,0,0,0,0,0,0,not_invoked,,1,2176,1.569799999742827,0.014299999747890979,0.0002999995558639057,0.000999999429041054,0.005199999577598646,1.5957999994498095
2729,d352_u2,happy,train,352,2,random,3,0,0,0,0,0,0,0,0,not_invoked,,1,2176,1.6835000005812617,0.04710000030172523,0.0002999995558639057,0.0010000003385357559,0.004800000169780105,1.741799999763316
2730,d352_u3,angry,train,352,3,random,3,0,0,0,0,0,0,0,0,not_invoked,,1,2176,1.372300000184623,0.014100000043981709,0.00030000046535860747,0.0010999992809956893,0.005199999577598646,1.398499999595515
2731,d352_u4,neutral,train,352,4,random,3,1,1,0,0,0,1,1,0,ok,"{""sentences"": [""I hear you."", ""We can pause here for a moment.""], ""safety"": ""ok""}",1,2176,1.4182000004439033,0.014200000805431046,0.00030000046535860747,0.014599999303754885,0.004999999873689376,1.4578999998775544
2732,d352_u5,happy,train,352,5,random,3,1,1,0,0,0,1,1,0,ok,"{""sentences"": [""I hear you."", ""We can pause here for a moment.""], ""safety"": ""ok""}",1,2176,1.4167999997880543,0.013500000022759195,0.00030000046535860747,0.012599999536178075,0.004800000169780105,1.4532999994116835
2733,d353_u0,neutral,train,353,0,random,3,1,1,0,0,0,1,1,0,ok,"{""sentences"": [""I hear you."", ""We can pause here for a moment.""], ""safety"": ""ok""}",1,2176,1.4484000002994435,0.014199999895936344,0.00030000046535860747,0.013500000022759195,0.005099999725644011,1.4870999993945588
2734,d353_u1,neutral,train,353,1,random,3,1,1,0,0,0,1,1,0,ok,"{""sentences"": [""I hear you."", ""We can pause here for a moment.""], ""safety"": ""ok""}",1,2176,1.4248999996198108,0.013299999409355223,0.0002999995558639057,0.02949999998236308,0.004900000021734741,1.4777999995203572
2735,d354_u0,neutral,train,354,0,random,3,0,0,0,0,0,0,0,0,not_invoked,,1,2176,1.4300000002549496,0.014199999895936344,0.0002999995558639057,0.0013999997463542968,0.005099999725644011,1.4565000001312
2736,d354_u1,neutral,train,354,1,random,3,0,0,0,0,0,0,0,0,not_invoked,,1,2176,1.4297000006990856,0.013499999113264494,0.0002999995558639057,0.0008999995770864189,0.004900000021734741,1.454600000215578
2737,d354_u2,neutral,train,354,2,random,3,0,0,0,0,0,0,0,0,not_invoked,,1,2176,1.5574000008200528,0.014299999747890979,0.0002999995558639057,0.000999999429041054,0.02099999983329326,1.5991999998732354
2738,d354_u3,neutral,train,354,3,random,3,1,1,0,0,0,1,1,0,ok,"{""sentences"": [""I hear you."", ""We can pause here for a moment.""], ""safety"": ""ok""}",1,2176,1.4900999995006714,0.013699999726668466,0.00030000046535860747,0.012700000297627412,0.004900000021734741,1.52669999988575
2739,d354_u4,neutral,train,354,4,random,3,0,0,0,0,0,0,0,0,not_invoked,,1,2176,1.473199999963981,0.013600000784208532,0.00030000046535860747,0.0010000003385357559,0.004900000021734741,1.4983000000938773
2740,d354_u5,neutral,train,354,5,random,3,0,0,0,0,0,0,0,0,not_invoked,,1,2176,1.4931000005162787,0.013500000022759195,0.00030000046535860747,0.0008999995770864189,0.005000000783184078,1.518000000032771
2741,d354_u6,neutral,train,354,6,random,3,1,1,0,0,0,1,1,0,ok,"{""sentences"": [""I hear you."", ""We can pause here for a moment.""], ""safety"": ""ok""}",1,2176,1.4795999995840248,0.014099999134487007,0.00019999970390927047,0.012700000297627412,0.004800000169780105,1.5166000002864166
2742,d354_u8,happy,train,354,8,random,3,1,1,0,0,0,1,1,0,ok,"{""sentences"": [""I hear you."", ""We can pause here for a moment.""], ""safety"": ""ok""}",1,2176,1.4597999997931765,0.01359999987471383,0.00019999970390927047,0.01269999938813271,0.004699999408330768,1.4964000001782551
2743,d354_u9,neutral,train,354,9,random,3,1,1,0,0,0,1,1,0,ok,"{""sentences"": [""I hear you."", ""We can pause here for a moment.""], ""safety"": ""ok""}",1,2176,1.5140000004976173,0.014299999747890979,0.0002999995558639057,0.013299999409355223,0.004800000169780105,1.5521999994234648
2744,d354_u10,happy,train,354,10,random,3,0,0,0,0,0,0,0,0,not_invoked,,1,2176,1.5783999997438514,0.013300000318849925,0.0004000003173132427,0.0009000004865811206,0.004999999873689376,1.6049000005295966
2745,d354_u11,neutral,train,354,11,random,3,0,0,0,0,0,0,0,0,not_invoked,,1,2176,1.6286000000036438,0.0349000001733657,0.0002999995558639057,0.0010000003385357559,0.005700000656361226,1.6764000001785462
2746,d354_u12,neutral,train,354,12,random,3,0,0,0,0,0,0,0,0,not_invoked,,1,2176,1.6659000002618995,0.012999999853491317,0.00019999970390927047,0.0008999995770864189,0.004999999873689376,1.69000000005326
2747,d354_u13,neutral,train,354,13,random,3,1,1,0,0,0,1,1,0,ok,"{""sentences"": [""I hear you."", ""We can pause here for a moment.""], ""safety"": ""ok""}",1,2176,1.5843000001041219,0.012700000297627412,0.00030000046535860747,0.013300000318849925,0.0045000006139162,1.620099999854574
2748,d354_u14,angry,train,354,14,random,3,1,1,0,0,0,1,1,0,ok,"{""sentences"": [""I hear you."", ""We can pause here for a moment.""], ""safety"": ""ok""}",1,2176,1.6499000003022957,0.01340000017080456,0.00019999970390927047,0.01269999938813271,0.00470000031782547,1.686199999312521
2749,d354_u15,neutral,train,354,15,random,3,1,1,0,0,0,1,1,0,ok,"{""sentences"": [""I hear you."", ""We can pause here for a moment.""], ""safety"": ""ok""}",1,2176,1.8374000001131208,0.02860000040527666,0.00019999970390927047,0.03790000027947826,0.0054000001910026185,1.915799999551382
2750,d354_u16,neutral,train,354,16,random,3,0,0,0,0,0,0,0,0,not_invoked,,1,2176,1.8748000002233312,0.014399999599845614,0.0002999995558639057,0.0010999992809956893,0.005599999894911889,1.9018000002688495
2751,d354_u17,neutral,train,354,17,random,3,1,1,0,0,0,1,1,0,ok,"{""sentences"": [""I hear you."", ""We can pause here for a moment.""], ""safety"": ""ok""}",1,2176,1.6463000001749606,0.015699999494245276,0.0005000001692678779,0.015100000382517464,0.005699999746866524,1.6896000006454415
2752,d355_u0,sad,train,355,0,random,3,0,0,0,0,0,0,0,0,not_invoked,,1,2176,1.6144000001077075,0.014199999895936344,0.0002999995558639057,0.0010000003385357559,0.0054000001910026185,1.640899999983958
2753,d355_u1,neutral,train,355,1,random,3,1,1,0,0,0,1,1,0,ok,"{""sentences"": [""I hear you."", ""We can pause here for a moment.""], ""safety"": ""ok""}",1,2176,1.5139000006456627,0.014100000043981709,0.0002999995558639057,0.014600000213249587,0.005099999725644011,1.5533999994659098
2754,d355_u2,neutral,train,355,2,random,3,1,1,0,0,0,1,1,0,ok,"{""sentences"": [""I hear you."", ""We can pause here for a moment.""], ""safety"": ""ok""}",1,2176,1.5988000004654168,0.013800000488117803,0.00030000046535860747,0.01300000076298602,0.005099999725644011,1.6362999995180871
2755,d355_u3,happy,train,355,3,random,3,1,1,0,0,0,1,1,0,ok,"{""sentences"": [""I hear you."", ""We can pause here for a moment.""], ""safety"": ""ok""}",1,2176,1.5738000001874752,0.014299999747890979,0.00030000046535860747,0.013500000022759195,0.004900000021734741,1.6126999998959946
2756,d355_u4,neutral,train,355,4,random,3,0,0,0,0,0,0,0,0,not_invoked,,1,2176,1.5309000000343076,0.012299999980314169,0.00030000046535860747,0.0010000003385357559,0.004900000021734741,1.5544999996564002
2757,d356_u0,sad,train,356,0,random,3,1,1,0,0,0,1,1,0,ok,"{""sentences"": [""I hear you."", ""We can pause here for a moment.""], ""safety"": ""ok""}",1,2176,1.4638000002378249,0.013900000340072438,0.0002999995558639057,0.012999999853491317,0.00470000031782547,1.501000000644126
2758,d356_u2,neutral,train,356,2,random,3,1,1,0,0,0,1,1,0,ok,"{""sentences"": [""I hear you."", ""We can pause here for a moment.""], ""safety"": ""ok""}",1,2176,1.4444000007642899,0.012999999853491317,0.00020000061340397224,0.012799999240087345,0.004900000021734741,1.4803000003666966
2759,d356_u4,neutral,train,356,4,random,3,1,1,0,0,0,1,1,0,ok,"{""sentences"": [""I hear you."", ""We can pause here for a moment.""], ""safety"": ""ok""}",1,2176,1.6639999994367827,0.014199999895936344,0.0002999995558639057,0.013199999557400588,0.004699999408330768,1.7015999992509023
2760,d356_u5,neutral,train,356,5,random,3,1,1,0,0,0,1,1,0,ok,"{""sentences"": [""I hear you."", ""We can pause here for a moment.""], ""safety"": ""ok""}",1,2176,1.3515999999071937,0.013700000636163168,0.00019999970390927047,0.012700000297627412,0.004800000169780105,1.3881999993827776
2761,d356_u6,sad,train,356,6,random,3,0,0,0,0,0,0,0,0,not_invoked,,1,2176,1.7143000004580244,0.013099999705445953,0.00030000046535860747,0.0010000003385357559,0.004800000169780105,1.7383999993398902
2762,d356_u7,happy,train,356,7,random,3,1,1,0,0,0,1,1,0,ok,"{""sentences"": [""I hear you."", ""We can pause here for a moment.""], ""safety"": ""ok""}",1,2176,1.3605999993160367,0.02930000027845381,0.00019999970390927047,0.013099999705445953,0.004900000021734741,1.413699999829987
2763,d356_u8,neutral,train,356,8,random,3,0,0,0,0,0,0,0,0,not_invoked,,1,2176,1.4470999994955491,0.014299999747890979,0.00019999970390927047,0.001100000190490391,0.004900000021734741,1.4731000001120265
2764,d356_u9,sad,train,356,9,random,3,1,1,0,0,0,1,1,0,ok,"{""sentences"": [""I hear you."", ""We can pause here for a moment.""], ""safety"": ""ok""}",1,2176,1.433099999303522,0.029099999665049836,0.00030000046535860747,0.01249999968422344,0.004600000465870835,1.4848000000711181
2765,d356_u10,angry,train,356,10,random,3,1,1,0,0,0,1,1,0,ok,"{""sentences"": [""I hear you."", ""We can pause here for a moment.""], ""safety"": ""ok""}",1,2176,1.9071999995503575,0.014999999621068127,0.00019999970390927047,0.015800000255694613,0.005099999725644011,1.9646999999167747
2766,d356_u12,neutral,train,356,12,random,3,0,0,0,0,0,0,0,0,not_invoked,,1,2176,1.522599999589147,0.017500000467407517,0.0004000003173132427,0.0010999992809956893,0.005500000042957254,1.5527000005022273
2767,d356_u13,happy,train,356,13,random,3,1,1,0,0,0,1,1,0,ok,"{""sentences"": [""I hear you."", ""We can pause here for a moment.""], ""safety"": ""ok""}",1,2176,1.9768000001931796,0.017999999727180693,0.00030000046535860747,0.016399999367422424,0.0052999994295532815,2.0230000000083237
2768,d356_u14,neutral,train,356,14,random,3,1,1,0,0,0,1,1,0,ok,"{""sentences"": [""I hear you."", ""We can pause here for a moment.""], ""safety"": ""ok""}",1,2176,2.019800000198302,0.013600000784208532,0.00019999970390927047,0.013100000614940654,0.004499999704421498,2.056500000435335
2769,d356_u15,neutral,train,356,15,random,3,0,0,0,0,0,0,0,0,not_invoked,,1,2176,1.447800000278221,0.013800000488117803,0.0002999995558639057,0.001100000190490391,0.005099999725644011,1.4733999996678904
2770,d356_u16,neutral,train,356,16,random,3,0,0,0,0,0,0,0,0,not_invoked,,1,2176,1.4276000001700595,0.014700000065204222,0.00020000061340397224,0.0009000004865811206,0.004800000169780105,1.4533000003211782
2771,d356_u17,angry,train,356,17,random,3,0,0,0,0,0,0,0,0,not_invoked,,1,2176,1.3753000002907356,0.03220000053261174,0.0002999995558639057,0.0012000000424450263,0.005300000339047983,1.4197999998941668
2772,d356_u18,neutral,train,356,18,random,3,1,1,0,0,0,1,1,0,ok,"{""sentences"": [""I hear you."", ""We can pause here for a moment.""], ""safety"": ""ok""}",1,2176,1.5851999996812083,0.01880000036180718,0.0004000003173132427,0.020399999812070746,0.006299999768089037,1.6384000000471133
2773,d356_u19,neutral,train,356,19,random,3,1,1,0,0,0,1,1,0,ok,"{""sentences"": [""I hear you."", ""We can pause here for a moment.""], ""safety"": ""ok""}",1,2176,1.7012000007525785,0.014500000361294951,0.00030000046535860747,0.014600000213249587,0.005000000783184078,1.740800000334275
2774,d356_u21,angry,train,356,21,random,3,0,0,0,0,0,0,0,0,not_invoked,,1,2176,3.427900000133377,0.019300000531075057,0.0004000003173132427,0.0013999997463542968,0.007200000254670158,3.4641000002011424
2775,d356_u22,neutral,train,356,22,random,3,1,1,0,0,0,1,1,0,ok,"{""sentences"": [""I hear you."", ""We can pause here for a moment.""], ""safety"": ""ok""}",1,2176,1.0234000001219101,0.01340000017080456,0.0002999995558639057,0.01359999987471383,0.004999999873689376,1.0608000002321205
2776,d357_u2,neutral,train,357,2,random,3,0,0,0,0,0,0,0,0,not_invoked,,1,2176,1.618399999642861,0.014500000361294951,0.00030000046535860747,0.001100000190490391,0.0052999994295532815,1.6451000001325156
2777,d358_u0,neutral,train,358,0,random,3,0,0,0,0,0,0,0,0,not_invoked,,1,2176,1.5659999999115826,0.01340000017080456,0.0002999995558639057,0.000999999429041054,0.0052999994295532815,1.5916000002107467
2778,d358_u1,neutral,train,358,1,random,3,1,1,0,0,0,1,1,0,ok,"{""sentences"": [""I hear you."", ""We can pause here for a moment.""], ""safety"": ""ok""}",1,2176,1.5905000000202563,0.017999999727180693,0.00039999940781854093,0.019600000086938962,0.007100000402715523,1.6428999997515348
2779,d358_u2,neutral,train,358,2,random,3,1,1,0,0,0,1,1,0,ok,"{""sentences"": [""I hear you."", ""We can pause here for a moment.""], ""safety"": ""ok""}",1,2176,1.636500000131491,0.014399999599845614,0.00030000046535860747,0.015100000382517464,0.004900000021734741,1.67669999973441
2780,d358_u3,sad,train,358,3,random,3,1,1,0,0,0,1,1,0,ok,"{""sentences"": [""I hear you."", ""We can pause here for a moment.""], ""safety"": ""ok""}",1,2176,1.5178000003288616,0.01430000065738568,0.0002999995558639057,0.01320000046689529,0.004900000021734741,1.5558999994027545
2781,d358_u4,neutral,train,358,4,random,3,0,0,0,0,0,0,0,0,not_invoked,,1,2176,1.5505000001212466,0.013900000340072438,0.00030000046535860747,0.0010000003385357559,0.005099999725644011,1.5761000004204107
2782,d358_u5,neutral,train,358,5,random,3,0,0,0,0,0,0,0,0,not_invoked,,1,2176,1.5807999998287414,0.012999999853491317,0.0002999995558639057,0.000999999429041054,0.004600000465870835,1.604600000064238
2783,d358_u7,neutral,train,358,7,random,3,0,0,0,0,0,0,0,0,not_invoked,,1,2176,1.3432000005195732,0.01700000029813964,0.00030000046535860747,0.0010000003385357559,0.006400000529538374,1.3736999999309774
2784,d358_u9,angry,train,358,9,random,3,0,0,0,0,0,0,0,0,not_invoked,,1,2176,1.7145000001619337,0.012999999853491317,0.00030000046535860747,0.0008999995770864189,0.004900000021734741,1.7385999999532942
2785,d358_u10,happy,train,358,10,random,3,0,0,0,0,0,0,0,0,not_invoked,,1,2176,1.4406000000235508,0.013300000318849925,0.00019999970390927047,0.0008999995770864189,0.004900000021734741,1.4651000001322245
2786,d358_u12,neutral,train,358,12,random,3,1,1,0,0,0,1,1,0,ok,"{""sentences"": [""I hear you."", ""We can pause here for a moment.""], ""safety"": ""ok""}",1,2176,1.5262999995684368,0.01340000017080456,0.00030000046535860747,0.01269999938813271,0.005100000635138713,1.56299999980547
2787,d358_u14,sad,train,358,14,random,3,1,1,0,0,0,1,1,0,ok,"{""sentences"": [""I hear you."", ""We can pause here for a moment.""], ""safety"": ""ok""}",1,2176,1.5352000000348198,0.013199999557400588,0.00030000046535860747,0.01249999968422344,0.004600000465870835,1.570999999785272
2788,d358_u15,neutral,train,358,15,random,3,0,0,0,0,0,0,0,0,not_invoked,,1,2176,1.5654999997423147,0.012600000445672777,0.00019999970390927047,0.0010000003385357559,0.004900000021734741,1.589100000273902
2789,d358_u16,neutral,train,358,16,random,3,0,0,0,0,0,0,0,0,not_invoked,,1,2176,1.4732999998159357,0.013199999557400588,0.00030000046535860747,0.0009000004865811206,0.004800000169780105,1.4972999997553416
2790,d358_u17,neutral,train,358,17,random,3,1,1,0,0,0,1,1,0,ok,"{""sentences"": [""I hear you."", ""We can pause here for a moment.""], ""safety"": ""ok""}",1,2176,1.4584999998987769,0.01359999987471383,0.0002999995558639057,0.012800000149582047,0.00470000031782547,1.4947999998184969
2791,d358_u18,sad,train,358,18,random,3,0,0,0,0,0,0,0,0,not_invoked,,1,2176,1.5033999998195213,0.013900000340072438,0.00030000046535860747,0.001100000190490391,0.0052999994295532815,1.528899999357236
2792,d359_u1,neutral,train,359,1,random,3,1,1,0,0,0,1,1,0,ok,"{""sentences"": [""I hear you."", ""We can pause here for a moment.""], ""safety"": ""ok""}",1,2176,1.3832999993610429,0.013500000022759195,0.0002999995558639057,0.01269999938813271,0.004799999260285404,1.4194000004863483
2793,d359_u3,sad,train,359,3,random,3,1,1,0,0,0,1,1,0,ok,"{""sentences"": [""I hear you."", ""We can pause here for a moment.""], ""safety"": ""ok""}",1,2176,1.430600000276172,0.013300000318849925,0.00020000061340397224,0.012700000297627412,0.00470000031782547,1.4665999997305335
2794,d359_u4,happy,train,359,4,random,3,0,0,0,0,0,0,0,0,not_invoked,,1,2176,1.407400000061898,0.01320000046689529,0.00030000046535860747,0.000999999429041054,0.004800000169780105,1.431800000318617
2795,d359_u5,happy,train,359,5,random,3,0,0,0,0,0,0,0,0,not_invoked,,1,2176,1.4213999993444304,0.013299999409355223,0.0002999995558639057,0.000999999429041054,0.004799999260285404,1.4458000005106442
2796,d359_u6,sad,train,359,6,random,3,1,1,0,0,0,1,1,0,ok,"{""sentences"": [""I hear you."", ""We can pause here for a moment.""], ""safety"": ""ok""}",1,2176,1.46980000045005,0.013300000318849925,0.00019999970390927047,0.012700000297627412,0.00470000031782547,1.5057000000524567
2797,d360_u0,sad,train,360,0,random,3,0,0,0,0,0,0,0,0,not_invoked,,1,2176,1.4464999994743266,0.01359999987471383,0.0002999995558639057,0.0008999995770864189,0.004900000021734741,1.4875000006213668
2798,d360_u1,sad,train,360,1,random,3,1,1,0,0,0,1,1,0,ok,"{""sentences"": [""I hear you."", ""We can pause here for a moment.""], ""safety"": ""ok""}",1,2176,1.5000000003055902,0.013600000784208532,0.0002999995558639057,0.012200000128359534,0.004399999852466863,1.535399999738729
2799,d360_u2,neutral,train,360,2,random,3,1,1,0,0,0,1,1,0,ok,"{""sentences"": [""I hear you."", ""We can pause here for a moment.""], ""safety"": ""ok""}",1,2176,1.5354999995906837,0.01300000076298602,0.00019999970390927047,0.012599999536178075,0.004900000021734741,1.571200000398676
2800,d360_u3,neutral,train,360,3,random,3,1,1,0,0,0,1,1,0,ok,"{""sentences"": [""I hear you."", ""We can pause here for a moment.""], ""safety"": ""ok""}",1,2176,1.4924999995855615,0.01359999987471383,0.00030000046535860747,0.012800000149582047,0.004600000465870835,1.5287999995052814
2801,d360_u4,neutral,train,360,4,random,3,0,0,0,0,0,0,0,0,not_invoked,,1,2176,1.4505000008284696,0.01340000017080456,0.00019999970390927047,0.0009000004865811206,0.004599999556376133,1.4745999997103354
2802,d360_u5,neutral,train,360,5,random,3,1,1,0,0,0,1,1,0,ok,"{""sentences"": [""I hear you."", ""We can pause here for a moment.""], ""safety"": ""ok""}",1,2176,1.4535999998770421,0.013500000022759195,0.0002999995558639057,0.012399999832268804,0.0045000006139162,1.489199999923585
2803,d361_u0,neutral,train,361,0,random,3,1,1,0,0,0,1,1,0,ok,"{""sentences"": [""I hear you."", ""We can pause here for a moment.""], ""safety"": ""ok""}",1,2176,1.477599999816448,0.012900000001536682,0.00030000046535860747,0.012399999832268804,0.004599999556376133,1.5127999995456776
2804,d361_u1,neutral,train,361,1,random,3,1,1,0,0,0,1,1,0,ok,"{""sentences"": [""I hear you."", ""We can pause here for a moment.""], ""safety"": ""ok""}",1,2176,1.4866000001347857,0.013299999409355223,0.00019999970390927047,0.012799999240087345,0.004599999556376133,1.5227000003505964
2805,d361_u2,neutral,train,361,2,random,3,0,0,0,0,0,0,0,0,not_invoked,,1,2176,1.4760000003661844,0.01320000046689529,0.00030000046535860747,0.0010000003385357559,0.004800000169780105,1.5003999997134088
2806,d361_u4,neutral,train,361,4,random,3,0,0,0,0,0,0,0,0,not_invoked,,1,2176,1.4610999996875762,0.013300000318849925,0.00020000061340397224,0.0010000003385357559,0.00470000031782547,1.485300000240386
2807,d361_u5,neutral,train,361,5,random,3,0,0,0,0,0,0,0,0,not_invoked,,1,2176,1.473199999963981,0.013500000022759195,0.0002999995558639057,0.0008999995770864189,0.00470000031782547,1.4976000002207002
2808,d361_u6,happy,train,361,6,random,3,1,1,0,0,0,1,1,0,ok,"{""sentences"": [""I hear you."", ""We can pause here for a moment.""], ""safety"": ""ok""}",1,2176,1.4456999997491948,0.014199999895936344,0.00019999970390927047,0.012800000149582047,0.00470000031782547,1.4827999993940466
2809,d361_u8,neutral,train,361,8,random,3,1,1,0,0,0,1,1,0,ok,"{""sentences"": [""I hear you."", ""We can pause here for a moment.""], ""safety"": ""ok""}",1,2176,1.4453000003413763,0.013299999409355223,0.0002999995558639057,0.012399999832268804,0.004499999704421498,1.4809000003879191
2810,d361_u10,happy,train,361,10,random,3,1,1,0,0,0,1,1,0,ok,"{""sentences"": [""I hear you."", ""We can pause here for a moment.""], ""safety"": ""ok""}",1,2176,1.4783999995415797,0.013300000318849925,0.0002999995558639057,0.012200000128359534,0.004599999556376133,1.5139000006456627
2811,d361_u11,happy,train,361,11,random,3,1,1,0,0,0,1,1,0,ok,"{""sentences"": [""I hear you."", ""We can pause here for a moment.""], ""safety"": ""ok""}",1,2176,1.4924999995855615,0.013099999705445953,0.00019999970390927047,0.012100000276404899,0.0045000006139162,1.5275000005203765
2812,d361_u12,neutral,train,361,12,random,3,0,0,0,0,0,0,0,0,not_invoked,,1,2176,1.4830999998594052,0.014399999599845614,0.0002999995558639057,0.000999999429041054,0.005099999725644011,1.5092000003278372
2813,d361_u13,neutral,train,361,13,random,3,1,1,0,0,0,1,1,0,ok,"{""sentences"": [""I hear you."", ""We can pause here for a moment.""], ""safety"": ""ok""}",1,2176,1.5647999998691375,0.013500000022759195,0.0002999995558639057,0.012700000297627412,0.00470000031782547,1.600999999936903
2814,d361_u14,neutral,train,361,14,random,3,0,0,0,0,0,0,0,0,not_invoked,,1,2176,1.5291000008801348,0.01340000017080456,0.00030000046535860747,0.0009000004865811206,0.004999999873689376,1.5536999999312684
2815,d362_u0,sad,train,362,0,random,3,1,1,0,0,0,1,1,0,ok,"{""sentences"": [""I hear you."", ""We can pause here for a moment.""], ""safety"": ""ok""}",1,2176,1.4768999999432708,0.01359999987471383,0.0002999995558639057,0.028599999495781958,0.004599999556376133,1.528899999357236
2816,d362_u1,neutral,train,362,1,random,3,0,0,0,0,0,0,0,0,not_invoked,,1,2176,1.5464999996765982,0.013500000022759195,0.00030000046535860747,0.0010000003385357559,0.004999999873689376,1.5714999999545398
2817,d362_u2,neutral,train,362,2,random,3,0,0,0,0,0,0,0,0,not_invoked,,1,2176,1.4651999999841792,0.013199999557400588,0.00019999970390927047,0.0008999995770864189,0.00470000031782547,1.4892999997755396
2818,d362_u3,sad,train,362,3,random,3,0,0,0,0,0,0,0,0,not_invoked,,1,2176,1.421699999809789,0.013099999705445953,0.0002999995558639057,0.0008999995770864189,0.004800000169780105,1.4457999996011495
2819,d362_u4,neutral,train,362,4,random,3,0,0,0,0,0,0,0,0,not_invoked,,1,2176,1.393399999869871,0.01320000046689529,0.0002999995558639057,0.0008999995770864189,0.004800000169780105,1.4177000002746354
2820,d362_u5,sad,train,362,5,random,3,1,1,0,0,0,1,1,0,ok,"{""sentences"": [""I hear you."", ""We can pause here for a moment.""], ""safety"": ""ok""}",1,2176,1.4081999997870298,0.013299999409355223,0.0002999995558639057,0.012299999980314169,0.00470000031782547,1.4438999996855273
2821,d362_u6,neutral,train,362,6,random,3,1,1,0,0,0,1,1,0,ok,"{""sentences"": [""I hear you."", ""We can pause here for a moment.""], ""safety"": ""ok""}",1,2176,1.423100000465638,0.01320000046689529,0.0002999995558639057,0.012299999980314169,0.0045000006139162,1.4584999998987769
2822,d362_u8,neutral,train,362,8,random,3,0,0,0,0,0,0,0,0,not_invoked,,1,2176,1.5232999994623242,0.01320000046689529,0.0002999995558639057,0.0010000003385357559,0.004699999408330768,1.547500000015134
2823,d363_u0,neutral,train,363,0,random,3,0,0,0,0,0,0,0,0,not_invoked,,1,2176,1.5093000001797918,0.01320000046689529,0.0002999995558639057,0.0008999995770864189,0.004800000169780105,1.5335000007326016
2824,d363_u1,neutral,train,363,1,random,3,0,0,0,0,0,0,0,0,not_invoked,,1,2176,1.4122000002316781,0.013100000614940654,0.0002999995558639057,0.0008999995770864189,0.004799999260285404,1.4363000000230386
2825,d364_u0,neutral,train,364,0,random,3,0,0,0,0,0,0,0,0,not_invoked,,1,2176,1.408800000717747,0.022400000489142258,0.00030000046535860747,0.001100000190490391,0.004999999873689376,1.4428000004045316
2826,d365_u0,neutral,train,365,0,random,3,0,0,0,0,0,0,0,0,not_invoked,,1,2176,1.5014000000519445,0.01249999968422344,0.00030000046535860747,0.0008999995770864189,0.004699999408330768,1.5245999993567239
2827,d365_u1,neutral,train,365,1,random,3,0,0,0,0,0,0,0,0,not_invoked,,1,2176,1.4962999994168058,0.013099999705445953,0.00019999970390927047,0.0010000003385357559,0.00470000031782547,1.5203000002657063
2828,d365_u2,neutral,train,365,2,random,3,0,0,0,0,0,0,0,0,not_invoked,,1,2176,1.43599999955768,0.012700000297627412,0.00019999970390927047,0.0008999995770864189,0.00470000031782547,1.4593999994758633
2829,d365_u3,neutral,train,365,3,random,3,1,1,0,0,0,1,1,0,ok,"{""sentences"": [""I hear you."", ""We can pause here for a moment.""], ""safety"": ""ok""}",1,2176,1.3750999996773317,0.012999999853491317,0.00020000061340397224,0.026500000785745215,0.004499999704421498,1.4242999995985883
2830,d365_u4,neutral,train,365,4,random,3,0,0,0,0,0,0,0,0,not_invoked,,1,2176,1.3570000000981963,0.012700000297627412,0.00030000046535860747,0.0010000003385357559,0.00470000031782547,1.3804000000163796
2831,d365_u5,sad,train,365,5,random,3,1,1,0,0,0,1,1,0,ok,"{""sentences"": [""I hear you."", ""We can pause here for a moment.""], ""safety"": ""ok""}",1,2176,1.3855000006515183,0.013099999705445953,0.0002999995558639057,0.011900000572495628,0.004399999852466863,1.4198999997461215
2832,d365_u6,angry,train,365,6,random,3,1,1,0,0,0,1,1,0,ok,"{""sentences"": [""I hear you."", ""We can pause here for a moment.""], ""safety"": ""ok""}",1,2176,1.372800000353891,0.012700000297627412,0.0002999995558639057,0.012099999366910197,0.004600000465870835,1.407400000061898
2833,d365_u7,neutral,train,365,7,random,3,1,1,0,0,0,1,1,0,ok,"{""sentences"": [""I hear you."", ""We can pause here for a moment.""], ""safety"": ""ok""}",1,2176,1.3705000001209555,0.012700000297627412,0.00020000061340397224,0.011900000572495628,0.004300000000512227,1.4048000002730987
2834,d365_u8,neutral,train,365,8,random,3,1,1,0,0,0,1,1,0,ok,"{""sentences"": [""I hear you."", ""We can pause here for a moment.""], ""safety"": ""ok""}",1,2176,1.476100000218139,0.012700000297627412,0.00020000061340397224,0.012399999832268804,0.004699999408330768,1.511200000095414
2835,d365_u9,neutral,train,365,9,random,3,1,1,0,0,0,1,1,0,ok,"{""sentences"": [""I hear you."", ""We can pause here for a moment.""], ""safety"": ""ok""}",1,2176,1.545099999930244,0.013299999409355223,0.00020000061340397224,0.012000000424450263,0.004599999556376133,1.5800000001036096
2836,d365_u10,neutral,train,365,10,random,3,0,0,0,0,0,0,0,0,not_invoked,,1,2176,1.0804999992615194,0.011599999197642319,0.00019999970390927047,0.0009000004865811206,0.004600000465870835,1.1024000004908885
