row_index,utterance_id,source_record_id,timestamp,label,split,Dialogue_ID,Utterance_ID,policy_mode,seed,action_before_fault,action,action_flip_fault_injected,unauthorized_invoke_fault_injected,fault_injected,run_id,configuration_id,execution_instance_id,replay_point_id,correlation_id,authorized_to_generate,generation_invoked,unauthorized_invocation,receipt_fault_mode,receipt_fault_injected,response_safety,response_json,state_exists,state_size_bytes,state_loading_ms,policy_inference_ms,gating_ms,generation_stub_ms,logging_ms,total_latency_ms
0,0,train:d0_u0,,,,,,never,3,0,0,0,0,0,rbpg-3e212e568f3d314e0ee8eb2a,rbpg-3e212e568f3d314e0ee8eb2a,rbpg-exec-a795a1d0cf114c8c8b14d235badf642d,0:train:d0_u0,6f94910d7bdd5151e39b9f10673d68dd,0,0,0,clean,0,not_invoked,,0,0,0.0,0.0015000005078036338,0.0002999986463692039,0.01049999991664663,0.005899999450775795,0.024599999960628338
1,1,train:d0_u1,,,,,,never,3,0,0,0,0,0,rbpg-3e212e568f3d314e0ee8eb2a,rbpg-3e212e568f3d314e0ee8eb2a,rbpg-exec-a795a1d0cf114c8c8b14d235badf642d,1:train:d0_u1,9b191e71e0300c97c771ab98c8fc2c93,0,0,0,clean,0,not_invoked,,0,0,0.0,0.0013999997463542968,0.00030000046535860747,0.010199999451288022,0.004999999873689376,0.022100000933278352
2,2,train:d0_u2,,,,,,never,3,0,0,0,0,0,rbpg-3e212e568f3d314e0ee8eb2a,rbpg-3e212e568f3d314e0ee8eb2a,rbpg-exec-a795a1d0cf114c8c8b14d235badf642d,2:train:d0_u2,f8799cef6fa49b210ed9b35b3d6be33c,0,0,0,clean,0,not_invoked,,0,0,0.0,0.0006000009307172149,0.00019999970390927047,0.025299999833805487,0.0037999998312443495,0.032699999792384915
3,3,train:d0_u3,,,,,,never,3,0,0,0,0,0,rbpg-3e212e568f3d314e0ee8eb2a,rbpg-3e212e568f3d314e0ee8eb2a,rbpg-exec-a795a1d0cf114c8c8b14d235badf642d,3:train:d0_u3,5cbc07c71555688eeac94cd978f3a877,0,0,0,clean,0,not_invoked,,0,0,0.0,0.0008000006346264854,0.00019999970390927047,0.008200000593205914,0.0040000013541430235,0.01650000012887176
4,4,train:d0_u5,,,,,,never,3,0,0,0,0,0,rbpg-3e212e568f3d314e0ee8eb2a,rbpg-3e212e568f3d314e0ee8eb2a,rbpg-exec-a795a1d0cf114c8c8b14d235badf642d,4:train:d0_u5,75f7029bfb43b4dd9e3254babd10c9e4,0,0,0,clean,0,not_invoked,,0,0,0.0,0.00039999940781854093,9.999894245993346e-05,0.00399999953515362,0.0030000010156072676,0.009899998985929415
5,5,train:d0_u6,,,,,,never,3,0,0,0,0,0,rbpg-3e212e568f3d314e0ee8eb2a,rbpg-3e212e568f3d314e0ee8eb2a,rbpg-exec-a795a1d0cf114c8c8b14d235badf642d,5:train:d0_u6,d2e5e3b06d423c13c8a5f30ae13f2b62,0,0,0,clean,0,not_invoked,,0,0,0.0,0.0004000012268079445,0.000200001522898674,0.003499999365885742,0.0026999987312592566,0.008999999408842996
6,6,train:d0_u7,,,,,,never,3,0,0,0,0,0,rbpg-3e212e568f3d314e0ee8eb2a,rbpg-3e212e568f3d314e0ee8eb2a,rbpg-exec-a795a1d0cf114c8c8b14d235badf642d,6:train:d0_u7,61b9c60b5f8c5a643f475705f8401f6b,0,0,0,clean,0,not_invoked,,0,0,0.0,0.0006000009307172149,0.00019999970390927047,0.007499998901039362,0.047900000936351717,0.0593999993725447
7,7,train:d0_u8,,,,,,never,3,0,0,0,0,0,rbpg-3e212e568f3d314e0ee8eb2a,rbpg-3e212e568f3d314e0ee8eb2a,rbpg-exec-a795a1d0cf114c8c8b14d235badf642d,7:train:d0_u8,48b52fa98f39617f1692f48ff7aea44a,0,0,0,clean,0,not_invoked,,0,0,0.0,0.00039999940781854093,0.000100000761449337,0.004899999112240039,0.002899998435168527,0.011000000085914508
8,8,train:d0_u9,,,,,,never,3,0,0,0,0,0,rbpg-3e212e568f3d314e0ee8eb2a,rbpg-3e212e568f3d314e0ee8eb2a,rbpg-exec-a795a1d0cf114c8c8b14d235badf642d,8:train:d0_u9,0ce97578b27ecb26bbb978322b7d745c,0,0,0,clean,0,not_invoked,,0,0,0.0,0.00030000046535860747,0.00019999970390927047,0.003499999365885742,0.0026999987312592566,0.008799999704933725
9,9,train:d0_u11,,,,,,never,3,0,0,0,0,0,rbpg-3e212e568f3d314e0ee8eb2a,rbpg-3e212e568f3d314e0ee8eb2a,rbpg-exec-a795a1d0cf114c8c8b14d235badf642d,9:train:d0_u11,db3755d765ff425e338da6e8d0bc1e47,0,0,0,clean,0,not_invoked,,0,0,0.0,0.0013999997463542968,0.00019999970390927047,0.012999998943996616,0.005899999450775795,0.026699999580159783
10,10,train:d0_u13,,,,,,never,3,0,0,0,0,0,rbpg-3e212e568f3d314e0ee8eb2a,rbpg-3e212e568f3d314e0ee8eb2a,rbpg-exec-a795a1d0cf114c8c8b14d235badf642d,10:train:d0_u13,39a43d3636713f6aba124bb2ed3371d7,0,0,0,clean,0,not_invoked,,0,0,0.0,0.0005999991117278114,0.00019999970390927047,0.004899999112240039,0.00399999953515362,0.012699998478638008
11,11,train:d1_u1,,,,,,never,3,0,0,0,0,0,rbpg-3e212e568f3d314e0ee8eb2a,rbpg-3e212e568f3d314e0ee8eb2a,rbpg-exec-a795a1d0cf114c8c8b14d235badf642d,11:train:d1_u1,9329a24b8fc52d79a70d0a4749eb49a2,0,0,0,clean,0,not_invoked,,0,0,0.0,0.0005000001692678779,0.000100000761449337,0.00399999953515362,0.003099999958067201,0.010200001270277426
12,12,train:d1_u4,,,,,,never,3,0,0,0,0,0,rbpg-3e212e568f3d314e0ee8eb2a,rbpg-3e212e568f3d314e0ee8eb2a,rbpg-exec-a795a1d0cf114c8c8b14d235badf642d,12:train:d1_u4,99832c5368fd0e902383123f647bcd85,0,0,0,clean,0,not_invoked,,0,0,0.0,0.0010999992809956893,0.0002999986463692039,0.011899999663000926,0.005500000042957254,0.04410000110510737
13,13,train:d1_u5,,,,,,never,3,0,0,0,0,0,rbpg-3e212e568f3d314e0ee8eb2a,rbpg-3e212e568f3d314e0ee8eb2a,rbpg-exec-a795a1d0cf114c8c8b14d235badf642d,13:train:d1_u5,841f2f2bb00998d80f51f0a1295b3802,0,0,0,clean,0,not_invoked,,0,0,0.0,0.0006999998731771484,0.00019999970390927047,0.004899999112240039,0.0037999998312443495,0.012499998774728738
14,14,train:d1_u8,,,,,,never,3,0,0,0,0,0,rbpg-3e212e568f3d314e0ee8eb2a,rbpg-3e212e568f3d314e0ee8eb2a,rbpg-exec-a795a1d0cf114c8c8b14d235badf642d,14:train:d1_u8,e3c8a0fa917c4e7c3008fd8ad68c3d85,0,0,0,clean,0,not_invoked,,0,0,0.0,0.0005000001692678779,0.00019999970390927047,0.0037999998312443495,0.0032999996619764715,0.010399999155197293
15,15,train:d2_u0,,,,,,never,3,0,0,0,0,0,rbpg-3e212e568f3d314e0ee8eb2a,rbpg-3e212e568f3d314e0ee8eb2a,rbpg-exec-a795a1d0cf114c8c8b14d235badf642d,15:train:d2_u0,52eecbedffcbfe9ba83b303833b8466e,0,0,0,clean,0,not_invoked,,0,0,0.0,0.0008000006346264854,0.00019999970390927047,0.008299999535665847,0.03339999966556206,0.04660000013245735
16,16,train:d2_u1,,,,,,never,3,0,0,0,0,0,rbpg-3e212e568f3d314e0ee8eb2a,rbpg-3e212e568f3d314e0ee8eb2a,rbpg-exec-a795a1d0cf114c8c8b14d235badf642d,16:train:d2_u1,655bcb24782e32fb57bddd28e030173e,0,0,0,clean,0,not_invoked,,0,0,0.0,0.00039999940781854093,0.000100000761449337,0.00399999953515362,0.003099999958067201,0.010300000212737359
17,17,train:d2_u2,,,,,,never,3,0,0,0,0,0,rbpg-3e212e568f3d314e0ee8eb2a,rbpg-3e212e568f3d314e0ee8eb2a,rbpg-exec-a795a1d0cf114c8c8b14d235badf642d,17:train:d2_u2,4a0d332794de5e7a7dda76afbb3fe3a6,0,0,0,clean,0,not_invoked,,0,0,0.0,0.00030000046535860747,0.00019999970390927047,0.0037999998312443495,0.017299998944508843,0.04430000080901664
18,18,train:d2_u3,,,,,,never,3,0,0,0,0,0,rbpg-3e212e568f3d314e0ee8eb2a,rbpg-3e212e568f3d314e0ee8eb2a,rbpg-exec-a795a1d0cf114c8c8b14d235badf642d,18:train:d2_u3,ecda22f829144ae38709b4c1a824a5be,0,0,0,clean,0,not_invoked,,0,0,0.0,0.0006999998731771484,0.00019999970390927047,0.03670000114652794,0.0037999998312443495,0.044600001274375245
19,19,train:d2_u5,,,,,,never,3,0,0,0,0,0,rbpg-3e212e568f3d314e0ee8eb2a,rbpg-3e212e568f3d314e0ee8eb2a,rbpg-exec-a795a1d0cf114c8c8b14d235badf642d,19:train:d2_u5,90f0dab4a7476aa218ac9c4910d79760,0,0,0,clean,0,not_invoked,,0,0,0.0,0.0004000012268079445,0.00019999970390927047,0.003600000127335079,0.0029000002541579306,0.009299999874201603
20,20,train:d2_u7,,,,,,never,3,0,0,0,0,0,rbpg-3e212e568f3d314e0ee8eb2a,rbpg-3e212e568f3d314e0ee8eb2a,rbpg-exec-a795a1d0cf114c8c8b14d235badf642d,20:train:d2_u7,675500b5128b968633dbda998298ad67,0,0,0,clean,0,not_invoked,,0,0,0.0,0.00039999940781854093,0.00019999970390927047,0.0032999996619764715,0.0026999987312592566,0.008499999239575118
21,21,train:d2_u8,,,,,,never,3,0,0,0,0,0,rbpg-3e212e568f3d314e0ee8eb2a,rbpg-3e212e568f3d314e0ee8eb2a,rbpg-exec-a795a1d0cf114c8c8b14d235badf642d,21:train:d2_u8,61dcd1cb37c8aaf69f5d7899b28e6537,0,0,0,clean,0,not_invoked,,0,0,0.0,0.0013999997463542968,0.000200001522898674,0.013800001397612505,0.006199999916134402,0.028700000257231295
22,22,train:d2_u9,,,,,,never,3,0,0,0,0,0,rbpg-3e212e568f3d314e0ee8eb2a,rbpg-3e212e568f3d314e0ee8eb2a,rbpg-exec-a795a1d0cf114c8c8b14d235badf642d,22:train:d2_u9,5e775b82586ab1a79d9319e32a697ff6,0,0,0,clean,0,not_invoked,,0,0,0.0,0.0006999998731771484,9.999894245993346e-05,0.00540000110049732,0.004300000000512227,0.013999999282532372
23,23,train:d2_u10,,,,,,never,3,0,0,0,0,0,rbpg-3e212e568f3d314e0ee8eb2a,rbpg-3e212e568f3d314e0ee8eb2a,rbpg-exec-a795a1d0cf114c8c8b14d235badf642d,23:train:d2_u10,71b3f89be24523239f4164c1b4d18e59,0,0,0,clean,0,not_invoked,,0,0,0.0,0.0005000001692678779,0.000200001522898674,0.004499999704421498,0.003200000719516538,0.011099999028374441
24,24,train:d2_u11,,,,,,never,3,0,0,0,0,0,rbpg-3e212e568f3d314e0ee8eb2a,rbpg-3e212e568f3d314e0ee8eb2a,rbpg-exec-a795a1d0cf114c8c8b14d235badf642d,24:train:d2_u11,25ec4b8460c66670782614a8c1426ca8,0,0,0,clean,0,not_invoked,,0,0,0.0,0.0005000001692678779,0.000200001522898674,0.003899998773704283,0.0029000002541579306,0.02429999949526973
25,25,train:d2_u12,,,,,,never,3,0,0,0,0,0,rbpg-3e212e568f3d314e0ee8eb2a,rbpg-3e212e568f3d314e0ee8eb2a,rbpg-exec-a795a1d0cf114c8c8b14d235badf642d,25:train:d2_u12,cde9e7a7db0bb66e38ea727019719b5e,0,0,0,clean,0,not_invoked,,0,0,0.0,0.00030000046535860747,9.999894245993346e-05,0.003099999958067201,0.002300001142430119,0.007900000127847306
26,26,train:d3_u3,,,,,,never,3,0,0,0,0,0,rbpg-3e212e568f3d314e0ee8eb2a,rbpg-3e212e568f3d314e0ee8eb2a,rbpg-exec-a795a1d0cf114c8c8b14d235badf642d,26:train:d3_u3,471156ab09abfb6a8bd334740b3de452,0,0,0,clean,0,not_invoked,,0,0,0.0,0.00030000046535860747,9.999894245993346e-05,0.0031999989005271345,0.0024000000848900527,0.008000000889296643
27,27,train:d3_u4,,,,,,never,3,0,0,0,0,0,rbpg-3e212e568f3d314e0ee8eb2a,rbpg-3e212e568f3d314e0ee8eb2a,rbpg-exec-a795a1d0cf114c8c8b14d235badf642d,27:train:d3_u4,b7939dd45fd197e57a77e8dac2fcb404,0,0,0,clean,0,not_invoked,,0,0,0.0,0.00030000046535860747,0.00019999970390927047,0.0027999994927085936,0.002399998265900649,0.007599999662488699
28,28,train:d3_u5,,,,,,never,3,0,0,0,0,0,rbpg-3e212e568f3d314e0ee8eb2a,rbpg-3e212e568f3d314e0ee8eb2a,rbpg-exec-a795a1d0cf114c8c8b14d235badf642d,28:train:d3_u5,7880b358809691c56f13c366091accf5,0,0,0,clean,0,not_invoked,,0,0,0.0,0.0002999986463692039,0.000200001522898674,0.0027999994927085936,0.0022999993234407157,0.0075000007200287655
29,29,train:d3_u8,,,,,,never,3,0,0,0,0,0,rbpg-3e212e568f3d314e0ee8eb2a,rbpg-3e212e568f3d314e0ee8eb2a,rbpg-exec-a795a1d0cf114c8c8b14d235badf642d,29:train:d3_u8,4829f7d221f39969905a193813c50a41,0,0,0,clean,0,not_invoked,,0,0,0.0,0.00030000046535860747,0.000200001522898674,0.0027999994927085936,0.0024000000848900527,0.007599999662488699
30,30,train:d3_u9,,,,,,never,3,0,0,0,0,0,rbpg-3e212e568f3d314e0ee8eb2a,rbpg-3e212e568f3d314e0ee8eb2a,rbpg-exec-a795a1d0cf114c8c8b14d235badf642d,30:train:d3_u9,878333fe6046b0eda8965f874ea568ca,0,0,0,clean,0,not_invoked,,0,0,0.0,0.00030000046535860747,0.00019999970390927047,0.0029000002541579306,0.0024000000848900527,0.0075000007200287655
31,31,train:d4_u1,,,,,,never,3,0,0,0,0,0,rbpg-3e212e568f3d314e0ee8eb2a,rbpg-3e212e568f3d314e0ee8eb2a,rbpg-exec-a795a1d0cf114c8c8b14d235badf642d,31:train:d4_u1,4710e1b559d5312e2831531f7410baa6,0,0,0,clean,0,not_invoked,,0,0,0.0,0.00030000046535860747,0.00019999970390927047,0.0029000002541579306,0.02229999881819822,0.02750000021478627
32,32,train:d4_u3,,,,,,never,3,0,0,0,0,0,rbpg-3e212e568f3d314e0ee8eb2a,rbpg-3e212e568f3d314e0ee8eb2a,rbpg-exec-a795a1d0cf114c8c8b14d235badf642d,32:train:d4_u3,e12eba2fbab850191975767e36bb3ce2,0,0,0,clean,0,not_invoked,,0,0,0.0,0.00030000046535860747,0.000100000761449337,0.0030000010156072676,0.02350000067963265,0.029099999665049836
33,33,train:d4_u4,,,,,,never,3,0,0,0,0,0,rbpg-3e212e568f3d314e0ee8eb2a,rbpg-3e212e568f3d314e0ee8eb2a,rbpg-exec-a795a1d0cf114c8c8b14d235badf642d,33:train:d4_u4,58e9d0029dfe14862a938257020cf256,0,0,0,clean,0,not_invoked,,0,0,0.0,0.00030000046535860747,0.00019999970390927047,0.0032999996619764715,0.002599999788799323,0.008699998943484388
34,34,train:d4_u5,,,,,,never,3,0,0,0,0,0,rbpg-3e212e568f3d314e0ee8eb2a,rbpg-3e212e568f3d314e0ee8eb2a,rbpg-exec-a795a1d0cf114c8c8b14d235badf642d,34:train:d4_u5,d205eec4ba5a438bfd938d292e9e5337,0,0,0,clean,0,not_invoked,,0,0,0.0,0.0004000012268079445,0.00019999970390927047,0.0034000004234258085,0.002599999788799323,0.008799999704933725
35,35,train:d4_u6,,,,,,never,3,0,0,0,0,0,rbpg-3e212e568f3d314e0ee8eb2a,rbpg-3e212e568f3d314e0ee8eb2a,rbpg-exec-a795a1d0cf114c8c8b14d235badf642d,35:train:d4_u6,49f93eda9c9a58d0905dfe494c1225e2,0,0,0,clean,0,not_invoked,,0,0,0.0,0.0002999986463692039,0.00019999970390927047,0.003200000719516538,0.002599999788799323,0.008499999239575118
36,36,train:d4_u7,,,,,,never,3,0,0,0,0,0,rbpg-3e212e568f3d314e0ee8eb2a,rbpg-3e212e568f3d314e0ee8eb2a,rbpg-exec-a795a1d0cf114c8c8b14d235badf642d,36:train:d4_u7,3b471e4fc2d15569b284e763b69105bd,0,0,0,clean,0,not_invoked,,0,0,0.0,0.00030000046535860747,0.000200001522898674,0.003099999958067201,0.0029000002541579306,0.008700000762473792
37,37,train:d4_u8,,,,,,never,3,0,0,0,0,0,rbpg-3e212e568f3d314e0ee8eb2a,rbpg-3e212e568f3d314e0ee8eb2a,rbpg-exec-a795a1d0cf114c8c8b14d235badf642d,37:train:d4_u8,b248115efdef767d7f40c5c8965738cc,0,0,0,clean,0,not_invoked,,0,0,0.0,0.00030000046535860747,0.00019999970390927047,0.003200000719516538,0.0027999994927085936,0.008700000762473792
38,38,train:d4_u9,,,,,,never,3,0,0,0,0,0,rbpg-3e212e568f3d314e0ee8eb2a,rbpg-3e212e568f3d314e0ee8eb2a,rbpg-exec-a795a1d0cf114c8c8b14d235badf642d,38:train:d4_u9,d9d9d69497dca3aef62c2943009d345c,0,0,0,clean,0,not_invoked,,0,0,0.0,0.00039999940781854093,0.00019999970390927047,0.003099999958067201,0.00270000055024866,0.008499999239575118
39,39,train:d4_u10,,,,,,never,3,0,0,0,0,0,rbpg-3e212e568f3d314e0ee8eb2a,rbpg-3e212e568f3d314e0ee8eb2a,rbpg-exec-a795a1d0cf114c8c8b14d235badf642d,39:train:d4_u10,a7a23ab18d40b1e004f875218b401edb,0,0,0,clean,0,not_invoked,,0,0,0.0,0.0002999986463692039,0.00019999970390927047,0.003099999958067201,0.002599999788799323,0.008299999535665847
40,40,train:d4_u11,,,,,,never,3,0,0,0,0,0,rbpg-3e212e568f3d314e0ee8eb2a,rbpg-3e212e568f3d314e0ee8eb2a,rbpg-exec-a795a1d0cf114c8c8b14d235badf642d,40:train:d4_u11,96521ac2d8006dd75f698bf388ce734a,0,0,0,clean,0,not_invoked,,0,0,0.0,0.00030000046535860747,0.00019999970390927047,0.002999999196617864,0.0024000000848900527,0.02220000169472769
41,41,train:d4_u12,,,,,,never,3,0,0,0,0,0,rbpg-3e212e568f3d314e0ee8eb2a,rbpg-3e212e568f3d314e0ee8eb2a,rbpg-exec-a795a1d0cf114c8c8b14d235badf642d,41:train:d4_u12,00da453700e390bfc9d7ea6dcf01a92a,0,0,0,clean,0,not_invoked,,0,0,0.0,0.00039999940781854093,0.00019999970390927047,0.0034000004234258085,0.0029000002541579306,0.009100000170292333
42,42,train:d4_u13,,,,,,never,3,0,0,0,0,0,rbpg-3e212e568f3d314e0ee8eb2a,rbpg-3e212e568f3d314e0ee8eb2a,rbpg-exec-a795a1d0cf114c8c8b14d235badf642d,42:train:d4_u13,bce94139e7e3413a94483845e453450c,0,0,0,clean,0,not_invoked,,0,0,0.0,0.00030000046535860747,0.00019999970390927047,0.0032999996619764715,0.003499999365885742,0.00960000033956021
43,43,train:d4_u14,,,,,,never,3,0,0,0,0,0,rbpg-3e212e568f3d314e0ee8eb2a,rbpg-3e212e568f3d314e0ee8eb2a,rbpg-exec-a795a1d0cf114c8c8b14d235badf642d,43:train:d4_u14,2a6e30c66e966219c32de9b3c6a362fb,0,0,0,clean,0,not_invoked,,0,0,0.0,0.0004000012268079445,0.00019999970390927047,0.0032999996619764715,0.002800001311697997,0.0090000012278324
44,44,train:d5_u0,,,,,,never,3,0,0,0,0,0,rbpg-3e212e568f3d314e0ee8eb2a,rbpg-3e212e568f3d314e0ee8eb2a,rbpg-exec-a795a1d0cf114c8c8b14d235badf642d,44:train:d5_u0,f2ae7525a12a0de2d5323cc96a235426,0,0,0,clean,0,not_invoked,,0,0,0.0,0.00039999940781854093,0.00019999970390927047,0.0034000004234258085,0.003099999958067201,0.00940000063565094
45,45,train:d5_u1,,,,,,never,3,0,0,0,0,0,rbpg-3e212e568f3d314e0ee8eb2a,rbpg-3e212e568f3d314e0ee8eb2a,rbpg-exec-a795a1d0cf114c8c8b14d235badf642d,45:train:d5_u1,81b07a7c963068594973125c1b7ae0f6,0,0,0,clean,0,not_invoked,,0,0,0.0,0.00030000046535860747,0.00019999970390927047,0.0034000004234258085,0.0067999990278622136,0.01300000076298602
46,46,train:d5_u2,,,,,,never,3,0,0,0,0,0,rbpg-3e212e568f3d314e0ee8eb2a,rbpg-3e212e568f3d314e0ee8eb2a,rbpg-exec-a795a1d0cf114c8c8b14d235badf642d,46:train:d5_u2,94ade22b1f88aec599c3bf1720087f13,0,0,0,clean,0,not_invoked,,0,0,0.0,0.0005000001692678779,0.000200001522898674,0.004999999873689376,0.0031999989005271345,0.011800000720540993
47,47,train:d6_u0,,,,,,never,3,0,0,0,0,0,rbpg-3e212e568f3d314e0ee8eb2a,rbpg-3e212e568f3d314e0ee8eb2a,rbpg-exec-a795a1d0cf114c8c8b14d235badf642d,47:train:d6_u0,f9bade78277c719f5a195ed074e57e20,0,0,0,clean,0,not_invoked,,0,0,0.0,0.00039999940781854093,0.00019999970390927047,0.0034000004234258085,0.0027999994927085936,0.023100001271814108
48,48,train:d6_u2,,,,,,never,3,0,0,0,0,0,rbpg-3e212e568f3d314e0ee8eb2a,rbpg-3e212e568f3d314e0ee8eb2a,rbpg-exec-a795a1d0cf114c8c8b14d235badf642d,48:train:d6_u2,004af34f9a475b7f1dc29fe3c24dc7d6,0,0,0,clean,0,not_invoked,,0,0,0.0,0.00030000046535860747,0.000100000761449337,0.0027999994927085936,0.022199999875738285,0.027300000510877
49,49,train:d6_u3,,,,,,never,3,0,0,0,0,0,rbpg-3e212e568f3d314e0ee8eb2a,rbpg-3e212e568f3d314e0ee8eb2a,rbpg-exec-a795a1d0cf114c8c8b14d235badf642d,49:train:d6_u3,446b57b3918539580e4418b6e65e68bd,0,0,0,clean,0,not_invoked,,0,0,0.0,0.00030000046535860747,0.000100000761449337,0.0027999994927085936,0.002499999027349986,0.007800001185387373
50,50,train:d6_u4,,,,,,never,3,0,0,0,0,0,rbpg-3e212e568f3d314e0ee8eb2a,rbpg-3e212e568f3d314e0ee8eb2a,rbpg-exec-a795a1d0cf114c8c8b14d235badf642d,50:train:d6_u4,30244d143e12a98612d8b8bb40bdd9fc,0,0,0,clean,0,not_invoked,,0,0,0.0,0.00030000046535860747,0.00019999970390927047,0.0029000002541579306,0.0024000000848900527,0.007699998604948632
51,51,train:d6_u5,,,,,,never,3,0,0,0,0,0,rbpg-3e212e568f3d314e0ee8eb2a,rbpg-3e212e568f3d314e0ee8eb2a,rbpg-exec-a795a1d0cf114c8c8b14d235badf642d,51:train:d6_u5,368589cf10b30a8f4c40af3034916706,0,0,0,clean,0,not_invoked,,0,0,0.0,0.00030000046535860747,0.000200001522898674,0.0027999994927085936,0.002499999027349986,0.007700000423938036
52,52,train:d6_u6,,,,,,never,3,0,0,0,0,0,rbpg-3e212e568f3d314e0ee8eb2a,rbpg-3e212e568f3d314e0ee8eb2a,rbpg-exec-a795a1d0cf114c8c8b14d235badf642d,52:train:d6_u6,26bef560b41e8f2db93684e60ba06c90,0,0,0,clean,0,not_invoked,,0,0,0.0,0.00030000046535860747,0.000200001522898674,0.0027999994927085936,0.002499999027349986,0.007700000423938036
53,53,train:d6_u7,,,,,,never,3,0,0,0,0,0,rbpg-3e212e568f3d314e0ee8eb2a,rbpg-3e212e568f3d314e0ee8eb2a,rbpg-exec-a795a1d0cf114c8c8b14d235badf642d,53:train:d6_u7,49de5789b3740f43665519f8aca2acc6,0,0,0,clean,0,not_invoked,,0,0,0.0,0.0002999986463692039,0.00019999970390927047,0.01680000059423037,0.0024000000848900527,0.02159999894502107
54,54,train:d6_u9,,,,,,never,3,0,0,0,0,0,rbpg-3e212e568f3d314e0ee8eb2a,rbpg-3e212e568f3d314e0ee8eb2a,rbpg-exec-a795a1d0cf114c8c8b14d235badf642d,54:train:d6_u9,db296e05ef044ef915f6b0d72dfad078,0,0,0,clean,0,not_invoked,,0,0,0.0,0.0002999986463692039,0.00019999970390927047,0.0026999987312592566,0.002499999027349986,0.007599999662488699
55,55,train:d6_u10,,,,,,never,3,0,0,0,0,0,rbpg-3e212e568f3d314e0ee8eb2a,rbpg-3e212e568f3d314e0ee8eb2a,rbpg-exec-a795a1d0cf114c8c8b14d235badf642d,55:train:d6_u10,6b2e4a5e44b180c1a12f9584fdfd55ec,0,0,0,clean,0,not_invoked,,0,0,0.0,0.00030000046535860747,0.00019999970390927047,0.0027999994927085936,0.0022999993234407157,0.0073999999585794285
56,56,train:d6_u11,,,,,,never,3,0,0,0,0,0,rbpg-3e212e568f3d314e0ee8eb2a,rbpg-3e212e568f3d314e0ee8eb2a,rbpg-exec-a795a1d0cf114c8c8b14d235badf642d,56:train:d6_u11,c785147308fce991531a45a5974aead8,0,0,0,clean,0,not_invoked,,0,0,0.0,0.00030000046535860747,0.000100000761449337,0.002800001311697997,0.002300001142430119,0.0073999999585794285
57,57,train:d6_u12,,,,,,never,3,0,0,0,0,0,rbpg-3e212e568f3d314e0ee8eb2a,rbpg-3e212e568f3d314e0ee8eb2a,rbpg-exec-a795a1d0cf114c8c8b14d235badf642d,57:train:d6_u12,5b336f6106c31022ce645793e0c99979,0,0,0,clean,0,not_invoked,,0,0,0.0,0.00030000046535860747,0.000200001522898674,0.0030000010156072676,0.0024000000848900527,0.007800001185387373
58,58,train:d6_u13,,,,,,never,3,0,0,0,0,0,rbpg-3e212e568f3d314e0ee8eb2a,rbpg-3e212e568f3d314e0ee8eb2a,rbpg-exec-a795a1d0cf114c8c8b14d235badf642d,58:train:d6_u13,1fab4886e6955f068326f97fe5d75b7f,0,0,0,clean,0,not_invoked,,0,0,0.0,0.00030000046535860747,0.00019999970390927047,0.00270000055024866,0.0024000000848900527,0.0073999999585794285
59,59,train:d6_u14,,,,,,never,3,0,0,0,0,0,rbpg-3e212e568f3d314e0ee8eb2a,rbpg-3e212e568f3d314e0ee8eb2a,rbpg-exec-a795a1d0cf114c8c8b14d235badf642d,59:train:d6_u14,d85253a60fdf9542d1cf73e678426319,0,0,0,clean,0,not_invoked,,0,0,0.0,0.00030000046535860747,0.00019999970390927047,0.0026999987312592566,0.0022999993234407157,0.007300001016119495
60,60,train:d6_u15,,,,,,never,3,0,0,0,0,0,rbpg-3e212e568f3d314e0ee8eb2a,rbpg-3e212e568f3d314e0ee8eb2a,rbpg-exec-a795a1d0cf114c8c8b14d235badf642d,60:train:d6_u15,29865a26e8eac7edbbeb1f085bdbe320,0,0,0,clean,0,not_invoked,,0,0,0.0,0.00030000046535860747,0.000200001522898674,0.00270000055024866,0.0024000000848900527,0.0073999999585794285
61,61,train:d6_u16,,,,,,never,3,0,0,0,0,0,rbpg-3e212e568f3d314e0ee8eb2a,rbpg-3e212e568f3d314e0ee8eb2a,rbpg-exec-a795a1d0cf114c8c8b14d235badf642d,61:train:d6_u16,3cf55b58d3e5cefbb724a50b1440ec26,0,0,0,clean,0,not_invoked,,0,0,0.0,0.00030000046535860747,0.00019999970390927047,0.00270000055024866,0.0024000000848900527,0.007499998901039362
62,62,train:d6_u18,,,,,,never,3,0,0,0,0,0,rbpg-3e212e568f3d314e0ee8eb2a,rbpg-3e212e568f3d314e0ee8eb2a,rbpg-exec-a795a1d0cf114c8c8b14d235badf642d,62:train:d6_u18,b73dfa6af8b5798754d872b89ad18338,0,0,0,clean,0,not_invoked,,0,0,0.0,0.00030000046535860747,0.00019999970390927047,0.00270000055024866,0.0022999993234407157,0.0073999999585794285
63,63,train:d6_u19,,,,,,never,3,0,0,0,0,0,rbpg-3e212e568f3d314e0ee8eb2a,rbpg-3e212e568f3d314e0ee8eb2a,rbpg-exec-a795a1d0cf114c8c8b14d235badf642d,63:train:d6_u19,01e8f9d3e7b56757c038cf21978f44fe,0,0,0,clean,0,not_invoked,,0,0,0.0,0.00030000046535860747,9.999894245993346e-05,0.0027999994927085936,0.0024000000848900527,0.007499998901039362
64,64,train:d6_u20,,,,,,never,3,0,0,0,0,0,rbpg-3e212e568f3d314e0ee8eb2a,rbpg-3e212e568f3d314e0ee8eb2a,rbpg-exec-a795a1d0cf114c8c8b14d235badf642d,64:train:d6_u20,2e21ef38e2783329da4ed68cc7105d00,0,0,0,clean,0,not_invoked,,0,0,0.0,0.00030000046535860747,9.999894245993346e-05,0.0027999994927085936,0.0024000000848900527,0.007499998901039362
65,65,train:d6_u21,,,,,,never,3,0,0,0,0,0,rbpg-3e212e568f3d314e0ee8eb2a,rbpg-3e212e568f3d314e0ee8eb2a,rbpg-exec-a795a1d0cf114c8c8b14d235badf642d,65:train:d6_u21,3f7128e1759b44dca62d44d64e383bb3,0,0,0,clean,0,not_invoked,,0,0,0.0,0.0002999986463692039,9.999894245993346e-05,0.0027999994927085936,0.0022999993234407157,0.0073999999585794285
66,66,train:d7_u0,,,,,,never,3,0,0,0,0,0,rbpg-3e212e568f3d314e0ee8eb2a,rbpg-3e212e568f3d314e0ee8eb2a,rbpg-exec-a795a1d0cf114c8c8b14d235badf642d,66:train:d7_u0,973c4c9ee6a25470194ef3d69bb92b47,0,0,0,clean,0,not_invoked,,0,0,0.0,0.00030000046535860747,0.000100000761449337,0.00270000055024866,0.0024000000848900527,0.0073999999585794285
67,67,train:d7_u1,,,,,,never,3,0,0,0,0,0,rbpg-3e212e568f3d314e0ee8eb2a,rbpg-3e212e568f3d314e0ee8eb2a,rbpg-exec-a795a1d0cf114c8c8b14d235badf642d,67:train:d7_u1,54acd1432157772d8396f435099e0ab7,0,0,0,clean,0,not_invoked,,0,0,0.0,0.00019999970390927047,9.999894245993346e-05,0.0027999994927085936,0.002300001142430119,0.007499998901039362
68,68,train:d8_u0,,,,,,never,3,0,0,0,0,0,rbpg-3e212e568f3d314e0ee8eb2a,rbpg-3e212e568f3d314e0ee8eb2a,rbpg-exec-a795a1d0cf114c8c8b14d235badf642d,68:train:d8_u0,2a6955b80190b4c4c6350556f495c69c,0,0,0,clean,0,not_invoked,,0,0,0.0,0.0002999986463692039,0.00019999970390927047,0.0026999987312592566,0.0022999993234407157,0.0072999991971300915
69,69,train:d8_u1,,,,,,never,3,0,0,0,0,0,rbpg-3e212e568f3d314e0ee8eb2a,rbpg-3e212e568f3d314e0ee8eb2a,rbpg-exec-a795a1d0cf114c8c8b14d235badf642d,69:train:d8_u1,aa7325af26fc256d3e14bb72950b3682,0,0,0,clean,0,not_invoked,,0,0,0.0,0.00030000046535860747,0.00019999970390927047,0.0027999994927085936,0.0022999993234407157,0.0073999999585794285
70,70,train:d8_u2,,,,,,never,3,0,0,0,0,0,rbpg-3e212e568f3d314e0ee8eb2a,rbpg-3e212e568f3d314e0ee8eb2a,rbpg-exec-a795a1d0cf114c8c8b14d235badf642d,70:train:d8_u2,045d700659b97661f0b764cf9bc2993a,0,0,0,clean,0,not_invoked,,0,0,0.0,0.00030000046535860747,0.000100000761449337,0.002800001311697997,0.002300001142430119,0.0073999999585794285
71,71,train:d8_u3,,,,,,never,3,0,0,0,0,0,rbpg-3e212e568f3d314e0ee8eb2a,rbpg-3e212e568f3d314e0ee8eb2a,rbpg-exec-a795a1d0cf114c8c8b14d235badf642d,71:train:d8_u3,5aa40213412f2cf92bec1ecac1b3b9cc,0,0,0,clean,0,not_invoked,,0,0,0.0,0.0002999986463692039,0.000100000761449337,0.0026999987312592566,0.0022999993234407157,0.007300001016119495
72,72,train:d8_u4,,,,,,never,3,0,0,0,0,0,rbpg-3e212e568f3d314e0ee8eb2a,rbpg-3e212e568f3d314e0ee8eb2a,rbpg-exec-a795a1d0cf114c8c8b14d235badf642d,72:train:d8_u4,5ad89be01ddd2137b373aef0ae0d0ac8,0,0,0,clean,0,not_invoked,,0,0,0.0,0.0002999986463692039,0.00019999970390927047,0.00270000055024866,0.0022999993234407157,0.007400001777568832
73,73,train:d8_u5,,,,,,never,3,0,0,0,0,0,rbpg-3e212e568f3d314e0ee8eb2a,rbpg-3e212e568f3d314e0ee8eb2a,rbpg-exec-a795a1d0cf114c8c8b14d235badf642d,73:train:d8_u5,e84fade7a8cc36e5aa30956ad0bd5045,0,0,0,clean,0,not_invoked,,0,0,0.0,0.00019999970390927047,9.999894245993346e-05,0.0027999994927085936,0.0022999993234407157,0.0073999999585794285
74,74,train:d8_u6,,,,,,never,3,0,0,0,0,0,rbpg-3e212e568f3d314e0ee8eb2a,rbpg-3e212e568f3d314e0ee8eb2a,rbpg-exec-a795a1d0cf114c8c8b14d235badf642d,74:train:d8_u6,f7994846f2c5debe007c0802d45ad1a7,0,0,0,clean,0,not_invoked,,0,0,0.0,0.0002999986463692039,0.00019999970390927047,0.0029000002541579306,0.002300001142430119,0.007499998901039362
75,75,train:d9_u0,,,,,,never,3,0,0,0,0,0,rbpg-3e212e568f3d314e0ee8eb2a,rbpg-3e212e568f3d314e0ee8eb2a,rbpg-exec-a795a1d0cf114c8c8b14d235badf642d,75:train:d9_u0,97dc21755a9adc731a06390807b752dc,0,0,0,clean,0,not_invoked,,0,0,0.0,0.00019999970390927047,0.000100000761449337,0.0030000010156072676,0.002200000380980782,0.0075000007200287655
76,76,train:d9_u1,,,,,,never,3,0,0,0,0,0,rbpg-3e212e568f3d314e0ee8eb2a,rbpg-3e212e568f3d314e0ee8eb2a,rbpg-exec-a795a1d0cf114c8c8b14d235badf642d,76:train:d9_u1,9bc727266ac33a1e6d7efd4bf06f5a7a,0,0,0,clean,0,not_invoked,,0,0,0.0,0.00030000046535860747,0.00019999970390927047,0.002800001311697997,0.002300001142430119,0.007599999662488699
77,77,train:d9_u2,,,,,,never,3,0,0,0,0,0,rbpg-3e212e568f3d314e0ee8eb2a,rbpg-3e212e568f3d314e0ee8eb2a,rbpg-exec-a795a1d0cf114c8c8b14d235badf642d,77:train:d9_u2,c4844729c4c7c2e5b22589041a8c589f,0,0,0,clean,0,not_invoked,,0,0,0.0,0.00030000046535860747,0.00019999970390927047,0.003200000719516538,0.0022999993234407157,0.007900000127847306
78,78,train:d9_u3,,,,,,never,3,0,0,0,0,0,rbpg-3e212e568f3d314e0ee8eb2a,rbpg-3e212e568f3d314e0ee8eb2a,rbpg-exec-a795a1d0cf114c8c8b14d235badf642d,78:train:d9_u3,d93e4ad10f764a32fd95f6dccd8031f8,0,0,0,clean,0,not_invoked,,0,0,0.0,0.00030000046535860747,0.00019999970390927047,0.002999999196617864,0.026300000172341242,0.03169999945384916
79,79,train:d9_u4,,,,,,never,3,0,0,0,0,0,rbpg-3e212e568f3d314e0ee8eb2a,rbpg-3e212e568f3d314e0ee8eb2a,rbpg-exec-a795a1d0cf114c8c8b14d235badf642d,79:train:d9_u4,268856926232fa7ecb74aa23f30f5030,0,0,0,clean,0,not_invoked,,0,0,0.0,0.00030000046535860747,0.00019999970390927047,0.003600000127335079,0.0029000002541579306,0.00940000063565094
80,80,train:d9_u5,,,,,,never,3,0,0,0,0,0,rbpg-3e212e568f3d314e0ee8eb2a,rbpg-3e212e568f3d314e0ee8eb2a,rbpg-exec-a795a1d0cf114c8c8b14d235badf642d,80:train:d9_u5,0da1cbd7a1d2fcaff894d41f27fb2b29,0,0,0,clean,0,not_invoked,,0,0,0.0,0.00030000046535860747,0.00019999970390927047,0.0035000011848751456,0.00270000055024866,0.009100000170292333
81,81,train:d9_u6,,,,,,never,3,0,0,0,0,0,rbpg-3e212e568f3d314e0ee8eb2a,rbpg-3e212e568f3d314e0ee8eb2a,rbpg-exec-a795a1d0cf114c8c8b14d235badf642d,81:train:d9_u6,3d24547321b8eb8c7fd664e07a930232,0,0,0,clean,0,not_invoked,,0,0,0.0,0.00039999940781854093,0.00019999970390927047,0.029599999834317714,0.0029000002541579306,0.035400000342633575
82,82,train:d9_u7,,,,,,never,3,0,0,0,0,0,rbpg-3e212e568f3d314e0ee8eb2a,rbpg-3e212e568f3d314e0ee8eb2a,rbpg-exec-a795a1d0cf114c8c8b14d235badf642d,82:train:d9_u7,c2f52c61ee4eb835dd886ad5afe44aeb,0,0,0,clean,0,not_invoked,,0,0,0.0,0.00039999940781854093,0.00019999970390927047,0.003600000127335079,0.0026999987312592566,0.009100000170292333
83,83,train:d9_u8,,,,,,never,3,0,0,0,0,0,rbpg-3e212e568f3d314e0ee8eb2a,rbpg-3e212e568f3d314e0ee8eb2a,rbpg-exec-a795a1d0cf114c8c8b14d235badf642d,83:train:d9_u8,ad21f9ca2076cbe59d35c9e7b5821b93,0,0,0,clean,0,not_invoked,,0,0,0.0,0.00030000046535860747,0.00019999970390927047,0.0034000004234258085,0.0024000000848900527,0.022399999579647556
84,84,train:d9_u9,,,,,,never,3,0,0,0,0,0,rbpg-3e212e568f3d314e0ee8eb2a,rbpg-3e212e568f3d314e0ee8eb2a,rbpg-exec-a795a1d0cf114c8c8b14d235badf642d,84:train:d9_u9,4557336f7be96a4e914ba672c01fb7bd,0,0,0,clean,0,not_invoked,,0,0,0.0,0.00030000046535860747,0.000200001522898674,0.0029000002541579306,0.002399998265900649,0.007800001185387373
85,85,train:d9_u10,,,,,,never,3,0,0,0,0,0,rbpg-3e212e568f3d314e0ee8eb2a,rbpg-3e212e568f3d314e0ee8eb2a,rbpg-exec-a795a1d0cf114c8c8b14d235badf642d,85:train:d9_u10,be4b18130d03d122affca69c1921d8df,0,0,0,clean,0,not_invoked,,0,0,0.0,0.00030000046535860747,0.00019999970390927047,0.0032999996619764715,0.002599999788799323,0.036299999919719994
86,86,train:d9_u11,,,,,,never,3,0,0,0,0,0,rbpg-3e212e568f3d314e0ee8eb2a,rbpg-3e212e568f3d314e0ee8eb2a,rbpg-exec-a795a1d0cf114c8c8b14d235badf642d,86:train:d9_u11,249d35a3a6a919b4120d75a0f578e01a,0,0,0,clean,0,not_invoked,,0,0,0.0,0.00030000046535860747,0.00019999970390927047,0.0035000011848751456,0.002599999788799323,0.008700000762473792
87,87,train:d9_u13,,,,,,never,3,0,0,0,0,0,rbpg-3e212e568f3d314e0ee8eb2a,rbpg-3e212e568f3d314e0ee8eb2a,rbpg-exec-a795a1d0cf114c8c8b14d235badf642d,87:train:d9_u13,f857bdf15b4aee3060b7680821da940f,0,0,0,clean,0,not_invoked,,0,0,0.0,0.00039999940781854093,0.000100000761449337,0.0032999996619764715,0.0026000016077887267,0.008499999239575118
88,88,train:d10_u0,,,,,,never,3,0,0,0,0,0,rbpg-3e212e568f3d314e0ee8eb2a,rbpg-3e212e568f3d314e0ee8eb2a,rbpg-exec-a795a1d0cf114c8c8b14d235badf642d,88:train:d10_u0,8b0de2955f16e62201fc89e019daa006,0,0,0,clean,0,not_invoked,,0,0,0.0,0.00030000046535860747,0.00019999970390927047,0.003200000719516538,0.0026999987312592566,0.008700000762473792
89,89,train:d10_u1,,,,,,never,3,0,0,0,0,0,rbpg-3e212e568f3d314e0ee8eb2a,rbpg-3e212e568f3d314e0ee8eb2a,rbpg-exec-a795a1d0cf114c8c8b14d235badf642d,89:train:d10_u1,1e9ca088439b071540becaa42f414ca4,0,0,0,clean,0,not_invoked,,0,0,0.0,0.00030000046535860747,0.00019999970390927047,0.003200000719516538,0.0026000016077887267,0.008600000001024455
90,90,train:d10_u2,,,,,,never,3,0,0,0,0,0,rbpg-3e212e568f3d314e0ee8eb2a,rbpg-3e212e568f3d314e0ee8eb2a,rbpg-exec-a795a1d0cf114c8c8b14d235badf642d,90:train:d10_u2,c757e8a510d83965d95606a6169a1ef5,0,0,0,clean,0,not_invoked,,0,0,0.0,0.0004000012268079445,0.00019999970390927047,0.003200000719516538,0.01680000059423037,0.02260000110254623
91,91,train:d10_u3,,,,,,never,3,0,0,0,0,0,rbpg-3e212e568f3d314e0ee8eb2a,rbpg-3e212e568f3d314e0ee8eb2a,rbpg-exec-a795a1d0cf114c8c8b14d235badf642d,91:train:d10_u3,eb193ee0cca196b33d9d769311aa1c61,0,0,0,clean,0,not_invoked,,0,0,0.0,0.0002999986463692039,0.000100000761449337,0.0029000002541579306,0.02539999877626542,0.03079999987676274
92,92,train:d10_u4,,,,,,never,3,0,0,0,0,0,rbpg-3e212e568f3d314e0ee8eb2a,rbpg-3e212e568f3d314e0ee8eb2a,rbpg-exec-a795a1d0cf114c8c8b14d235badf642d,92:train:d10_u4,42316b131c6782cea2c07bfe6c600592,0,0,0,clean,0,not_invoked,,0,0,0.0,0.00030000046535860747,0.00019999970390927047,0.003300001480965875,0.0027999994927085936,0.008799999704933725
93,93,train:d10_u5,,,,,,never,3,0,0,0,0,0,rbpg-3e212e568f3d314e0ee8eb2a,rbpg-3e212e568f3d314e0ee8eb2a,rbpg-exec-a795a1d0cf114c8c8b14d235badf642d,93:train:d10_u5,59fa1751c0f1384606a15f9288bc8f92,0,0,0,clean,0,not_invoked,,0,0,0.0,0.00030000046535860747,0.00019999970390927047,0.0034000004234258085,0.00270000055024866,0.008899998647393659
94,94,train:d11_u0,,,,,,never,3,0,0,0,0,0,rbpg-3e212e568f3d314e0ee8eb2a,rbpg-3e212e568f3d314e0ee8eb2a,rbpg-exec-a795a1d0cf114c8c8b14d235badf642d,94:train:d11_u0,9685e328b3b116b873cd1fa3e6397389,0,0,0,clean,0,not_invoked,,0,0,0.0,0.0002999986463692039,0.00019999970390927047,0.0031999989005271345,0.0027999994927085936,0.008799999704933725
95,95,train:d11_u1,,,,,,never,3,0,0,0,0,0,rbpg-3e212e568f3d314e0ee8eb2a,rbpg-3e212e568f3d314e0ee8eb2a,rbpg-exec-a795a1d0cf114c8c8b14d235badf642d,95:train:d11_u1,4562c99ea0cb27af925857f61bac2994,0,0,0,clean,0,not_invoked,,0,0,0.0,0.00030000046535860747,0.000200001522898674,0.0032999996619764715,0.00270000055024866,0.008900000466383062
96,96,train:d11_u2,,,,,,never,3,0,0,0,0,0,rbpg-3e212e568f3d314e0ee8eb2a,rbpg-3e212e568f3d314e0ee8eb2a,rbpg-exec-a795a1d0cf114c8c8b14d235badf642d,96:train:d11_u2,283365aabf192ab2173647f9c560d079,0,0,0,clean,0,not_invoked,,0,0,0.0,0.00030000046535860747,0.00019999970390927047,0.003200000719516538,0.01669999983278103,0.022700000045006163
97,97,train:d11_u3,,,,,,never,3,0,0,0,0,0,rbpg-3e212e568f3d314e0ee8eb2a,rbpg-3e212e568f3d314e0ee8eb2a,rbpg-exec-a795a1d0cf114c8c8b14d235badf642d,97:train:d11_u3,7c921095aa26b77ffb9e79aa97732a97,0,0,0,clean,0,not_invoked,,0,0,0.0,0.000200001522898674,0.00019999970390927047,0.00270000055024866,0.0022999993234407157,0.007300001016119495
98,98,train:d11_u4,,,,,,never,3,0,0,0,0,0,rbpg-3e212e568f3d314e0ee8eb2a,rbpg-3e212e568f3d314e0ee8eb2a,rbpg-exec-a795a1d0cf114c8c8b14d235badf642d,98:train:d11_u4,edcf8c3614e1d8576565f3dacbf1871b,0,0,0,clean,0,not_invoked,,0,0,0.0,0.00030000046535860747,0.000200001522898674,0.002800001311697997,0.002300001142430119,0.0073999999585794285
99,99,train:d11_u5,,,,,,never,3,0,0,0,0,0,rbpg-3e212e568f3d314e0ee8eb2a,rbpg-3e212e568f3d314e0ee8eb2a,rbpg-exec-a795a1d0cf114c8c8b14d235badf642d,99:train:d11_u5,9bad5f3dfca0fa46a9f5820f101b8b6c,0,0,0,clean,0,not_invoked,,0,0,0.0,0.0002999986463692039,0.00019999970390927047,0.002999999196617864,0.002599999788799323,0.007900000127847306
100,100,train:d11_u6,,,,,,never,3,0,0,0,0,0,rbpg-3e212e568f3d314e0ee8eb2a,rbpg-3e212e568f3d314e0ee8eb2a,rbpg-exec-a795a1d0cf114c8c8b14d235badf642d,100:train:d11_u6,d0675570ee0b0c717ddceafed98fb8d8,0,0,0,clean,0,not_invoked,,0,0,0.0,0.0002999986463692039,0.00019999970390927047,0.0027999994927085936,0.0022999993234407157,0.007300001016119495
101,101,train:d11_u7,,,,,,never,3,0,0,0,0,0,rbpg-3e212e568f3d314e0ee8eb2a,rbpg-3e212e568f3d314e0ee8eb2a,rbpg-exec-a795a1d0cf114c8c8b14d235badf642d,101:train:d11_u7,8c6190d3658feb7fef47b0a9d16a4d5f,0,0,0,clean,0,not_invoked,,0,0,0.0,0.0002999986463692039,0.000100000761449337,0.003200000719516538,0.002300001142430119,0.007700000423938036
102,102,train:d11_u8,,,,,,never,3,0,0,0,0,0,rbpg-3e212e568f3d314e0ee8eb2a,rbpg-3e212e568f3d314e0ee8eb2a,rbpg-exec-a795a1d0cf114c8c8b14d235badf642d,102:train:d11_u8,5a4be75b534d13c497eeeec5aee071bc,0,0,0,clean,0,not_invoked,,0,0,0.0,0.00030000046535860747,0.000200001522898674,0.0029000002541579306,0.0022999993234407157,0.0073999999585794285
103,103,train:d11_u9,,,,,,never,3,0,0,0,0,0,rbpg-3e212e568f3d314e0ee8eb2a,rbpg-3e212e568f3d314e0ee8eb2a,rbpg-exec-a795a1d0cf114c8c8b14d235badf642d,103:train:d11_u9,9be0d5dccd4b0996c46f7845dcda1cf4,0,0,0,clean,0,not_invoked,,0,0,0.0,0.0002999986463692039,9.999894245993346e-05,0.0027999994927085936,0.0024000000848900527,0.007499998901039362
104,104,train:d12_u0,,,,,,never,3,0,0,0,0,0,rbpg-3e212e568f3d314e0ee8eb2a,rbpg-3e212e568f3d314e0ee8eb2a,rbpg-exec-a795a1d0cf114c8c8b14d235badf642d,104:train:d12_u0,c6e88787d610d94012bef6a3f2ab3892,0,0,0,clean,0,not_invoked,,0,0,0.0,0.00030000046535860747,9.999894245993346e-05,0.00270000055024866,0.0024000000848900527,0.0073999999585794285
105,105,train:d12_u1,,,,,,never,3,0,0,0,0,0,rbpg-3e212e568f3d314e0ee8eb2a,rbpg-3e212e568f3d314e0ee8eb2a,rbpg-exec-a795a1d0cf114c8c8b14d235badf642d,105:train:d12_u1,dd529f26b61e843770e97cf8bbbdac69,0,0,0,clean,0,not_invoked,,0,0,0.0,0.00030000046535860747,0.000100000761449337,0.0027999994927085936,0.0022999993234407157,0.0073999999585794285
106,106,train:d12_u5,,,,,,never,3,0,0,0,0,0,rbpg-3e212e568f3d314e0ee8eb2a,rbpg-3e212e568f3d314e0ee8eb2a,rbpg-exec-a795a1d0cf114c8c8b14d235badf642d,106:train:d12_u5,df86aed3c9ec00ad30bfd828e5e66313,0,0,0,clean,0,not_invoked,,0,0,0.0,0.00019999970390927047,0.000100000761449337,0.00270000055024866,0.0022999993234407157,0.0073999999585794285
107,107,train:d12_u7,,,,,,never,3,0,0,0,0,0,rbpg-3e212e568f3d314e0ee8eb2a,rbpg-3e212e568f3d314e0ee8eb2a,rbpg-exec-a795a1d0cf114c8c8b14d235badf642d,107:train:d12_u7,a2f39b6d96d9b7b7d19b597585447bde,0,0,0,clean,0,not_invoked,,0,0,0.0,0.00030000046535860747,0.00019999970390927047,0.00270000055024866,0.002300001142430119,0.0072999991971300915
108,108,train:d12_u11,,,,,,never,3,0,0,0,0,0,rbpg-3e212e568f3d314e0ee8eb2a,rbpg-3e212e568f3d314e0ee8eb2a,rbpg-exec-a795a1d0cf114c8c8b14d235badf642d,108:train:d12_u11,5e925ed46c60d165d105529566dbe335,0,0,0,clean,0,not_invoked,,0,0,0.0,0.00030000046535860747,0.000100000761449337,0.003200000719516538,0.0022999993234407157,0.007800001185387373
109,109,train:d13_u0,,,,,,never,3,0,0,0,0,0,rbpg-3e212e568f3d314e0ee8eb2a,rbpg-3e212e568f3d314e0ee8eb2a,rbpg-exec-a795a1d0cf114c8c8b14d235badf642d,109:train:d13_u0,d262a7c59293cd1074a329168e1f5b1c,0,0,0,clean,0,not_invoked,,0,0,0.0,0.00019999970390927047,0.00019999970390927047,0.0027999994927085936,0.0022999993234407157,0.0075000007200287655
110,110,train:d13_u1,,,,,,never,3,0,0,0,0,0,rbpg-3e212e568f3d314e0ee8eb2a,rbpg-3e212e568f3d314e0ee8eb2a,rbpg-exec-a795a1d0cf114c8c8b14d235badf642d,110:train:d13_u1,4b600cf78ac6f49686114e52e124843d,0,0,0,clean,0,not_invoked,,0,0,0.0,0.00030000046535860747,0.000200001522898674,0.00270000055024866,0.0024000000848900527,0.0073999999585794285
111,111,train:d13_u3,,,,,,never,3,0,0,0,0,0,rbpg-3e212e568f3d314e0ee8eb2a,rbpg-3e212e568f3d314e0ee8eb2a,rbpg-exec-a795a1d0cf114c8c8b14d235badf642d,111:train:d13_u3,e293f6f98d17162f638ac26bf501c9ae,0,0,0,clean,0,not_invoked,,0,0,0.0,0.00030000046535860747,0.00019999970390927047,0.002899998435168527,0.0022999993234407157,0.0075000007200287655
112,112,train:d14_u0,,,,,,never,3,0,0,0,0,0,rbpg-3e212e568f3d314e0ee8eb2a,rbpg-3e212e568f3d314e0ee8eb2a,rbpg-exec-a795a1d0cf114c8c8b14d235badf642d,112:train:d14_u0,fbad2e95771e8c79c42421ea64b28573,0,0,0,clean,0,not_invoked,,0,0,0.0,0.00030000046535860747,9.999894245993346e-05,0.002599999788799323,0.0022999993234407157,0.007200000254670158
113,113,train:d14_u1,,,,,,never,3,0,0,0,0,0,rbpg-3e212e568f3d314e0ee8eb2a,rbpg-3e212e568f3d314e0ee8eb2a,rbpg-exec-a795a1d0cf114c8c8b14d235badf642d,113:train:d14_u1,d6c6031cefb7ef59004d2ba2855014ce,0,0,0,clean,0,not_invoked,,0,0,0.0,0.00030000046535860747,9.999894245993346e-05,0.00270000055024866,0.002300001142430119,0.0072999991971300915
114,114,train:d14_u2,,,,,,never,3,0,0,0,0,0,rbpg-3e212e568f3d314e0ee8eb2a,rbpg-3e212e568f3d314e0ee8eb2a,rbpg-exec-a795a1d0cf114c8c8b14d235badf642d,114:train:d14_u2,45e6898e6f95ce1d7e441db28ae0631e,0,0,0,clean,0,not_invoked,,0,0,0.0,0.00030000046535860747,0.000100000761449337,0.00270000055024866,0.0024000000848900527,0.0073999999585794285
115,115,train:d14_u4,,,,,,never,3,0,0,0,0,0,rbpg-3e212e568f3d314e0ee8eb2a,rbpg-3e212e568f3d314e0ee8eb2a,rbpg-exec-a795a1d0cf114c8c8b14d235badf642d,115:train:d14_u4,6ba377732b676bffbce51644d1fe1f39,0,0,0,clean,0,not_invoked,,0,0,0.0,0.00030000046535860747,0.000100000761449337,0.0029000002541579306,0.0024000000848900527,0.007599999662488699
116,116,train:d14_u5,,,,,,never,3,0,0,0,0,0,rbpg-3e212e568f3d314e0ee8eb2a,rbpg-3e212e568f3d314e0ee8eb2a,rbpg-exec-a795a1d0cf114c8c8b14d235badf642d,116:train:d14_u5,3238d37ff6828078d564bd1853d89d9a,0,0,0,clean,0,not_invoked,,0,0,0.0,0.00030000046535860747,0.000200001522898674,0.0027999994927085936,0.002300001142430119,0.0072999991971300915
117,117,train:d15_u0,,,,,,never,3,0,0,0,0,0,rbpg-3e212e568f3d314e0ee8eb2a,rbpg-3e212e568f3d314e0ee8eb2a,rbpg-exec-a795a1d0cf114c8c8b14d235badf642d,117:train:d15_u0,0c6bbbfc6d6567e0b17b4ad3b53ff41e,0,0,0,clean,0,not_invoked,,0,0,0.0,0.0002999986463692039,9.999894245993346e-05,0.0026999987312592566,0.0022999993234407157,0.007300001016119495
118,118,train:d15_u1,,,,,,never,3,0,0,0,0,0,rbpg-3e212e568f3d314e0ee8eb2a,rbpg-3e212e568f3d314e0ee8eb2a,rbpg-exec-a795a1d0cf114c8c8b14d235badf642d,118:train:d15_u1,37d40376131d05db462dbaa5426b7363,0,0,0,clean,0,not_invoked,,0,0,0.0,0.00030000046535860747,0.000200001522898674,0.002599999788799323,0.0024000000848900527,0.0072999991971300915
119,119,train:d15_u2,,,,,,never,3,0,0,0,0,0,rbpg-3e212e568f3d314e0ee8eb2a,rbpg-3e212e568f3d314e0ee8eb2a,rbpg-exec-a795a1d0cf114c8c8b14d235badf642d,119:train:d15_u2,350ed70a9dd1cbad9b60226ef426cae9,0,0,0,clean,0,not_invoked,,0,0,0.0,0.00019999970390927047,0.00019999970390927047,0.0027999994927085936,0.0024000000848900527,0.0073999999585794285
120,120,train:d15_u3,,,,,,never,3,0,0,0,0,0,rbpg-3e212e568f3d314e0ee8eb2a,rbpg-3e212e568f3d314e0ee8eb2a,rbpg-exec-a795a1d0cf114c8c8b14d235badf642d,120:train:d15_u3,ad18814defb5ee30c027ceb0fae04cec,0,0,0,clean,0,not_invoked,,0,0,0.0,0.0002999986463692039,0.00019999970390927047,0.0026999987312592566,0.002200000380980782,0.0071999984356807545
121,121,train:d15_u5,,,,,,never,3,0,0,0,0,0,rbpg-3e212e568f3d314e0ee8eb2a,rbpg-3e212e568f3d314e0ee8eb2a,rbpg-exec-a795a1d0cf114c8c8b14d235badf642d,121:train:d15_u5,4150f77f45907c31abe8d4963c0a5190,0,0,0,clean,0,not_invoked,,0,0,0.0,0.00030000046535860747,0.000100000761449337,0.0027999994927085936,0.0024000000848900527,0.007499998901039362
122,122,train:d15_u6,,,,,,never,3,0,0,0,0,0,rbpg-3e212e568f3d314e0ee8eb2a,rbpg-3e212e568f3d314e0ee8eb2a,rbpg-exec-a795a1d0cf114c8c8b14d235badf642d,122:train:d15_u6,630869e39861b1bcd1125366e03e2ac5,0,0,0,clean,0,not_invoked,,0,0,0.0,0.00030000046535860747,0.00019999970390927047,0.00270000055024866,0.002300001142430119,0.0072999991971300915
123,123,train:d15_u7,,,,,,never,3,0,0,0,0,0,rbpg-3e212e568f3d314e0ee8eb2a,rbpg-3e212e568f3d314e0ee8eb2a,rbpg-exec-a795a1d0cf114c8c8b14d235badf642d,123:train:d15_u7,7c76d0c91086bfebc7b0cc0ca47f2df0,0,0,0,clean,0,not_invoked,,0,0,0.0,0.00019999970390927047,0.000100000761449337,0.00270000055024866,0.0024000000848900527,0.007200000254670158
124,124,train:d15_u8,,,,,,never,3,0,0,0,0,0,rbpg-3e212e568f3d314e0ee8eb2a,rbpg-3e212e568f3d314e0ee8eb2a,rbpg-exec-a795a1d0cf114c8c8b14d235badf642d,124:train:d15_u8,a2ef6c13e4e37b685df2df67f063b52e,0,0,0,clean,0,not_invoked,,0,0,0.0,0.000200001522898674,0.00019999970390927047,0.00270000055024866,0.0022999993234407157,0.007300001016119495
125,125,train:d15_u9,,,,,,never,3,0,0,0,0,0,rbpg-3e212e568f3d314e0ee8eb2a,rbpg-3e212e568f3d314e0ee8eb2a,rbpg-exec-a795a1d0cf114c8c8b14d235badf642d,125:train:d15_u9,6b6086020af11084c0542a2f6af4dabc,0,0,0,clean,0,not_invoked,,0,0,0.0,0.00030000046535860747,0.00019999970390927047,0.00270000055024866,0.002300001142430119,0.0072999991971300915
126,126,train:d15_u10,,,,,,never,3,0,0,0,0,0,rbpg-3e212e568f3d314e0ee8eb2a,rbpg-3e212e568f3d314e0ee8eb2a,rbpg-exec-a795a1d0cf114c8c8b14d235badf642d,126:train:d15_u10,9ac0c32c0997644fdf649cbe7697e444,0,0,0,clean,0,not_invoked,,0,0,0.0,0.00019999970390927047,9.999894245993346e-05,0.0026999987312592566,0.002200000380980782,0.007200000254670158
127,127,train:d15_u11,,,,,,never,3,0,0,0,0,0,rbpg-3e212e568f3d314e0ee8eb2a,rbpg-3e212e568f3d314e0ee8eb2a,rbpg-exec-a795a1d0cf114c8c8b14d235badf642d,127:train:d15_u11,75f2d13b728ff2b13ff58e71f6e7f3fd,0,0,0,clean,0,not_invoked,,0,0,0.0,0.0002999986463692039,0.00019999970390927047,0.0027999994927085936,0.0024000000848900527,0.0073999999585794285
128,128,train:d15_u12,,,,,,never,3,0,0,0,0,0,rbpg-3e212e568f3d314e0ee8eb2a,rbpg-3e212e568f3d314e0ee8eb2a,rbpg-exec-a795a1d0cf114c8c8b14d235badf642d,128:train:d15_u12,98470d2b64cec16067489690912f3efd,0,0,0,clean,0,not_invoked,,0,0,0.0,0.00030000046535860747,0.00019999970390927047,0.00270000055024866,0.0024000000848900527,0.0072999991971300915
129,129,train:d15_u13,,,,,,never,3,0,0,0,0,0,rbpg-3e212e568f3d314e0ee8eb2a,rbpg-3e212e568f3d314e0ee8eb2a,rbpg-exec-a795a1d0cf114c8c8b14d235badf642d,129:train:d15_u13,a926e915e0bc9672832ee77b5ba1b001,0,0,0,clean,0,not_invoked,,0,0,0.0,0.00030000046535860747,9.999894245993346e-05,0.00270000055024866,0.0024000000848900527,0.0073999999585794285
130,130,train:d15_u14,,,,,,never,3,0,0,0,0,0,rbpg-3e212e568f3d314e0ee8eb2a,rbpg-3e212e568f3d314e0ee8eb2a,rbpg-exec-a795a1d0cf114c8c8b14d235badf642d,130:train:d15_u14,08a86e51a4397b892448941dce9e2d8a,0,0,0,clean,0,not_invoked,,0,0,0.0,0.00030000046535860747,0.00019999970390927047,0.0030000010156072676,0.002300001142430119,0.007599999662488699
131,131,train:d15_u15,,,,,,never,3,0,0,0,0,0,rbpg-3e212e568f3d314e0ee8eb2a,rbpg-3e212e568f3d314e0ee8eb2a,rbpg-exec-a795a1d0cf114c8c8b14d235badf642d,131:train:d15_u15,df4a959cbd8dd08e1657496b82c77194,0,0,0,clean,0,not_invoked,,0,0,0.0,0.00030000046535860747,0.00019999970390927047,0.00270000055024866,0.0024000000848900527,0.0073999999585794285
132,132,train:d15_u16,,,,,,never,3,0,0,0,0,0,rbpg-3e212e568f3d314e0ee8eb2a,rbpg-3e212e568f3d314e0ee8eb2a,rbpg-exec-a795a1d0cf114c8c8b14d235badf642d,132:train:d15_u16,5c36f719aaf4ffb0ffbfe7f92dfbb6f1,0,0,0,clean,0,not_invoked,,0,0,0.0,0.00030000046535860747,9.999894245993346e-05,0.0026999987312592566,0.002599999788799323,0.0075000007200287655
133,133,train:d15_u17,,,,,,never,3,0,0,0,0,0,rbpg-3e212e568f3d314e0ee8eb2a,rbpg-3e212e568f3d314e0ee8eb2a,rbpg-exec-a795a1d0cf114c8c8b14d235badf642d,133:train:d15_u17,1012cf154b4d30090cdffb734190f9a0,0,0,0,clean,0,not_invoked,,0,0,0.0,0.00030000046535860747,0.00019999970390927047,0.00270000055024866,0.0024000000848900527,0.007300001016119495
134,134,train:d15_u18,,,,,,never,3,0,0,0,0,0,rbpg-3e212e568f3d314e0ee8eb2a,rbpg-3e212e568f3d314e0ee8eb2a,rbpg-exec-a795a1d0cf114c8c8b14d235badf642d,134:train:d15_u18,0e78b26584da3aa9a30b214af878e012,0,0,0,clean,0,not_invoked,,0,0,0.0,0.00030000046535860747,0.00019999970390927047,0.00270000055024866,0.015300000086426735,0.020400000721565448
135,135,train:d15_u19,,,,,,never,3,0,0,0,0,0,rbpg-3e212e568f3d314e0ee8eb2a,rbpg-3e212e568f3d314e0ee8eb2a,rbpg-exec-a795a1d0cf114c8c8b14d235badf642d,135:train:d15_u19,fb7c3dcb88d3bf077e93eff82a4c7eb7,0,0,0,clean,0,not_invoked,,0,0,0.0,0.0002999986463692039,0.000100000761449337,0.0037999998312443495,0.0022999993234407157,0.008499999239575118
136,136,train:d15_u20,,,,,,never,3,0,0,0,0,0,rbpg-3e212e568f3d314e0ee8eb2a,rbpg-3e212e568f3d314e0ee8eb2a,rbpg-exec-a795a1d0cf114c8c8b14d235badf642d,136:train:d15_u20,c264aadfca5db6bfd5dc9738c73f8e36,0,0,0,clean,0,not_invoked,,0,0,0.0,0.00030000046535860747,0.000100000761449337,0.002800001311697997,0.002300001142430119,0.007499998901039362
137,137,train:d15_u21,,,,,,never,3,0,0,0,0,0,rbpg-3e212e568f3d314e0ee8eb2a,rbpg-3e212e568f3d314e0ee8eb2a,rbpg-exec-a795a1d0cf114c8c8b14d235badf642d,137:train:d15_u21,38c04991871b9c31fcc2a2596938b7a9,0,0,0,clean,0,not_invoked,,0,0,0.0,0.00030000046535860747,0.000100000761449337,0.0027999994927085936,0.0022999993234407157,0.0073999999585794285
138,138,train:d15_u22,,,,,,never,3,0,0,0,0,0,rbpg-3e212e568f3d314e0ee8eb2a,rbpg-3e212e568f3d314e0ee8eb2a,rbpg-exec-a795a1d0cf114c8c8b14d235badf642d,138:train:d15_u22,6c8e2ac2f6647720798d559938840fb2,0,0,0,clean,0,not_invoked,,0,0,0.0,0.00030000046535860747,0.00019999970390927047,0.00270000055024866,0.0022999993234407157,0.0073999999585794285
139,139,train:d16_u0,,,,,,never,3,0,0,0,0,0,rbpg-3e212e568f3d314e0ee8eb2a,rbpg-3e212e568f3d314e0ee8eb2a,rbpg-exec-a795a1d0cf114c8c8b14d235badf642d,139:train:d16_u0,3ab3b9c6e669583544a9cef0bfd554dc,0,0,0,clean,0,not_invoked,,0,0,0.0,0.00030000046535860747,0.00019999970390927047,0.002800001311697997,0.002599999788799323,0.007599999662488699
140,140,train:d16_u1,,,,,,never,3,0,0,0,0,0,rbpg-3e212e568f3d314e0ee8eb2a,rbpg-3e212e568f3d314e0ee8eb2a,rbpg-exec-a795a1d0cf114c8c8b14d235badf642d,140:train:d16_u1,0a5b39cb3e1b532f599fd25717fbe49f,0,0,0,clean,0,not_invoked,,0,0,0.0,0.00039999940781854093,0.00019999970390927047,0.003600000127335079,0.002599999788799323,0.008799999704933725
141,141,train:d16_u4,,,,,,never,3,0,0,0,0,0,rbpg-3e212e568f3d314e0ee8eb2a,rbpg-3e212e568f3d314e0ee8eb2a,rbpg-exec-a795a1d0cf114c8c8b14d235badf642d,141:train:d16_u4,47f7f383f41100d7d729c0c66b238043,0,0,0,clean,0,not_invoked,,0,0,0.0,0.00030000046535860747,0.000200001522898674,0.0029000002541579306,0.0022999993234407157,0.0075000007200287655
142,142,train:d16_u5,,,,,,never,3,0,0,0,0,0,rbpg-3e212e568f3d314e0ee8eb2a,rbpg-3e212e568f3d314e0ee8eb2a,rbpg-exec-a795a1d0cf114c8c8b14d235badf642d,142:train:d16_u5,6db2e23a9b18e8ec4af3099c183de5c4,0,0,0,clean,0,not_invoked,,0,0,0.0,0.00030000046535860747,0.000100000761449337,0.00270000055024866,0.0022999993234407157,0.007300001016119495
143,143,train:d17_u0,,,,,,never,3,0,0,0,0,0,rbpg-3e212e568f3d314e0ee8eb2a,rbpg-3e212e568f3d314e0ee8eb2a,rbpg-exec-a795a1d0cf114c8c8b14d235badf642d,143:train:d17_u0,40b09b73958d8b118fe9ec08b50163e0,0,0,0,clean,0,not_invoked,,0,0,0.0,0.00030000046535860747,0.00019999970390927047,0.0027999994927085936,0.002200000380980782,0.007200000254670158
144,144,train:d17_u1,,,,,,never,3,0,0,0,0,0,rbpg-3e212e568f3d314e0ee8eb2a,rbpg-3e212e568f3d314e0ee8eb2a,rbpg-exec-a795a1d0cf114c8c8b14d235badf642d,144:train:d17_u1,9ae617c42f494031bb0b8411582c8a62,0,0,0,clean,0,not_invoked,,0,0,0.0,0.00030000046535860747,0.000200001522898674,0.00270000055024866,0.0022999993234407157,0.007200000254670158
145,145,train:d17_u2,,,,,,never,3,0,0,0,0,0,rbpg-3e212e568f3d314e0ee8eb2a,rbpg-3e212e568f3d314e0ee8eb2a,rbpg-exec-a795a1d0cf114c8c8b14d235badf642d,145:train:d17_u2,77333379fede04bf00bcc34e6c9f2c2b,0,0,0,clean,0,not_invoked,,0,0,0.0,0.000200001522898674,0.00019999970390927047,0.0027999994927085936,0.0022999993234407157,0.007300001016119495
146,146,train:d17_u3,,,,,,never,3,0,0,0,0,0,rbpg-3e212e568f3d314e0ee8eb2a,rbpg-3e212e568f3d314e0ee8eb2a,rbpg-exec-a795a1d0cf114c8c8b14d235badf642d,146:train:d17_u3,694dcc883a1e55093ccdd812094df46b,0,0,0,clean,0,not_invoked,,0,0,0.0,0.0002999986463692039,0.00019999970390927047,0.0029000002541579306,0.0022999993234407157,0.0073999999585794285
147,147,train:d17_u5,,,,,,never,3,0,0,0,0,0,rbpg-3e212e568f3d314e0ee8eb2a,rbpg-3e212e568f3d314e0ee8eb2a,rbpg-exec-a795a1d0cf114c8c8b14d235badf642d,147:train:d17_u5,f192e4db0f743f580844bc9cce9035be,0,0,0,clean,0,not_invoked,,0,0,0.0,0.00030000046535860747,0.00019999970390927047,0.00270000055024866,0.002200000380980782,0.007200000254670158
148,148,train:d17_u7,,,,,,never,3,0,0,0,0,0,rbpg-3e212e568f3d314e0ee8eb2a,rbpg-3e212e568f3d314e0ee8eb2a,rbpg-exec-a795a1d0cf114c8c8b14d235badf642d,148:train:d17_u7,000d608450c4937e918fa482403cd24f,0,0,0,clean,0,not_invoked,,0,0,0.0,0.00030000046535860747,0.00019999970390927047,0.0030000010156072676,0.002300001142430119,0.007499998901039362
149,149,train:d17_u8,,,,,,never,3,0,0,0,0,0,rbpg-3e212e568f3d314e0ee8eb2a,rbpg-3e212e568f3d314e0ee8eb2a,rbpg-exec-a795a1d0cf114c8c8b14d235badf642d,149:train:d17_u8,d453ec9a7c70884000c8e5678c7c2244,0,0,0,clean,0,not_invoked,,0,0,0.0,0.0002999986463692039,0.00019999970390927047,0.0027999994927085936,0.002300001142430119,0.007200000254670158
150,150,train:d17_u9,,,,,,never,3,0,0,0,0,0,rbpg-3e212e568f3d314e0ee8eb2a,rbpg-3e212e568f3d314e0ee8eb2a,rbpg-exec-a795a1d0cf114c8c8b14d235badf642d,150:train:d17_u9,095fabe01af394620d630ab5536c001f,0,0,0,clean,0,not_invoked,,0,0,0.0,0.0002999986463692039,9.999894245993346e-05,0.0026999987312592566,0.002200000380980782,0.0071999984356807545
151,151,train:d17_u10,,,,,,never,3,0,0,0,0,0,rbpg-3e212e568f3d314e0ee8eb2a,rbpg-3e212e568f3d314e0ee8eb2a,rbpg-exec-a795a1d0cf114c8c8b14d235badf642d,151:train:d17_u10,108fe66fd80be9a3314a75be5085e440,0,0,0,clean,0,not_invoked,,0,0,0.0,0.00019999970390927047,0.00019999970390927047,0.0029000002541579306,0.0022999993234407157,0.0073999999585794285
152,152,train:d18_u0,,,,,,never,3,0,0,0,0,0,rbpg-3e212e568f3d314e0ee8eb2a,rbpg-3e212e568f3d314e0ee8eb2a,rbpg-exec-a795a1d0cf114c8c8b14d235badf642d,152:train:d18_u0,2d6968ca5ec13a4cd510fbaf03a16487,0,0,0,clean,0,not_invoked,,0,0,0.0,0.00030000046535860747,0.00019999970390927047,0.00270000055024866,0.002300001142430119,0.007200000254670158
153,153,train:d18_u1,,,,,,never,3,0,0,0,0,0,rbpg-3e212e568f3d314e0ee8eb2a,rbpg-3e212e568f3d314e0ee8eb2a,rbpg-exec-a795a1d0cf114c8c8b14d235badf642d,153:train:d18_u1,8ee5a86adebe445235b11b18ae500d2d,0,0,0,clean,0,not_invoked,,0,0,0.0,0.00030000046535860747,0.000100000761449337,0.00270000055024866,0.002300001142430119,0.0072999991971300915
154,154,train:d18_u2,,,,,,never,3,0,0,0,0,0,rbpg-3e212e568f3d314e0ee8eb2a,rbpg-3e212e568f3d314e0ee8eb2a,rbpg-exec-a795a1d0cf114c8c8b14d235badf642d,154:train:d18_u2,1c4a29b2bb4f12a907f4efff1a1d554f,0,0,0,clean,0,not_invoked,,0,0,0.0,0.02750000021478627,0.000100000761449337,0.0030000010156072676,0.0024000000848900527,0.0349000001733657
155,155,train:d18_u3,,,,,,never,3,0,0,0,0,0,rbpg-3e212e568f3d314e0ee8eb2a,rbpg-3e212e568f3d314e0ee8eb2a,rbpg-exec-a795a1d0cf114c8c8b14d235badf642d,155:train:d18_u3,09641ed265b54ba635bba44134fbfb82,0,0,0,clean,0,not_invoked,,0,0,0.0,0.0002999986463692039,9.999894245993346e-05,0.002899998435168527,0.0024000000848900527,0.007700000423938036
156,156,train:d18_u4,,,,,,never,3,0,0,0,0,0,rbpg-3e212e568f3d314e0ee8eb2a,rbpg-3e212e568f3d314e0ee8eb2a,rbpg-exec-a795a1d0cf114c8c8b14d235badf642d,156:train:d18_u4,e269b20a29b700f2b463735ffdda175a,0,0,0,clean,0,not_invoked,,0,0,0.0,0.00030000046535860747,0.00019999970390927047,0.002800001311697997,0.0022999993234407157,0.007599999662488699
157,157,train:d18_u5,,,,,,never,3,0,0,0,0,0,rbpg-3e212e568f3d314e0ee8eb2a,rbpg-3e212e568f3d314e0ee8eb2a,rbpg-exec-a795a1d0cf114c8c8b14d235badf642d,157:train:d18_u5,0589e09b92299487eaef53e71b52b48c,0,0,0,clean,0,not_invoked,,0,0,0.0,0.0004000012268079445,0.000100000761449337,0.003200000719516538,0.00270000055024866,0.008500001058564521
158,158,train:d18_u7,,,,,,never,3,0,0,0,0,0,rbpg-3e212e568f3d314e0ee8eb2a,rbpg-3e212e568f3d314e0ee8eb2a,rbpg-exec-a795a1d0cf114c8c8b14d235badf642d,158:train:d18_u7,44e4a84bf5337c9d1cd44d3ee31a2c52,0,0,0,clean,0,not_invoked,,0,0,0.0,0.00030000046535860747,0.00019999970390927047,0.003099999958067201,0.002599999788799323,0.008499999239575118
159,159,train:d18_u8,,,,,,never,3,0,0,0,0,0,rbpg-3e212e568f3d314e0ee8eb2a,rbpg-3e212e568f3d314e0ee8eb2a,rbpg-exec-a795a1d0cf114c8c8b14d235badf642d,159:train:d18_u8,f76b509796adf374e52bee9a8ead724d,0,0,0,clean,0,not_invoked,,0,0,0.0,0.00030000046535860747,0.00019999970390927047,0.003200000719516538,0.0026000016077887267,0.008400000297115184
160,160,train:d19_u0,,,,,,never,3,0,0,0,0,0,rbpg-3e212e568f3d314e0ee8eb2a,rbpg-3e212e568f3d314e0ee8eb2a,rbpg-exec-a795a1d0cf114c8c8b14d235badf642d,160:train:d19_u0,00b14286918b8f7ad4dd8dc44ddc2183,0,0,0,clean,0,not_invoked,,0,0,0.0,0.00030000046535860747,9.999894245993346e-05,0.003099999958067201,0.002599999788799323,0.00839999847812578
161,161,train:d19_u1,,,,,,never,3,0,0,0,0,0,rbpg-3e212e568f3d314e0ee8eb2a,rbpg-3e212e568f3d314e0ee8eb2a,rbpg-exec-a795a1d0cf114c8c8b14d235badf642d,161:train:d19_u1,41bf33dd7ebe8141315489b86827318e,0,0,0,clean,0,not_invoked,,0,0,0.0,0.00030000046535860747,0.00019999970390927047,0.0031999989005271345,0.002599999788799323,0.008499999239575118
162,162,train:d20_u0,,,,,,never,3,0,0,0,0,0,rbpg-3e212e568f3d314e0ee8eb2a,rbpg-3e212e568f3d314e0ee8eb2a,rbpg-exec-a795a1d0cf114c8c8b14d235badf642d,162:train:d20_u0,b33ca005faf65ecc28f9367facc2965b,0,0,0,clean,0,not_invoked,,0,0,0.0,0.00030000046535860747,0.00019999970390927047,0.0032999996619764715,0.002599999788799323,0.008700000762473792
163,163,train:d20_u1,,,,,,never,3,0,0,0,0,0,rbpg-3e212e568f3d314e0ee8eb2a,rbpg-3e212e568f3d314e0ee8eb2a,rbpg-exec-a795a1d0cf114c8c8b14d235badf642d,163:train:d20_u1,6ec42d80103ee6a1b13cbbf511129ccf,0,0,0,clean,0,not_invoked,,0,0,0.0,0.0002999986463692039,0.00019999970390927047,0.0031999989005271345,0.017099999240599573,0.022899999748915434
164,164,train:d20_u2,,,,,,never,3,0,0,0,0,0,rbpg-3e212e568f3d314e0ee8eb2a,rbpg-3e212e568f3d314e0ee8eb2a,rbpg-exec-a795a1d0cf114c8c8b14d235badf642d,164:train:d20_u2,a4d50e540dfdef55834edc8b45e10eb8,0,0,0,clean,0,not_invoked,,0,0,0.0,0.00030000046535860747,0.000100000761449337,0.0030000010156072676,0.016200001482502557,0.021600000764010474
165,165,train:d20_u3,,,,,,never,3,0,0,0,0,0,rbpg-3e212e568f3d314e0ee8eb2a,rbpg-3e212e568f3d314e0ee8eb2a,rbpg-exec-a795a1d0cf114c8c8b14d235badf642d,165:train:d20_u3,d3ae562be85a32306f7e9ad2f47a81f5,0,0,0,clean,0,not_invoked,,0,0,0.0,0.00030000046535860747,0.000100000761449337,0.023599999622092582,0.0024000000848900527,0.028300000849412754
166,166,train:d20_u4,,,,,,never,3,0,0,0,0,0,rbpg-3e212e568f3d314e0ee8eb2a,rbpg-3e212e568f3d314e0ee8eb2a,rbpg-exec-a795a1d0cf114c8c8b14d235badf642d,166:train:d20_u4,feed112b2b5725767bcbaa542cbc06d1,0,0,0,clean,0,not_invoked,,0,0,0.0,0.00019999970390927047,9.999894245993346e-05,0.002800001311697997,0.0024000000848900527,0.007700000423938036
167,167,train:d20_u5,,,,,,never,3,0,0,0,0,0,rbpg-3e212e568f3d314e0ee8eb2a,rbpg-3e212e568f3d314e0ee8eb2a,rbpg-exec-a795a1d0cf114c8c8b14d235badf642d,167:train:d20_u5,69cc5c21d702e20905a22c3794931619,0,0,0,clean,0,not_invoked,,0,0,0.0,0.00030000046535860747,0.00019999970390927047,0.0029000002541579306,0.0024000000848900527,0.007699998604948632
168,168,train:d20_u6,,,,,,never,3,0,0,0,0,0,rbpg-3e212e568f3d314e0ee8eb2a,rbpg-3e212e568f3d314e0ee8eb2a,rbpg-exec-a795a1d0cf114c8c8b14d235badf642d,168:train:d20_u6,14103f1f217e7e1471a577dcc704540c,0,0,0,clean,0,not_invoked,,0,0,0.0,0.00030000046535860747,0.00019999970390927047,0.0031999989005271345,0.0022999993234407157,0.008000000889296643
169,169,train:d20_u7,,,,,,never,3,0,0,0,0,0,rbpg-3e212e568f3d314e0ee8eb2a,rbpg-3e212e568f3d314e0ee8eb2a,rbpg-exec-a795a1d0cf114c8c8b14d235badf642d,169:train:d20_u7,c69aad6edc4a4eb779f8109f544080e7,0,0,0,clean,0,not_invoked,,0,0,0.0,0.00030000046535860747,0.00019999970390927047,0.0029000002541579306,0.01650000012887176,0.021899999410379678
170,170,train:d20_u8,,,,,,never,3,0,0,0,0,0,rbpg-3e212e568f3d314e0ee8eb2a,rbpg-3e212e568f3d314e0ee8eb2a,rbpg-exec-a795a1d0cf114c8c8b14d235badf642d,170:train:d20_u8,382a4ea1ff628a9c28f71d4346724d1d,0,0,0,clean,0,not_invoked,,0,0,0.0,0.0002999986463692039,0.00019999970390927047,0.00270000055024866,0.002300001142430119,0.007599999662488699
171,171,train:d20_u9,,,,,,never,3,0,0,0,0,0,rbpg-3e212e568f3d314e0ee8eb2a,rbpg-3e212e568f3d314e0ee8eb2a,rbpg-exec-a795a1d0cf114c8c8b14d235badf642d,171:train:d20_u9,c2789d944066236f37f8a20353e2dadf,0,0,0,clean,0,not_invoked,,0,0,0.0,0.00030000046535860747,0.000100000761449337,0.002800001311697997,0.002200000380980782,0.007300001016119495
172,172,train:d20_u10,,,,,,never,3,0,0,0,0,0,rbpg-3e212e568f3d314e0ee8eb2a,rbpg-3e212e568f3d314e0ee8eb2a,rbpg-exec-a795a1d0cf114c8c8b14d235badf642d,172:train:d20_u10,a0c135caf1666051940dd9617ce99035,0,0,0,clean,0,not_invoked,,0,0,0.0,0.00030000046535860747,0.00019999970390927047,0.00270000055024866,0.0022999993234407157,0.007300001016119495
173,173,train:d20_u11,,,,,,never,3,0,0,0,0,0,rbpg-3e212e568f3d314e0ee8eb2a,rbpg-3e212e568f3d314e0ee8eb2a,rbpg-exec-a795a1d0cf114c8c8b14d235badf642d,173:train:d20_u11,362659aa8a048fe45efc6f3cd66e6bf1,0,0,0,clean,0,not_invoked,,0,0,0.0,0.00019999970390927047,0.00019999970390927047,0.0026999987312592566,0.0024000000848900527,0.0072999991971300915
174,174,train:d20_u12,,,,,,never,3,0,0,0,0,0,rbpg-3e212e568f3d314e0ee8eb2a,rbpg-3e212e568f3d314e0ee8eb2a,rbpg-exec-a795a1d0cf114c8c8b14d235badf642d,174:train:d20_u12,6630b49499f9970aa53245b50a71d714,0,0,0,clean,0,not_invoked,,0,0,0.0,0.00030000046535860747,0.000100000761449337,0.00270000055024866,0.0022999993234407157,0.007300001016119495
175,175,train:d20_u13,,,,,,never,3,0,0,0,0,0,rbpg-3e212e568f3d314e0ee8eb2a,rbpg-3e212e568f3d314e0ee8eb2a,rbpg-exec-a795a1d0cf114c8c8b14d235badf642d,175:train:d20_u13,adf2f2885e191267188ed2c6516454f4,0,0,0,clean,0,not_invoked,,0,0,0.0,0.00030000046535860747,0.00019999970390927047,0.00270000055024866,0.002200000380980782,0.007200000254670158
176,176,train:d20_u14,,,,,,never,3,0,0,0,0,0,rbpg-3e212e568f3d314e0ee8eb2a,rbpg-3e212e568f3d314e0ee8eb2a,rbpg-exec-a795a1d0cf114c8c8b14d235badf642d,176:train:d20_u14,a78ef0fe8b635e737abf46c4fba4ac79,0,0,0,clean,0,not_invoked,,0,0,0.0,0.00030000046535860747,0.00019999970390927047,0.002599999788799323,0.0022999993234407157,0.007200000254670158
177,177,train:d20_u16,,,,,,never,3,0,0,0,0,0,rbpg-3e212e568f3d314e0ee8eb2a,rbpg-3e212e568f3d314e0ee8eb2a,rbpg-exec-a795a1d0cf114c8c8b14d235badf642d,177:train:d20_u16,35e922f244437028d9a83291c39c2a6e,0,0,0,clean,0,not_invoked,,0,0,0.0,0.00030000046535860747,0.000100000761449337,0.00270000055024866,0.0022999993234407157,0.007300001016119495
178,178,train:d21_u1,,,,,,never,3,0,0,0,0,0,rbpg-3e212e568f3d314e0ee8eb2a,rbpg-3e212e568f3d314e0ee8eb2a,rbpg-exec-a795a1d0cf114c8c8b14d235badf642d,178:train:d21_u1,4e9baed44cb711de39c3205b85d9165e,0,0,0,clean,0,not_invoked,,0,0,0.0,0.00030000046535860747,0.000200001522898674,0.00270000055024866,0.0022999993234407157,0.007200000254670158
179,179,train:d21_u2,,,,,,never,3,0,0,0,0,0,rbpg-3e212e568f3d314e0ee8eb2a,rbpg-3e212e568f3d314e0ee8eb2a,rbpg-exec-a795a1d0cf114c8c8b14d235badf642d,179:train:d21_u2,eac324ccbeeeb6d02cd556286be32b08,0,0,0,clean,0,not_invoked,,0,0,0.0,0.00030000046535860747,0.000100000761449337,0.0027999994927085936,0.0022999993234407157,0.0073999999585794285
180,180,train:d21_u4,,,,,,never,3,0,0,0,0,0,rbpg-3e212e568f3d314e0ee8eb2a,rbpg-3e212e568f3d314e0ee8eb2a,rbpg-exec-a795a1d0cf114c8c8b14d235badf642d,180:train:d21_u4,871081dd8f1d1b2a195f2ea42df493d9,0,0,0,clean,0,not_invoked,,0,0,0.0,0.00030000046535860747,0.00019999970390927047,0.00270000055024866,0.002200000380980782,0.007200000254670158
181,181,train:d21_u6,,,,,,never,3,0,0,0,0,0,rbpg-3e212e568f3d314e0ee8eb2a,rbpg-3e212e568f3d314e0ee8eb2a,rbpg-exec-a795a1d0cf114c8c8b14d235badf642d,181:train:d21_u6,065300745f0118730017180f0a3e5ffc,0,0,0,clean,0,not_invoked,,0,0,0.0,0.00030000046535860747,0.00019999970390927047,0.00270000055024866,0.0022999993234407157,0.007300001016119495
182,182,train:d21_u7,,,,,,never,3,0,0,0,0,0,rbpg-3e212e568f3d314e0ee8eb2a,rbpg-3e212e568f3d314e0ee8eb2a,rbpg-exec-a795a1d0cf114c8c8b14d235badf642d,182:train:d21_u7,e1fae9e349f10bbdbcb6efd0b4985317,0,0,0,clean,0,not_invoked,,0,0,0.0,0.00030000046535860747,0.000200001522898674,0.00270000055024866,0.002200000380980782,0.007200000254670158
183,183,train:d21_u9,,,,,,never,3,0,0,0,0,0,rbpg-3e212e568f3d314e0ee8eb2a,rbpg-3e212e568f3d314e0ee8eb2a,rbpg-exec-a795a1d0cf114c8c8b14d235badf642d,183:train:d21_u9,ef33883ca300b6fb215005e7b7667475,0,0,0,clean,0,not_invoked,,0,0,0.0,0.0002999986463692039,9.999894245993346e-05,0.0026999987312592566,0.002200000380980782,0.0071999984356807545
184,184,train:d21_u10,,,,,,never,3,0,0,0,0,0,rbpg-3e212e568f3d314e0ee8eb2a,rbpg-3e212e568f3d314e0ee8eb2a,rbpg-exec-a795a1d0cf114c8c8b14d235badf642d,184:train:d21_u10,1894beec63ce99ac6d4e8d86da266413,0,0,0,clean,0,not_invoked,,0,0,0.0,0.00030000046535860747,0.00019999970390927047,0.002599999788799323,0.0022999993234407157,0.007200000254670158
185,185,train:d21_u12,,,,,,never,3,0,0,0,0,0,rbpg-3e212e568f3d314e0ee8eb2a,rbpg-3e212e568f3d314e0ee8eb2a,rbpg-exec-a795a1d0cf114c8c8b14d235badf642d,185:train:d21_u12,5b80c2726aa0234f069a8c9e851966de,0,0,0,clean,0,not_invoked,,0,0,0.0,0.00030000046535860747,0.000100000761449337,0.00270000055024866,0.0024000000848900527,0.0073999999585794285
186,186,train:d21_u13,,,,,,never,3,0,0,0,0,0,rbpg-3e212e568f3d314e0ee8eb2a,rbpg-3e212e568f3d314e0ee8eb2a,rbpg-exec-a795a1d0cf114c8c8b14d235badf642d,186:train:d21_u13,7b2b899e6d0d17bdf395a0d040838de0,0,0,0,clean,0,not_invoked,,0,0,0.0,0.0002999986463692039,0.00019999970390927047,0.0027999994927085936,0.0021999985619913787,0.0072999991971300915
187,187,train:d22_u1,,,,,,never,3,0,0,0,0,0,rbpg-3e212e568f3d314e0ee8eb2a,rbpg-3e212e568f3d314e0ee8eb2a,rbpg-exec-a795a1d0cf114c8c8b14d235badf642d,187:train:d22_u1,5bddf1f8ef2aaffd2c4293eb99fbfb8a,0,0,0,clean,0,not_invoked,,0,0,0.0,0.000200001522898674,0.00019999970390927047,0.0027999994927085936,0.0022999993234407157,0.0073999999585794285
188,188,train:d22_u3,,,,,,never,3,0,0,0,0,0,rbpg-3e212e568f3d314e0ee8eb2a,rbpg-3e212e568f3d314e0ee8eb2a,rbpg-exec-a795a1d0cf114c8c8b14d235badf642d,188:train:d22_u3,13056cc83d9b7ad61a53ca333b775e1c,0,0,0,clean,0,not_invoked,,0,0,0.0,0.0002999986463692039,0.00019999970390927047,0.002599999788799323,0.002200000380980782,0.007100001312210225
189,189,train:d23_u1,,,,,,never,3,0,0,0,0,0,rbpg-3e212e568f3d314e0ee8eb2a,rbpg-3e212e568f3d314e0ee8eb2a,rbpg-exec-a795a1d0cf114c8c8b14d235badf642d,189:train:d23_u1,62be0544c104abc5654827de82f45768,0,0,0,clean,0,not_invoked,,0,0,0.0,0.00019999970390927047,9.999894245993346e-05,0.0026999987312592566,0.002200000380980782,0.0071999984356807545
190,190,train:d23_u3,,,,,,never,3,0,0,0,0,0,rbpg-3e212e568f3d314e0ee8eb2a,rbpg-3e212e568f3d314e0ee8eb2a,rbpg-exec-a795a1d0cf114c8c8b14d235badf642d,190:train:d23_u3,c59836390069de21f1a7ea6ccc13a0ca,0,0,0,clean,0,not_invoked,,0,0,0.0,0.0002999986463692039,9.999894245993346e-05,0.0026999987312592566,0.002200000380980782,0.0071999984356807545
191,191,train:d23_u4,,,,,,never,3,0,0,0,0,0,rbpg-3e212e568f3d314e0ee8eb2a,rbpg-3e212e568f3d314e0ee8eb2a,rbpg-exec-a795a1d0cf114c8c8b14d235badf642d,191:train:d23_u4,6ee968c1bf7087ed4414bcacf5f0bf45,0,0,0,clean,0,not_invoked,,0,0,0.0,0.00030000046535860747,0.00019999970390927047,0.002599999788799323,0.0022999993234407157,0.007200000254670158
192,192,train:d23_u5,,,,,,never,3,0,0,0,0,0,rbpg-3e212e568f3d314e0ee8eb2a,rbpg-3e212e568f3d314e0ee8eb2a,rbpg-exec-a795a1d0cf114c8c8b14d235badf642d,192:train:d23_u5,7a4b653cc020fc272c69d087ca0e28e1,0,0,0,clean,0,not_invoked,,0,0,0.0,0.00019999970390927047,0.00019999970390927047,0.00270000055024866,0.0021999985619913787,0.007099999493220821
193,193,train:d23_u6,,,,,,never,3,0,0,0,0,0,rbpg-3e212e568f3d314e0ee8eb2a,rbpg-3e212e568f3d314e0ee8eb2a,rbpg-exec-a795a1d0cf114c8c8b14d235badf642d,193:train:d23_u6,97f5444ca4ae955aa074a7e964732c6d,0,0,0,clean,0,not_invoked,,0,0,0.0,0.00030000046535860747,0.00019999970390927047,0.00270000055024866,0.002200000380980782,0.0071999984356807545
194,194,train:d23_u7,,,,,,never,3,0,0,0,0,0,rbpg-3e212e568f3d314e0ee8eb2a,rbpg-3e212e568f3d314e0ee8eb2a,rbpg-exec-a795a1d0cf114c8c8b14d235badf642d,194:train:d23_u7,222c8dadc193736fa9f7fbecbe63ce7c,0,0,0,clean,0,not_invoked,,0,0,0.0,0.00030000046535860747,9.999894245993346e-05,0.00270000055024866,0.0021999985619913787,0.007099999493220821
195,195,train:d24_u0,,,,,,never,3,0,0,0,0,0,rbpg-3e212e568f3d314e0ee8eb2a,rbpg-3e212e568f3d314e0ee8eb2a,rbpg-exec-a795a1d0cf114c8c8b14d235badf642d,195:train:d24_u0,3d3d276cc605f07cd405787dcc46671f,0,0,0,clean,0,not_invoked,,0,0,0.0,0.0002999986463692039,0.00019999970390927047,0.002599999788799323,0.002300001142430119,0.0071999984356807545
196,196,train:d24_u1,,,,,,never,3,0,0,0,0,0,rbpg-3e212e568f3d314e0ee8eb2a,rbpg-3e212e568f3d314e0ee8eb2a,rbpg-exec-a795a1d0cf114c8c8b14d235badf642d,196:train:d24_u1,fae19b122ac880f8ec4d3c3c43398518,0,0,0,clean,0,not_invoked,,0,0,0.0,0.0002999986463692039,9.999894245993346e-05,0.0027999994927085936,0.0022999993234407157,0.0072999991971300915
197,197,train:d24_u2,,,,,,never,3,0,0,0,0,0,rbpg-3e212e568f3d314e0ee8eb2a,rbpg-3e212e568f3d314e0ee8eb2a,rbpg-exec-a795a1d0cf114c8c8b14d235badf642d,197:train:d24_u2,6b77ef86d879f82f7a0b0296e45e3799,0,0,0,clean,0,not_invoked,,0,0,0.0,0.00030000046535860747,0.00019999970390927047,0.00270000055024866,0.002200000380980782,0.007200000254670158
198,198,train:d24_u3,,,,,,never,3,0,0,0,0,0,rbpg-3e212e568f3d314e0ee8eb2a,rbpg-3e212e568f3d314e0ee8eb2a,rbpg-exec-a795a1d0cf114c8c8b14d235badf642d,198:train:d24_u3,587fb53a3e369c553ed28f423e8d70d1,0,0,0,clean,0,not_invoked,,0,0,0.0,0.00030000046535860747,9.999894245993346e-05,0.00270000055024866,0.002599999788799323,0.007599999662488699
199,199,train:d24_u5,,,,,,never,3,0,0,0,0,0,rbpg-3e212e568f3d314e0ee8eb2a,rbpg-3e212e568f3d314e0ee8eb2a,rbpg-exec-a795a1d0cf114c8c8b14d235badf642d,199:train:d24_u5,76dfa01c36d3c3a7ba0da97c9a0e7f0a,0,0,0,clean,0,not_invoked,,0,0,0.0,0.00030000046535860747,0.000100000761449337,0.00270000055024866,0.0022999993234407157,0.007300001016119495
200,200,train:d24_u6,,,,,,never,3,0,0,0,0,0,rbpg-3e212e568f3d314e0ee8eb2a,rbpg-3e212e568f3d314e0ee8eb2a,rbpg-exec-a795a1d0cf114c8c8b14d235badf642d,200:train:d24_u6,65bbc20ddefe4f09523def1d262ad378,0,0,0,clean,0,not_invoked,,0,0,0.0,0.00030000046535860747,0.00019999970390927047,0.0026999987312592566,0.0022999993234407157,0.007200000254670158
201,201,train:d24_u7,,,,,,never,3,0,0,0,0,0,rbpg-3e212e568f3d314e0ee8eb2a,rbpg-3e212e568f3d314e0ee8eb2a,rbpg-exec-a795a1d0cf114c8c8b14d235badf642d,201:train:d24_u7,907e9376815e93e18404a848b9d734ba,0,0,0,clean,0,not_invoked,,0,0,0.0,0.0002999986463692039,9.999894245993346e-05,0.0027999994927085936,0.0021999985619913787,0.0072999991971300915
202,202,train:d25_u0,,,,,,never,3,0,0,0,0,0,rbpg-3e212e568f3d314e0ee8eb2a,rbpg-3e212e568f3d314e0ee8eb2a,rbpg-exec-a795a1d0cf114c8c8b14d235badf642d,202:train:d25_u0,94ff09b44ab2ea6b9feb92bc7f72b245,0,0,0,clean,0,not_invoked,,0,0,0.0,0.0002999986463692039,0.00019999970390927047,0.002599999788799323,0.002300001142430119,0.007200000254670158
203,203,train:d25_u1,,,,,,never,3,0,0,0,0,0,rbpg-3e212e568f3d314e0ee8eb2a,rbpg-3e212e568f3d314e0ee8eb2a,rbpg-exec-a795a1d0cf114c8c8b14d235badf642d,203:train:d25_u1,5441b7496539e774eb6aeff9456a746e,0,0,0,clean,0,not_invoked,,0,0,0.0,0.0002999986463692039,0.00019999970390927047,0.0026999987312592566,0.002200000380980782,0.0071999984356807545
204,204,train:d25_u2,,,,,,never,3,0,0,0,0,0,rbpg-3e212e568f3d314e0ee8eb2a,rbpg-3e212e568f3d314e0ee8eb2a,rbpg-exec-a795a1d0cf114c8c8b14d235badf642d,204:train:d25_u2,ead38bf65252a6869eb3ae7c63c5d0a6,0,0,0,clean,0,not_invoked,,0,0,0.0,0.00030000046535860747,0.00019999970390927047,0.00270000055024866,0.0022999993234407157,0.007200000254670158
205,205,train:d25_u3,,,,,,never,3,0,0,0,0,0,rbpg-3e212e568f3d314e0ee8eb2a,rbpg-3e212e568f3d314e0ee8eb2a,rbpg-exec-a795a1d0cf114c8c8b14d235badf642d,205:train:d25_u3,49e75cfaefeb974fe370193ff5b08334,0,0,0,clean,0,not_invoked,,0,0,0.0,0.00030000046535860747,0.000100000761449337,0.00270000055024866,0.002200000380980782,0.007200000254670158
206,206,train:d25_u4,,,,,,never,3,0,0,0,0,0,rbpg-3e212e568f3d314e0ee8eb2a,rbpg-3e212e568f3d314e0ee8eb2a,rbpg-exec-a795a1d0cf114c8c8b14d235badf642d,206:train:d25_u4,a51705e879eb0dfbfb7816663354f5b8,0,0,0,clean,0,not_invoked,,0,0,0.0,0.00030000046535860747,0.000200001522898674,0.00270000055024866,0.002200000380980782,0.007200000254670158
207,207,train:d25_u5,,,,,,never,3,0,0,0,0,0,rbpg-3e212e568f3d314e0ee8eb2a,rbpg-3e212e568f3d314e0ee8eb2a,rbpg-exec-a795a1d0cf114c8c8b14d235badf642d,207:train:d25_u5,2be0293fc449d5f6973d783c4c0f0484,0,0,0,clean,0,not_invoked,,0,0,0.0,0.00030000046535860747,0.000200001522898674,0.0026999987312592566,0.0022999993234407157,0.007200000254670158
208,208,train:d25_u6,,,,,,never,3,0,0,0,0,0,rbpg-3e212e568f3d314e0ee8eb2a,rbpg-3e212e568f3d314e0ee8eb2a,rbpg-exec-a795a1d0cf114c8c8b14d235badf642d,208:train:d25_u6,487650a495ba1650b932d1d3836de150,0,0,0,clean,0,not_invoked,,0,0,0.0,0.00030000046535860747,0.00019999970390927047,0.0026999987312592566,0.002300001142430119,0.0072999991971300915
209,209,train:d25_u7,,,,,,never,3,0,0,0,0,0,rbpg-3e212e568f3d314e0ee8eb2a,rbpg-3e212e568f3d314e0ee8eb2a,rbpg-exec-a795a1d0cf114c8c8b14d235badf642d,209:train:d25_u7,bedb06e78e4414b2e934e07d5e1c5552,0,0,0,clean,0,not_invoked,,0,0,0.0,0.00030000046535860747,0.00019999970390927047,0.00270000055024866,0.0022999993234407157,0.0072999991971300915
210,210,train:d25_u8,,,,,,never,3,0,0,0,0,0,rbpg-3e212e568f3d314e0ee8eb2a,rbpg-3e212e568f3d314e0ee8eb2a,rbpg-exec-a795a1d0cf114c8c8b14d235badf642d,210:train:d25_u8,c0a51d4915f2b217338255d4d404542d,0,0,0,clean,0,not_invoked,,0,0,0.0,0.00030000046535860747,0.00019999970390927047,0.0037999998312443495,0.002599999788799323,0.008999999408842996
211,211,train:d25_u9,,,,,,never,3,0,0,0,0,0,rbpg-3e212e568f3d314e0ee8eb2a,rbpg-3e212e568f3d314e0ee8eb2a,rbpg-exec-a795a1d0cf114c8c8b14d235badf642d,211:train:d25_u9,256fdf88111e4ed2c0fac08ab9a9cefc,0,0,0,clean,0,not_invoked,,0,0,0.0,0.00019999970390927047,0.000200001522898674,0.0027999994927085936,0.002300001142430119,0.0072999991971300915
212,212,train:d25_u10,,,,,,never,3,0,0,0,0,0,rbpg-3e212e568f3d314e0ee8eb2a,rbpg-3e212e568f3d314e0ee8eb2a,rbpg-exec-a795a1d0cf114c8c8b14d235badf642d,212:train:d25_u10,cee50069713229368dffb7c7af754e88,0,0,0,clean,0,not_invoked,,0,0,0.0,0.00030000046535860747,0.00019999970390927047,0.00270000055024866,0.0022999993234407157,0.007300001016119495
213,213,train:d25_u12,,,,,,never,3,0,0,0,0,0,rbpg-3e212e568f3d314e0ee8eb2a,rbpg-3e212e568f3d314e0ee8eb2a,rbpg-exec-a795a1d0cf114c8c8b14d235badf642d,213:train:d25_u12,c466ca533baea1d198539763a3eaa5d6,0,0,0,clean,0,not_invoked,,0,0,0.0,0.00030000046535860747,0.00019999970390927047,0.002800001311697997,0.002200000380980782,0.007300001016119495
214,214,train:d25_u13,,,,,,never,3,0,0,0,0,0,rbpg-3e212e568f3d314e0ee8eb2a,rbpg-3e212e568f3d314e0ee8eb2a,rbpg-exec-a795a1d0cf114c8c8b14d235badf642d,214:train:d25_u13,b79afd979aa7f6aaee939ab0ce0a8a58,0,0,0,clean,0,not_invoked,,0,0,0.0,0.0002999986463692039,9.999894245993346e-05,0.0026999987312592566,0.002200000380980782,0.007200000254670158
215,215,train:d26_u1,,,,,,never,3,0,0,0,0,0,rbpg-3e212e568f3d314e0ee8eb2a,rbpg-3e212e568f3d314e0ee8eb2a,rbpg-exec-a795a1d0cf114c8c8b14d235badf642d,215:train:d26_u1,4b65f90c5fa3f1854971200537b071bb,0,0,0,clean,0,not_invoked,,0,0,0.0,0.0002999986463692039,9.999894245993346e-05,0.002999999196617864,0.0022999993234407157,0.0075000007200287655
216,216,train:d26_u3,,,,,,never,3,0,0,0,0,0,rbpg-3e212e568f3d314e0ee8eb2a,rbpg-3e212e568f3d314e0ee8eb2a,rbpg-exec-a795a1d0cf114c8c8b14d235badf642d,216:train:d26_u3,a506c3b2bf97fbf42bc0270aa3de4bfd,0,0,0,clean,0,not_invoked,,0,0,0.0,0.00030000046535860747,0.000200001522898674,0.002599999788799323,0.0022999993234407157,0.007300001016119495
217,217,train:d26_u4,,,,,,never,3,0,0,0,0,0,rbpg-3e212e568f3d314e0ee8eb2a,rbpg-3e212e568f3d314e0ee8eb2a,rbpg-exec-a795a1d0cf114c8c8b14d235badf642d,217:train:d26_u4,b9d9b6a04a23b97a24d0ed81195fa81e,0,0,0,clean,0,not_invoked,,0,0,0.0,0.000200001522898674,0.00019999970390927047,0.00270000055024866,0.002300001142430119,0.007200000254670158
218,218,train:d26_u5,,,,,,never,3,0,0,0,0,0,rbpg-3e212e568f3d314e0ee8eb2a,rbpg-3e212e568f3d314e0ee8eb2a,rbpg-exec-a795a1d0cf114c8c8b14d235badf642d,218:train:d26_u5,94acf2104d50b28aa03cea3cc834d192,0,0,0,clean,0,not_invoked,,0,0,0.0,0.00030000046535860747,0.000200001522898674,0.002800001311697997,0.002200000380980782,0.007300001016119495
219,219,train:d26_u6,,,,,,never,3,0,0,0,0,0,rbpg-3e212e568f3d314e0ee8eb2a,rbpg-3e212e568f3d314e0ee8eb2a,rbpg-exec-a795a1d0cf114c8c8b14d235badf642d,219:train:d26_u6,ba3e1c2232fc6da1b7e6925570336d0f,0,0,0,clean,0,not_invoked,,0,0,0.0,0.00030000046535860747,0.000100000761449337,0.0027999994927085936,0.0022999993234407157,0.0073999999585794285
220,220,train:d26_u7,,,,,,never,3,0,0,0,0,0,rbpg-3e212e568f3d314e0ee8eb2a,rbpg-3e212e568f3d314e0ee8eb2a,rbpg-exec-a795a1d0cf114c8c8b14d235badf642d,220:train:d26_u7,272b239af63d722ca0060637718c9f9c,0,0,0,clean,0,not_invoked,,0,0,0.0,0.00030000046535860747,0.00019999970390927047,0.0029000002541579306,0.002200000380980782,0.007300001016119495
221,221,train:d26_u8,,,,,,never,3,0,0,0,0,0,rbpg-3e212e568f3d314e0ee8eb2a,rbpg-3e212e568f3d314e0ee8eb2a,rbpg-exec-a795a1d0cf114c8c8b14d235badf642d,221:train:d26_u8,ee2932cd67d591c875e23bf8d84dd8ae,0,0,0,clean,0,not_invoked,,0,0,0.0,0.00019999970390927047,0.00019999970390927047,0.0026999987312592566,0.0022999993234407157,0.007300001016119495
222,222,train:d26_u9,,,,,,never,3,0,0,0,0,0,rbpg-3e212e568f3d314e0ee8eb2a,rbpg-3e212e568f3d314e0ee8eb2a,rbpg-exec-a795a1d0cf114c8c8b14d235badf642d,222:train:d26_u9,407e499df97fec84f8bad031681a381f,0,0,0,clean,0,not_invoked,,0,0,0.0,0.0002999986463692039,0.00019999970390927047,0.0027999994927085936,0.002200000380980782,0.007300001016119495
223,223,train:d26_u10,,,,,,never,3,0,0,0,0,0,rbpg-3e212e568f3d314e0ee8eb2a,rbpg-3e212e568f3d314e0ee8eb2a,rbpg-exec-a795a1d0cf114c8c8b14d235badf642d,223:train:d26_u10,93a12f83e44c08d26e068291a516e898,0,0,0,clean,0,not_invoked,,0,0,0.0,0.00030000046535860747,0.000200001522898674,0.0027999994927085936,0.0024000000848900527,0.0073999999585794285
224,224,train:d26_u11,,,,,,never,3,0,0,0,0,0,rbpg-3e212e568f3d314e0ee8eb2a,rbpg-3e212e568f3d314e0ee8eb2a,rbpg-exec-a795a1d0cf114c8c8b14d235badf642d,224:train:d26_u11,5d05d49361a1bb9d17536bfa8ba35963,0,0,0,clean,0,not_invoked,,0,0,0.0,0.00030000046535860747,0.00019999970390927047,0.002800001311697997,0.002300001142430119,0.007300001016119495
225,225,train:d26_u12,,,,,,never,3,0,0,0,0,0,rbpg-3e212e568f3d314e0ee8eb2a,rbpg-3e212e568f3d314e0ee8eb2a,rbpg-exec-a795a1d0cf114c8c8b14d235badf642d,225:train:d26_u12,3d13e0a42762cebddd1a64c51d17cac5,0,0,0,clean,0,not_invoked,,0,0,0.0,0.00030000046535860747,0.00019999970390927047,0.0027999994927085936,0.0022999993234407157,0.0073999999585794285
226,226,train:d26_u13,,,,,,never,3,0,0,0,0,0,rbpg-3e212e568f3d314e0ee8eb2a,rbpg-3e212e568f3d314e0ee8eb2a,rbpg-exec-a795a1d0cf114c8c8b14d235badf642d,226:train:d26_u13,fad351e803fd0369fca129eb7cefd666,0,0,0,clean,0,not_invoked,,0,0,0.0,0.00030000046535860747,0.000200001522898674,0.00270000055024866,0.002300001142430119,0.0072999991971300915
227,227,train:d27_u0,,,,,,never,3,0,0,0,0,0,rbpg-3e212e568f3d314e0ee8eb2a,rbpg-3e212e568f3d314e0ee8eb2a,rbpg-exec-a795a1d0cf114c8c8b14d235badf642d,227:train:d27_u0,09cabb1b127d203deb0da32ac283d3c0,0,0,0,clean,0,not_invoked,,0,0,0.0,0.00030000046535860747,0.000100000761449337,0.00270000055024866,0.0022999993234407157,0.0073999999585794285
228,228,train:d27_u1,,,,,,never,3,0,0,0,0,0,rbpg-3e212e568f3d314e0ee8eb2a,rbpg-3e212e568f3d314e0ee8eb2a,rbpg-exec-a795a1d0cf114c8c8b14d235badf642d,228:train:d27_u1,322105652597c48b47c607bc59db1b2d,0,0,0,clean,0,not_invoked,,0,0,0.0,0.00030000046535860747,0.00019999970390927047,0.002899998435168527,0.002200000380980782,0.0072999991971300915
229,229,train:d28_u0,,,,,,never,3,0,0,0,0,0,rbpg-3e212e568f3d314e0ee8eb2a,rbpg-3e212e568f3d314e0ee8eb2a,rbpg-exec-a795a1d0cf114c8c8b14d235badf642d,229:train:d28_u0,8e6d53f743840fea8bb6a4be593bfa43,0,0,0,clean,0,not_invoked,,0,0,0.0,0.00019999970390927047,0.00019999970390927047,0.0030000010156072676,0.0024000000848900527,0.007499998901039362
230,230,train:d28_u1,,,,,,never,3,0,0,0,0,0,rbpg-3e212e568f3d314e0ee8eb2a,rbpg-3e212e568f3d314e0ee8eb2a,rbpg-exec-a795a1d0cf114c8c8b14d235badf642d,230:train:d28_u1,0c761b62e728aa0fdd4bc20e57f8e8de,0,0,0,clean,0,not_invoked,,0,0,0.0,0.00019999970390927047,0.00019999970390927047,0.00270000055024866,0.002300001142430119,0.0071999984356807545
231,231,train:d28_u2,,,,,,never,3,0,0,0,0,0,rbpg-3e212e568f3d314e0ee8eb2a,rbpg-3e212e568f3d314e0ee8eb2a,rbpg-exec-a795a1d0cf114c8c8b14d235badf642d,231:train:d28_u2,109d0d3678eb4a11f8e910c45e9a1995,0,0,0,clean,0,not_invoked,,0,0,0.0,0.00019999970390927047,0.00019999970390927047,0.00270000055024866,0.0022999993234407157,0.0071999984356807545
232,232,train:d28_u3,,,,,,never,3,0,0,0,0,0,rbpg-3e212e568f3d314e0ee8eb2a,rbpg-3e212e568f3d314e0ee8eb2a,rbpg-exec-a795a1d0cf114c8c8b14d235badf642d,232:train:d28_u3,7c249d876962a661827b1f945429cdba,0,0,0,clean,0,not_invoked,,0,0,0.0,0.00030000046535860747,0.00019999970390927047,0.0027999994927085936,0.002200000380980782,0.0072999991971300915
233,233,train:d28_u5,,,,,,never,3,0,0,0,0,0,rbpg-3e212e568f3d314e0ee8eb2a,rbpg-3e212e568f3d314e0ee8eb2a,rbpg-exec-a795a1d0cf114c8c8b14d235badf642d,233:train:d28_u5,1cac962577b8270e1310726fff5353d1,0,0,0,clean,0,not_invoked,,0,0,0.0,0.0002999986463692039,0.00019999970390927047,0.002599999788799323,0.002300001142430119,0.007200000254670158
234,234,train:d28_u7,,,,,,never,3,0,0,0,0,0,rbpg-3e212e568f3d314e0ee8eb2a,rbpg-3e212e568f3d314e0ee8eb2a,rbpg-exec-a795a1d0cf114c8c8b14d235badf642d,234:train:d28_u7,ac105ef61d8a6c5d8c5cdc06e00af3f2,0,0,0,clean,0,not_invoked,,0,0,0.0,0.00030000046535860747,0.000100000761449337,0.00270000055024866,0.0021999985619913787,0.007200000254670158
235,235,train:d29_u1,,,,,,never,3,0,0,0,0,0,rbpg-3e212e568f3d314e0ee8eb2a,rbpg-3e212e568f3d314e0ee8eb2a,rbpg-exec-a795a1d0cf114c8c8b14d235badf642d,235:train:d29_u1,245322810b5a025011ca25b3907c3bf2,0,0,0,clean,0,not_invoked,,0,0,0.0,0.00019999970390927047,0.000100000761449337,0.002800001311697997,0.002200000380980782,0.007200000254670158
236,236,train:d29_u2,,,,,,never,3,0,0,0,0,0,rbpg-3e212e568f3d314e0ee8eb2a,rbpg-3e212e568f3d314e0ee8eb2a,rbpg-exec-a795a1d0cf114c8c8b14d235badf642d,236:train:d29_u2,a1d7ce3b42f11619ef2d0ad8e891f0db,0,0,0,clean,0,not_invoked,,0,0,0.0,0.00030000046535860747,0.000200001522898674,0.002599999788799323,0.0024000000848900527,0.007200000254670158
237,237,train:d29_u3,,,,,,never,3,0,0,0,0,0,rbpg-3e212e568f3d314e0ee8eb2a,rbpg-3e212e568f3d314e0ee8eb2a,rbpg-exec-a795a1d0cf114c8c8b14d235badf642d,237:train:d29_u3,c462bd3c2c39d9f4acd1c149daf90cb1,0,0,0,clean,0,not_invoked,,0,0,0.0,0.00019999970390927047,9.999894245993346e-05,0.0027999994927085936,0.002399998265900649,0.0073999999585794285
238,238,train:d29_u6,,,,,,never,3,0,0,0,0,0,rbpg-3e212e568f3d314e0ee8eb2a,rbpg-3e212e568f3d314e0ee8eb2a,rbpg-exec-a795a1d0cf114c8c8b14d235badf642d,238:train:d29_u6,ea059d69cbdf277d0f1e48dbd323d481,0,0,0,clean,0,not_invoked,,0,0,0.0,0.00019999970390927047,0.00019999970390927047,0.0026999987312592566,0.0024000000848900527,0.007300001016119495
239,239,train:d29_u7,,,,,,never,3,0,0,0,0,0,rbpg-3e212e568f3d314e0ee8eb2a,rbpg-3e212e568f3d314e0ee8eb2a,rbpg-exec-a795a1d0cf114c8c8b14d235badf642d,239:train:d29_u7,4ca137e9097c0a3d5b39eff77cfc6453,0,0,0,clean,0,not_invoked,,0,0,0.0,0.00030000046535860747,0.000100000761449337,0.0026999987312592566,0.0022999993234407157,0.007300001016119495
240,240,train:d29_u8,,,,,,never,3,0,0,0,0,0,rbpg-3e212e568f3d314e0ee8eb2a,rbpg-3e212e568f3d314e0ee8eb2a,rbpg-exec-a795a1d0cf114c8c8b14d235badf642d,240:train:d29_u8,c4424097a3256c16f14bee7150ccbc02,0,0,0,clean,0,not_invoked,,0,0,0.0,0.00030000046535860747,9.999894245993346e-05,0.0027999994927085936,0.0022999993234407157,0.0073999999585794285
241,241,train:d29_u9,,,,,,never,3,0,0,0,0,0,rbpg-3e212e568f3d314e0ee8eb2a,rbpg-3e212e568f3d314e0ee8eb2a,rbpg-exec-a795a1d0cf114c8c8b14d235badf642d,241:train:d29_u9,b12c1289b4ffff1faef9a31217278364,0,0,0,clean,0,not_invoked,,0,0,0.0,0.00019999970390927047,0.00019999970390927047,0.0026999987312592566,0.0022999993234407157,0.007200000254670158
242,242,train:d29_u10,,,,,,never,3,0,0,0,0,0,rbpg-3e212e568f3d314e0ee8eb2a,rbpg-3e212e568f3d314e0ee8eb2a,rbpg-exec-a795a1d0cf114c8c8b14d235badf642d,242:train:d29_u10,d12b333b350372912a829e86430c1ec9,0,0,0,clean,0,not_invoked,,0,0,0.0,0.00030000046535860747,0.00019999970390927047,0.00270000055024866,0.0022999993234407157,0.007300001016119495
243,243,train:d29_u11,,,,,,never,3,0,0,0,0,0,rbpg-3e212e568f3d314e0ee8eb2a,rbpg-3e212e568f3d314e0ee8eb2a,rbpg-exec-a795a1d0cf114c8c8b14d235badf642d,243:train:d29_u11,fee3de30da148fcf158336a07f797996,0,0,0,clean,0,not_invoked,,0,0,0.0,0.00019999970390927047,0.000100000761449337,0.0026999987312592566,0.0024000000848900527,0.007400001777568832
244,244,train:d29_u13,,,,,,never,3,0,0,0,0,0,rbpg-3e212e568f3d314e0ee8eb2a,rbpg-3e212e568f3d314e0ee8eb2a,rbpg-exec-a795a1d0cf114c8c8b14d235badf642d,244:train:d29_u13,d4beb8edd4cdf7810cb3afb4b886d2c3,0,0,0,clean,0,not_invoked,,0,0,0.0,0.0002999986463692039,0.00019999970390927047,0.0026999987312592566,0.0024000000848900527,0.0073999999585794285
245,245,train:d30_u0,,,,,,never,3,0,0,0,0,0,rbpg-3e212e568f3d314e0ee8eb2a,rbpg-3e212e568f3d314e0ee8eb2a,rbpg-exec-a795a1d0cf114c8c8b14d235badf642d,245:train:d30_u0,dc12c1799942b8226d21557dce9caf1c,0,0,0,clean,0,not_invoked,,0,0,0.0,0.00030000046535860747,9.999894245993346e-05,0.0027999994927085936,0.0024000000848900527,0.0073999999585794285
246,246,train:d30_u1,,,,,,never,3,0,0,0,0,0,rbpg-3e212e568f3d314e0ee8eb2a,rbpg-3e212e568f3d314e0ee8eb2a,rbpg-exec-a795a1d0cf114c8c8b14d235badf642d,246:train:d30_u1,5cb714eb18823f5304ebc63883c5ca0e,0,0,0,clean,0,not_invoked,,0,0,0.0,0.00019999970390927047,0.000100000761449337,0.0027999994927085936,0.0022999993234407157,0.007300001016119495
247,247,train:d30_u2,,,,,,never,3,0,0,0,0,0,rbpg-3e212e568f3d314e0ee8eb2a,rbpg-3e212e568f3d314e0ee8eb2a,rbpg-exec-a795a1d0cf114c8c8b14d235badf642d,247:train:d30_u2,9443b141098af4763d099891b10eedea,0,0,0,clean,0,not_invoked,,0,0,0.0,0.00030000046535860747,0.00019999970390927047,0.0027999994927085936,0.002200000380980782,0.0073999999585794285
248,248,train:d30_u3,,,,,,never,3,0,0,0,0,0,rbpg-3e212e568f3d314e0ee8eb2a,rbpg-3e212e568f3d314e0ee8eb2a,rbpg-exec-a795a1d0cf114c8c8b14d235badf642d,248:train:d30_u3,0f035ed1c79698b21d701cdffe69e196,0,0,0,clean,0,not_invoked,,0,0,0.0,0.00019999970390927047,0.000100000761449337,0.0027999994927085936,0.0022999993234407157,0.007300001016119495
249,249,train:d30_u4,,,,,,never,3,0,0,0,0,0,rbpg-3e212e568f3d314e0ee8eb2a,rbpg-3e212e568f3d314e0ee8eb2a,rbpg-exec-a795a1d0cf114c8c8b14d235badf642d,249:train:d30_u4,978fcd88cafc6277149676156a2e7275,0,0,0,clean,0,not_invoked,,0,0,0.0,0.0002999986463692039,0.00019999970390927047,0.0027999994927085936,0.0022999993234407157,0.0073999999585794285
250,250,train:d30_u6,,,,,,never,3,0,0,0,0,0,rbpg-3e212e568f3d314e0ee8eb2a,rbpg-3e212e568f3d314e0ee8eb2a,rbpg-exec-a795a1d0cf114c8c8b14d235badf642d,250:train:d30_u6,57d22f4f6e393e0e52e93e5fc4743c55,0,0,0,clean,0,not_invoked,,0,0,0.0,0.0002999986463692039,9.999894245993346e-05,0.002999999196617864,0.0024000000848900527,0.007599999662488699
251,251,train:d30_u8,,,,,,never,3,0,0,0,0,0,rbpg-3e212e568f3d314e0ee8eb2a,rbpg-3e212e568f3d314e0ee8eb2a,rbpg-exec-a795a1d0cf114c8c8b14d235badf642d,251:train:d30_u8,ac0c628d110fdf34b9e58644394afa5d,0,0,0,clean,0,not_invoked,,0,0,0.0,0.00030000046535860747,0.000100000761449337,0.00270000055024866,0.0022999993234407157,0.0073999999585794285
252,252,train:d30_u9,,,,,,never,3,0,0,0,0,0,rbpg-3e212e568f3d314e0ee8eb2a,rbpg-3e212e568f3d314e0ee8eb2a,rbpg-exec-a795a1d0cf114c8c8b14d235badf642d,252:train:d30_u9,0b30af2c1a443ce1292724ec1c347126,0,0,0,clean,0,not_invoked,,0,0,0.0,0.0002999986463692039,0.00019999970390927047,0.0027999994927085936,0.0022999993234407157,0.007499998901039362
253,253,train:d30_u10,,,,,,never,3,0,0,0,0,0,rbpg-3e212e568f3d314e0ee8eb2a,rbpg-3e212e568f3d314e0ee8eb2a,rbpg-exec-a795a1d0cf114c8c8b14d235badf642d,253:train:d30_u10,420d03b4f0c1dd83e5e857e70d58ad97,0,0,0,clean,0,not_invoked,,0,0,0.0,0.00019999970390927047,0.00019999970390927047,0.00270000055024866,0.002300001142430119,0.0073999999585794285
254,254,train:d30_u12,,,,,,never,3,0,0,0,0,0,rbpg-3e212e568f3d314e0ee8eb2a,rbpg-3e212e568f3d314e0ee8eb2a,rbpg-exec-a795a1d0cf114c8c8b14d235badf642d,254:train:d30_u12,eb1405e14104ac49eb09f4f51f684a7b,0,0,0,clean,0,not_invoked,,0,0,0.0,0.00030000046535860747,9.999894245993346e-05,0.0027999994927085936,0.0022999993234407157,0.007499998901039362
255,255,train:d30_u13,,,,,,never,3,0,0,0,0,0,rbpg-3e212e568f3d314e0ee8eb2a,rbpg-3e212e568f3d314e0ee8eb2a,rbpg-exec-a795a1d0cf114c8c8b14d235badf642d,255:train:d30_u13,36c9e5f68748a22e87a385ef25765fa2,0,0,0,clean,0,not_invoked,,0,0,0.0,0.00030000046535860747,0.000200001522898674,0.00270000055024866,0.002300001142430119,0.0073999999585794285
256,256,train:d30_u14,,,,,,never,3,0,0,0,0,0,rbpg-3e212e568f3d314e0ee8eb2a,rbpg-3e212e568f3d314e0ee8eb2a,rbpg-exec-a795a1d0cf114c8c8b14d235badf642d,256:train:d30_u14,c439c330a2e4ff77746b2d8f20eeaf0a,0,0,0,clean,0,not_invoked,,0,0,0.0,0.000200001522898674,0.000100000761449337,0.002800001311697997,0.002300001142430119,0.0073999999585794285
257,257,train:d31_u0,,,,,,never,3,0,0,0,0,0,rbpg-3e212e568f3d314e0ee8eb2a,rbpg-3e212e568f3d314e0ee8eb2a,rbpg-exec-a795a1d0cf114c8c8b14d235badf642d,257:train:d31_u0,f4dda8e8e23220128103a63cdbfc76f5,0,0,0,clean,0,not_invoked,,0,0,0.0,0.00039999940781854093,9.999894245993346e-05,0.003099999958067201,0.002499999027349986,0.008099999831756577
258,258,train:d31_u1,,,,,,never,3,0,0,0,0,0,rbpg-3e212e568f3d314e0ee8eb2a,rbpg-3e212e568f3d314e0ee8eb2a,rbpg-exec-a795a1d0cf114c8c8b14d235badf642d,258:train:d31_u1,775c653847309ffa889c069ab8f4b252,0,0,0,clean,0,not_invoked,,0,0,0.0,0.0004000012268079445,0.00019999970390927047,0.0027999994927085936,0.0022999993234407157,0.007799999366397969
259,259,train:d31_u2,,,,,,never,3,0,0,0,0,0,rbpg-3e212e568f3d314e0ee8eb2a,rbpg-3e212e568f3d314e0ee8eb2a,rbpg-exec-a795a1d0cf114c8c8b14d235badf642d,259:train:d31_u2,b82c363cd956b18b677649df34cb3f2d,0,0,0,clean,0,not_invoked,,0,0,0.0,0.00030000046535860747,0.00019999970390927047,0.0029000002541579306,0.002200000380980782,0.0075000007200287655
260,260,train:d31_u3,,,,,,never,3,0,0,0,0,0,rbpg-3e212e568f3d314e0ee8eb2a,rbpg-3e212e568f3d314e0ee8eb2a,rbpg-exec-a795a1d0cf114c8c8b14d235badf642d,260:train:d31_u3,1cf7cca6c3b4b88b945d87bbd4233202,0,0,0,clean,0,not_invoked,,0,0,0.0,0.0002999986463692039,0.00019999970390927047,0.0029000002541579306,0.002300001142430119,0.007499998901039362
261,261,train:d32_u1,,,,,,never,3,0,0,0,0,0,rbpg-3e212e568f3d314e0ee8eb2a,rbpg-3e212e568f3d314e0ee8eb2a,rbpg-exec-a795a1d0cf114c8c8b14d235badf642d,261:train:d32_u1,c1554f7387d652628276d4c5e5fba5fd,0,0,0,clean,0,not_invoked,,0,0,0.0,0.0002999986463692039,9.999894245993346e-05,0.0026999987312592566,0.0022999993234407157,0.007300001016119495
262,262,train:d32_u3,,,,,,never,3,0,0,0,0,0,rbpg-3e212e568f3d314e0ee8eb2a,rbpg-3e212e568f3d314e0ee8eb2a,rbpg-exec-a795a1d0cf114c8c8b14d235badf642d,262:train:d32_u3,84be29098e74c8e38384a28e177bb000,0,0,0,clean,0,not_invoked,,0,0,0.0,0.00030000046535860747,9.999894245993346e-05,0.003200000719516538,0.0025000008463393897,0.008099999831756577
263,263,train:d32_u5,,,,,,never,3,0,0,0,0,0,rbpg-3e212e568f3d314e0ee8eb2a,rbpg-3e212e568f3d314e0ee8eb2a,rbpg-exec-a795a1d0cf114c8c8b14d235badf642d,263:train:d32_u5,f052b1901ce19201eddaabaed68a3e6b,0,0,0,clean,0,not_invoked,,0,0,0.0,0.00030000046535860747,0.000200001522898674,0.0027999994927085936,0.002599999788799323,0.007800001185387373
264,264,train:d32_u8,,,,,,never,3,0,0,0,0,0,rbpg-3e212e568f3d314e0ee8eb2a,rbpg-3e212e568f3d314e0ee8eb2a,rbpg-exec-a795a1d0cf114c8c8b14d235badf642d,264:train:d32_u8,167aa9149aa05c9b3c12a5bf81571c6b,0,0,0,clean,0,not_invoked,,0,0,0.0,0.0002999986463692039,0.000100000761449337,0.0030000010156072676,0.0025000008463393897,0.007900000127847306
265,265,train:d32_u10,,,,,,never,3,0,0,0,0,0,rbpg-3e212e568f3d314e0ee8eb2a,rbpg-3e212e568f3d314e0ee8eb2a,rbpg-exec-a795a1d0cf114c8c8b14d235badf642d,265:train:d32_u10,f7bdbf58c535fe2804176ee0a0c60e2f,0,0,0,clean,0,not_invoked,,0,0,0.0,0.00039999940781854093,9.999894245993346e-05,0.002999999196617864,0.002499999027349986,0.007900000127847306
266,266,train:d32_u11,,,,,,never,3,0,0,0,0,0,rbpg-3e212e568f3d314e0ee8eb2a,rbpg-3e212e568f3d314e0ee8eb2a,rbpg-exec-a795a1d0cf114c8c8b14d235badf642d,266:train:d32_u11,bea7903b9f5d0898c4e15454651dec19,0,0,0,clean,0,not_invoked,,0,0,0.0,0.00039999940781854093,0.000200001522898674,0.0027999994927085936,0.002499999027349986,0.007799999366397969
267,267,train:d32_u12,,,,,,never,3,0,0,0,0,0,rbpg-3e212e568f3d314e0ee8eb2a,rbpg-3e212e568f3d314e0ee8eb2a,rbpg-exec-a795a1d0cf114c8c8b14d235badf642d,267:train:d32_u12,317aa5712cdf837034bd82e752eace34,0,0,0,clean,0,not_invoked,,0,0,0.0,0.00030000046535860747,0.00019999970390927047,0.0029000002541579306,0.0024000000848900527,0.007800001185387373
268,268,train:d32_u13,,,,,,never,3,0,0,0,0,0,rbpg-3e212e568f3d314e0ee8eb2a,rbpg-3e212e568f3d314e0ee8eb2a,rbpg-exec-a795a1d0cf114c8c8b14d235badf642d,268:train:d32_u13,0a58e0f93744a4a228721a9ee6ba6317,0,0,0,clean,0,not_invoked,,0,0,0.0,0.0002999986463692039,0.000100000761449337,0.0029000002541579306,0.01759999940986745,0.0228000008064555
269,269,train:d32_u14,,,,,,never,3,0,0,0,0,0,rbpg-3e212e568f3d314e0ee8eb2a,rbpg-3e212e568f3d314e0ee8eb2a,rbpg-exec-a795a1d0cf114c8c8b14d235badf642d,269:train:d32_u14,b691f677c651fe0eca9cc7be0c5d930c,0,0,0,clean,0,not_invoked,,0,0,0.0,0.00030000046535860747,0.000200001522898674,0.022500000341096893,0.002499999027349986,0.027400001272326335
270,270,train:d32_u15,,,,,,never,3,0,0,0,0,0,rbpg-3e212e568f3d314e0ee8eb2a,rbpg-3e212e568f3d314e0ee8eb2a,rbpg-exec-a795a1d0cf114c8c8b14d235badf642d,270:train:d32_u15,45af98dc7b3f285d9082fceabb287ff4,0,0,0,clean,0,not_invoked,,0,0,0.0,0.00030000046535860747,0.000100000761449337,0.0029000002541579306,0.002499999027349986,0.007799999366397969
271,271,train:d32_u16,,,,,,never,3,0,0,0,0,0,rbpg-3e212e568f3d314e0ee8eb2a,rbpg-3e212e568f3d314e0ee8eb2a,rbpg-exec-a795a1d0cf114c8c8b14d235badf642d,271:train:d32_u16,f29c5a4adef1720b778b2dc49e7864ab,0,0,0,clean,0,not_invoked,,0,0,0.0,0.00030000046535860747,0.00019999970390927047,0.0027999994927085936,0.0024000000848900527,0.007700000423938036
272,272,train:d32_u18,,,,,,never,3,0,0,0,0,0,rbpg-3e212e568f3d314e0ee8eb2a,rbpg-3e212e568f3d314e0ee8eb2a,rbpg-exec-a795a1d0cf114c8c8b14d235badf642d,272:train:d32_u18,19f0d2afbfadb6f7f4bd7802f1798d81,0,0,0,clean,0,not_invoked,,0,0,0.0,0.00030000046535860747,0.00019999970390927047,0.003200000719516538,0.0024000000848900527,0.00799999907030724
273,273,train:d33_u1,,,,,,never,3,0,0,0,0,0,rbpg-3e212e568f3d314e0ee8eb2a,rbpg-3e212e568f3d314e0ee8eb2a,rbpg-exec-a795a1d0cf114c8c8b14d235badf642d,273:train:d33_u1,c8f798ff83fbe29bf3250bae213b7a83,0,0,0,clean,0,not_invoked,,0,0,0.0,0.0002999986463692039,0.00019999970390927047,0.0029000002541579306,0.0024000000848900527,0.007700000423938036
274,274,train:d33_u2,,,,,,never,3,0,0,0,0,0,rbpg-3e212e568f3d314e0ee8eb2a,rbpg-3e212e568f3d314e0ee8eb2a,rbpg-exec-a795a1d0cf114c8c8b14d235badf642d,274:train:d33_u2,47d60c82cbd18edce153c1dd24c558a0,0,0,0,clean,0,not_invoked,,0,0,0.0,0.0002999986463692039,0.00019999970390927047,0.0027999994927085936,0.0022999993234407157,0.0073999999585794285
275,275,train:d33_u3,,,,,,never,3,0,0,0,0,0,rbpg-3e212e568f3d314e0ee8eb2a,rbpg-3e212e568f3d314e0ee8eb2a,rbpg-exec-a795a1d0cf114c8c8b14d235badf642d,275:train:d33_u3,11775b0b28f625ba4879f57b15ab45b5,0,0,0,clean,0,not_invoked,,0,0,0.0,0.00030000046535860747,0.00019999970390927047,0.00270000055024866,0.0024000000848900527,0.0073999999585794285
276,276,train:d33_u5,,,,,,never,3,0,0,0,0,0,rbpg-3e212e568f3d314e0ee8eb2a,rbpg-3e212e568f3d314e0ee8eb2a,rbpg-exec-a795a1d0cf114c8c8b14d235badf642d,276:train:d33_u5,8c2e4b47668cfd35a3614cfc862b8108,0,0,0,clean,0,not_invoked,,0,0,0.0,0.00030000046535860747,0.00019999970390927047,0.0029000002541579306,0.0024000000848900527,0.02750000021478627
277,277,train:d33_u6,,,,,,never,3,0,0,0,0,0,rbpg-3e212e568f3d314e0ee8eb2a,rbpg-3e212e568f3d314e0ee8eb2a,rbpg-exec-a795a1d0cf114c8c8b14d235badf642d,277:train:d33_u6,e6e87af6e0ad185971e9678569460865,0,0,0,clean,0,not_invoked,,0,0,0.0,0.0002999986463692039,0.00019999970390927047,0.0031999989005271345,0.0026999987312592566,0.008700000762473792
278,278,train:d33_u7,,,,,,never,3,0,0,0,0,0,rbpg-3e212e568f3d314e0ee8eb2a,rbpg-3e212e568f3d314e0ee8eb2a,rbpg-exec-a795a1d0cf114c8c8b14d235badf642d,278:train:d33_u7,d323cbddb0fa7854e1da28f05f86475e,0,0,0,clean,0,not_invoked,,0,0,0.0,0.0002999986463692039,0.00019999970390927047,0.0032999996619764715,0.002599999788799323,0.008499999239575118
279,279,train:d33_u8,,,,,,never,3,0,0,0,0,0,rbpg-3e212e568f3d314e0ee8eb2a,rbpg-3e212e568f3d314e0ee8eb2a,rbpg-exec-a795a1d0cf114c8c8b14d235badf642d,279:train:d33_u8,c9667f09c5dfb2aa2a9bb113b616d7a2,0,0,0,clean,0,not_invoked,,0,0,0.0,0.00039999940781854093,0.0002999986463692039,0.024200000552809797,0.0027999994927085936,0.029800001357216388
280,280,train:d33_u9,,,,,,never,3,0,0,0,0,0,rbpg-3e212e568f3d314e0ee8eb2a,rbpg-3e212e568f3d314e0ee8eb2a,rbpg-exec-a795a1d0cf114c8c8b14d235badf642d,280:train:d33_u9,850ca3e180304ca357ad81f1dbd18acb,0,0,0,clean,0,not_invoked,,0,0,0.0,0.00030000046535860747,0.00019999970390927047,0.0034000004234258085,0.0029000002541579306,0.009100000170292333
281,281,train:d33_u10,,,,,,never,3,0,0,0,0,0,rbpg-3e212e568f3d314e0ee8eb2a,rbpg-3e212e568f3d314e0ee8eb2a,rbpg-exec-a795a1d0cf114c8c8b14d235badf642d,281:train:d33_u10,7c7f0ec0c277d73d228274dbad9e2bcb,0,0,0,clean,0,not_invoked,,0,0,0.0,0.0002999986463692039,0.000200001522898674,0.0032999996619764715,0.003099999958067201,0.009299999874201603
282,282,train:d34_u0,,,,,,never,3,0,0,0,0,0,rbpg-3e212e568f3d314e0ee8eb2a,rbpg-3e212e568f3d314e0ee8eb2a,rbpg-exec-a795a1d0cf114c8c8b14d235badf642d,282:train:d34_u0,5d6d114cd4035acfc467b3c13486defd,0,0,0,clean,0,not_invoked,,0,0,0.0,0.00039999940781854093,0.00019999970390927047,0.0034000004234258085,0.0027999994927085936,0.008999999408842996
283,283,train:d34_u1,,,,,,never,3,0,0,0,0,0,rbpg-3e212e568f3d314e0ee8eb2a,rbpg-3e212e568f3d314e0ee8eb2a,rbpg-exec-a795a1d0cf114c8c8b14d235badf642d,283:train:d34_u1,ebe6c7f7087e1819ced53f0dcaab46da,0,0,0,clean,0,not_invoked,,0,0,0.0,0.00030000046535860747,0.00019999970390927047,0.0032999996619764715,0.0027999994927085936,0.008900000466383062
284,284,train:d34_u2,,,,,,never,3,0,0,0,0,0,rbpg-3e212e568f3d314e0ee8eb2a,rbpg-3e212e568f3d314e0ee8eb2a,rbpg-exec-a795a1d0cf114c8c8b14d235badf642d,284:train:d34_u2,3984a781451354c59c6c058a41705c5c,0,0,0,clean,0,not_invoked,,0,0,0.0,0.00039999940781854093,0.00019999970390927047,0.003499999365885742,0.002999999196617864,0.009299999874201603
285,285,train:d34_u3,,,,,,never,3,0,0,0,0,0,rbpg-3e212e568f3d314e0ee8eb2a,rbpg-3e212e568f3d314e0ee8eb2a,rbpg-exec-a795a1d0cf114c8c8b14d235badf642d,285:train:d34_u3,cbaa6db6b6e5b161922003a7977a4285,0,0,0,clean,0,not_invoked,,0,0,0.0,0.00030000046535860747,0.00019999970390927047,0.003200000719516538,0.01700000029813964,0.0228000008064555
286,286,train:d34_u4,,,,,,never,3,0,0,0,0,0,rbpg-3e212e568f3d314e0ee8eb2a,rbpg-3e212e568f3d314e0ee8eb2a,rbpg-exec-a795a1d0cf114c8c8b14d235badf642d,286:train:d34_u4,dc184780839838bbe8fbff6a43e7d925,0,0,0,clean,0,not_invoked,,0,0,0.0,0.00030000046535860747,9.999894245993346e-05,0.02409999979136046,0.00270000055024866,0.029200000426499173
287,287,train:d34_u5,,,,,,never,3,0,0,0,0,0,rbpg-3e212e568f3d314e0ee8eb2a,rbpg-3e212e568f3d314e0ee8eb2a,rbpg-exec-a795a1d0cf114c8c8b14d235badf642d,287:train:d34_u5,cacfea146d1646904efaa48900cb4950,0,0,0,clean,0,not_invoked,,0,0,0.0,0.00030000046535860747,0.000200001522898674,0.0032999996619764715,0.00270000055024866,0.008600000001024455
288,288,train:d34_u6,,,,,,never,3,0,0,0,0,0,rbpg-3e212e568f3d314e0ee8eb2a,rbpg-3e212e568f3d314e0ee8eb2a,rbpg-exec-a795a1d0cf114c8c8b14d235badf642d,288:train:d34_u6,a09be0561886079ef6e0c95bb1db1eb5,0,0,0,clean,0,not_invoked,,0,0,0.0,0.0004000012268079445,0.00019999970390927047,0.003200000719516538,0.0026000016077887267,0.008500001058564521
289,289,train:d34_u7,,,,,,never,3,0,0,0,0,0,rbpg-3e212e568f3d314e0ee8eb2a,rbpg-3e212e568f3d314e0ee8eb2a,rbpg-exec-a795a1d0cf114c8c8b14d235badf642d,289:train:d34_u7,4ed522319cb7bfd9c249750dcadaaf9c,0,0,0,clean,0,not_invoked,,0,0,0.0,0.0002999986463692039,0.00019999970390927047,0.0032999996619764715,0.023299999156733975,0.029200000426499173
290,290,train:d34_u8,,,,,,never,3,0,0,0,0,0,rbpg-3e212e568f3d314e0ee8eb2a,rbpg-3e212e568f3d314e0ee8eb2a,rbpg-exec-a795a1d0cf114c8c8b14d235badf642d,290:train:d34_u8,f241fc76626e8c0be50992ba0bd16aa4,0,0,0,clean,0,not_invoked,,0,0,0.0,0.00030000046535860747,0.000100000761449337,0.018000000636675395,0.002800001311697997,0.023499998860643245
291,291,train:d34_u10,,,,,,never,3,0,0,0,0,0,rbpg-3e212e568f3d314e0ee8eb2a,rbpg-3e212e568f3d314e0ee8eb2a,rbpg-exec-a795a1d0cf114c8c8b14d235badf642d,291:train:d34_u10,2073f39fc1af26a096ad58f08439cfc5,0,0,0,clean,0,not_invoked,,0,0,0.0,0.0002999986463692039,0.000100000761449337,0.017700000171316788,0.003600000127335079,0.02409999979136046
292,292,train:d34_u11,,,,,,never,3,0,0,0,0,0,rbpg-3e212e568f3d314e0ee8eb2a,rbpg-3e212e568f3d314e0ee8eb2a,rbpg-exec-a795a1d0cf114c8c8b14d235badf642d,292:train:d34_u11,1d916997f3eb4625d22f62cb81f50e31,0,0,0,clean,0,not_invoked,,0,0,0.0,0.0004000012268079445,0.0002999986463692039,0.004699999408330768,0.0029000002541579306,0.010799998563015833
293,293,train:d34_u12,,,,,,never,3,0,0,0,0,0,rbpg-3e212e568f3d314e0ee8eb2a,rbpg-3e212e568f3d314e0ee8eb2a,rbpg-exec-a795a1d0cf114c8c8b14d235badf642d,293:train:d34_u12,290e80624a638b7a62c9b8c7f5cf3844,0,0,0,clean,0,not_invoked,,0,0,0.0,0.00030000046535860747,0.00019999970390927047,0.003600000127335079,0.002899998435168527,0.00940000063565094
294,294,train:d35_u1,,,,,,never,3,0,0,0,0,0,rbpg-3e212e568f3d314e0ee8eb2a,rbpg-3e212e568f3d314e0ee8eb2a,rbpg-exec-a795a1d0cf114c8c8b14d235badf642d,294:train:d35_u1,252939b9989393b46df2b288353b393b,0,0,0,clean,0,not_invoked,,0,0,0.0,0.00039999940781854093,0.00019999970390927047,0.004100000296602957,0.002999999196617864,0.010100000508828089
295,295,train:d35_u2,,,,,,never,3,0,0,0,0,0,rbpg-3e212e568f3d314e0ee8eb2a,rbpg-3e212e568f3d314e0ee8eb2a,rbpg-exec-a795a1d0cf114c8c8b14d235badf642d,295:train:d35_u2,831f29c1eb1759be51dd085160a4aae2,0,0,0,clean,0,not_invoked,,0,0,0.0,0.0004000012268079445,0.00019999970390927047,0.0034000004234258085,0.017500000467407517,0.023799999326001853
296,296,train:d35_u3,,,,,,never,3,0,0,0,0,0,rbpg-3e212e568f3d314e0ee8eb2a,rbpg-3e212e568f3d314e0ee8eb2a,rbpg-exec-a795a1d0cf114c8c8b14d235badf642d,296:train:d35_u3,f4a88213112aac38d588d72778a1e875,0,0,0,clean,0,not_invoked,,0,0,0.0,0.00030000046535860747,0.00019999970390927047,0.003099999958067201,0.0026999987312592566,0.008499999239575118
297,297,train:d35_u4,,,,,,never,3,0,0,0,0,0,rbpg-3e212e568f3d314e0ee8eb2a,rbpg-3e212e568f3d314e0ee8eb2a,rbpg-exec-a795a1d0cf114c8c8b14d235badf642d,297:train:d35_u4,d1cb90ffa03ed18bb28950bbfc8191d3,0,0,0,clean,0,not_invoked,,0,0,0.0,0.00039999940781854093,0.000100000761449337,0.003099999958067201,0.002599999788799323,0.008400000297115184
298,298,train:d35_u5,,,,,,never,3,0,0,0,0,0,rbpg-3e212e568f3d314e0ee8eb2a,rbpg-3e212e568f3d314e0ee8eb2a,rbpg-exec-a795a1d0cf114c8c8b14d235badf642d,298:train:d35_u5,eaa3312b5456752d10b8a38e2fda0192,0,0,0,clean,0,not_invoked,,0,0,0.0,0.00030000046535860747,0.00019999970390927047,0.003200000719516538,0.0027999994927085936,0.008499999239575118
299,299,train:d36_u0,,,,,,never,3,0,0,0,0,0,rbpg-3e212e568f3d314e0ee8eb2a,rbpg-3e212e568f3d314e0ee8eb2a,rbpg-exec-a795a1d0cf114c8c8b14d235badf642d,299:train:d36_u0,1a4807d6b27f8d916dad6430cda4e606,0,0,0,clean,0,not_invoked,,0,0,0.0,0.00039999940781854093,0.00019999970390927047,0.003200000719516538,0.002599999788799323,0.008500001058564521
300,300,train:d36_u1,,,,,,never,3,0,0,0,0,0,rbpg-3e212e568f3d314e0ee8eb2a,rbpg-3e212e568f3d314e0ee8eb2a,rbpg-exec-a795a1d0cf114c8c8b14d235badf642d,300:train:d36_u1,f656cc0bf67a2719e80fa2cc65cd5b17,0,0,0,clean,0,not_invoked,,0,0,0.0,0.00039999940781854093,0.000100000761449337,0.003099999958067201,0.00270000055024866,0.008400000297115184
301,301,train:d36_u2,,,,,,never,3,0,0,0,0,0,rbpg-3e212e568f3d314e0ee8eb2a,rbpg-3e212e568f3d314e0ee8eb2a,rbpg-exec-a795a1d0cf114c8c8b14d235badf642d,301:train:d36_u2,a56dce04b1eb979af7143cb95c40d45f,0,0,0,clean,0,not_invoked,,0,0,0.0,0.00030000046535860747,0.000100000761449337,0.002999999196617864,0.002599999788799323,0.008400000297115184
302,302,train:d36_u3,,,,,,never,3,0,0,0,0,0,rbpg-3e212e568f3d314e0ee8eb2a,rbpg-3e212e568f3d314e0ee8eb2a,rbpg-exec-a795a1d0cf114c8c8b14d235badf642d,302:train:d36_u3,3a6814dd638e9b9c245ac465fff6acf6,0,0,0,clean,0,not_invoked,,0,0,0.0,0.00039999940781854093,0.00019999970390927047,0.003099999958067201,0.002599999788799323,0.008300001354655251
303,303,train:d36_u4,,,,,,never,3,0,0,0,0,0,rbpg-3e212e568f3d314e0ee8eb2a,rbpg-3e212e568f3d314e0ee8eb2a,rbpg-exec-a795a1d0cf114c8c8b14d235badf642d,303:train:d36_u4,f9ae16fcbf11f6713179e7f1e446f142,0,0,0,clean,0,not_invoked,,0,0,0.0,0.00039999940781854093,0.00019999970390927047,0.003099999958067201,0.00270000055024866,0.008400000297115184
304,304,train:d36_u5,,,,,,never,3,0,0,0,0,0,rbpg-3e212e568f3d314e0ee8eb2a,rbpg-3e212e568f3d314e0ee8eb2a,rbpg-exec-a795a1d0cf114c8c8b14d235badf642d,304:train:d36_u5,f965c30968ad1b3dd25e80416e812237,0,0,0,clean,0,not_invoked,,0,0,0.0,0.0004000012268079445,9.999894245993346e-05,0.017700000171316788,0.0024000000848900527,0.022700000045006163
305,305,train:d37_u0,,,,,,never,3,0,0,0,0,0,rbpg-3e212e568f3d314e0ee8eb2a,rbpg-3e212e568f3d314e0ee8eb2a,rbpg-exec-a795a1d0cf114c8c8b14d235badf642d,305:train:d37_u0,14b2b5c3b3a423e124f9e6d294ae50bf,0,0,0,clean,0,not_invoked,,0,0,0.0,0.00030000046535860747,0.00019999970390927047,0.002999999196617864,0.002599999788799323,0.008000000889296643
306,306,train:d37_u1,,,,,,never,3,0,0,0,0,0,rbpg-3e212e568f3d314e0ee8eb2a,rbpg-3e212e568f3d314e0ee8eb2a,rbpg-exec-a795a1d0cf114c8c8b14d235badf642d,306:train:d37_u1,066c309a307fa2235ea3fe4353acab73,0,0,0,clean,0,not_invoked,,0,0,0.0,0.00030000046535860747,0.000100000761449337,0.02350000067963265,0.002599999788799323,0.028500000553322025
307,307,train:d37_u2,,,,,,never,3,0,0,0,0,0,rbpg-3e212e568f3d314e0ee8eb2a,rbpg-3e212e568f3d314e0ee8eb2a,rbpg-exec-a795a1d0cf114c8c8b14d235badf642d,307:train:d37_u2,f53689b6f1bebd7de3673fcaac91fb8c,0,0,0,clean,0,not_invoked,,0,0,0.0,0.00039999940781854093,0.00019999970390927047,0.0034000004234258085,0.0029000002541579306,0.02990000029967632
308,308,train:d38_u0,,,,,,never,3,0,0,0,0,0,rbpg-3e212e568f3d314e0ee8eb2a,rbpg-3e212e568f3d314e0ee8eb2a,rbpg-exec-a795a1d0cf114c8c8b14d235badf642d,308:train:d38_u0,108b895be1ddbbfbb36512b667650875,0,0,0,clean,0,not_invoked,,0,0,0.0,0.00030000046535860747,0.000200001522898674,0.003399998604436405,0.0029000002541579306,0.00909999835130293
309,309,train:d38_u1,,,,,,never,3,0,0,0,0,0,rbpg-3e212e568f3d314e0ee8eb2a,rbpg-3e212e568f3d314e0ee8eb2a,rbpg-exec-a795a1d0cf114c8c8b14d235badf642d,309:train:d38_u1,274a60a3b9e6bad397c707a00bf67fdc,0,0,0,clean,0,not_invoked,,0,0,0.0,0.0004000012268079445,0.000200001522898674,0.003600000127335079,0.0029000002541579306,0.009299999874201603
310,310,train:d38_u2,,,,,,never,3,0,0,0,0,0,rbpg-3e212e568f3d314e0ee8eb2a,rbpg-3e212e568f3d314e0ee8eb2a,rbpg-exec-a795a1d0cf114c8c8b14d235badf642d,310:train:d38_u2,74df38947db7e365f9ed80a4070f8dc4,0,0,0,clean,0,not_invoked,,0,0,0.0,0.00030000046535860747,0.00019999970390927047,0.0032999996619764715,0.0029000002541579306,0.00940000063565094
311,311,train:d38_u3,,,,,,never,3,0,0,0,0,0,rbpg-3e212e568f3d314e0ee8eb2a,rbpg-3e212e568f3d314e0ee8eb2a,rbpg-exec-a795a1d0cf114c8c8b14d235badf642d,311:train:d38_u3,bb6019fac10fe4b12489c2aa39fe872b,0,0,0,clean,0,not_invoked,,0,0,0.0,0.0004000012268079445,0.000100000761449337,0.003499999365885742,0.00270000055024866,0.008799999704933725
312,312,train:d38_u5,,,,,,never,3,0,0,0,0,0,rbpg-3e212e568f3d314e0ee8eb2a,rbpg-3e212e568f3d314e0ee8eb2a,rbpg-exec-a795a1d0cf114c8c8b14d235badf642d,312:train:d38_u5,7ee737075f7e40496c505d37b7fbc3d9,0,0,0,clean,0,not_invoked,,0,0,0.0,0.0002999986463692039,0.00019999970390927047,0.0034000004234258085,0.0026999987312592566,0.008900000466383062
313,313,train:d38_u6,,,,,,never,3,0,0,0,0,0,rbpg-3e212e568f3d314e0ee8eb2a,rbpg-3e212e568f3d314e0ee8eb2a,rbpg-exec-a795a1d0cf114c8c8b14d235badf642d,313:train:d38_u6,63a51eab6048a5fc361da5b45df7eef8,0,0,0,clean,0,not_invoked,,0,0,0.0,0.00039999940781854093,0.00019999970390927047,0.0034000004234258085,0.002599999788799323,0.008800001523923129
314,314,train:d39_u0,,,,,,never,3,0,0,0,0,0,rbpg-3e212e568f3d314e0ee8eb2a,rbpg-3e212e568f3d314e0ee8eb2a,rbpg-exec-a795a1d0cf114c8c8b14d235badf642d,314:train:d39_u0,b22b792f78bd1535f580a07257e38b18,0,0,0,clean,0,not_invoked,,0,0,0.0,0.0004000012268079445,0.00019999970390927047,0.003200000719516538,0.00270000055024866,0.008500001058564521
315,315,train:d39_u1,,,,,,never,3,0,0,0,0,0,rbpg-3e212e568f3d314e0ee8eb2a,rbpg-3e212e568f3d314e0ee8eb2a,rbpg-exec-a795a1d0cf114c8c8b14d235badf642d,315:train:d39_u1,5b1041cc5eda82a0919aa53a46bcbc98,0,0,0,clean,0,not_invoked,,0,0,0.0,0.00039999940781854093,9.999894245993346e-05,0.003300001480965875,0.002599999788799323,0.008699998943484388
316,316,train:d39_u3,,,,,,never,3,0,0,0,0,0,rbpg-3e212e568f3d314e0ee8eb2a,rbpg-3e212e568f3d314e0ee8eb2a,rbpg-exec-a795a1d0cf114c8c8b14d235badf642d,316:train:d39_u3,b0c3415a87f01db708386fc0fc90162b,0,0,0,clean,0,not_invoked,,0,0,0.0,0.0004000012268079445,0.000200001522898674,0.003499999365885742,0.0024000000848900527,0.02300000051036477
317,317,train:d39_u4,,,,,,never,3,0,0,0,0,0,rbpg-3e212e568f3d314e0ee8eb2a,rbpg-3e212e568f3d314e0ee8eb2a,rbpg-exec-a795a1d0cf114c8c8b14d235badf642d,317:train:d39_u4,a756c846d3ef024fbeb54b53f5866a64,0,0,0,clean,0,not_invoked,,0,0,0.0,0.0004000012268079445,9.999894245993346e-05,0.003099999958067201,0.00270000055024866,0.008300001354655251
318,318,train:d39_u5,,,,,,never,3,0,0,0,0,0,rbpg-3e212e568f3d314e0ee8eb2a,rbpg-3e212e568f3d314e0ee8eb2a,rbpg-exec-a795a1d0cf114c8c8b14d235badf642d,318:train:d39_u5,c3bea08d50d26a0c73c468cc47e0286f,0,0,0,clean,0,not_invoked,,0,0,0.0,0.00030000046535860747,0.000100000761449337,0.0030000010156072676,0.0025000008463393897,0.007900000127847306
319,319,train:d39_u6,,,,,,never,3,0,0,0,0,0,rbpg-3e212e568f3d314e0ee8eb2a,rbpg-3e212e568f3d314e0ee8eb2a,rbpg-exec-a795a1d0cf114c8c8b14d235badf642d,319:train:d39_u6,ae6e1e785a25a8886788b1e03c7cbc25,0,0,0,clean,0,not_invoked,,0,0,0.0,0.0004000012268079445,0.000100000761449337,0.003099999958067201,0.0025000008463393897,0.008000000889296643
320,320,train:d39_u7,,,,,,never,3,0,0,0,0,0,rbpg-3e212e568f3d314e0ee8eb2a,rbpg-3e212e568f3d314e0ee8eb2a,rbpg-exec-a795a1d0cf114c8c8b14d235badf642d,320:train:d39_u7,8c000ee44c7a8bf8b957ffb263ad6b1e,0,0,0,clean,0,not_invoked,,0,0,0.0,0.00030000046535860747,0.00019999970390927047,0.0030000010156072676,0.022900001567904837,0.028399999791872688
321,321,train:d39_u8,,,,,,never,3,0,0,0,0,0,rbpg-3e212e568f3d314e0ee8eb2a,rbpg-3e212e568f3d314e0ee8eb2a,rbpg-exec-a795a1d0cf114c8c8b14d235badf642d,321:train:d39_u8,9e56244564953671b29a4b7bb980cb8f,0,0,0,clean,0,not_invoked,,0,0,0.0,0.00039999940781854093,0.00019999970390927047,0.024700000722077675,0.0029000002541579306,0.030399998649954796
322,322,train:d39_u9,,,,,,never,3,0,0,0,0,0,rbpg-3e212e568f3d314e0ee8eb2a,rbpg-3e212e568f3d314e0ee8eb2a,rbpg-exec-a795a1d0cf114c8c8b14d235badf642d,322:train:d39_u9,06a38ecaf92dd8eb5d9bebdfbbd6a453,0,0,0,clean,0,not_invoked,,0,0,0.0,0.0005000001692678779,0.00019999970390927047,0.003600000127335079,0.0029000002541579306,0.009800000043469481
323,323,train:d39_u11,,,,,,never,3,0,0,0,0,0,rbpg-3e212e568f3d314e0ee8eb2a,rbpg-3e212e568f3d314e0ee8eb2a,rbpg-exec-a795a1d0cf114c8c8b14d235badf642d,323:train:d39_u11,f081c283af2192deb622006569776436,0,0,0,clean,0,not_invoked,,0,0,0.0,0.00039999940781854093,0.00019999970390927047,0.0035000011848751456,0.0030000010156072676,0.009399998816661537
324,324,train:d39_u12,,,,,,never,3,0,0,0,0,0,rbpg-3e212e568f3d314e0ee8eb2a,rbpg-3e212e568f3d314e0ee8eb2a,rbpg-exec-a795a1d0cf114c8c8b14d235badf642d,324:train:d39_u12,af2c701e089aafd53fcb1affa968e7b6,0,0,0,clean,0,not_invoked,,0,0,0.0,0.0005000001692678779,0.000100000761449337,0.003399998604436405,0.0027999994927085936,0.009100000170292333
325,325,train:d39_u13,,,,,,never,3,0,0,0,0,0,rbpg-3e212e568f3d314e0ee8eb2a,rbpg-3e212e568f3d314e0ee8eb2a,rbpg-exec-a795a1d0cf114c8c8b14d235badf642d,325:train:d39_u13,3265acfcb9e2e4f4e4e2e55ccb8f1675,0,0,0,clean,0,not_invoked,,0,0,0.0,0.00039999940781854093,0.00019999970390927047,0.0034000004234258085,0.0027999994927085936,0.009100000170292333
326,326,train:d39_u14,,,,,,never,3,0,0,0,0,0,rbpg-3e212e568f3d314e0ee8eb2a,rbpg-3e212e568f3d314e0ee8eb2a,rbpg-exec-a795a1d0cf114c8c8b14d235badf642d,326:train:d39_u14,92b5bf463711a7ca8969ec114c0a2dc2,0,0,0,clean,0,not_invoked,,0,0,0.0,0.00039999940781854093,0.00019999970390927047,0.0034000004234258085,0.002999999196617864,0.009199999112752266
327,327,train:d39_u15,,,,,,never,3,0,0,0,0,0,rbpg-3e212e568f3d314e0ee8eb2a,rbpg-3e212e568f3d314e0ee8eb2a,rbpg-exec-a795a1d0cf114c8c8b14d235badf642d,327:train:d39_u15,8248a2ec80cb24d4f4533552679bf00c,0,0,0,clean,0,not_invoked,,0,0,0.0,0.0004000012268079445,0.00019999970390927047,0.0034000004234258085,0.0027999994927085936,0.009100000170292333
328,328,train:d39_u16,,,,,,never,3,0,0,0,0,0,rbpg-3e212e568f3d314e0ee8eb2a,rbpg-3e212e568f3d314e0ee8eb2a,rbpg-exec-a795a1d0cf114c8c8b14d235badf642d,328:train:d39_u16,58207d83cd2aafd0328e8c11e42f75a4,0,0,0,clean,0,not_invoked,,0,0,0.0,0.00030000046535860747,0.000100000761449337,0.003099999958067201,0.0024000000848900527,0.007900000127847306
329,329,train:d39_u17,,,,,,never,3,0,0,0,0,0,rbpg-3e212e568f3d314e0ee8eb2a,rbpg-3e212e568f3d314e0ee8eb2a,rbpg-exec-a795a1d0cf114c8c8b14d235badf642d,329:train:d39_u17,88ca90ba0f7e7c53716487eb79a4c070,0,0,0,clean,0,not_invoked,,0,0,0.0,0.00030000046535860747,0.000200001522898674,0.0029000002541579306,0.0025000008463393897,0.007800001185387373
330,330,train:d39_u18,,,,,,never,3,0,0,0,0,0,rbpg-3e212e568f3d314e0ee8eb2a,rbpg-3e212e568f3d314e0ee8eb2a,rbpg-exec-a795a1d0cf114c8c8b14d235badf642d,330:train:d39_u18,aaf11a13642b81e98cbecea8c5eb5610,0,0,0,clean,0,not_invoked,,0,0,0.0,0.00030000046535860747,0.00019999970390927047,0.022700000045006163,0.0025000008463393897,0.027499998395796865
331,331,train:d40_u0,,,,,,never,3,0,0,0,0,0,rbpg-3e212e568f3d314e0ee8eb2a,rbpg-3e212e568f3d314e0ee8eb2a,rbpg-exec-a795a1d0cf114c8c8b14d235badf642d,331:train:d40_u0,566de8217cf81f0dc3392fd46df42b8c,0,0,0,clean,0,not_invoked,,0,0,0.0,0.00030000046535860747,0.00019999970390927047,0.002999999196617864,0.0025000008463393897,0.007800001185387373
332,332,train:d40_u1,,,,,,never,3,0,0,0,0,0,rbpg-3e212e568f3d314e0ee8eb2a,rbpg-3e212e568f3d314e0ee8eb2a,rbpg-exec-a795a1d0cf114c8c8b14d235badf642d,332:train:d40_u1,f5e9037531e54ad59b968e4b7f8ceb7d,0,0,0,clean,0,not_invoked,,0,0,0.0,0.00039999940781854093,0.00019999970390927047,0.0034000004234258085,0.00270000055024866,0.008900000466383062
333,333,train:d40_u2,,,,,,never,3,0,0,0,0,0,rbpg-3e212e568f3d314e0ee8eb2a,rbpg-3e212e568f3d314e0ee8eb2a,rbpg-exec-a795a1d0cf114c8c8b14d235badf642d,333:train:d40_u2,b96b2dd6a604053c8bcfec06595cb987,0,0,0,clean,0,not_invoked,,0,0,0.0,0.00039999940781854093,0.00019999970390927047,0.0034000004234258085,0.002599999788799323,0.008600000001024455
334,334,train:d40_u3,,,,,,never,3,0,0,0,0,0,rbpg-3e212e568f3d314e0ee8eb2a,rbpg-3e212e568f3d314e0ee8eb2a,rbpg-exec-a795a1d0cf114c8c8b14d235badf642d,334:train:d40_u3,afbf49470dc059b40766f1ee080b29ff,0,0,0,clean,0,not_invoked,,0,0,0.0,0.00039999940781854093,0.00019999970390927047,0.003200000719516538,0.0026999987312592566,0.008600000001024455
335,335,train:d40_u4,,,,,,never,3,0,0,0,0,0,rbpg-3e212e568f3d314e0ee8eb2a,rbpg-3e212e568f3d314e0ee8eb2a,rbpg-exec-a795a1d0cf114c8c8b14d235badf642d,335:train:d40_u4,d039e3e5409f01a1ea3f97c38eda9628,0,0,0,clean,0,not_invoked,,0,0,0.0,0.00039999940781854093,0.00019999970390927047,0.003099999958067201,0.002599999788799323,0.008600000001024455
336,336,train:d40_u5,,,,,,never,3,0,0,0,0,0,rbpg-3e212e568f3d314e0ee8eb2a,rbpg-3e212e568f3d314e0ee8eb2a,rbpg-exec-a795a1d0cf114c8c8b14d235badf642d,336:train:d40_u5,49a091e445b197c6915115bdac763b81,0,0,0,clean,0,not_invoked,,0,0,0.0,0.0004000012268079445,0.00019999970390927047,0.002999999196617864,0.002899998435168527,0.008700000762473792
337,337,train:d40_u6,,,,,,never,3,0,0,0,0,0,rbpg-3e212e568f3d314e0ee8eb2a,rbpg-3e212e568f3d314e0ee8eb2a,rbpg-exec-a795a1d0cf114c8c8b14d235badf642d,337:train:d40_u6,564b884331dc5eeec339c686eafe0855,0,0,0,clean,0,not_invoked,,0,0,0.0,0.00039999940781854093,0.00019999970390927047,0.0031000017770566046,0.00270000055024866,0.008499999239575118
338,338,train:d40_u7,,,,,,never,3,0,0,0,0,0,rbpg-3e212e568f3d314e0ee8eb2a,rbpg-3e212e568f3d314e0ee8eb2a,rbpg-exec-a795a1d0cf114c8c8b14d235badf642d,338:train:d40_u7,579933399c5fe1551ff0f0728a660a2c,0,0,0,clean,0,not_invoked,,0,0,0.0,0.00030000046535860747,0.000200001522898674,0.0030000010156072676,0.0024000000848900527,0.007900000127847306
339,339,train:d40_u10,,,,,,never,3,0,0,0,0,0,rbpg-3e212e568f3d314e0ee8eb2a,rbpg-3e212e568f3d314e0ee8eb2a,rbpg-exec-a795a1d0cf114c8c8b14d235badf642d,339:train:d40_u10,aac43cfc34b4e323b18acee0f22ce455,0,0,0,clean,0,not_invoked,,0,0,0.0,0.00030000046535860747,0.00019999970390927047,0.0027999994927085936,0.0026000016077887267,0.007799999366397969
340,340,train:d40_u12,,,,,,never,3,0,0,0,0,0,rbpg-3e212e568f3d314e0ee8eb2a,rbpg-3e212e568f3d314e0ee8eb2a,rbpg-exec-a795a1d0cf114c8c8b14d235badf642d,340:train:d40_u12,f4ab5801f4eaec2ee919a59767b47269,0,0,0,clean,0,not_invoked,,0,0,0.0,0.00030000046535860747,0.00019999970390927047,0.0026999987312592566,0.0024000000848900527,0.007700000423938036
341,341,train:d40_u13,,,,,,never,3,0,0,0,0,0,rbpg-3e212e568f3d314e0ee8eb2a,rbpg-3e212e568f3d314e0ee8eb2a,rbpg-exec-a795a1d0cf114c8c8b14d235badf642d,341:train:d40_u13,4daad73b398a14a824ce2b80f5495afa,0,0,0,clean,0,not_invoked,,0,0,0.0,0.00039999940781854093,0.00019999970390927047,0.0029000002541579306,0.002499999027349986,0.008000000889296643
342,342,train:d40_u14,,,,,,never,3,0,0,0,0,0,rbpg-3e212e568f3d314e0ee8eb2a,rbpg-3e212e568f3d314e0ee8eb2a,rbpg-exec-a795a1d0cf114c8c8b14d235badf642d,342:train:d40_u14,86805049c3753072eb92d47910aed6fb,0,0,0,clean,0,not_invoked,,0,0,0.0,0.00030000046535860747,0.00019999970390927047,0.002800001311697997,0.0024000000848900527,0.007700000423938036
343,343,train:d41_u0,,,,,,never,3,0,0,0,0,0,rbpg-3e212e568f3d314e0ee8eb2a,rbpg-3e212e568f3d314e0ee8eb2a,rbpg-exec-a795a1d0cf114c8c8b14d235badf642d,343:train:d41_u0,a0bc641654b0e698c462838b526eb57f,0,0,0,clean,0,not_invoked,,0,0,0.0,0.00030000046535860747,0.00019999970390927047,0.0027999994927085936,0.0024000000848900527,0.007599999662488699
344,344,train:d41_u2,,,,,,never,3,0,0,0,0,0,rbpg-3e212e568f3d314e0ee8eb2a,rbpg-3e212e568f3d314e0ee8eb2a,rbpg-exec-a795a1d0cf114c8c8b14d235badf642d,344:train:d41_u2,d84e9fb900088dd35bf08a12f75814ec,0,0,0,clean,0,not_invoked,,0,0,0.0,0.00030000046535860747,9.999894245993346e-05,0.019799999790848233,0.002300001142430119,0.024499999199179
345,345,train:d41_u3,,,,,,never,3,0,0,0,0,0,rbpg-3e212e568f3d314e0ee8eb2a,rbpg-3e212e568f3d314e0ee8eb2a,rbpg-exec-a795a1d0cf114c8c8b14d235badf642d,345:train:d41_u3,6329d5bd10e551c16e40898b6cc903ec,0,0,0,clean,0,not_invoked,,0,0,0.0,0.0004000012268079445,0.000200001522898674,0.0027999994927085936,0.0022999993234407157,0.0073999999585794285
346,346,train:d41_u4,,,,,,never,3,0,0,0,0,0,rbpg-3e212e568f3d314e0ee8eb2a,rbpg-3e212e568f3d314e0ee8eb2a,rbpg-exec-a795a1d0cf114c8c8b14d235badf642d,346:train:d41_u4,c8e725c4a1bf50539de7781105257818,0,0,0,clean,0,not_invoked,,0,0,0.0,0.00030000046535860747,0.000100000761449337,0.0027999994927085936,0.0024000000848900527,0.0073999999585794285
347,347,train:d41_u6,,,,,,never,3,0,0,0,0,0,rbpg-3e212e568f3d314e0ee8eb2a,rbpg-3e212e568f3d314e0ee8eb2a,rbpg-exec-a795a1d0cf114c8c8b14d235badf642d,347:train:d41_u6,3a952c43bda3d589af000a6cbc5105e2,0,0,0,clean,0,not_invoked,,0,0,0.0,0.00030000046535860747,0.000100000761449337,0.00270000055024866,0.002300001142430119,0.0072999991971300915
348,348,train:d41_u7,,,,,,never,3,0,0,0,0,0,rbpg-3e212e568f3d314e0ee8eb2a,rbpg-3e212e568f3d314e0ee8eb2a,rbpg-exec-a795a1d0cf114c8c8b14d235badf642d,348:train:d41_u7,6852e1344004370c74ce8ee12ffef295,0,0,0,clean,0,not_invoked,,0,0,0.0,0.00030000046535860747,0.000100000761449337,0.00270000055024866,0.002300001142430119,0.0072999991971300915
349,349,train:d41_u8,,,,,,never,3,0,0,0,0,0,rbpg-3e212e568f3d314e0ee8eb2a,rbpg-3e212e568f3d314e0ee8eb2a,rbpg-exec-a795a1d0cf114c8c8b14d235badf642d,349:train:d41_u8,2d27392a198d22d1efb73b0435275e09,0,0,0,clean,0,not_invoked,,0,0,0.0,0.00030000046535860747,0.00019999970390927047,0.002599999788799323,0.0021999985619913787,0.007200000254670158
350,350,train:d41_u9,,,,,,never,3,0,0,0,0,0,rbpg-3e212e568f3d314e0ee8eb2a,rbpg-3e212e568f3d314e0ee8eb2a,rbpg-exec-a795a1d0cf114c8c8b14d235badf642d,350:train:d41_u9,78712ce77ea22016b5cacc966528d447,0,0,0,clean,0,not_invoked,,0,0,0.0,0.00030000046535860747,0.00019999970390927047,0.00270000055024866,0.002300001142430119,0.0072999991971300915
351,351,train:d41_u10,,,,,,never,3,0,0,0,0,0,rbpg-3e212e568f3d314e0ee8eb2a,rbpg-3e212e568f3d314e0ee8eb2a,rbpg-exec-a795a1d0cf114c8c8b14d235badf642d,351:train:d41_u10,21e253f61aeadb91c2ff0e930cef0b42,0,0,0,clean,0,not_invoked,,0,0,0.0,0.00030000046535860747,0.00019999970390927047,0.00270000055024866,0.002399998265900649,0.0072999991971300915
352,352,train:d41_u11,,,,,,never,3,0,0,0,0,0,rbpg-3e212e568f3d314e0ee8eb2a,rbpg-3e212e568f3d314e0ee8eb2a,rbpg-exec-a795a1d0cf114c8c8b14d235badf642d,352:train:d41_u11,74ee63235c1005c498976bd64816369e,0,0,0,clean,0,not_invoked,,0,0,0.0,0.00030000046535860747,0.00019999970390927047,0.0027999994927085936,0.002200000380980782,0.0072999991971300915
353,353,train:d41_u13,,,,,,never,3,0,0,0,0,0,rbpg-3e212e568f3d314e0ee8eb2a,rbpg-3e212e568f3d314e0ee8eb2a,rbpg-exec-a795a1d0cf114c8c8b14d235badf642d,353:train:d41_u13,72ad04dd29c6859165748d3f3bb9ff73,0,0,0,clean,0,not_invoked,,0,0,0.0,0.00030000046535860747,0.00019999970390927047,0.0027999994927085936,0.002300001142430119,0.007699998604948632
354,354,train:d42_u0,,,,,,never,3,0,0,0,0,0,rbpg-3e212e568f3d314e0ee8eb2a,rbpg-3e212e568f3d314e0ee8eb2a,rbpg-exec-a795a1d0cf114c8c8b14d235badf642d,354:train:d42_u0,dcf4ffe5faa505ab4b4265073a66930c,0,0,0,clean,0,not_invoked,,0,0,0.0,0.00039999940781854093,0.000100000761449337,0.00270000055024866,0.002300001142430119,0.0073999999585794285
355,355,train:d43_u0,,,,,,never,3,0,0,0,0,0,rbpg-3e212e568f3d314e0ee8eb2a,rbpg-3e212e568f3d314e0ee8eb2a,rbpg-exec-a795a1d0cf114c8c8b14d235badf642d,355:train:d43_u0,0fc3c5ac6575b3a0f8bebb7ec01bc675,0,0,0,clean,0,not_invoked,,0,0,0.0,0.00030000046535860747,0.000100000761449337,0.0029000002541579306,0.002399998265900649,0.007700000423938036
356,356,train:d43_u1,,,,,,never,3,0,0,0,0,0,rbpg-3e212e568f3d314e0ee8eb2a,rbpg-3e212e568f3d314e0ee8eb2a,rbpg-exec-a795a1d0cf114c8c8b14d235badf642d,356:train:d43_u1,a1d75e1674105cf45cadd0c19b4dcb4a,0,0,0,clean,0,not_invoked,,0,0,0.0,0.0002999986463692039,0.000100000761449337,0.0026999987312592566,0.0022999993234407157,0.007300001016119495
357,357,train:d43_u2,,,,,,never,3,0,0,0,0,0,rbpg-3e212e568f3d314e0ee8eb2a,rbpg-3e212e568f3d314e0ee8eb2a,rbpg-exec-a795a1d0cf114c8c8b14d235badf642d,357:train:d43_u2,887493b528059852410a3821bcd9b41b,0,0,0,clean,0,not_invoked,,0,0,0.0,0.0002999986463692039,9.999894245993346e-05,0.0026999987312592566,0.0022999993234407157,0.0073999999585794285
358,358,train:d43_u3,,,,,,never,3,0,0,0,0,0,rbpg-3e212e568f3d314e0ee8eb2a,rbpg-3e212e568f3d314e0ee8eb2a,rbpg-exec-a795a1d0cf114c8c8b14d235badf642d,358:train:d43_u3,e3c6e2b6ba45e5100da24db15efc7a5b,0,0,0,clean,0,not_invoked,,0,0,0.0,0.0002999986463692039,0.00019999970390927047,0.00270000055024866,0.002200000380980782,0.0073999999585794285
359,359,train:d43_u4,,,,,,never,3,0,0,0,0,0,rbpg-3e212e568f3d314e0ee8eb2a,rbpg-3e212e568f3d314e0ee8eb2a,rbpg-exec-a795a1d0cf114c8c8b14d235badf642d,359:train:d43_u4,c1b89f6b963abeb04a584bec65b93f95,0,0,0,clean,0,not_invoked,,0,0,0.0,0.0002999986463692039,0.00019999970390927047,0.0027999994927085936,0.002300001142430119,0.0073999999585794285
360,360,train:d43_u5,,,,,,never,3,0,0,0,0,0,rbpg-3e212e568f3d314e0ee8eb2a,rbpg-3e212e568f3d314e0ee8eb2a,rbpg-exec-a795a1d0cf114c8c8b14d235badf642d,360:train:d43_u5,074533f42fd22872a5f6443e67fd99a2,0,0,0,clean,0,not_invoked,,0,0,0.0,0.00030000046535860747,0.00019999970390927047,0.00270000055024866,0.0024000000848900527,0.0072999991971300915
361,361,train:d43_u6,,,,,,never,3,0,0,0,0,0,rbpg-3e212e568f3d314e0ee8eb2a,rbpg-3e212e568f3d314e0ee8eb2a,rbpg-exec-a795a1d0cf114c8c8b14d235badf642d,361:train:d43_u6,c7beeaa687a98a9e3d7abad8f58a904d,0,0,0,clean,0,not_invoked,,0,0,0.0,0.00030000046535860747,9.999894245993346e-05,0.00270000055024866,0.002300001142430119,0.0072999991971300915
362,362,train:d44_u0,,,,,,never,3,0,0,0,0,0,rbpg-3e212e568f3d314e0ee8eb2a,rbpg-3e212e568f3d314e0ee8eb2a,rbpg-exec-a795a1d0cf114c8c8b14d235badf642d,362:train:d44_u0,ef3f99181a681a66945ca4ab86d9de95,0,0,0,clean,0,not_invoked,,0,0,0.0,0.0002999986463692039,9.999894245993346e-05,0.0026999987312592566,0.0024000000848900527,0.007400001777568832
363,363,train:d44_u2,,,,,,never,3,0,0,0,0,0,rbpg-3e212e568f3d314e0ee8eb2a,rbpg-3e212e568f3d314e0ee8eb2a,rbpg-exec-a795a1d0cf114c8c8b14d235badf642d,363:train:d44_u2,9ae6ae8b3c5aa45b4898684d513ab634,0,0,0,clean,0,not_invoked,,0,0,0.0,0.00030000046535860747,0.00019999970390927047,0.0039000005926936865,0.0027999994927085936,0.022599999283556826
364,364,train:d45_u0,,,,,,never,3,0,0,0,0,0,rbpg-3e212e568f3d314e0ee8eb2a,rbpg-3e212e568f3d314e0ee8eb2a,rbpg-exec-a795a1d0cf114c8c8b14d235badf642d,364:train:d45_u0,811c064ad2097cc8ff37e1842e95fbd2,0,0,0,clean,0,not_invoked,,0,0,0.0,0.0004000012268079445,0.00019999970390927047,0.002800001311697997,0.002300001142430119,0.007599999662488699
365,365,train:d45_u2,,,,,,never,3,0,0,0,0,0,rbpg-3e212e568f3d314e0ee8eb2a,rbpg-3e212e568f3d314e0ee8eb2a,rbpg-exec-a795a1d0cf114c8c8b14d235badf642d,365:train:d45_u2,c444af4036bdce3a961b898acbff0e46,0,0,0,clean,0,not_invoked,,0,0,0.0,0.00039999940781854093,0.00019999970390927047,0.002599999788799323,0.0022999993234407157,0.0072999991971300915
366,366,train:d45_u3,,,,,,never,3,0,0,0,0,0,rbpg-3e212e568f3d314e0ee8eb2a,rbpg-3e212e568f3d314e0ee8eb2a,rbpg-exec-a795a1d0cf114c8c8b14d235badf642d,366:train:d45_u3,1984ec7dbbeb4cd78fe8291f526ebbd6,0,0,0,clean,0,not_invoked,,0,0,0.0,0.00030000046535860747,0.000100000761449337,0.00270000055024866,0.002200000380980782,0.007200000254670158
367,367,train:d45_u4,,,,,,never,3,0,0,0,0,0,rbpg-3e212e568f3d314e0ee8eb2a,rbpg-3e212e568f3d314e0ee8eb2a,rbpg-exec-a795a1d0cf114c8c8b14d235badf642d,367:train:d45_u4,c0ba04112f858e29afc958fb09dbb56e,0,0,0,clean,0,not_invoked,,0,0,0.0,0.0002999986463692039,9.999894245993346e-05,0.0027999994927085936,0.002499999027349986,0.007599999662488699
368,368,train:d46_u0,,,,,,never,3,0,0,0,0,0,rbpg-3e212e568f3d314e0ee8eb2a,rbpg-3e212e568f3d314e0ee8eb2a,rbpg-exec-a795a1d0cf114c8c8b14d235badf642d,368:train:d46_u0,649b2c0e1c0c21569cf8c20d820485ee,0,0,0,clean,0,not_invoked,,0,0,0.0,0.0002999986463692039,9.999894245993346e-05,0.0027999994927085936,0.002200000380980782,0.007300001016119495
369,369,train:d46_u2,,,,,,never,3,0,0,0,0,0,rbpg-3e212e568f3d314e0ee8eb2a,rbpg-3e212e568f3d314e0ee8eb2a,rbpg-exec-a795a1d0cf114c8c8b14d235badf642d,369:train:d46_u2,9e7428b267c7e08fdee0783d9326b6d0,0,0,0,clean,0,not_invoked,,0,0,0.0,0.00030000046535860747,0.000100000761449337,0.0027999994927085936,0.002200000380980782,0.0072999991971300915
370,370,train:d46_u4,,,,,,never,3,0,0,0,0,0,rbpg-3e212e568f3d314e0ee8eb2a,rbpg-3e212e568f3d314e0ee8eb2a,rbpg-exec-a795a1d0cf114c8c8b14d235badf642d,370:train:d46_u4,98b558e6e99eb7e0662b8e5bc02be1b8,0,0,0,clean,0,not_invoked,,0,0,0.0,0.00030000046535860747,0.00019999970390927047,0.00270000055024866,0.002200000380980782,0.007200000254670158
371,371,train:d46_u5,,,,,,never,3,0,0,0,0,0,rbpg-3e212e568f3d314e0ee8eb2a,rbpg-3e212e568f3d314e0ee8eb2a,rbpg-exec-a795a1d0cf114c8c8b14d235badf642d,371:train:d46_u5,7b62b46c03a3bb3d02ab96de314b072e,0,0,0,clean,0,not_invoked,,0,0,0.0,0.0004000012268079445,0.00019999970390927047,0.00270000055024866,0.002499999027349986,0.0075000007200287655
372,372,train:d46_u6,,,,,,never,3,0,0,0,0,0,rbpg-3e212e568f3d314e0ee8eb2a,rbpg-3e212e568f3d314e0ee8eb2a,rbpg-exec-a795a1d0cf114c8c8b14d235badf642d,372:train:d46_u6,3bbb7bee93d518b1006d56600bb00c1e,0,0,0,clean,0,not_invoked,,0,0,0.0,0.0002999986463692039,9.999894245993346e-05,0.0027999994927085936,0.0022999993234407157,0.007300001016119495
373,373,train:d46_u8,,,,,,never,3,0,0,0,0,0,rbpg-3e212e568f3d314e0ee8eb2a,rbpg-3e212e568f3d314e0ee8eb2a,rbpg-exec-a795a1d0cf114c8c8b14d235badf642d,373:train:d46_u8,d632bf5300c477fc7680d8c61972e7b7,0,0,0,clean,0,not_invoked,,0,0,0.0,0.00030000046535860747,0.00019999970390927047,0.0027999994927085936,0.0022999993234407157,0.0073999999585794285
374,374,train:d46_u9,,,,,,never,3,0,0,0,0,0,rbpg-3e212e568f3d314e0ee8eb2a,rbpg-3e212e568f3d314e0ee8eb2a,rbpg-exec-a795a1d0cf114c8c8b14d235badf642d,374:train:d46_u9,d026bbb10ce36e55290b0be1b97fc9f0,0,0,0,clean,0,not_invoked,,0,0,0.0,0.00030000046535860747,0.00019999970390927047,0.0026999987312592566,0.0022999993234407157,0.0073999999585794285
375,375,train:d46_u10,,,,,,never,3,0,0,0,0,0,rbpg-3e212e568f3d314e0ee8eb2a,rbpg-3e212e568f3d314e0ee8eb2a,rbpg-exec-a795a1d0cf114c8c8b14d235badf642d,375:train:d46_u10,f05d97398f7f42b194124b766fa32912,0,0,0,clean,0,not_invoked,,0,0,0.0,0.0002999986463692039,0.000200001522898674,0.0026999987312592566,0.0024000000848900527,0.007300001016119495
376,376,train:d46_u12,,,,,,never,3,0,0,0,0,0,rbpg-3e212e568f3d314e0ee8eb2a,rbpg-3e212e568f3d314e0ee8eb2a,rbpg-exec-a795a1d0cf114c8c8b14d235badf642d,376:train:d46_u12,3b6a7e446dcce066f7d8c4b02ed777c6,0,0,0,clean,0,not_invoked,,0,0,0.0,0.00030000046535860747,0.000200001522898674,0.002800001311697997,0.0022999993234407157,0.007300001016119495
377,377,train:d46_u14,,,,,,never,3,0,0,0,0,0,rbpg-3e212e568f3d314e0ee8eb2a,rbpg-3e212e568f3d314e0ee8eb2a,rbpg-exec-a795a1d0cf114c8c8b14d235badf642d,377:train:d46_u14,b021f38770169b447c60e903ebf7e937,0,0,0,clean,0,not_invoked,,0,0,0.0,0.00030000046535860747,0.000100000761449337,0.0026999987312592566,0.0022999993234407157,0.0073999999585794285
378,378,train:d47_u0,,,,,,never,3,0,0,0,0,0,rbpg-3e212e568f3d314e0ee8eb2a,rbpg-3e212e568f3d314e0ee8eb2a,rbpg-exec-a795a1d0cf114c8c8b14d235badf642d,378:train:d47_u0,4a8294ad8451cd0d427ba4359e09c45f,0,0,0,clean,0,not_invoked,,0,0,0.0,0.00030000046535860747,0.000200001522898674,0.00270000055024866,0.0022999993234407157,0.007300001016119495
379,379,train:d47_u1,,,,,,never,3,0,0,0,0,0,rbpg-3e212e568f3d314e0ee8eb2a,rbpg-3e212e568f3d314e0ee8eb2a,rbpg-exec-a795a1d0cf114c8c8b14d235badf642d,379:train:d47_u1,9662fed4391146638df5115d420bfd82,0,0,0,clean,0,not_invoked,,0,0,0.0,0.00019999970390927047,0.000100000761449337,0.00270000055024866,0.0022999993234407157,0.007300001016119495
380,380,train:d47_u2,,,,,,never,3,0,0,0,0,0,rbpg-3e212e568f3d314e0ee8eb2a,rbpg-3e212e568f3d314e0ee8eb2a,rbpg-exec-a795a1d0cf114c8c8b14d235badf642d,380:train:d47_u2,e4d650def4dbc04b6ffd62d412971075,0,0,0,clean,0,not_invoked,,0,0,0.0,0.00030000046535860747,0.00019999970390927047,0.00270000055024866,0.006399999620043673,0.011500000255182385
381,381,train:d47_u3,,,,,,never,3,0,0,0,0,0,rbpg-3e212e568f3d314e0ee8eb2a,rbpg-3e212e568f3d314e0ee8eb2a,rbpg-exec-a795a1d0cf114c8c8b14d235badf642d,381:train:d47_u3,9ec521568dbc0e545904698b6d355560,0,0,0,clean,0,not_invoked,,0,0,0.0,0.0002999986463692039,9.999894245993346e-05,0.0029000002541579306,0.0024000000848900527,0.007800001185387373
382,382,train:d47_u4,,,,,,never,3,0,0,0,0,0,rbpg-3e212e568f3d314e0ee8eb2a,rbpg-3e212e568f3d314e0ee8eb2a,rbpg-exec-a795a1d0cf114c8c8b14d235badf642d,382:train:d47_u4,76a5cae601c25194821f3968da53be69,0,0,0,clean,0,not_invoked,,0,0,0.0,0.00039999940781854093,9.999894245993346e-05,0.0027999994927085936,0.0021999985619913787,0.0073999999585794285
383,383,train:d47_u5,,,,,,never,3,0,0,0,0,0,rbpg-3e212e568f3d314e0ee8eb2a,rbpg-3e212e568f3d314e0ee8eb2a,rbpg-exec-a795a1d0cf114c8c8b14d235badf642d,383:train:d47_u5,494fce63fb7c147f80e7da8f66aedff8,0,0,0,clean,0,not_invoked,,0,0,0.0,0.00030000046535860747,0.000100000761449337,0.00270000055024866,0.0022999993234407157,0.007300001016119495
384,384,train:d47_u6,,,,,,never,3,0,0,0,0,0,rbpg-3e212e568f3d314e0ee8eb2a,rbpg-3e212e568f3d314e0ee8eb2a,rbpg-exec-a795a1d0cf114c8c8b14d235badf642d,384:train:d47_u6,3490f8cba0c97a94eec992154f21f5f0,0,0,0,clean,0,not_invoked,,0,0,0.0,0.00030000046535860747,0.000100000761449337,0.003099999958067201,0.00270000055024866,0.029799999538226984
385,385,train:d47_u7,,,,,,never,3,0,0,0,0,0,rbpg-3e212e568f3d314e0ee8eb2a,rbpg-3e212e568f3d314e0ee8eb2a,rbpg-exec-a795a1d0cf114c8c8b14d235badf642d,385:train:d47_u7,f8562511bcd8ac9a1ca3945d26212f19,0,0,0,clean,0,not_invoked,,0,0,0.0,0.00039999940781854093,0.00019999970390927047,0.003099999958067201,0.0024000000848900527,0.008000000889296643
386,386,train:d47_u8,,,,,,never,3,0,0,0,0,0,rbpg-3e212e568f3d314e0ee8eb2a,rbpg-3e212e568f3d314e0ee8eb2a,rbpg-exec-a795a1d0cf114c8c8b14d235badf642d,386:train:d47_u8,f2a62a15e877b926f4e7875dbbc871e0,0,0,0,clean,0,not_invoked,,0,0,0.0,0.0002999986463692039,0.000100000761449337,0.0029000002541579306,0.0025000008463393897,0.007900000127847306
387,387,train:d47_u9,,,,,,never,3,0,0,0,0,0,rbpg-3e212e568f3d314e0ee8eb2a,rbpg-3e212e568f3d314e0ee8eb2a,rbpg-exec-a795a1d0cf114c8c8b14d235badf642d,387:train:d47_u9,73857d9e03c00de2467ba4ef28842341,0,0,0,clean,0,not_invoked,,0,0,0.0,0.00030000046535860747,0.000200001522898674,0.003099999958067201,0.0024000000848900527,0.008200000593205914
388,388,train:d47_u12,,,,,,never,3,0,0,0,0,0,rbpg-3e212e568f3d314e0ee8eb2a,rbpg-3e212e568f3d314e0ee8eb2a,rbpg-exec-a795a1d0cf114c8c8b14d235badf642d,388:train:d47_u12,ff84f23dfeb37e68af7222cc9baa3f04,0,0,0,clean,0,not_invoked,,0,0,0.0,0.00030000046535860747,0.000100000761449337,0.003099999958067201,0.002499999027349986,0.008099999831756577
389,389,train:d47_u14,,,,,,never,3,0,0,0,0,0,rbpg-3e212e568f3d314e0ee8eb2a,rbpg-3e212e568f3d314e0ee8eb2a,rbpg-exec-a795a1d0cf114c8c8b14d235badf642d,389:train:d47_u14,5bb4f3b1f082e0b222b440d289aef63f,0,0,0,clean,0,not_invoked,,0,0,0.0,0.0002999986463692039,0.00019999970390927047,0.003099999958067201,0.0024000000848900527,0.008000000889296643
390,390,train:d47_u15,,,,,,never,3,0,0,0,0,0,rbpg-3e212e568f3d314e0ee8eb2a,rbpg-3e212e568f3d314e0ee8eb2a,rbpg-exec-a795a1d0cf114c8c8b14d235badf642d,390:train:d47_u15,6d696adb355be1ffe5a4d6570480116b,0,0,0,clean,0,not_invoked,,0,0,0.0,0.00030000046535860747,9.999894245993346e-05,0.0030000010156072676,0.002399998265900649,0.007900000127847306
391,391,train:d47_u16,,,,,,never,3,0,0,0,0,0,rbpg-3e212e568f3d314e0ee8eb2a,rbpg-3e212e568f3d314e0ee8eb2a,rbpg-exec-a795a1d0cf114c8c8b14d235badf642d,391:train:d47_u16,6bfa44b3174613e57c7e31968c6d071c,0,0,0,clean,0,not_invoked,,0,0,0.0,0.00030000046535860747,0.000100000761449337,0.0030000010156072676,0.0025000008463393897,0.00799999907030724
392,392,train:d47_u17,,,,,,never,3,0,0,0,0,0,rbpg-3e212e568f3d314e0ee8eb2a,rbpg-3e212e568f3d314e0ee8eb2a,rbpg-exec-a795a1d0cf114c8c8b14d235badf642d,392:train:d47_u17,8d15469e58678d5a74776ff9feee6496,0,0,0,clean,0,not_invoked,,0,0,0.0,0.00039999940781854093,0.00019999970390927047,0.002999999196617864,0.002499999027349986,0.00799999907030724
393,393,train:d48_u0,,,,,,never,3,0,0,0,0,0,rbpg-3e212e568f3d314e0ee8eb2a,rbpg-3e212e568f3d314e0ee8eb2a,rbpg-exec-a795a1d0cf114c8c8b14d235badf642d,393:train:d48_u0,65a04c4ef6677182477e12e0b7371bc5,0,0,0,clean,0,not_invoked,,0,0,0.0,0.00030000046535860747,0.00019999970390927047,0.002999999196617864,0.0022999993234407157,0.007700000423938036
394,394,train:d49_u0,,,,,,never,3,0,0,0,0,0,rbpg-3e212e568f3d314e0ee8eb2a,rbpg-3e212e568f3d314e0ee8eb2a,rbpg-exec-a795a1d0cf114c8c8b14d235badf642d,394:train:d49_u0,9f994edd75a48ffaf935b0f3b459d3e8,0,0,0,clean,0,not_invoked,,0,0,0.0,0.00030000046535860747,9.999894245993346e-05,0.0027999994927085936,0.0024000000848900527,0.007499998901039362
395,395,train:d49_u1,,,,,,never,3,0,0,0,0,0,rbpg-3e212e568f3d314e0ee8eb2a,rbpg-3e212e568f3d314e0ee8eb2a,rbpg-exec-a795a1d0cf114c8c8b14d235badf642d,395:train:d49_u1,a91476518986c5a8e759bc8b5afa03da,0,0,0,clean,0,not_invoked,,0,0,0.0,0.0002999986463692039,9.999894245993346e-05,0.0027999994927085936,0.0022999993234407157,0.007599999662488699
396,396,train:d49_u2,,,,,,never,3,0,0,0,0,0,rbpg-3e212e568f3d314e0ee8eb2a,rbpg-3e212e568f3d314e0ee8eb2a,rbpg-exec-a795a1d0cf114c8c8b14d235badf642d,396:train:d49_u2,142395ababc68599969904fa8799bc3f,0,0,0,clean,0,not_invoked,,0,0,0.0,0.0002999986463692039,0.000100000761449337,0.00270000055024866,0.0021999985619913787,0.0072999991971300915
397,397,train:d49_u3,,,,,,never,3,0,0,0,0,0,rbpg-3e212e568f3d314e0ee8eb2a,rbpg-3e212e568f3d314e0ee8eb2a,rbpg-exec-a795a1d0cf114c8c8b14d235badf642d,397:train:d49_u3,b82a5009dcee8f09eef7bb375940a28f,0,0,0,clean,0,not_invoked,,0,0,0.0,0.0002999986463692039,0.00019999970390927047,0.0029000002541579306,0.0022999993234407157,0.0075000007200287655
398,398,train:d49_u5,,,,,,never,3,0,0,0,0,0,rbpg-3e212e568f3d314e0ee8eb2a,rbpg-3e212e568f3d314e0ee8eb2a,rbpg-exec-a795a1d0cf114c8c8b14d235badf642d,398:train:d49_u5,9a235e213ed83728caa2f1abe21cc1f4,0,0,0,clean,0,not_invoked,,0,0,0.0,0.0002999986463692039,0.00019999970390927047,0.002999999196617864,0.0025000008463393897,0.008099999831756577
399,399,train:d49_u6,,,,,,never,3,0,0,0,0,0,rbpg-3e212e568f3d314e0ee8eb2a,rbpg-3e212e568f3d314e0ee8eb2a,rbpg-exec-a795a1d0cf114c8c8b14d235badf642d,399:train:d49_u6,646360860cdd2ae9b155f3f452fc79db,0,0,0,clean,0,not_invoked,,0,0,0.0,0.0004000012268079445,0.00019999970390927047,0.02539999877626542,0.002999999196617864,0.030900000638212077
400,400,train:d49_u7,,,,,,never,3,0,0,0,0,0,rbpg-3e212e568f3d314e0ee8eb2a,rbpg-3e212e568f3d314e0ee8eb2a,rbpg-exec-a795a1d0cf114c8c8b14d235badf642d,400:train:d49_u7,88bd5066e7e66a4e1113e737dc159e0d,0,0,0,clean,0,not_invoked,,0,0,0.0,0.0004000012268079445,0.00019999970390927047,0.0035000011848751456,0.00270000055024866,0.008999999408842996
401,401,train:d49_u8,,,,,,never,3,0,0,0,0,0,rbpg-3e212e568f3d314e0ee8eb2a,rbpg-3e212e568f3d314e0ee8eb2a,rbpg-exec-a795a1d0cf114c8c8b14d235badf642d,401:train:d49_u8,1c5c07dcbb3a63e39b3a03254838675c,0,0,0,clean,0,not_invoked,,0,0,0.0,0.0004000012268079445,0.000200001522898674,0.0031999989005271345,0.00270000055024866,0.008600000001024455
402,402,train:d49_u9,,,,,,never,3,0,0,0,0,0,rbpg-3e212e568f3d314e0ee8eb2a,rbpg-3e212e568f3d314e0ee8eb2a,rbpg-exec-a795a1d0cf114c8c8b14d235badf642d,402:train:d49_u9,3eb2d1002bda31c496940769a72ed4c8,0,0,0,clean,0,not_invoked,,0,0,0.0,0.00030000046535860747,0.000100000761449337,0.0032999996619764715,0.0026999987312592566,0.008799999704933725
403,403,train:d49_u10,,,,,,never,3,0,0,0,0,0,rbpg-3e212e568f3d314e0ee8eb2a,rbpg-3e212e568f3d314e0ee8eb2a,rbpg-exec-a795a1d0cf114c8c8b14d235badf642d,403:train:d49_u10,a3c1e22d13094f342cad705c07dc9cfe,0,0,0,clean,0,not_invoked,,0,0,0.0,0.0004000012268079445,0.00019999970390927047,0.020400000721565448,0.0024000000848900527,0.02570000106061343
404,404,train:d49_u11,,,,,,never,3,0,0,0,0,0,rbpg-3e212e568f3d314e0ee8eb2a,rbpg-3e212e568f3d314e0ee8eb2a,rbpg-exec-a795a1d0cf114c8c8b14d235badf642d,404:train:d49_u11,105bd37999d202c524926d751360a89f,0,0,0,clean,0,not_invoked,,0,0,0.0,0.0002999986463692039,0.00019999970390927047,0.003099999958067201,0.0024000000848900527,0.0259000007645227
405,405,train:d49_u12,,,,,,never,3,0,0,0,0,0,rbpg-3e212e568f3d314e0ee8eb2a,rbpg-3e212e568f3d314e0ee8eb2a,rbpg-exec-a795a1d0cf114c8c8b14d235badf642d,405:train:d49_u12,d2adc23c8f5474feb381031dd2b17df3,0,0,0,clean,0,not_invoked,,0,0,0.0,0.00030000046535860747,0.000200001522898674,0.002999999196617864,0.0022999993234407157,0.007800001185387373
406,406,train:d49_u14,,,,,,never,3,0,0,0,0,0,rbpg-3e212e568f3d314e0ee8eb2a,rbpg-3e212e568f3d314e0ee8eb2a,rbpg-exec-a795a1d0cf114c8c8b14d235badf642d,406:train:d49_u14,ad9e0c495ee71b8f220400c7697324e7,0,0,0,clean,0,not_invoked,,0,0,0.0,0.00030000046535860747,0.000100000761449337,0.0030000010156072676,0.002300001142430119,0.007700000423938036
407,407,train:d49_u16,,,,,,never,3,0,0,0,0,0,rbpg-3e212e568f3d314e0ee8eb2a,rbpg-3e212e568f3d314e0ee8eb2a,rbpg-exec-a795a1d0cf114c8c8b14d235badf642d,407:train:d49_u16,2b90ec31395645357f9d9ea2af3f0f4d,0,0,0,clean,0,not_invoked,,0,0,0.0,0.0002999986463692039,0.000100000761449337,0.00270000055024866,0.0022999993234407157,0.0073999999585794285
408,408,train:d49_u17,,,,,,never,3,0,0,0,0,0,rbpg-3e212e568f3d314e0ee8eb2a,rbpg-3e212e568f3d314e0ee8eb2a,rbpg-exec-a795a1d0cf114c8c8b14d235badf642d,408:train:d49_u17,2bc03d1eae57741b25f0b3d04c6f270e,0,0,0,clean,0,not_invoked,,0,0,0.0,0.00039999940781854093,0.00019999970390927047,0.00270000055024866,0.002300001142430119,0.007499998901039362
409,409,train:d49_u19,,,,,,never,3,0,0,0,0,0,rbpg-3e212e568f3d314e0ee8eb2a,rbpg-3e212e568f3d314e0ee8eb2a,rbpg-exec-a795a1d0cf114c8c8b14d235badf642d,409:train:d49_u19,bf19e022b15c959d2e1c7a3d84c10317,0,0,0,clean,0,not_invoked,,0,0,0.0,0.00030000046535860747,0.000200001522898674,0.00270000055024866,0.0022999993234407157,0.007300001016119495
410,410,train:d49_u21,,,,,,never,3,0,0,0,0,0,rbpg-3e212e568f3d314e0ee8eb2a,rbpg-3e212e568f3d314e0ee8eb2a,rbpg-exec-a795a1d0cf114c8c8b14d235badf642d,410:train:d49_u21,651384a2c35ca2a92549f11e03103dcc,0,0,0,clean,0,not_invoked,,0,0,0.0,0.00030000046535860747,0.000100000761449337,0.0029000002541579306,0.002499999027349986,0.007700000423938036
411,411,train:d50_u0,,,,,,never,3,0,0,0,0,0,rbpg-3e212e568f3d314e0ee8eb2a,rbpg-3e212e568f3d314e0ee8eb2a,rbpg-exec-a795a1d0cf114c8c8b14d235badf642d,411:train:d50_u0,907c16fc4420a9e4d15201495034965f,0,0,0,clean,0,not_invoked,,0,0,0.0,0.00030000046535860747,0.000100000761449337,0.0027999994927085936,0.0022999993234407157,0.0073999999585794285
412,412,train:d50_u1,,,,,,never,3,0,0,0,0,0,rbpg-3e212e568f3d314e0ee8eb2a,rbpg-3e212e568f3d314e0ee8eb2a,rbpg-exec-a795a1d0cf114c8c8b14d235badf642d,412:train:d50_u1,f4726a6af4446aa1886414cb6309c6a6,0,0,0,clean,0,not_invoked,,0,0,0.0,0.0002999986463692039,0.00019999970390927047,0.0027999994927085936,0.0022999993234407157,0.0073999999585794285
413,413,train:d50_u3,,,,,,never,3,0,0,0,0,0,rbpg-3e212e568f3d314e0ee8eb2a,rbpg-3e212e568f3d314e0ee8eb2a,rbpg-exec-a795a1d0cf114c8c8b14d235badf642d,413:train:d50_u3,98017f62d681cd8f71a0adac19e5877c,0,0,0,clean,0,not_invoked,,0,0,0.0,0.00030000046535860747,0.000100000761449337,0.002800001311697997,0.002300001142430119,0.0075000007200287655
414,414,train:d50_u4,,,,,,never,3,0,0,0,0,0,rbpg-3e212e568f3d314e0ee8eb2a,rbpg-3e212e568f3d314e0ee8eb2a,rbpg-exec-a795a1d0cf114c8c8b14d235badf642d,414:train:d50_u4,2cd11855b62944e9dd5ef67f023a3f53,0,0,0,clean,0,not_invoked,,0,0,0.0,0.00030000046535860747,0.00019999970390927047,0.002599999788799323,0.0024000000848900527,0.0073999999585794285
415,415,train:d50_u7,,,,,,never,3,0,0,0,0,0,rbpg-3e212e568f3d314e0ee8eb2a,rbpg-3e212e568f3d314e0ee8eb2a,rbpg-exec-a795a1d0cf114c8c8b14d235badf642d,415:train:d50_u7,bf332a2da2c0be9221cd990686886a2c,0,0,0,clean,0,not_invoked,,0,0,0.0,0.00030000046535860747,0.000100000761449337,0.00270000055024866,0.0024000000848900527,0.0075000007200287655
416,416,train:d50_u8,,,,,,never,3,0,0,0,0,0,rbpg-3e212e568f3d314e0ee8eb2a,rbpg-3e212e568f3d314e0ee8eb2a,rbpg-exec-a795a1d0cf114c8c8b14d235badf642d,416:train:d50_u8,4e8b329a672a72deee038f30840be607,0,0,0,clean,0,not_invoked,,0,0,0.0,0.00030000046535860747,0.00019999970390927047,0.002599999788799323,0.0024000000848900527,0.0072999991971300915
417,417,train:d50_u11,,,,,,never,3,0,0,0,0,0,rbpg-3e212e568f3d314e0ee8eb2a,rbpg-3e212e568f3d314e0ee8eb2a,rbpg-exec-a795a1d0cf114c8c8b14d235badf642d,417:train:d50_u11,e990f9106c9ec236f66a3e59b2bc5bb6,0,0,0,clean,0,not_invoked,,0,0,0.0,0.0002999986463692039,0.00019999970390927047,0.0027999994927085936,0.0022999993234407157,0.007300001016119495
418,418,train:d50_u12,,,,,,never,3,0,0,0,0,0,rbpg-3e212e568f3d314e0ee8eb2a,rbpg-3e212e568f3d314e0ee8eb2a,rbpg-exec-a795a1d0cf114c8c8b14d235badf642d,418:train:d50_u12,b89415454e82652f05fafc428c79721e,0,0,0,clean,0,not_invoked,,0,0,0.0,0.0002999986463692039,0.000200001522898674,0.00270000055024866,0.002300001142430119,0.0073999999585794285
419,419,train:d50_u13,,,,,,never,3,0,0,0,0,0,rbpg-3e212e568f3d314e0ee8eb2a,rbpg-3e212e568f3d314e0ee8eb2a,rbpg-exec-a795a1d0cf114c8c8b14d235badf642d,419:train:d50_u13,6838172140db7cad1d8e0662605ad13e,0,0,0,clean,0,not_invoked,,0,0,0.0,0.00030000046535860747,0.00019999970390927047,0.0027999994927085936,0.0022999993234407157,0.0073999999585794285
420,420,train:d50_u15,,,,,,never,3,0,0,0,0,0,rbpg-3e212e568f3d314e0ee8eb2a,rbpg-3e212e568f3d314e0ee8eb2a,rbpg-exec-a795a1d0cf114c8c8b14d235badf642d,420:train:d50_u15,ddcf65bd92b2af54b9402124ce676729,0,0,0,clean,0,not_invoked,,0,0,0.0,0.00030000046535860747,0.00019999970390927047,0.003099999958067201,0.0022999993234407157,0.007700000423938036
421,421,train:d50_u16,,,,,,never,3,0,0,0,0,0,rbpg-3e212e568f3d314e0ee8eb2a,rbpg-3e212e568f3d314e0ee8eb2a,rbpg-exec-a795a1d0cf114c8c8b14d235badf642d,421:train:d50_u16,5038adfb890f841a6299615d898f5454,0,0,0,clean,0,not_invoked,,0,0,0.0,0.00039999940781854093,0.00019999970390927047,0.0027999994927085936,0.002200000380980782,0.0072999991971300915
422,422,train:d51_u0,,,,,,never,3,0,0,0,0,0,rbpg-3e212e568f3d314e0ee8eb2a,rbpg-3e212e568f3d314e0ee8eb2a,rbpg-exec-a795a1d0cf114c8c8b14d235badf642d,422:train:d51_u0,d55141fab0f251df5febe27f64175ee0,0,0,0,clean,0,not_invoked,,0,0,0.0,0.00030000046535860747,0.000100000761449337,0.00270000055024866,0.0022999993234407157,0.0073999999585794285
423,423,train:d51_u1,,,,,,never,3,0,0,0,0,0,rbpg-3e212e568f3d314e0ee8eb2a,rbpg-3e212e568f3d314e0ee8eb2a,rbpg-exec-a795a1d0cf114c8c8b14d235badf642d,423:train:d51_u1,e1eba8cf76380a753deb99b7f1021e0e,0,0,0,clean,0,not_invoked,,0,0,0.0,0.0002999986463692039,0.00019999970390927047,0.0026999987312592566,0.0024000000848900527,0.0073999999585794285
424,424,train:d51_u2,,,,,,never,3,0,0,0,0,0,rbpg-3e212e568f3d314e0ee8eb2a,rbpg-3e212e568f3d314e0ee8eb2a,rbpg-exec-a795a1d0cf114c8c8b14d235badf642d,424:train:d51_u2,d5f6fffe44e79fe44c8cdda01c5396aa,0,0,0,clean,0,not_invoked,,0,0,0.0,0.0002999986463692039,0.00019999970390927047,0.002599999788799323,0.002300001142430119,0.007200000254670158
425,425,train:d51_u4,,,,,,never,3,0,0,0,0,0,rbpg-3e212e568f3d314e0ee8eb2a,rbpg-3e212e568f3d314e0ee8eb2a,rbpg-exec-a795a1d0cf114c8c8b14d235badf642d,425:train:d51_u4,64326c44ae570024cec63b26693099ed,0,0,0,clean,0,not_invoked,,0,0,0.0,0.0002999986463692039,0.000200001522898674,0.0027999994927085936,0.0024000000848900527,0.0075000007200287655
426,426,train:d51_u5,,,,,,never,3,0,0,0,0,0,rbpg-3e212e568f3d314e0ee8eb2a,rbpg-3e212e568f3d314e0ee8eb2a,rbpg-exec-a795a1d0cf114c8c8b14d235badf642d,426:train:d51_u5,f0b064c71e0a037a3bf577fe3d194e83,0,0,0,clean,0,not_invoked,,0,0,0.0,0.00030000046535860747,0.00019999970390927047,0.0029000002541579306,0.0022999993234407157,0.007699998604948632
427,427,train:d51_u6,,,,,,never,3,0,0,0,0,0,rbpg-3e212e568f3d314e0ee8eb2a,rbpg-3e212e568f3d314e0ee8eb2a,rbpg-exec-a795a1d0cf114c8c8b14d235badf642d,427:train:d51_u6,42b3c27d9beaeec8bbde134248c802cf,0,0,0,clean,0,not_invoked,,0,0,0.0,0.00030000046535860747,9.999894245993346e-05,0.0027999994927085936,0.01720000000204891,0.02260000110254623
428,428,train:d51_u7,,,,,,never,3,0,0,0,0,0,rbpg-3e212e568f3d314e0ee8eb2a,rbpg-3e212e568f3d314e0ee8eb2a,rbpg-exec-a795a1d0cf114c8c8b14d235badf642d,428:train:d51_u7,d216670460c84f708ee5030a1d9189dc,0,0,0,clean,0,not_invoked,,0,0,0.0,0.00039999940781854093,0.00019999970390927047,0.0037999998312443495,0.0024000000848900527,0.008699998943484388
429,429,train:d51_u8,,,,,,never,3,0,0,0,0,0,rbpg-3e212e568f3d314e0ee8eb2a,rbpg-3e212e568f3d314e0ee8eb2a,rbpg-exec-a795a1d0cf114c8c8b14d235badf642d,429:train:d51_u8,57ab98042c88de931ad68df27bc0f935,0,0,0,clean,0,not_invoked,,0,0,0.0,0.0002999986463692039,0.00019999970390927047,0.0029000002541579306,0.002399998265900649,0.0075000007200287655
430,430,train:d51_u9,,,,,,never,3,0,0,0,0,0,rbpg-3e212e568f3d314e0ee8eb2a,rbpg-3e212e568f3d314e0ee8eb2a,rbpg-exec-a795a1d0cf114c8c8b14d235badf642d,430:train:d51_u9,ec505f2254fe4e63cfaab1c0ec43638f,0,0,0,clean,0,not_invoked,,0,0,0.0,0.00030000046535860747,0.000100000761449337,0.0026000016077887267,0.0024000000848900527,0.007300001016119495
431,431,train:d51_u10,,,,,,never,3,0,0,0,0,0,rbpg-3e212e568f3d314e0ee8eb2a,rbpg-3e212e568f3d314e0ee8eb2a,rbpg-exec-a795a1d0cf114c8c8b14d235badf642d,431:train:d51_u10,71fd6dadce8608f7aca15a70d13d683b,0,0,0,clean,0,not_invoked,,0,0,0.0,0.0004000012268079445,0.00019999970390927047,0.00270000055024866,0.0022999993234407157,0.0075000007200287655
432,432,train:d52_u0,,,,,,never,3,0,0,0,0,0,rbpg-3e212e568f3d314e0ee8eb2a,rbpg-3e212e568f3d314e0ee8eb2a,rbpg-exec-a795a1d0cf114c8c8b14d235badf642d,432:train:d52_u0,9c6775087806b0803b814e027c874cae,0,0,0,clean,0,not_invoked,,0,0,0.0,0.0002999986463692039,0.00019999970390927047,0.0026999987312592566,0.0024000000848900527,0.0075000007200287655
433,433,train:d52_u1,,,,,,never,3,0,0,0,0,0,rbpg-3e212e568f3d314e0ee8eb2a,rbpg-3e212e568f3d314e0ee8eb2a,rbpg-exec-a795a1d0cf114c8c8b14d235badf642d,433:train:d52_u1,0f7dea91083714d4328b4977c8912786,0,0,0,clean,0,not_invoked,,0,0,0.0,0.00030000046535860747,0.000100000761449337,0.002800001311697997,0.002300001142430119,0.0073999999585794285
434,434,train:d52_u2,,,,,,never,3,0,0,0,0,0,rbpg-3e212e568f3d314e0ee8eb2a,rbpg-3e212e568f3d314e0ee8eb2a,rbpg-exec-a795a1d0cf114c8c8b14d235badf642d,434:train:d52_u2,19fd72e9937397f39ffafefe3468448f,0,0,0,clean,0,not_invoked,,0,0,0.0,0.00030000046535860747,0.000200001522898674,0.00270000055024866,0.002300001142430119,0.0073999999585794285
435,435,train:d52_u3,,,,,,never,3,0,0,0,0,0,rbpg-3e212e568f3d314e0ee8eb2a,rbpg-3e212e568f3d314e0ee8eb2a,rbpg-exec-a795a1d0cf114c8c8b14d235badf642d,435:train:d52_u3,22c7bc0bede4c9795c2857ccb1803da7,0,0,0,clean,0,not_invoked,,0,0,0.0,0.0002999986463692039,0.000200001522898674,0.003099999958067201,0.002300001142430119,0.007700000423938036
436,436,train:d52_u4,,,,,,never,3,0,0,0,0,0,rbpg-3e212e568f3d314e0ee8eb2a,rbpg-3e212e568f3d314e0ee8eb2a,rbpg-exec-a795a1d0cf114c8c8b14d235badf642d,436:train:d52_u4,d6e682e42e8fdb28fcaa6fbf3d493d08,0,0,0,clean,0,not_invoked,,0,0,0.0,0.0002999986463692039,0.00019999970390927047,0.002599999788799323,0.0022999993234407157,0.0072999991971300915
437,437,train:d52_u5,,,,,,never,3,0,0,0,0,0,rbpg-3e212e568f3d314e0ee8eb2a,rbpg-3e212e568f3d314e0ee8eb2a,rbpg-exec-a795a1d0cf114c8c8b14d235badf642d,437:train:d52_u5,d503cccfd0da06e3c26d2ad9d9506366,0,0,0,clean,0,not_invoked,,0,0,0.0,0.00030000046535860747,0.00019999970390927047,0.00270000055024866,0.0022999993234407157,0.0072999991971300915
438,438,train:d52_u6,,,,,,never,3,0,0,0,0,0,rbpg-3e212e568f3d314e0ee8eb2a,rbpg-3e212e568f3d314e0ee8eb2a,rbpg-exec-a795a1d0cf114c8c8b14d235badf642d,438:train:d52_u6,ac77f8212f8235ae61c9d1260939e95a,0,0,0,clean,0,not_invoked,,0,0,0.0,0.00030000046535860747,9.999894245993346e-05,0.003099999958067201,0.0024000000848900527,0.008000000889296643
439,439,train:d52_u7,,,,,,never,3,0,0,0,0,0,rbpg-3e212e568f3d314e0ee8eb2a,rbpg-3e212e568f3d314e0ee8eb2a,rbpg-exec-a795a1d0cf114c8c8b14d235badf642d,439:train:d52_u7,4baf702d23df9835da5d4948e8f433b0,0,0,0,clean,0,not_invoked,,0,0,0.0,0.00030000046535860747,0.000200001522898674,0.0027999994927085936,0.002200000380980782,0.0073999999585794285
440,440,train:d52_u8,,,,,,never,3,0,0,0,0,0,rbpg-3e212e568f3d314e0ee8eb2a,rbpg-3e212e568f3d314e0ee8eb2a,rbpg-exec-a795a1d0cf114c8c8b14d235badf642d,440:train:d52_u8,2de5d82d3b1c2988b5e0e6cabb53af3f,0,0,0,clean,0,not_invoked,,0,0,0.0,0.00030000046535860747,0.000200001522898674,0.00270000055024866,0.002200000380980782,0.007300001016119495
441,441,train:d52_u9,,,,,,never,3,0,0,0,0,0,rbpg-3e212e568f3d314e0ee8eb2a,rbpg-3e212e568f3d314e0ee8eb2a,rbpg-exec-a795a1d0cf114c8c8b14d235badf642d,441:train:d52_u9,0097b90171b463bd646e6ef6a8bed9f3,0,0,0,clean,0,not_invoked,,0,0,0.0,0.00030000046535860747,0.000100000761449337,0.00270000055024866,0.0022999993234407157,0.007300001016119495
442,442,train:d52_u10,,,,,,never,3,0,0,0,0,0,rbpg-3e212e568f3d314e0ee8eb2a,rbpg-3e212e568f3d314e0ee8eb2a,rbpg-exec-a795a1d0cf114c8c8b14d235badf642d,442:train:d52_u10,cd44cb074b9acc409c7e9966a9346d64,0,0,0,clean,0,not_invoked,,0,0,0.0,0.0002999986463692039,0.000200001522898674,0.0026999987312592566,0.0024000000848900527,0.0073999999585794285
443,443,train:d52_u11,,,,,,never,3,0,0,0,0,0,rbpg-3e212e568f3d314e0ee8eb2a,rbpg-3e212e568f3d314e0ee8eb2a,rbpg-exec-a795a1d0cf114c8c8b14d235badf642d,443:train:d52_u11,ec1c499d9d2212062dfd9ae2fb35e2cc,0,0,0,clean,0,not_invoked,,0,0,0.0,0.00030000046535860747,0.00019999970390927047,0.00270000055024866,0.002300001142430119,0.0073999999585794285
444,444,train:d53_u0,,,,,,never,3,0,0,0,0,0,rbpg-3e212e568f3d314e0ee8eb2a,rbpg-3e212e568f3d314e0ee8eb2a,rbpg-exec-a795a1d0cf114c8c8b14d235badf642d,444:train:d53_u0,8f9d195509e441814c7a67e3dfac0eca,0,0,0,clean,0,not_invoked,,0,0,0.0,0.00030000046535860747,0.00019999970390927047,0.002800001311697997,0.0022999993234407157,0.0073999999585794285
445,445,train:d53_u1,,,,,,never,3,0,0,0,0,0,rbpg-3e212e568f3d314e0ee8eb2a,rbpg-3e212e568f3d314e0ee8eb2a,rbpg-exec-a795a1d0cf114c8c8b14d235badf642d,445:train:d53_u1,85c37ac5041ffc5020a8db0798444c31,0,0,0,clean,0,not_invoked,,0,0,0.0,0.00030000046535860747,0.000100000761449337,0.002599999788799323,0.0022999993234407157,0.007200000254670158
446,446,train:d53_u2,,,,,,never,3,0,0,0,0,0,rbpg-3e212e568f3d314e0ee8eb2a,rbpg-3e212e568f3d314e0ee8eb2a,rbpg-exec-a795a1d0cf114c8c8b14d235badf642d,446:train:d53_u2,bfecb6705ae918e550d4692f99806300,0,0,0,clean,0,not_invoked,,0,0,0.0,0.0002999986463692039,0.00019999970390927047,0.0026999987312592566,0.002300001142430119,0.007200000254670158
447,447,train:d53_u3,,,,,,never,3,0,0,0,0,0,rbpg-3e212e568f3d314e0ee8eb2a,rbpg-3e212e568f3d314e0ee8eb2a,rbpg-exec-a795a1d0cf114c8c8b14d235badf642d,447:train:d53_u3,1c5814fd899d202768f68761d6016572,0,0,0,clean,0,not_invoked,,0,0,0.0,0.0002999986463692039,0.00019999970390927047,0.00270000055024866,0.002300001142430119,0.007200000254670158
448,448,train:d53_u4,,,,,,never,3,0,0,0,0,0,rbpg-3e212e568f3d314e0ee8eb2a,rbpg-3e212e568f3d314e0ee8eb2a,rbpg-exec-a795a1d0cf114c8c8b14d235badf642d,448:train:d53_u4,26a34ab82bd62515ac4d81b0b581c766,0,0,0,clean,0,not_invoked,,0,0,0.0,0.00030000046535860747,0.00019999970390927047,0.002800001311697997,0.002200000380980782,0.007300001016119495
449,449,train:d53_u5,,,,,,never,3,0,0,0,0,0,rbpg-3e212e568f3d314e0ee8eb2a,rbpg-3e212e568f3d314e0ee8eb2a,rbpg-exec-a795a1d0cf114c8c8b14d235badf642d,449:train:d53_u5,462b5e91296f0c9735f4911c1629737c,0,0,0,clean,0,not_invoked,,0,0,0.0,0.00030000046535860747,0.000200001522898674,0.002599999788799323,0.0021999985619913787,0.007200000254670158
450,450,train:d53_u6,,,,,,never,3,0,0,0,0,0,rbpg-3e212e568f3d314e0ee8eb2a,rbpg-3e212e568f3d314e0ee8eb2a,rbpg-exec-a795a1d0cf114c8c8b14d235badf642d,450:train:d53_u6,1d5c6075536853f744effcd281971442,0,0,0,clean,0,not_invoked,,0,0,0.0,0.00030000046535860747,0.00019999970390927047,0.002599999788799323,0.002200000380980782,0.007200000254670158
451,451,train:d53_u7,,,,,,never,3,0,0,0,0,0,rbpg-3e212e568f3d314e0ee8eb2a,rbpg-3e212e568f3d314e0ee8eb2a,rbpg-exec-a795a1d0cf114c8c8b14d235badf642d,451:train:d53_u7,f5c91c7ebfc08631f0731d72ec095c0c,0,0,0,clean,0,not_invoked,,0,0,0.0,0.0002999986463692039,0.00019999970390927047,0.0026999987312592566,0.0022999993234407157,0.007300001016119495
452,452,train:d53_u8,,,,,,never,3,0,0,0,0,0,rbpg-3e212e568f3d314e0ee8eb2a,rbpg-3e212e568f3d314e0ee8eb2a,rbpg-exec-a795a1d0cf114c8c8b14d235badf642d,452:train:d53_u8,289289d39ce5ff9874859a511813175f,0,0,0,clean,0,not_invoked,,0,0,0.0,0.0004000012268079445,0.000100000761449337,0.0259000007645227,0.0024000000848900527,0.030700000934302807
453,453,train:d54_u1,,,,,,never,3,0,0,0,0,0,rbpg-3e212e568f3d314e0ee8eb2a,rbpg-3e212e568f3d314e0ee8eb2a,rbpg-exec-a795a1d0cf114c8c8b14d235badf642d,453:train:d54_u1,19f4c927dcb6910fdc6fdbd4676d31f1,0,0,0,clean,0,not_invoked,,0,0,0.0,0.0002999986463692039,0.00019999970390927047,0.002999999196617864,0.0024000000848900527,0.007900000127847306
454,454,train:d54_u2,,,,,,never,3,0,0,0,0,0,rbpg-3e212e568f3d314e0ee8eb2a,rbpg-3e212e568f3d314e0ee8eb2a,rbpg-exec-a795a1d0cf114c8c8b14d235badf642d,454:train:d54_u2,ddb63f3f96a30ff66b50aaf010f6ffb2,0,0,0,clean,0,not_invoked,,0,0,0.0,0.00030000046535860747,9.999894245993346e-05,0.003099999958067201,0.0024000000848900527,0.007900000127847306
455,455,train:d54_u5,,,,,,never,3,0,0,0,0,0,rbpg-3e212e568f3d314e0ee8eb2a,rbpg-3e212e568f3d314e0ee8eb2a,rbpg-exec-a795a1d0cf114c8c8b14d235badf642d,455:train:d54_u5,44cffa212fd5a811c3d21b6e3eb4cca6,0,0,0,clean,0,not_invoked,,0,0,0.0,0.00030000046535860747,9.999894245993346e-05,0.003099999958067201,0.0025000008463393897,0.00799999907030724
456,456,train:d54_u6,,,,,,never,3,0,0,0,0,0,rbpg-3e212e568f3d314e0ee8eb2a,rbpg-3e212e568f3d314e0ee8eb2a,rbpg-exec-a795a1d0cf114c8c8b14d235badf642d,456:train:d54_u6,6ee743c91461cc378bea9633f936d1c7,0,0,0,clean,0,not_invoked,,0,0,0.0,0.00039999940781854093,0.00019999970390927047,0.0029000002541579306,0.002499999027349986,0.007900000127847306
457,457,train:d54_u7,,,,,,never,3,0,0,0,0,0,rbpg-3e212e568f3d314e0ee8eb2a,rbpg-3e212e568f3d314e0ee8eb2a,rbpg-exec-a795a1d0cf114c8c8b14d235badf642d,457:train:d54_u7,76da71dea759263fbafe93e3b0917470,0,0,0,clean,0,not_invoked,,0,0,0.0,0.00039999940781854093,0.000200001522898674,0.0029000002541579306,0.002499999027349986,0.008000000889296643
458,458,train:d54_u8,,,,,,never,3,0,0,0,0,0,rbpg-3e212e568f3d314e0ee8eb2a,rbpg-3e212e568f3d314e0ee8eb2a,rbpg-exec-a795a1d0cf114c8c8b14d235badf642d,458:train:d54_u8,7e318a6a054237b7dbb1278c317d8415,0,0,0,clean,0,not_invoked,,0,0,0.0,0.0002999986463692039,0.00019999970390927047,0.0029000002541579306,0.0024000000848900527,0.007799999366397969
459,459,train:d54_u9,,,,,,never,3,0,0,0,0,0,rbpg-3e212e568f3d314e0ee8eb2a,rbpg-3e212e568f3d314e0ee8eb2a,rbpg-exec-a795a1d0cf114c8c8b14d235badf642d,459:train:d54_u9,5700c305ac1d5368e8b90894413c41f8,0,0,0,clean,0,not_invoked,,0,0,0.0,0.017100001059588976,0.00019999970390927047,0.0027999994927085936,0.0021999985619913787,0.02409999979136046
460,460,train:d54_u10,,,,,,never,3,0,0,0,0,0,rbpg-3e212e568f3d314e0ee8eb2a,rbpg-3e212e568f3d314e0ee8eb2a,rbpg-exec-a795a1d0cf114c8c8b14d235badf642d,460:train:d54_u10,58fa948e7e3f56ddc17186bb742a2d8f,0,0,0,clean,0,not_invoked,,0,0,0.0,0.00030000046535860747,0.00019999970390927047,0.00270000055024866,0.002300001142430119,0.0072999991971300915
461,461,train:d54_u11,,,,,,never,3,0,0,0,0,0,rbpg-3e212e568f3d314e0ee8eb2a,rbpg-3e212e568f3d314e0ee8eb2a,rbpg-exec-a795a1d0cf114c8c8b14d235badf642d,461:train:d54_u11,994ff1d89e9d011f92128a929484647d,0,0,0,clean,0,not_invoked,,0,0,0.0,0.0002999986463692039,0.00019999970390927047,0.0026999987312592566,0.0022999993234407157,0.007300001016119495
462,462,train:d54_u14,,,,,,never,3,0,0,0,0,0,rbpg-3e212e568f3d314e0ee8eb2a,rbpg-3e212e568f3d314e0ee8eb2a,rbpg-exec-a795a1d0cf114c8c8b14d235badf642d,462:train:d54_u14,32be26599edb7f73b0d31b127cefd1d5,0,0,0,clean,0,not_invoked,,0,0,0.0,0.00030000046535860747,0.00019999970390927047,0.00270000055024866,0.002300001142430119,0.0073999999585794285
463,463,train:d54_u15,,,,,,never,3,0,0,0,0,0,rbpg-3e212e568f3d314e0ee8eb2a,rbpg-3e212e568f3d314e0ee8eb2a,rbpg-exec-a795a1d0cf114c8c8b14d235badf642d,463:train:d54_u15,aaa03da2eab48bfba5f5eb1b37c7b3eb,0,0,0,clean,0,not_invoked,,0,0,0.0,0.00030000046535860747,0.00019999970390927047,0.002599999788799323,0.0024000000848900527,0.007300001016119495
464,464,train:d54_u16,,,,,,never,3,0,0,0,0,0,rbpg-3e212e568f3d314e0ee8eb2a,rbpg-3e212e568f3d314e0ee8eb2a,rbpg-exec-a795a1d0cf114c8c8b14d235badf642d,464:train:d54_u16,3d588be982ad0589ea7b9bc063449511,0,0,0,clean,0,not_invoked,,0,0,0.0,0.0002999986463692039,0.00019999970390927047,0.0026999987312592566,0.0022999993234407157,0.007300001016119495
465,465,train:d54_u17,,,,,,never,3,0,0,0,0,0,rbpg-3e212e568f3d314e0ee8eb2a,rbpg-3e212e568f3d314e0ee8eb2a,rbpg-exec-a795a1d0cf114c8c8b14d235badf642d,465:train:d54_u17,1066efd344a2c92679cef42abeaae933,0,0,0,clean,0,not_invoked,,0,0,0.0,0.00030000046535860747,0.000100000761449337,0.00270000055024866,0.0024000000848900527,0.0072999991971300915
466,466,train:d54_u18,,,,,,never,3,0,0,0,0,0,rbpg-3e212e568f3d314e0ee8eb2a,rbpg-3e212e568f3d314e0ee8eb2a,rbpg-exec-a795a1d0cf114c8c8b14d235badf642d,466:train:d54_u18,f8bf9f7efe562a3b9064f95316e77151,0,0,0,clean,0,not_invoked,,0,0,0.0,0.0002999986463692039,9.999894245993346e-05,0.0026999987312592566,0.002499999027349986,0.007599999662488699
467,467,train:d54_u19,,,,,,never,3,0,0,0,0,0,rbpg-3e212e568f3d314e0ee8eb2a,rbpg-3e212e568f3d314e0ee8eb2a,rbpg-exec-a795a1d0cf114c8c8b14d235badf642d,467:train:d54_u19,599ad683b52bff3b27a5a449a445d62f,0,0,0,clean,0,not_invoked,,0,0,0.0,0.0002999986463692039,9.999894245993346e-05,0.0026999987312592566,0.0022999993234407157,0.0072999991971300915
468,468,train:d54_u20,,,,,,never,3,0,0,0,0,0,rbpg-3e212e568f3d314e0ee8eb2a,rbpg-3e212e568f3d314e0ee8eb2a,rbpg-exec-a795a1d0cf114c8c8b14d235badf642d,468:train:d54_u20,d9090a1f2021938a026c853d1d3a02d5,0,0,0,clean,0,not_invoked,,0,0,0.0,0.00030000046535860747,0.00019999970390927047,0.0029000002541579306,0.002300001142430119,0.007499998901039362
469,469,train:d54_u21,,,,,,never,3,0,0,0,0,0,rbpg-3e212e568f3d314e0ee8eb2a,rbpg-3e212e568f3d314e0ee8eb2a,rbpg-exec-a795a1d0cf114c8c8b14d235badf642d,469:train:d54_u21,721fafb713e06088c1b2661a80826fb7,0,0,0,clean,0,not_invoked,,0,0,0.0,0.00030000046535860747,0.00019999970390927047,0.0026000016077887267,0.002300001142430119,0.007200000254670158
470,470,train:d54_u22,,,,,,never,3,0,0,0,0,0,rbpg-3e212e568f3d314e0ee8eb2a,rbpg-3e212e568f3d314e0ee8eb2a,rbpg-exec-a795a1d0cf114c8c8b14d235badf642d,470:train:d54_u22,b456cbddce41dcc071d8a7e95c37bb51,0,0,0,clean,0,not_invoked,,0,0,0.0,0.00039999940781854093,0.00019999970390927047,0.0026999987312592566,0.0022999993234407157,0.0073999999585794285
471,471,train:d54_u23,,,,,,never,3,0,0,0,0,0,rbpg-3e212e568f3d314e0ee8eb2a,rbpg-3e212e568f3d314e0ee8eb2a,rbpg-exec-a795a1d0cf114c8c8b14d235badf642d,471:train:d54_u23,ae679f5ca1554c6c7a943a3d02ca39f6,0,0,0,clean,0,not_invoked,,0,0,0.0,0.00030000046535860747,0.00019999970390927047,0.0029000002541579306,0.0024000000848900527,0.007599999662488699
472,472,train:d55_u0,,,,,,never,3,0,0,0,0,0,rbpg-3e212e568f3d314e0ee8eb2a,rbpg-3e212e568f3d314e0ee8eb2a,rbpg-exec-a795a1d0cf114c8c8b14d235badf642d,472:train:d55_u0,2c3e01e62a121a098bc167b7275273e8,0,0,0,clean,0,not_invoked,,0,0,0.0,0.00030000046535860747,0.000100000761449337,0.0027999994927085936,0.0022999993234407157,0.0073999999585794285
473,473,train:d55_u1,,,,,,never,3,0,0,0,0,0,rbpg-3e212e568f3d314e0ee8eb2a,rbpg-3e212e568f3d314e0ee8eb2a,rbpg-exec-a795a1d0cf114c8c8b14d235badf642d,473:train:d55_u1,90b70560d4f1a435fe9631ce951d80cb,0,0,0,clean,0,not_invoked,,0,0,0.0,0.00030000046535860747,0.000100000761449337,0.00270000055024866,0.0024000000848900527,0.0073999999585794285
474,474,train:d55_u2,,,,,,never,3,0,0,0,0,0,rbpg-3e212e568f3d314e0ee8eb2a,rbpg-3e212e568f3d314e0ee8eb2a,rbpg-exec-a795a1d0cf114c8c8b14d235badf642d,474:train:d55_u2,9cba3d24adecc2c3773c875685d2afca,0,0,0,clean,0,not_invoked,,0,0,0.0,0.00030000046535860747,0.000100000761449337,0.00270000055024866,0.0024000000848900527,0.0073999999585794285
475,475,train:d55_u4,,,,,,never,3,0,0,0,0,0,rbpg-3e212e568f3d314e0ee8eb2a,rbpg-3e212e568f3d314e0ee8eb2a,rbpg-exec-a795a1d0cf114c8c8b14d235badf642d,475:train:d55_u4,aa3989616ffa375f0512ab85f5f8e38a,0,0,0,clean,0,not_invoked,,0,0,0.0,0.0002999986463692039,0.00019999970390927047,0.0027999994927085936,0.0022999993234407157,0.0073999999585794285
476,476,train:d55_u5,,,,,,never,3,0,0,0,0,0,rbpg-3e212e568f3d314e0ee8eb2a,rbpg-3e212e568f3d314e0ee8eb2a,rbpg-exec-a795a1d0cf114c8c8b14d235badf642d,476:train:d55_u5,b7fa6c9b2fb14220f6dcdd24f21bd69e,0,0,0,clean,0,not_invoked,,0,0,0.0,0.00030000046535860747,0.000100000761449337,0.00270000055024866,0.0024000000848900527,0.0072999991971300915
477,477,train:d55_u7,,,,,,never,3,0,0,0,0,0,rbpg-3e212e568f3d314e0ee8eb2a,rbpg-3e212e568f3d314e0ee8eb2a,rbpg-exec-a795a1d0cf114c8c8b14d235badf642d,477:train:d55_u7,f9824898d1762d6ba65feb339ef634dc,0,0,0,clean,0,not_invoked,,0,0,0.0,0.00030000046535860747,0.00019999970390927047,0.002999999196617864,0.0022999993234407157,0.007700000423938036
478,478,train:d55_u8,,,,,,never,3,0,0,0,0,0,rbpg-3e212e568f3d314e0ee8eb2a,rbpg-3e212e568f3d314e0ee8eb2a,rbpg-exec-a795a1d0cf114c8c8b14d235badf642d,478:train:d55_u8,4d06f3a8f0f12807e45a16cb5bd946f9,0,0,0,clean,0,not_invoked,,0,0,0.0,0.00030000046535860747,0.000200001522898674,0.002800001311697997,0.002300001142430119,0.0073999999585794285
479,479,train:d55_u9,,,,,,never,3,0,0,0,0,0,rbpg-3e212e568f3d314e0ee8eb2a,rbpg-3e212e568f3d314e0ee8eb2a,rbpg-exec-a795a1d0cf114c8c8b14d235badf642d,479:train:d55_u9,0856e6ed4ffb7664d3050f46981ac3b2,0,0,0,clean,0,not_invoked,,0,0,0.0,0.00030000046535860747,9.999894245993346e-05,0.002599999788799323,0.0024000000848900527,0.0072999991971300915
480,480,train:d55_u10,,,,,,never,3,0,0,0,0,0,rbpg-3e212e568f3d314e0ee8eb2a,rbpg-3e212e568f3d314e0ee8eb2a,rbpg-exec-a795a1d0cf114c8c8b14d235badf642d,480:train:d55_u10,6a154d749461082cd6bfef2b99556298,0,0,0,clean,0,not_invoked,,0,0,0.0,0.0002999986463692039,0.00019999970390927047,0.0027999994927085936,0.0024000000848900527,0.007499998901039362
481,481,train:d55_u11,,,,,,never,3,0,0,0,0,0,rbpg-3e212e568f3d314e0ee8eb2a,rbpg-3e212e568f3d314e0ee8eb2a,rbpg-exec-a795a1d0cf114c8c8b14d235badf642d,481:train:d55_u11,f9ec55af8f842d29390b48da3f8c14cc,0,0,0,clean,0,not_invoked,,0,0,0.0,0.0002999986463692039,0.00019999970390927047,0.002800001311697997,0.0024000000848900527,0.007800001185387373
482,482,train:d55_u12,,,,,,never,3,0,0,0,0,0,rbpg-3e212e568f3d314e0ee8eb2a,rbpg-3e212e568f3d314e0ee8eb2a,rbpg-exec-a795a1d0cf114c8c8b14d235badf642d,482:train:d55_u12,352bfa4e07139209b4f80854ee58c156,0,0,0,clean,0,not_invoked,,0,0,0.0,0.0002999986463692039,9.999894245993346e-05,0.0027999994927085936,0.002499999027349986,0.0076000014814781025
483,483,train:d55_u13,,,,,,never,3,0,0,0,0,0,rbpg-3e212e568f3d314e0ee8eb2a,rbpg-3e212e568f3d314e0ee8eb2a,rbpg-exec-a795a1d0cf114c8c8b14d235badf642d,483:train:d55_u13,31c528afd358b1bd2a20d2e2a322e227,0,0,0,clean,0,not_invoked,,0,0,0.0,0.00030000046535860747,0.000200001522898674,0.002800001311697997,0.0024000000848900527,0.0075000007200287655
484,484,train:d55_u14,,,,,,never,3,0,0,0,0,0,rbpg-3e212e568f3d314e0ee8eb2a,rbpg-3e212e568f3d314e0ee8eb2a,rbpg-exec-a795a1d0cf114c8c8b14d235badf642d,484:train:d55_u14,adb7a804f5e370b486832763d22e3ff0,0,0,0,clean,0,not_invoked,,0,0,0.0,0.00030000046535860747,0.000100000761449337,0.0027999994927085936,0.0022999993234407157,0.007499998901039362
485,485,train:d55_u15,,,,,,never,3,0,0,0,0,0,rbpg-3e212e568f3d314e0ee8eb2a,rbpg-3e212e568f3d314e0ee8eb2a,rbpg-exec-a795a1d0cf114c8c8b14d235badf642d,485:train:d55_u15,b81911ed3e4e75599eae8336aac17562,0,0,0,clean,0,not_invoked,,0,0,0.0,0.0002999986463692039,9.999894245993346e-05,0.0026999987312592566,0.0022999993234407157,0.0073999999585794285
486,486,train:d55_u16,,,,,,never,3,0,0,0,0,0,rbpg-3e212e568f3d314e0ee8eb2a,rbpg-3e212e568f3d314e0ee8eb2a,rbpg-exec-a795a1d0cf114c8c8b14d235badf642d,486:train:d55_u16,8c11a220cab0b060ebea3052e1aaea35,0,0,0,clean,0,not_invoked,,0,0,0.0,0.00030000046535860747,0.000200001522898674,0.002899998435168527,0.0024000000848900527,0.0075000007200287655
487,487,train:d56_u1,,,,,,never,3,0,0,0,0,0,rbpg-3e212e568f3d314e0ee8eb2a,rbpg-3e212e568f3d314e0ee8eb2a,rbpg-exec-a795a1d0cf114c8c8b14d235badf642d,487:train:d56_u1,1643495d259897a0760f37b76bc6ea4f,0,0,0,clean,0,not_invoked,,0,0,0.0,0.00030000046535860747,0.00019999970390927047,0.0027999994927085936,0.0024000000848900527,0.007599999662488699
488,488,train:d56_u3,,,,,,never,3,0,0,0,0,0,rbpg-3e212e568f3d314e0ee8eb2a,rbpg-3e212e568f3d314e0ee8eb2a,rbpg-exec-a795a1d0cf114c8c8b14d235badf642d,488:train:d56_u3,03dea19f9f132eeaff825cf937bde610,0,0,0,clean,0,not_invoked,,0,0,0.0,0.00030000046535860747,0.000100000761449337,0.0027999994927085936,0.0022999993234407157,0.0073999999585794285
489,489,train:d56_u4,,,,,,never,3,0,0,0,0,0,rbpg-3e212e568f3d314e0ee8eb2a,rbpg-3e212e568f3d314e0ee8eb2a,rbpg-exec-a795a1d0cf114c8c8b14d235badf642d,489:train:d56_u4,b4cf886e9470caba78602077371bb0a4,0,0,0,clean,0,not_invoked,,0,0,0.0,0.0002999986463692039,0.00019999970390927047,0.0027999994927085936,0.0024000000848900527,0.0073999999585794285
490,490,train:d56_u5,,,,,,never,3,0,0,0,0,0,rbpg-3e212e568f3d314e0ee8eb2a,rbpg-3e212e568f3d314e0ee8eb2a,rbpg-exec-a795a1d0cf114c8c8b14d235badf642d,490:train:d56_u5,6b56e196f6858ebd2d4516513668d23c,0,0,0,clean,0,not_invoked,,0,0,0.0,0.00030000046535860747,0.000200001522898674,0.0027999994927085936,0.0022999993234407157,0.007599999662488699
491,491,train:d56_u6,,,,,,never,3,0,0,0,0,0,rbpg-3e212e568f3d314e0ee8eb2a,rbpg-3e212e568f3d314e0ee8eb2a,rbpg-exec-a795a1d0cf114c8c8b14d235badf642d,491:train:d56_u6,225e6f9e71b23e685a2d0819ce82488d,0,0,0,clean,0,not_invoked,,0,0,0.0,0.00030000046535860747,0.00019999970390927047,0.00270000055024866,0.0024000000848900527,0.007499998901039362
492,492,train:d57_u1,,,,,,never,3,0,0,0,0,0,rbpg-3e212e568f3d314e0ee8eb2a,rbpg-3e212e568f3d314e0ee8eb2a,rbpg-exec-a795a1d0cf114c8c8b14d235badf642d,492:train:d57_u1,e233b372bc25a4c5781ce305f85f8f95,0,0,0,clean,0,not_invoked,,0,0,0.0,0.00019999970390927047,0.000100000761449337,0.00270000055024866,0.002300001142430119,0.0073999999585794285
493,493,train:d58_u0,,,,,,never,3,0,0,0,0,0,rbpg-3e212e568f3d314e0ee8eb2a,rbpg-3e212e568f3d314e0ee8eb2a,rbpg-exec-a795a1d0cf114c8c8b14d235badf642d,493:train:d58_u0,456495d3cf3c1c377c97133e292ed441,0,0,0,clean,0,not_invoked,,0,0,0.0,0.00030000046535860747,0.00019999970390927047,0.00270000055024866,0.0024000000848900527,0.0073999999585794285
494,494,train:d58_u1,,,,,,never,3,0,0,0,0,0,rbpg-3e212e568f3d314e0ee8eb2a,rbpg-3e212e568f3d314e0ee8eb2a,rbpg-exec-a795a1d0cf114c8c8b14d235badf642d,494:train:d58_u1,3b2dd17d713cd78fdc849cfe304d87fa,0,0,0,clean,0,not_invoked,,0,0,0.0,0.000200001522898674,0.00019999970390927047,0.0029000002541579306,0.0024000000848900527,0.0075000007200287655
495,495,train:d58_u3,,,,,,never,3,0,0,0,0,0,rbpg-3e212e568f3d314e0ee8eb2a,rbpg-3e212e568f3d314e0ee8eb2a,rbpg-exec-a795a1d0cf114c8c8b14d235badf642d,495:train:d58_u3,edf61f79ad71682a1154423f64b7b92e,0,0,0,clean,0,not_invoked,,0,0,0.0,0.0002999986463692039,9.999894245993346e-05,0.0026999987312592566,0.0024000000848900527,0.0073999999585794285
496,496,train:d58_u4,,,,,,never,3,0,0,0,0,0,rbpg-3e212e568f3d314e0ee8eb2a,rbpg-3e212e568f3d314e0ee8eb2a,rbpg-exec-a795a1d0cf114c8c8b14d235badf642d,496:train:d58_u4,59494629872448b3d227479fae0430a3,0,0,0,clean,0,not_invoked,,0,0,0.0,0.00030000046535860747,0.000200001522898674,0.00270000055024866,0.0022999993234407157,0.007300001016119495
497,497,train:d58_u6,,,,,,never,3,0,0,0,0,0,rbpg-3e212e568f3d314e0ee8eb2a,rbpg-3e212e568f3d314e0ee8eb2a,rbpg-exec-a795a1d0cf114c8c8b14d235badf642d,497:train:d58_u6,f85ba3dfea65129f57aec0c3d7d2a2bc,0,0,0,clean,0,not_invoked,,0,0,0.0,0.0002999986463692039,0.000100000761449337,0.002599999788799323,0.0024000000848900527,0.0073999999585794285
498,498,train:d58_u7,,,,,,never,3,0,0,0,0,0,rbpg-3e212e568f3d314e0ee8eb2a,rbpg-3e212e568f3d314e0ee8eb2a,rbpg-exec-a795a1d0cf114c8c8b14d235badf642d,498:train:d58_u7,60dbea669b16a6bb33a5c16b291b3c7f,0,0,0,clean,0,not_invoked,,0,0,0.0,0.00039999940781854093,0.00019999970390927047,0.002800001311697997,0.0022999993234407157,0.0075000007200287655
499,499,train:d58_u8,,,,,,never,3,0,0,0,0,0,rbpg-3e212e568f3d314e0ee8eb2a,rbpg-3e212e568f3d314e0ee8eb2a,rbpg-exec-a795a1d0cf114c8c8b14d235badf642d,499:train:d58_u8,ea5b58ea5d43af5c92434d4a8020c1a2,0,0,0,clean,0,not_invoked,,0,0,0.0,0.0004000012268079445,0.00019999970390927047,0.0027999994927085936,0.0022999993234407157,0.0075000007200287655
500,500,train:d58_u9,,,,,,never,3,0,0,0,0,0,rbpg-3e212e568f3d314e0ee8eb2a,rbpg-3e212e568f3d314e0ee8eb2a,rbpg-exec-a795a1d0cf114c8c8b14d235badf642d,500:train:d58_u9,9edba1316aedfb75530c4ec9a7d592c1,0,0,0,clean,0,not_invoked,,0,0,0.0,0.00030000046535860747,0.00019999970390927047,0.00270000055024866,0.002300001142430119,0.0072999991971300915
501,501,train:d59_u0,,,,,,never,3,0,0,0,0,0,rbpg-3e212e568f3d314e0ee8eb2a,rbpg-3e212e568f3d314e0ee8eb2a,rbpg-exec-a795a1d0cf114c8c8b14d235badf642d,501:train:d59_u0,b8e27de38644939d30bc244729262092,0,0,0,clean,0,not_invoked,,0,0,0.0,0.0002999986463692039,9.999894245993346e-05,0.0026999987312592566,0.0022999993234407157,0.0073999999585794285
502,502,train:d59_u1,,,,,,never,3,0,0,0,0,0,rbpg-3e212e568f3d314e0ee8eb2a,rbpg-3e212e568f3d314e0ee8eb2a,rbpg-exec-a795a1d0cf114c8c8b14d235badf642d,502:train:d59_u1,7958f19d5a630a1bb30897d857c07c63,0,0,0,clean,0,not_invoked,,0,0,0.0,0.0002999986463692039,9.999894245993346e-05,0.0026999987312592566,0.0024000000848900527,0.0073999999585794285
503,503,train:d59_u2,,,,,,never,3,0,0,0,0,0,rbpg-3e212e568f3d314e0ee8eb2a,rbpg-3e212e568f3d314e0ee8eb2a,rbpg-exec-a795a1d0cf114c8c8b14d235badf642d,503:train:d59_u2,92812d87ba4a3869ac9becc599d1be03,0,0,0,clean,0,not_invoked,,0,0,0.0,0.0002999986463692039,0.00019999970390927047,0.0026999987312592566,0.0024000000848900527,0.0073999999585794285
504,504,train:d59_u3,,,,,,never,3,0,0,0,0,0,rbpg-3e212e568f3d314e0ee8eb2a,rbpg-3e212e568f3d314e0ee8eb2a,rbpg-exec-a795a1d0cf114c8c8b14d235badf642d,504:train:d59_u3,200e8e25833a1ce4da9e2d785bb1ed30,0,0,0,clean,0,not_invoked,,0,0,0.0,0.00030000046535860747,0.000200001522898674,0.00270000055024866,0.002300001142430119,0.0075000007200287655
505,505,train:d59_u4,,,,,,never,3,0,0,0,0,0,rbpg-3e212e568f3d314e0ee8eb2a,rbpg-3e212e568f3d314e0ee8eb2a,rbpg-exec-a795a1d0cf114c8c8b14d235badf642d,505:train:d59_u4,8dcbe75532b2c054eea34c5f2e25b4f7,0,0,0,clean,0,not_invoked,,0,0,0.0,0.00030000046535860747,0.000200001522898674,0.00270000055024866,0.002300001142430119,0.007499998901039362
506,506,train:d59_u5,,,,,,never,3,0,0,0,0,0,rbpg-3e212e568f3d314e0ee8eb2a,rbpg-3e212e568f3d314e0ee8eb2a,rbpg-exec-a795a1d0cf114c8c8b14d235badf642d,506:train:d59_u5,e198f8dc08bd905121665be86323453d,0,0,0,clean,0,not_invoked,,0,0,0.0,0.00030000046535860747,0.000100000761449337,0.0026000016077887267,0.0024000000848900527,0.007300001016119495
507,507,train:d59_u6,,,,,,never,3,0,0,0,0,0,rbpg-3e212e568f3d314e0ee8eb2a,rbpg-3e212e568f3d314e0ee8eb2a,rbpg-exec-a795a1d0cf114c8c8b14d235badf642d,507:train:d59_u6,ff1d9e7e3174d66527836f7d4fe3d8e6,0,0,0,clean,0,not_invoked,,0,0,0.0,0.0004000012268079445,0.000100000761449337,0.0037999998312443495,0.002599999788799323,0.008999999408842996
508,508,train:d59_u7,,,,,,never,3,0,0,0,0,0,rbpg-3e212e568f3d314e0ee8eb2a,rbpg-3e212e568f3d314e0ee8eb2a,rbpg-exec-a795a1d0cf114c8c8b14d235badf642d,508:train:d59_u7,e1234be2325d204bc3929e5f3e45a156,0,0,0,clean,0,not_invoked,,0,0,0.0,0.00030000046535860747,0.000100000761449337,0.0027999994927085936,0.002599999788799323,0.007800001185387373
509,509,train:d59_u8,,,,,,never,3,0,0,0,0,0,rbpg-3e212e568f3d314e0ee8eb2a,rbpg-3e212e568f3d314e0ee8eb2a,rbpg-exec-a795a1d0cf114c8c8b14d235badf642d,509:train:d59_u8,255c90ed9635ce57bf2a2c1088ee9018,0,0,0,clean,0,not_invoked,,0,0,0.0,0.0002999986463692039,0.00019999970390927047,0.002599999788799323,0.0022999993234407157,0.0072999991971300915
510,510,train:d59_u9,,,,,,never,3,0,0,0,0,0,rbpg-3e212e568f3d314e0ee8eb2a,rbpg-3e212e568f3d314e0ee8eb2a,rbpg-exec-a795a1d0cf114c8c8b14d235badf642d,510:train:d59_u9,bc5b81ecaa6977b9fc88223b378ba583,0,0,0,clean,0,not_invoked,,0,0,0.0,0.00030000046535860747,0.00019999970390927047,0.0027999994927085936,0.0025000008463393897,0.007599999662488699
511,511,train:d61_u0,,,,,,never,3,0,0,0,0,0,rbpg-3e212e568f3d314e0ee8eb2a,rbpg-3e212e568f3d314e0ee8eb2a,rbpg-exec-a795a1d0cf114c8c8b14d235badf642d,511:train:d61_u0,f6f1f1cd2a1ba41de067e03b603dd59a,0,0,0,clean,0,not_invoked,,0,0,0.0,0.00030000046535860747,0.000100000761449337,0.002599999788799323,0.0024000000848900527,0.0072999991971300915
512,512,train:d61_u1,,,,,,never,3,0,0,0,0,0,rbpg-3e212e568f3d314e0ee8eb2a,rbpg-3e212e568f3d314e0ee8eb2a,rbpg-exec-a795a1d0cf114c8c8b14d235badf642d,512:train:d61_u1,b9302fc183f6039791b81da96ab0fdc4,0,0,0,clean,0,not_invoked,,0,0,0.0,0.000200001522898674,0.00019999970390927047,0.002599999788799323,0.002300001142430119,0.0072999991971300915
513,513,train:d61_u2,,,,,,never,3,0,0,0,0,0,rbpg-3e212e568f3d314e0ee8eb2a,rbpg-3e212e568f3d314e0ee8eb2a,rbpg-exec-a795a1d0cf114c8c8b14d235badf642d,513:train:d61_u2,2105f3c948a3ea812ac7591caa86cde0,0,0,0,clean,0,not_invoked,,0,0,0.0,0.00030000046535860747,9.999894245993346e-05,0.002599999788799323,0.0022999993234407157,0.0072999991971300915
514,514,train:d61_u3,,,,,,never,3,0,0,0,0,0,rbpg-3e212e568f3d314e0ee8eb2a,rbpg-3e212e568f3d314e0ee8eb2a,rbpg-exec-a795a1d0cf114c8c8b14d235badf642d,514:train:d61_u3,80367d47f78826023c64a983b225b9ab,0,0,0,clean,0,not_invoked,,0,0,0.0,0.00039999940781854093,0.00019999970390927047,0.00270000055024866,0.002200000380980782,0.0073999999585794285
515,515,train:d61_u4,,,,,,never,3,0,0,0,0,0,rbpg-3e212e568f3d314e0ee8eb2a,rbpg-3e212e568f3d314e0ee8eb2a,rbpg-exec-a795a1d0cf114c8c8b14d235badf642d,515:train:d61_u4,8c30a37287500c8367776dd139ad425f,0,0,0,clean,0,not_invoked,,0,0,0.0,0.0002999986463692039,0.00019999970390927047,0.0027999994927085936,0.0022999993234407157,0.0073999999585794285
516,516,train:d61_u5,,,,,,never,3,0,0,0,0,0,rbpg-3e212e568f3d314e0ee8eb2a,rbpg-3e212e568f3d314e0ee8eb2a,rbpg-exec-a795a1d0cf114c8c8b14d235badf642d,516:train:d61_u5,865026932d2a7b39621716b6afee0442,0,0,0,clean,0,not_invoked,,0,0,0.0,0.00030000046535860747,0.00019999970390927047,0.00270000055024866,0.022000000171829015,0.02700000004551839
517,517,train:d61_u6,,,,,,never,3,0,0,0,0,0,rbpg-3e212e568f3d314e0ee8eb2a,rbpg-3e212e568f3d314e0ee8eb2a,rbpg-exec-a795a1d0cf114c8c8b14d235badf642d,517:train:d61_u6,ee1e2ecab3fb97b0ca1cfb79e3be9960,0,0,0,clean,0,not_invoked,,0,0,0.0,0.00030000046535860747,0.00019999970390927047,0.0029000002541579306,0.002300001142430119,0.007599999662488699
518,518,train:d61_u7,,,,,,never,3,0,0,0,0,0,rbpg-3e212e568f3d314e0ee8eb2a,rbpg-3e212e568f3d314e0ee8eb2a,rbpg-exec-a795a1d0cf114c8c8b14d235badf642d,518:train:d61_u7,5edbcd2b2c3b054e755c4641eaaefbf8,0,0,0,clean,0,not_invoked,,0,0,0.0,0.00030000046535860747,0.00019999970390927047,0.0027999994927085936,0.01680000059423037,0.022100000933278352
519,519,train:d61_u8,,,,,,never,3,0,0,0,0,0,rbpg-3e212e568f3d314e0ee8eb2a,rbpg-3e212e568f3d314e0ee8eb2a,rbpg-exec-a795a1d0cf114c8c8b14d235badf642d,519:train:d61_u8,222c4ca9eea72b8826d9b6d4e317b2f0,0,0,0,clean,0,not_invoked,,0,0,0.0,0.00030000046535860747,0.00019999970390927047,0.0029000002541579306,0.0024000000848900527,0.007800001185387373
520,520,train:d62_u0,,,,,,never,3,0,0,0,0,0,rbpg-3e212e568f3d314e0ee8eb2a,rbpg-3e212e568f3d314e0ee8eb2a,rbpg-exec-a795a1d0cf114c8c8b14d235badf642d,520:train:d62_u0,592f22f08e27e78606678f7eecd6535b,0,0,0,clean,0,not_invoked,,0,0,0.0,0.00039999940781854093,0.000100000761449337,0.0029000002541579306,0.0022999993234407157,0.007699998604948632
521,521,train:d62_u1,,,,,,never,3,0,0,0,0,0,rbpg-3e212e568f3d314e0ee8eb2a,rbpg-3e212e568f3d314e0ee8eb2a,rbpg-exec-a795a1d0cf114c8c8b14d235badf642d,521:train:d62_u1,31e4b042c97bba18d96d0c8b5ba6faa2,0,0,0,clean,0,not_invoked,,0,0,0.0,0.00030000046535860747,0.00019999970390927047,0.0026999987312592566,0.0024000000848900527,0.007499998901039362
522,522,train:d62_u2,,,,,,never,3,0,0,0,0,0,rbpg-3e212e568f3d314e0ee8eb2a,rbpg-3e212e568f3d314e0ee8eb2a,rbpg-exec-a795a1d0cf114c8c8b14d235badf642d,522:train:d62_u2,99a6409f72b03dbdb9efca3f77ba93b5,0,0,0,clean,0,not_invoked,,0,0,0.0,0.00030000046535860747,0.000100000761449337,0.002800001311697997,0.002300001142430119,0.007499998901039362
523,523,train:d62_u3,,,,,,never,3,0,0,0,0,0,rbpg-3e212e568f3d314e0ee8eb2a,rbpg-3e212e568f3d314e0ee8eb2a,rbpg-exec-a795a1d0cf114c8c8b14d235badf642d,523:train:d62_u3,22116b738dbde2372118021d05a69deb,0,0,0,clean,0,not_invoked,,0,0,0.0,0.0002999986463692039,0.00019999970390927047,0.00270000055024866,0.0022999993234407157,0.0073999999585794285
524,524,train:d62_u5,,,,,,never,3,0,0,0,0,0,rbpg-3e212e568f3d314e0ee8eb2a,rbpg-3e212e568f3d314e0ee8eb2a,rbpg-exec-a795a1d0cf114c8c8b14d235badf642d,524:train:d62_u5,a8c423f8a4f7ab1ab75e6c6829c96af1,0,0,0,clean,0,not_invoked,,0,0,0.0,0.0002999986463692039,0.00019999970390927047,0.00270000055024866,0.0022999993234407157,0.0073999999585794285
525,525,train:d62_u6,,,,,,never,3,0,0,0,0,0,rbpg-3e212e568f3d314e0ee8eb2a,rbpg-3e212e568f3d314e0ee8eb2a,rbpg-exec-a795a1d0cf114c8c8b14d235badf642d,525:train:d62_u6,899a7b7c821175c5d73b67ae8e39d375,0,0,0,clean,0,not_invoked,,0,0,0.0,0.00030000046535860747,9.999894245993346e-05,0.016799998775240965,0.0022999993234407157,0.021500000002561137
526,526,train:d62_u7,,,,,,never,3,0,0,0,0,0,rbpg-3e212e568f3d314e0ee8eb2a,rbpg-3e212e568f3d314e0ee8eb2a,rbpg-exec-a795a1d0cf114c8c8b14d235badf642d,526:train:d62_u7,a71b6e47313c9d304a917d0393059354,0,0,0,clean,0,not_invoked,,0,0,0.0,0.00030000046535860747,0.00019999970390927047,0.0029000002541579306,0.0025000008463393897,0.007799999366397969
527,527,train:d62_u8,,,,,,never,3,0,0,0,0,0,rbpg-3e212e568f3d314e0ee8eb2a,rbpg-3e212e568f3d314e0ee8eb2a,rbpg-exec-a795a1d0cf114c8c8b14d235badf642d,527:train:d62_u8,4f86c5ff781bd5c0e657319944b8d07f,0,0,0,clean,0,not_invoked,,0,0,0.0,0.0002999986463692039,0.00019999970390927047,0.0026999987312592566,0.0024000000848900527,0.0073999999585794285
528,528,train:d62_u11,,,,,,never,3,0,0,0,0,0,rbpg-3e212e568f3d314e0ee8eb2a,rbpg-3e212e568f3d314e0ee8eb2a,rbpg-exec-a795a1d0cf114c8c8b14d235badf642d,528:train:d62_u11,4f58940f5ecd1ae4c4a97cd1e7c6307a,0,0,0,clean,0,not_invoked,,0,0,0.0,0.0002999986463692039,0.00019999970390927047,0.0026999987312592566,0.0024000000848900527,0.0073999999585794285
529,529,train:d63_u0,,,,,,never,3,0,0,0,0,0,rbpg-3e212e568f3d314e0ee8eb2a,rbpg-3e212e568f3d314e0ee8eb2a,rbpg-exec-a795a1d0cf114c8c8b14d235badf642d,529:train:d63_u0,0706bdeb70f581b3cf0e2a6ec710d2a3,0,0,0,clean,0,not_invoked,,0,0,0.0,0.0002999986463692039,9.999894245993346e-05,0.002599999788799323,0.002300001142430119,0.0071999984356807545
530,530,train:d63_u1,,,,,,never,3,0,0,0,0,0,rbpg-3e212e568f3d314e0ee8eb2a,rbpg-3e212e568f3d314e0ee8eb2a,rbpg-exec-a795a1d0cf114c8c8b14d235badf642d,530:train:d63_u1,be53d8e17b8b6dcd35e11c5c5dbe66a3,0,0,0,clean,0,not_invoked,,0,0,0.0,0.00030000046535860747,0.00019999970390927047,0.002599999788799323,0.0024000000848900527,0.007300001016119495
531,531,train:d63_u2,,,,,,never,3,0,0,0,0,0,rbpg-3e212e568f3d314e0ee8eb2a,rbpg-3e212e568f3d314e0ee8eb2a,rbpg-exec-a795a1d0cf114c8c8b14d235badf642d,531:train:d63_u2,3d1b9807a226364c0dd866f1c6baeda1,0,0,0,clean,0,not_invoked,,0,0,0.0,0.00030000046535860747,9.999894245993346e-05,0.0026999987312592566,0.0022999993234407157,0.0073999999585794285
532,532,train:d63_u4,,,,,,never,3,0,0,0,0,0,rbpg-3e212e568f3d314e0ee8eb2a,rbpg-3e212e568f3d314e0ee8eb2a,rbpg-exec-a795a1d0cf114c8c8b14d235badf642d,532:train:d63_u4,f13cd0b296156055f107e6f77be4fe53,0,0,0,clean,0,not_invoked,,0,0,0.0,0.00030000046535860747,0.000100000761449337,0.00270000055024866,0.0024000000848900527,0.007300001016119495
533,533,train:d63_u5,,,,,,never,3,0,0,0,0,0,rbpg-3e212e568f3d314e0ee8eb2a,rbpg-3e212e568f3d314e0ee8eb2a,rbpg-exec-a795a1d0cf114c8c8b14d235badf642d,533:train:d63_u5,84fe28304d5d605168a71cfaddde240f,0,0,0,clean,0,not_invoked,,0,0,0.0,0.00030000046535860747,0.000100000761449337,0.0027999994927085936,0.002200000380980782,0.0072999991971300915
534,534,train:d63_u6,,,,,,never,3,0,0,0,0,0,rbpg-3e212e568f3d314e0ee8eb2a,rbpg-3e212e568f3d314e0ee8eb2a,rbpg-exec-a795a1d0cf114c8c8b14d235badf642d,534:train:d63_u6,63120f195834f44c428640afe443c3ac,0,0,0,clean,0,not_invoked,,0,0,0.0,0.00030000046535860747,0.00019999970390927047,0.0026999987312592566,0.002200000380980782,0.0072999991971300915
535,535,train:d63_u7,,,,,,never,3,0,0,0,0,0,rbpg-3e212e568f3d314e0ee8eb2a,rbpg-3e212e568f3d314e0ee8eb2a,rbpg-exec-a795a1d0cf114c8c8b14d235badf642d,535:train:d63_u7,07445c5ef6af715899c3ef41b0a6df7e,0,0,0,clean,0,not_invoked,,0,0,0.0,0.00030000046535860747,0.000100000761449337,0.002599999788799323,0.0022999993234407157,0.0072999991971300915
536,536,train:d64_u0,,,,,,never,3,0,0,0,0,0,rbpg-3e212e568f3d314e0ee8eb2a,rbpg-3e212e568f3d314e0ee8eb2a,rbpg-exec-a795a1d0cf114c8c8b14d235badf642d,536:train:d64_u0,6676bba5d6af6ea4b551bb9ff3761a61,0,0,0,clean,0,not_invoked,,0,0,0.0,0.00030000046535860747,0.00019999970390927047,0.00270000055024866,0.0022999993234407157,0.0072999991971300915
537,537,train:d64_u1,,,,,,never,3,0,0,0,0,0,rbpg-3e212e568f3d314e0ee8eb2a,rbpg-3e212e568f3d314e0ee8eb2a,rbpg-exec-a795a1d0cf114c8c8b14d235badf642d,537:train:d64_u1,88dc7e1025864fb324bac90bed2d4f65,0,0,0,clean,0,not_invoked,,0,0,0.0,0.00030000046535860747,0.000100000761449337,0.002599999788799323,0.0022999993234407157,0.007200000254670158
538,538,train:d64_u2,,,,,,never,3,0,0,0,0,0,rbpg-3e212e568f3d314e0ee8eb2a,rbpg-3e212e568f3d314e0ee8eb2a,rbpg-exec-a795a1d0cf114c8c8b14d235badf642d,538:train:d64_u2,7ad4637045ec261be87458effed1be13,0,0,0,clean,0,not_invoked,,0,0,0.0,0.00030000046535860747,0.00019999970390927047,0.00270000055024866,0.0022999993234407157,0.0072999991971300915
539,539,train:d64_u3,,,,,,never,3,0,0,0,0,0,rbpg-3e212e568f3d314e0ee8eb2a,rbpg-3e212e568f3d314e0ee8eb2a,rbpg-exec-a795a1d0cf114c8c8b14d235badf642d,539:train:d64_u3,667c638bcb03399b89dac55f9e4e3c31,0,0,0,clean,0,not_invoked,,0,0,0.0,0.00030000046535860747,0.000100000761449337,0.0026000016077887267,0.0022999993234407157,0.007200000254670158
540,540,train:d64_u4,,,,,,never,3,0,0,0,0,0,rbpg-3e212e568f3d314e0ee8eb2a,rbpg-3e212e568f3d314e0ee8eb2a,rbpg-exec-a795a1d0cf114c8c8b14d235badf642d,540:train:d64_u4,28fce5f92ee0db5cc12d212ac891c510,0,0,0,clean,0,not_invoked,,0,0,0.0,0.00030000046535860747,0.000200001522898674,0.0026999987312592566,0.002200000380980782,0.007200000254670158
541,541,train:d64_u5,,,,,,never,3,0,0,0,0,0,rbpg-3e212e568f3d314e0ee8eb2a,rbpg-3e212e568f3d314e0ee8eb2a,rbpg-exec-a795a1d0cf114c8c8b14d235badf642d,541:train:d64_u5,9b5d2ef1fc1672ccee6298fd3f4f5e15,0,0,0,clean,0,not_invoked,,0,0,0.0,0.0002999986463692039,9.999894245993346e-05,0.0026999987312592566,0.002200000380980782,0.0072999991971300915
542,542,train:d64_u6,,,,,,never,3,0,0,0,0,0,rbpg-3e212e568f3d314e0ee8eb2a,rbpg-3e212e568f3d314e0ee8eb2a,rbpg-exec-a795a1d0cf114c8c8b14d235badf642d,542:train:d64_u6,e23f723b930a0d4424cd5a4d0c9322aa,0,0,0,clean,0,not_invoked,,0,0,0.0,0.00030000046535860747,0.000100000761449337,0.00270000055024866,0.0022999993234407157,0.007300001016119495
543,543,train:d64_u7,,,,,,never,3,0,0,0,0,0,rbpg-3e212e568f3d314e0ee8eb2a,rbpg-3e212e568f3d314e0ee8eb2a,rbpg-exec-a795a1d0cf114c8c8b14d235badf642d,543:train:d64_u7,eb9cac0f66113cf4cb393b65754c23c7,0,0,0,clean,0,not_invoked,,0,0,0.0,0.00030000046535860747,0.000100000761449337,0.0026999987312592566,0.0022999993234407157,0.007300001016119495
544,544,train:d64_u8,,,,,,never,3,0,0,0,0,0,rbpg-3e212e568f3d314e0ee8eb2a,rbpg-3e212e568f3d314e0ee8eb2a,rbpg-exec-a795a1d0cf114c8c8b14d235badf642d,544:train:d64_u8,a743230cdebd6df86027fc2b49d39a62,0,0,0,clean,0,not_invoked,,0,0,0.0,0.0002999986463692039,0.00019999970390927047,0.00270000055024866,0.002399998265900649,0.0075000007200287655
545,545,train:d64_u9,,,,,,never,3,0,0,0,0,0,rbpg-3e212e568f3d314e0ee8eb2a,rbpg-3e212e568f3d314e0ee8eb2a,rbpg-exec-a795a1d0cf114c8c8b14d235badf642d,545:train:d64_u9,bee794f099f67557c8a9f83ace1dedbc,0,0,0,clean,0,not_invoked,,0,0,0.0,0.0002999986463692039,0.000100000761449337,0.0029000002541579306,0.002499999027349986,0.007799999366397969
546,546,train:d64_u10,,,,,,never,3,0,0,0,0,0,rbpg-3e212e568f3d314e0ee8eb2a,rbpg-3e212e568f3d314e0ee8eb2a,rbpg-exec-a795a1d0cf114c8c8b14d235badf642d,546:train:d64_u10,347bc929d0e2348bdf0a73827a26b0f7,0,0,0,clean,0,not_invoked,,0,0,0.0,0.00030000046535860747,0.000100000761449337,0.0029000002541579306,0.0022999993234407157,0.007599999662488699
547,547,train:d64_u11,,,,,,never,3,0,0,0,0,0,rbpg-3e212e568f3d314e0ee8eb2a,rbpg-3e212e568f3d314e0ee8eb2a,rbpg-exec-a795a1d0cf114c8c8b14d235badf642d,547:train:d64_u11,e2e9b444231c900d52cbc8b2b7d696eb,0,0,0,clean,0,not_invoked,,0,0,0.0,0.00030000046535860747,9.999894245993346e-05,0.00270000055024866,0.0024000000848900527,0.0075000007200287655
548,548,train:d64_u12,,,,,,never,3,0,0,0,0,0,rbpg-3e212e568f3d314e0ee8eb2a,rbpg-3e212e568f3d314e0ee8eb2a,rbpg-exec-a795a1d0cf114c8c8b14d235badf642d,548:train:d64_u12,b198148418bd483a31d4cba365d31541,0,0,0,clean,0,not_invoked,,0,0,0.0,0.00030000046535860747,0.00019999970390927047,0.002999999196617864,0.0024000000848900527,0.007599999662488699
549,549,train:d65_u0,,,,,,never,3,0,0,0,0,0,rbpg-3e212e568f3d314e0ee8eb2a,rbpg-3e212e568f3d314e0ee8eb2a,rbpg-exec-a795a1d0cf114c8c8b14d235badf642d,549:train:d65_u0,03e6e62401b0aaabf2aa0bdd2f792414,0,0,0,clean,0,not_invoked,,0,0,0.0,0.00030000046535860747,0.000100000761449337,0.002599999788799323,0.0024000000848900527,0.007300001016119495
550,550,train:d65_u2,,,,,,never,3,0,0,0,0,0,rbpg-3e212e568f3d314e0ee8eb2a,rbpg-3e212e568f3d314e0ee8eb2a,rbpg-exec-a795a1d0cf114c8c8b14d235badf642d,550:train:d65_u2,2ad315c992cb61bf56dd7d17871f158e,0,0,0,clean,0,not_invoked,,0,0,0.0,0.00030000046535860747,0.00019999970390927047,0.00270000055024866,0.002300001142430119,0.007200000254670158
551,551,train:d65_u3,,,,,,never,3,0,0,0,0,0,rbpg-3e212e568f3d314e0ee8eb2a,rbpg-3e212e568f3d314e0ee8eb2a,rbpg-exec-a795a1d0cf114c8c8b14d235badf642d,551:train:d65_u3,9a82b8bce28bb55ae72f9cbdb6849f08,0,0,0,clean,0,not_invoked,,0,0,0.0,0.0002999986463692039,0.00019999970390927047,0.00270000055024866,0.002499999027349986,0.007599999662488699
552,552,train:d66_u1,,,,,,never,3,0,0,0,0,0,rbpg-3e212e568f3d314e0ee8eb2a,rbpg-3e212e568f3d314e0ee8eb2a,rbpg-exec-a795a1d0cf114c8c8b14d235badf642d,552:train:d66_u1,134730c6e94394c55771b802f66bbad8,0,0,0,clean,0,not_invoked,,0,0,0.0,0.00030000046535860747,9.999894245993346e-05,0.002599999788799323,0.0024000000848900527,0.0072999991971300915
553,553,train:d66_u2,,,,,,never,3,0,0,0,0,0,rbpg-3e212e568f3d314e0ee8eb2a,rbpg-3e212e568f3d314e0ee8eb2a,rbpg-exec-a795a1d0cf114c8c8b14d235badf642d,553:train:d66_u2,a71ee2699283cc75b007ee635786ac85,0,0,0,clean,0,not_invoked,,0,0,0.0,0.00030000046535860747,0.00019999970390927047,0.00270000055024866,0.002599999788799323,0.007599999662488699
554,554,train:d66_u3,,,,,,never,3,0,0,0,0,0,rbpg-3e212e568f3d314e0ee8eb2a,rbpg-3e212e568f3d314e0ee8eb2a,rbpg-exec-a795a1d0cf114c8c8b14d235badf642d,554:train:d66_u3,89afeb6771164e428debbe9d97ed6a9d,0,0,0,clean,0,not_invoked,,0,0,0.0,0.00030000046535860747,0.00019999970390927047,0.002800001311697997,0.0022999993234407157,0.0073999999585794285
555,555,train:d66_u4,,,,,,never,3,0,0,0,0,0,rbpg-3e212e568f3d314e0ee8eb2a,rbpg-3e212e568f3d314e0ee8eb2a,rbpg-exec-a795a1d0cf114c8c8b14d235badf642d,555:train:d66_u4,dee454556640d71ad4f1e8d44cd741dc,0,0,0,clean,0,not_invoked,,0,0,0.0,0.0002999986463692039,0.00019999970390927047,0.0027999994927085936,0.0024000000848900527,0.0075000007200287655
556,556,train:d66_u6,,,,,,never,3,0,0,0,0,0,rbpg-3e212e568f3d314e0ee8eb2a,rbpg-3e212e568f3d314e0ee8eb2a,rbpg-exec-a795a1d0cf114c8c8b14d235badf642d,556:train:d66_u6,71bf74c2f01e77e317453b38cbb4aac7,0,0,0,clean,0,not_invoked,,0,0,0.0,0.00030000046535860747,0.000100000761449337,0.002599999788799323,0.02409999979136046,0.029099999665049836
557,557,train:d66_u7,,,,,,never,3,0,0,0,0,0,rbpg-3e212e568f3d314e0ee8eb2a,rbpg-3e212e568f3d314e0ee8eb2a,rbpg-exec-a795a1d0cf114c8c8b14d235badf642d,557:train:d66_u7,cd4233839fd153df84af1bbd5802c16b,0,0,0,clean,0,not_invoked,,0,0,0.0,0.00030000046535860747,0.00019999970390927047,0.002800001311697997,0.0024000000848900527,0.007599999662488699
558,558,train:d66_u8,,,,,,never,3,0,0,0,0,0,rbpg-3e212e568f3d314e0ee8eb2a,rbpg-3e212e568f3d314e0ee8eb2a,rbpg-exec-a795a1d0cf114c8c8b14d235badf642d,558:train:d66_u8,f5ee9c107f532b4cef2c2f5915ac0328,0,0,0,clean,0,not_invoked,,0,0,0.0,0.00030000046535860747,0.00019999970390927047,0.0027999994927085936,0.0022999993234407157,0.0073999999585794285
559,559,train:d66_u9,,,,,,never,3,0,0,0,0,0,rbpg-3e212e568f3d314e0ee8eb2a,rbpg-3e212e568f3d314e0ee8eb2a,rbpg-exec-a795a1d0cf114c8c8b14d235badf642d,559:train:d66_u9,35eb65b5a5443bc00fe734c513aad970,0,0,0,clean,0,not_invoked,,0,0,0.0,0.00030000046535860747,0.00019999970390927047,0.0029000002541579306,0.002599999788799323,0.008099999831756577
560,560,train:d66_u10,,,,,,never,3,0,0,0,0,0,rbpg-3e212e568f3d314e0ee8eb2a,rbpg-3e212e568f3d314e0ee8eb2a,rbpg-exec-a795a1d0cf114c8c8b14d235badf642d,560:train:d66_u10,7a59da7707cbf09639a5b2d08f160a9f,0,0,0,clean,0,not_invoked,,0,0,0.0,0.0002999986463692039,0.00019999970390927047,0.0029000002541579306,0.00270000055024866,0.008099999831756577
561,561,train:d66_u11,,,,,,never,3,0,0,0,0,0,rbpg-3e212e568f3d314e0ee8eb2a,rbpg-3e212e568f3d314e0ee8eb2a,rbpg-exec-a795a1d0cf114c8c8b14d235badf642d,561:train:d66_u11,5712a2bdf47523d04f2c7e4f7feb3908,0,0,0,clean,0,not_invoked,,0,0,0.0,0.00030000046535860747,0.00019999970390927047,0.002899998435168527,0.002599999788799323,0.008000000889296643
562,562,train:d66_u12,,,,,,never,3,0,0,0,0,0,rbpg-3e212e568f3d314e0ee8eb2a,rbpg-3e212e568f3d314e0ee8eb2a,rbpg-exec-a795a1d0cf114c8c8b14d235badf642d,562:train:d66_u12,f039d51ca66dbb653bd7fcad13da8cbe,0,0,0,clean,0,not_invoked,,0,0,0.0,0.00030000046535860747,0.00019999970390927047,0.0027999994927085936,0.002599999788799323,0.007900000127847306
563,563,train:d67_u1,,,,,,never,3,0,0,0,0,0,rbpg-3e212e568f3d314e0ee8eb2a,rbpg-3e212e568f3d314e0ee8eb2a,rbpg-exec-a795a1d0cf114c8c8b14d235badf642d,563:train:d67_u1,109b155da3fb9aac8f684bf840357ed2,0,0,0,clean,0,not_invoked,,0,0,0.0,0.00030000046535860747,0.000100000761449337,0.0029000002541579306,0.002300001142430119,0.007499998901039362
564,564,train:d67_u2,,,,,,never,3,0,0,0,0,0,rbpg-3e212e568f3d314e0ee8eb2a,rbpg-3e212e568f3d314e0ee8eb2a,rbpg-exec-a795a1d0cf114c8c8b14d235badf642d,564:train:d67_u2,4324fc808e54f3b6019a150041f1be6b,0,0,0,clean,0,not_invoked,,0,0,0.0,0.0002999986463692039,0.00019999970390927047,0.002599999788799323,0.0022999993234407157,0.007300001016119495
565,565,train:d67_u3,,,,,,never,3,0,0,0,0,0,rbpg-3e212e568f3d314e0ee8eb2a,rbpg-3e212e568f3d314e0ee8eb2a,rbpg-exec-a795a1d0cf114c8c8b14d235badf642d,565:train:d67_u3,aee7eace76884ffd97a7df16349e7db0,0,0,0,clean,0,not_invoked,,0,0,0.0,0.00030000046535860747,0.00019999970390927047,0.003200000719516538,0.0024000000848900527,0.007799999366397969
566,566,train:d67_u5,,,,,,never,3,0,0,0,0,0,rbpg-3e212e568f3d314e0ee8eb2a,rbpg-3e212e568f3d314e0ee8eb2a,rbpg-exec-a795a1d0cf114c8c8b14d235badf642d,566:train:d67_u5,72ae39bb36920dc38a7ab642e00c0031,0,0,0,clean,0,not_invoked,,0,0,0.0,0.00030000046535860747,9.999894245993346e-05,0.002599999788799323,0.02409999979136046,0.029200000426499173
567,567,train:d67_u6,,,,,,never,3,0,0,0,0,0,rbpg-3e212e568f3d314e0ee8eb2a,rbpg-3e212e568f3d314e0ee8eb2a,rbpg-exec-a795a1d0cf114c8c8b14d235badf642d,567:train:d67_u6,9c4bb2876db6e60fddffd8d9df46fadc,0,0,0,clean,0,not_invoked,,0,0,0.0,0.00030000046535860747,0.00019999970390927047,0.002999999196617864,0.002599999788799323,0.008000000889296643
568,568,train:d67_u7,,,,,,never,3,0,0,0,0,0,rbpg-3e212e568f3d314e0ee8eb2a,rbpg-3e212e568f3d314e0ee8eb2a,rbpg-exec-a795a1d0cf114c8c8b14d235badf642d,568:train:d67_u7,74f59a60c06b2ded36ea7810f422939f,0,0,0,clean,0,not_invoked,,0,0,0.0,0.0002999986463692039,0.000100000761449337,0.0027999994927085936,0.0024000000848900527,0.0076000014814781025
569,569,train:d67_u8,,,,,,never,3,0,0,0,0,0,rbpg-3e212e568f3d314e0ee8eb2a,rbpg-3e212e568f3d314e0ee8eb2a,rbpg-exec-a795a1d0cf114c8c8b14d235badf642d,569:train:d67_u8,63a67b4bbaae7a56f34ea6a4e9dbc75a,0,0,0,clean,0,not_invoked,,0,0,0.0,0.00030000046535860747,0.00019999970390927047,0.0029000002541579306,0.0024000000848900527,0.008099999831756577
570,570,train:d67_u9,,,,,,never,3,0,0,0,0,0,rbpg-3e212e568f3d314e0ee8eb2a,rbpg-3e212e568f3d314e0ee8eb2a,rbpg-exec-a795a1d0cf114c8c8b14d235badf642d,570:train:d67_u9,fa3c2d9f1a5d74035bb42f64a6c264b2,0,0,0,clean,0,not_invoked,,0,0,0.0,0.00039999940781854093,0.000100000761449337,0.003399998604436405,0.002200000380980782,0.025299999833805487
571,571,train:d67_u10,,,,,,never,3,0,0,0,0,0,rbpg-3e212e568f3d314e0ee8eb2a,rbpg-3e212e568f3d314e0ee8eb2a,rbpg-exec-a795a1d0cf114c8c8b14d235badf642d,571:train:d67_u10,4bf9b2da23ffdd2975db5b891d0de6c6,0,0,0,clean,0,not_invoked,,0,0,0.0,0.00030000046535860747,0.00019999970390927047,0.0029000002541579306,0.0024000000848900527,0.007700000423938036
572,572,train:d67_u11,,,,,,never,3,0,0,0,0,0,rbpg-3e212e568f3d314e0ee8eb2a,rbpg-3e212e568f3d314e0ee8eb2a,rbpg-exec-a795a1d0cf114c8c8b14d235badf642d,572:train:d67_u11,0f27375fa97bb4f6401c36ea4fce0a8c,0,0,0,clean,0,not_invoked,,0,0,0.0,0.00030000046535860747,0.00019999970390927047,0.00270000055024866,0.002200000380980782,0.0075000007200287655
573,573,train:d67_u12,,,,,,never,3,0,0,0,0,0,rbpg-3e212e568f3d314e0ee8eb2a,rbpg-3e212e568f3d314e0ee8eb2a,rbpg-exec-a795a1d0cf114c8c8b14d235badf642d,573:train:d67_u12,4b2f802e6480d098854fdfec63dbfd88,0,0,0,clean,0,not_invoked,,0,0,0.0,0.00030000046535860747,0.000200001522898674,0.00270000055024866,0.002200000380980782,0.0073999999585794285
574,574,train:d67_u13,,,,,,never,3,0,0,0,0,0,rbpg-3e212e568f3d314e0ee8eb2a,rbpg-3e212e568f3d314e0ee8eb2a,rbpg-exec-a795a1d0cf114c8c8b14d235badf642d,574:train:d67_u13,7cff888dbdac55fd51d7566341a4d7bd,0,0,0,clean,0,not_invoked,,0,0,0.0,0.00030000046535860747,0.000100000761449337,0.00270000055024866,0.0022999993234407157,0.007300001016119495
575,575,train:d67_u14,,,,,,never,3,0,0,0,0,0,rbpg-3e212e568f3d314e0ee8eb2a,rbpg-3e212e568f3d314e0ee8eb2a,rbpg-exec-a795a1d0cf114c8c8b14d235badf642d,575:train:d67_u14,11c76ebbcae286d971d1b9468b677da4,0,0,0,clean,0,not_invoked,,0,0,0.0,0.0002999986463692039,0.00019999970390927047,0.0027999994927085936,0.002200000380980782,0.0073999999585794285
576,576,train:d67_u15,,,,,,never,3,0,0,0,0,0,rbpg-3e212e568f3d314e0ee8eb2a,rbpg-3e212e568f3d314e0ee8eb2a,rbpg-exec-a795a1d0cf114c8c8b14d235badf642d,576:train:d67_u15,280de6dca1df893db297a569cd165654,0,0,0,clean,0,not_invoked,,0,0,0.0,0.00030000046535860747,0.000200001522898674,0.00270000055024866,0.002200000380980782,0.007599999662488699
577,577,train:d68_u0,,,,,,never,3,0,0,0,0,0,rbpg-3e212e568f3d314e0ee8eb2a,rbpg-3e212e568f3d314e0ee8eb2a,rbpg-exec-a795a1d0cf114c8c8b14d235badf642d,577:train:d68_u0,74512fad73dd19c3f743a10ad4cc475d,0,0,0,clean,0,not_invoked,,0,0,0.0,0.0002999986463692039,9.999894245993346e-05,0.0027999994927085936,0.0022999993234407157,0.0075000007200287655
578,578,train:d68_u1,,,,,,never,3,0,0,0,0,0,rbpg-3e212e568f3d314e0ee8eb2a,rbpg-3e212e568f3d314e0ee8eb2a,rbpg-exec-a795a1d0cf114c8c8b14d235badf642d,578:train:d68_u1,8a8f5248112f35cc23bf3b6c7b97db37,0,0,0,clean,0,not_invoked,,0,0,0.0,0.0002999986463692039,0.00019999970390927047,0.002599999788799323,0.002200000380980782,0.0071999984356807545
579,579,train:d68_u2,,,,,,never,3,0,0,0,0,0,rbpg-3e212e568f3d314e0ee8eb2a,rbpg-3e212e568f3d314e0ee8eb2a,rbpg-exec-a795a1d0cf114c8c8b14d235badf642d,579:train:d68_u2,4c40d8bf618d862856ec2826e1d76417,0,0,0,clean,0,not_invoked,,0,0,0.0,0.00030000046535860747,0.00019999970390927047,0.0027999994927085936,0.002200000380980782,0.007599999662488699
580,580,train:d69_u0,,,,,,never,3,0,0,0,0,0,rbpg-3e212e568f3d314e0ee8eb2a,rbpg-3e212e568f3d314e0ee8eb2a,rbpg-exec-a795a1d0cf114c8c8b14d235badf642d,580:train:d69_u0,918b2a486aeb17ad5b99397c6601ff45,0,0,0,clean,0,not_invoked,,0,0,0.0,0.00030000046535860747,0.000200001522898674,0.00270000055024866,0.0022999993234407157,0.007300001016119495
581,581,train:d69_u1,,,,,,never,3,0,0,0,0,0,rbpg-3e212e568f3d314e0ee8eb2a,rbpg-3e212e568f3d314e0ee8eb2a,rbpg-exec-a795a1d0cf114c8c8b14d235badf642d,581:train:d69_u1,18c4893490b1a440526136cbdfa8766d,0,0,0,clean,0,not_invoked,,0,0,0.0,0.00030000046535860747,9.999894245993346e-05,0.002599999788799323,0.0021999985619913787,0.007200000254670158
582,582,train:d69_u2,,,,,,never,3,0,0,0,0,0,rbpg-3e212e568f3d314e0ee8eb2a,rbpg-3e212e568f3d314e0ee8eb2a,rbpg-exec-a795a1d0cf114c8c8b14d235badf642d,582:train:d69_u2,b29483ebdcfd8f8cd68b19133a761518,0,0,0,clean,0,not_invoked,,0,0,0.0,0.000200001522898674,0.000200001522898674,0.0029000002541579306,0.0022999993234407157,0.007599999662488699
583,583,train:d69_u4,,,,,,never,3,0,0,0,0,0,rbpg-3e212e568f3d314e0ee8eb2a,rbpg-3e212e568f3d314e0ee8eb2a,rbpg-exec-a795a1d0cf114c8c8b14d235badf642d,583:train:d69_u4,eb70ab0cd2f94331db346288c473cd1f,0,0,0,clean,0,not_invoked,,0,0,0.0,0.00039999940781854093,0.000100000761449337,0.0031999989005271345,0.002499999027349986,0.014100000043981709
584,584,train:d69_u5,,,,,,never,3,0,0,0,0,0,rbpg-3e212e568f3d314e0ee8eb2a,rbpg-3e212e568f3d314e0ee8eb2a,rbpg-exec-a795a1d0cf114c8c8b14d235badf642d,584:train:d69_u5,a9916706e3a8410f6da2aa0db3dc5170,0,0,0,clean,0,not_invoked,,0,0,0.0,0.0002999986463692039,0.00019999970390927047,0.0026999987312592566,0.0022999993234407157,0.007300001016119495
585,585,train:d69_u6,,,,,,never,3,0,0,0,0,0,rbpg-3e212e568f3d314e0ee8eb2a,rbpg-3e212e568f3d314e0ee8eb2a,rbpg-exec-a795a1d0cf114c8c8b14d235badf642d,585:train:d69_u6,5685c8d4c027ce38c87b6e94e90285eb,0,0,0,clean,0,not_invoked,,0,0,0.0,0.00030000046535860747,0.000100000761449337,0.00270000055024866,0.002300001142430119,0.0073999999585794285
586,586,train:d70_u0,,,,,,never,3,0,0,0,0,0,rbpg-3e212e568f3d314e0ee8eb2a,rbpg-3e212e568f3d314e0ee8eb2a,rbpg-exec-a795a1d0cf114c8c8b14d235badf642d,586:train:d70_u0,7d3c486eb325f966fdf7533293f053dd,0,0,0,clean,0,not_invoked,,0,0,0.0,0.00030000046535860747,0.000100000761449337,0.0032999996619764715,0.002599999788799323,0.03870000000461005
587,587,train:d70_u1,,,,,,never,3,0,0,0,0,0,rbpg-3e212e568f3d314e0ee8eb2a,rbpg-3e212e568f3d314e0ee8eb2a,rbpg-exec-a795a1d0cf114c8c8b14d235badf642d,587:train:d70_u1,aa97ea5871c477a2dde01e0dffbcebf6,0,0,0,clean,0,not_invoked,,0,0,0.0,0.00030000046535860747,0.000100000761449337,0.003200000719516538,0.00270000055024866,0.008500001058564521
588,588,train:d70_u2,,,,,,never,3,0,0,0,0,0,rbpg-3e212e568f3d314e0ee8eb2a,rbpg-3e212e568f3d314e0ee8eb2a,rbpg-exec-a795a1d0cf114c8c8b14d235badf642d,588:train:d70_u2,9efaf00a268e4fe1d4cdd8474a0f0fc4,0,0,0,clean,0,not_invoked,,0,0,0.0,0.0004000012268079445,0.000200001522898674,0.003099999958067201,0.0026999987312592566,0.008499999239575118
589,589,train:d70_u3,,,,,,never,3,0,0,0,0,0,rbpg-3e212e568f3d314e0ee8eb2a,rbpg-3e212e568f3d314e0ee8eb2a,rbpg-exec-a795a1d0cf114c8c8b14d235badf642d,589:train:d70_u3,7bfc4b287c3a5c39bd9e3ff207b693a3,0,0,0,clean,0,not_invoked,,0,0,0.0,0.0002999986463692039,0.00019999970390927047,0.003099999958067201,0.002599999788799323,0.00839999847812578
590,590,train:d70_u4,,,,,,never,3,0,0,0,0,0,rbpg-3e212e568f3d314e0ee8eb2a,rbpg-3e212e568f3d314e0ee8eb2a,rbpg-exec-a795a1d0cf114c8c8b14d235badf642d,590:train:d70_u4,4d9978d10874bb030799c1e4f006ab91,0,0,0,clean,0,not_invoked,,0,0,0.0,0.00039999940781854093,0.00019999970390927047,0.0031999989005271345,0.002599999788799323,0.008400000297115184
591,591,train:d70_u5,,,,,,never,3,0,0,0,0,0,rbpg-3e212e568f3d314e0ee8eb2a,rbpg-3e212e568f3d314e0ee8eb2a,rbpg-exec-a795a1d0cf114c8c8b14d235badf642d,591:train:d70_u5,bff4fefdea0f5c4d098fff0b77ccfc0d,0,0,0,clean,0,not_invoked,,0,0,0.0,0.0002999986463692039,0.00019999970390927047,0.0030000010156072676,0.0026000016077887267,0.008400000297115184
592,592,train:d70_u6,,,,,,never,3,0,0,0,0,0,rbpg-3e212e568f3d314e0ee8eb2a,rbpg-3e212e568f3d314e0ee8eb2a,rbpg-exec-a795a1d0cf114c8c8b14d235badf642d,592:train:d70_u6,2a10ce8fdaac24cb2e759a8c8691a3bd,0,0,0,clean,0,not_invoked,,0,0,0.0,0.00039999940781854093,0.000100000761449337,0.0031999989005271345,0.002599999788799323,0.008400000297115184
593,593,train:d70_u7,,,,,,never,3,0,0,0,0,0,rbpg-3e212e568f3d314e0ee8eb2a,rbpg-3e212e568f3d314e0ee8eb2a,rbpg-exec-a795a1d0cf114c8c8b14d235badf642d,593:train:d70_u7,7083d0c36d985d6d1e2f509025a1ed34,0,0,0,clean,0,not_invoked,,0,0,0.0,0.00039999940781854093,0.00019999970390927047,0.003600000127335079,0.01680000059423037,0.02300000051036477
594,594,train:d70_u8,,,,,,never,3,0,0,0,0,0,rbpg-3e212e568f3d314e0ee8eb2a,rbpg-3e212e568f3d314e0ee8eb2a,rbpg-exec-a795a1d0cf114c8c8b14d235badf642d,594:train:d70_u8,4ac301a45f9efa7001a54b8cde3473ad,0,0,0,clean,0,not_invoked,,0,0,0.0,0.0004000012268079445,0.00019999970390927047,0.004600000465870835,0.0029000002541579306,0.03280000055383425
595,595,train:d71_u0,,,,,,never,3,0,0,0,0,0,rbpg-3e212e568f3d314e0ee8eb2a,rbpg-3e212e568f3d314e0ee8eb2a,rbpg-exec-a795a1d0cf114c8c8b14d235badf642d,595:train:d71_u0,50b84566cc2a93d821bd517eff1c415a,0,0,0,clean,0,not_invoked,,0,0,0.0,0.00039999940781854093,0.00019999970390927047,0.0032999996619764715,0.0029000002541579306,0.009100000170292333
596,596,train:d71_u1,,,,,,never,3,0,0,0,0,0,rbpg-3e212e568f3d314e0ee8eb2a,rbpg-3e212e568f3d314e0ee8eb2a,rbpg-exec-a795a1d0cf114c8c8b14d235badf642d,596:train:d71_u1,fd81406e57f64db005951d1537bfd5a2,0,0,0,clean,0,not_invoked,,0,0,0.0,0.00039999940781854093,0.00019999970390927047,0.003200000719516538,0.0029000002541579306,0.008999999408842996
597,597,train:d72_u0,,,,,,never,3,0,0,0,0,0,rbpg-3e212e568f3d314e0ee8eb2a,rbpg-3e212e568f3d314e0ee8eb2a,rbpg-exec-a795a1d0cf114c8c8b14d235badf642d,597:train:d72_u0,fbe46b7bdee5cd5d3ea53813a1f545a0,0,0,0,clean,0,not_invoked,,0,0,0.0,0.00030000046535860747,0.00019999970390927047,0.003700000888784416,0.0029000002541579306,0.009299999874201603
598,598,train:d72_u2,,,,,,never,3,0,0,0,0,0,rbpg-3e212e568f3d314e0ee8eb2a,rbpg-3e212e568f3d314e0ee8eb2a,rbpg-exec-a795a1d0cf114c8c8b14d235badf642d,598:train:d72_u2,4c5c23bda9ff565b0943af6697dd15ab,0,0,0,clean,0,not_invoked,,0,0,0.0,0.00030000046535860747,0.00019999970390927047,0.003099999958067201,0.00270000055024866,0.00839999847812578
599,599,train:d72_u4,,,,,,never,3,0,0,0,0,0,rbpg-3e212e568f3d314e0ee8eb2a,rbpg-3e212e568f3d314e0ee8eb2a,rbpg-exec-a795a1d0cf114c8c8b14d235badf642d,599:train:d72_u4,b04c194e97507d3f0c56e79e2d00f6d3,0,0,0,clean,0,not_invoked,,0,0,0.0,0.00030000046535860747,0.000200001522898674,0.003099999958067201,0.0026999987312592566,0.008400000297115184
600,600,train:d72_u5,,,,,,never,3,0,0,0,0,0,rbpg-3e212e568f3d314e0ee8eb2a,rbpg-3e212e568f3d314e0ee8eb2a,rbpg-exec-a795a1d0cf114c8c8b14d235badf642d,600:train:d72_u5,83ef7da520e46b88c2f221f8ed3a791d,0,0,0,clean,0,not_invoked,,0,0,0.0,0.00030000046535860747,0.000100000761449337,0.0027999994927085936,0.016199999663513154,0.021400001060101204
601,601,train:d72_u6,,,,,,never,3,0,0,0,0,0,rbpg-3e212e568f3d314e0ee8eb2a,rbpg-3e212e568f3d314e0ee8eb2a,rbpg-exec-a795a1d0cf114c8c8b14d235badf642d,601:train:d72_u6,b116036591503c389e891ee689c0eb19,0,0,0,clean,0,not_invoked,,0,0,0.0,0.0002999986463692039,0.0002999986463692039,0.0029000002541579306,0.0021999985619913787,0.0075000007200287655
602,602,train:d72_u7,,,,,,never,3,0,0,0,0,0,rbpg-3e212e568f3d314e0ee8eb2a,rbpg-3e212e568f3d314e0ee8eb2a,rbpg-exec-a795a1d0cf114c8c8b14d235badf642d,602:train:d72_u7,f4fd4261299b6efc82fd586a1a435711,0,0,0,clean,0,not_invoked,,0,0,0.0,0.0002999986463692039,0.00019999970390927047,0.0029000002541579306,0.002200000380980782,0.0073999999585794285
603,603,train:d73_u0,,,,,,never,3,0,0,0,0,0,rbpg-3e212e568f3d314e0ee8eb2a,rbpg-3e212e568f3d314e0ee8eb2a,rbpg-exec-a795a1d0cf114c8c8b14d235badf642d,603:train:d73_u0,44352e81f6606c6bc99fa8b2029cf494,0,0,0,clean,0,not_invoked,,0,0,0.0,0.00030000046535860747,9.999894245993346e-05,0.0025000008463393897,0.0022999993234407157,0.007099999493220821
604,604,train:d73_u1,,,,,,never,3,0,0,0,0,0,rbpg-3e212e568f3d314e0ee8eb2a,rbpg-3e212e568f3d314e0ee8eb2a,rbpg-exec-a795a1d0cf114c8c8b14d235badf642d,604:train:d73_u1,e7a953a47e66279fb613ae5b4438da78,0,0,0,clean,0,not_invoked,,0,0,0.0,0.00030000046535860747,0.000100000761449337,0.002599999788799323,0.002300001142430119,0.007200000254670158
605,605,train:d73_u2,,,,,,never,3,0,0,0,0,0,rbpg-3e212e568f3d314e0ee8eb2a,rbpg-3e212e568f3d314e0ee8eb2a,rbpg-exec-a795a1d0cf114c8c8b14d235badf642d,605:train:d73_u2,d730def6e1de1209f5829ced30e1d389,0,0,0,clean,0,not_invoked,,0,0,0.0,0.00030000046535860747,0.000200001522898674,0.002599999788799323,0.0022999993234407157,0.0075000007200287655
606,606,train:d73_u3,,,,,,never,3,0,0,0,0,0,rbpg-3e212e568f3d314e0ee8eb2a,rbpg-3e212e568f3d314e0ee8eb2a,rbpg-exec-a795a1d0cf114c8c8b14d235badf642d,606:train:d73_u3,648f6d5e810b14c687df91ab29c8c51e,0,0,0,clean,0,not_invoked,,0,0,0.0,0.0002999986463692039,9.999894245993346e-05,0.0026999987312592566,0.002300001142430119,0.007100001312210225
607,607,train:d73_u4,,,,,,never,3,0,0,0,0,0,rbpg-3e212e568f3d314e0ee8eb2a,rbpg-3e212e568f3d314e0ee8eb2a,rbpg-exec-a795a1d0cf114c8c8b14d235badf642d,607:train:d73_u4,e4f4988f290d3eaff8bbd3b725edd9a7,0,0,0,clean,0,not_invoked,,0,0,0.0,0.00039999940781854093,0.00019999970390927047,0.0030000010156072676,0.002200000380980782,0.0076000014814781025
608,608,train:d73_u5,,,,,,never,3,0,0,0,0,0,rbpg-3e212e568f3d314e0ee8eb2a,rbpg-3e212e568f3d314e0ee8eb2a,rbpg-exec-a795a1d0cf114c8c8b14d235badf642d,608:train:d73_u5,2b09e30eaad1918e1934bc0dd708280e,0,0,0,clean,0,not_invoked,,0,0,0.0,0.00030000046535860747,0.000100000761449337,0.00270000055024866,0.0022999993234407157,0.007200000254670158
609,609,train:d73_u7,,,,,,never,3,0,0,0,0,0,rbpg-3e212e568f3d314e0ee8eb2a,rbpg-3e212e568f3d314e0ee8eb2a,rbpg-exec-a795a1d0cf114c8c8b14d235badf642d,609:train:d73_u7,8340a3778b329beec95cacd92a8b5368,0,0,0,clean,0,not_invoked,,0,0,0.0,0.00030000046535860747,0.000100000761449337,0.002599999788799323,0.002200000380980782,0.007099999493220821
610,610,train:d73_u8,,,,,,never,3,0,0,0,0,0,rbpg-3e212e568f3d314e0ee8eb2a,rbpg-3e212e568f3d314e0ee8eb2a,rbpg-exec-a795a1d0cf114c8c8b14d235badf642d,610:train:d73_u8,2758b6d843e6c2fc3f7afd732d42b2aa,0,0,0,clean,0,not_invoked,,0,0,0.0,0.0002999986463692039,0.000100000761449337,0.002599999788799323,0.0022999993234407157,0.0072999991971300915
611,611,train:d73_u9,,,,,,never,3,0,0,0,0,0,rbpg-3e212e568f3d314e0ee8eb2a,rbpg-3e212e568f3d314e0ee8eb2a,rbpg-exec-a795a1d0cf114c8c8b14d235badf642d,611:train:d73_u9,11dffaa618d6e698ecb50ef5e6ae2a73,0,0,0,clean,0,not_invoked,,0,0,0.0,0.00030000046535860747,0.00019999970390927047,0.002599999788799323,0.002200000380980782,0.006999998731771484
612,612,train:d73_u11,,,,,,never,3,0,0,0,0,0,rbpg-3e212e568f3d314e0ee8eb2a,rbpg-3e212e568f3d314e0ee8eb2a,rbpg-exec-a795a1d0cf114c8c8b14d235badf642d,612:train:d73_u11,50c124e76b9c90fe4e01d6cfcc104105,0,0,0,clean,0,not_invoked,,0,0,0.0,0.00030000046535860747,0.00019999970390927047,0.00270000055024866,0.0021999985619913787,0.007200000254670158
613,613,train:d74_u0,,,,,,never,3,0,0,0,0,0,rbpg-3e212e568f3d314e0ee8eb2a,rbpg-3e212e568f3d314e0ee8eb2a,rbpg-exec-a795a1d0cf114c8c8b14d235badf642d,613:train:d74_u0,e068fd53ba7a131f805fc0d02dc0b7d2,0,0,0,clean,0,not_invoked,,0,0,0.0,0.00030000046535860747,0.00019999970390927047,0.002599999788799323,0.0021999985619913787,0.0070000005507608876
614,614,train:d74_u1,,,,,,never,3,0,0,0,0,0,rbpg-3e212e568f3d314e0ee8eb2a,rbpg-3e212e568f3d314e0ee8eb2a,rbpg-exec-a795a1d0cf114c8c8b14d235badf642d,614:train:d74_u1,9c63c7dd7f1fcf046b5b07b99067b937,0,0,0,clean,0,not_invoked,,0,0,0.0,0.00030000046535860747,0.00019999970390927047,0.00270000055024866,0.0022999993234407157,0.007099999493220821
615,615,train:d74_u2,,,,,,never,3,0,0,0,0,0,rbpg-3e212e568f3d314e0ee8eb2a,rbpg-3e212e568f3d314e0ee8eb2a,rbpg-exec-a795a1d0cf114c8c8b14d235badf642d,615:train:d74_u2,5ecb05dd86756d00c29d1288384746c6,0,0,0,clean,0,not_invoked,,0,0,0.0,0.00030000046535860747,0.00019999970390927047,0.00270000055024866,0.0022999993234407157,0.007100001312210225
616,616,train:d74_u3,,,,,,never,3,0,0,0,0,0,rbpg-3e212e568f3d314e0ee8eb2a,rbpg-3e212e568f3d314e0ee8eb2a,rbpg-exec-a795a1d0cf114c8c8b14d235badf642d,616:train:d74_u3,3404642548d3dbb587c4ad86a6b2ee7b,0,0,0,clean,0,not_invoked,,0,0,0.0,0.00030000046535860747,0.00019999970390927047,0.00270000055024866,0.002200000380980782,0.007200000254670158
617,617,train:d74_u5,,,,,,never,3,0,0,0,0,0,rbpg-3e212e568f3d314e0ee8eb2a,rbpg-3e212e568f3d314e0ee8eb2a,rbpg-exec-a795a1d0cf114c8c8b14d235badf642d,617:train:d74_u5,2414fe49288fa4c96c1152b812008cf5,0,0,0,clean,0,not_invoked,,0,0,0.0,0.0002999986463692039,9.999894245993346e-05,0.00270000055024866,0.0021999985619913787,0.0072999991971300915
618,618,train:d74_u6,,,,,,never,3,0,0,0,0,0,rbpg-3e212e568f3d314e0ee8eb2a,rbpg-3e212e568f3d314e0ee8eb2a,rbpg-exec-a795a1d0cf114c8c8b14d235badf642d,618:train:d74_u6,3bce7f260907dd12b9c51c609d2590c8,0,0,0,clean,0,not_invoked,,0,0,0.0,0.00030000046535860747,9.999894245993346e-05,0.002599999788799323,0.0024000000848900527,0.0072999991971300915
619,619,train:d75_u0,,,,,,never,3,0,0,0,0,0,rbpg-3e212e568f3d314e0ee8eb2a,rbpg-3e212e568f3d314e0ee8eb2a,rbpg-exec-a795a1d0cf114c8c8b14d235badf642d,619:train:d75_u0,ec50b92a00f1aa72468d85c723eaee26,0,0,0,clean,0,not_invoked,,0,0,0.0,0.00030000046535860747,0.000100000761449337,0.00270000055024866,0.002300001142430119,0.0072999991971300915
620,620,train:d76_u0,,,,,,never,3,0,0,0,0,0,rbpg-3e212e568f3d314e0ee8eb2a,rbpg-3e212e568f3d314e0ee8eb2a,rbpg-exec-a795a1d0cf114c8c8b14d235badf642d,620:train:d76_u0,206301d7cd2b9f29dc0430d2f7ff475d,0,0,0,clean,0,not_invoked,,0,0,0.0,0.00030000046535860747,0.000100000761449337,0.00270000055024866,0.0022999993234407157,0.007300001016119495
621,621,train:d76_u1,,,,,,never,3,0,0,0,0,0,rbpg-3e212e568f3d314e0ee8eb2a,rbpg-3e212e568f3d314e0ee8eb2a,rbpg-exec-a795a1d0cf114c8c8b14d235badf642d,621:train:d76_u1,99249ed55e09769fa1b7ee9b5f9f0761,0,0,0,clean,0,not_invoked,,0,0,0.0,0.00019999970390927047,0.000200001522898674,0.00270000055024866,0.002200000380980782,0.007200000254670158
622,622,train:d76_u2,,,,,,never,3,0,0,0,0,0,rbpg-3e212e568f3d314e0ee8eb2a,rbpg-3e212e568f3d314e0ee8eb2a,rbpg-exec-a795a1d0cf114c8c8b14d235badf642d,622:train:d76_u2,4e5a3bb898f8e3c8efdbb7922db2b8ea,0,0,0,clean,0,not_invoked,,0,0,0.0,0.0002999986463692039,0.00019999970390927047,0.0026999987312592566,0.0024000000848900527,0.007300001016119495
623,623,train:d76_u3,,,,,,never,3,0,0,0,0,0,rbpg-3e212e568f3d314e0ee8eb2a,rbpg-3e212e568f3d314e0ee8eb2a,rbpg-exec-a795a1d0cf114c8c8b14d235badf642d,623:train:d76_u3,819fab29de263c94367e42ea25e56ddf,0,0,0,clean,0,not_invoked,,0,0,0.0,0.00030000046535860747,0.000100000761449337,0.0026000016077887267,0.0024000000848900527,0.007300001016119495
624,624,train:d76_u4,,,,,,never,3,0,0,0,0,0,rbpg-3e212e568f3d314e0ee8eb2a,rbpg-3e212e568f3d314e0ee8eb2a,rbpg-exec-a795a1d0cf114c8c8b14d235badf642d,624:train:d76_u4,92c0370b4bcacadd6b23d77c54b1acd2,0,0,0,clean,0,not_invoked,,0,0,0.0,0.00030000046535860747,0.000100000761449337,0.002599999788799323,0.002200000380980782,0.007099999493220821
625,625,train:d76_u5,,,,,,never,3,0,0,0,0,0,rbpg-3e212e568f3d314e0ee8eb2a,rbpg-3e212e568f3d314e0ee8eb2a,rbpg-exec-a795a1d0cf114c8c8b14d235badf642d,625:train:d76_u5,f5ea4f52b18e62d57711363631ed4bf8,0,0,0,clean,0,not_invoked,,0,0,0.0,0.0002999986463692039,0.00019999970390927047,0.002599999788799323,0.002200000380980782,0.007099999493220821
626,626,train:d76_u6,,,,,,never,3,0,0,0,0,0,rbpg-3e212e568f3d314e0ee8eb2a,rbpg-3e212e568f3d314e0ee8eb2a,rbpg-exec-a795a1d0cf114c8c8b14d235badf642d,626:train:d76_u6,a22ae8bfa2fe427b638e1411c81ece21,0,0,0,clean,0,not_invoked,,0,0,0.0,0.00030000046535860747,0.000200001522898674,0.00270000055024866,0.002200000380980782,0.007099999493220821
627,627,train:d76_u7,,,,,,never,3,0,0,0,0,0,rbpg-3e212e568f3d314e0ee8eb2a,rbpg-3e212e568f3d314e0ee8eb2a,rbpg-exec-a795a1d0cf114c8c8b14d235badf642d,627:train:d76_u7,400cd931e7c3244538b8aa0c9f62d712,0,0,0,clean,0,not_invoked,,0,0,0.0,0.00030000046535860747,0.000100000761449337,0.002599999788799323,0.0022999993234407157,0.007200000254670158
628,628,train:d77_u0,,,,,,never,3,0,0,0,0,0,rbpg-3e212e568f3d314e0ee8eb2a,rbpg-3e212e568f3d314e0ee8eb2a,rbpg-exec-a795a1d0cf114c8c8b14d235badf642d,628:train:d77_u0,478c71253141d2ff325abbb605455a96,0,0,0,clean,0,not_invoked,,0,0,0.0,0.00030000046535860747,0.00019999970390927047,0.002599999788799323,0.002200000380980782,0.007200000254670158
629,629,train:d77_u1,,,,,,never,3,0,0,0,0,0,rbpg-3e212e568f3d314e0ee8eb2a,rbpg-3e212e568f3d314e0ee8eb2a,rbpg-exec-a795a1d0cf114c8c8b14d235badf642d,629:train:d77_u1,851b233c1f9fc0f3524c380c31c6c856,0,0,0,clean,0,not_invoked,,0,0,0.0,0.00030000046535860747,0.000100000761449337,0.002599999788799323,0.0022999993234407157,0.007099999493220821
630,630,train:d77_u2,,,,,,never,3,0,0,0,0,0,rbpg-3e212e568f3d314e0ee8eb2a,rbpg-3e212e568f3d314e0ee8eb2a,rbpg-exec-a795a1d0cf114c8c8b14d235badf642d,630:train:d77_u2,9912643c81d2e287a672dbe9430329a4,0,0,0,clean,0,not_invoked,,0,0,0.0,0.00030000046535860747,0.000200001522898674,0.00270000055024866,0.002200000380980782,0.007099999493220821
631,631,train:d77_u3,,,,,,never,3,0,0,0,0,0,rbpg-3e212e568f3d314e0ee8eb2a,rbpg-3e212e568f3d314e0ee8eb2a,rbpg-exec-a795a1d0cf114c8c8b14d235badf642d,631:train:d77_u3,82a372cbfaf2630650f293ce714b3208,0,0,0,clean,0,not_invoked,,0,0,0.0,0.00030000046535860747,0.00019999970390927047,0.002599999788799323,0.0022999993234407157,0.007099999493220821
632,632,train:d77_u4,,,,,,never,3,0,0,0,0,0,rbpg-3e212e568f3d314e0ee8eb2a,rbpg-3e212e568f3d314e0ee8eb2a,rbpg-exec-a795a1d0cf114c8c8b14d235badf642d,632:train:d77_u4,5512730638e1d70882256fe847c2dbd2,0,0,0,clean,0,not_invoked,,0,0,0.0,0.0002999986463692039,0.00019999970390927047,0.0026999987312592566,0.002200000380980782,0.007200000254670158
633,633,train:d78_u0,,,,,,never,3,0,0,0,0,0,rbpg-3e212e568f3d314e0ee8eb2a,rbpg-3e212e568f3d314e0ee8eb2a,rbpg-exec-a795a1d0cf114c8c8b14d235badf642d,633:train:d78_u0,c039a90a847854079156af31637c1423,0,0,0,clean,0,not_invoked,,0,0,0.0,0.0002999986463692039,9.999894245993346e-05,0.002599999788799323,0.002200000380980782,0.007099999493220821
634,634,train:d78_u1,,,,,,never,3,0,0,0,0,0,rbpg-3e212e568f3d314e0ee8eb2a,rbpg-3e212e568f3d314e0ee8eb2a,rbpg-exec-a795a1d0cf114c8c8b14d235badf642d,634:train:d78_u1,0267143dd198c14e7d024a623139cd45,0,0,0,clean,0,not_invoked,,0,0,0.0,0.00030000046535860747,0.00019999970390927047,0.00270000055024866,0.0022999993234407157,0.007300001016119495
635,635,train:d78_u2,,,,,,never,3,0,0,0,0,0,rbpg-3e212e568f3d314e0ee8eb2a,rbpg-3e212e568f3d314e0ee8eb2a,rbpg-exec-a795a1d0cf114c8c8b14d235badf642d,635:train:d78_u2,a24b80f0663c55b6cd2c052503416487,0,0,0,clean,0,not_invoked,,0,0,0.0,0.0002999986463692039,0.00019999970390927047,0.0026999987312592566,0.002200000380980782,0.007200000254670158
636,636,train:d78_u3,,,,,,never,3,0,0,0,0,0,rbpg-3e212e568f3d314e0ee8eb2a,rbpg-3e212e568f3d314e0ee8eb2a,rbpg-exec-a795a1d0cf114c8c8b14d235badf642d,636:train:d78_u3,350e6b643057101dfe9e8f722c7d1de0,0,0,0,clean,0,not_invoked,,0,0,0.0,0.0002999986463692039,0.00019999970390927047,0.00270000055024866,0.002300001142430119,0.0073999999585794285
637,637,train:d79_u0,,,,,,never,3,0,0,0,0,0,rbpg-3e212e568f3d314e0ee8eb2a,rbpg-3e212e568f3d314e0ee8eb2a,rbpg-exec-a795a1d0cf114c8c8b14d235badf642d,637:train:d79_u0,682978927d290cc9edfec9905742bcad,0,0,0,clean,0,not_invoked,,0,0,0.0,0.00030000046535860747,0.000100000761449337,0.002599999788799323,0.002200000380980782,0.007099999493220821
638,638,train:d79_u2,,,,,,never,3,0,0,0,0,0,rbpg-3e212e568f3d314e0ee8eb2a,rbpg-3e212e568f3d314e0ee8eb2a,rbpg-exec-a795a1d0cf114c8c8b14d235badf642d,638:train:d79_u2,3d27de2ff720d7c5c3ad8637a95f2c69,0,0,0,clean,0,not_invoked,,0,0,0.0,0.0002999986463692039,9.999894245993346e-05,0.002599999788799323,0.002200000380980782,0.007100001312210225
639,639,train:d79_u4,,,,,,never,3,0,0,0,0,0,rbpg-3e212e568f3d314e0ee8eb2a,rbpg-3e212e568f3d314e0ee8eb2a,rbpg-exec-a795a1d0cf114c8c8b14d235badf642d,639:train:d79_u4,9ff5ef83efec84fd795efebad38ced4e,0,0,0,clean,0,not_invoked,,0,0,0.0,0.0002999986463692039,0.00019999970390927047,0.0026999987312592566,0.002200000380980782,0.007200000254670158
640,640,train:d79_u6,,,,,,never,3,0,0,0,0,0,rbpg-3e212e568f3d314e0ee8eb2a,rbpg-3e212e568f3d314e0ee8eb2a,rbpg-exec-a795a1d0cf114c8c8b14d235badf642d,640:train:d79_u6,15b6afd1e5181b2bdeee1cb2b8155db4,0,0,0,clean,0,not_invoked,,0,0,0.0,0.00019999970390927047,0.00019999970390927047,0.002599999788799323,0.002300001142430119,0.007100001312210225
641,641,train:d79_u7,,,,,,never,3,0,0,0,0,0,rbpg-3e212e568f3d314e0ee8eb2a,rbpg-3e212e568f3d314e0ee8eb2a,rbpg-exec-a795a1d0cf114c8c8b14d235badf642d,641:train:d79_u7,9270b8f0facdb902259661d915999aba,0,0,0,clean,0,not_invoked,,0,0,0.0,0.00030000046535860747,0.000100000761449337,0.00270000055024866,0.0021999985619913787,0.007200000254670158
642,642,train:d80_u0,,,,,,never,3,0,0,0,0,0,rbpg-3e212e568f3d314e0ee8eb2a,rbpg-3e212e568f3d314e0ee8eb2a,rbpg-exec-a795a1d0cf114c8c8b14d235badf642d,642:train:d80_u0,7a75e5001736d9a0dc729736162ad386,0,0,0,clean,0,not_invoked,,0,0,0.0,0.00030000046535860747,0.00019999970390927047,0.00270000055024866,0.002200000380980782,0.007100001312210225
643,643,train:d80_u1,,,,,,never,3,0,0,0,0,0,rbpg-3e212e568f3d314e0ee8eb2a,rbpg-3e212e568f3d314e0ee8eb2a,rbpg-exec-a795a1d0cf114c8c8b14d235badf642d,643:train:d80_u1,e38005230e1aa8280e1cf338ead45b1d,0,0,0,clean,0,not_invoked,,0,0,0.0,0.00030000046535860747,0.000100000761449337,0.002599999788799323,0.0022999993234407157,0.007200000254670158
644,644,train:d80_u3,,,,,,never,3,0,0,0,0,0,rbpg-3e212e568f3d314e0ee8eb2a,rbpg-3e212e568f3d314e0ee8eb2a,rbpg-exec-a795a1d0cf114c8c8b14d235badf642d,644:train:d80_u3,501db19f085c91f784ab1d495855e9d2,0,0,0,clean,0,not_invoked,,0,0,0.0,0.00030000046535860747,0.00019999970390927047,0.002599999788799323,0.002200000380980782,0.007099999493220821
645,645,train:d80_u4,,,,,,never,3,0,0,0,0,0,rbpg-3e212e568f3d314e0ee8eb2a,rbpg-3e212e568f3d314e0ee8eb2a,rbpg-exec-a795a1d0cf114c8c8b14d235badf642d,645:train:d80_u4,5358ae7d250e25fd7f06f8fb16baa876,0,0,0,clean,0,not_invoked,,0,0,0.0,0.0002999986463692039,0.00019999970390927047,0.002599999788799323,0.002200000380980782,0.007200000254670158
646,646,train:d80_u5,,,,,,never,3,0,0,0,0,0,rbpg-3e212e568f3d314e0ee8eb2a,rbpg-3e212e568f3d314e0ee8eb2a,rbpg-exec-a795a1d0cf114c8c8b14d235badf642d,646:train:d80_u5,d243e2d8b03ac183160e62ed152cf476,0,0,0,clean,0,not_invoked,,0,0,0.0,0.0002999986463692039,0.00019999970390927047,0.002599999788799323,0.002300001142430119,0.0071999984356807545
647,647,train:d81_u0,,,,,,never,3,0,0,0,0,0,rbpg-3e212e568f3d314e0ee8eb2a,rbpg-3e212e568f3d314e0ee8eb2a,rbpg-exec-a795a1d0cf114c8c8b14d235badf642d,647:train:d81_u0,7b90799ed4d60164dca5b4f3c16abd9e,0,0,0,clean,0,not_invoked,,0,0,0.0,0.00030000046535860747,0.000100000761449337,0.00270000055024866,0.002200000380980782,0.007200000254670158
648,648,train:d81_u1,,,,,,never,3,0,0,0,0,0,rbpg-3e212e568f3d314e0ee8eb2a,rbpg-3e212e568f3d314e0ee8eb2a,rbpg-exec-a795a1d0cf114c8c8b14d235badf642d,648:train:d81_u1,411dcef795e2f85be1313a8780495fe1,0,0,0,clean,0,not_invoked,,0,0,0.0,0.0002999986463692039,0.00019999970390927047,0.002599999788799323,0.002200000380980782,0.007100001312210225
649,649,train:d81_u2,,,,,,never,3,0,0,0,0,0,rbpg-3e212e568f3d314e0ee8eb2a,rbpg-3e212e568f3d314e0ee8eb2a,rbpg-exec-a795a1d0cf114c8c8b14d235badf642d,649:train:d81_u2,0ad110d1d88f1d3e5050a3eea0a7364c,0,0,0,clean,0,not_invoked,,0,0,0.0,0.0002999986463692039,0.00019999970390927047,0.002599999788799323,0.002300001142430119,0.007200000254670158
650,650,train:d81_u3,,,,,,never,3,0,0,0,0,0,rbpg-3e212e568f3d314e0ee8eb2a,rbpg-3e212e568f3d314e0ee8eb2a,rbpg-exec-a795a1d0cf114c8c8b14d235badf642d,650:train:d81_u3,e921a9805b6e4b0c07976a604d54adc6,0,0,0,clean,0,not_invoked,,0,0,0.0,0.00030000046535860747,0.00019999970390927047,0.00270000055024866,0.002300001142430119,0.0072999991971300915
651,651,train:d81_u5,,,,,,never,3,0,0,0,0,0,rbpg-3e212e568f3d314e0ee8eb2a,rbpg-3e212e568f3d314e0ee8eb2a,rbpg-exec-a795a1d0cf114c8c8b14d235badf642d,651:train:d81_u5,a8d4f6c8fdf913feec9bd2c164fe9b3d,0,0,0,clean,0,not_invoked,,0,0,0.0,0.00030000046535860747,0.00019999970390927047,0.00270000055024866,0.0022999993234407157,0.007200000254670158
652,652,train:d81_u6,,,,,,never,3,0,0,0,0,0,rbpg-3e212e568f3d314e0ee8eb2a,rbpg-3e212e568f3d314e0ee8eb2a,rbpg-exec-a795a1d0cf114c8c8b14d235badf642d,652:train:d81_u6,6dffc83aaf2eace8f14981a8d724de8b,0,0,0,clean,0,not_invoked,,0,0,0.0,0.00030000046535860747,9.999894245993346e-05,0.00270000055024866,0.002200000380980782,0.0071999984356807545
653,653,train:d81_u8,,,,,,never,3,0,0,0,0,0,rbpg-3e212e568f3d314e0ee8eb2a,rbpg-3e212e568f3d314e0ee8eb2a,rbpg-exec-a795a1d0cf114c8c8b14d235badf642d,653:train:d81_u8,fa40cb796b3af5a0769c97e9ebd213bd,0,0,0,clean,0,not_invoked,,0,0,0.0,0.00030000046535860747,0.000100000761449337,0.002800001311697997,0.0024000000848900527,0.0075000007200287655
654,654,train:d81_u9,,,,,,never,3,0,0,0,0,0,rbpg-3e212e568f3d314e0ee8eb2a,rbpg-3e212e568f3d314e0ee8eb2a,rbpg-exec-a795a1d0cf114c8c8b14d235badf642d,654:train:d81_u9,51a2bf65698fe53be1a0eaba824b2b90,0,0,0,clean,0,not_invoked,,0,0,0.0,0.00030000046535860747,0.00019999970390927047,0.00270000055024866,0.002300001142430119,0.0072999991971300915
655,655,train:d81_u10,,,,,,never,3,0,0,0,0,0,rbpg-3e212e568f3d314e0ee8eb2a,rbpg-3e212e568f3d314e0ee8eb2a,rbpg-exec-a795a1d0cf114c8c8b14d235badf642d,655:train:d81_u10,cba29641385f6f41a5c5e94518be71d7,0,0,0,clean,0,not_invoked,,0,0,0.0,0.00030000046535860747,0.00019999970390927047,0.00270000055024866,0.002300001142430119,0.007300001016119495
656,656,train:d81_u11,,,,,,never,3,0,0,0,0,0,rbpg-3e212e568f3d314e0ee8eb2a,rbpg-3e212e568f3d314e0ee8eb2a,rbpg-exec-a795a1d0cf114c8c8b14d235badf642d,656:train:d81_u11,92dc7e46aa3479fbee61d78f4b7c89a4,0,0,0,clean,0,not_invoked,,0,0,0.0,0.0002999986463692039,0.00019999970390927047,0.00270000055024866,0.0022999993234407157,0.0073999999585794285
657,657,train:d81_u12,,,,,,never,3,0,0,0,0,0,rbpg-3e212e568f3d314e0ee8eb2a,rbpg-3e212e568f3d314e0ee8eb2a,rbpg-exec-a795a1d0cf114c8c8b14d235badf642d,657:train:d81_u12,bb2a687080592c1d3a40d0ecb389fc26,0,0,0,clean,0,not_invoked,,0,0,0.0,0.00030000046535860747,0.00019999970390927047,0.0026999987312592566,0.0022999993234407157,0.0073999999585794285
658,658,train:d81_u13,,,,,,never,3,0,0,0,0,0,rbpg-3e212e568f3d314e0ee8eb2a,rbpg-3e212e568f3d314e0ee8eb2a,rbpg-exec-a795a1d0cf114c8c8b14d235badf642d,658:train:d81_u13,eec7f7441da0d7b332c53fef0a953224,0,0,0,clean,0,not_invoked,,0,0,0.0,0.00030000046535860747,0.00019999970390927047,0.0027999994927085936,0.0022999993234407157,0.0073999999585794285
659,659,train:d81_u14,,,,,,never,3,0,0,0,0,0,rbpg-3e212e568f3d314e0ee8eb2a,rbpg-3e212e568f3d314e0ee8eb2a,rbpg-exec-a795a1d0cf114c8c8b14d235badf642d,659:train:d81_u14,0cfbd3924773903cc71aeb2a186f1fa1,0,0,0,clean,0,not_invoked,,0,0,0.0,0.00030000046535860747,0.000200001522898674,0.002599999788799323,0.002200000380980782,0.007200000254670158
660,660,train:d81_u15,,,,,,never,3,0,0,0,0,0,rbpg-3e212e568f3d314e0ee8eb2a,rbpg-3e212e568f3d314e0ee8eb2a,rbpg-exec-a795a1d0cf114c8c8b14d235badf642d,660:train:d81_u15,2070900d71e6b844258ddbffd1ed196b,0,0,0,clean,0,not_invoked,,0,0,0.0,0.00030000046535860747,0.000100000761449337,0.002599999788799323,0.0022999993234407157,0.0072999991971300915
661,661,train:d82_u0,,,,,,never,3,0,0,0,0,0,rbpg-3e212e568f3d314e0ee8eb2a,rbpg-3e212e568f3d314e0ee8eb2a,rbpg-exec-a795a1d0cf114c8c8b14d235badf642d,661:train:d82_u0,e28264873ca52f4cd365fc2eaa40f126,0,0,0,clean,0,not_invoked,,0,0,0.0,0.0002999986463692039,9.999894245993346e-05,0.0027999994927085936,0.0022999993234407157,0.0072999991971300915
662,662,train:d82_u1,,,,,,never,3,0,0,0,0,0,rbpg-3e212e568f3d314e0ee8eb2a,rbpg-3e212e568f3d314e0ee8eb2a,rbpg-exec-a795a1d0cf114c8c8b14d235badf642d,662:train:d82_u1,db08c732862460342c4bb510ff7fc8ca,0,0,0,clean,0,not_invoked,,0,0,0.0,0.00030000046535860747,0.000100000761449337,0.00270000055024866,0.0021999985619913787,0.007200000254670158
663,663,train:d82_u2,,,,,,never,3,0,0,0,0,0,rbpg-3e212e568f3d314e0ee8eb2a,rbpg-3e212e568f3d314e0ee8eb2a,rbpg-exec-a795a1d0cf114c8c8b14d235badf642d,663:train:d82_u2,094cbfb535e0ba0ff036608374afb8ef,0,0,0,clean,0,not_invoked,,0,0,0.0,0.00030000046535860747,9.999894245993346e-05,0.00270000055024866,0.002200000380980782,0.0072999991971300915
664,664,train:d82_u4,,,,,,never,3,0,0,0,0,0,rbpg-3e212e568f3d314e0ee8eb2a,rbpg-3e212e568f3d314e0ee8eb2a,rbpg-exec-a795a1d0cf114c8c8b14d235badf642d,664:train:d82_u4,a237c24a0a0828aaf4445bd4767e7d86,0,0,0,clean,0,not_invoked,,0,0,0.0,0.00019999970390927047,0.00019999970390927047,0.002599999788799323,0.0022999993234407157,0.007200000254670158
665,665,train:d82_u5,,,,,,never,3,0,0,0,0,0,rbpg-3e212e568f3d314e0ee8eb2a,rbpg-3e212e568f3d314e0ee8eb2a,rbpg-exec-a795a1d0cf114c8c8b14d235badf642d,665:train:d82_u5,f756eedbd046fa8cd06bee1c6e917dac,0,0,0,clean,0,not_invoked,,0,0,0.0,0.00030000046535860747,0.00019999970390927047,0.00270000055024866,0.002200000380980782,0.007200000254670158
666,666,train:d82_u7,,,,,,never,3,0,0,0,0,0,rbpg-3e212e568f3d314e0ee8eb2a,rbpg-3e212e568f3d314e0ee8eb2a,rbpg-exec-a795a1d0cf114c8c8b14d235badf642d,666:train:d82_u7,36a3252718bbfeca42a7afa4d13c8ea8,0,0,0,clean,0,not_invoked,,0,0,0.0,0.00030000046535860747,0.00019999970390927047,0.002599999788799323,0.0022999993234407157,0.0071999984356807545
667,667,train:d82_u10,,,,,,never,3,0,0,0,0,0,rbpg-3e212e568f3d314e0ee8eb2a,rbpg-3e212e568f3d314e0ee8eb2a,rbpg-exec-a795a1d0cf114c8c8b14d235badf642d,667:train:d82_u10,7fbe24eea63a9ecc51f3a26614968708,0,0,0,clean,0,not_invoked,,0,0,0.0,0.0002999986463692039,0.000100000761449337,0.0026999987312592566,0.002200000380980782,0.007200000254670158
668,668,train:d82_u11,,,,,,never,3,0,0,0,0,0,rbpg-3e212e568f3d314e0ee8eb2a,rbpg-3e212e568f3d314e0ee8eb2a,rbpg-exec-a795a1d0cf114c8c8b14d235badf642d,668:train:d82_u11,02cd3a69a857758c46daf957eb62a089,0,0,0,clean,0,not_invoked,,0,0,0.0,0.00030000046535860747,0.00019999970390927047,0.00270000055024866,0.002300001142430119,0.0072999991971300915
669,669,train:d83_u0,,,,,,never,3,0,0,0,0,0,rbpg-3e212e568f3d314e0ee8eb2a,rbpg-3e212e568f3d314e0ee8eb2a,rbpg-exec-a795a1d0cf114c8c8b14d235badf642d,669:train:d83_u0,73a7429ec1d23205986ce346e367269b,0,0,0,clean,0,not_invoked,,0,0,0.0,0.00030000046535860747,0.000100000761449337,0.00270000055024866,0.002200000380980782,0.0072999991971300915
670,670,train:d83_u1,,,,,,never,3,0,0,0,0,0,rbpg-3e212e568f3d314e0ee8eb2a,rbpg-3e212e568f3d314e0ee8eb2a,rbpg-exec-a795a1d0cf114c8c8b14d235badf642d,670:train:d83_u1,31f843a4a28cbd33bece3084bc810dec,0,0,0,clean,0,not_invoked,,0,0,0.0,0.0002999986463692039,9.999894245993346e-05,0.002599999788799323,0.002200000380980782,0.007100001312210225
671,671,train:d83_u2,,,,,,never,3,0,0,0,0,0,rbpg-3e212e568f3d314e0ee8eb2a,rbpg-3e212e568f3d314e0ee8eb2a,rbpg-exec-a795a1d0cf114c8c8b14d235badf642d,671:train:d83_u2,12fee4a64d740849db91f40a98e92594,0,0,0,clean,0,not_invoked,,0,0,0.0,0.0002999986463692039,9.999894245993346e-05,0.002599999788799323,0.002200000380980782,0.007100001312210225
672,672,train:d83_u3,,,,,,never,3,0,0,0,0,0,rbpg-3e212e568f3d314e0ee8eb2a,rbpg-3e212e568f3d314e0ee8eb2a,rbpg-exec-a795a1d0cf114c8c8b14d235badf642d,672:train:d83_u3,91387b43072f54802098483ceae7012f,0,0,0,clean,0,not_invoked,,0,0,0.0,0.00030000046535860747,0.000100000761449337,0.002599999788799323,0.0021999985619913787,0.007099999493220821
673,673,train:d84_u1,,,,,,never,3,0,0,0,0,0,rbpg-3e212e568f3d314e0ee8eb2a,rbpg-3e212e568f3d314e0ee8eb2a,rbpg-exec-a795a1d0cf114c8c8b14d235badf642d,673:train:d84_u1,a70f8252f6b6d37c1ac1a81333e7fded,0,0,0,clean,0,not_invoked,,0,0,0.0,0.00030000046535860747,9.999894245993346e-05,0.002599999788799323,0.0022999993234407157,0.007200000254670158
674,674,train:d84_u2,,,,,,never,3,0,0,0,0,0,rbpg-3e212e568f3d314e0ee8eb2a,rbpg-3e212e568f3d314e0ee8eb2a,rbpg-exec-a795a1d0cf114c8c8b14d235badf642d,674:train:d84_u2,68e90aa7d24755f102c6885056fd68cc,0,0,0,clean,0,not_invoked,,0,0,0.0,0.00039999940781854093,9.999894245993346e-05,0.0036999990697950125,0.002499999027349986,0.008799999704933725
675,675,train:d84_u3,,,,,,never,3,0,0,0,0,0,rbpg-3e212e568f3d314e0ee8eb2a,rbpg-3e212e568f3d314e0ee8eb2a,rbpg-exec-a795a1d0cf114c8c8b14d235badf642d,675:train:d84_u3,35a5b578aea98612752911b20d6ff6b6,0,0,0,clean,0,not_invoked,,0,0,0.0,0.00030000046535860747,0.00019999970390927047,0.0027999994927085936,0.0022999993234407157,0.0073999999585794285
676,676,train:d84_u4,,,,,,never,3,0,0,0,0,0,rbpg-3e212e568f3d314e0ee8eb2a,rbpg-3e212e568f3d314e0ee8eb2a,rbpg-exec-a795a1d0cf114c8c8b14d235badf642d,676:train:d84_u4,71339d29650c83058de03375e4d4875f,0,0,0,clean,0,not_invoked,,0,0,0.0,0.00030000046535860747,0.00019999970390927047,0.002599999788799323,0.0022999993234407157,0.007200000254670158
677,677,train:d84_u5,,,,,,never,3,0,0,0,0,0,rbpg-3e212e568f3d314e0ee8eb2a,rbpg-3e212e568f3d314e0ee8eb2a,rbpg-exec-a795a1d0cf114c8c8b14d235badf642d,677:train:d84_u5,be7a0419db0bdeaa9e815423d203d2f8,0,0,0,clean,0,not_invoked,,0,0,0.0,0.00030000046535860747,0.00019999970390927047,0.00270000055024866,0.0022999993234407157,0.007300001016119495
678,678,train:d84_u6,,,,,,never,3,0,0,0,0,0,rbpg-3e212e568f3d314e0ee8eb2a,rbpg-3e212e568f3d314e0ee8eb2a,rbpg-exec-a795a1d0cf114c8c8b14d235badf642d,678:train:d84_u6,c03513e0b3a74b967b0d407c0c520bde,0,0,0,clean,0,not_invoked,,0,0,0.0,0.0002999986463692039,0.00019999970390927047,0.002599999788799323,0.0024000000848900527,0.0072999991971300915
679,679,train:d85_u0,,,,,,never,3,0,0,0,0,0,rbpg-3e212e568f3d314e0ee8eb2a,rbpg-3e212e568f3d314e0ee8eb2a,rbpg-exec-a795a1d0cf114c8c8b14d235badf642d,679:train:d85_u0,352f39cb1e7b04c6874c17a43bbfc47b,0,0,0,clean,0,not_invoked,,0,0,0.0,0.00019999970390927047,9.999894245993346e-05,0.002599999788799323,0.0022999993234407157,0.007300001016119495
680,680,train:d85_u1,,,,,,never,3,0,0,0,0,0,rbpg-3e212e568f3d314e0ee8eb2a,rbpg-3e212e568f3d314e0ee8eb2a,rbpg-exec-a795a1d0cf114c8c8b14d235badf642d,680:train:d85_u1,9e3ad46624f16550090052ff9746e61c,0,0,0,clean,0,not_invoked,,0,0,0.0,0.00030000046535860747,9.999894245993346e-05,0.00270000055024866,0.0024000000848900527,0.0073999999585794285
681,681,train:d85_u2,,,,,,never,3,0,0,0,0,0,rbpg-3e212e568f3d314e0ee8eb2a,rbpg-3e212e568f3d314e0ee8eb2a,rbpg-exec-a795a1d0cf114c8c8b14d235badf642d,681:train:d85_u2,b33330060a795494f18211605673d5cd,0,0,0,clean,0,not_invoked,,0,0,0.0,0.00019999970390927047,0.00019999970390927047,0.002599999788799323,0.0024000000848900527,0.0072999991971300915
682,682,train:d85_u3,,,,,,never,3,0,0,0,0,0,rbpg-3e212e568f3d314e0ee8eb2a,rbpg-3e212e568f3d314e0ee8eb2a,rbpg-exec-a795a1d0cf114c8c8b14d235badf642d,682:train:d85_u3,77ebd7ba3ebceb745492244bf4b174d6,0,0,0,clean,0,not_invoked,,0,0,0.0,0.00030000046535860747,0.000100000761449337,0.00270000055024866,0.0024000000848900527,0.007300001016119495
683,683,train:d85_u4,,,,,,never,3,0,0,0,0,0,rbpg-3e212e568f3d314e0ee8eb2a,rbpg-3e212e568f3d314e0ee8eb2a,rbpg-exec-a795a1d0cf114c8c8b14d235badf642d,683:train:d85_u4,44a0b8f22109c2caa25bc7747f6aebfd,0,0,0,clean,0,not_invoked,,0,0,0.0,0.00030000046535860747,0.00019999970390927047,0.0026999987312592566,0.002200000380980782,0.0073999999585794285
684,684,train:d86_u0,,,,,,never,3,0,0,0,0,0,rbpg-3e212e568f3d314e0ee8eb2a,rbpg-3e212e568f3d314e0ee8eb2a,rbpg-exec-a795a1d0cf114c8c8b14d235badf642d,684:train:d86_u0,2bb2870a72c0eb0f182703eadf5a7097,0,0,0,clean,0,not_invoked,,0,0,0.0,0.00030000046535860747,0.00019999970390927047,0.002599999788799323,0.0022999993234407157,0.007200000254670158
685,685,train:d86_u1,,,,,,never,3,0,0,0,0,0,rbpg-3e212e568f3d314e0ee8eb2a,rbpg-3e212e568f3d314e0ee8eb2a,rbpg-exec-a795a1d0cf114c8c8b14d235badf642d,685:train:d86_u1,60279047e3431d04dd3a9c8e39a0e03e,0,0,0,clean,0,not_invoked,,0,0,0.0,0.00030000046535860747,0.000100000761449337,0.002599999788799323,0.002300001142430119,0.007200000254670158
686,686,train:d86_u3,,,,,,never,3,0,0,0,0,0,rbpg-3e212e568f3d314e0ee8eb2a,rbpg-3e212e568f3d314e0ee8eb2a,rbpg-exec-a795a1d0cf114c8c8b14d235badf642d,686:train:d86_u3,31a2670ad9cedf2f460030b66cf5a52c,0,0,0,clean,0,not_invoked,,0,0,0.0,0.0002999986463692039,9.999894245993346e-05,0.0026999987312592566,0.002200000380980782,0.007200000254670158
687,687,train:d86_u4,,,,,,never,3,0,0,0,0,0,rbpg-3e212e568f3d314e0ee8eb2a,rbpg-3e212e568f3d314e0ee8eb2a,rbpg-exec-a795a1d0cf114c8c8b14d235badf642d,687:train:d86_u4,ef5ce5dd16da1e9ec0fcaac3d4613d46,0,0,0,clean,0,not_invoked,,0,0,0.0,0.00030000046535860747,0.00019999970390927047,0.00270000055024866,0.0022999993234407157,0.007300001016119495
688,688,train:d86_u6,,,,,,never,3,0,0,0,0,0,rbpg-3e212e568f3d314e0ee8eb2a,rbpg-3e212e568f3d314e0ee8eb2a,rbpg-exec-a795a1d0cf114c8c8b14d235badf642d,688:train:d86_u6,e062fa49c07fea85551c4eb86a1f39cd,0,0,0,clean,0,not_invoked,,0,0,0.0,0.00030000046535860747,0.00019999970390927047,0.0026000016077887267,0.002200000380980782,0.007100001312210225
689,689,train:d86_u7,,,,,,never,3,0,0,0,0,0,rbpg-3e212e568f3d314e0ee8eb2a,rbpg-3e212e568f3d314e0ee8eb2a,rbpg-exec-a795a1d0cf114c8c8b14d235badf642d,689:train:d86_u7,9d60d141d2868ed854acf7f23da5c053,0,0,0,clean,0,not_invoked,,0,0,0.0,0.0002999986463692039,9.999894245993346e-05,0.0026999987312592566,0.0022999993234407157,0.007300001016119495
690,690,train:d86_u8,,,,,,never,3,0,0,0,0,0,rbpg-3e212e568f3d314e0ee8eb2a,rbpg-3e212e568f3d314e0ee8eb2a,rbpg-exec-a795a1d0cf114c8c8b14d235badf642d,690:train:d86_u8,ab1a9b473c331ecf11638e7f5c3b648d,0,0,0,clean,0,not_invoked,,0,0,0.0,0.00030000046535860747,0.000100000761449337,0.002599999788799323,0.002200000380980782,0.007099999493220821
691,691,train:d86_u9,,,,,,never,3,0,0,0,0,0,rbpg-3e212e568f3d314e0ee8eb2a,rbpg-3e212e568f3d314e0ee8eb2a,rbpg-exec-a795a1d0cf114c8c8b14d235badf642d,691:train:d86_u9,0cc38365353b350b83c2a90888721e99,0,0,0,clean,0,not_invoked,,0,0,0.0,0.00030000046535860747,0.00019999970390927047,0.002599999788799323,0.002300001142430119,0.0072999991971300915
692,692,train:d86_u10,,,,,,never,3,0,0,0,0,0,rbpg-3e212e568f3d314e0ee8eb2a,rbpg-3e212e568f3d314e0ee8eb2a,rbpg-exec-a795a1d0cf114c8c8b14d235badf642d,692:train:d86_u10,ac3685ef29d63fe0735ac74c48391c9b,0,0,0,clean,0,not_invoked,,0,0,0.0,0.00030000046535860747,0.00019999970390927047,0.002599999788799323,0.002200000380980782,0.007200000254670158
693,693,train:d87_u0,,,,,,never,3,0,0,0,0,0,rbpg-3e212e568f3d314e0ee8eb2a,rbpg-3e212e568f3d314e0ee8eb2a,rbpg-exec-a795a1d0cf114c8c8b14d235badf642d,693:train:d87_u0,d2b7b3edfa95e564b06ac746b2660103,0,0,0,clean,0,not_invoked,,0,0,0.0,0.00030000046535860747,0.00019999970390927047,0.002599999788799323,0.0022999993234407157,0.007099999493220821
694,694,train:d87_u1,,,,,,never,3,0,0,0,0,0,rbpg-3e212e568f3d314e0ee8eb2a,rbpg-3e212e568f3d314e0ee8eb2a,rbpg-exec-a795a1d0cf114c8c8b14d235badf642d,694:train:d87_u1,a326e3c31e820cad80e21dc276b2b1d7,0,0,0,clean,0,not_invoked,,0,0,0.0,0.0002999986463692039,0.00019999970390927047,0.0026999987312592566,0.0022999993234407157,0.007300001016119495
695,695,train:d87_u2,,,,,,never,3,0,0,0,0,0,rbpg-3e212e568f3d314e0ee8eb2a,rbpg-3e212e568f3d314e0ee8eb2a,rbpg-exec-a795a1d0cf114c8c8b14d235badf642d,695:train:d87_u2,c25e0d7f8e08819357cb62922a0f0c48,0,0,0,clean,0,not_invoked,,0,0,0.0,0.00030000046535860747,0.000100000761449337,0.00270000055024866,0.0021999985619913787,0.007200000254670158
696,696,train:d87_u3,,,,,,never,3,0,0,0,0,0,rbpg-3e212e568f3d314e0ee8eb2a,rbpg-3e212e568f3d314e0ee8eb2a,rbpg-exec-a795a1d0cf114c8c8b14d235badf642d,696:train:d87_u3,20bd89063aa5fb878284beb5e6180b33,0,0,0,clean,0,not_invoked,,0,0,0.0,0.00030000046535860747,0.000100000761449337,0.002599999788799323,0.0022999993234407157,0.007200000254670158
697,697,train:d87_u4,,,,,,never,3,0,0,0,0,0,rbpg-3e212e568f3d314e0ee8eb2a,rbpg-3e212e568f3d314e0ee8eb2a,rbpg-exec-a795a1d0cf114c8c8b14d235badf642d,697:train:d87_u4,894a4895d0c622689a03aef3d7ddba51,0,0,0,clean,0,not_invoked,,0,0,0.0,0.0002999986463692039,0.00019999970390927047,0.0026999987312592566,0.002200000380980782,0.007200000254670158
698,698,train:d87_u5,,,,,,never,3,0,0,0,0,0,rbpg-3e212e568f3d314e0ee8eb2a,rbpg-3e212e568f3d314e0ee8eb2a,rbpg-exec-a795a1d0cf114c8c8b14d235badf642d,698:train:d87_u5,773c855f106d018712bc737b32dffafa,0,0,0,clean,0,not_invoked,,0,0,0.0,0.0002999986463692039,0.00019999970390927047,0.0027999994927085936,0.0021999985619913787,0.0072999991971300915
699,699,train:d87_u6,,,,,,never,3,0,0,0,0,0,rbpg-3e212e568f3d314e0ee8eb2a,rbpg-3e212e568f3d314e0ee8eb2a,rbpg-exec-a795a1d0cf114c8c8b14d235badf642d,699:train:d87_u6,bf6795482ea0b706a2657a508c43c15a,0,0,0,clean,0,not_invoked,,0,0,0.0,0.00030000046535860747,0.00019999970390927047,0.00270000055024866,0.0022999993234407157,0.007300001016119495
700,700,train:d87_u7,,,,,,never,3,0,0,0,0,0,rbpg-3e212e568f3d314e0ee8eb2a,rbpg-3e212e568f3d314e0ee8eb2a,rbpg-exec-a795a1d0cf114c8c8b14d235badf642d,700:train:d87_u7,564bd027046d5265653c374aa2f14cce,0,0,0,clean,0,not_invoked,,0,0,0.0,0.0002999986463692039,0.00019999970390927047,0.0027999994927085936,0.002300001142430119,0.0073999999585794285
701,701,train:d87_u8,,,,,,never,3,0,0,0,0,0,rbpg-3e212e568f3d314e0ee8eb2a,rbpg-3e212e568f3d314e0ee8eb2a,rbpg-exec-a795a1d0cf114c8c8b14d235badf642d,701:train:d87_u8,47ee1337f764af0b6d95f3c9c03a00ec,0,0,0,clean,0,not_invoked,,0,0,0.0,0.00030000046535860747,9.999894245993346e-05,0.00270000055024866,0.002200000380980782,0.007200000254670158
702,702,train:d87_u9,,,,,,never,3,0,0,0,0,0,rbpg-3e212e568f3d314e0ee8eb2a,rbpg-3e212e568f3d314e0ee8eb2a,rbpg-exec-a795a1d0cf114c8c8b14d235badf642d,702:train:d87_u9,e7b949ea0497adc20822269b8b2d3cf5,0,0,0,clean,0,not_invoked,,0,0,0.0,0.00030000046535860747,0.000200001522898674,0.00270000055024866,0.002200000380980782,0.007200000254670158
703,703,train:d88_u0,,,,,,never,3,0,0,0,0,0,rbpg-3e212e568f3d314e0ee8eb2a,rbpg-3e212e568f3d314e0ee8eb2a,rbpg-exec-a795a1d0cf114c8c8b14d235badf642d,703:train:d88_u0,3bec15bd7595f520a49993aed9347e80,0,0,0,clean,0,not_invoked,,0,0,0.0,0.00030000046535860747,0.00019999970390927047,0.00270000055024866,0.002300001142430119,0.0072999991971300915
704,704,train:d88_u1,,,,,,never,3,0,0,0,0,0,rbpg-3e212e568f3d314e0ee8eb2a,rbpg-3e212e568f3d314e0ee8eb2a,rbpg-exec-a795a1d0cf114c8c8b14d235badf642d,704:train:d88_u1,a808d315a2a2c11101894ec132f2f1ad,0,0,0,clean,0,not_invoked,,0,0,0.0,0.0002999986463692039,0.00019999970390927047,0.0026999987312592566,0.0022999993234407157,0.0073999999585794285
705,705,train:d88_u2,,,,,,never,3,0,0,0,0,0,rbpg-3e212e568f3d314e0ee8eb2a,rbpg-3e212e568f3d314e0ee8eb2a,rbpg-exec-a795a1d0cf114c8c8b14d235badf642d,705:train:d88_u2,8aa3936f9c4b1cdfc6c55be0a8a013a8,0,0,0,clean,0,not_invoked,,0,0,0.0,0.00030000046535860747,0.00019999970390927047,0.0027999994927085936,0.0022999993234407157,0.0072999991971300915
706,706,train:d88_u3,,,,,,never,3,0,0,0,0,0,rbpg-3e212e568f3d314e0ee8eb2a,rbpg-3e212e568f3d314e0ee8eb2a,rbpg-exec-a795a1d0cf114c8c8b14d235badf642d,706:train:d88_u3,d3093a7583ab9a4641e635c80bc741b9,0,0,0,clean,0,not_invoked,,0,0,0.0,0.00030000046535860747,0.00019999970390927047,0.00270000055024866,0.0022999993234407157,0.007300001016119495
707,707,train:d89_u0,,,,,,never,3,0,0,0,0,0,rbpg-3e212e568f3d314e0ee8eb2a,rbpg-3e212e568f3d314e0ee8eb2a,rbpg-exec-a795a1d0cf114c8c8b14d235badf642d,707:train:d89_u0,7aff7db45cb2f89369827df583b7dc93,0,0,0,clean,0,not_invoked,,0,0,0.0,0.00030000046535860747,0.00019999970390927047,0.002599999788799323,0.002200000380980782,0.007200000254670158
708,708,train:d89_u1,,,,,,never,3,0,0,0,0,0,rbpg-3e212e568f3d314e0ee8eb2a,rbpg-3e212e568f3d314e0ee8eb2a,rbpg-exec-a795a1d0cf114c8c8b14d235badf642d,708:train:d89_u1,28fe5a466147cd2be754c0cf4b0115aa,0,0,0,clean,0,not_invoked,,0,0,0.0,0.0002999986463692039,0.00019999970390927047,0.0026999987312592566,0.002200000380980782,0.0071999984356807545
709,709,train:d89_u2,,,,,,never,3,0,0,0,0,0,rbpg-3e212e568f3d314e0ee8eb2a,rbpg-3e212e568f3d314e0ee8eb2a,rbpg-exec-a795a1d0cf114c8c8b14d235badf642d,709:train:d89_u2,330e20390ce212c9110556f27fdc2e30,0,0,0,clean,0,not_invoked,,0,0,0.0,0.00030000046535860747,0.00019999970390927047,0.00270000055024866,0.0024000000848900527,0.007200000254670158
710,710,train:d89_u4,,,,,,never,3,0,0,0,0,0,rbpg-3e212e568f3d314e0ee8eb2a,rbpg-3e212e568f3d314e0ee8eb2a,rbpg-exec-a795a1d0cf114c8c8b14d235badf642d,710:train:d89_u4,3c2c972f15574d386e1e9fde63ca8849,0,0,0,clean,0,not_invoked,,0,0,0.0,0.00019999970390927047,0.000100000761449337,0.002599999788799323,0.002200000380980782,0.007200000254670158
711,711,train:d89_u5,,,,,,never,3,0,0,0,0,0,rbpg-3e212e568f3d314e0ee8eb2a,rbpg-3e212e568f3d314e0ee8eb2a,rbpg-exec-a795a1d0cf114c8c8b14d235badf642d,711:train:d89_u5,5134e51ecddc1ef257cfa0fab5b085ed,0,0,0,clean,0,not_invoked,,0,0,0.0,0.0002999986463692039,0.00019999970390927047,0.0026999987312592566,0.002200000380980782,0.007200000254670158
712,712,train:d89_u6,,,,,,never,3,0,0,0,0,0,rbpg-3e212e568f3d314e0ee8eb2a,rbpg-3e212e568f3d314e0ee8eb2a,rbpg-exec-a795a1d0cf114c8c8b14d235badf642d,712:train:d89_u6,66b87ca591b2e1a2b63edce9bdf6ee97,0,0,0,clean,0,not_invoked,,0,0,0.0,0.00030000046535860747,0.00019999970390927047,0.002599999788799323,0.002200000380980782,0.007200000254670158
713,713,train:d89_u7,,,,,,never,3,0,0,0,0,0,rbpg-3e212e568f3d314e0ee8eb2a,rbpg-3e212e568f3d314e0ee8eb2a,rbpg-exec-a795a1d0cf114c8c8b14d235badf642d,713:train:d89_u7,6b13efa19cf910c3c75905d78647a50f,0,0,0,clean,0,not_invoked,,0,0,0.0,0.0002999986463692039,0.000100000761449337,0.002599999788799323,0.0022999993234407157,0.007300001016119495
714,714,train:d89_u8,,,,,,never,3,0,0,0,0,0,rbpg-3e212e568f3d314e0ee8eb2a,rbpg-3e212e568f3d314e0ee8eb2a,rbpg-exec-a795a1d0cf114c8c8b14d235badf642d,714:train:d89_u8,d3778408e4d7fd4cbe89ab080bf49bf8,0,0,0,clean,0,not_invoked,,0,0,0.0,0.00030000046535860747,0.000100000761449337,0.00270000055024866,0.0022999993234407157,0.007300001016119495
715,715,train:d89_u9,,,,,,never,3,0,0,0,0,0,rbpg-3e212e568f3d314e0ee8eb2a,rbpg-3e212e568f3d314e0ee8eb2a,rbpg-exec-a795a1d0cf114c8c8b14d235badf642d,715:train:d89_u9,73122bb0cb573b4db0d0c81847009653,0,0,0,clean,0,not_invoked,,0,0,0.0,0.00030000046535860747,0.00019999970390927047,0.0027999994927085936,0.002200000380980782,0.0072999991971300915
716,716,train:d89_u11,,,,,,never,3,0,0,0,0,0,rbpg-3e212e568f3d314e0ee8eb2a,rbpg-3e212e568f3d314e0ee8eb2a,rbpg-exec-a795a1d0cf114c8c8b14d235badf642d,716:train:d89_u11,a9da268b7bef86530c3a352ba1e76100,0,0,0,clean,0,not_invoked,,0,0,0.0,0.0002999986463692039,0.00019999970390927047,0.0027999994927085936,0.0022999993234407157,0.0073999999585794285
717,717,train:d89_u15,,,,,,never,3,0,0,0,0,0,rbpg-3e212e568f3d314e0ee8eb2a,rbpg-3e212e568f3d314e0ee8eb2a,rbpg-exec-a795a1d0cf114c8c8b14d235badf642d,717:train:d89_u15,14b6635b8bb8bf97d3bf556a4c072432,0,0,0,clean,0,not_invoked,,0,0,0.0,0.00030000046535860747,9.999894245993346e-05,0.0027999994927085936,0.006000000212225132,0.011199999789823778
718,718,train:d89_u16,,,,,,never,3,0,0,0,0,0,rbpg-3e212e568f3d314e0ee8eb2a,rbpg-3e212e568f3d314e0ee8eb2a,rbpg-exec-a795a1d0cf114c8c8b14d235badf642d,718:train:d89_u16,98d9bfcc3c5d65cb1e8f6f1a3dd7d273,0,0,0,clean,0,not_invoked,,0,0,0.0,0.00030000046535860747,0.000100000761449337,0.002999999196617864,0.0022999993234407157,0.007700000423938036
719,719,train:d91_u0,,,,,,never,3,0,0,0,0,0,rbpg-3e212e568f3d314e0ee8eb2a,rbpg-3e212e568f3d314e0ee8eb2a,rbpg-exec-a795a1d0cf114c8c8b14d235badf642d,719:train:d91_u0,6e3291c18fccc14d7dad042d9d60a866,0,0,0,clean,0,not_invoked,,0,0,0.0,0.0002999986463692039,9.999894245993346e-05,0.0026999987312592566,0.0022999993234407157,0.0072999991971300915
720,720,train:d92_u0,,,,,,never,3,0,0,0,0,0,rbpg-3e212e568f3d314e0ee8eb2a,rbpg-3e212e568f3d314e0ee8eb2a,rbpg-exec-a795a1d0cf114c8c8b14d235badf642d,720:train:d92_u0,41b74027c488c820adca54340772f657,0,0,0,clean,0,not_invoked,,0,0,0.0,0.00030000046535860747,0.00019999970390927047,0.002499999027349986,0.0022999993234407157,0.007200000254670158
721,721,train:d92_u1,,,,,,never,3,0,0,0,0,0,rbpg-3e212e568f3d314e0ee8eb2a,rbpg-3e212e568f3d314e0ee8eb2a,rbpg-exec-a795a1d0cf114c8c8b14d235badf642d,721:train:d92_u1,07ff60aada01199c03bdad30944c095c,0,0,0,clean,0,not_invoked,,0,0,0.0,0.00030000046535860747,0.000100000761449337,0.0026999987312592566,0.002200000380980782,0.007200000254670158
722,722,train:d93_u0,,,,,,never,3,0,0,0,0,0,rbpg-3e212e568f3d314e0ee8eb2a,rbpg-3e212e568f3d314e0ee8eb2a,rbpg-exec-a795a1d0cf114c8c8b14d235badf642d,722:train:d93_u0,eff93816dc9108f3661fc04ee2090b58,0,0,0,clean,0,not_invoked,,0,0,0.0,0.00030000046535860747,0.00019999970390927047,0.00270000055024866,0.0021999985619913787,0.007200000254670158
723,723,train:d93_u1,,,,,,never,3,0,0,0,0,0,rbpg-3e212e568f3d314e0ee8eb2a,rbpg-3e212e568f3d314e0ee8eb2a,rbpg-exec-a795a1d0cf114c8c8b14d235badf642d,723:train:d93_u1,a055ec4fa2f4b73a0b1bb9e51652a7cc,0,0,0,clean,0,not_invoked,,0,0,0.0,0.00030000046535860747,9.999894245993346e-05,0.002599999788799323,0.002300001142430119,0.0072999991971300915
724,724,train:d93_u2,,,,,,never,3,0,0,0,0,0,rbpg-3e212e568f3d314e0ee8eb2a,rbpg-3e212e568f3d314e0ee8eb2a,rbpg-exec-a795a1d0cf114c8c8b14d235badf642d,724:train:d93_u2,9be7179beef009ff97e5881c5128db39,0,0,0,clean,0,not_invoked,,0,0,0.0,0.00030000046535860747,0.00019999970390927047,0.00270000055024866,0.002300001142430119,0.0072999991971300915
725,725,train:d93_u4,,,,,,never,3,0,0,0,0,0,rbpg-3e212e568f3d314e0ee8eb2a,rbpg-3e212e568f3d314e0ee8eb2a,rbpg-exec-a795a1d0cf114c8c8b14d235badf642d,725:train:d93_u4,33d700f13fba161bc8280763f19aee94,0,0,0,clean,0,not_invoked,,0,0,0.0,0.00030000046535860747,9.999894245993346e-05,0.002999999196617864,0.0022999993234407157,0.007700000423938036
726,726,train:d94_u0,,,,,,never,3,0,0,0,0,0,rbpg-3e212e568f3d314e0ee8eb2a,rbpg-3e212e568f3d314e0ee8eb2a,rbpg-exec-a795a1d0cf114c8c8b14d235badf642d,726:train:d94_u0,c5f49b50434f64ddf3ace817560ca668,0,0,0,clean,0,not_invoked,,0,0,0.0,0.0002999986463692039,0.00019999970390927047,0.00270000055024866,0.0022999993234407157,0.007300001016119495
727,727,train:d94_u1,,,,,,never,3,0,0,0,0,0,rbpg-3e212e568f3d314e0ee8eb2a,rbpg-3e212e568f3d314e0ee8eb2a,rbpg-exec-a795a1d0cf114c8c8b14d235badf642d,727:train:d94_u1,2f0b0f0bd1ed9e0b580e8e15e881e1ac,0,0,0,clean,0,not_invoked,,0,0,0.0,0.00030000046535860747,9.999894245993346e-05,0.00270000055024866,0.002200000380980782,0.007300001016119495
728,728,train:d94_u3,,,,,,never,3,0,0,0,0,0,rbpg-3e212e568f3d314e0ee8eb2a,rbpg-3e212e568f3d314e0ee8eb2a,rbpg-exec-a795a1d0cf114c8c8b14d235badf642d,728:train:d94_u3,1e182f73a71f01bf060b23ef0db876d6,0,0,0,clean,0,not_invoked,,0,0,0.0,0.00030000046535860747,0.000200001522898674,0.002800001311697997,0.0022999993234407157,0.007300001016119495
729,729,train:d94_u6,,,,,,never,3,0,0,0,0,0,rbpg-3e212e568f3d314e0ee8eb2a,rbpg-3e212e568f3d314e0ee8eb2a,rbpg-exec-a795a1d0cf114c8c8b14d235badf642d,729:train:d94_u6,88468d80498ec93cb367b5f54075a493,0,0,0,clean,0,not_invoked,,0,0,0.0,0.00030000046535860747,0.00019999970390927047,0.00270000055024866,0.002300001142430119,0.0072999991971300915
730,730,train:d94_u7,,,,,,never,3,0,0,0,0,0,rbpg-3e212e568f3d314e0ee8eb2a,rbpg-3e212e568f3d314e0ee8eb2a,rbpg-exec-a795a1d0cf114c8c8b14d235badf642d,730:train:d94_u7,1aeb9b007679b83d26a34a4c5c3b71aa,0,0,0,clean,0,not_invoked,,0,0,0.0,0.00019999970390927047,0.000100000761449337,0.00270000055024866,0.0022999993234407157,0.007300001016119495
731,731,train:d94_u8,,,,,,never,3,0,0,0,0,0,rbpg-3e212e568f3d314e0ee8eb2a,rbpg-3e212e568f3d314e0ee8eb2a,rbpg-exec-a795a1d0cf114c8c8b14d235badf642d,731:train:d94_u8,48a51b8534162636f0d7ad09fd699f72,0,0,0,clean,0,not_invoked,,0,0,0.0,0.00030000046535860747,0.00019999970390927047,0.0027999994927085936,0.0021999985619913787,0.0072999991971300915
732,732,train:d94_u9,,,,,,never,3,0,0,0,0,0,rbpg-3e212e568f3d314e0ee8eb2a,rbpg-3e212e568f3d314e0ee8eb2a,rbpg-exec-a795a1d0cf114c8c8b14d235badf642d,732:train:d94_u9,3a418e5b94a75cd865897cb701e67391,0,0,0,clean,0,not_invoked,,0,0,0.0,0.00030000046535860747,0.000200001522898674,0.0026999987312592566,0.002200000380980782,0.007200000254670158
733,733,train:d94_u10,,,,,,never,3,0,0,0,0,0,rbpg-3e212e568f3d314e0ee8eb2a,rbpg-3e212e568f3d314e0ee8eb2a,rbpg-exec-a795a1d0cf114c8c8b14d235badf642d,733:train:d94_u10,44078c8ce5d001a80fd406b662cde6c3,0,0,0,clean,0,not_invoked,,0,0,0.0,0.00030000046535860747,0.000100000761449337,0.0027999994927085936,0.0022999993234407157,0.0075000007200287655
734,734,train:d94_u11,,,,,,never,3,0,0,0,0,0,rbpg-3e212e568f3d314e0ee8eb2a,rbpg-3e212e568f3d314e0ee8eb2a,rbpg-exec-a795a1d0cf114c8c8b14d235badf642d,734:train:d94_u11,6fc57720685269ae53784d478e7abb75,0,0,0,clean,0,not_invoked,,0,0,0.0,0.00030000046535860747,0.00019999970390927047,0.002800001311697997,0.0022999993234407157,0.007499998901039362
735,735,train:d94_u12,,,,,,never,3,0,0,0,0,0,rbpg-3e212e568f3d314e0ee8eb2a,rbpg-3e212e568f3d314e0ee8eb2a,rbpg-exec-a795a1d0cf114c8c8b14d235badf642d,735:train:d94_u12,5e816c6bf462994b7f5bd97722a0a9f5,0,0,0,clean,0,not_invoked,,0,0,0.0,0.0002999986463692039,9.999894245993346e-05,0.0027999994927085936,0.0022999993234407157,0.0072999991971300915
736,736,train:d94_u13,,,,,,never,3,0,0,0,0,0,rbpg-3e212e568f3d314e0ee8eb2a,rbpg-3e212e568f3d314e0ee8eb2a,rbpg-exec-a795a1d0cf114c8c8b14d235badf642d,736:train:d94_u13,5e7a2ddadd769bed3622ada679d23a4d,0,0,0,clean,0,not_invoked,,0,0,0.0,0.00030000046535860747,0.00019999970390927047,0.002599999788799323,0.0021999985619913787,0.007200000254670158
737,737,train:d94_u14,,,,,,never,3,0,0,0,0,0,rbpg-3e212e568f3d314e0ee8eb2a,rbpg-3e212e568f3d314e0ee8eb2a,rbpg-exec-a795a1d0cf114c8c8b14d235badf642d,737:train:d94_u14,b1373cfc1a2f63957cc3bd9e07c52dce,0,0,0,clean,0,not_invoked,,0,0,0.0,0.00030000046535860747,0.00019999970390927047,0.00270000055024866,0.0021999985619913787,0.007200000254670158
738,738,train:d94_u15,,,,,,never,3,0,0,0,0,0,rbpg-3e212e568f3d314e0ee8eb2a,rbpg-3e212e568f3d314e0ee8eb2a,rbpg-exec-a795a1d0cf114c8c8b14d235badf642d,738:train:d94_u15,1bfbb1083e11a8a47f029c666c23b5c1,0,0,0,clean,0,not_invoked,,0,0,0.0,0.00030000046535860747,0.000200001522898674,0.00270000055024866,0.0022999993234407157,0.007300001016119495
739,739,train:d95_u0,,,,,,never,3,0,0,0,0,0,rbpg-3e212e568f3d314e0ee8eb2a,rbpg-3e212e568f3d314e0ee8eb2a,rbpg-exec-a795a1d0cf114c8c8b14d235badf642d,739:train:d95_u0,3c6fed6e2a5f74867134e3247c054120,0,0,0,clean,0,not_invoked,,0,0,0.0,0.0002999986463692039,9.999894245993346e-05,0.0026999987312592566,0.002200000380980782,0.0072999991971300915
740,740,train:d95_u2,,,,,,never,3,0,0,0,0,0,rbpg-3e212e568f3d314e0ee8eb2a,rbpg-3e212e568f3d314e0ee8eb2a,rbpg-exec-a795a1d0cf114c8c8b14d235badf642d,740:train:d95_u2,edbc11418894b48d7b2f440005d29cd2,0,0,0,clean,0,not_invoked,,0,0,0.0,0.00019999970390927047,0.00019999970390927047,0.002599999788799323,0.0021999985619913787,0.007300001016119495
741,741,train:d95_u3,,,,,,never,3,0,0,0,0,0,rbpg-3e212e568f3d314e0ee8eb2a,rbpg-3e212e568f3d314e0ee8eb2a,rbpg-exec-a795a1d0cf114c8c8b14d235badf642d,741:train:d95_u3,613c536e064330466c3acbbfade4b9b1,0,0,0,clean,0,not_invoked,,0,0,0.0,0.00030000046535860747,0.00019999970390927047,0.0027999994927085936,0.0022999993234407157,0.0073999999585794285
742,742,train:d95_u4,,,,,,never,3,0,0,0,0,0,rbpg-3e212e568f3d314e0ee8eb2a,rbpg-3e212e568f3d314e0ee8eb2a,rbpg-exec-a795a1d0cf114c8c8b14d235badf642d,742:train:d95_u4,6729d8778dcdb8fd93a82c7aa5cf5c23,0,0,0,clean,0,not_invoked,,0,0,0.0,0.00030000046535860747,9.999894245993346e-05,0.002599999788799323,0.0021999985619913787,0.007200000254670158
743,743,train:d95_u5,,,,,,never,3,0,0,0,0,0,rbpg-3e212e568f3d314e0ee8eb2a,rbpg-3e212e568f3d314e0ee8eb2a,rbpg-exec-a795a1d0cf114c8c8b14d235badf642d,743:train:d95_u5,bca01fc007a6258dab240a34f9903fd8,0,0,0,clean,0,not_invoked,,0,0,0.0,0.00030000046535860747,0.000100000761449337,0.00270000055024866,0.002300001142430119,0.0073999999585794285
744,744,train:d95_u8,,,,,,never,3,0,0,0,0,0,rbpg-3e212e568f3d314e0ee8eb2a,rbpg-3e212e568f3d314e0ee8eb2a,rbpg-exec-a795a1d0cf114c8c8b14d235badf642d,744:train:d95_u8,c58ed5389afc13526194561e495ed1c9,0,0,0,clean,0,not_invoked,,0,0,0.0,0.0002999986463692039,0.00019999970390927047,0.00270000055024866,0.0022999993234407157,0.0075000007200287655
745,745,train:d95_u9,,,,,,never,3,0,0,0,0,0,rbpg-3e212e568f3d314e0ee8eb2a,rbpg-3e212e568f3d314e0ee8eb2a,rbpg-exec-a795a1d0cf114c8c8b14d235badf642d,745:train:d95_u9,a5c9901b3facbd70aa60dca59f4691e1,0,0,0,clean,0,not_invoked,,0,0,0.0,0.00030000046535860747,0.000100000761449337,0.003099999958067201,0.002300001142430119,0.007700000423938036
746,746,train:d95_u10,,,,,,never,3,0,0,0,0,0,rbpg-3e212e568f3d314e0ee8eb2a,rbpg-3e212e568f3d314e0ee8eb2a,rbpg-exec-a795a1d0cf114c8c8b14d235badf642d,746:train:d95_u10,951cf66a9c1932b114e8a163122eaaac,0,0,0,clean,0,not_invoked,,0,0,0.0,0.00030000046535860747,0.00019999970390927047,0.002800001311697997,0.002200000380980782,0.0073999999585794285
747,747,train:d95_u11,,,,,,never,3,0,0,0,0,0,rbpg-3e212e568f3d314e0ee8eb2a,rbpg-3e212e568f3d314e0ee8eb2a,rbpg-exec-a795a1d0cf114c8c8b14d235badf642d,747:train:d95_u11,bf1a6b06cfa897d11e13a6025a1f1011,0,0,0,clean,0,not_invoked,,0,0,0.0,0.0002999986463692039,0.00019999970390927047,0.002599999788799323,0.0022999993234407157,0.007300001016119495
748,748,train:d95_u13,,,,,,never,3,0,0,0,0,0,rbpg-3e212e568f3d314e0ee8eb2a,rbpg-3e212e568f3d314e0ee8eb2a,rbpg-exec-a795a1d0cf114c8c8b14d235badf642d,748:train:d95_u13,21d79c5ac5dae48e7e1fdd8144c712e4,0,0,0,clean,0,not_invoked,,0,0,0.0,0.00030000046535860747,0.000100000761449337,0.0029000002541579306,0.002200000380980782,0.0073999999585794285
749,749,train:d95_u14,,,,,,never,3,0,0,0,0,0,rbpg-3e212e568f3d314e0ee8eb2a,rbpg-3e212e568f3d314e0ee8eb2a,rbpg-exec-a795a1d0cf114c8c8b14d235badf642d,749:train:d95_u14,45a1f23159fa93b715a0949598c28005,0,0,0,clean,0,not_invoked,,0,0,0.0,0.00030000046535860747,9.999894245993346e-05,0.0027999994927085936,0.0021999985619913787,0.0073999999585794285
750,750,train:d95_u15,,,,,,never,3,0,0,0,0,0,rbpg-3e212e568f3d314e0ee8eb2a,rbpg-3e212e568f3d314e0ee8eb2a,rbpg-exec-a795a1d0cf114c8c8b14d235badf642d,750:train:d95_u15,0ab315ba441898c9a4d7cf48c09c1347,0,0,0,clean,0,not_invoked,,0,0,0.0,0.00030000046535860747,0.00019999970390927047,0.00270000055024866,0.002200000380980782,0.0072999991971300915
751,751,train:d95_u16,,,,,,never,3,0,0,0,0,0,rbpg-3e212e568f3d314e0ee8eb2a,rbpg-3e212e568f3d314e0ee8eb2a,rbpg-exec-a795a1d0cf114c8c8b14d235badf642d,751:train:d95_u16,9a7a386b6c8572feb0cac2006b53e7c8,0,0,0,clean,0,not_invoked,,0,0,0.0,0.0002999986463692039,0.00019999970390927047,0.0026999987312592566,0.0022999993234407157,0.0072999991971300915
752,752,train:d95_u17,,,,,,never,3,0,0,0,0,0,rbpg-3e212e568f3d314e0ee8eb2a,rbpg-3e212e568f3d314e0ee8eb2a,rbpg-exec-a795a1d0cf114c8c8b14d235badf642d,752:train:d95_u17,859ef75ffc4d7cadf76ad4691bfea9cc,0,0,0,clean,0,not_invoked,,0,0,0.0,0.0002999986463692039,0.00019999970390927047,0.0026999987312592566,0.0022999993234407157,0.007300001016119495
753,753,train:d96_u0,,,,,,never,3,0,0,0,0,0,rbpg-3e212e568f3d314e0ee8eb2a,rbpg-3e212e568f3d314e0ee8eb2a,rbpg-exec-a795a1d0cf114c8c8b14d235badf642d,753:train:d96_u0,df777001ae4cf8489e0b6cb00b1c4fe4,0,0,0,clean,0,not_invoked,,0,0,0.0,0.00030000046535860747,9.999894245993346e-05,0.00270000055024866,0.0024000000848900527,0.0075000007200287655
754,754,train:d96_u1,,,,,,never,3,0,0,0,0,0,rbpg-3e212e568f3d314e0ee8eb2a,rbpg-3e212e568f3d314e0ee8eb2a,rbpg-exec-a795a1d0cf114c8c8b14d235badf642d,754:train:d96_u1,855c0a7bba61025defd1f16aa0e08ea5,0,0,0,clean,0,not_invoked,,0,0,0.0,0.00030000046535860747,9.999894245993346e-05,0.00270000055024866,0.0024000000848900527,0.0073999999585794285
755,755,train:d96_u2,,,,,,never,3,0,0,0,0,0,rbpg-3e212e568f3d314e0ee8eb2a,rbpg-3e212e568f3d314e0ee8eb2a,rbpg-exec-a795a1d0cf114c8c8b14d235badf642d,755:train:d96_u2,945873664db59f197b3bbabfaec50efd,0,0,0,clean,0,not_invoked,,0,0,0.0,0.00019999970390927047,0.00019999970390927047,0.0027999994927085936,0.002200000380980782,0.0072999991971300915
756,756,train:d96_u3,,,,,,never,3,0,0,0,0,0,rbpg-3e212e568f3d314e0ee8eb2a,rbpg-3e212e568f3d314e0ee8eb2a,rbpg-exec-a795a1d0cf114c8c8b14d235badf642d,756:train:d96_u3,5f065c737539faa6201962af84e3bca9,0,0,0,clean,0,not_invoked,,0,0,0.0,0.00030000046535860747,0.00019999970390927047,0.0026999987312592566,0.002200000380980782,0.0072999991971300915
757,757,train:d96_u4,,,,,,never,3,0,0,0,0,0,rbpg-3e212e568f3d314e0ee8eb2a,rbpg-3e212e568f3d314e0ee8eb2a,rbpg-exec-a795a1d0cf114c8c8b14d235badf642d,757:train:d96_u4,9a5f8631e8e459dbe9e9af8613cd6e5e,0,0,0,clean,0,not_invoked,,0,0,0.0,0.00030000046535860747,9.999894245993346e-05,0.002599999788799323,0.0022999993234407157,0.007300001016119495
758,758,train:d97_u0,,,,,,never,3,0,0,0,0,0,rbpg-3e212e568f3d314e0ee8eb2a,rbpg-3e212e568f3d314e0ee8eb2a,rbpg-exec-a795a1d0cf114c8c8b14d235badf642d,758:train:d97_u0,9764f04a66f85527dcdd8f6f446abc5b,0,0,0,clean,0,not_invoked,,0,0,0.0,0.0002999986463692039,0.00019999970390927047,0.0026999987312592566,0.0022999993234407157,0.007300001016119495
759,759,train:d97_u1,,,,,,never,3,0,0,0,0,0,rbpg-3e212e568f3d314e0ee8eb2a,rbpg-3e212e568f3d314e0ee8eb2a,rbpg-exec-a795a1d0cf114c8c8b14d235badf642d,759:train:d97_u1,ff38e2066d4c5da58695b0719bc8174a,0,0,0,clean,0,not_invoked,,0,0,0.0,0.00030000046535860747,9.999894245993346e-05,0.00270000055024866,0.0022999993234407157,0.0073999999585794285
760,760,train:d97_u2,,,,,,never,3,0,0,0,0,0,rbpg-3e212e568f3d314e0ee8eb2a,rbpg-3e212e568f3d314e0ee8eb2a,rbpg-exec-a795a1d0cf114c8c8b14d235badf642d,760:train:d97_u2,2b53b36018da2d97223cac3c00442942,0,0,0,clean,0,not_invoked,,0,0,0.0,0.00030000046535860747,0.00019999970390927047,0.00799999907030724,0.002599999788799323,0.023799999326001853
761,761,train:d97_u3,,,,,,never,3,0,0,0,0,0,rbpg-3e212e568f3d314e0ee8eb2a,rbpg-3e212e568f3d314e0ee8eb2a,rbpg-exec-a795a1d0cf114c8c8b14d235badf642d,761:train:d97_u3,b92c5de23baf4acf3b5f2f2f20de6244,0,0,0,clean,0,not_invoked,,0,0,0.0,0.0005000001692678779,0.000100000761449337,0.003099999958067201,0.002200000380980782,0.008099999831756577
762,762,train:d98_u1,,,,,,never,3,0,0,0,0,0,rbpg-3e212e568f3d314e0ee8eb2a,rbpg-3e212e568f3d314e0ee8eb2a,rbpg-exec-a795a1d0cf114c8c8b14d235badf642d,762:train:d98_u1,7051f836951fa62b54c7d21ab1c295bc,0,0,0,clean,0,not_invoked,,0,0,0.0,0.00030000046535860747,0.00019999970390927047,0.00270000055024866,0.002300001142430119,0.0072999991971300915
763,763,train:d99_u0,,,,,,never,3,0,0,0,0,0,rbpg-3e212e568f3d314e0ee8eb2a,rbpg-3e212e568f3d314e0ee8eb2a,rbpg-exec-a795a1d0cf114c8c8b14d235badf642d,763:train:d99_u0,c752184c17821220b193107a6b67f235,0,0,0,clean,0,not_invoked,,0,0,0.0,0.00030000046535860747,0.00019999970390927047,0.002899998435168527,0.0022999993234407157,0.007599999662488699
764,764,train:d99_u1,,,,,,never,3,0,0,0,0,0,rbpg-3e212e568f3d314e0ee8eb2a,rbpg-3e212e568f3d314e0ee8eb2a,rbpg-exec-a795a1d0cf114c8c8b14d235badf642d,764:train:d99_u1,014ad6d84408b46f2faf123987ef7fa7,0,0,0,clean,0,not_invoked,,0,0,0.0,0.00030000046535860747,9.999894245993346e-05,0.00270000055024866,0.0022999993234407157,0.0072999991971300915
765,765,train:d99_u2,,,,,,never,3,0,0,0,0,0,rbpg-3e212e568f3d314e0ee8eb2a,rbpg-3e212e568f3d314e0ee8eb2a,rbpg-exec-a795a1d0cf114c8c8b14d235badf642d,765:train:d99_u2,2ca9b203d7e9094551d29155094f624b,0,0,0,clean,0,not_invoked,,0,0,0.0,0.00030000046535860747,0.00019999970390927047,0.00270000055024866,0.0022999993234407157,0.007300001016119495
766,766,train:d99_u3,,,,,,never,3,0,0,0,0,0,rbpg-3e212e568f3d314e0ee8eb2a,rbpg-3e212e568f3d314e0ee8eb2a,rbpg-exec-a795a1d0cf114c8c8b14d235badf642d,766:train:d99_u3,8ee327ec0fd562292b6e0711227e4182,0,0,0,clean,0,not_invoked,,0,0,0.0,0.00030000046535860747,0.00019999970390927047,0.00270000055024866,0.0024000000848900527,0.0073999999585794285
767,767,train:d99_u4,,,,,,never,3,0,0,0,0,0,rbpg-3e212e568f3d314e0ee8eb2a,rbpg-3e212e568f3d314e0ee8eb2a,rbpg-exec-a795a1d0cf114c8c8b14d235badf642d,767:train:d99_u4,1259bdf182f3bb8773b61284ebe2fb34,0,0,0,clean,0,not_invoked,,0,0,0.0,0.00030000046535860747,0.00019999970390927047,0.0026999987312592566,0.002300001142430119,0.0072999991971300915
768,768,train:d99_u6,,,,,,never,3,0,0,0,0,0,rbpg-3e212e568f3d314e0ee8eb2a,rbpg-3e212e568f3d314e0ee8eb2a,rbpg-exec-a795a1d0cf114c8c8b14d235badf642d,768:train:d99_u6,f98bd74ef1d6642e9d9b3f44b21eacd5,0,0,0,clean,0,not_invoked,,0,0,0.0,0.0002999986463692039,0.00019999970390927047,0.0026999987312592566,0.002200000380980782,0.0071999984356807545
769,769,train:d99_u7,,,,,,never,3,0,0,0,0,0,rbpg-3e212e568f3d314e0ee8eb2a,rbpg-3e212e568f3d314e0ee8eb2a,rbpg-exec-a795a1d0cf114c8c8b14d235badf642d,769:train:d99_u7,ebea270e1adfa27c968f9c5712f2ea04,0,0,0,clean,0,not_invoked,,0,0,0.0,0.00030000046535860747,0.000100000761449337,0.00270000055024866,0.0022999993234407157,0.007300001016119495
770,770,train:d99_u8,,,,,,never,3,0,0,0,0,0,rbpg-3e212e568f3d314e0ee8eb2a,rbpg-3e212e568f3d314e0ee8eb2a,rbpg-exec-a795a1d0cf114c8c8b14d235badf642d,770:train:d99_u8,3483758809a0b4622bc12a535ed1659a,0,0,0,clean,0,not_invoked,,0,0,0.0,0.00030000046535860747,9.999894245993346e-05,0.002599999788799323,0.0022999993234407157,0.007200000254670158
771,771,train:d99_u9,,,,,,never,3,0,0,0,0,0,rbpg-3e212e568f3d314e0ee8eb2a,rbpg-3e212e568f3d314e0ee8eb2a,rbpg-exec-a795a1d0cf114c8c8b14d235badf642d,771:train:d99_u9,c3e2cf35b3546c3a9372fd25c01ea75c,0,0,0,clean,0,not_invoked,,0,0,0.0,0.00030000046535860747,0.00019999970390927047,0.002599999788799323,0.0022999993234407157,0.007200000254670158
772,772,train:d99_u10,,,,,,never,3,0,0,0,0,0,rbpg-3e212e568f3d314e0ee8eb2a,rbpg-3e212e568f3d314e0ee8eb2a,rbpg-exec-a795a1d0cf114c8c8b14d235badf642d,772:train:d99_u10,973e97d8cd9ce7ef4a48b83448085e62,0,0,0,clean,0,not_invoked,,0,0,0.0,0.0002999986463692039,0.00019999970390927047,0.002599999788799323,0.002200000380980782,0.007200000254670158
773,773,train:d99_u11,,,,,,never,3,0,0,0,0,0,rbpg-3e212e568f3d314e0ee8eb2a,rbpg-3e212e568f3d314e0ee8eb2a,rbpg-exec-a795a1d0cf114c8c8b14d235badf642d,773:train:d99_u11,7df823384e7d9c3c7718d6885f909e70,0,0,0,clean,0,not_invoked,,0,0,0.0,0.00030000046535860747,0.00019999970390927047,0.00270000055024866,0.002200000380980782,0.007200000254670158
774,774,train:d99_u12,,,,,,never,3,0,0,0,0,0,rbpg-3e212e568f3d314e0ee8eb2a,rbpg-3e212e568f3d314e0ee8eb2a,rbpg-exec-a795a1d0cf114c8c8b14d235badf642d,774:train:d99_u12,e04f19f602a6a20261b50f9affcf0b2d,0,0,0,clean,0,not_invoked,,0,0,0.0,0.00019999970390927047,9.999894245993346e-05,0.0027999994927085936,0.0021999985619913787,0.0073999999585794285
775,775,train:d99_u13,,,,,,never,3,0,0,0,0,0,rbpg-3e212e568f3d314e0ee8eb2a,rbpg-3e212e568f3d314e0ee8eb2a,rbpg-exec-a795a1d0cf114c8c8b14d235badf642d,775:train:d99_u13,61f018e7a30904e52fa46067bab3337b,0,0,0,clean,0,not_invoked,,0,0,0.0,0.0002999986463692039,9.999894245993346e-05,0.0026999987312592566,0.002200000380980782,0.007200000254670158
776,776,train:d99_u14,,,,,,never,3,0,0,0,0,0,rbpg-3e212e568f3d314e0ee8eb2a,rbpg-3e212e568f3d314e0ee8eb2a,rbpg-exec-a795a1d0cf114c8c8b14d235badf642d,776:train:d99_u14,367ea834f8080b2fd9d613662d46b6aa,0,0,0,clean,0,not_invoked,,0,0,0.0,0.00030000046535860747,0.00019999970390927047,0.00270000055024866,0.002200000380980782,0.007200000254670158
777,777,train:d99_u15,,,,,,never,3,0,0,0,0,0,rbpg-3e212e568f3d314e0ee8eb2a,rbpg-3e212e568f3d314e0ee8eb2a,rbpg-exec-a795a1d0cf114c8c8b14d235badf642d,777:train:d99_u15,5540b184fffb1fcc4ce78d2b8998600f,0,0,0,clean,0,not_invoked,,0,0,0.0,0.00030000046535860747,9.999894245993346e-05,0.00270000055024866,0.002200000380980782,0.007300001016119495
778,778,train:d99_u16,,,,,,never,3,0,0,0,0,0,rbpg-3e212e568f3d314e0ee8eb2a,rbpg-3e212e568f3d314e0ee8eb2a,rbpg-exec-a795a1d0cf114c8c8b14d235badf642d,778:train:d99_u16,cb1a3e3b44a924a830c49d44114d3f5c,0,0,0,clean,0,not_invoked,,0,0,0.0,0.00030000046535860747,0.00019999970390927047,0.0026000016077887267,0.002200000380980782,0.007200000254670158
779,779,train:d99_u17,,,,,,never,3,0,0,0,0,0,rbpg-3e212e568f3d314e0ee8eb2a,rbpg-3e212e568f3d314e0ee8eb2a,rbpg-exec-a795a1d0cf114c8c8b14d235badf642d,779:train:d99_u17,aa647cc6ed9b05e1b98bf5197ed1d20e,0,0,0,clean,0,not_invoked,,0,0,0.0,0.00030000046535860747,0.00019999970390927047,0.0030000010156072676,0.002399998265900649,0.007900000127847306
780,780,train:d99_u18,,,,,,never,3,0,0,0,0,0,rbpg-3e212e568f3d314e0ee8eb2a,rbpg-3e212e568f3d314e0ee8eb2a,rbpg-exec-a795a1d0cf114c8c8b14d235badf642d,780:train:d99_u18,124ae67cd17e2ffada46ff08fbc54152,0,0,0,clean,0,not_invoked,,0,0,0.0,0.00030000046535860747,0.000200001522898674,0.0027999994927085936,0.002300001142430119,0.0073999999585794285
781,781,train:d100_u0,,,,,,never,3,0,0,0,0,0,rbpg-3e212e568f3d314e0ee8eb2a,rbpg-3e212e568f3d314e0ee8eb2a,rbpg-exec-a795a1d0cf114c8c8b14d235badf642d,781:train:d100_u0,ca765ccf79442d2c00419b098960a4b0,0,0,0,clean,0,not_invoked,,0,0,0.0,0.00030000046535860747,0.00019999970390927047,0.002800001311697997,0.0022999993234407157,0.0073999999585794285
782,782,train:d100_u1,,,,,,never,3,0,0,0,0,0,rbpg-3e212e568f3d314e0ee8eb2a,rbpg-3e212e568f3d314e0ee8eb2a,rbpg-exec-a795a1d0cf114c8c8b14d235badf642d,782:train:d100_u1,ec61a4b3ca0c005912a81b169aaafd3c,0,0,0,clean,0,not_invoked,,0,0,0.0,0.0002999986463692039,0.000200001522898674,0.00270000055024866,0.002300001142430119,0.0073999999585794285
783,783,train:d100_u2,,,,,,never,3,0,0,0,0,0,rbpg-3e212e568f3d314e0ee8eb2a,rbpg-3e212e568f3d314e0ee8eb2a,rbpg-exec-a795a1d0cf114c8c8b14d235badf642d,783:train:d100_u2,bf969d6eaa613861174f1968eabab450,0,0,0,clean,0,not_invoked,,0,0,0.0,0.00030000046535860747,0.000200001522898674,0.00270000055024866,0.0022999993234407157,0.007300001016119495
784,784,train:d100_u4,,,,,,never,3,0,0,0,0,0,rbpg-3e212e568f3d314e0ee8eb2a,rbpg-3e212e568f3d314e0ee8eb2a,rbpg-exec-a795a1d0cf114c8c8b14d235badf642d,784:train:d100_u4,e953b78bc655a24f83199dc27e215625,0,0,0,clean,0,not_invoked,,0,0,0.0,0.00030000046535860747,0.000200001522898674,0.00270000055024866,0.0022999993234407157,0.007300001016119495
785,785,train:d100_u5,,,,,,never,3,0,0,0,0,0,rbpg-3e212e568f3d314e0ee8eb2a,rbpg-3e212e568f3d314e0ee8eb2a,rbpg-exec-a795a1d0cf114c8c8b14d235badf642d,785:train:d100_u5,2a7869aa6d4212aec8faa05db4959a70,0,0,0,clean,0,not_invoked,,0,0,0.0,0.00019999970390927047,0.000100000761449337,0.002599999788799323,0.002300001142430119,0.0072999991971300915
786,786,train:d100_u6,,,,,,never,3,0,0,0,0,0,rbpg-3e212e568f3d314e0ee8eb2a,rbpg-3e212e568f3d314e0ee8eb2a,rbpg-exec-a795a1d0cf114c8c8b14d235badf642d,786:train:d100_u6,97149f4736f2bfe37873e37c0e05a127,0,0,0,clean,0,not_invoked,,0,0,0.0,0.00030000046535860747,0.000200001522898674,0.002599999788799323,0.0022999993234407157,0.007300001016119495
787,787,train:d101_u0,,,,,,never,3,0,0,0,0,0,rbpg-3e212e568f3d314e0ee8eb2a,rbpg-3e212e568f3d314e0ee8eb2a,rbpg-exec-a795a1d0cf114c8c8b14d235badf642d,787:train:d101_u0,e246c24ab3443c369c1c45904df5d3e3,0,0,0,clean,0,not_invoked,,0,0,0.0,0.0002999986463692039,0.00019999970390927047,0.0027999994927085936,0.0022999993234407157,0.007300001016119495
788,788,train:d102_u0,,,,,,never,3,0,0,0,0,0,rbpg-3e212e568f3d314e0ee8eb2a,rbpg-3e212e568f3d314e0ee8eb2a,rbpg-exec-a795a1d0cf114c8c8b14d235badf642d,788:train:d102_u0,873567d51a82b9fe7ea93c4c22808d80,0,0,0,clean,0,not_invoked,,0,0,0.0,0.00030000046535860747,0.00019999970390927047,0.002800001311697997,0.002200000380980782,0.007300001016119495
789,789,train:d102_u1,,,,,,never,3,0,0,0,0,0,rbpg-3e212e568f3d314e0ee8eb2a,rbpg-3e212e568f3d314e0ee8eb2a,rbpg-exec-a795a1d0cf114c8c8b14d235badf642d,789:train:d102_u1,80adccdd9ecbb6b1466fd0666022da81,0,0,0,clean,0,not_invoked,,0,0,0.0,0.00030000046535860747,0.000100000761449337,0.00270000055024866,0.002200000380980782,0.007300001016119495
790,790,train:d102_u2,,,,,,never,3,0,0,0,0,0,rbpg-3e212e568f3d314e0ee8eb2a,rbpg-3e212e568f3d314e0ee8eb2a,rbpg-exec-a795a1d0cf114c8c8b14d235badf642d,790:train:d102_u2,add4f88777c544a188dfd25643bfceda,0,0,0,clean,0,not_invoked,,0,0,0.0,0.0002999986463692039,9.999894245993346e-05,0.002599999788799323,0.002300001142430119,0.007200000254670158
791,791,train:d103_u0,,,,,,never,3,0,0,0,0,0,rbpg-3e212e568f3d314e0ee8eb2a,rbpg-3e212e568f3d314e0ee8eb2a,rbpg-exec-a795a1d0cf114c8c8b14d235badf642d,791:train:d103_u0,a028a76b663f1d91c3ddb0b9579ea4ad,0,0,0,clean,0,not_invoked,,0,0,0.0,0.00030000046535860747,0.00019999970390927047,0.002800001311697997,0.002200000380980782,0.0072999991971300915
792,792,train:d103_u1,,,,,,never,3,0,0,0,0,0,rbpg-3e212e568f3d314e0ee8eb2a,rbpg-3e212e568f3d314e0ee8eb2a,rbpg-exec-a795a1d0cf114c8c8b14d235badf642d,792:train:d103_u1,936711b3f20db8b2b1250a8f08989c24,0,0,0,clean,0,not_invoked,,0,0,0.0,0.00030000046535860747,0.000100000761449337,0.00270000055024866,0.0024000000848900527,0.0073999999585794285
793,793,train:d103_u3,,,,,,never,3,0,0,0,0,0,rbpg-3e212e568f3d314e0ee8eb2a,rbpg-3e212e568f3d314e0ee8eb2a,rbpg-exec-a795a1d0cf114c8c8b14d235badf642d,793:train:d103_u3,c1845465c5db37b08be7019423333adf,0,0,0,clean,0,not_invoked,,0,0,0.0,0.00030000046535860747,0.000100000761449337,0.0027999994927085936,0.002300001142430119,0.007300001016119495
794,794,train:d103_u4,,,,,,never,3,0,0,0,0,0,rbpg-3e212e568f3d314e0ee8eb2a,rbpg-3e212e568f3d314e0ee8eb2a,rbpg-exec-a795a1d0cf114c8c8b14d235badf642d,794:train:d103_u4,85e44fe20a03290407da64fbc9398909,0,0,0,clean,0,not_invoked,,0,0,0.0,0.00030000046535860747,0.000100000761449337,0.00270000055024866,0.002300001142430119,0.0072999991971300915
795,795,train:d103_u5,,,,,,never,3,0,0,0,0,0,rbpg-3e212e568f3d314e0ee8eb2a,rbpg-3e212e568f3d314e0ee8eb2a,rbpg-exec-a795a1d0cf114c8c8b14d235badf642d,795:train:d103_u5,65fc1a0c6e443b58aa9ee86726cf8f84,0,0,0,clean,0,not_invoked,,0,0,0.0,0.00030000046535860747,9.999894245993346e-05,0.002599999788799323,0.002300001142430119,0.0072999991971300915
796,796,train:d103_u6,,,,,,never,3,0,0,0,0,0,rbpg-3e212e568f3d314e0ee8eb2a,rbpg-3e212e568f3d314e0ee8eb2a,rbpg-exec-a795a1d0cf114c8c8b14d235badf642d,796:train:d103_u6,43dd0c2eab544f91f10b8515e4735986,0,0,0,clean,0,not_invoked,,0,0,0.0,0.0002999986463692039,9.999894245993346e-05,0.0026999987312592566,0.0022999993234407157,0.0072999991971300915
797,797,train:d103_u7,,,,,,never,3,0,0,0,0,0,rbpg-3e212e568f3d314e0ee8eb2a,rbpg-3e212e568f3d314e0ee8eb2a,rbpg-exec-a795a1d0cf114c8c8b14d235badf642d,797:train:d103_u7,6b76b1c9e790ef2daa9fa0a55cdc08e9,0,0,0,clean,0,not_invoked,,0,0,0.0,0.00030000046535860747,9.999894245993346e-05,0.00270000055024866,0.002200000380980782,0.007200000254670158
798,798,train:d104_u1,,,,,,never,3,0,0,0,0,0,rbpg-3e212e568f3d314e0ee8eb2a,rbpg-3e212e568f3d314e0ee8eb2a,rbpg-exec-a795a1d0cf114c8c8b14d235badf642d,798:train:d104_u1,84c110883751167adbba60d9dab221bc,0,0,0,clean,0,not_invoked,,0,0,0.0,0.00030000046535860747,0.000100000761449337,0.0026000016077887267,0.0024000000848900527,0.007300001016119495
799,799,train:d106_u0,,,,,,never,3,0,0,0,0,0,rbpg-3e212e568f3d314e0ee8eb2a,rbpg-3e212e568f3d314e0ee8eb2a,rbpg-exec-a795a1d0cf114c8c8b14d235badf642d,799:train:d106_u0,d345c0d0b672a2255428d53044639947,0,0,0,clean,0,not_invoked,,0,0,0.0,0.0002999986463692039,0.00019999970390927047,0.0027999994927085936,0.0021999985619913787,0.007300001016119495
800,800,train:d106_u2,,,,,,never,3,0,0,0,0,0,rbpg-3e212e568f3d314e0ee8eb2a,rbpg-3e212e568f3d314e0ee8eb2a,rbpg-exec-a795a1d0cf114c8c8b14d235badf642d,800:train:d106_u2,bd9fdee2c6ebf67cd0671bfb05ab5875,0,0,0,clean,0,not_invoked,,0,0,0.0,0.0002999986463692039,0.000100000761449337,0.0026999987312592566,0.002200000380980782,0.007200000254670158
801,801,train:d106_u3,,,,,,never,3,0,0,0,0,0,rbpg-3e212e568f3d314e0ee8eb2a,rbpg-3e212e568f3d314e0ee8eb2a,rbpg-exec-a795a1d0cf114c8c8b14d235badf642d,801:train:d106_u3,300428c8af913363bf49e35be9812175,0,0,0,clean,0,not_invoked,,0,0,0.0,0.00030000046535860747,9.999894245993346e-05,0.00270000055024866,0.0022999993234407157,0.007200000254670158
802,802,train:d106_u4,,,,,,never,3,0,0,0,0,0,rbpg-3e212e568f3d314e0ee8eb2a,rbpg-3e212e568f3d314e0ee8eb2a,rbpg-exec-a795a1d0cf114c8c8b14d235badf642d,802:train:d106_u4,87a2284c204d605500f95f41c735e423,0,0,0,clean,0,not_invoked,,0,0,0.0,0.0002999986463692039,0.00019999970390927047,0.0027999994927085936,0.0021999985619913787,0.0072999991971300915
803,803,train:d107_u0,,,,,,never,3,0,0,0,0,0,rbpg-3e212e568f3d314e0ee8eb2a,rbpg-3e212e568f3d314e0ee8eb2a,rbpg-exec-a795a1d0cf114c8c8b14d235badf642d,803:train:d107_u0,24b7ced4ec5f1e4918fa5e962d2706d2,0,0,0,clean,0,not_invoked,,0,0,0.0,0.00030000046535860747,0.000200001522898674,0.00270000055024866,0.0022999993234407157,0.007200000254670158
804,804,train:d107_u1,,,,,,never,3,0,0,0,0,0,rbpg-3e212e568f3d314e0ee8eb2a,rbpg-3e212e568f3d314e0ee8eb2a,rbpg-exec-a795a1d0cf114c8c8b14d235badf642d,804:train:d107_u1,b08468dcb18230bca0da52ae6a7cfc84,0,0,0,clean,0,not_invoked,,0,0,0.0,0.00030000046535860747,0.00019999970390927047,0.0029000002541579306,0.002200000380980782,0.0075000007200287655
805,805,train:d107_u2,,,,,,never,3,0,0,0,0,0,rbpg-3e212e568f3d314e0ee8eb2a,rbpg-3e212e568f3d314e0ee8eb2a,rbpg-exec-a795a1d0cf114c8c8b14d235badf642d,805:train:d107_u2,cfe6ffb5d5a894353285ecd68f325548,0,0,0,clean,0,not_invoked,,0,0,0.0,0.0002999986463692039,0.000100000761449337,0.00270000055024866,0.0022999993234407157,0.0073999999585794285
806,806,train:d107_u4,,,,,,never,3,0,0,0,0,0,rbpg-3e212e568f3d314e0ee8eb2a,rbpg-3e212e568f3d314e0ee8eb2a,rbpg-exec-a795a1d0cf114c8c8b14d235badf642d,806:train:d107_u4,c1b0681971da901ea6113ed40a2d73a9,0,0,0,clean,0,not_invoked,,0,0,0.0,0.00030000046535860747,0.000100000761449337,0.002599999788799323,0.0022999993234407157,0.007200000254670158
807,807,train:d107_u5,,,,,,never,3,0,0,0,0,0,rbpg-3e212e568f3d314e0ee8eb2a,rbpg-3e212e568f3d314e0ee8eb2a,rbpg-exec-a795a1d0cf114c8c8b14d235badf642d,807:train:d107_u5,37c6ac0439156d07206d306d5aa9898b,0,0,0,clean,0,not_invoked,,0,0,0.0,0.00030000046535860747,0.00019999970390927047,0.00270000055024866,0.002200000380980782,0.007200000254670158
808,808,train:d107_u6,,,,,,never,3,0,0,0,0,0,rbpg-3e212e568f3d314e0ee8eb2a,rbpg-3e212e568f3d314e0ee8eb2a,rbpg-exec-a795a1d0cf114c8c8b14d235badf642d,808:train:d107_u6,87f7359d5a9c07bc26fdb8f821b6dfde,0,0,0,clean,0,not_invoked,,0,0,0.0,0.00030000046535860747,0.000100000761449337,0.00270000055024866,0.0022999993234407157,0.007300001016119495
809,809,train:d107_u7,,,,,,never,3,0,0,0,0,0,rbpg-3e212e568f3d314e0ee8eb2a,rbpg-3e212e568f3d314e0ee8eb2a,rbpg-exec-a795a1d0cf114c8c8b14d235badf642d,809:train:d107_u7,d489fdc462168d27b48803f9e7cf4583,0,0,0,clean,0,not_invoked,,0,0,0.0,0.00030000046535860747,0.00019999970390927047,0.00270000055024866,0.002300001142430119,0.0072999991971300915
810,810,train:d107_u8,,,,,,never,3,0,0,0,0,0,rbpg-3e212e568f3d314e0ee8eb2a,rbpg-3e212e568f3d314e0ee8eb2a,rbpg-exec-a795a1d0cf114c8c8b14d235badf642d,810:train:d107_u8,ce49a0d0882edeeb6bc7d67b411c6d0e,0,0,0,clean,0,not_invoked,,0,0,0.0,0.0002999986463692039,0.00019999970390927047,0.0027999994927085936,0.0021999985619913787,0.0072999991971300915
811,811,train:d107_u9,,,,,,never,3,0,0,0,0,0,rbpg-3e212e568f3d314e0ee8eb2a,rbpg-3e212e568f3d314e0ee8eb2a,rbpg-exec-a795a1d0cf114c8c8b14d235badf642d,811:train:d107_u9,40e2cbec0449aef98e1c11dfe6b23da4,0,0,0,clean,0,not_invoked,,0,0,0.0,0.00030000046535860747,0.000100000761449337,0.002599999788799323,0.0024000000848900527,0.0072999991971300915
812,812,train:d107_u10,,,,,,never,3,0,0,0,0,0,rbpg-3e212e568f3d314e0ee8eb2a,rbpg-3e212e568f3d314e0ee8eb2a,rbpg-exec-a795a1d0cf114c8c8b14d235badf642d,812:train:d107_u10,047d240a62ccf454b4ae708047d08f99,0,0,0,clean,0,not_invoked,,0,0,0.0,0.0002999986463692039,0.00019999970390927047,0.0027999994927085936,0.0022999993234407157,0.0073999999585794285
813,813,train:d108_u0,,,,,,never,3,0,0,0,0,0,rbpg-3e212e568f3d314e0ee8eb2a,rbpg-3e212e568f3d314e0ee8eb2a,rbpg-exec-a795a1d0cf114c8c8b14d235badf642d,813:train:d108_u0,f123aaee578bce8e5f883101de382d08,0,0,0,clean,0,not_invoked,,0,0,0.0,0.00030000046535860747,0.000200001522898674,0.00270000055024866,0.002300001142430119,0.0073999999585794285
814,814,train:d108_u1,,,,,,never,3,0,0,0,0,0,rbpg-3e212e568f3d314e0ee8eb2a,rbpg-3e212e568f3d314e0ee8eb2a,rbpg-exec-a795a1d0cf114c8c8b14d235badf642d,814:train:d108_u1,c3fad47ddf955afc039948700f9bfbd0,0,0,0,clean,0,not_invoked,,0,0,0.0,0.00030000046535860747,0.00019999970390927047,0.0026000016077887267,0.0022999993234407157,0.0072999991971300915
815,815,train:d108_u2,,,,,,never,3,0,0,0,0,0,rbpg-3e212e568f3d314e0ee8eb2a,rbpg-3e212e568f3d314e0ee8eb2a,rbpg-exec-a795a1d0cf114c8c8b14d235badf642d,815:train:d108_u2,032ed0e8136c9d72048691cd746b02ca,0,0,0,clean,0,not_invoked,,0,0,0.0,0.00030000046535860747,0.000100000761449337,0.00270000055024866,0.0022999993234407157,0.007300001016119495
816,816,train:d108_u3,,,,,,never,3,0,0,0,0,0,rbpg-3e212e568f3d314e0ee8eb2a,rbpg-3e212e568f3d314e0ee8eb2a,rbpg-exec-a795a1d0cf114c8c8b14d235badf642d,816:train:d108_u3,384d2c511950bdb0a4d0540221846667,0,0,0,clean,0,not_invoked,,0,0,0.0,0.00019999970390927047,0.000100000761449337,0.00270000055024866,0.002300001142430119,0.0073999999585794285
817,817,train:d108_u4,,,,,,never,3,0,0,0,0,0,rbpg-3e212e568f3d314e0ee8eb2a,rbpg-3e212e568f3d314e0ee8eb2a,rbpg-exec-a795a1d0cf114c8c8b14d235badf642d,817:train:d108_u4,8c32d955fa47ecea876bc9751fb5a761,0,0,0,clean,0,not_invoked,,0,0,0.0,0.00030000046535860747,0.00019999970390927047,0.00270000055024866,0.002200000380980782,0.007200000254670158
818,818,train:d108_u5,,,,,,never,3,0,0,0,0,0,rbpg-3e212e568f3d314e0ee8eb2a,rbpg-3e212e568f3d314e0ee8eb2a,rbpg-exec-a795a1d0cf114c8c8b14d235badf642d,818:train:d108_u5,92a339e6a9bfc704f40ecffcb6a14fc4,0,0,0,clean,0,not_invoked,,0,0,0.0,0.00030000046535860747,0.00019999970390927047,0.00270000055024866,0.002200000380980782,0.007200000254670158
819,819,train:d108_u6,,,,,,never,3,0,0,0,0,0,rbpg-3e212e568f3d314e0ee8eb2a,rbpg-3e212e568f3d314e0ee8eb2a,rbpg-exec-a795a1d0cf114c8c8b14d235badf642d,819:train:d108_u6,95ed6803f21bb23dc399b713c133f00e,0,0,0,clean,0,not_invoked,,0,0,0.0,0.00030000046535860747,0.000100000761449337,0.002800001311697997,0.002200000380980782,0.0073999999585794285
820,820,train:d109_u0,,,,,,never,3,0,0,0,0,0,rbpg-3e212e568f3d314e0ee8eb2a,rbpg-3e212e568f3d314e0ee8eb2a,rbpg-exec-a795a1d0cf114c8c8b14d235badf642d,820:train:d109_u0,a5d3fb12019337ab3ffc5e36e1f508bd,0,0,0,clean,0,not_invoked,,0,0,0.0,0.00030000046535860747,0.000200001522898674,0.002599999788799323,0.0022999993234407157,0.007300001016119495
821,821,train:d109_u3,,,,,,never,3,0,0,0,0,0,rbpg-3e212e568f3d314e0ee8eb2a,rbpg-3e212e568f3d314e0ee8eb2a,rbpg-exec-a795a1d0cf114c8c8b14d235badf642d,821:train:d109_u3,e937522568f68c3b00c35e404255cb98,0,0,0,clean,0,not_invoked,,0,0,0.0,0.0002999986463692039,9.999894245993346e-05,0.0026999987312592566,0.0022999993234407157,0.0072999991971300915
822,822,train:d109_u4,,,,,,never,3,0,0,0,0,0,rbpg-3e212e568f3d314e0ee8eb2a,rbpg-3e212e568f3d314e0ee8eb2a,rbpg-exec-a795a1d0cf114c8c8b14d235badf642d,822:train:d109_u4,40c10ad3ea4ccb2eb4ed104ef0bf9352,0,0,0,clean,0,not_invoked,,0,0,0.0,0.00030000046535860747,0.00019999970390927047,0.002800001311697997,0.0022999993234407157,0.0073999999585794285
823,823,train:d109_u5,,,,,,never,3,0,0,0,0,0,rbpg-3e212e568f3d314e0ee8eb2a,rbpg-3e212e568f3d314e0ee8eb2a,rbpg-exec-a795a1d0cf114c8c8b14d235badf642d,823:train:d109_u5,e4c4fb2c973609fe09709c7bc5caff02,0,0,0,clean,0,not_invoked,,0,0,0.0,0.0002999986463692039,0.000200001522898674,0.0026999987312592566,0.0022999993234407157,0.007300001016119495
824,824,train:d109_u6,,,,,,never,3,0,0,0,0,0,rbpg-3e212e568f3d314e0ee8eb2a,rbpg-3e212e568f3d314e0ee8eb2a,rbpg-exec-a795a1d0cf114c8c8b14d235badf642d,824:train:d109_u6,c86e323c8be446e4ced445762710d119,0,0,0,clean,0,not_invoked,,0,0,0.0,0.0002999986463692039,0.00019999970390927047,0.0026999987312592566,0.0022999993234407157,0.007300001016119495
825,825,train:d109_u7,,,,,,never,3,0,0,0,0,0,rbpg-3e212e568f3d314e0ee8eb2a,rbpg-3e212e568f3d314e0ee8eb2a,rbpg-exec-a795a1d0cf114c8c8b14d235badf642d,825:train:d109_u7,169a6067e01fe3b854cb26a9bfddc209,0,0,0,clean,0,not_invoked,,0,0,0.0,0.00030000046535860747,9.999894245993346e-05,0.00270000055024866,0.0022999993234407157,0.0072999991971300915
826,826,train:d109_u8,,,,,,never,3,0,0,0,0,0,rbpg-3e212e568f3d314e0ee8eb2a,rbpg-3e212e568f3d314e0ee8eb2a,rbpg-exec-a795a1d0cf114c8c8b14d235badf642d,826:train:d109_u8,d8097652e82edccd809f394caa6032f6,0,0,0,clean,0,not_invoked,,0,0,0.0,0.00019999970390927047,9.999894245993346e-05,0.00270000055024866,0.002200000380980782,0.007300001016119495
827,827,train:d109_u9,,,,,,never,3,0,0,0,0,0,rbpg-3e212e568f3d314e0ee8eb2a,rbpg-3e212e568f3d314e0ee8eb2a,rbpg-exec-a795a1d0cf114c8c8b14d235badf642d,827:train:d109_u9,42aa426f076e31f09b7c5d24a95e0925,0,0,0,clean,0,not_invoked,,0,0,0.0,0.00030000046535860747,0.00019999970390927047,0.002599999788799323,0.0022999993234407157,0.007300001016119495
828,828,train:d109_u10,,,,,,never,3,0,0,0,0,0,rbpg-3e212e568f3d314e0ee8eb2a,rbpg-3e212e568f3d314e0ee8eb2a,rbpg-exec-a795a1d0cf114c8c8b14d235badf642d,828:train:d109_u10,595815f7a4849789adecb5f5215e4cd1,0,0,0,clean,0,not_invoked,,0,0,0.0,0.00030000046535860747,0.000100000761449337,0.002800001311697997,0.002200000380980782,0.0073999999585794285
829,829,train:d109_u11,,,,,,never,3,0,0,0,0,0,rbpg-3e212e568f3d314e0ee8eb2a,rbpg-3e212e568f3d314e0ee8eb2a,rbpg-exec-a795a1d0cf114c8c8b14d235badf642d,829:train:d109_u11,d0382206cab9c97bcf790ccb2fefe83b,0,0,0,clean,0,not_invoked,,0,0,0.0,0.0002999986463692039,0.00019999970390927047,0.0027999994927085936,0.0022999993234407157,0.0073999999585794285
830,830,train:d109_u12,,,,,,never,3,0,0,0,0,0,rbpg-3e212e568f3d314e0ee8eb2a,rbpg-3e212e568f3d314e0ee8eb2a,rbpg-exec-a795a1d0cf114c8c8b14d235badf642d,830:train:d109_u12,4a4323b1fb64c23bfc6e0e503eff9e01,0,0,0,clean,0,not_invoked,,0,0,0.0,0.0002999986463692039,9.999894245993346e-05,0.0026999987312592566,0.0022999993234407157,0.0073999999585794285
831,831,train:d109_u13,,,,,,never,3,0,0,0,0,0,rbpg-3e212e568f3d314e0ee8eb2a,rbpg-3e212e568f3d314e0ee8eb2a,rbpg-exec-a795a1d0cf114c8c8b14d235badf642d,831:train:d109_u13,da7bf9b4887c544e32a4ecb86125a7c3,0,0,0,clean,0,not_invoked,,0,0,0.0,0.00030000046535860747,0.000100000761449337,0.002800001311697997,0.002200000380980782,0.007499998901039362
832,832,train:d109_u14,,,,,,never,3,0,0,0,0,0,rbpg-3e212e568f3d314e0ee8eb2a,rbpg-3e212e568f3d314e0ee8eb2a,rbpg-exec-a795a1d0cf114c8c8b14d235badf642d,832:train:d109_u14,8b25e983d8e5354e7228f71ef82b136c,0,0,0,clean,0,not_invoked,,0,0,0.0,0.00030000046535860747,0.000200001522898674,0.0026999987312592566,0.002200000380980782,0.007300001016119495
833,833,train:d109_u15,,,,,,never,3,0,0,0,0,0,rbpg-3e212e568f3d314e0ee8eb2a,rbpg-3e212e568f3d314e0ee8eb2a,rbpg-exec-a795a1d0cf114c8c8b14d235badf642d,833:train:d109_u15,bff02372180fc6369e8271d8a1358ca4,0,0,0,clean,0,not_invoked,,0,0,0.0,0.0002999986463692039,0.00019999970390927047,0.002599999788799323,0.0022999993234407157,0.007200000254670158
834,834,train:d109_u20,,,,,,never,3,0,0,0,0,0,rbpg-3e212e568f3d314e0ee8eb2a,rbpg-3e212e568f3d314e0ee8eb2a,rbpg-exec-a795a1d0cf114c8c8b14d235badf642d,834:train:d109_u20,fae60961287d74a87befe11f8c023704,0,0,0,clean,0,not_invoked,,0,0,0.0,0.00030000046535860747,0.00019999970390927047,0.002599999788799323,0.0021999985619913787,0.007300001016119495
835,835,train:d109_u21,,,,,,never,3,0,0,0,0,0,rbpg-3e212e568f3d314e0ee8eb2a,rbpg-3e212e568f3d314e0ee8eb2a,rbpg-exec-a795a1d0cf114c8c8b14d235badf642d,835:train:d109_u21,e2c2eef3f31835c142d458de6638975f,0,0,0,clean,0,not_invoked,,0,0,0.0,0.00030000046535860747,0.000100000761449337,0.00270000055024866,0.002300001142430119,0.0073999999585794285
836,836,train:d110_u0,,,,,,never,3,0,0,0,0,0,rbpg-3e212e568f3d314e0ee8eb2a,rbpg-3e212e568f3d314e0ee8eb2a,rbpg-exec-a795a1d0cf114c8c8b14d235badf642d,836:train:d110_u0,71178e4ae89087b1c3510c498641d9ff,0,0,0,clean,0,not_invoked,,0,0,0.0,0.00030000046535860747,9.999894245993346e-05,0.00270000055024866,0.002200000380980782,0.0073999999585794285
837,837,train:d110_u3,,,,,,never,3,0,0,0,0,0,rbpg-3e212e568f3d314e0ee8eb2a,rbpg-3e212e568f3d314e0ee8eb2a,rbpg-exec-a795a1d0cf114c8c8b14d235badf642d,837:train:d110_u3,c923b6e7d2c6fbb5de275a081adea84c,0,0,0,clean,0,not_invoked,,0,0,0.0,0.0002999986463692039,0.000100000761449337,0.00270000055024866,0.002300001142430119,0.0073999999585794285
838,838,train:d110_u4,,,,,,never,3,0,0,0,0,0,rbpg-3e212e568f3d314e0ee8eb2a,rbpg-3e212e568f3d314e0ee8eb2a,rbpg-exec-a795a1d0cf114c8c8b14d235badf642d,838:train:d110_u4,223bd5b8597b3689df0da611db64f8c8,0,0,0,clean,0,not_invoked,,0,0,0.0,0.00030000046535860747,0.000200001522898674,0.00270000055024866,0.002200000380980782,0.007300001016119495
839,839,train:d110_u5,,,,,,never,3,0,0,0,0,0,rbpg-3e212e568f3d314e0ee8eb2a,rbpg-3e212e568f3d314e0ee8eb2a,rbpg-exec-a795a1d0cf114c8c8b14d235badf642d,839:train:d110_u5,e8d5958aff5d07226614cd1a22404459,0,0,0,clean,0,not_invoked,,0,0,0.0,0.00030000046535860747,0.000100000761449337,0.002599999788799323,0.0022999993234407157,0.007200000254670158
840,840,train:d111_u0,,,,,,never,3,0,0,0,0,0,rbpg-3e212e568f3d314e0ee8eb2a,rbpg-3e212e568f3d314e0ee8eb2a,rbpg-exec-a795a1d0cf114c8c8b14d235badf642d,840:train:d111_u0,ef73b37757aadc778c0101e3b474eb7e,0,0,0,clean,0,not_invoked,,0,0,0.0,0.00030000046535860747,9.999894245993346e-05,0.0026999987312592566,0.002200000380980782,0.0072999991971300915
841,841,train:d111_u2,,,,,,never,3,0,0,0,0,0,rbpg-3e212e568f3d314e0ee8eb2a,rbpg-3e212e568f3d314e0ee8eb2a,rbpg-exec-a795a1d0cf114c8c8b14d235badf642d,841:train:d111_u2,093b1a6a8a050dba7ad9ef3de24fc852,0,0,0,clean,0,not_invoked,,0,0,0.0,0.00030000046535860747,0.00019999970390927047,0.002599999788799323,0.0021999985619913787,0.007200000254670158
842,842,train:d111_u3,,,,,,never,3,0,0,0,0,0,rbpg-3e212e568f3d314e0ee8eb2a,rbpg-3e212e568f3d314e0ee8eb2a,rbpg-exec-a795a1d0cf114c8c8b14d235badf642d,842:train:d111_u3,30435a72cd5b414966d96ecc0d2081fe,0,0,0,clean,0,not_invoked,,0,0,0.0,0.00030000046535860747,0.00019999970390927047,0.00270000055024866,0.0022999993234407157,0.007200000254670158
843,843,train:d111_u7,,,,,,never,3,0,0,0,0,0,rbpg-3e212e568f3d314e0ee8eb2a,rbpg-3e212e568f3d314e0ee8eb2a,rbpg-exec-a795a1d0cf114c8c8b14d235badf642d,843:train:d111_u7,cf9e6b46a89cd1bcc56e935e0540b346,0,0,0,clean,0,not_invoked,,0,0,0.0,0.00030000046535860747,9.999894245993346e-05,0.002599999788799323,0.0022999993234407157,0.007200000254670158
844,844,train:d111_u9,,,,,,never,3,0,0,0,0,0,rbpg-3e212e568f3d314e0ee8eb2a,rbpg-3e212e568f3d314e0ee8eb2a,rbpg-exec-a795a1d0cf114c8c8b14d235badf642d,844:train:d111_u9,5c3546c8c0da0d96a01b492533b94b72,0,0,0,clean,0,not_invoked,,0,0,0.0,0.00030000046535860747,0.000100000761449337,0.0029000002541579306,0.002200000380980782,0.0073999999585794285
845,845,train:d111_u11,,,,,,never,3,0,0,0,0,0,rbpg-3e212e568f3d314e0ee8eb2a,rbpg-3e212e568f3d314e0ee8eb2a,rbpg-exec-a795a1d0cf114c8c8b14d235badf642d,845:train:d111_u11,a6a998cb2da0c4cb373d68ea3f84b9b1,0,0,0,clean,0,not_invoked,,0,0,0.0,0.00030000046535860747,0.000100000761449337,0.00270000055024866,0.0022999993234407157,0.007200000254670158
846,846,train:d111_u12,,,,,,never,3,0,0,0,0,0,rbpg-3e212e568f3d314e0ee8eb2a,rbpg-3e212e568f3d314e0ee8eb2a,rbpg-exec-a795a1d0cf114c8c8b14d235badf642d,846:train:d111_u12,9fb9a923d9732695390058f7e4ccbf57,0,0,0,clean,0,not_invoked,,0,0,0.0,0.00030000046535860747,0.000100000761449337,0.00270000055024866,0.002200000380980782,0.007200000254670158
847,847,train:d111_u14,,,,,,never,3,0,0,0,0,0,rbpg-3e212e568f3d314e0ee8eb2a,rbpg-3e212e568f3d314e0ee8eb2a,rbpg-exec-a795a1d0cf114c8c8b14d235badf642d,847:train:d111_u14,33d709704326e48e13bd16d7da21206e,0,0,0,clean,0,not_invoked,,0,0,0.0,0.00019999970390927047,0.000100000761449337,0.002599999788799323,0.0022999993234407157,0.007300001016119495
848,848,train:d112_u2,,,,,,never,3,0,0,0,0,0,rbpg-3e212e568f3d314e0ee8eb2a,rbpg-3e212e568f3d314e0ee8eb2a,rbpg-exec-a795a1d0cf114c8c8b14d235badf642d,848:train:d112_u2,5fa5ab14896f14ed1bb86fce88bfb204,0,0,0,clean,0,not_invoked,,0,0,0.0,0.00030000046535860747,0.000200001522898674,0.00270000055024866,0.002200000380980782,0.007300001016119495
849,849,train:d112_u3,,,,,,never,3,0,0,0,0,0,rbpg-3e212e568f3d314e0ee8eb2a,rbpg-3e212e568f3d314e0ee8eb2a,rbpg-exec-a795a1d0cf114c8c8b14d235badf642d,849:train:d112_u3,37f0c0fe630e34452575b3800815e5c3,0,0,0,clean,0,not_invoked,,0,0,0.0,0.00030000046535860747,0.00019999970390927047,0.002599999788799323,0.002300001142430119,0.0072999991971300915
850,850,train:d113_u0,,,,,,never,3,0,0,0,0,0,rbpg-3e212e568f3d314e0ee8eb2a,rbpg-3e212e568f3d314e0ee8eb2a,rbpg-exec-a795a1d0cf114c8c8b14d235badf642d,850:train:d113_u0,845e9944422bc1bc09125de446fdadd5,0,0,0,clean,0,not_invoked,,0,0,0.0,0.00030000046535860747,0.00019999970390927047,0.0029000002541579306,0.002300001142430119,0.007700000423938036
851,851,train:d113_u1,,,,,,never,3,0,0,0,0,0,rbpg-3e212e568f3d314e0ee8eb2a,rbpg-3e212e568f3d314e0ee8eb2a,rbpg-exec-a795a1d0cf114c8c8b14d235badf642d,851:train:d113_u1,fdcf0a62080fd91bcdf639777a525e8d,0,0,0,clean,0,not_invoked,,0,0,0.0,0.0002999986463692039,0.00019999970390927047,0.00270000055024866,0.002399998265900649,0.0073999999585794285
852,852,train:d113_u2,,,,,,never,3,0,0,0,0,0,rbpg-3e212e568f3d314e0ee8eb2a,rbpg-3e212e568f3d314e0ee8eb2a,rbpg-exec-a795a1d0cf114c8c8b14d235badf642d,852:train:d113_u2,d85a460cc78cd206b824ad0070119184,0,0,0,clean,0,not_invoked,,0,0,0.0,0.0002999986463692039,0.00019999970390927047,0.02300000051036477,0.002499999027349986,0.02789999962260481
853,853,train:d113_u3,,,,,,never,3,0,0,0,0,0,rbpg-3e212e568f3d314e0ee8eb2a,rbpg-3e212e568f3d314e0ee8eb2a,rbpg-exec-a795a1d0cf114c8c8b14d235badf642d,853:train:d113_u3,a3cce79ec3d585e630de7bd4afe9e032,0,0,0,clean,0,not_invoked,,0,0,0.0,0.00039999940781854093,0.020899999071843922,0.0034000004234258085,0.0026999987312592566,0.029400000130408444
854,854,train:d113_u4,,,,,,never,3,0,0,0,0,0,rbpg-3e212e568f3d314e0ee8eb2a,rbpg-3e212e568f3d314e0ee8eb2a,rbpg-exec-a795a1d0cf114c8c8b14d235badf642d,854:train:d113_u4,bd71b009cd50451380f0dc519f493bd6,0,0,0,clean,0,not_invoked,,0,0,0.0,0.00039999940781854093,0.000200001522898674,0.003499999365885742,0.00270000055024866,0.0090000012278324
855,855,train:d113_u5,,,,,,never,3,0,0,0,0,0,rbpg-3e212e568f3d314e0ee8eb2a,rbpg-3e212e568f3d314e0ee8eb2a,rbpg-exec-a795a1d0cf114c8c8b14d235badf642d,855:train:d113_u5,817567195d6dd1aac24b8a7f275f694d,0,0,0,clean,0,not_invoked,,0,0,0.0,0.00039999940781854093,0.000100000761449337,0.003200000719516538,0.0027999994927085936,0.008700000762473792
856,856,train:d113_u6,,,,,,never,3,0,0,0,0,0,rbpg-3e212e568f3d314e0ee8eb2a,rbpg-3e212e568f3d314e0ee8eb2a,rbpg-exec-a795a1d0cf114c8c8b14d235badf642d,856:train:d113_u6,3049e68b5deabd907ab63d7e54aa2987,0,0,0,clean,0,not_invoked,,0,0,0.0,0.00039999940781854093,0.00019999970390927047,0.019400000383029692,0.0031000017770566046,0.025299999833805487
857,857,train:d113_u7,,,,,,never,3,0,0,0,0,0,rbpg-3e212e568f3d314e0ee8eb2a,rbpg-3e212e568f3d314e0ee8eb2a,rbpg-exec-a795a1d0cf114c8c8b14d235badf642d,857:train:d113_u7,6b534025652f35aaf190f7bb0772bd8a,0,0,0,clean,0,not_invoked,,0,0,0.0,0.0004000012268079445,0.00019999970390927047,0.0037999998312443495,0.00270000055024866,0.009599998520570807
858,858,train:d113_u8,,,,,,never,3,0,0,0,0,0,rbpg-3e212e568f3d314e0ee8eb2a,rbpg-3e212e568f3d314e0ee8eb2a,rbpg-exec-a795a1d0cf114c8c8b14d235badf642d,858:train:d113_u8,8cb915ce085acb4f255637afe270ab0b,0,0,0,clean,0,not_invoked,,0,0,0.0,0.0002999986463692039,0.00019999970390927047,0.0034000004234258085,0.00270000055024866,0.008900000466383062
859,859,train:d113_u9,,,,,,never,3,0,0,0,0,0,rbpg-3e212e568f3d314e0ee8eb2a,rbpg-3e212e568f3d314e0ee8eb2a,rbpg-exec-a795a1d0cf114c8c8b14d235badf642d,859:train:d113_u9,8478605380b76a0a83763fb49758a92a,0,0,0,clean,0,not_invoked,,0,0,0.0,0.00030000046535860747,0.000200001522898674,0.01779999911377672,0.002599999788799323,0.023299999156733975
860,860,train:d113_u10,,,,,,never,3,0,0,0,0,0,rbpg-3e212e568f3d314e0ee8eb2a,rbpg-3e212e568f3d314e0ee8eb2a,rbpg-exec-a795a1d0cf114c8c8b14d235badf642d,860:train:d113_u10,26dca5fcd2aa8afff9679b02069b9db4,0,0,0,clean,0,not_invoked,,0,0,0.0,0.00030000046535860747,0.000100000761449337,0.0032999996619764715,0.0026000016077887267,0.008600000001024455
861,861,train:d114_u0,,,,,,never,3,0,0,0,0,0,rbpg-3e212e568f3d314e0ee8eb2a,rbpg-3e212e568f3d314e0ee8eb2a,rbpg-exec-a795a1d0cf114c8c8b14d235badf642d,861:train:d114_u0,650de3d72330ae86d756e8e6ae743263,0,0,0,clean,0,not_invoked,,0,0,0.0,0.00039999940781854093,0.000100000761449337,0.01739999970595818,0.0024000000848900527,0.022500000341096893
862,862,train:d114_u2,,,,,,never,3,0,0,0,0,0,rbpg-3e212e568f3d314e0ee8eb2a,rbpg-3e212e568f3d314e0ee8eb2a,rbpg-exec-a795a1d0cf114c8c8b14d235badf642d,862:train:d114_u2,879dfacce1d0708360e8a56b45242e8f,0,0,0,clean,0,not_invoked,,0,0,0.0,0.00030000046535860747,0.00019999970390927047,0.018000000636675395,0.0024000000848900527,0.022700000045006163
863,863,train:d114_u3,,,,,,never,3,0,0,0,0,0,rbpg-3e212e568f3d314e0ee8eb2a,rbpg-3e212e568f3d314e0ee8eb2a,rbpg-exec-a795a1d0cf114c8c8b14d235badf642d,863:train:d114_u3,8b74e536be33f25e46de5d30278799b8,0,0,0,clean,0,not_invoked,,0,0,0.0,0.00030000046535860747,0.00019999970390927047,0.0029000002541579306,0.0024000000848900527,0.02719999974942766
864,864,train:d114_u4,,,,,,never,3,0,0,0,0,0,rbpg-3e212e568f3d314e0ee8eb2a,rbpg-3e212e568f3d314e0ee8eb2a,rbpg-exec-a795a1d0cf114c8c8b14d235badf642d,864:train:d114_u4,ea24009bd2b0b942f16dc0a8dc28266f,0,0,0,clean,0,not_invoked,,0,0,0.0,0.00039999940781854093,0.000100000761449337,0.0027999994927085936,0.0024000000848900527,0.007599999662488699
865,865,train:d115_u0,,,,,,never,3,0,0,0,0,0,rbpg-3e212e568f3d314e0ee8eb2a,rbpg-3e212e568f3d314e0ee8eb2a,rbpg-exec-a795a1d0cf114c8c8b14d235badf642d,865:train:d115_u0,1c0fb948f675a685d9e5630c195b2411,0,0,0,clean,0,not_invoked,,0,0,0.0,0.0004000012268079445,0.000100000761449337,0.002999999196617864,0.0022999993234407157,0.007700000423938036
866,866,train:d115_u1,,,,,,never,3,0,0,0,0,0,rbpg-3e212e568f3d314e0ee8eb2a,rbpg-3e212e568f3d314e0ee8eb2a,rbpg-exec-a795a1d0cf114c8c8b14d235badf642d,866:train:d115_u1,36ad829b3a05f8335f74b75e717ffee4,0,0,0,clean,0,not_invoked,,0,0,0.0,0.0002999986463692039,0.000100000761449337,0.0029000002541579306,0.002499999027349986,0.007799999366397969
867,867,train:d115_u2,,,,,,never,3,0,0,0,0,0,rbpg-3e212e568f3d314e0ee8eb2a,rbpg-3e212e568f3d314e0ee8eb2a,rbpg-exec-a795a1d0cf114c8c8b14d235badf642d,867:train:d115_u2,3cdc16846982c549bb244d184f13b377,0,0,0,clean,0,not_invoked,,0,0,0.0,0.0002999986463692039,0.000100000761449337,0.0027999994927085936,0.0024000000848900527,0.007700000423938036
868,868,train:d115_u3,,,,,,never,3,0,0,0,0,0,rbpg-3e212e568f3d314e0ee8eb2a,rbpg-3e212e568f3d314e0ee8eb2a,rbpg-exec-a795a1d0cf114c8c8b14d235badf642d,868:train:d115_u3,8e82b0f80513b1fe1487e5bacc9ce1cd,0,0,0,clean,0,not_invoked,,0,0,0.0,0.00039999940781854093,0.00019999970390927047,0.0027999994927085936,0.0024000000848900527,0.007700000423938036
869,869,train:d115_u4,,,,,,never,3,0,0,0,0,0,rbpg-3e212e568f3d314e0ee8eb2a,rbpg-3e212e568f3d314e0ee8eb2a,rbpg-exec-a795a1d0cf114c8c8b14d235badf642d,869:train:d115_u4,df79731785921cda9824e542e5488ad5,0,0,0,clean,0,not_invoked,,0,0,0.0,0.00030000046535860747,0.00019999970390927047,0.0029000002541579306,0.002300001142430119,0.007599999662488699
870,870,train:d115_u5,,,,,,never,3,0,0,0,0,0,rbpg-3e212e568f3d314e0ee8eb2a,rbpg-3e212e568f3d314e0ee8eb2a,rbpg-exec-a795a1d0cf114c8c8b14d235badf642d,870:train:d115_u5,276545cf9c19e5c75ee47454d087c544,0,0,0,clean,0,not_invoked,,0,0,0.0,0.00030000046535860747,0.000100000761449337,0.0029000002541579306,0.0024000000848900527,0.007599999662488699
871,871,train:d116_u0,,,,,,never,3,0,0,0,0,0,rbpg-3e212e568f3d314e0ee8eb2a,rbpg-3e212e568f3d314e0ee8eb2a,rbpg-exec-a795a1d0cf114c8c8b14d235badf642d,871:train:d116_u0,61ebe00e3ca07ae5073616fcad538397,0,0,0,clean,0,not_invoked,,0,0,0.0,0.00030000046535860747,0.000200001522898674,0.00270000055024866,0.0024000000848900527,0.0075000007200287655
872,872,train:d116_u1,,,,,,never,3,0,0,0,0,0,rbpg-3e212e568f3d314e0ee8eb2a,rbpg-3e212e568f3d314e0ee8eb2a,rbpg-exec-a795a1d0cf114c8c8b14d235badf642d,872:train:d116_u1,a46b7d93482580b6ba8f7e98d627db96,0,0,0,clean,0,not_invoked,,0,0,0.0,0.0002999986463692039,0.000200001522898674,0.0027999994927085936,0.0024000000848900527,0.0076000014814781025
873,873,train:d116_u2,,,,,,never,3,0,0,0,0,0,rbpg-3e212e568f3d314e0ee8eb2a,rbpg-3e212e568f3d314e0ee8eb2a,rbpg-exec-a795a1d0cf114c8c8b14d235badf642d,873:train:d116_u2,4f6190e8a2dbff622887a956a9d5cf7a,0,0,0,clean,0,not_invoked,,0,0,0.0,0.0002999986463692039,0.00019999970390927047,0.00270000055024866,0.022700000045006163,0.027799998861155473
874,874,train:d116_u4,,,,,,never,3,0,0,0,0,0,rbpg-3e212e568f3d314e0ee8eb2a,rbpg-3e212e568f3d314e0ee8eb2a,rbpg-exec-a795a1d0cf114c8c8b14d235badf642d,874:train:d116_u4,706329e182a27f4eb3941613f5c30224,0,0,0,clean,0,not_invoked,,0,0,0.0,0.00039999940781854093,0.00019999970390927047,0.003300001480965875,0.002599999788799323,0.008499999239575118
875,875,train:d116_u5,,,,,,never,3,0,0,0,0,0,rbpg-3e212e568f3d314e0ee8eb2a,rbpg-3e212e568f3d314e0ee8eb2a,rbpg-exec-a795a1d0cf114c8c8b14d235badf642d,875:train:d116_u5,b84b1b2e3a63bc23ad68bbd54349440f,0,0,0,clean,0,not_invoked,,0,0,0.0,0.00030000046535860747,0.00019999970390927047,0.003099999958067201,0.002599999788799323,0.00839999847812578
876,876,train:d116_u6,,,,,,never,3,0,0,0,0,0,rbpg-3e212e568f3d314e0ee8eb2a,rbpg-3e212e568f3d314e0ee8eb2a,rbpg-exec-a795a1d0cf114c8c8b14d235badf642d,876:train:d116_u6,f8f9947dd003e1d689f378dd5d750f39,0,0,0,clean,0,not_invoked,,0,0,0.0,0.00030000046535860747,0.000100000761449337,0.003099999958067201,0.0026000016077887267,0.008499999239575118
877,877,train:d116_u7,,,,,,never,3,0,0,0,0,0,rbpg-3e212e568f3d314e0ee8eb2a,rbpg-3e212e568f3d314e0ee8eb2a,rbpg-exec-a795a1d0cf114c8c8b14d235badf642d,877:train:d116_u7,ed04afd13ad77686f62f29d74a9353ee,0,0,0,clean,0,not_invoked,,0,0,0.0,0.00030000046535860747,0.000100000761449337,0.002999999196617864,0.002499999027349986,0.008200000593205914
878,878,train:d117_u0,,,,,,never,3,0,0,0,0,0,rbpg-3e212e568f3d314e0ee8eb2a,rbpg-3e212e568f3d314e0ee8eb2a,rbpg-exec-a795a1d0cf114c8c8b14d235badf642d,878:train:d117_u0,91ed141c978c46282a7a48c4f2bbd4c1,0,0,0,clean,0,not_invoked,,0,0,0.0,0.0002999986463692039,0.00019999970390927047,0.003099999958067201,0.0025000008463393897,0.008200000593205914
879,879,train:d117_u1,,,,,,never,3,0,0,0,0,0,rbpg-3e212e568f3d314e0ee8eb2a,rbpg-3e212e568f3d314e0ee8eb2a,rbpg-exec-a795a1d0cf114c8c8b14d235badf642d,879:train:d117_u1,118f85b1739d4ec1cdc8a93c7c35ef77,0,0,0,clean,0,not_invoked,,0,0,0.0,0.00030000046535860747,0.00019999970390927047,0.003099999958067201,0.002599999788799323,0.008400000297115184
880,880,train:d117_u2,,,,,,never,3,0,0,0,0,0,rbpg-3e212e568f3d314e0ee8eb2a,rbpg-3e212e568f3d314e0ee8eb2a,rbpg-exec-a795a1d0cf114c8c8b14d235badf642d,880:train:d117_u2,969ec339e694f39f8c9682c28b99c828,0,0,0,clean,0,not_invoked,,0,0,0.0,0.00030000046535860747,0.00019999970390927047,0.003099999958067201,0.002599999788799323,0.008500001058564521
881,881,train:d117_u3,,,,,,never,3,0,0,0,0,0,rbpg-3e212e568f3d314e0ee8eb2a,rbpg-3e212e568f3d314e0ee8eb2a,rbpg-exec-a795a1d0cf114c8c8b14d235badf642d,881:train:d117_u3,2554ca1aaec3572c69f491c9d6a989d5,0,0,0,clean,0,not_invoked,,0,0,0.0,0.00039999940781854093,0.00019999970390927047,0.0032999996619764715,0.0027999994927085936,0.008900000466383062
882,882,train:d118_u0,,,,,,never,3,0,0,0,0,0,rbpg-3e212e568f3d314e0ee8eb2a,rbpg-3e212e568f3d314e0ee8eb2a,rbpg-exec-a795a1d0cf114c8c8b14d235badf642d,882:train:d118_u0,28a9fda6bb052defa368917b9b2d13af,0,0,0,clean,0,not_invoked,,0,0,0.0,0.00039999940781854093,0.00019999970390927047,0.0032999996619764715,0.0027999994927085936,0.008900000466383062
883,883,train:d118_u2,,,,,,never,3,0,0,0,0,0,rbpg-3e212e568f3d314e0ee8eb2a,rbpg-3e212e568f3d314e0ee8eb2a,rbpg-exec-a795a1d0cf114c8c8b14d235badf642d,883:train:d118_u2,f183a3d78748b8921b6b7147e734c7ee,0,0,0,clean,0,not_invoked,,0,0,0.0,0.0004000012268079445,0.000100000761449337,0.003399998604436405,0.00270000055024866,0.008799999704933725
884,884,train:d118_u3,,,,,,never,3,0,0,0,0,0,rbpg-3e212e568f3d314e0ee8eb2a,rbpg-3e212e568f3d314e0ee8eb2a,rbpg-exec-a795a1d0cf114c8c8b14d235badf642d,884:train:d118_u3,42813d257e7c16a797a6c94795f6098f,0,0,0,clean,0,not_invoked,,0,0,0.0,0.00039999940781854093,0.000200001522898674,0.0031999989005271345,0.00270000055024866,0.008799999704933725
885,885,train:d118_u4,,,,,,never,3,0,0,0,0,0,rbpg-3e212e568f3d314e0ee8eb2a,rbpg-3e212e568f3d314e0ee8eb2a,rbpg-exec-a795a1d0cf114c8c8b14d235badf642d,885:train:d118_u4,cdcb5e89a389f3634307c3890eb4630d,0,0,0,clean,0,not_invoked,,0,0,0.0,0.00039999940781854093,0.00019999970390927047,0.0031999989005271345,0.00270000055024866,0.008799999704933725
886,886,train:d118_u5,,,,,,never,3,0,0,0,0,0,rbpg-3e212e568f3d314e0ee8eb2a,rbpg-3e212e568f3d314e0ee8eb2a,rbpg-exec-a795a1d0cf114c8c8b14d235badf642d,886:train:d118_u5,bffb9951513ba77731054cea14fc28a8,0,0,0,clean,0,not_invoked,,0,0,0.0,0.00030000046535860747,0.00019999970390927047,0.003200000719516538,0.002800001311697997,0.008799999704933725
887,887,train:d119_u0,,,,,,never,3,0,0,0,0,0,rbpg-3e212e568f3d314e0ee8eb2a,rbpg-3e212e568f3d314e0ee8eb2a,rbpg-exec-a795a1d0cf114c8c8b14d235badf642d,887:train:d119_u0,8582e596a926e44b7f849bd81f5559ec,0,0,0,clean,0,not_invoked,,0,0,0.0,0.00039999940781854093,0.000200001522898674,0.0032999996619764715,0.002800001311697997,0.008999999408842996
888,888,train:d119_u1,,,,,,never,3,0,0,0,0,0,rbpg-3e212e568f3d314e0ee8eb2a,rbpg-3e212e568f3d314e0ee8eb2a,rbpg-exec-a795a1d0cf114c8c8b14d235badf642d,888:train:d119_u1,4a5a75cf6ad1aa9eadf6fb55cc7bc76a,0,0,0,clean,0,not_invoked,,0,0,0.0,0.00039999940781854093,0.014299999747890979,0.0031999989005271345,0.002499999027349986,0.0228000008064555
889,889,train:d119_u2,,,,,,never,3,0,0,0,0,0,rbpg-3e212e568f3d314e0ee8eb2a,rbpg-3e212e568f3d314e0ee8eb2a,rbpg-exec-a795a1d0cf114c8c8b14d235badf642d,889:train:d119_u2,966fec9e714170e3aaaa49ad011799e7,0,0,0,clean,0,not_invoked,,0,0,0.0,0.00030000046535860747,0.000100000761449337,0.002599999788799323,0.0022999993234407157,0.007200000254670158
890,890,train:d119_u3,,,,,,never,3,0,0,0,0,0,rbpg-3e212e568f3d314e0ee8eb2a,rbpg-3e212e568f3d314e0ee8eb2a,rbpg-exec-a795a1d0cf114c8c8b14d235badf642d,890:train:d119_u3,36cec47b6ba68303936847db36d02842,0,0,0,clean,0,not_invoked,,0,0,0.0,0.00030000046535860747,0.000100000761449337,0.003200000719516538,0.0022999993234407157,0.007800001185387373
891,891,train:d119_u4,,,,,,never,3,0,0,0,0,0,rbpg-3e212e568f3d314e0ee8eb2a,rbpg-3e212e568f3d314e0ee8eb2a,rbpg-exec-a795a1d0cf114c8c8b14d235badf642d,891:train:d119_u4,1a0e086661a8908231d948356a29eec3,0,0,0,clean,0,not_invoked,,0,0,0.0,0.0002999986463692039,0.00019999970390927047,0.0027999994927085936,0.0022999993234407157,0.0073999999585794285
892,892,train:d119_u5,,,,,,never,3,0,0,0,0,0,rbpg-3e212e568f3d314e0ee8eb2a,rbpg-3e212e568f3d314e0ee8eb2a,rbpg-exec-a795a1d0cf114c8c8b14d235badf642d,892:train:d119_u5,34b5ef4016355e2a636e8e146e56062d,0,0,0,clean,0,not_invoked,,0,0,0.0,0.00030000046535860747,0.00019999970390927047,0.0026999987312592566,0.0024000000848900527,0.0075000007200287655
893,893,train:d119_u6,,,,,,never,3,0,0,0,0,0,rbpg-3e212e568f3d314e0ee8eb2a,rbpg-3e212e568f3d314e0ee8eb2a,rbpg-exec-a795a1d0cf114c8c8b14d235badf642d,893:train:d119_u6,07e910d983e4cc6113e7b9fa369d477e,0,0,0,clean,0,not_invoked,,0,0,0.0,0.00030000046535860747,9.999894245993346e-05,0.0026999987312592566,0.0022999993234407157,0.0073999999585794285
894,894,train:d119_u8,,,,,,never,3,0,0,0,0,0,rbpg-3e212e568f3d314e0ee8eb2a,rbpg-3e212e568f3d314e0ee8eb2a,rbpg-exec-a795a1d0cf114c8c8b14d235badf642d,894:train:d119_u8,66b24edf020ee7fa09f7e74076012fd7,0,0,0,clean,0,not_invoked,,0,0,0.0,0.00030000046535860747,0.00019999970390927047,0.00270000055024866,0.002300001142430119,0.0072999991971300915
895,895,train:d119_u9,,,,,,never,3,0,0,0,0,0,rbpg-3e212e568f3d314e0ee8eb2a,rbpg-3e212e568f3d314e0ee8eb2a,rbpg-exec-a795a1d0cf114c8c8b14d235badf642d,895:train:d119_u9,acff545dd04e1096b52854f2acc19586,0,0,0,clean,0,not_invoked,,0,0,0.0,0.00030000046535860747,0.00019999970390927047,0.002599999788799323,0.002200000380980782,0.0073999999585794285
896,896,train:d119_u10,,,,,,never,3,0,0,0,0,0,rbpg-3e212e568f3d314e0ee8eb2a,rbpg-3e212e568f3d314e0ee8eb2a,rbpg-exec-a795a1d0cf114c8c8b14d235badf642d,896:train:d119_u10,991499a91e10c5fb93e0b938dc2ae7ed,0,0,0,clean,0,not_invoked,,0,0,0.0,0.00030000046535860747,0.000200001522898674,0.002800001311697997,0.002200000380980782,0.007300001016119495
897,897,train:d119_u11,,,,,,never,3,0,0,0,0,0,rbpg-3e212e568f3d314e0ee8eb2a,rbpg-3e212e568f3d314e0ee8eb2a,rbpg-exec-a795a1d0cf114c8c8b14d235badf642d,897:train:d119_u11,960a3529bea1754116e326d29050c8f5,0,0,0,clean,0,not_invoked,,0,0,0.0,0.0002999986463692039,0.00019999970390927047,0.00270000055024866,0.002200000380980782,0.007300001016119495
898,898,train:d119_u12,,,,,,never,3,0,0,0,0,0,rbpg-3e212e568f3d314e0ee8eb2a,rbpg-3e212e568f3d314e0ee8eb2a,rbpg-exec-a795a1d0cf114c8c8b14d235badf642d,898:train:d119_u12,d4b3547c10d4dbec45b631781f889da9,0,0,0,clean,0,not_invoked,,0,0,0.0,0.0002999986463692039,0.00019999970390927047,0.0026999987312592566,0.0024000000848900527,0.0073999999585794285
899,899,train:d120_u1,,,,,,never,3,0,0,0,0,0,rbpg-3e212e568f3d314e0ee8eb2a,rbpg-3e212e568f3d314e0ee8eb2a,rbpg-exec-a795a1d0cf114c8c8b14d235badf642d,899:train:d120_u1,cfeacb1f298bd760bc1298a017771a15,0,0,0,clean,0,not_invoked,,0,0,0.0,0.00030000046535860747,0.00019999970390927047,0.00270000055024866,0.0021999985619913787,0.007200000254670158
900,900,train:d120_u3,,,,,,never,3,0,0,0,0,0,rbpg-3e212e568f3d314e0ee8eb2a,rbpg-3e212e568f3d314e0ee8eb2a,rbpg-exec-a795a1d0cf114c8c8b14d235badf642d,900:train:d120_u3,6e6cae5971afc8e5d7a49fc53bbd4553,0,0,0,clean,0,not_invoked,,0,0,0.0,0.00039999940781854093,0.00019999970390927047,0.0029000002541579306,0.002200000380980782,0.0075000007200287655
901,901,train:d120_u7,,,,,,never,3,0,0,0,0,0,rbpg-3e212e568f3d314e0ee8eb2a,rbpg-3e212e568f3d314e0ee8eb2a,rbpg-exec-a795a1d0cf114c8c8b14d235badf642d,901:train:d120_u7,9563c74a8818d4b6b88a5ce6f2b548cb,0,0,0,clean,0,not_invoked,,0,0,0.0,0.0002999986463692039,9.999894245993346e-05,0.002599999788799323,0.002200000380980782,0.007099999493220821
902,902,train:d120_u8,,,,,,never,3,0,0,0,0,0,rbpg-3e212e568f3d314e0ee8eb2a,rbpg-3e212e568f3d314e0ee8eb2a,rbpg-exec-a795a1d0cf114c8c8b14d235badf642d,902:train:d120_u8,6d883a2f1e834fdf0c6a4f1b696fa77d,0,0,0,clean,0,not_invoked,,0,0,0.0,0.00030000046535860747,9.999894245993346e-05,0.002599999788799323,0.002300001142430119,0.0072999991971300915
903,903,train:d120_u9,,,,,,never,3,0,0,0,0,0,rbpg-3e212e568f3d314e0ee8eb2a,rbpg-3e212e568f3d314e0ee8eb2a,rbpg-exec-a795a1d0cf114c8c8b14d235badf642d,903:train:d120_u9,7e75b2c251b6918cb37ce8147c5c5b69,0,0,0,clean,0,not_invoked,,0,0,0.0,0.0002999986463692039,0.00019999970390927047,0.0027999994927085936,0.0021999985619913787,0.0072999991971300915
904,904,train:d120_u10,,,,,,never,3,0,0,0,0,0,rbpg-3e212e568f3d314e0ee8eb2a,rbpg-3e212e568f3d314e0ee8eb2a,rbpg-exec-a795a1d0cf114c8c8b14d235badf642d,904:train:d120_u10,ce5bda8a52d50c8f93de6d70728142a5,0,0,0,clean,0,not_invoked,,0,0,0.0,0.00030000046535860747,0.000100000761449337,0.002599999788799323,0.002200000380980782,0.007200000254670158
905,905,train:d120_u11,,,,,,never,3,0,0,0,0,0,rbpg-3e212e568f3d314e0ee8eb2a,rbpg-3e212e568f3d314e0ee8eb2a,rbpg-exec-a795a1d0cf114c8c8b14d235badf642d,905:train:d120_u11,128c6a441f68eaad46444455cf36f397,0,0,0,clean,0,not_invoked,,0,0,0.0,0.00030000046535860747,0.00019999970390927047,0.00270000055024866,0.002300001142430119,0.0072999991971300915
906,906,train:d120_u12,,,,,,never,3,0,0,0,0,0,rbpg-3e212e568f3d314e0ee8eb2a,rbpg-3e212e568f3d314e0ee8eb2a,rbpg-exec-a795a1d0cf114c8c8b14d235badf642d,906:train:d120_u12,76eb9c01a1b78ac252fd39c28aab1d71,0,0,0,clean,0,not_invoked,,0,0,0.0,0.00030000046535860747,0.000100000761449337,0.0029000002541579306,0.0022999993234407157,0.007599999662488699
907,907,train:d120_u13,,,,,,never,3,0,0,0,0,0,rbpg-3e212e568f3d314e0ee8eb2a,rbpg-3e212e568f3d314e0ee8eb2a,rbpg-exec-a795a1d0cf114c8c8b14d235badf642d,907:train:d120_u13,55e84147ab19d8f424446acc08eb462d,0,0,0,clean,0,not_invoked,,0,0,0.0,0.00039999940781854093,0.00019999970390927047,0.00270000055024866,0.002200000380980782,0.007200000254670158
908,908,train:d120_u14,,,,,,never,3,0,0,0,0,0,rbpg-3e212e568f3d314e0ee8eb2a,rbpg-3e212e568f3d314e0ee8eb2a,rbpg-exec-a795a1d0cf114c8c8b14d235badf642d,908:train:d120_u14,58406d4350a66618b6da3bd300c2faf8,0,0,0,clean,0,not_invoked,,0,0,0.0,0.00030000046535860747,0.00019999970390927047,0.00270000055024866,0.0021999985619913787,0.007200000254670158
909,909,train:d120_u15,,,,,,never,3,0,0,0,0,0,rbpg-3e212e568f3d314e0ee8eb2a,rbpg-3e212e568f3d314e0ee8eb2a,rbpg-exec-a795a1d0cf114c8c8b14d235badf642d,909:train:d120_u15,3e642eea562eab61a4d6f0501cbaab4f,0,0,0,clean,0,not_invoked,,0,0,0.0,0.00030000046535860747,0.000200001522898674,0.00270000055024866,0.002300001142430119,0.0073999999585794285
910,910,train:d121_u0,,,,,,never,3,0,0,0,0,0,rbpg-3e212e568f3d314e0ee8eb2a,rbpg-3e212e568f3d314e0ee8eb2a,rbpg-exec-a795a1d0cf114c8c8b14d235badf642d,910:train:d121_u0,079dc07a1c0a2465aad50b526c05058e,0,0,0,clean,0,not_invoked,,0,0,0.0,0.0002999986463692039,0.00019999970390927047,0.0026999987312592566,0.002200000380980782,0.0072999991971300915
911,911,train:d121_u1,,,,,,never,3,0,0,0,0,0,rbpg-3e212e568f3d314e0ee8eb2a,rbpg-3e212e568f3d314e0ee8eb2a,rbpg-exec-a795a1d0cf114c8c8b14d235badf642d,911:train:d121_u1,b632bddf771813901819ba7ed5307022,0,0,0,clean,0,not_invoked,,0,0,0.0,0.00039999940781854093,0.00019999970390927047,0.0026999987312592566,0.002200000380980782,0.007200000254670158
912,912,train:d121_u2,,,,,,never,3,0,0,0,0,0,rbpg-3e212e568f3d314e0ee8eb2a,rbpg-3e212e568f3d314e0ee8eb2a,rbpg-exec-a795a1d0cf114c8c8b14d235badf642d,912:train:d121_u2,be41aa260a107af777d17906480d8f1c,0,0,0,clean,0,not_invoked,,0,0,0.0,0.0002999986463692039,0.000100000761449337,0.00270000055024866,0.0022999993234407157,0.007300001016119495
913,913,train:d121_u5,,,,,,never,3,0,0,0,0,0,rbpg-3e212e568f3d314e0ee8eb2a,rbpg-3e212e568f3d314e0ee8eb2a,rbpg-exec-a795a1d0cf114c8c8b14d235badf642d,913:train:d121_u5,f928ada27a446d1186a13a06b3e5a9ef,0,0,0,clean,0,not_invoked,,0,0,0.0,0.0002999986463692039,0.00019999970390927047,0.00270000055024866,0.0021999985619913787,0.007300001016119495
914,914,train:d121_u6,,,,,,never,3,0,0,0,0,0,rbpg-3e212e568f3d314e0ee8eb2a,rbpg-3e212e568f3d314e0ee8eb2a,rbpg-exec-a795a1d0cf114c8c8b14d235badf642d,914:train:d121_u6,b1c47fe771d61fdc0976f1be0eaae283,0,0,0,clean,0,not_invoked,,0,0,0.0,0.00030000046535860747,0.000100000761449337,0.00270000055024866,0.0021999985619913787,0.007200000254670158
915,915,train:d121_u7,,,,,,never,3,0,0,0,0,0,rbpg-3e212e568f3d314e0ee8eb2a,rbpg-3e212e568f3d314e0ee8eb2a,rbpg-exec-a795a1d0cf114c8c8b14d235badf642d,915:train:d121_u7,73a1a81fef9054fb2746c0b649c882cd,0,0,0,clean,0,not_invoked,,0,0,0.0,0.0002999986463692039,0.00019999970390927047,0.0026999987312592566,0.0024000000848900527,0.0073999999585794285
916,916,train:d122_u2,,,,,,never,3,0,0,0,0,0,rbpg-3e212e568f3d314e0ee8eb2a,rbpg-3e212e568f3d314e0ee8eb2a,rbpg-exec-a795a1d0cf114c8c8b14d235badf642d,916:train:d122_u2,40ed70682744a0bb0effc9fade02c442,0,0,0,clean,0,not_invoked,,0,0,0.0,0.00030000046535860747,0.00019999970390927047,0.0029000002541579306,0.0024000000848900527,0.007599999662488699
917,917,train:d122_u3,,,,,,never,3,0,0,0,0,0,rbpg-3e212e568f3d314e0ee8eb2a,rbpg-3e212e568f3d314e0ee8eb2a,rbpg-exec-a795a1d0cf114c8c8b14d235badf642d,917:train:d122_u3,3030e668f46e84c26af9aef517d20c1a,0,0,0,clean,0,not_invoked,,0,0,0.0,0.00030000046535860747,0.00019999970390927047,0.0029000002541579306,0.0021999985619913787,0.007499998901039362
918,918,train:d122_u4,,,,,,never,3,0,0,0,0,0,rbpg-3e212e568f3d314e0ee8eb2a,rbpg-3e212e568f3d314e0ee8eb2a,rbpg-exec-a795a1d0cf114c8c8b14d235badf642d,918:train:d122_u4,c9785481380f0ae404379b9e09f24641,0,0,0,clean,0,not_invoked,,0,0,0.0,0.0002999986463692039,0.000200001522898674,0.002899998435168527,0.0022999993234407157,0.0075000007200287655
919,919,train:d122_u5,,,,,,never,3,0,0,0,0,0,rbpg-3e212e568f3d314e0ee8eb2a,rbpg-3e212e568f3d314e0ee8eb2a,rbpg-exec-a795a1d0cf114c8c8b14d235badf642d,919:train:d122_u5,bd6bbd09d6f9fd102cf338271f32a7b1,0,0,0,clean,0,not_invoked,,0,0,0.0,0.00030000046535860747,9.999894245993346e-05,0.0026999987312592566,0.002200000380980782,0.0072999991971300915
920,920,train:d122_u6,,,,,,never,3,0,0,0,0,0,rbpg-3e212e568f3d314e0ee8eb2a,rbpg-3e212e568f3d314e0ee8eb2a,rbpg-exec-a795a1d0cf114c8c8b14d235badf642d,920:train:d122_u6,c3545ccd824fc59f831d6376d7fb078b,0,0,0,clean,0,not_invoked,,0,0,0.0,0.028000000384054147,9.999894245993346e-05,0.0029000002541579306,0.0024000000848900527,0.035400000342633575
921,921,train:d122_u7,,,,,,never,3,0,0,0,0,0,rbpg-3e212e568f3d314e0ee8eb2a,rbpg-3e212e568f3d314e0ee8eb2a,rbpg-exec-a795a1d0cf114c8c8b14d235badf642d,921:train:d122_u7,cacdd076a05e09fa3cdeb94c731446d7,0,0,0,clean,0,not_invoked,,0,0,0.0,0.00030000046535860747,0.00019999970390927047,0.002899998435168527,0.0024000000848900527,0.007799999366397969
922,922,train:d122_u8,,,,,,never,3,0,0,0,0,0,rbpg-3e212e568f3d314e0ee8eb2a,rbpg-3e212e568f3d314e0ee8eb2a,rbpg-exec-a795a1d0cf114c8c8b14d235badf642d,922:train:d122_u8,ac7031e122a7877d8f39dec3b9d54320,0,0,0,clean,0,not_invoked,,0,0,0.0,0.00030000046535860747,0.00019999970390927047,0.0027999994927085936,0.0024000000848900527,0.007700000423938036
923,923,train:d122_u10,,,,,,never,3,0,0,0,0,0,rbpg-3e212e568f3d314e0ee8eb2a,rbpg-3e212e568f3d314e0ee8eb2a,rbpg-exec-a795a1d0cf114c8c8b14d235badf642d,923:train:d122_u10,032d50e953ee2e8d5beb1d2451fdabe2,0,0,0,clean,0,not_invoked,,0,0,0.0,0.00030000046535860747,9.999894245993346e-05,0.003099999958067201,0.002300001142430119,0.007900000127847306
924,924,train:d122_u11,,,,,,never,3,0,0,0,0,0,rbpg-3e212e568f3d314e0ee8eb2a,rbpg-3e212e568f3d314e0ee8eb2a,rbpg-exec-a795a1d0cf114c8c8b14d235badf642d,924:train:d122_u11,1e2414fe1206cb9d60d35f7c13720255,0,0,0,clean,0,not_invoked,,0,0,0.0,0.00030000046535860747,0.000100000761449337,0.002800001311697997,0.021100000594742596,0.02620000122988131
925,925,train:d122_u14,,,,,,never,3,0,0,0,0,0,rbpg-3e212e568f3d314e0ee8eb2a,rbpg-3e212e568f3d314e0ee8eb2a,rbpg-exec-a795a1d0cf114c8c8b14d235badf642d,925:train:d122_u14,182f146927ac727cce1cc96a584a9bab,0,0,0,clean,0,not_invoked,,0,0,0.0,0.00030000046535860747,0.00019999970390927047,0.003099999958067201,0.0024000000848900527,0.00799999907030724
926,926,train:d122_u15,,,,,,never,3,0,0,0,0,0,rbpg-3e212e568f3d314e0ee8eb2a,rbpg-3e212e568f3d314e0ee8eb2a,rbpg-exec-a795a1d0cf114c8c8b14d235badf642d,926:train:d122_u15,582e80d384988a580b2c90b427d14128,0,0,0,clean,0,not_invoked,,0,0,0.0,0.00030000046535860747,9.999894245993346e-05,0.00270000055024866,0.002200000380980782,0.007300001016119495
927,927,train:d123_u1,,,,,,never,3,0,0,0,0,0,rbpg-3e212e568f3d314e0ee8eb2a,rbpg-3e212e568f3d314e0ee8eb2a,rbpg-exec-a795a1d0cf114c8c8b14d235badf642d,927:train:d123_u1,fc1c643874f16e6b4a106686b985e46e,0,0,0,clean,0,not_invoked,,0,0,0.0,0.00030000046535860747,0.00019999970390927047,0.00270000055024866,0.0024000000848900527,0.0073999999585794285
928,928,train:d123_u2,,,,,,never,3,0,0,0,0,0,rbpg-3e212e568f3d314e0ee8eb2a,rbpg-3e212e568f3d314e0ee8eb2a,rbpg-exec-a795a1d0cf114c8c8b14d235badf642d,928:train:d123_u2,e399ef8efa49c4cf2cf0fe29d2e7a6a7,0,0,0,clean,0,not_invoked,,0,0,0.0,0.00030000046535860747,9.999894245993346e-05,0.0027999994927085936,0.002200000380980782,0.0073999999585794285
929,929,train:d123_u3,,,,,,never,3,0,0,0,0,0,rbpg-3e212e568f3d314e0ee8eb2a,rbpg-3e212e568f3d314e0ee8eb2a,rbpg-exec-a795a1d0cf114c8c8b14d235badf642d,929:train:d123_u3,8078ad9feb44110aaca776b8789ecb8f,0,0,0,clean,0,not_invoked,,0,0,0.0,0.0002999986463692039,0.00019999970390927047,0.002599999788799323,0.002300001142430119,0.007200000254670158
930,930,train:d123_u4,,,,,,never,3,0,0,0,0,0,rbpg-3e212e568f3d314e0ee8eb2a,rbpg-3e212e568f3d314e0ee8eb2a,rbpg-exec-a795a1d0cf114c8c8b14d235badf642d,930:train:d123_u4,ada80a911525d16b6e2e4094e7bd8067,0,0,0,clean,0,not_invoked,,0,0,0.0,0.00030000046535860747,0.000100000761449337,0.00270000055024866,0.002200000380980782,0.007200000254670158
931,931,train:d123_u5,,,,,,never,3,0,0,0,0,0,rbpg-3e212e568f3d314e0ee8eb2a,rbpg-3e212e568f3d314e0ee8eb2a,rbpg-exec-a795a1d0cf114c8c8b14d235badf642d,931:train:d123_u5,375ddb4df0fbe7f8115c68262a22fe83,0,0,0,clean,0,not_invoked,,0,0,0.0,0.0002999986463692039,9.999894245993346e-05,0.0027999994927085936,0.0021999985619913787,0.0073999999585794285
932,932,train:d123_u6,,,,,,never,3,0,0,0,0,0,rbpg-3e212e568f3d314e0ee8eb2a,rbpg-3e212e568f3d314e0ee8eb2a,rbpg-exec-a795a1d0cf114c8c8b14d235badf642d,932:train:d123_u6,1266f0f15c3dddf4f76d6dabe5c2d877,0,0,0,clean,0,not_invoked,,0,0,0.0,0.0002999986463692039,0.00019999970390927047,0.0026999987312592566,0.002200000380980782,0.007200000254670158
933,933,train:d123_u7,,,,,,never,3,0,0,0,0,0,rbpg-3e212e568f3d314e0ee8eb2a,rbpg-3e212e568f3d314e0ee8eb2a,rbpg-exec-a795a1d0cf114c8c8b14d235badf642d,933:train:d123_u7,312ca0360bddf89c688f25a17a4aaafe,0,0,0,clean,0,not_invoked,,0,0,0.0,0.0002999986463692039,9.999894245993346e-05,0.0026999987312592566,0.002200000380980782,0.0071999984356807545
934,934,train:d123_u8,,,,,,never,3,0,0,0,0,0,rbpg-3e212e568f3d314e0ee8eb2a,rbpg-3e212e568f3d314e0ee8eb2a,rbpg-exec-a795a1d0cf114c8c8b14d235badf642d,934:train:d123_u8,c17baad1423e153aff15286530db9ae3,0,0,0,clean,0,not_invoked,,0,0,0.0,0.00030000046535860747,0.00019999970390927047,0.00270000055024866,0.0022999993234407157,0.007300001016119495
935,935,train:d123_u9,,,,,,never,3,0,0,0,0,0,rbpg-3e212e568f3d314e0ee8eb2a,rbpg-3e212e568f3d314e0ee8eb2a,rbpg-exec-a795a1d0cf114c8c8b14d235badf642d,935:train:d123_u9,5217a3759adfbbe6598a1c3a49f0e18a,0,0,0,clean,0,not_invoked,,0,0,0.0,0.00030000046535860747,0.000100000761449337,0.00270000055024866,0.002200000380980782,0.007200000254670158
936,936,train:d123_u10,,,,,,never,3,0,0,0,0,0,rbpg-3e212e568f3d314e0ee8eb2a,rbpg-3e212e568f3d314e0ee8eb2a,rbpg-exec-a795a1d0cf114c8c8b14d235badf642d,936:train:d123_u10,b9df95c6f3118168e154d96a4394a436,0,0,0,clean,0,not_invoked,,0,0,0.0,0.00030000046535860747,0.00019999970390927047,0.00270000055024866,0.002200000380980782,0.007200000254670158
937,937,train:d124_u0,,,,,,never,3,0,0,0,0,0,rbpg-3e212e568f3d314e0ee8eb2a,rbpg-3e212e568f3d314e0ee8eb2a,rbpg-exec-a795a1d0cf114c8c8b14d235badf642d,937:train:d124_u0,3cf6c22e868d02dbfccb254cb72bc0ce,0,0,0,clean,0,not_invoked,,0,0,0.0,0.00030000046535860747,0.000100000761449337,0.002599999788799323,0.0022999993234407157,0.007200000254670158
938,938,train:d124_u2,,,,,,never,3,0,0,0,0,0,rbpg-3e212e568f3d314e0ee8eb2a,rbpg-3e212e568f3d314e0ee8eb2a,rbpg-exec-a795a1d0cf114c8c8b14d235badf642d,938:train:d124_u2,67c133cbfe8f370f81d0f1ef65ee7bca,0,0,0,clean,0,not_invoked,,0,0,0.0,0.00019999970390927047,0.000100000761449337,0.00270000055024866,0.002200000380980782,0.007300001016119495
939,939,train:d124_u4,,,,,,never,3,0,0,0,0,0,rbpg-3e212e568f3d314e0ee8eb2a,rbpg-3e212e568f3d314e0ee8eb2a,rbpg-exec-a795a1d0cf114c8c8b14d235badf642d,939:train:d124_u4,b5f9ecffb7ebae995993f8789d3a646d,0,0,0,clean,0,not_invoked,,0,0,0.0,0.00030000046535860747,9.999894245993346e-05,0.0027999994927085936,0.0022999993234407157,0.0073999999585794285
940,940,train:d124_u5,,,,,,never,3,0,0,0,0,0,rbpg-3e212e568f3d314e0ee8eb2a,rbpg-3e212e568f3d314e0ee8eb2a,rbpg-exec-a795a1d0cf114c8c8b14d235badf642d,940:train:d124_u5,2028301ad5fe805300b42cd7eb54b747,0,0,0,clean,0,not_invoked,,0,0,0.0,0.00030000046535860747,9.999894245993346e-05,0.0027999994927085936,0.0022999993234407157,0.0075000007200287655
941,941,train:d124_u6,,,,,,never,3,0,0,0,0,0,rbpg-3e212e568f3d314e0ee8eb2a,rbpg-3e212e568f3d314e0ee8eb2a,rbpg-exec-a795a1d0cf114c8c8b14d235badf642d,941:train:d124_u6,771387aede73f482d92ba8392629331e,0,0,0,clean,0,not_invoked,,0,0,0.0,0.00030000046535860747,9.999894245993346e-05,0.0026999987312592566,0.0022999993234407157,0.0073999999585794285
942,942,train:d124_u8,,,,,,never,3,0,0,0,0,0,rbpg-3e212e568f3d314e0ee8eb2a,rbpg-3e212e568f3d314e0ee8eb2a,rbpg-exec-a795a1d0cf114c8c8b14d235badf642d,942:train:d124_u8,fe62984211401a12e01f2ca3e972917d,0,0,0,clean,0,not_invoked,,0,0,0.0,0.00030000046535860747,0.00019999970390927047,0.002599999788799323,0.0022999993234407157,0.007300001016119495
943,943,train:d124_u9,,,,,,never,3,0,0,0,0,0,rbpg-3e212e568f3d314e0ee8eb2a,rbpg-3e212e568f3d314e0ee8eb2a,rbpg-exec-a795a1d0cf114c8c8b14d235badf642d,943:train:d124_u9,fbad17ecede54b476960c9490e502aea,0,0,0,clean,0,not_invoked,,0,0,0.0,0.0002999986463692039,0.00019999970390927047,0.0027999994927085936,0.013799999578623101,0.018900000213761814
944,944,train:d124_u10,,,,,,never,3,0,0,0,0,0,rbpg-3e212e568f3d314e0ee8eb2a,rbpg-3e212e568f3d314e0ee8eb2a,rbpg-exec-a795a1d0cf114c8c8b14d235badf642d,944:train:d124_u10,e52ebc17f7edd697f097e64c31dc52be,0,0,0,clean,0,not_invoked,,0,0,0.0,0.00039999940781854093,9.999894245993346e-05,0.0034000004234258085,0.0024000000848900527,0.008299999535665847
945,945,train:d124_u11,,,,,,never,3,0,0,0,0,0,rbpg-3e212e568f3d314e0ee8eb2a,rbpg-3e212e568f3d314e0ee8eb2a,rbpg-exec-a795a1d0cf114c8c8b14d235badf642d,945:train:d124_u11,5fa2f838aa0d74db004994a2a292a541,0,0,0,clean,0,not_invoked,,0,0,0.0,0.00030000046535860747,0.00019999970390927047,0.00270000055024866,0.002200000380980782,0.007300001016119495
946,946,train:d125_u0,,,,,,never,3,0,0,0,0,0,rbpg-3e212e568f3d314e0ee8eb2a,rbpg-3e212e568f3d314e0ee8eb2a,rbpg-exec-a795a1d0cf114c8c8b14d235badf642d,946:train:d125_u0,e92f103724ff3ea643ffd2ff0e5c9c25,0,0,0,clean,0,not_invoked,,0,0,0.0,0.00030000046535860747,0.00019999970390927047,0.00270000055024866,0.002300001142430119,0.0072999991971300915
947,947,train:d125_u1,,,,,,never,3,0,0,0,0,0,rbpg-3e212e568f3d314e0ee8eb2a,rbpg-3e212e568f3d314e0ee8eb2a,rbpg-exec-a795a1d0cf114c8c8b14d235badf642d,947:train:d125_u1,805a803f26003a52504f255373545292,0,0,0,clean,0,not_invoked,,0,0,0.0,0.00030000046535860747,0.000100000761449337,0.00270000055024866,0.0021999985619913787,0.007200000254670158
948,948,train:d125_u2,,,,,,never,3,0,0,0,0,0,rbpg-3e212e568f3d314e0ee8eb2a,rbpg-3e212e568f3d314e0ee8eb2a,rbpg-exec-a795a1d0cf114c8c8b14d235badf642d,948:train:d125_u2,5a996647900fae5c6cc115f41a03b838,0,0,0,clean,0,not_invoked,,0,0,0.0,0.00030000046535860747,0.00019999970390927047,0.00270000055024866,0.0022999993234407157,0.007300001016119495
949,949,train:d125_u4,,,,,,never,3,0,0,0,0,0,rbpg-3e212e568f3d314e0ee8eb2a,rbpg-3e212e568f3d314e0ee8eb2a,rbpg-exec-a795a1d0cf114c8c8b14d235badf642d,949:train:d125_u4,4fe21f0141b00695840916a7fc441e60,0,0,0,clean,0,not_invoked,,0,0,0.0,0.00030000046535860747,0.000100000761449337,0.00270000055024866,0.002300001142430119,0.0073999999585794285
950,950,train:d125_u5,,,,,,never,3,0,0,0,0,0,rbpg-3e212e568f3d314e0ee8eb2a,rbpg-3e212e568f3d314e0ee8eb2a,rbpg-exec-a795a1d0cf114c8c8b14d235badf642d,950:train:d125_u5,710e57d0fe7c940d10100fa666856c97,0,0,0,clean,0,not_invoked,,0,0,0.0,0.00030000046535860747,0.000100000761449337,0.00270000055024866,0.002300001142430119,0.0072999991971300915
951,951,train:d125_u6,,,,,,never,3,0,0,0,0,0,rbpg-3e212e568f3d314e0ee8eb2a,rbpg-3e212e568f3d314e0ee8eb2a,rbpg-exec-a795a1d0cf114c8c8b14d235badf642d,951:train:d125_u6,16ead2e47de59601d4ab7889b2986c02,0,0,0,clean,0,not_invoked,,0,0,0.0,0.00030000046535860747,0.00019999970390927047,0.002599999788799323,0.0022999993234407157,0.007200000254670158
952,952,train:d125_u7,,,,,,never,3,0,0,0,0,0,rbpg-3e212e568f3d314e0ee8eb2a,rbpg-3e212e568f3d314e0ee8eb2a,rbpg-exec-a795a1d0cf114c8c8b14d235badf642d,952:train:d125_u7,6becddfd8720e9ce0387e400efcd6dee,0,0,0,clean,0,not_invoked,,0,0,0.0,0.00030000046535860747,0.00019999970390927047,0.0029000002541579306,0.002300001142430119,0.007799999366397969
953,953,train:d126_u0,,,,,,never,3,0,0,0,0,0,rbpg-3e212e568f3d314e0ee8eb2a,rbpg-3e212e568f3d314e0ee8eb2a,rbpg-exec-a795a1d0cf114c8c8b14d235badf642d,953:train:d126_u0,9e14d7202b459b5fde097c8a0787020a,0,0,0,clean,0,not_invoked,,0,0,0.0,0.00030000046535860747,0.000100000761449337,0.00270000055024866,0.0024000000848900527,0.0073999999585794285
954,954,train:d126_u1,,,,,,never,3,0,0,0,0,0,rbpg-3e212e568f3d314e0ee8eb2a,rbpg-3e212e568f3d314e0ee8eb2a,rbpg-exec-a795a1d0cf114c8c8b14d235badf642d,954:train:d126_u1,38ff57f6c44f942f3efcb12c11f3ac8c,0,0,0,clean,0,not_invoked,,0,0,0.0,0.00030000046535860747,0.00019999970390927047,0.00270000055024866,0.002200000380980782,0.007200000254670158
955,955,train:d126_u2,,,,,,never,3,0,0,0,0,0,rbpg-3e212e568f3d314e0ee8eb2a,rbpg-3e212e568f3d314e0ee8eb2a,rbpg-exec-a795a1d0cf114c8c8b14d235badf642d,955:train:d126_u2,34fe4a9824e771bd6785310397604527,0,0,0,clean,0,not_invoked,,0,0,0.0,0.00030000046535860747,0.000200001522898674,0.00270000055024866,0.0022999993234407157,0.007200000254670158
956,956,train:d126_u3,,,,,,never,3,0,0,0,0,0,rbpg-3e212e568f3d314e0ee8eb2a,rbpg-3e212e568f3d314e0ee8eb2a,rbpg-exec-a795a1d0cf114c8c8b14d235badf642d,956:train:d126_u3,1a2d9446fa502c9d778c81f4d316e75e,0,0,0,clean,0,not_invoked,,0,0,0.0,0.0002999986463692039,0.00019999970390927047,0.002599999788799323,0.0022999993234407157,0.0072999991971300915
957,957,train:d126_u4,,,,,,never,3,0,0,0,0,0,rbpg-3e212e568f3d314e0ee8eb2a,rbpg-3e212e568f3d314e0ee8eb2a,rbpg-exec-a795a1d0cf114c8c8b14d235badf642d,957:train:d126_u4,931a876c35cbae07ee3fc944cce2a0da,0,0,0,clean,0,not_invoked,,0,0,0.0,0.00030000046535860747,0.00019999970390927047,0.00270000055024866,0.0021999985619913787,0.007200000254670158
958,958,train:d126_u5,,,,,,never,3,0,0,0,0,0,rbpg-3e212e568f3d314e0ee8eb2a,rbpg-3e212e568f3d314e0ee8eb2a,rbpg-exec-a795a1d0cf114c8c8b14d235badf642d,958:train:d126_u5,f6dda650403f1133beb0677922bf6197,0,0,0,clean,0,not_invoked,,0,0,0.0,0.00030000046535860747,9.999894245993346e-05,0.002599999788799323,0.0021999985619913787,0.007099999493220821
959,959,train:d126_u6,,,,,,never,3,0,0,0,0,0,rbpg-3e212e568f3d314e0ee8eb2a,rbpg-3e212e568f3d314e0ee8eb2a,rbpg-exec-a795a1d0cf114c8c8b14d235badf642d,959:train:d126_u6,736fd15cde317b3b1801853631ad6932,0,0,0,clean,0,not_invoked,,0,0,0.0,0.00030000046535860747,0.00019999970390927047,0.002599999788799323,0.0021999985619913787,0.007200000254670158
960,960,train:d126_u7,,,,,,never,3,0,0,0,0,0,rbpg-3e212e568f3d314e0ee8eb2a,rbpg-3e212e568f3d314e0ee8eb2a,rbpg-exec-a795a1d0cf114c8c8b14d235badf642d,960:train:d126_u7,5380a1e1a8257a124ea68775018401b4,0,0,0,clean,0,not_invoked,,0,0,0.0,0.00030000046535860747,0.000100000761449337,0.002599999788799323,0.002200000380980782,0.0071999984356807545
961,961,train:d126_u8,,,,,,never,3,0,0,0,0,0,rbpg-3e212e568f3d314e0ee8eb2a,rbpg-3e212e568f3d314e0ee8eb2a,rbpg-exec-a795a1d0cf114c8c8b14d235badf642d,961:train:d126_u8,33f32a6570d6da94d51d486b142aa268,0,0,0,clean,0,not_invoked,,0,0,0.0,0.00030000046535860747,0.00019999970390927047,0.00270000055024866,0.0021999985619913787,0.007200000254670158
962,962,train:d126_u9,,,,,,never,3,0,0,0,0,0,rbpg-3e212e568f3d314e0ee8eb2a,rbpg-3e212e568f3d314e0ee8eb2a,rbpg-exec-a795a1d0cf114c8c8b14d235badf642d,962:train:d126_u9,8109f059c781cf06c43f832959c1b343,0,0,0,clean,0,not_invoked,,0,0,0.0,0.00030000046535860747,0.000200001522898674,0.002599999788799323,0.0022999993234407157,0.007300001016119495
963,963,train:d126_u10,,,,,,never,3,0,0,0,0,0,rbpg-3e212e568f3d314e0ee8eb2a,rbpg-3e212e568f3d314e0ee8eb2a,rbpg-exec-a795a1d0cf114c8c8b14d235badf642d,963:train:d126_u10,00034e35945b6e17f75af706ad8285d0,0,0,0,clean,0,not_invoked,,0,0,0.0,0.00030000046535860747,0.000100000761449337,0.002599999788799323,0.0022999993234407157,0.007200000254670158
964,964,train:d126_u11,,,,,,never,3,0,0,0,0,0,rbpg-3e212e568f3d314e0ee8eb2a,rbpg-3e212e568f3d314e0ee8eb2a,rbpg-exec-a795a1d0cf114c8c8b14d235badf642d,964:train:d126_u11,59f9eeaa42949e0798953d9ca1ab8751,0,0,0,clean,0,not_invoked,,0,0,0.0,0.00030000046535860747,0.00019999970390927047,0.00270000055024866,0.002200000380980782,0.007200000254670158
965,965,train:d126_u12,,,,,,never,3,0,0,0,0,0,rbpg-3e212e568f3d314e0ee8eb2a,rbpg-3e212e568f3d314e0ee8eb2a,rbpg-exec-a795a1d0cf114c8c8b14d235badf642d,965:train:d126_u12,c3d4f544df3b85e8077ba4a14ba4e503,0,0,0,clean,0,not_invoked,,0,0,0.0,0.00030000046535860747,0.00019999970390927047,0.002599999788799323,0.002300001142430119,0.0072999991971300915
966,966,train:d127_u0,,,,,,never,3,0,0,0,0,0,rbpg-3e212e568f3d314e0ee8eb2a,rbpg-3e212e568f3d314e0ee8eb2a,rbpg-exec-a795a1d0cf114c8c8b14d235badf642d,966:train:d127_u0,11b8c60d1317b1cb151dcb0fe90b5e95,0,0,0,clean,0,not_invoked,,0,0,0.0,0.00039999940781854093,0.00019999970390927047,0.002599999788799323,0.002200000380980782,0.007200000254670158
967,967,train:d128_u0,,,,,,never,3,0,0,0,0,0,rbpg-3e212e568f3d314e0ee8eb2a,rbpg-3e212e568f3d314e0ee8eb2a,rbpg-exec-a795a1d0cf114c8c8b14d235badf642d,967:train:d128_u0,c3c62bf47f9e646eb7366e11b2f11b86,0,0,0,clean,0,not_invoked,,0,0,0.0,0.00030000046535860747,0.000100000761449337,0.002599999788799323,0.0022999993234407157,0.007200000254670158
968,968,train:d128_u1,,,,,,never,3,0,0,0,0,0,rbpg-3e212e568f3d314e0ee8eb2a,rbpg-3e212e568f3d314e0ee8eb2a,rbpg-exec-a795a1d0cf114c8c8b14d235badf642d,968:train:d128_u1,1a067d6cd3d8c2472cd2cc9eb92b4d27,0,0,0,clean,0,not_invoked,,0,0,0.0,0.00030000046535860747,0.00019999970390927047,0.002599999788799323,0.002200000380980782,0.007099999493220821
969,969,train:d128_u2,,,,,,never,3,0,0,0,0,0,rbpg-3e212e568f3d314e0ee8eb2a,rbpg-3e212e568f3d314e0ee8eb2a,rbpg-exec-a795a1d0cf114c8c8b14d235badf642d,969:train:d128_u2,521ec1c2bfc94fdfc44d4cc9c073aac3,0,0,0,clean,0,not_invoked,,0,0,0.0,0.00030000046535860747,0.00019999970390927047,0.0027999994927085936,0.0024000000848900527,0.007499998901039362
970,970,train:d128_u3,,,,,,never,3,0,0,0,0,0,rbpg-3e212e568f3d314e0ee8eb2a,rbpg-3e212e568f3d314e0ee8eb2a,rbpg-exec-a795a1d0cf114c8c8b14d235badf642d,970:train:d128_u3,3f95d199784d5954a4d3d3ad2c29db3d,0,0,0,clean,0,not_invoked,,0,0,0.0,0.00039999940781854093,0.00019999970390927047,0.00270000055024866,0.002200000380980782,0.007200000254670158
971,971,train:d128_u4,,,,,,never,3,0,0,0,0,0,rbpg-3e212e568f3d314e0ee8eb2a,rbpg-3e212e568f3d314e0ee8eb2a,rbpg-exec-a795a1d0cf114c8c8b14d235badf642d,971:train:d128_u4,3d0b2dead7c7c1d13c21745563a7cf22,0,0,0,clean,0,not_invoked,,0,0,0.0,0.00030000046535860747,0.000200001522898674,0.0027999994927085936,0.0024000000848900527,0.0075000007200287655
972,972,train:d128_u5,,,,,,never,3,0,0,0,0,0,rbpg-3e212e568f3d314e0ee8eb2a,rbpg-3e212e568f3d314e0ee8eb2a,rbpg-exec-a795a1d0cf114c8c8b14d235badf642d,972:train:d128_u5,8111a8d14f217278dc065206333179d5,0,0,0,clean,0,not_invoked,,0,0,0.0,0.00030000046535860747,9.999894245993346e-05,0.00270000055024866,0.0021999985619913787,0.007099999493220821
973,973,train:d128_u6,,,,,,never,3,0,0,0,0,0,rbpg-3e212e568f3d314e0ee8eb2a,rbpg-3e212e568f3d314e0ee8eb2a,rbpg-exec-a795a1d0cf114c8c8b14d235badf642d,973:train:d128_u6,bdfa666506b13c04363dc366ddc75eb2,0,0,0,clean,0,not_invoked,,0,0,0.0,0.00030000046535860747,0.00019999970390927047,0.0026000016077887267,0.0022999993234407157,0.007200000254670158
974,974,train:d128_u7,,,,,,never,3,0,0,0,0,0,rbpg-3e212e568f3d314e0ee8eb2a,rbpg-3e212e568f3d314e0ee8eb2a,rbpg-exec-a795a1d0cf114c8c8b14d235badf642d,974:train:d128_u7,9d4eb8bd9e95d83089489a018a5056f0,0,0,0,clean,0,not_invoked,,0,0,0.0,0.00030000046535860747,9.999894245993346e-05,0.00270000055024866,0.002200000380980782,0.007200000254670158
975,975,train:d128_u8,,,,,,never,3,0,0,0,0,0,rbpg-3e212e568f3d314e0ee8eb2a,rbpg-3e212e568f3d314e0ee8eb2a,rbpg-exec-a795a1d0cf114c8c8b14d235badf642d,975:train:d128_u8,6904fc3ddb85de166215ec983fa0995a,0,0,0,clean,0,not_invoked,,0,0,0.0,0.00030000046535860747,0.000200001522898674,0.00270000055024866,0.002300001142430119,0.0072999991971300915
976,976,train:d128_u9,,,,,,never,3,0,0,0,0,0,rbpg-3e212e568f3d314e0ee8eb2a,rbpg-3e212e568f3d314e0ee8eb2a,rbpg-exec-a795a1d0cf114c8c8b14d235badf642d,976:train:d128_u9,8c6229d7110f3cb2ced7bdd0bf6aa287,0,0,0,clean,0,not_invoked,,0,0,0.0,0.00030000046535860747,0.00019999970390927047,0.002599999788799323,0.002200000380980782,0.007200000254670158
977,977,train:d129_u0,,,,,,never,3,0,0,0,0,0,rbpg-3e212e568f3d314e0ee8eb2a,rbpg-3e212e568f3d314e0ee8eb2a,rbpg-exec-a795a1d0cf114c8c8b14d235badf642d,977:train:d129_u0,dc8a44810f48c40f4c384d398ce6f623,0,0,0,clean,0,not_invoked,,0,0,0.0,0.00030000046535860747,0.00019999970390927047,0.00270000055024866,0.0021999985619913787,0.007200000254670158
978,978,train:d129_u1,,,,,,never,3,0,0,0,0,0,rbpg-3e212e568f3d314e0ee8eb2a,rbpg-3e212e568f3d314e0ee8eb2a,rbpg-exec-a795a1d0cf114c8c8b14d235badf642d,978:train:d129_u1,49498b66216db3c5687fc2bb71792f49,0,0,0,clean,0,not_invoked,,0,0,0.0,0.00030000046535860747,0.00019999970390927047,0.00270000055024866,0.002300001142430119,0.0072999991971300915
979,979,train:d129_u2,,,,,,never,3,0,0,0,0,0,rbpg-3e212e568f3d314e0ee8eb2a,rbpg-3e212e568f3d314e0ee8eb2a,rbpg-exec-a795a1d0cf114c8c8b14d235badf642d,979:train:d129_u2,d129120c71c4755b7844208527ed3fa3,0,0,0,clean,0,not_invoked,,0,0,0.0,0.00030000046535860747,0.00019999970390927047,0.00270000055024866,0.0022999993234407157,0.0072999991971300915
980,980,train:d129_u4,,,,,,never,3,0,0,0,0,0,rbpg-3e212e568f3d314e0ee8eb2a,rbpg-3e212e568f3d314e0ee8eb2a,rbpg-exec-a795a1d0cf114c8c8b14d235badf642d,980:train:d129_u4,01cc2f715b7ba91fd7e36184aa4d1670,0,0,0,clean,0,not_invoked,,0,0,0.0,0.00030000046535860747,0.000100000761449337,0.002800001311697997,0.002200000380980782,0.007300001016119495
981,981,train:d129_u5,,,,,,never,3,0,0,0,0,0,rbpg-3e212e568f3d314e0ee8eb2a,rbpg-3e212e568f3d314e0ee8eb2a,rbpg-exec-a795a1d0cf114c8c8b14d235badf642d,981:train:d129_u5,f2ba09d1e17b96b580da534293ee61cf,0,0,0,clean,0,not_invoked,,0,0,0.0,0.0002999986463692039,9.999894245993346e-05,0.0026999987312592566,0.0022999993234407157,0.007300001016119495
982,982,train:d129_u7,,,,,,never,3,0,0,0,0,0,rbpg-3e212e568f3d314e0ee8eb2a,rbpg-3e212e568f3d314e0ee8eb2a,rbpg-exec-a795a1d0cf114c8c8b14d235badf642d,982:train:d129_u7,f62462d08ff74e4b0c14f663cf26b75a,0,0,0,clean,0,not_invoked,,0,0,0.0,0.00030000046535860747,0.00019999970390927047,0.002800001311697997,0.0024000000848900527,0.0075000007200287655
983,983,train:d129_u8,,,,,,never,3,0,0,0,0,0,rbpg-3e212e568f3d314e0ee8eb2a,rbpg-3e212e568f3d314e0ee8eb2a,rbpg-exec-a795a1d0cf114c8c8b14d235badf642d,983:train:d129_u8,c894c265be1d8eb4b2dfd03e00af56ee,0,0,0,clean,0,not_invoked,,0,0,0.0,0.00030000046535860747,0.00019999970390927047,0.00270000055024866,0.002300001142430119,0.0072999991971300915
984,984,train:d129_u9,,,,,,never,3,0,0,0,0,0,rbpg-3e212e568f3d314e0ee8eb2a,rbpg-3e212e568f3d314e0ee8eb2a,rbpg-exec-a795a1d0cf114c8c8b14d235badf642d,984:train:d129_u9,d737c39e3cd0520da4b745a34ca25eb9,0,0,0,clean,0,not_invoked,,0,0,0.0,0.00030000046535860747,0.000100000761449337,0.0027999994927085936,0.002200000380980782,0.0072999991971300915
985,985,train:d129_u10,,,,,,never,3,0,0,0,0,0,rbpg-3e212e568f3d314e0ee8eb2a,rbpg-3e212e568f3d314e0ee8eb2a,rbpg-exec-a795a1d0cf114c8c8b14d235badf642d,985:train:d129_u10,00401d4d023faaf25859f979ccd12d7a,0,0,0,clean,0,not_invoked,,0,0,0.0,0.00030000046535860747,0.00019999970390927047,0.003099999958067201,0.0022999993234407157,0.007799999366397969
986,986,train:d129_u13,,,,,,never,3,0,0,0,0,0,rbpg-3e212e568f3d314e0ee8eb2a,rbpg-3e212e568f3d314e0ee8eb2a,rbpg-exec-a795a1d0cf114c8c8b14d235badf642d,986:train:d129_u13,a4e9025d623e63c53b7cee20904b73bc,0,0,0,clean,0,not_invoked,,0,0,0.0,0.00030000046535860747,9.999894245993346e-05,0.0027999994927085936,0.0022999993234407157,0.0075000007200287655
987,987,train:d129_u14,,,,,,never,3,0,0,0,0,0,rbpg-3e212e568f3d314e0ee8eb2a,rbpg-3e212e568f3d314e0ee8eb2a,rbpg-exec-a795a1d0cf114c8c8b14d235badf642d,987:train:d129_u14,21ea1d8cb12f4ce111743af9109d4e40,0,0,0,clean,0,not_invoked,,0,0,0.0,0.0002999986463692039,0.000200001522898674,0.00270000055024866,0.002300001142430119,0.0073999999585794285
988,988,train:d130_u0,,,,,,never,3,0,0,0,0,0,rbpg-3e212e568f3d314e0ee8eb2a,rbpg-3e212e568f3d314e0ee8eb2a,rbpg-exec-a795a1d0cf114c8c8b14d235badf642d,988:train:d130_u0,fe10a0a975289b9aae828b950a12875f,0,0,0,clean,0,not_invoked,,0,0,0.0,0.00019999970390927047,0.00019999970390927047,0.0026999987312592566,0.0022999993234407157,0.0073999999585794285
989,989,train:d130_u1,,,,,,never,3,0,0,0,0,0,rbpg-3e212e568f3d314e0ee8eb2a,rbpg-3e212e568f3d314e0ee8eb2a,rbpg-exec-a795a1d0cf114c8c8b14d235badf642d,989:train:d130_u1,f5c7682855157ccbffb010e62724c5b8,0,0,0,clean,0,not_invoked,,0,0,0.0,0.00030000046535860747,0.000100000761449337,0.00270000055024866,0.0022999993234407157,0.0073999999585794285
990,990,train:d130_u2,,,,,,never,3,0,0,0,0,0,rbpg-3e212e568f3d314e0ee8eb2a,rbpg-3e212e568f3d314e0ee8eb2a,rbpg-exec-a795a1d0cf114c8c8b14d235badf642d,990:train:d130_u2,6f81a3cd97720181fe67c859a9e5210a,0,0,0,clean,0,not_invoked,,0,0,0.0,0.00030000046535860747,0.000100000761449337,0.00270000055024866,0.0022999993234407157,0.007300001016119495
991,991,train:d130_u4,,,,,,never,3,0,0,0,0,0,rbpg-3e212e568f3d314e0ee8eb2a,rbpg-3e212e568f3d314e0ee8eb2a,rbpg-exec-a795a1d0cf114c8c8b14d235badf642d,991:train:d130_u4,a371478c58b7769365772acd1989024d,0,0,0,clean,0,not_invoked,,0,0,0.0,0.00030000046535860747,0.000100000761449337,0.0026999987312592566,0.0022999993234407157,0.0073999999585794285
992,992,train:d130_u5,,,,,,never,3,0,0,0,0,0,rbpg-3e212e568f3d314e0ee8eb2a,rbpg-3e212e568f3d314e0ee8eb2a,rbpg-exec-a795a1d0cf114c8c8b14d235badf642d,992:train:d130_u5,a88548930f8f44dc486ba48416def156,0,0,0,clean,0,not_invoked,,0,0,0.0,0.0002999986463692039,9.999894245993346e-05,0.0026999987312592566,0.0022999993234407157,0.0073999999585794285
993,993,train:d130_u6,,,,,,never,3,0,0,0,0,0,rbpg-3e212e568f3d314e0ee8eb2a,rbpg-3e212e568f3d314e0ee8eb2a,rbpg-exec-a795a1d0cf114c8c8b14d235badf642d,993:train:d130_u6,7e053c3a082d23f955cef827ce8d8c73,0,0,0,clean,0,not_invoked,,0,0,0.0,0.00030000046535860747,0.00019999970390927047,0.00270000055024866,0.002300001142430119,0.0073999999585794285
994,994,train:d130_u7,,,,,,never,3,0,0,0,0,0,rbpg-3e212e568f3d314e0ee8eb2a,rbpg-3e212e568f3d314e0ee8eb2a,rbpg-exec-a795a1d0cf114c8c8b14d235badf642d,994:train:d130_u7,e22df8bdeeb7abb65ffbacfe1eebefec,0,0,0,clean,0,not_invoked,,0,0,0.0,0.00030000046535860747,0.000100000761449337,0.002599999788799323,0.002300001142430119,0.0073999999585794285
995,995,train:d130_u8,,,,,,never,3,0,0,0,0,0,rbpg-3e212e568f3d314e0ee8eb2a,rbpg-3e212e568f3d314e0ee8eb2a,rbpg-exec-a795a1d0cf114c8c8b14d235badf642d,995:train:d130_u8,defe8ac54475c3edcd65b85b21cabd5f,0,0,0,clean,0,not_invoked,,0,0,0.0,0.0002999986463692039,0.00019999970390927047,0.0026999987312592566,0.002200000380980782,0.007100001312210225
996,996,train:d130_u10,,,,,,never,3,0,0,0,0,0,rbpg-3e212e568f3d314e0ee8eb2a,rbpg-3e212e568f3d314e0ee8eb2a,rbpg-exec-a795a1d0cf114c8c8b14d235badf642d,996:train:d130_u10,1327d482504f0dfb25542dc00018a475,0,0,0,clean,0,not_invoked,,0,0,0.0,0.00030000046535860747,0.000200001522898674,0.00270000055024866,0.002200000380980782,0.007200000254670158
997,997,train:d130_u12,,,,,,never,3,0,0,0,0,0,rbpg-3e212e568f3d314e0ee8eb2a,rbpg-3e212e568f3d314e0ee8eb2a,rbpg-exec-a795a1d0cf114c8c8b14d235badf642d,997:train:d130_u12,b7d50481870a8d19bc344fc6085e6d94,0,0,0,clean,0,not_invoked,,0,0,0.0,0.0002999986463692039,0.00019999970390927047,0.0026999987312592566,0.0022999993234407157,0.007300001016119495
998,998,train:d130_u13,,,,,,never,3,0,0,0,0,0,rbpg-3e212e568f3d314e0ee8eb2a,rbpg-3e212e568f3d314e0ee8eb2a,rbpg-exec-a795a1d0cf114c8c8b14d235badf642d,998:train:d130_u13,67b18088efed48508c2b4e7612697fde,0,0,0,clean,0,not_invoked,,0,0,0.0,0.0002999986463692039,9.999894245993346e-05,0.0027999994927085936,0.002200000380980782,0.0073999999585794285
999,999,train:d130_u14,,,,,,never,3,0,0,0,0,0,rbpg-3e212e568f3d314e0ee8eb2a,rbpg-3e212e568f3d314e0ee8eb2a,rbpg-exec-a795a1d0cf114c8c8b14d235badf642d,999:train:d130_u14,101be52b5871df5d94dd2d06af7785b4,0,0,0,clean,0,not_invoked,,0,0,0.0,0.00030000046535860747,0.000100000761449337,0.00270000055024866,0.0021999985619913787,0.007200000254670158
1000,1000,train:d130_u15,,,,,,never,3,0,0,0,0,0,rbpg-3e212e568f3d314e0ee8eb2a,rbpg-3e212e568f3d314e0ee8eb2a,rbpg-exec-a795a1d0cf114c8c8b14d235badf642d,1000:train:d130_u15,20210df997389b87e343408ffd43ee4b,0,0,0,clean,0,not_invoked,,0,0,0.0,0.00030000046535860747,0.00019999970390927047,0.003099999958067201,0.002300001142430119,0.007799999366397969
1001,1001,train:d130_u17,,,,,,never,3,0,0,0,0,0,rbpg-3e212e568f3d314e0ee8eb2a,rbpg-3e212e568f3d314e0ee8eb2a,rbpg-exec-a795a1d0cf114c8c8b14d235badf642d,1001:train:d130_u17,e3509115d207147c64a979886102ef65,0,0,0,clean,0,not_invoked,,0,0,0.0,0.00039999940781854093,0.000200001522898674,0.0029000002541579306,0.0021999985619913787,0.007599999662488699
1002,1002,train:d131_u0,,,,,,never,3,0,0,0,0,0,rbpg-3e212e568f3d314e0ee8eb2a,rbpg-3e212e568f3d314e0ee8eb2a,rbpg-exec-a795a1d0cf114c8c8b14d235badf642d,1002:train:d131_u0,ae430722a86e2a6b6d9e549fc82fcc08,0,0,0,clean,0,not_invoked,,0,0,0.0,0.00030000046535860747,0.00019999970390927047,0.002800001311697997,0.002200000380980782,0.0073999999585794285
1003,1003,train:d131_u1,,,,,,never,3,0,0,0,0,0,rbpg-3e212e568f3d314e0ee8eb2a,rbpg-3e212e568f3d314e0ee8eb2a,rbpg-exec-a795a1d0cf114c8c8b14d235badf642d,1003:train:d131_u1,4e7702a9a909ff775a62ad7f40096e49,0,0,0,clean,0,not_invoked,,0,0,0.0,0.000200001522898674,0.00019999970390927047,0.0029000002541579306,0.0022999993234407157,0.007499998901039362
1004,1004,train:d131_u2,,,,,,never,3,0,0,0,0,0,rbpg-3e212e568f3d314e0ee8eb2a,rbpg-3e212e568f3d314e0ee8eb2a,rbpg-exec-a795a1d0cf114c8c8b14d235badf642d,1004:train:d131_u2,c28af4d648928b8e8657990b85f1a6b4,0,0,0,clean,0,not_invoked,,0,0,0.0,0.0002999986463692039,0.000100000761449337,0.0026999987312592566,0.002200000380980782,0.007200000254670158
1005,1005,train:d132_u1,,,,,,never,3,0,0,0,0,0,rbpg-3e212e568f3d314e0ee8eb2a,rbpg-3e212e568f3d314e0ee8eb2a,rbpg-exec-a795a1d0cf114c8c8b14d235badf642d,1005:train:d132_u1,5fa3f08363b8d3536517d5c1313406c5,0,0,0,clean,0,not_invoked,,0,0,0.0,0.00030000046535860747,0.00019999970390927047,0.0026999987312592566,0.002200000380980782,0.0072999991971300915
1006,1006,train:d132_u2,,,,,,never,3,0,0,0,0,0,rbpg-3e212e568f3d314e0ee8eb2a,rbpg-3e212e568f3d314e0ee8eb2a,rbpg-exec-a795a1d0cf114c8c8b14d235badf642d,1006:train:d132_u2,879e9336609c73e29758307a25fb806f,0,0,0,clean,0,not_invoked,,0,0,0.0,0.0002999986463692039,9.999894245993346e-05,0.0026999987312592566,0.002200000380980782,0.007200000254670158
1007,1007,train:d132_u4,,,,,,never,3,0,0,0,0,0,rbpg-3e212e568f3d314e0ee8eb2a,rbpg-3e212e568f3d314e0ee8eb2a,rbpg-exec-a795a1d0cf114c8c8b14d235badf642d,1007:train:d132_u4,ee68019b5938829dee008cd0a1104629,0,0,0,clean,0,not_invoked,,0,0,0.0,0.00030000046535860747,0.00019999970390927047,0.0026000016077887267,0.002200000380980782,0.007099999493220821
1008,1008,train:d132_u5,,,,,,never,3,0,0,0,0,0,rbpg-3e212e568f3d314e0ee8eb2a,rbpg-3e212e568f3d314e0ee8eb2a,rbpg-exec-a795a1d0cf114c8c8b14d235badf642d,1008:train:d132_u5,3da90b00cb497086ffd57a3597cc3990,0,0,0,clean,0,not_invoked,,0,0,0.0,0.00030000046535860747,0.00019999970390927047,0.0026999987312592566,0.002200000380980782,0.0072999991971300915
1009,1009,train:d132_u6,,,,,,never,3,0,0,0,0,0,rbpg-3e212e568f3d314e0ee8eb2a,rbpg-3e212e568f3d314e0ee8eb2a,rbpg-exec-a795a1d0cf114c8c8b14d235badf642d,1009:train:d132_u6,a2934fe5863cf2e38e4f3bd1a3a4e512,0,0,0,clean,0,not_invoked,,0,0,0.0,0.00030000046535860747,9.999894245993346e-05,0.00270000055024866,0.002300001142430119,0.0072999991971300915
1010,1010,train:d132_u7,,,,,,never,3,0,0,0,0,0,rbpg-3e212e568f3d314e0ee8eb2a,rbpg-3e212e568f3d314e0ee8eb2a,rbpg-exec-a795a1d0cf114c8c8b14d235badf642d,1010:train:d132_u7,f776487cee4ef74d77350abd48189edf,0,0,0,clean,0,not_invoked,,0,0,0.0,0.00030000046535860747,9.999894245993346e-05,0.00270000055024866,0.002300001142430119,0.0072999991971300915
1011,1011,train:d132_u8,,,,,,never,3,0,0,0,0,0,rbpg-3e212e568f3d314e0ee8eb2a,rbpg-3e212e568f3d314e0ee8eb2a,rbpg-exec-a795a1d0cf114c8c8b14d235badf642d,1011:train:d132_u8,f25a1c6b16151db477e2109631f12fae,0,0,0,clean,0,not_invoked,,0,0,0.0,0.00030000046535860747,9.999894245993346e-05,0.00270000055024866,0.002300001142430119,0.0072999991971300915
1012,1012,train:d132_u9,,,,,,never,3,0,0,0,0,0,rbpg-3e212e568f3d314e0ee8eb2a,rbpg-3e212e568f3d314e0ee8eb2a,rbpg-exec-a795a1d0cf114c8c8b14d235badf642d,1012:train:d132_u9,e2f9d1b1d6db4139ec54d94ce9e99252,0,0,0,clean,0,not_invoked,,0,0,0.0,0.00030000046535860747,0.000100000761449337,0.0027999994927085936,0.002200000380980782,0.0072999991971300915
1013,1013,train:d132_u10,,,,,,never,3,0,0,0,0,0,rbpg-3e212e568f3d314e0ee8eb2a,rbpg-3e212e568f3d314e0ee8eb2a,rbpg-exec-a795a1d0cf114c8c8b14d235badf642d,1013:train:d132_u10,5162696ad6c913420b2013c7278e8952,0,0,0,clean,0,not_invoked,,0,0,0.0,0.00030000046535860747,0.00019999970390927047,0.0027999994927085936,0.002200000380980782,0.0072999991971300915
1014,1014,train:d134_u0,,,,,,never,3,0,0,0,0,0,rbpg-3e212e568f3d314e0ee8eb2a,rbpg-3e212e568f3d314e0ee8eb2a,rbpg-exec-a795a1d0cf114c8c8b14d235badf642d,1014:train:d134_u0,2f1812e1a43309098d06e6085bd31770,0,0,0,clean,0,not_invoked,,0,0,0.0,0.00030000046535860747,0.000100000761449337,0.00270000055024866,0.0022999993234407157,0.007300001016119495
1015,1015,train:d135_u0,,,,,,never,3,0,0,0,0,0,rbpg-3e212e568f3d314e0ee8eb2a,rbpg-3e212e568f3d314e0ee8eb2a,rbpg-exec-a795a1d0cf114c8c8b14d235badf642d,1015:train:d135_u0,2dbe941949693ff0998c4a46bb34c66b,0,0,0,clean,0,not_invoked,,0,0,0.0,0.00030000046535860747,0.000200001522898674,0.002800001311697997,0.002200000380980782,0.007300001016119495
1016,1016,train:d135_u1,,,,,,never,3,0,0,0,0,0,rbpg-3e212e568f3d314e0ee8eb2a,rbpg-3e212e568f3d314e0ee8eb2a,rbpg-exec-a795a1d0cf114c8c8b14d235badf642d,1016:train:d135_u1,a917cc24806322cc18875fb38c855c40,0,0,0,clean,0,not_invoked,,0,0,0.0,0.0002999986463692039,0.000100000761449337,0.002599999788799323,0.0022999993234407157,0.007300001016119495
1017,1017,train:d135_u2,,,,,,never,3,0,0,0,0,0,rbpg-3e212e568f3d314e0ee8eb2a,rbpg-3e212e568f3d314e0ee8eb2a,rbpg-exec-a795a1d0cf114c8c8b14d235badf642d,1017:train:d135_u2,0eb8e90a56b9b5edc6e00fa66a295e86,0,0,0,clean,0,not_invoked,,0,0,0.0,0.0002999986463692039,0.00019999970390927047,0.0027999994927085936,0.0022999993234407157,0.0072999991971300915
1018,1018,train:d135_u4,,,,,,never,3,0,0,0,0,0,rbpg-3e212e568f3d314e0ee8eb2a,rbpg-3e212e568f3d314e0ee8eb2a,rbpg-exec-a795a1d0cf114c8c8b14d235badf642d,1018:train:d135_u4,db879d98c2d6ec181f6b0ef7530dcb72,0,0,0,clean,0,not_invoked,,0,0,0.0,0.0004000012268079445,0.000200001522898674,0.00270000055024866,0.0024000000848900527,0.0073999999585794285
1019,1019,train:d135_u5,,,,,,never,3,0,0,0,0,0,rbpg-3e212e568f3d314e0ee8eb2a,rbpg-3e212e568f3d314e0ee8eb2a,rbpg-exec-a795a1d0cf114c8c8b14d235badf642d,1019:train:d135_u5,b3dd6b36662c5387a2ff49b124e385fc,0,0,0,clean,0,not_invoked,,0,0,0.0,0.00030000046535860747,0.00019999970390927047,0.00270000055024866,0.0022999993234407157,0.0073999999585794285
1020,1020,train:d135_u6,,,,,,never,3,0,0,0,0,0,rbpg-3e212e568f3d314e0ee8eb2a,rbpg-3e212e568f3d314e0ee8eb2a,rbpg-exec-a795a1d0cf114c8c8b14d235badf642d,1020:train:d135_u6,7fb322cebffd5679c0d77c1de91484a7,0,0,0,clean,0,not_invoked,,0,0,0.0,0.00030000046535860747,0.00019999970390927047,0.002599999788799323,0.0024000000848900527,0.0072999991971300915
1021,1021,train:d135_u7,,,,,,never,3,0,0,0,0,0,rbpg-3e212e568f3d314e0ee8eb2a,rbpg-3e212e568f3d314e0ee8eb2a,rbpg-exec-a795a1d0cf114c8c8b14d235badf642d,1021:train:d135_u7,436b1e5203655eab03eb03c0c037f473,0,0,0,clean,0,not_invoked,,0,0,0.0,0.00030000046535860747,0.000100000761449337,0.00270000055024866,0.0021999985619913787,0.007200000254670158
1022,1022,train:d135_u8,,,,,,never,3,0,0,0,0,0,rbpg-3e212e568f3d314e0ee8eb2a,rbpg-3e212e568f3d314e0ee8eb2a,rbpg-exec-a795a1d0cf114c8c8b14d235badf642d,1022:train:d135_u8,8dce5370d72679c48a03add8873b5168,0,0,0,clean,0,not_invoked,,0,0,0.0,0.00030000046535860747,9.999894245993346e-05,0.013900000340072438,0.002599999788799323,0.01869999869086314
1023,1023,train:d136_u0,,,,,,never,3,0,0,0,0,0,rbpg-3e212e568f3d314e0ee8eb2a,rbpg-3e212e568f3d314e0ee8eb2a,rbpg-exec-a795a1d0cf114c8c8b14d235badf642d,1023:train:d136_u0,db3675ac771f23c8c4f5eb7f9bf47d50,0,0,0,clean,0,not_invoked,,0,0,0.0,0.00030000046535860747,0.00019999970390927047,0.0027999994927085936,0.0022999993234407157,0.007599999662488699
1024,1024,train:d136_u1,,,,,,never,3,0,0,0,0,0,rbpg-3e212e568f3d314e0ee8eb2a,rbpg-3e212e568f3d314e0ee8eb2a,rbpg-exec-a795a1d0cf114c8c8b14d235badf642d,1024:train:d136_u1,fb27485f27353842acc0e9ca3f091f0f,0,0,0,clean,0,not_invoked,,0,0,0.0,0.00030000046535860747,0.00019999970390927047,0.0026999987312592566,0.0022999993234407157,0.0073999999585794285
1025,1025,train:d136_u4,,,,,,never,3,0,0,0,0,0,rbpg-3e212e568f3d314e0ee8eb2a,rbpg-3e212e568f3d314e0ee8eb2a,rbpg-exec-a795a1d0cf114c8c8b14d235badf642d,1025:train:d136_u4,62e09db602a45d8da92c2f993440d77a,0,0,0,clean,0,not_invoked,,0,0,0.0,0.0002999986463692039,0.00019999970390927047,0.0027999994927085936,0.0022999993234407157,0.0073999999585794285
1026,1026,train:d136_u5,,,,,,never,3,0,0,0,0,0,rbpg-3e212e568f3d314e0ee8eb2a,rbpg-3e212e568f3d314e0ee8eb2a,rbpg-exec-a795a1d0cf114c8c8b14d235badf642d,1026:train:d136_u5,206c9db3250078aa8af45b5f294e7462,0,0,0,clean,0,not_invoked,,0,0,0.0,0.00030000046535860747,0.000100000761449337,0.002599999788799323,0.002200000380980782,0.007099999493220821
1027,1027,train:d137_u0,,,,,,never,3,0,0,0,0,0,rbpg-3e212e568f3d314e0ee8eb2a,rbpg-3e212e568f3d314e0ee8eb2a,rbpg-exec-a795a1d0cf114c8c8b14d235badf642d,1027:train:d137_u0,1adee77edc70dca2bf46235d61c5016a,0,0,0,clean,0,not_invoked,,0,0,0.0,0.00030000046535860747,0.000100000761449337,0.0026999987312592566,0.002200000380980782,0.007200000254670158
1028,1028,train:d137_u1,,,,,,never,3,0,0,0,0,0,rbpg-3e212e568f3d314e0ee8eb2a,rbpg-3e212e568f3d314e0ee8eb2a,rbpg-exec-a795a1d0cf114c8c8b14d235badf642d,1028:train:d137_u1,7a8555e2a883ee510d1ddad7d87b8798,0,0,0,clean,0,not_invoked,,0,0,0.0,0.0002999986463692039,0.00019999970390927047,0.0026999987312592566,0.0022999993234407157,0.007300001016119495
1029,1029,train:d137_u2,,,,,,never,3,0,0,0,0,0,rbpg-3e212e568f3d314e0ee8eb2a,rbpg-3e212e568f3d314e0ee8eb2a,rbpg-exec-a795a1d0cf114c8c8b14d235badf642d,1029:train:d137_u2,3943630437fbc775b53087ce771b9f28,0,0,0,clean,0,not_invoked,,0,0,0.0,0.00030000046535860747,0.00019999970390927047,0.0026999987312592566,0.0022999993234407157,0.0073999999585794285
1030,1030,train:d137_u3,,,,,,never,3,0,0,0,0,0,rbpg-3e212e568f3d314e0ee8eb2a,rbpg-3e212e568f3d314e0ee8eb2a,rbpg-exec-a795a1d0cf114c8c8b14d235badf642d,1030:train:d137_u3,dc3ea9241e53fc3a0f6ea6fbdca4c7b1,0,0,0,clean,0,not_invoked,,0,0,0.0,0.0002999986463692039,9.999894245993346e-05,0.0026999987312592566,0.0022999993234407157,0.0072999991971300915
1031,1031,train:d137_u4,,,,,,never,3,0,0,0,0,0,rbpg-3e212e568f3d314e0ee8eb2a,rbpg-3e212e568f3d314e0ee8eb2a,rbpg-exec-a795a1d0cf114c8c8b14d235badf642d,1031:train:d137_u4,2fc49b6e101696102b6afb1a1e8a8a4b,0,0,0,clean,0,not_invoked,,0,0,0.0,0.00030000046535860747,0.000100000761449337,0.002599999788799323,0.0022999993234407157,0.007300001016119495
1032,1032,train:d137_u5,,,,,,never,3,0,0,0,0,0,rbpg-3e212e568f3d314e0ee8eb2a,rbpg-3e212e568f3d314e0ee8eb2a,rbpg-exec-a795a1d0cf114c8c8b14d235badf642d,1032:train:d137_u5,ed8766722e5c70577b6bae735d320957,0,0,0,clean,0,not_invoked,,0,0,0.0,0.0010999992809956893,0.000200001522898674,0.012200000128359534,0.005100000635138713,0.023799999326001853
1033,1033,train:d137_u6,,,,,,never,3,0,0,0,0,0,rbpg-3e212e568f3d314e0ee8eb2a,rbpg-3e212e568f3d314e0ee8eb2a,rbpg-exec-a795a1d0cf114c8c8b14d235badf642d,1033:train:d137_u6,0939c428da25773e22c1863b0725eecd,0,0,0,clean,0,not_invoked,,0,0,0.0,0.0005999991117278114,0.00019999970390927047,0.004800000169780105,0.0035000011848751456,0.01179999890155159
1034,1034,train:d137_u7,,,,,,never,3,0,0,0,0,0,rbpg-3e212e568f3d314e0ee8eb2a,rbpg-3e212e568f3d314e0ee8eb2a,rbpg-exec-a795a1d0cf114c8c8b14d235badf642d,1034:train:d137_u7,b02933124b91f1b7e60da9546dfd8e89,0,0,0,clean,0,not_invoked,,0,0,0.0,0.0005000001692678779,0.00019999970390927047,0.003700000888784416,0.002800001311697997,0.009399998816661537
1035,1035,train:d138_u0,,,,,,never,3,0,0,0,0,0,rbpg-3e212e568f3d314e0ee8eb2a,rbpg-3e212e568f3d314e0ee8eb2a,rbpg-exec-a795a1d0cf114c8c8b14d235badf642d,1035:train:d138_u0,64dede8116a2da37a136a51c750325bb,0,0,0,clean,0,not_invoked,,0,0,0.0,0.0004000012268079445,0.00019999970390927047,0.003899998773704283,0.002599999788799323,0.0090000012278324
1036,1036,train:d138_u1,,,,,,never,3,0,0,0,0,0,rbpg-3e212e568f3d314e0ee8eb2a,rbpg-3e212e568f3d314e0ee8eb2a,rbpg-exec-a795a1d0cf114c8c8b14d235badf642d,1036:train:d138_u1,142ad58ea627bc9f68f02b127d5aadea,0,0,0,clean,0,not_invoked,,0,0,0.0,0.00030000046535860747,0.00019999970390927047,0.0032999996619764715,0.0024000000848900527,0.008300001354655251
1037,1037,train:d138_u2,,,,,,never,3,0,0,0,0,0,rbpg-3e212e568f3d314e0ee8eb2a,rbpg-3e212e568f3d314e0ee8eb2a,rbpg-exec-a795a1d0cf114c8c8b14d235badf642d,1037:train:d138_u2,a54438172cd011df2179c6ca334fd1fc,0,0,0,clean,0,not_invoked,,0,0,0.0,0.0010000003385357559,0.00030000046535860747,0.01179999890155159,0.025100000129896216,0.043000000005122274
1038,1038,train:d138_u3,,,,,,never,3,0,0,0,0,0,rbpg-3e212e568f3d314e0ee8eb2a,rbpg-3e212e568f3d314e0ee8eb2a,rbpg-exec-a795a1d0cf114c8c8b14d235badf642d,1038:train:d138_u3,2257de3ea63ee3b8656e4328c829d46d,0,0,0,clean,0,not_invoked,,0,0,0.0,0.0006000009307172149,0.00019999970390927047,0.004300000000512227,0.0034000004234258085,0.011300000551273115
1039,1039,train:d138_u7,,,,,,never,3,0,0,0,0,0,rbpg-3e212e568f3d314e0ee8eb2a,rbpg-3e212e568f3d314e0ee8eb2a,rbpg-exec-a795a1d0cf114c8c8b14d235badf642d,1039:train:d138_u7,462932ea8487513c866c679ff5e5e4c6,0,0,0,clean,0,not_invoked,,0,0,0.0,0.0006999998731771484,0.00019999970390927047,0.007700000423938036,0.0034000004234258085,0.015300000086426735
1040,1040,train:d138_u8,,,,,,never,3,0,0,0,0,0,rbpg-3e212e568f3d314e0ee8eb2a,rbpg-3e212e568f3d314e0ee8eb2a,rbpg-exec-a795a1d0cf114c8c8b14d235badf642d,1040:train:d138_u8,2f7ccc984f7b016f27e334e256081e37,0,0,0,clean,0,not_invoked,,0,0,0.0,0.0006999998731771484,0.000200001522898674,0.006599999323952943,0.0040000013541430235,0.014799999917158857
1041,1041,train:d138_u9,,,,,,never,3,0,0,0,0,0,rbpg-3e212e568f3d314e0ee8eb2a,rbpg-3e212e568f3d314e0ee8eb2a,rbpg-exec-a795a1d0cf114c8c8b14d235badf642d,1041:train:d138_u9,da2ae9ca111a90a40e5cf2ae842d93a9,0,0,0,clean,0,not_invoked,,0,0,0.0,0.0005000001692678779,0.00019999970390927047,0.0039000005926936865,0.0029000002541579306,0.024300001314259134
1042,1042,train:d138_u10,,,,,,never,3,0,0,0,0,0,rbpg-3e212e568f3d314e0ee8eb2a,rbpg-3e212e568f3d314e0ee8eb2a,rbpg-exec-a795a1d0cf114c8c8b14d235badf642d,1042:train:d138_u10,c435bac487fac24afdb1b72df2a1dbfc,0,0,0,clean,0,not_invoked,,0,0,0.0,0.0004000012268079445,0.00019999970390927047,0.003600000127335079,0.0026999987312592566,0.008700000762473792
1043,1043,train:d138_u11,,,,,,never,3,0,0,0,0,0,rbpg-3e212e568f3d314e0ee8eb2a,rbpg-3e212e568f3d314e0ee8eb2a,rbpg-exec-a795a1d0cf114c8c8b14d235badf642d,1043:train:d138_u11,60a358ed8749935a9b2c28ff2aff5bce,0,0,0,clean,0,not_invoked,,0,0,0.0,0.00030000046535860747,9.999894245993346e-05,0.003200000719516538,0.0025000008463393897,0.008099999831756577
1044,1044,train:d138_u12,,,,,,never,3,0,0,0,0,0,rbpg-3e212e568f3d314e0ee8eb2a,rbpg-3e212e568f3d314e0ee8eb2a,rbpg-exec-a795a1d0cf114c8c8b14d235badf642d,1044:train:d138_u12,5c95ff2f0ab4037c5ac86a4dd7df8b6e,0,0,0,clean,0,not_invoked,,0,0,0.0,0.00039999940781854093,0.00019999970390927047,0.0029000002541579306,0.0024000000848900527,0.007700000423938036
1045,1045,train:d138_u14,,,,,,never,3,0,0,0,0,0,rbpg-3e212e568f3d314e0ee8eb2a,rbpg-3e212e568f3d314e0ee8eb2a,rbpg-exec-a795a1d0cf114c8c8b14d235badf642d,1045:train:d138_u14,a7b5473ed9f6559420a63a9db92a817b,0,0,0,clean,0,not_invoked,,0,0,0.0,0.0011000010999850929,0.000200001522898674,0.011500000255182385,0.00520000139658805,0.023399999918183312
1046,1046,train:d138_u15,,,,,,never,3,0,0,0,0,0,rbpg-3e212e568f3d314e0ee8eb2a,rbpg-3e212e568f3d314e0ee8eb2a,rbpg-exec-a795a1d0cf114c8c8b14d235badf642d,1046:train:d138_u15,4f52d9206ccfe65320b41a38d2884632,0,0,0,clean,0,not_invoked,,0,0,0.0,0.0008000006346264854,0.00019999970390927047,0.007499998901039362,0.0040000013541430235,0.01610000072105322
1047,1047,train:d139_u0,,,,,,never,3,0,0,0,0,0,rbpg-3e212e568f3d314e0ee8eb2a,rbpg-3e212e568f3d314e0ee8eb2a,rbpg-exec-a795a1d0cf114c8c8b14d235badf642d,1047:train:d139_u0,980238a35dc08ec8d3b1985d834c394d,0,0,0,clean,0,not_invoked,,0,0,0.0,0.0010999992809956893,0.0002999986463692039,0.010099998689838685,0.004900000931229442,0.021800000467919745
1048,1048,train:d139_u1,,,,,,never,3,0,0,0,0,0,rbpg-3e212e568f3d314e0ee8eb2a,rbpg-3e212e568f3d314e0ee8eb2a,rbpg-exec-a795a1d0cf114c8c8b14d235badf642d,1048:train:d139_u1,d5f3560068375a1e5eca517d31d391ef,0,0,0,clean,0,not_invoked,,0,0,0.0,0.0005999991117278114,0.00019999970390927047,0.00419999923906289,0.003399998604436405,0.011099999028374441
1049,1049,train:d139_u2,,,,,,never,3,0,0,0,0,0,rbpg-3e212e568f3d314e0ee8eb2a,rbpg-3e212e568f3d314e0ee8eb2a,rbpg-exec-a795a1d0cf114c8c8b14d235badf642d,1049:train:d139_u2,bf2746ae01eab8a87fe8bf57d59d89a3,0,0,0,clean,0,not_invoked,,0,0,0.0,0.0005000001692678779,9.999894245993346e-05,0.003300001480965875,0.00270000055024866,0.008700000762473792
1050,1050,train:d139_u3,,,,,,never,3,0,0,0,0,0,rbpg-3e212e568f3d314e0ee8eb2a,rbpg-3e212e568f3d314e0ee8eb2a,rbpg-exec-a795a1d0cf114c8c8b14d235badf642d,1050:train:d139_u3,c96c60a4913ea2eff39e23fdcbe599c3,0,0,0,clean,0,not_invoked,,0,0,0.0,0.00030000046535860747,0.00019999970390927047,0.002999999196617864,0.0024000000848900527,0.007899998308857903
1051,1051,train:d139_u5,,,,,,never,3,0,0,0,0,0,rbpg-3e212e568f3d314e0ee8eb2a,rbpg-3e212e568f3d314e0ee8eb2a,rbpg-exec-a795a1d0cf114c8c8b14d235badf642d,1051:train:d139_u5,133a0ecd7adb7e41fab284faa4aebb10,0,0,0,clean,0,not_invoked,,0,0,0.0,0.00030000046535860747,0.00019999970390927047,0.0032999996619764715,0.0022999993234407157,0.007900000127847306
1052,1052,train:d140_u0,,,,,,never,3,0,0,0,0,0,rbpg-3e212e568f3d314e0ee8eb2a,rbpg-3e212e568f3d314e0ee8eb2a,rbpg-exec-a795a1d0cf114c8c8b14d235badf642d,1052:train:d140_u0,55a19da122faa1726ce59bccda30218d,0,0,0,clean,0,not_invoked,,0,0,0.0,0.00030000046535860747,0.00019999970390927047,0.0026999987312592566,0.0024000000848900527,0.007499998901039362
1053,1053,train:d140_u1,,,,,,never,3,0,0,0,0,0,rbpg-3e212e568f3d314e0ee8eb2a,rbpg-3e212e568f3d314e0ee8eb2a,rbpg-exec-a795a1d0cf114c8c8b14d235badf642d,1053:train:d140_u1,7685eb24ea8a3047f76fe347f650e4b1,0,0,0,clean,0,not_invoked,,0,0,0.0,0.0010999992809956893,0.0002999986463692039,0.01049999991664663,0.025600000299164094,0.04269999953976367
1054,1054,train:d141_u0,,,,,,never,3,0,0,0,0,0,rbpg-3e212e568f3d314e0ee8eb2a,rbpg-3e212e568f3d314e0ee8eb2a,rbpg-exec-a795a1d0cf114c8c8b14d235badf642d,1054:train:d141_u0,b204892bac3c216f929743270b0f599e,0,0,0,clean,0,not_invoked,,0,0,0.0,0.0005999991117278114,0.000100000761449337,0.004100000296602957,0.0034000004234258085,0.011000000085914508
1055,1055,train:d141_u1,,,,,,never,3,0,0,0,0,0,rbpg-3e212e568f3d314e0ee8eb2a,rbpg-3e212e568f3d314e0ee8eb2a,rbpg-exec-a795a1d0cf114c8c8b14d235badf642d,1055:train:d141_u1,03a06011bcde4aebe03af0f7e6cac51e,0,0,0,clean,0,not_invoked,,0,0,0.0,0.0004000012268079445,0.000100000761449337,0.003200000719516538,0.016400001186411828,0.02229999881819822
1056,1056,train:d141_u2,,,,,,never,3,0,0,0,0,0,rbpg-3e212e568f3d314e0ee8eb2a,rbpg-3e212e568f3d314e0ee8eb2a,rbpg-exec-a795a1d0cf114c8c8b14d235badf642d,1056:train:d141_u2,cee09f0383a60ecb009fc2fc150a0074,0,0,0,clean,0,not_invoked,,0,0,0.0,0.00039999940781854093,0.00019999970390927047,0.003600000127335079,0.002800001311697997,0.0090000012278324
1057,1057,train:d141_u3,,,,,,never,3,0,0,0,0,0,rbpg-3e212e568f3d314e0ee8eb2a,rbpg-3e212e568f3d314e0ee8eb2a,rbpg-exec-a795a1d0cf114c8c8b14d235badf642d,1057:train:d141_u3,714e1ab6b9840735ab1efc4442634165,0,0,0,clean,0,not_invoked,,0,0,0.0,0.0010999992809956893,0.00019999970390927047,0.010599998859106563,0.019099999917671084,0.036299999919719994
1058,1058,train:d141_u4,,,,,,never,3,0,0,0,0,0,rbpg-3e212e568f3d314e0ee8eb2a,rbpg-3e212e568f3d314e0ee8eb2a,rbpg-exec-a795a1d0cf114c8c8b14d235badf642d,1058:train:d141_u4,5e8bcdbe003b97f08f77194632fca3ee,0,0,0,clean,0,not_invoked,,0,0,0.0,0.0005000001692678779,0.000200001522898674,0.004599998646881431,0.003099999958067201,0.011100000847363845
1059,1059,train:d141_u5,,,,,,never,3,0,0,0,0,0,rbpg-3e212e568f3d314e0ee8eb2a,rbpg-3e212e568f3d314e0ee8eb2a,rbpg-exec-a795a1d0cf114c8c8b14d235badf642d,1059:train:d141_u5,dc51a08087382462460dac999d664a23,0,0,0,clean,0,not_invoked,,0,0,0.0,0.0006999998731771484,0.00019999970390927047,0.008700000762473792,0.004699999408330768,0.01809999957913533
1060,1060,train:d141_u6,,,,,,never,3,0,0,0,0,0,rbpg-3e212e568f3d314e0ee8eb2a,rbpg-3e212e568f3d314e0ee8eb2a,rbpg-exec-a795a1d0cf114c8c8b14d235badf642d,1060:train:d141_u6,58c74b9b33054604046293ca55d9e95c,0,0,0,clean,0,not_invoked,,0,0,0.0,0.0005000001692678779,0.00019999970390927047,0.00419999923906289,0.0032999996619764715,0.0106999996205559
1061,1061,train:d141_u7,,,,,,never,3,0,0,0,0,0,rbpg-3e212e568f3d314e0ee8eb2a,rbpg-3e212e568f3d314e0ee8eb2a,rbpg-exec-a795a1d0cf114c8c8b14d235badf642d,1061:train:d141_u7,c581fd33208df80fb236c1be23d1acb9,0,0,0,clean,0,not_invoked,,0,0,0.0,0.0005000001692678779,0.00019999970390927047,0.005699999746866524,0.003600000127335079,0.03380000089237001
1062,1062,train:d142_u0,,,,,,never,3,0,0,0,0,0,rbpg-3e212e568f3d314e0ee8eb2a,rbpg-3e212e568f3d314e0ee8eb2a,rbpg-exec-a795a1d0cf114c8c8b14d235badf642d,1062:train:d142_u0,bd8c85fc0bd989a7089ffec18852f228,0,0,0,clean,0,not_invoked,,0,0,0.0,0.00039999940781854093,0.000100000761449337,0.0034000004234258085,0.002599999788799323,0.008600000001024455
1063,1063,train:d142_u1,,,,,,never,3,0,0,0,0,0,rbpg-3e212e568f3d314e0ee8eb2a,rbpg-3e212e568f3d314e0ee8eb2a,rbpg-exec-a795a1d0cf114c8c8b14d235badf642d,1063:train:d142_u1,7474dd0611284ee93fa62baa1a18aa83,0,0,0,clean,0,not_invoked,,0,0,0.0,0.00039999940781854093,0.00019999970390927047,0.0030000010156072676,0.0025000008463393897,0.008099999831756577
1064,1064,train:d143_u0,,,,,,never,3,0,0,0,0,0,rbpg-3e212e568f3d314e0ee8eb2a,rbpg-3e212e568f3d314e0ee8eb2a,rbpg-exec-a795a1d0cf114c8c8b14d235badf642d,1064:train:d143_u0,162214c1a655ac06c74fcc72b8740690,0,0,0,clean,0,not_invoked,,0,0,0.0,0.00030000046535860747,0.000100000761449337,0.0027999994927085936,0.0024000000848900527,0.007700000423938036
1065,1065,train:d143_u1,,,,,,never,3,0,0,0,0,0,rbpg-3e212e568f3d314e0ee8eb2a,rbpg-3e212e568f3d314e0ee8eb2a,rbpg-exec-a795a1d0cf114c8c8b14d235badf642d,1065:train:d143_u1,eff5631a418a44d3646f5945b00d14c4,0,0,0,clean,0,not_invoked,,0,0,0.0,0.0004000012268079445,0.00019999970390927047,0.0029000002541579306,0.002499999027349986,0.007800001185387373
1066,1066,train:d143_u2,,,,,,never,3,0,0,0,0,0,rbpg-3e212e568f3d314e0ee8eb2a,rbpg-3e212e568f3d314e0ee8eb2a,rbpg-exec-a795a1d0cf114c8c8b14d235badf642d,1066:train:d143_u2,5c61eda5c675b2e1e6ade2f2810f2d92,0,0,0,clean,0,not_invoked,,0,0,0.0,0.0012000000424450263,0.0002999986463692039,0.024700000722077675,0.004999999873689376,0.05670000064128544
1067,1067,train:d143_u3,,,,,,never,3,0,0,0,0,0,rbpg-3e212e568f3d314e0ee8eb2a,rbpg-3e212e568f3d314e0ee8eb2a,rbpg-exec-a795a1d0cf114c8c8b14d235badf642d,1067:train:d143_u3,6d3ec03873dbec9aad10dc986d02ad8b,0,0,0,clean,0,not_invoked,,0,0,0.0,0.0012000000424450263,0.0002999986463692039,0.011899999663000926,0.005399999281507917,0.024500001018168405
1068,1068,train:d143_u4,,,,,,never,3,0,0,0,0,0,rbpg-3e212e568f3d314e0ee8eb2a,rbpg-3e212e568f3d314e0ee8eb2a,rbpg-exec-a795a1d0cf114c8c8b14d235badf642d,1068:train:d143_u4,ec9d3cd47436f0b40ba9759d94e74fc7,0,0,0,clean,0,not_invoked,,0,0,0.0,0.0005999991117278114,0.00019999970390927047,0.005099998816149309,0.01809999957913533,0.027100000806967728
1069,1069,train:d144_u0,,,,,,never,3,0,0,0,0,0,rbpg-3e212e568f3d314e0ee8eb2a,rbpg-3e212e568f3d314e0ee8eb2a,rbpg-exec-a795a1d0cf114c8c8b14d235badf642d,1069:train:d144_u0,67ca70388e5bde01d639d54bbf57f82b,0,0,0,clean,0,not_invoked,,0,0,0.0,0.00039999940781854093,0.000100000761449337,0.0034000004234258085,0.002599999788799323,0.022899999748915434
1070,1070,train:d144_u1,,,,,,never,3,0,0,0,0,0,rbpg-3e212e568f3d314e0ee8eb2a,rbpg-3e212e568f3d314e0ee8eb2a,rbpg-exec-a795a1d0cf114c8c8b14d235badf642d,1070:train:d144_u1,9c7471edb15871e3b6cc35b6457b93fe,0,0,0,clean,0,not_invoked,,0,0,0.0,0.0010000003385357559,0.0002999986463692039,0.010300000212737359,0.004999999873689376,0.02159999894502107
1071,1071,train:d144_u2,,,,,,never,3,0,0,0,0,0,rbpg-3e212e568f3d314e0ee8eb2a,rbpg-3e212e568f3d314e0ee8eb2a,rbpg-exec-a795a1d0cf114c8c8b14d235badf642d,1071:train:d144_u2,3f40f6c4a339377729f301d9a3f18619,0,0,0,clean,0,not_invoked,,0,0,0.0,0.000700001692166552,0.00030000046535860747,0.008699998943484388,0.00419999923906289,0.017699998352327384
1072,1072,train:d144_u3,,,,,,never,3,0,0,0,0,0,rbpg-3e212e568f3d314e0ee8eb2a,rbpg-3e212e568f3d314e0ee8eb2a,rbpg-exec-a795a1d0cf114c8c8b14d235badf642d,1072:train:d144_u3,2ef3f2b1b055971ad2e14a985580818e,0,0,0,clean,0,not_invoked,,0,0,0.0,0.00039999940781854093,0.00019999970390927047,0.004300000000512227,0.003399998604436405,0.010800000382005237
1073,1073,train:d144_u5,,,,,,never,3,0,0,0,0,0,rbpg-3e212e568f3d314e0ee8eb2a,rbpg-3e212e568f3d314e0ee8eb2a,rbpg-exec-a795a1d0cf114c8c8b14d235badf642d,1073:train:d144_u5,60bafc73baf575db5fbba7594ecc0ed4,0,0,0,clean,0,not_invoked,,0,0,0.0,0.0013000008038943633,0.00030000046535860747,0.011600001016631722,0.005600000804406591,0.024400000256719068
1074,1074,train:d145_u1,,,,,,never,3,0,0,0,0,0,rbpg-3e212e568f3d314e0ee8eb2a,rbpg-3e212e568f3d314e0ee8eb2a,rbpg-exec-a795a1d0cf114c8c8b14d235badf642d,1074:train:d145_u1,5848881ee83653ffa26cda6a8171228d,0,0,0,clean,0,not_invoked,,0,0,0.0,0.0006999998731771484,0.00019999970390927047,0.004900000931229442,0.0037999998312443495,0.012799999240087345
1075,1075,train:d145_u2,,,,,,never,3,0,0,0,0,0,rbpg-3e212e568f3d314e0ee8eb2a,rbpg-3e212e568f3d314e0ee8eb2a,rbpg-exec-a795a1d0cf114c8c8b14d235badf642d,1075:train:d145_u2,3c2a5a68cd5b88d76ebe3e584c7069aa,0,0,0,clean,0,not_invoked,,0,0,0.0,0.00039999940781854093,0.00019999970390927047,0.0034000004234258085,0.002899998435168527,0.02300000051036477
1076,1076,train:d145_u3,,,,,,never,3,0,0,0,0,0,rbpg-3e212e568f3d314e0ee8eb2a,rbpg-3e212e568f3d314e0ee8eb2a,rbpg-exec-a795a1d0cf114c8c8b14d235badf642d,1076:train:d145_u3,bb25bbd2c632026ead1fdc6eedc90bbf,0,0,0,clean,0,not_invoked,,0,0,0.0,0.0012000000424450263,0.00030000046535860747,0.01230000088980887,0.005600000804406591,0.025600000299164094
1077,1077,train:d145_u6,,,,,,never,3,0,0,0,0,0,rbpg-3e212e568f3d314e0ee8eb2a,rbpg-3e212e568f3d314e0ee8eb2a,rbpg-exec-a795a1d0cf114c8c8b14d235badf642d,1077:train:d145_u6,f588003a5af155ad476663f65e4f0633,0,0,0,clean,0,not_invoked,,0,0,0.0,0.0006999998731771484,0.00030000046535860747,0.02069999936793465,0.0036999990697950125,0.028500000553322025
1078,1078,train:d145_u8,,,,,,never,3,0,0,0,0,0,rbpg-3e212e568f3d314e0ee8eb2a,rbpg-3e212e568f3d314e0ee8eb2a,rbpg-exec-a795a1d0cf114c8c8b14d235badf642d,1078:train:d145_u8,9f38d486d1453d2861e69fe05c8e1ed0,0,0,0,clean,0,not_invoked,,0,0,0.0,0.0008999995770864189,0.000200001522898674,0.024700000722077675,0.004599998646881431,0.03479999941191636
1079,1079,train:d145_u12,,,,,,never,3,0,0,0,0,0,rbpg-3e212e568f3d314e0ee8eb2a,rbpg-3e212e568f3d314e0ee8eb2a,rbpg-exec-a795a1d0cf114c8c8b14d235badf642d,1079:train:d145_u12,e3facc03405a156e55d97924de182ed4,0,0,0,clean,0,not_invoked,,0,0,0.0,0.0005999991117278114,0.00019999970390927047,0.004900000931229442,0.003700000888784416,0.012200000128359534
1080,1080,train:d145_u13,,,,,,never,3,0,0,0,0,0,rbpg-3e212e568f3d314e0ee8eb2a,rbpg-3e212e568f3d314e0ee8eb2a,rbpg-exec-a795a1d0cf114c8c8b14d235badf642d,1080:train:d145_u13,4e31076b522b44e7f43fae39f9ec759e,0,0,0,clean,0,not_invoked,,0,0,0.0,0.0005000001692678779,0.00019999970390927047,0.004600000465870835,0.0031999989005271345,0.011199999789823778
1081,1081,train:d145_u14,,,,,,never,3,0,0,0,0,0,rbpg-3e212e568f3d314e0ee8eb2a,rbpg-3e212e568f3d314e0ee8eb2a,rbpg-exec-a795a1d0cf114c8c8b14d235badf642d,1081:train:d145_u14,45bfc527a769900c56434abeec7306c2,0,0,0,clean,0,not_invoked,,0,0,0.0,0.0004999983502784744,0.00019999970390927047,0.0039000005926936865,0.0029000002541579306,0.009899998985929415
1082,1082,train:d145_u17,,,,,,never,3,0,0,0,0,0,rbpg-3e212e568f3d314e0ee8eb2a,rbpg-3e212e568f3d314e0ee8eb2a,rbpg-exec-a795a1d0cf114c8c8b14d235badf642d,1082:train:d145_u17,524445db54f694a49b9f814c9fa89efb,0,0,0,clean,0,not_invoked,,0,0,0.0,0.0004000012268079445,9.999894245993346e-05,0.003700000888784416,0.01700000029813964,0.023599999622092582
1083,1083,train:d146_u0,,,,,,never,3,0,0,0,0,0,rbpg-3e212e568f3d314e0ee8eb2a,rbpg-3e212e568f3d314e0ee8eb2a,rbpg-exec-a795a1d0cf114c8c8b14d235badf642d,1083:train:d146_u0,63cf425a4b064bc218b9316a9295e2a9,0,0,0,clean,0,not_invoked,,0,0,0.0,0.0012000000424450263,0.0002999986463692039,0.011800000720540993,0.006000000212225132,0.024900000425986946
1084,1084,train:d146_u1,,,,,,never,3,0,0,0,0,0,rbpg-3e212e568f3d314e0ee8eb2a,rbpg-3e212e568f3d314e0ee8eb2a,rbpg-exec-a795a1d0cf114c8c8b14d235badf642d,1084:train:d146_u1,2991521bc102edcfb6c632912477dd4f,0,0,0,clean,0,not_invoked,,0,0,0.0,0.0012000000424450263,0.0002999986463692039,0.028300000849412754,0.005599998985417187,0.04160000025876798
1085,1085,train:d146_u2,,,,,,never,3,0,0,0,0,0,rbpg-3e212e568f3d314e0ee8eb2a,rbpg-3e212e568f3d314e0ee8eb2a,rbpg-exec-a795a1d0cf114c8c8b14d235badf642d,1085:train:d146_u2,ee51fbb02d86feb74f287379b6164456,0,0,0,clean,0,not_invoked,,0,0,0.0,0.0006999998731771484,0.000200001522898674,0.006199999916134402,0.004100000296602957,0.01449999945180025
1086,1086,train:d146_u3,,,,,,never,3,0,0,0,0,0,rbpg-3e212e568f3d314e0ee8eb2a,rbpg-3e212e568f3d314e0ee8eb2a,rbpg-exec-a795a1d0cf114c8c8b14d235badf642d,1086:train:d146_u3,e41581728e5c24bbde77cdbf9868949e,0,0,0,clean,0,not_invoked,,0,0,0.0,0.0011000010999850929,0.00030000046535860747,0.0106999996205559,0.005300000339047983,0.022000000171829015
1087,1087,train:d146_u4,,,,,,never,3,0,0,0,0,0,rbpg-3e212e568f3d314e0ee8eb2a,rbpg-3e212e568f3d314e0ee8eb2a,rbpg-exec-a795a1d0cf114c8c8b14d235badf642d,1087:train:d146_u4,88cad8a50b5c1198b84f3cf3f1b8c5c1,0,0,0,clean,0,not_invoked,,0,0,0.0,0.0005999991117278114,0.00019999970390927047,0.004999999873689376,0.0036999990697950125,0.012499998774728738
1088,1088,train:d146_u5,,,,,,never,3,0,0,0,0,0,rbpg-3e212e568f3d314e0ee8eb2a,rbpg-3e212e568f3d314e0ee8eb2a,rbpg-exec-a795a1d0cf114c8c8b14d235badf642d,1088:train:d146_u5,b195a7382c8dad29f07699eebbaaff33,0,0,0,clean,0,not_invoked,,0,0,0.0,0.0008000006346264854,0.0002999986463692039,0.010100000508828089,0.0197000008483883,0.03569999898900278
1089,1089,train:d146_u6,,,,,,never,3,0,0,0,0,0,rbpg-3e212e568f3d314e0ee8eb2a,rbpg-3e212e568f3d314e0ee8eb2a,rbpg-exec-a795a1d0cf114c8c8b14d235badf642d,1089:train:d146_u6,43aa778e3b1e47ee895b435410f60397,0,0,0,clean,0,not_invoked,,0,0,0.0,0.0005000001692678779,0.00019999970390927047,0.004600000465870835,0.0035999983083456755,0.011699999959091656
1090,1090,train:d146_u7,,,,,,never,3,0,0,0,0,0,rbpg-3e212e568f3d314e0ee8eb2a,rbpg-3e212e568f3d314e0ee8eb2a,rbpg-exec-a795a1d0cf114c8c8b14d235badf642d,1090:train:d146_u7,ee4bad0832e87e35efd6c8eff080d9d0,0,0,0,clean,0,not_invoked,,0,0,0.0,0.0010999992809956893,0.000200001522898674,0.011000000085914508,0.005199999577598646,0.022399999579647556
1091,1091,train:d146_u8,,,,,,never,3,0,0,0,0,0,rbpg-3e212e568f3d314e0ee8eb2a,rbpg-3e212e568f3d314e0ee8eb2a,rbpg-exec-a795a1d0cf114c8c8b14d235badf642d,1091:train:d146_u8,53524e5694b9ce1d9ed8f9c6dda735ba,0,0,0,clean,0,not_invoked,,0,0,0.0,0.0009999985195463523,0.00030000046535860747,0.010100000508828089,0.004600000465870835,0.02029999996011611
1092,1092,train:d146_u9,,,,,,never,3,0,0,0,0,0,rbpg-3e212e568f3d314e0ee8eb2a,rbpg-3e212e568f3d314e0ee8eb2a,rbpg-exec-a795a1d0cf114c8c8b14d235badf642d,1092:train:d146_u9,26c02cda3be0015f5df3af53c2923cee,0,0,0,clean,0,not_invoked,,0,0,0.0,0.0010999992809956893,0.00019999970390927047,0.011699999959091656,0.005399999281507917,0.024200000552809797
1093,1093,train:d146_u10,,,,,,never,3,0,0,0,0,0,rbpg-3e212e568f3d314e0ee8eb2a,rbpg-3e212e568f3d314e0ee8eb2a,rbpg-exec-a795a1d0cf114c8c8b14d235badf642d,1093:train:d146_u10,8fcb7159f74a3db3a4b000daaa07e823,0,0,0,clean,0,not_invoked,,0,0,0.0,0.0007999988156370819,0.00030000046535860747,0.010299998393747956,0.004599998646881431,0.02080000012938399
1094,1094,train:d146_u11,,,,,,never,3,0,0,0,0,0,rbpg-3e212e568f3d314e0ee8eb2a,rbpg-3e212e568f3d314e0ee8eb2a,rbpg-exec-a795a1d0cf114c8c8b14d235badf642d,1094:train:d146_u11,5494dca95326f2b207c610487abc69b6,0,0,0,clean,0,not_invoked,,0,0,0.0,0.0008999995770864189,0.00030000046535860747,0.010600000678095967,0.005099998816149309,0.021800000467919745
1095,1095,train:d146_u12,,,,,,never,3,0,0,0,0,0,rbpg-3e212e568f3d314e0ee8eb2a,rbpg-3e212e568f3d314e0ee8eb2a,rbpg-exec-a795a1d0cf114c8c8b14d235badf642d,1095:train:d146_u12,cb62ee555cdf1b8db522770cdde9021a,0,0,0,clean,0,not_invoked,,0,0,0.0,0.0008000006346264854,0.00030000046535860747,0.008799999704933725,0.004400000761961564,0.018200000340584666
1096,1096,train:d147_u0,,,,,,never,3,0,0,0,0,0,rbpg-3e212e568f3d314e0ee8eb2a,rbpg-3e212e568f3d314e0ee8eb2a,rbpg-exec-a795a1d0cf114c8c8b14d235badf642d,1096:train:d147_u0,447237a39eda23925ad85427a0252034,0,0,0,clean,0,not_invoked,,0,0,0.0,0.0008000006346264854,0.00030000046535860747,0.009499999578110874,0.004400000761961564,0.019199998860131018
1097,1097,train:d147_u1,,,,,,never,3,0,0,0,0,0,rbpg-3e212e568f3d314e0ee8eb2a,rbpg-3e212e568f3d314e0ee8eb2a,rbpg-exec-a795a1d0cf114c8c8b14d235badf642d,1097:train:d147_u1,7f14f5660a29ae0ad484c7e1007b5650,0,0,0,clean,0,not_invoked,,0,0,0.0,0.0006999998731771484,0.00030000046535860747,0.010300000212737359,0.004600000465870835,0.040499999158782884
1098,1098,train:d147_u2,,,,,,never,3,0,0,0,0,0,rbpg-3e212e568f3d314e0ee8eb2a,rbpg-3e212e568f3d314e0ee8eb2a,rbpg-exec-a795a1d0cf114c8c8b14d235badf642d,1098:train:d147_u2,fb8653ccd6a8c2058c7938aaec5bdca1,0,0,0,clean,0,not_invoked,,0,0,0.0,0.0015999994502635673,0.0004000012268079445,0.013799999578623101,0.005999998393235728,0.02990000029967632
1099,1099,train:d147_u3,,,,,,never,3,0,0,0,0,0,rbpg-3e212e568f3d314e0ee8eb2a,rbpg-3e212e568f3d314e0ee8eb2a,rbpg-exec-a795a1d0cf114c8c8b14d235badf642d,1099:train:d147_u3,6ec82836688fcb7653084eab28affb26,0,0,0,clean,0,not_invoked,,0,0,0.0,0.0013000008038943633,0.0004000012268079445,0.012599999536178075,0.00520000139658805,0.025999999706982635
1100,1100,train:d147_u5,,,,,,never,3,0,0,0,0,0,rbpg-3e212e568f3d314e0ee8eb2a,rbpg-3e212e568f3d314e0ee8eb2a,rbpg-exec-a795a1d0cf114c8c8b14d235badf642d,1100:train:d147_u5,05938fd219eef2f7eb66ade96bae579e,0,0,0,clean,0,not_invoked,,0,0,0.0,0.0006000009307172149,0.00019999970390927047,0.006499998562503606,0.00419999923906289,0.015100000382517464
1101,1101,train:d147_u9,,,,,,never,3,0,0,0,0,0,rbpg-3e212e568f3d314e0ee8eb2a,rbpg-3e212e568f3d314e0ee8eb2a,rbpg-exec-a795a1d0cf114c8c8b14d235badf642d,1101:train:d147_u9,c6a6cf01d7514d5dbbe4dc753075acf6,0,0,0,clean,0,not_invoked,,0,0,0.0,0.0008999995770864189,0.00030000046535860747,0.010700001439545304,0.004999999873689376,0.021899999410379678
1102,1102,train:d147_u10,,,,,,never,3,0,0,0,0,0,rbpg-3e212e568f3d314e0ee8eb2a,rbpg-3e212e568f3d314e0ee8eb2a,rbpg-exec-a795a1d0cf114c8c8b14d235badf642d,1102:train:d147_u10,0ee061f0ed40b3abf2028eefb10eb3e0,0,0,0,clean,0,not_invoked,,0,0,0.0,0.0011000010999850929,0.00039999940781854093,0.011200001608813182,0.005500000042957254,0.02320000021427404
1103,1103,train:d147_u11,,,,,,never,3,0,0,0,0,0,rbpg-3e212e568f3d314e0ee8eb2a,rbpg-3e212e568f3d314e0ee8eb2a,rbpg-exec-a795a1d0cf114c8c8b14d235badf642d,1103:train:d147_u11,ffaae9b218fb2f438c420270807550be,0,0,0,clean,0,not_invoked,,0,0,0.0,0.0012000000424450263,0.00039999940781854093,0.011699999959091656,0.004700001227320172,0.024000000848900527
1104,1104,train:d148_u0,,,,,,never,3,0,0,0,0,0,rbpg-3e212e568f3d314e0ee8eb2a,rbpg-3e212e568f3d314e0ee8eb2a,rbpg-exec-a795a1d0cf114c8c8b14d235badf642d,1104:train:d148_u0,66ba239ac2ebcaa638802d1ce3e02cbb,0,0,0,clean,0,not_invoked,,0,0,0.0,0.0006000009307172149,0.00030000046535860747,0.006000000212225132,0.0036999990697950125,0.013900000340072438
1105,1105,train:d148_u1,,,,,,never,3,0,0,0,0,0,rbpg-3e212e568f3d314e0ee8eb2a,rbpg-3e212e568f3d314e0ee8eb2a,rbpg-exec-a795a1d0cf114c8c8b14d235badf642d,1105:train:d148_u1,9d320cebb6f3da03173a5b33d6fc4333,0,0,0,clean,0,not_invoked,,0,0,0.0,0.0008000006346264854,0.0002999986463692039,0.009300001693191007,0.004800000169780105,0.020200001017656177
1106,1106,train:d148_u2,,,,,,never,3,0,0,0,0,0,rbpg-3e212e568f3d314e0ee8eb2a,rbpg-3e212e568f3d314e0ee8eb2a,rbpg-exec-a795a1d0cf114c8c8b14d235badf642d,1106:train:d148_u2,93a9ad094a8a4cf38cfdb8c8723ad070,0,0,0,clean,0,not_invoked,,0,0,0.0,0.0005000001692678779,0.000200001522898674,0.005799998689326458,0.003499999365885742,0.013199998647905886
1107,1107,train:d148_u3,,,,,,never,3,0,0,0,0,0,rbpg-3e212e568f3d314e0ee8eb2a,rbpg-3e212e568f3d314e0ee8eb2a,rbpg-exec-a795a1d0cf114c8c8b14d235badf642d,1107:train:d148_u3,f87573ff11c078e066191e8f9008d751,0,0,0,clean,0,not_invoked,,0,0,0.0,0.0010999992809956893,0.0002999986463692039,0.011100000847363845,0.005300000339047983,0.022799998987466097
1108,1108,train:d148_u4,,,,,,never,3,0,0,0,0,0,rbpg-3e212e568f3d314e0ee8eb2a,rbpg-3e212e568f3d314e0ee8eb2a,rbpg-exec-a795a1d0cf114c8c8b14d235badf642d,1108:train:d148_u4,05979a18544e72710cc59b8d765297dc,0,0,0,clean,0,not_invoked,,0,0,0.0,0.0015000005078036338,0.00039999940781854093,0.016099998902063817,0.00810000165074598,0.034500000765547156
1109,1109,train:d148_u7,,,,,,never,3,0,0,0,0,0,rbpg-3e212e568f3d314e0ee8eb2a,rbpg-3e212e568f3d314e0ee8eb2a,rbpg-exec-a795a1d0cf114c8c8b14d235badf642d,1109:train:d148_u7,ac2452e58cb89fc13e5c3e3fe321f347,0,0,0,clean,0,not_invoked,,0,0,0.0,0.0008999995770864189,0.00030000046535860747,0.010599998859106563,0.005100000635138713,0.021899999410379678
1110,1110,train:d148_u8,,,,,,never,3,0,0,0,0,0,rbpg-3e212e568f3d314e0ee8eb2a,rbpg-3e212e568f3d314e0ee8eb2a,rbpg-exec-a795a1d0cf114c8c8b14d235badf642d,1110:train:d148_u8,e2ac608d8fc1c8aa26976a64743db290,0,0,0,clean,0,not_invoked,,0,0,0.0,0.0010000003385357559,0.00039999940781854093,0.011899999663000926,0.0068999997893115506,0.025899998945533298
1111,1111,train:d148_u9,,,,,,never,3,0,0,0,0,0,rbpg-3e212e568f3d314e0ee8eb2a,rbpg-3e212e568f3d314e0ee8eb2a,rbpg-exec-a795a1d0cf114c8c8b14d235badf642d,1111:train:d148_u9,eba46aad8317107f45eec58993882e9b,0,0,0,clean,0,not_invoked,,0,0,0.0,0.0012000000424450263,0.00039999940781854093,0.012200000128359534,0.0068999997893115506,0.02680000034160912
1112,1112,train:d148_u10,,,,,,never,3,0,0,0,0,0,rbpg-3e212e568f3d314e0ee8eb2a,rbpg-3e212e568f3d314e0ee8eb2a,rbpg-exec-a795a1d0cf114c8c8b14d235badf642d,1112:train:d148_u10,e4a5bed280191d700674e2ee5a9ec420,0,0,0,clean,0,not_invoked,,0,0,0.0,0.0014000015653437003,0.00030000046535860747,0.012900000001536682,0.005300000339047983,0.026499999876250513
1113,1113,train:d148_u11,,,,,,never,3,0,0,0,0,0,rbpg-3e212e568f3d314e0ee8eb2a,rbpg-3e212e568f3d314e0ee8eb2a,rbpg-exec-a795a1d0cf114c8c8b14d235badf642d,1113:train:d148_u11,702c58d3b20a9109e5c15ce5408f268c,0,0,0,clean,0,not_invoked,,0,0,0.0,0.0012000000424450263,0.0005000001692678779,0.014000001101521775,0.006300000677583739,0.028200000087963417
1114,1114,train:d148_u12,,,,,,never,3,0,0,0,0,0,rbpg-3e212e568f3d314e0ee8eb2a,rbpg-3e212e568f3d314e0ee8eb2a,rbpg-exec-a795a1d0cf114c8c8b14d235badf642d,1114:train:d148_u12,cde5ec8a2f8f3d215ec285964dd50230,0,0,0,clean,0,not_invoked,,0,0,0.0,0.0009000013960758224,0.00019999970390927047,0.010400000974186696,0.004700001227320172,0.020600000425474718
1115,1115,train:d148_u14,,,,,,never,3,0,0,0,0,0,rbpg-3e212e568f3d314e0ee8eb2a,rbpg-3e212e568f3d314e0ee8eb2a,rbpg-exec-a795a1d0cf114c8c8b14d235badf642d,1115:train:d148_u14,80b2c0f9090917bd52409ed14f19c984,0,0,0,clean,0,not_invoked,,0,0,0.0,0.0008999995770864189,0.0002999986463692039,0.010599998859106563,0.004600000465870835,0.020600000425474718
1116,1116,train:d148_u16,,,,,,never,3,0,0,0,0,0,rbpg-3e212e568f3d314e0ee8eb2a,rbpg-3e212e568f3d314e0ee8eb2a,rbpg-exec-a795a1d0cf114c8c8b14d235badf642d,1116:train:d148_u16,b10ef8908f50e98bce5aded28a1e1976,0,0,0,clean,0,not_invoked,,0,0,0.0,0.0010000003385357559,0.00030000046535860747,0.010799998563015833,0.005099998816149309,0.022100000933278352
1117,1117,train:d148_u17,,,,,,never,3,0,0,0,0,0,rbpg-3e212e568f3d314e0ee8eb2a,rbpg-3e212e568f3d314e0ee8eb2a,rbpg-exec-a795a1d0cf114c8c8b14d235badf642d,1117:train:d148_u17,e7de739870d4953b334af6961813842b,0,0,0,clean,0,not_invoked,,0,0,0.0,0.0011000010999850929,0.00030000046535860747,0.011699999959091656,0.005500000042957254,0.024500001018168405
1118,1118,train:d148_u18,,,,,,never,3,0,0,0,0,0,rbpg-3e212e568f3d314e0ee8eb2a,rbpg-3e212e568f3d314e0ee8eb2a,rbpg-exec-a795a1d0cf114c8c8b14d235badf642d,1118:train:d148_u18,4a4f86ecd5158152373722477bc5168a,0,0,0,clean,0,not_invoked,,0,0,0.0,0.0008000006346264854,0.00019999970390927047,0.00940000063565094,0.004399998942972161,0.018999999156221747
1119,1119,train:d148_u19,,,,,,never,3,0,0,0,0,0,rbpg-3e212e568f3d314e0ee8eb2a,rbpg-3e212e568f3d314e0ee8eb2a,rbpg-exec-a795a1d0cf114c8c8b14d235badf642d,1119:train:d148_u19,e65c1bd69748bd82e8ea417ba1384c13,0,0,0,clean,0,not_invoked,,0,0,0.0,0.0007999988156370819,0.00030000046535860747,0.009999999747378752,0.004399998942972161,0.019699999029398896
1120,1120,train:d148_u20,,,,,,never,3,0,0,0,0,0,rbpg-3e212e568f3d314e0ee8eb2a,rbpg-3e212e568f3d314e0ee8eb2a,rbpg-exec-a795a1d0cf114c8c8b14d235badf642d,1120:train:d148_u20,f5d24628d97693de403d468b20de144b,0,0,0,clean,0,not_invoked,,0,0,0.0,0.0008000006346264854,0.00030000046535860747,0.009699999282020144,0.004399998942972161,0.019299999621580355
1121,1121,train:d149_u0,,,,,,never,3,0,0,0,0,0,rbpg-3e212e568f3d314e0ee8eb2a,rbpg-3e212e568f3d314e0ee8eb2a,rbpg-exec-a795a1d0cf114c8c8b14d235badf642d,1121:train:d149_u0,6109cbf1f779b2b2c05753a6ab8e999b,0,0,0,clean,0,not_invoked,,0,0,0.0,0.0005000001692678779,0.00019999970390927047,0.004600000465870835,0.0034000004234258085,0.011300000551273115
1122,1122,train:d149_u1,,,,,,never,3,0,0,0,0,0,rbpg-3e212e568f3d314e0ee8eb2a,rbpg-3e212e568f3d314e0ee8eb2a,rbpg-exec-a795a1d0cf114c8c8b14d235badf642d,1122:train:d149_u1,e34bb1f8e5f0554863b19b2ef0905249,0,0,0,clean,0,not_invoked,,0,0,0.0,0.0013999997463542968,0.00039999940781854093,0.014600000213249587,0.007200000254670158,0.030700000934302807
1123,1123,train:d149_u2,,,,,,never,3,0,0,0,0,0,rbpg-3e212e568f3d314e0ee8eb2a,rbpg-3e212e568f3d314e0ee8eb2a,rbpg-exec-a795a1d0cf114c8c8b14d235badf642d,1123:train:d149_u2,65ac0c321a8b2b65ccd4ac6bf4904651,0,0,0,clean,0,not_invoked,,0,0,0.0,0.0007999988156370819,0.00030000046535860747,0.010100000508828089,0.004599998646881431,0.02010000025620684
1124,1124,train:d149_u3,,,,,,never,3,0,0,0,0,0,rbpg-3e212e568f3d314e0ee8eb2a,rbpg-3e212e568f3d314e0ee8eb2a,rbpg-exec-a795a1d0cf114c8c8b14d235badf642d,1124:train:d149_u3,76e7cfcbdb2c659de17521bb86cc9a71,0,0,0,clean,0,not_invoked,,0,0,0.0,0.0010999992809956893,0.00030000046535860747,0.011599999197642319,0.006000000212225132,0.024900000425986946
1125,1125,train:d150_u1,,,,,,never,3,0,0,0,0,0,rbpg-3e212e568f3d314e0ee8eb2a,rbpg-3e212e568f3d314e0ee8eb2a,rbpg-exec-a795a1d0cf114c8c8b14d235badf642d,1125:train:d150_u1,cebdcb5e244bc067365e37a2dc9dc0a7,0,0,0,clean,0,not_invoked,,0,0,0.0,0.0007999988156370819,0.000200001522898674,0.009699999282020144,0.004499999704421498,0.019400000383029692
1126,1126,train:d150_u2,,,,,,never,3,0,0,0,0,0,rbpg-3e212e568f3d314e0ee8eb2a,rbpg-3e212e568f3d314e0ee8eb2a,rbpg-exec-a795a1d0cf114c8c8b14d235badf642d,1126:train:d150_u2,d4a4e990481d87180803ed44fe931f39,0,0,0,clean,0,not_invoked,,0,0,0.0,0.0005999991117278114,0.0002999986463692039,0.006000000212225132,0.003899998773704283,0.013799999578623101
1127,1127,train:d150_u3,,,,,,never,3,0,0,0,0,0,rbpg-3e212e568f3d314e0ee8eb2a,rbpg-3e212e568f3d314e0ee8eb2a,rbpg-exec-a795a1d0cf114c8c8b14d235badf642d,1127:train:d150_u3,75513028e502dba462cf105a886d2559,0,0,0,clean,0,not_invoked,,0,0,0.0,0.0008999995770864189,0.00030000046535860747,0.009499999578110874,0.004300000000512227,0.018799999452312477
1128,1128,train:d151_u0,,,,,,never,3,0,0,0,0,0,rbpg-3e212e568f3d314e0ee8eb2a,rbpg-3e212e568f3d314e0ee8eb2a,rbpg-exec-a795a1d0cf114c8c8b14d235badf642d,1128:train:d151_u0,5a9f102bd38557d30959249016649cf9,0,0,0,clean,0,not_invoked,,0,0,0.0,0.0012000000424450263,0.00030000046535860747,0.011600001016631722,0.005800000508315861,0.024700000722077675
1129,1129,train:d151_u1,,,,,,never,3,0,0,0,0,0,rbpg-3e212e568f3d314e0ee8eb2a,rbpg-3e212e568f3d314e0ee8eb2a,rbpg-exec-a795a1d0cf114c8c8b14d235badf642d,1129:train:d151_u1,a1e7fdb43cc14fa5defa678918f3c28c,0,0,0,clean,0,not_invoked,,0,0,0.0,0.0010000003385357559,0.00030000046535860747,0.010400000974186696,0.00520000139658805,0.021800000467919745
1130,1130,train:d151_u2,,,,,,never,3,0,0,0,0,0,rbpg-3e212e568f3d314e0ee8eb2a,rbpg-3e212e568f3d314e0ee8eb2a,rbpg-exec-a795a1d0cf114c8c8b14d235badf642d,1130:train:d151_u2,9f61faa8997d99a0e548f1e5733c05f5,0,0,0,clean,0,not_invoked,,0,0,0.0,0.0010000003385357559,0.00030000046535860747,0.009699999282020144,0.004899999112240039,0.02029999996011611
1131,1131,train:d151_u3,,,,,,never,3,0,0,0,0,0,rbpg-3e212e568f3d314e0ee8eb2a,rbpg-3e212e568f3d314e0ee8eb2a,rbpg-exec-a795a1d0cf114c8c8b14d235badf642d,1131:train:d151_u3,1f6ed9bb4c3faf36aec9f0f040f1be78,0,0,0,clean,0,not_invoked,,0,0,0.0,0.0006999998731771484,0.00030000046535860747,0.00909999835130293,0.004900000931229442,0.018900000213761814
1132,1132,train:d151_u7,,,,,,never,3,0,0,0,0,0,rbpg-3e212e568f3d314e0ee8eb2a,rbpg-3e212e568f3d314e0ee8eb2a,rbpg-exec-a795a1d0cf114c8c8b14d235badf642d,1132:train:d151_u7,867159d6aafddeed591d8f4331b39483,0,0,0,clean,0,not_invoked,,0,0,0.0,0.0004000012268079445,0.0002999986463692039,0.004499999704421498,0.0034000004234258085,0.011399999493733048
1133,1133,train:d151_u8,,,,,,never,3,0,0,0,0,0,rbpg-3e212e568f3d314e0ee8eb2a,rbpg-3e212e568f3d314e0ee8eb2a,rbpg-exec-a795a1d0cf114c8c8b14d235badf642d,1133:train:d151_u8,f8eec368713c3d5c94774464481c6f9f,0,0,0,clean,0,not_invoked,,0,0,0.0,0.0011000010999850929,0.00030000046535860747,0.010299998393747956,0.004899999112240039,0.02099999983329326
1134,1134,train:d151_u9,,,,,,never,3,0,0,0,0,0,rbpg-3e212e568f3d314e0ee8eb2a,rbpg-3e212e568f3d314e0ee8eb2a,rbpg-exec-a795a1d0cf114c8c8b14d235badf642d,1134:train:d151_u9,d257ea53fc5452583c87b86327c3c8e8,0,0,0,clean,0,not_invoked,,0,0,0.0,0.0008000006346264854,0.00030000046535860747,0.008600000001024455,0.00419999923906289,0.017699998352327384
