row_index,utterance_id,label,split,Dialogue_ID,Utterance_ID,policy_mode,seed,action_before_fault,action,action_flip_fault_injected,unauthorized_invoke_fault_injected,fault_injected,authorized_to_generate,generation_invoked,unauthorized_invocation,response_safety,response_json,state_exists,state_size_bytes,state_loading_ms,policy_inference_ms,gating_ms,generation_stub_ms,logging_ms,total_latency_ms
0,d0_u0,neutral,train,0,0,bc,3,1,1,0,0,0,1,1,0,ok,"{""sentences"": [""I hear you."", ""We can pause here for a moment.""], ""safety"": ""ok""}",1,2176,12.320300000283169,0.0023000002329354174,0.00039999940781854093,0.015999999959603883,0.00650000038149301,12.3516000003292
1,d0_u1,neutral,train,0,1,bc,3,1,1,0,0,0,1,1,0,ok,"{""sentences"": [""I hear you."", ""We can pause here for a moment.""], ""safety"": ""ok""}",1,2176,12.013099999421684,0.001499999598308932,0.00020000061340397224,0.011299999641778413,0.004400000761961564,12.035200000354962
2,d0_u2,neutral,train,0,2,bc,3,1,1,0,0,0,1,1,0,ok,"{""sentences"": [""I hear you."", ""We can pause here for a moment.""], ""safety"": ""ok""}",1,2176,2.2488000004159403,0.001600000359758269,0.00030000046535860747,0.037400000110210385,0.024900000425986946,2.31789999998
3,d0_u3,neutral,train,0,3,bc,3,1,1,0,0,0,1,1,0,ok,"{""sentences"": [""I hear you."", ""We can pause here for a moment.""], ""safety"": ""ok""}",1,2176,1.566800000546209,0.002099999619531445,0.00030000046535860747,0.015699999494245276,0.006400000529538374,1.597800000126881
4,d0_u5,neutral,train,0,5,bc,3,1,1,0,0,0,1,1,0,ok,"{""sentences"": [""I hear you."", ""We can pause here for a moment.""], ""safety"": ""ok""}",1,2176,2.35659999998461,0.002499999936844688,0.00030000046535860747,0.024199999643315095,0.012299999980314169,2.405000000180735
5,d0_u6,neutral,train,0,6,bc,3,1,1,0,0,0,1,1,0,ok,"{""sentences"": [""I hear you."", ""We can pause here for a moment.""], ""safety"": ""ok""}",1,2176,2.2785999999541673,0.002100000529026147,0.00030000046535860747,0.012900000001536682,0.005099999725644011,2.3053000004438218
6,d0_u7,neutral,train,0,7,bc,3,1,1,0,0,0,1,1,0,ok,"{""sentences"": [""I hear you."", ""We can pause here for a moment.""], ""safety"": ""ok""}",1,2176,1.7716000002110377,0.0024000000848900527,0.00019999970390927047,0.016400000276917126,0.0059000003602704965,1.8024000000878004
7,d0_u8,neutral,train,0,8,bc,3,1,1,0,0,0,1,1,0,ok,"{""sentences"": [""I hear you."", ""We can pause here for a moment.""], ""safety"": ""ok""}",1,2176,1.886699999886332,0.0018000000636675395,0.0002999995558639057,0.01249999968422344,0.004800000169780105,1.9111999999950058
8,d0_u9,neutral,train,0,9,bc,3,1,1,0,0,0,1,1,0,ok,"{""sentences"": [""I hear you."", ""We can pause here for a moment.""], ""safety"": ""ok""}",1,2176,1.5372000007118913,0.0015000005078036338,0.00019999970390927047,0.011899999663000926,0.004300000000512227,1.5600000006088521
9,d0_u11,neutral,train,0,11,bc,3,1,1,0,0,0,1,1,0,ok,"{""sentences"": [""I hear you."", ""We can pause here for a moment.""], ""safety"": ""ok""}",1,2176,1.7343999998047366,0.00199999976757681,0.00030000046535860747,0.014299999747890979,0.005599999894911889,1.762899999448564
10,d0_u13,neutral,train,0,13,bc,3,1,1,0,0,0,1,1,0,ok,"{""sentences"": [""I hear you."", ""We can pause here for a moment.""], ""safety"": ""ok""}",1,2176,1.9283000001451,0.002100000529026147,0.00019999970390927047,0.014500000361294951,0.006600000233447645,1.9572999999581953
11,d1_u1,sad,train,1,1,bc,3,1,1,0,0,0,1,1,0,ok,"{""sentences"": [""I hear you."", ""We can pause here for a moment.""], ""safety"": ""ok""}",1,2176,1.7098999996960629,0.002100000529026147,0.00030000046535860747,0.013699999726668466,0.005599999894911889,1.738199999635981
12,d1_u4,neutral,train,1,4,bc,3,1,1,0,0,0,1,1,0,ok,"{""sentences"": [""I hear you."", ""We can pause here for a moment.""], ""safety"": ""ok""}",1,2176,1.4470000005530892,0.0015999994502635673,0.00019999970390927047,0.011399999493733048,0.004800000169780105,1.46980000045005
13,d1_u5,neutral,train,1,5,bc,3,1,1,0,0,0,1,1,0,ok,"{""sentences"": [""I hear you."", ""We can pause here for a moment.""], ""safety"": ""ok""}",1,2176,1.3620999998238403,0.0015999994502635673,0.00019999970390927047,0.012200000128359534,0.004599999556376133,1.3857000003554276
14,d1_u8,neutral,train,1,8,bc,3,1,1,0,0,0,1,1,0,ok,"{""sentences"": [""I hear you."", ""We can pause here for a moment.""], ""safety"": ""ok""}",1,2176,1.3415999992503203,0.0015999994502635673,0.00030000046535860747,0.011500000255182385,0.004600000465870835,1.3641000005009118
15,d2_u0,neutral,train,2,0,bc,3,1,1,0,0,0,1,1,0,ok,"{""sentences"": [""I hear you."", ""We can pause here for a moment.""], ""safety"": ""ok""}",1,2176,1.3554999995903927,0.0015999994502635673,0.00020000061340397224,0.01160000010713702,0.004499999704421498,1.3784000002488028
16,d2_u1,neutral,train,2,1,bc,3,1,1,0,0,0,1,1,0,ok,"{""sentences"": [""I hear you."", ""We can pause here for a moment.""], ""safety"": ""ok""}",1,2176,1.530300000013085,0.001499999598308932,0.00030000046535860747,0.011599999197642319,0.004300000000512227,1.5527000005022273
17,d2_u2,happy,train,2,2,bc,3,1,1,0,0,0,1,1,0,ok,"{""sentences"": [""I hear you."", ""We can pause here for a moment.""], ""safety"": ""ok""}",1,2176,1.4788000007683877,0.001499999598308932,0.00019999970390927047,0.01160000010713702,0.004400000761961564,1.5011000004960806
18,d2_u3,sad,train,2,3,bc,3,1,1,0,0,0,1,1,0,ok,"{""sentences"": [""I hear you."", ""We can pause here for a moment.""], ""safety"": ""ok""}",1,2176,1.6785999996500323,0.00199999976757681,0.00030000046535860747,0.016199999663513154,0.006499999471998308,1.71050000062678
19,d2_u5,neutral,train,2,5,bc,3,1,1,0,0,0,1,1,0,ok,"{""sentences"": [""I hear you."", ""We can pause here for a moment.""], ""safety"": ""ok""}",1,2176,1.8251999999847612,0.0017000002117129043,0.00019999970390927047,0.012600000445672777,0.004800000169780105,1.8496000002414803
20,d2_u7,sad,train,2,7,bc,3,1,1,0,0,0,1,1,0,ok,"{""sentences"": [""I hear you."", ""We can pause here for a moment.""], ""safety"": ""ok""}",1,2176,1.4322999995783903,0.001499999598308932,0.00030000046535860747,0.011500000255182385,0.004399999852466863,1.4547000000675325
21,d2_u8,neutral,train,2,8,bc,3,1,1,0,0,0,1,1,0,ok,"{""sentences"": [""I hear you."", ""We can pause here for a moment.""], ""safety"": ""ok""}",1,2176,1.3204999995650724,0.0015000005078036338,0.00019999970390927047,0.011799999811046291,0.004599999556376133,1.3435000000754371
22,d2_u9,neutral,train,2,9,bc,3,1,1,0,0,0,1,1,0,ok,"{""sentences"": [""I hear you."", ""We can pause here for a moment.""], ""safety"": ""ok""}",1,2176,1.349099999970349,0.0018000000636675395,0.0002999995558639057,0.013300000318849925,0.005099999725644011,1.375299999381241
23,d2_u10,happy,train,2,10,bc,3,1,1,0,0,0,1,1,0,ok,"{""sentences"": [""I hear you."", ""We can pause here for a moment.""], ""safety"": ""ok""}",1,2176,1.3763000006292714,0.0017000002117129043,0.00019999970390927047,0.012999999853491317,0.005099999725644011,1.4015000006111222
24,d2_u11,neutral,train,2,11,bc,3,1,1,0,0,0,1,1,0,ok,"{""sentences"": [""I hear you."", ""We can pause here for a moment.""], ""safety"": ""ok""}",1,2176,1.313099999606493,0.0017000002117129043,0.00030000046535860747,0.012900000001536682,0.005099999725644011,1.3386000000537024
25,d2_u12,happy,train,2,12,bc,3,1,1,0,0,0,1,1,0,ok,"{""sentences"": [""I hear you."", ""We can pause here for a moment.""], ""safety"": ""ok""}",1,2176,1.3718000000153552,0.0015999994502635673,0.00019999970390927047,0.012099999366910197,0.004699999408330768,1.395500000398897
26,d3_u3,neutral,train,3,3,bc,3,1,1,0,0,0,1,1,0,ok,"{""sentences"": [""I hear you."", ""We can pause here for a moment.""], ""safety"": ""ok""}",1,2176,1.424300000508083,0.001600000359758269,0.00020000061340397224,0.012200000128359534,0.004600000465870835,1.4479999999821302
27,d3_u4,neutral,train,3,4,bc,3,1,1,0,0,0,1,1,0,ok,"{""sentences"": [""I hear you."", ""We can pause here for a moment.""], ""safety"": ""ok""}",1,2176,1.5277000002242858,0.0015999994502635673,0.00030000046535860747,0.013300000318849925,0.005500000042957254,1.5535000002273591
28,d3_u5,neutral,train,3,5,bc,3,1,1,0,0,0,1,1,0,ok,"{""sentences"": [""I hear you."", ""We can pause here for a moment.""], ""safety"": ""ok""}",1,2176,1.8118000007234514,0.0018999999156221747,0.00020000061340397224,0.013799999578623101,0.0054000001910026185,1.838799999859475
29,d3_u8,sad,train,3,8,bc,3,1,1,0,0,0,1,1,0,ok,"{""sentences"": [""I hear you."", ""We can pause here for a moment.""], ""safety"": ""ok""}",1,2176,1.6669000006004353,0.0018999999156221747,0.00030000046535860747,0.013300000318849925,0.0054000001910026185,1.6930000001593726
30,d3_u9,neutral,train,3,9,bc,3,1,1,0,0,0,1,1,0,ok,"{""sentences"": [""I hear you."", ""We can pause here for a moment.""], ""safety"": ""ok""}",1,2176,1.3730000000578002,0.0017000002117129043,0.00030000046535860747,0.012800000149582047,0.005200000487093348,1.3985000005050097
31,d4_u1,happy,train,4,1,bc,3,1,1,0,0,0,1,1,0,ok,"{""sentences"": [""I hear you."", ""We can pause here for a moment.""], ""safety"": ""ok""}",1,2176,1.3539999999920838,0.0018000000636675395,0.0002999995558639057,0.027400000362831634,0.004699999408330768,1.3935000006313203
32,d4_u3,neutral,train,4,3,bc,3,1,1,0,0,0,1,1,0,ok,"{""sentences"": [""I hear you."", ""We can pause here for a moment.""], ""safety"": ""ok""}",1,2176,1.3087999996059807,0.0016999993022182025,0.00020000061340397224,0.012999999853491317,0.004999999873689376,1.3342000002012355
33,d4_u4,neutral,train,4,4,bc,3,1,1,0,0,0,1,1,0,ok,"{""sentences"": [""I hear you."", ""We can pause here for a moment.""], ""safety"": ""ok""}",1,2176,1.3443999996525235,0.0015999994502635673,0.0002999995558639057,0.012700000297627412,0.004800000169780105,1.3691000003746012
34,d4_u5,neutral,train,4,5,bc,3,1,1,0,0,0,1,1,0,ok,"{""sentences"": [""I hear you."", ""We can pause here for a moment.""], ""safety"": ""ok""}",1,2176,1.4658999998573563,0.0015999994502635673,0.0002999995558639057,0.012900000001536682,0.004999999873689376,1.4905999996699393
35,d4_u6,neutral,train,4,6,bc,3,1,1,0,0,0,1,1,0,ok,"{""sentences"": [""I hear you."", ""We can pause here for a moment.""], ""safety"": ""ok""}",1,2176,1.412499999787542,0.0018000000636675395,0.0002999995558639057,0.013199999557400588,0.004899999112240039,1.4379000003827969
36,d4_u7,neutral,train,4,7,bc,3,1,1,0,0,0,1,1,0,ok,"{""sentences"": [""I hear you."", ""We can pause here for a moment.""], ""safety"": ""ok""}",1,2176,1.4031999999133404,0.0019000008251168765,0.0002999995558639057,0.013799999578623101,0.005099999725644011,1.4298999994935002
37,d4_u8,happy,train,4,8,bc,3,1,1,0,0,0,1,1,0,ok,"{""sentences"": [""I hear you."", ""We can pause here for a moment.""], ""safety"": ""ok""}",1,2176,1.5582000005451846,0.0018000000636675395,0.00030000046535860747,0.014000000192027073,0.0052999994295532815,1.585500000146567
38,d4_u9,happy,train,4,9,bc,3,1,1,0,0,0,1,1,0,ok,"{""sentences"": [""I hear you."", ""We can pause here for a moment.""], ""safety"": ""ok""}",1,2176,1.595699999597855,0.0018000000636675395,0.00030000046535860747,0.01340000017080456,0.004999999873689376,1.6218000000662869
39,d4_u10,happy,train,4,10,bc,3,1,1,0,0,0,1,1,0,ok,"{""sentences"": [""I hear you."", ""We can pause here for a moment.""], ""safety"": ""ok""}",1,2176,1.450499999918975,0.0017000002117129043,0.00019999970390927047,0.012999999853491317,0.004800000169780105,1.4756000000488712
40,d4_u11,sad,train,4,11,bc,3,1,1,0,0,0,1,1,0,ok,"{""sentences"": [""I hear you."", ""We can pause here for a moment.""], ""safety"": ""ok""}",1,2176,1.351500000055239,0.001600000359758269,0.00019999970390927047,0.012600000445672777,0.004800000169780105,1.3758000004600035
41,d4_u12,neutral,train,4,12,bc,3,1,1,0,0,0,1,1,0,ok,"{""sentences"": [""I hear you."", ""We can pause here for a moment.""], ""safety"": ""ok""}",1,2176,1.3913000002503395,0.0016999993022182025,0.00020000061340397224,0.012900000001536682,0.004900000021734741,1.4162999996187864
42,d4_u13,neutral,train,4,13,bc,3,1,1,0,0,0,1,1,0,ok,"{""sentences"": [""I hear you."", ""We can pause here for a moment.""], ""safety"": ""ok""}",1,2176,1.3920999999754713,0.0017000002117129043,0.0002999995558639057,0.012800000149582047,0.005099999725644011,1.4170999993439182
43,d4_u14,neutral,train,4,14,bc,3,1,1,0,0,0,1,1,0,ok,"{""sentences"": [""I hear you."", ""We can pause here for a moment.""], ""safety"": ""ok""}",1,2176,1.3831999995090882,0.0018000000636675395,0.0002999995558639057,0.013199999557400588,0.004900000021734741,1.4090000004216563
44,d5_u0,neutral,train,5,0,bc,3,1,1,0,0,0,1,1,0,ok,"{""sentences"": [""I hear you."", ""We can pause here for a moment.""], ""safety"": ""ok""}",1,2176,1.3558000000557513,0.0017000002117129043,0.0002999995558639057,0.013099999705445953,0.00470000031782547,1.3807999994241982
45,d5_u1,neutral,train,5,1,bc,3,1,1,0,0,0,1,1,0,ok,"{""sentences"": [""I hear you."", ""We can pause here for a moment.""], ""safety"": ""ok""}",1,2176,1.3250000001789886,0.0017000002117129043,0.00019999970390927047,0.013199999557400588,0.004699999408330768,1.350300000012794
46,d5_u2,neutral,train,5,2,bc,3,1,1,0,0,0,1,1,0,ok,"{""sentences"": [""I hear you."", ""We can pause here for a moment.""], ""safety"": ""ok""}",1,2176,1.502299999629031,0.0018999999156221747,0.00030000046535860747,0.014899999769113492,0.005700000656361226,1.5307000003303983
47,d6_u0,happy,train,6,0,bc,3,1,1,0,0,0,1,1,0,ok,"{""sentences"": [""I hear you."", ""We can pause here for a moment.""], ""safety"": ""ok""}",1,2176,1.7067999997379957,0.002600000698294025,0.00039999940781854093,0.01869999960035784,0.007199999345175456,1.7440999999962514
48,d6_u2,happy,train,6,2,bc,3,1,1,0,0,0,1,1,0,ok,"{""sentences"": [""I hear you."", ""We can pause here for a moment.""], ""safety"": ""ok""}",1,2176,1.7542000005050795,0.002200000380980782,0.00030000046535860747,0.014700000065204222,0.0054000001910026185,1.7825000004449976
49,d6_u3,neutral,train,6,3,bc,3,1,1,0,0,0,1,1,0,ok,"{""sentences"": [""I hear you."", ""We can pause here for a moment.""], ""safety"": ""ok""}",1,2176,1.8579999996291008,0.0018999999156221747,0.00020000061340397224,0.01430000065738568,0.005500000042957254,1.886000000013155
50,d6_u4,neutral,train,6,4,bc,3,1,1,0,0,0,1,1,0,ok,"{""sentences"": [""I hear you."", ""We can pause here for a moment.""], ""safety"": ""ok""}",1,2176,1.980099999855156,0.002200000380980782,0.00030000046535860747,0.01320000046689529,0.005100000635138713,2.0058999998582294
51,d6_u5,angry,train,6,5,bc,3,1,1,0,0,0,1,1,0,ok,"{""sentences"": [""I hear you."", ""We can pause here for a moment.""], ""safety"": ""ok""}",1,2176,1.7010000001391745,0.0022999993234407157,0.0002999995558639057,0.014000000192027073,0.005500000042957254,1.7288999997617793
52,d6_u6,happy,train,6,6,bc,3,1,1,0,0,0,1,1,0,ok,"{""sentences"": [""I hear you."", ""We can pause here for a moment.""], ""safety"": ""ok""}",1,2176,1.723399999718822,0.001600000359758269,0.00019999970390927047,0.011899999663000926,0.004499999704421498,1.7468000005465
53,d6_u7,neutral,train,6,7,bc,3,1,1,0,0,0,1,1,0,ok,"{""sentences"": [""I hear you."", ""We can pause here for a moment.""], ""safety"": ""ok""}",1,2176,1.6315000002578017,0.001600000359758269,0.00020000061340397224,0.026599999728205148,0.0045000006139162,1.669199999923876
54,d6_u9,angry,train,6,9,bc,3,1,1,0,0,0,1,1,0,ok,"{""sentences"": [""I hear you."", ""We can pause here for a moment.""], ""safety"": ""ok""}",1,2176,1.6697999999450985,0.00199999976757681,0.0002999995558639057,0.029999999242136255,0.004999999873689376,1.712500000394357
55,d6_u10,angry,train,6,10,bc,3,1,1,0,0,0,1,1,0,ok,"{""sentences"": [""I hear you."", ""We can pause here for a moment.""], ""safety"": ""ok""}",1,2176,1.700699999673816,0.0016999993022182025,0.00019999970390927047,0.012299999980314169,0.004900000021734741,1.7252000006919843
56,d6_u11,angry,train,6,11,bc,3,1,1,0,0,0,1,1,0,ok,"{""sentences"": [""I hear you."", ""We can pause here for a moment.""], ""safety"": ""ok""}",1,2176,1.3873999996576458,0.001600000359758269,0.00020000061340397224,0.012000000424450263,0.004300000000512227,1.4102999994065613
57,d6_u12,neutral,train,6,12,bc,3,1,1,0,0,0,1,1,0,ok,"{""sentences"": [""I hear you."", ""We can pause here for a moment.""], ""safety"": ""ok""}",1,2176,1.373799999782932,0.001600000359758269,0.00020000061340397224,0.012000000424450263,0.004399999852466863,1.396999999997206
58,d6_u13,neutral,train,6,13,bc,3,1,1,0,0,0,1,1,0,ok,"{""sentences"": [""I hear you."", ""We can pause here for a moment.""], ""safety"": ""ok""}",1,2176,1.6884999995454564,0.0015000005078036338,0.00030000046535860747,0.012000000424450263,0.004499999704421498,1.7117000006692251
59,d6_u14,sad,train,6,14,bc,3,1,1,0,0,0,1,1,0,ok,"{""sentences"": [""I hear you."", ""We can pause here for a moment.""], ""safety"": ""ok""}",1,2176,1.2968999999429798,0.001499999598308932,0.0002999995558639057,0.012800000149582047,0.004499999704421498,1.3210999995862949
60,d6_u15,sad,train,6,15,bc,3,1,1,0,0,0,1,1,0,ok,"{""sentences"": [""I hear you."", ""We can pause here for a moment.""], ""safety"": ""ok""}",1,2176,1.617900000383088,0.0015999994502635673,0.0002999995558639057,0.012599999536178075,0.004799999260285404,1.6420000001744484
61,d6_u16,sad,train,6,16,bc,3,1,1,0,0,0,1,1,0,ok,"{""sentences"": [""I hear you."", ""We can pause here for a moment.""], ""safety"": ""ok""}",1,2176,1.3411999998425017,0.0018000000636675395,0.00019999970390927047,0.01340000017080456,0.005199999577598646,1.3673000003109337
62,d6_u18,angry,train,6,18,bc,3,1,1,0,0,0,1,1,0,ok,"{""sentences"": [""I hear you."", ""We can pause here for a moment.""], ""safety"": ""ok""}",1,2176,1.795999999558262,0.0015000005078036338,0.00019999970390927047,0.012100000276404899,0.004499999704421498,1.8192000006820308
63,d6_u19,angry,train,6,19,bc,3,1,1,0,0,0,1,1,0,ok,"{""sentences"": [""I hear you."", ""We can pause here for a moment.""], ""safety"": ""ok""}",1,2176,1.5110999993339647,0.0017000002117129043,0.0002999995558639057,0.012999999853491317,0.005099999725644011,1.5366000006906688
64,d6_u20,angry,train,6,20,bc,3,1,1,0,0,0,1,1,0,ok,"{""sentences"": [""I hear you."", ""We can pause here for a moment.""], ""safety"": ""ok""}",1,2176,1.5584000002490939,0.001499999598308932,0.00030000046535860747,0.012299999980314169,0.004499999704421498,1.5818000001672772
65,d6_u21,angry,train,6,21,bc,3,1,1,0,0,0,1,1,0,ok,"{""sentences"": [""I hear you."", ""We can pause here for a moment.""], ""safety"": ""ok""}",1,2176,1.2743999996018829,0.0018000000636675395,0.0002999995558639057,0.013699999726668466,0.005000000783184078,1.3007000006837188
66,d7_u0,neutral,train,7,0,bc,3,1,1,0,0,0,1,1,0,ok,"{""sentences"": [""I hear you."", ""We can pause here for a moment.""], ""safety"": ""ok""}",1,2176,1.7969999998967978,0.0018999999156221747,0.00020000061340397224,0.014500000361294951,0.0054000001910026185,1.824500000111584
67,d7_u1,angry,train,7,1,bc,3,1,1,0,0,0,1,1,0,ok,"{""sentences"": [""I hear you."", ""We can pause here for a moment.""], ""safety"": ""ok""}",1,2176,1.7539999998916755,0.001600000359758269,0.00020000061340397224,0.01340000017080456,0.005100000635138713,1.7791999998735264
68,d8_u0,neutral,train,8,0,bc,3,1,1,0,0,0,1,1,0,ok,"{""sentences"": [""I hear you."", ""We can pause here for a moment.""], ""safety"": ""ok""}",1,2176,1.6187000001082197,0.0016999993022182025,0.0002999995558639057,0.013900000340072438,0.0054000001910026185,1.6460000006190967
69,d8_u1,neutral,train,8,1,bc,3,1,1,0,0,0,1,1,0,ok,"{""sentences"": [""I hear you."", ""We can pause here for a moment.""], ""safety"": ""ok""}",1,2176,1.6765999998824554,0.0017000002117129043,0.0002999995558639057,0.01300000076298602,0.004900000021734741,1.7011999998430838
70,d8_u2,neutral,train,8,2,bc,3,1,1,0,0,0,1,1,0,ok,"{""sentences"": [""I hear you."", ""We can pause here for a moment.""], ""safety"": ""ok""}",1,2176,1.4343000002554618,0.0017000002117129043,0.00019999970390927047,0.03389999983482994,0.005300000339047983,1.4811000000918284
71,d8_u3,neutral,train,8,3,bc,3,1,1,0,0,0,1,1,0,ok,"{""sentences"": [""I hear you."", ""We can pause here for a moment.""], ""safety"": ""ok""}",1,2176,1.5029000005597482,0.001499999598308932,0.00020000061340397224,0.012999999853491317,0.004999999873689376,1.5279999997801497
72,d8_u4,happy,train,8,4,bc,3,1,1,0,0,0,1,1,0,ok,"{""sentences"": [""I hear you."", ""We can pause here for a moment.""], ""safety"": ""ok""}",1,2176,1.5038000001368346,0.0018000000636675395,0.00019999970390927047,0.01340000017080456,0.004999999873689376,1.5297999998438172
73,d8_u5,neutral,train,8,5,bc,3,1,1,0,0,0,1,1,0,ok,"{""sentences"": [""I hear you."", ""We can pause here for a moment.""], ""safety"": ""ok""}",1,2176,1.4402999995581922,0.0015000005078036338,0.00030000046535860747,0.012799999240087345,0.004900000021734741,1.4648000005763606
74,d8_u6,happy,train,8,6,bc,3,1,1,0,0,0,1,1,0,ok,"{""sentences"": [""I hear you."", ""We can pause here for a moment.""], ""safety"": ""ok""}",1,2176,1.4274000004661502,0.0018000000636675395,0.00030000046535860747,0.01340000017080456,0.005199999577598646,1.4533000003211782
75,d9_u0,neutral,train,9,0,bc,3,1,1,0,0,0,1,1,0,ok,"{""sentences"": [""I hear you."", ""We can pause here for a moment.""], ""safety"": ""ok""}",1,2176,1.4312000002973946,0.0013999997463542968,0.00019999970390927047,0.012200000128359534,0.004599999556376133,1.4545000003636233
76,d9_u1,neutral,train,9,1,bc,3,1,1,0,0,0,1,1,0,ok,"{""sentences"": [""I hear you."", ""We can pause here for a moment.""], ""safety"": ""ok""}",1,2176,1.418099999682454,0.0018000000636675395,0.00019999970390927047,0.013300000318849925,0.004999999873689376,1.443999999537482
77,d9_u2,neutral,train,9,2,bc,3,1,1,0,0,0,1,1,0,ok,"{""sentences"": [""I hear you."", ""We can pause here for a moment.""], ""safety"": ""ok""}",1,2176,1.4237000004868605,0.001499999598308932,0.00020000061340397224,0.012000000424450263,0.004600000465870835,1.4467999999396852
78,d9_u3,happy,train,9,3,bc,3,1,1,0,0,0,1,1,0,ok,"{""sentences"": [""I hear you."", ""We can pause here for a moment.""], ""safety"": ""ok""}",1,2176,1.6228999993472826,0.0014000006558489986,0.00019999970390927047,0.01140000040322775,0.004000000444648322,1.6444000002593384
79,d9_u4,neutral,train,9,4,bc,3,1,1,0,0,0,1,1,0,ok,"{""sentences"": [""I hear you."", ""We can pause here for a moment.""], ""safety"": ""ok""}",1,2176,1.3165000000299187,0.0018000000636675395,0.00030000046535860747,0.012900000001536682,0.004799999260285404,1.3417000000117696
80,d9_u5,neutral,train,9,5,bc,3,1,1,0,0,0,1,1,0,ok,"{""sentences"": [""I hear you."", ""We can pause here for a moment.""], ""safety"": ""ok""}",1,2176,1.512400000137859,0.0017000002117129043,0.00019999970390927047,0.012800000149582047,0.004800000169780105,1.537399999506306
81,d9_u6,neutral,train,9,6,bc,3,1,1,0,0,0,1,1,0,ok,"{""sentences"": [""I hear you."", ""We can pause here for a moment.""], ""safety"": ""ok""}",1,2176,1.5420999998241314,0.001499999598308932,0.00019999970390927047,0.011900000572495628,0.004499999704421498,1.5648000007786322
82,d9_u7,neutral,train,9,7,bc,3,1,1,0,0,0,1,1,0,ok,"{""sentences"": [""I hear you."", ""We can pause here for a moment.""], ""safety"": ""ok""}",1,2176,1.4762999999220483,0.0017000002117129043,0.00020000061340397224,0.012999999853491317,0.004900000021734741,1.5016999996078084
83,d9_u8,neutral,train,9,8,bc,3,1,1,0,0,0,1,1,0,ok,"{""sentences"": [""I hear you."", ""We can pause here for a moment.""], ""safety"": ""ok""}",1,2176,1.481199999943783,0.001499999598308932,0.00019999970390927047,0.012299999980314169,0.004399999852466863,1.504199999544653
84,d9_u9,happy,train,9,9,bc,3,1,1,0,0,0,1,1,0,ok,"{""sentences"": [""I hear you."", ""We can pause here for a moment.""], ""safety"": ""ok""}",1,2176,1.4530999997077743,0.0018000000636675395,0.0002999995558639057,0.012999999853491317,0.004999999873689376,1.478799999858893
85,d9_u10,neutral,train,9,10,bc,3,1,1,0,0,0,1,1,0,ok,"{""sentences"": [""I hear you."", ""We can pause here for a moment.""], ""safety"": ""ok""}",1,2176,1.460600000427803,0.0013999997463542968,0.00019999970390927047,0.011800000720540993,0.004599999556376133,1.4830999998594052
86,d9_u11,neutral,train,9,11,bc,3,1,1,0,0,0,1,1,0,ok,"{""sentences"": [""I hear you."", ""We can pause here for a moment.""], ""safety"": ""ok""}",1,2176,1.3766000001851353,0.0017000002117129043,0.00019999970390927047,0.01249999968422344,0.004800000169780105,1.4009999995323597
87,d9_u13,angry,train,9,13,bc,3,1,1,0,0,0,1,1,0,ok,"{""sentences"": [""I hear you."", ""We can pause here for a moment.""], ""safety"": ""ok""}",1,2176,1.5408999997816863,0.0017999991541728377,0.00019999970390927047,0.013500000022759195,0.004900000021734741,1.5670000002501183
88,d10_u0,angry,train,10,0,bc,3,1,1,0,0,0,1,1,0,ok,"{""sentences"": [""I hear you."", ""We can pause here for a moment.""], ""safety"": ""ok""}",1,2176,1.3730999999097548,0.0017000002117129043,0.00030000046535860747,0.01249999968422344,0.004999999873689376,1.3976999998703832
89,d10_u1,angry,train,10,1,bc,3,1,1,0,0,0,1,1,0,ok,"{""sentences"": [""I hear you."", ""We can pause here for a moment.""], ""safety"": ""ok""}",1,2176,1.3711999999941327,0.001600000359758269,0.00019999970390927047,0.01320000046689529,0.005200000487093348,1.396999999997206
90,d10_u2,angry,train,10,2,bc,3,1,1,0,0,0,1,1,0,ok,"{""sentences"": [""I hear you."", ""We can pause here for a moment.""], ""safety"": ""ok""}",1,2176,1.3961000004201196,0.0015999994502635673,0.00030000046535860747,0.01249999968422344,0.004900000021734741,1.4203999999153893
91,d10_u3,angry,train,10,3,bc,3,1,1,0,0,0,1,1,0,ok,"{""sentences"": [""I hear you."", ""We can pause here for a moment.""], ""safety"": ""ok""}",1,2176,1.3942000005044974,0.0018000000636675395,0.00030000046535860747,0.013100000614940654,0.004999999873689376,1.419999999598076
92,d10_u4,angry,train,10,4,bc,3,1,1,0,0,0,1,1,0,ok,"{""sentences"": [""I hear you."", ""We can pause here for a moment.""], ""safety"": ""ok""}",1,2176,1.4012999999977183,0.0017000002117129043,0.00020000061340397224,0.013100000614940654,0.00470000031782547,1.4262000004237052
93,d10_u5,neutral,train,10,5,bc,3,1,1,0,0,0,1,1,0,ok,"{""sentences"": [""I hear you."", ""We can pause here for a moment.""], ""safety"": ""ok""}",1,2176,1.5944999995554099,0.0017000002117129043,0.0002999995558639057,0.013099999705445953,0.004900000021734741,1.61989999924117
94,d11_u0,neutral,train,11,0,bc,3,1,1,0,0,0,1,1,0,ok,"{""sentences"": [""I hear you."", ""We can pause here for a moment.""], ""safety"": ""ok""}",1,2176,1.3866999997844687,0.0017000002117129043,0.00020000061340397224,0.013199999557400588,0.004800000169780105,1.4120999994702288
95,d11_u1,angry,train,11,1,bc,3,1,1,0,0,0,1,1,0,ok,"{""sentences"": [""I hear you."", ""We can pause here for a moment.""], ""safety"": ""ok""}",1,2176,1.4394999998330604,0.0017000002117129043,0.00020000061340397224,0.013100000614940654,0.004800000169780105,1.4645999999629566
96,d11_u2,neutral,train,11,2,bc,3,1,1,0,0,0,1,1,0,ok,"{""sentences"": [""I hear you."", ""We can pause here for a moment.""], ""safety"": ""ok""}",1,2176,1.5862999998716987,0.0016999993022182025,0.00020000061340397224,0.01320000046689529,0.004900000021734741,1.6120000000228174
97,d11_u3,happy,train,11,3,bc,3,1,1,0,0,0,1,1,0,ok,"{""sentences"": [""I hear you."", ""We can pause here for a moment.""], ""safety"": ""ok""}",1,2176,1.5256999995472142,0.0018000000636675395,0.0002999995558639057,0.01320000046689529,0.004999999873689376,1.5511999999944237
98,d11_u4,neutral,train,11,4,bc,3,1,1,0,0,0,1,1,0,ok,"{""sentences"": [""I hear you."", ""We can pause here for a moment.""], ""safety"": ""ok""}",1,2176,1.3601999999082182,0.0018999999156221747,0.00020000061340397224,0.013300000318849925,0.004900000021734741,1.385900000059337
99,d11_u5,neutral,train,11,5,bc,3,1,1,0,0,0,1,1,0,ok,"{""sentences"": [""I hear you."", ""We can pause here for a moment.""], ""safety"": ""ok""}",1,2176,1.3853000000381144,0.0017000002117129043,0.00020000061340397224,0.012600000445672777,0.00470000031782547,1.4097000002948334
100,d11_u6,happy,train,11,6,bc,3,1,1,0,0,0,1,1,0,ok,"{""sentences"": [""I hear you."", ""We can pause here for a moment.""], ""safety"": ""ok""}",1,2176,1.4026000008016126,0.0017000002117129043,0.00030000046535860747,0.01300000076298602,0.004900000021734741,1.4277000000220141
101,d11_u7,happy,train,11,7,bc,3,1,1,0,0,0,1,1,0,ok,"{""sentences"": [""I hear you."", ""We can pause here for a moment.""], ""safety"": ""ok""}",1,2176,1.346900000498863,0.0018000000636675395,0.00019999970390927047,0.013199999557400588,0.004900000021734741,1.3721000004807138
102,d11_u8,happy,train,11,8,bc,3,1,1,0,0,0,1,1,0,ok,"{""sentences"": [""I hear you."", ""We can pause here for a moment.""], ""safety"": ""ok""}",1,2176,1.3618000002679764,0.0017000002117129043,0.00030000046535860747,0.012799999240087345,0.004999999873689376,1.3867999996364233
103,d11_u9,happy,train,11,9,bc,3,1,1,0,0,0,1,1,0,ok,"{""sentences"": [""I hear you."", ""We can pause here for a moment.""], ""safety"": ""ok""}",1,2176,1.4283999998951913,0.0017000002117129043,0.00030000046535860747,0.012700000297627412,0.004800000169780105,1.453199999559729
104,d12_u0,neutral,train,12,0,bc,3,1,1,0,0,0,1,1,0,ok,"{""sentences"": [""I hear you."", ""We can pause here for a moment.""], ""safety"": ""ok""}",1,2176,1.4061000001674984,0.0017000002117129043,0.00020000061340397224,0.012799999240087345,0.004900000021734741,1.430899999832036
105,d12_u1,happy,train,12,1,bc,3,1,1,0,0,0,1,1,0,ok,"{""sentences"": [""I hear you."", ""We can pause here for a moment.""], ""safety"": ""ok""}",1,2176,1.3555999994423473,0.0018000000636675395,0.00030000046535860747,0.012900000001536682,0.01959999917744426,1.3954000005469425
106,d12_u5,neutral,train,12,5,bc,3,1,1,0,0,0,1,1,0,ok,"{""sentences"": [""I hear you."", ""We can pause here for a moment.""], ""safety"": ""ok""}",1,2176,1.447599999664817,0.0017000002117129043,0.00019999970390927047,0.013099999705445953,0.004900000021734741,1.473199999963981
107,d12_u7,neutral,train,12,7,bc,3,1,1,0,0,0,1,1,0,ok,"{""sentences"": [""I hear you."", ""We can pause here for a moment.""], ""safety"": ""ok""}",1,2176,1.4254000006985734,0.0017000002117129043,0.0002999995558639057,0.012700000297627412,0.004800000169780105,1.4503000002150657
108,d12_u11,angry,train,12,11,bc,3,1,1,0,0,0,1,1,0,ok,"{""sentences"": [""I hear you."", ""We can pause here for a moment.""], ""safety"": ""ok""}",1,2176,1.6393999994761543,0.0017000002117129043,0.0002999995558639057,0.013299999409355223,0.004900000021734741,1.6651000005367678
109,d13_u0,happy,train,13,0,bc,3,1,1,0,0,0,1,1,0,ok,"{""sentences"": [""I hear you."", ""We can pause here for a moment.""], ""safety"": ""ok""}",1,2176,1.61980000029871,0.0018999999156221747,0.00019999970390927047,0.013299999409355223,0.005099999725644011,1.6461999994135113
110,d13_u1,neutral,train,13,1,bc,3,1,1,0,0,0,1,1,0,ok,"{""sentences"": [""I hear you."", ""We can pause here for a moment.""], ""safety"": ""ok""}",1,2176,1.3512000004993752,0.0017000002117129043,0.00030000046535860747,0.012900000001536682,0.004900000021734741,1.376199999867822
111,d13_u3,neutral,train,13,3,bc,3,1,1,0,0,0,1,1,0,ok,"{""sentences"": [""I hear you."", ""We can pause here for a moment.""], ""safety"": ""ok""}",1,2176,1.4418000000659958,0.0018000000636675395,0.00019999970390927047,0.012799999240087345,0.004799999260285404,1.4668999992863974
112,d14_u0,neutral,train,14,0,bc,3,1,1,0,0,0,1,1,0,ok,"{""sentences"": [""I hear you."", ""We can pause here for a moment.""], ""safety"": ""ok""}",1,2176,1.3030000000071595,0.0018000000636675395,0.00019999970390927047,0.01340000017080456,0.005300000339047983,1.3293000001795008
113,d14_u1,neutral,train,14,1,bc,3,1,1,0,0,0,1,1,0,ok,"{""sentences"": [""I hear you."", ""We can pause here for a moment.""], ""safety"": ""ok""}",1,2176,1.5535000002273591,0.0018000000636675395,0.00019999970390927047,0.014100000043981709,0.022899999748915434,1.598000000740285
114,d14_u2,neutral,train,14,2,bc,3,1,1,0,0,0,1,1,0,ok,"{""sentences"": [""I hear you."", ""We can pause here for a moment.""], ""safety"": ""ok""}",1,2176,1.6282999995382852,0.00199999976757681,0.0002999995558639057,0.014100000043981709,0.0054000001910026185,1.6559999994569807
115,d14_u4,neutral,train,14,4,bc,3,1,1,0,0,0,1,1,0,ok,"{""sentences"": [""I hear you."", ""We can pause here for a moment.""], ""safety"": ""ok""}",1,2176,1.64039999981469,0.002100000529026147,0.00020000061340397224,0.014000000192027073,0.005300000339047983,1.6679000000294764
116,d14_u5,neutral,train,14,5,bc,3,1,1,0,0,0,1,1,0,ok,"{""sentences"": [""I hear you."", ""We can pause here for a moment.""], ""safety"": ""ok""}",1,2176,1.5918999997666106,0.0018999999156221747,0.00030000046535860747,0.01320000046689529,0.004800000169780105,1.6178999994735932
117,d15_u0,angry,train,15,0,bc,3,1,1,0,0,0,1,1,0,ok,"{""sentences"": [""I hear you."", ""We can pause here for a moment.""], ""safety"": ""ok""}",1,2176,1.4041999993423815,0.0018000000636675395,0.0002999995558639057,0.013500000022759195,0.005000000783184078,1.430600000276172
118,d15_u1,neutral,train,15,1,bc,3,1,1,0,0,0,1,1,0,ok,"{""sentences"": [""I hear you."", ""We can pause here for a moment.""], ""safety"": ""ok""}",1,2176,1.3356000008570845,0.0018000000636675395,0.00019999970390927047,0.01320000046689529,0.004800000169780105,1.3613000000987086
119,d15_u2,neutral,train,15,2,bc,3,1,1,0,0,0,1,1,0,ok,"{""sentences"": [""I hear you."", ""We can pause here for a moment.""], ""safety"": ""ok""}",1,2176,1.387100000101782,0.0018000000636675395,0.00019999970390927047,0.01340000017080456,0.004999999873689376,1.4133000004221685
120,d15_u3,sad,train,15,3,bc,3,1,1,0,0,0,1,1,0,ok,"{""sentences"": [""I hear you."", ""We can pause here for a moment.""], ""safety"": ""ok""}",1,2176,1.3504999997167033,0.0017999991541728377,0.00020000061340397224,0.013099999705445953,0.00470000031782547,1.3758000004600035
121,d15_u5,sad,train,15,5,bc,3,1,1,0,0,0,1,1,0,ok,"{""sentences"": [""I hear you."", ""We can pause here for a moment.""], ""safety"": ""ok""}",1,2176,1.288100000238046,0.0017000002117129043,0.00019999970390927047,0.013500000022759195,0.004999999873689376,1.3144000004103873
122,d15_u6,angry,train,15,6,bc,3,1,1,0,0,0,1,1,0,ok,"{""sentences"": [""I hear you."", ""We can pause here for a moment.""], ""safety"": ""ok""}",1,2176,1.3474999996105907,0.0017000002117129043,0.00019999970390927047,0.012700000297627412,0.004999999873689376,1.3724000000365777
123,d15_u7,sad,train,15,7,bc,3,1,1,0,0,0,1,1,0,ok,"{""sentences"": [""I hear you."", ""We can pause here for a moment.""], ""safety"": ""ok""}",1,2176,1.309400000536698,0.0018000000636675395,0.00020000061340397224,0.013300000318849925,0.004900000021734741,1.3354000002436806
124,d15_u8,neutral,train,15,8,bc,3,1,1,0,0,0,1,1,0,ok,"{""sentences"": [""I hear you."", ""We can pause here for a moment.""], ""safety"": ""ok""}",1,2176,1.312800000050629,0.001600000359758269,0.0002999995558639057,0.012399999832268804,0.004600000465870835,1.3363999996727216
125,d15_u9,sad,train,15,9,bc,3,1,1,0,0,0,1,1,0,ok,"{""sentences"": [""I hear you."", ""We can pause here for a moment.""], ""safety"": ""ok""}",1,2176,1.318399999945541,0.0018999999156221747,0.00030000046535860747,0.01340000017080456,0.005000000783184078,1.3448999998217914
126,d15_u10,neutral,train,15,10,bc,3,1,1,0,0,0,1,1,0,ok,"{""sentences"": [""I hear you."", ""We can pause here for a moment.""], ""safety"": ""ok""}",1,2176,1.392199999827426,0.0017000002117129043,0.00030000046535860747,0.013299999409355223,0.004900000021734741,1.4178999999785447
127,d15_u11,neutral,train,15,11,bc,3,1,1,0,0,0,1,1,0,ok,"{""sentences"": [""I hear you."", ""We can pause here for a moment.""], ""safety"": ""ok""}",1,2176,1.3697999993382837,0.0018000000636675395,0.00030000046535860747,0.01340000017080456,0.004999999873689376,1.396000000568165
128,d15_u12,neutral,train,15,12,bc,3,1,1,0,0,0,1,1,0,ok,"{""sentences"": [""I hear you."", ""We can pause here for a moment.""], ""safety"": ""ok""}",1,2176,1.2456000004021917,0.0017000002117129043,0.00030000046535860747,0.012399999832268804,0.004699999408330768,1.2697000001935521
129,d15_u13,neutral,train,15,13,bc,3,1,1,0,0,0,1,1,0,ok,"{""sentences"": [""I hear you."", ""We can pause here for a moment.""], ""safety"": ""ok""}",1,2176,1.6209000004892005,0.0017000002117129043,0.00030000046535860747,0.01340000017080456,0.005200000487093348,1.647199999752047
130,d15_u14,neutral,train,15,14,bc,3,1,1,0,0,0,1,1,0,ok,"{""sentences"": [""I hear you."", ""We can pause here for a moment.""], ""safety"": ""ok""}",1,2176,1.4883000003464986,0.0018000000636675395,0.00019999970390927047,0.013299999409355223,0.004900000021734741,1.5140000004976173
131,d15_u15,happy,train,15,15,bc,3,1,1,0,0,0,1,1,0,ok,"{""sentences"": [""I hear you."", ""We can pause here for a moment.""], ""safety"": ""ok""}",1,2176,1.5948000000207685,0.0018000000636675395,0.00019999970390927047,0.013500000022759195,0.004900000021734741,1.6206999998757965
132,d15_u16,angry,train,15,16,bc,3,1,1,0,0,0,1,1,0,ok,"{""sentences"": [""I hear you."", ""We can pause here for a moment.""], ""safety"": ""ok""}",1,2176,1.5960000000632135,0.0016999993022182025,0.00020000061340397224,0.01300000076298602,0.004800000169780105,1.621299999897019
133,d15_u17,angry,train,15,17,bc,3,1,1,0,0,0,1,1,0,ok,"{""sentences"": [""I hear you."", ""We can pause here for a moment.""], ""safety"": ""ok""}",1,2176,1.4989000001150998,0.0018000000636675395,0.0002999995558639057,0.01269999938813271,0.004900000021734741,1.5235999999276828
134,d15_u18,angry,train,15,18,bc,3,1,1,0,0,0,1,1,0,ok,"{""sentences"": [""I hear you."", ""We can pause here for a moment.""], ""safety"": ""ok""}",1,2176,1.5734999997221166,0.0018000000636675395,0.00019999970390927047,0.012099999366910197,0.00470000031782547,1.5976999993654317
135,d15_u19,neutral,train,15,19,bc,3,1,1,0,0,0,1,1,0,ok,"{""sentences"": [""I hear you."", ""We can pause here for a moment.""], ""safety"": ""ok""}",1,2176,1.581600000463368,0.0017000002117129043,0.00019999970390927047,0.01340000017080456,0.02049999966402538,1.6229000002567773
136,d15_u20,angry,train,15,20,bc,3,1,1,0,0,0,1,1,0,ok,"{""sentences"": [""I hear you."", ""We can pause here for a moment.""], ""safety"": ""ok""}",1,2176,1.527899999928195,0.0017000002117129043,0.00030000046535860747,0.012600000445672777,0.004800000169780105,1.5527999994446873
137,d15_u21,happy,train,15,21,bc,3,1,1,0,0,0,1,1,0,ok,"{""sentences"": [""I hear you."", ""We can pause here for a moment.""], ""safety"": ""ok""}",1,2176,1.476100000218139,0.0018000000636675395,0.00020000061340397224,0.013099999705445953,0.004900000021734741,1.501799999459763
138,d15_u22,happy,train,15,22,bc,3,1,1,0,0,0,1,1,0,ok,"{""sentences"": [""I hear you."", ""We can pause here for a moment.""], ""safety"": ""ok""}",1,2176,1.5257999993991689,0.001600000359758269,0.00019999970390927047,0.01249999968422344,0.004800000169780105,1.550400000269292
139,d16_u0,happy,train,16,0,bc,3,1,1,0,0,0,1,1,0,ok,"{""sentences"": [""I hear you."", ""We can pause here for a moment.""], ""safety"": ""ok""}",1,2176,1.4811000000918284,0.0018000000636675395,0.00030000046535860747,0.013399999261309858,0.004999999873689376,1.5072000005602604
140,d16_u1,happy,train,16,1,bc,3,1,1,0,0,0,1,1,0,ok,"{""sentences"": [""I hear you."", ""We can pause here for a moment.""], ""safety"": ""ok""}",1,2176,1.4036000002306537,0.0018000000636675395,0.00019999970390927047,0.01249999968422344,0.00470000031782547,1.4428999993469915
141,d16_u4,neutral,train,16,4,bc,3,1,1,0,0,0,1,1,0,ok,"{""sentences"": [""I hear you."", ""We can pause here for a moment.""], ""safety"": ""ok""}",1,2176,1.3824000006934511,0.0017000002117129043,0.00020000061340397224,0.012800000149582047,0.004600000465870835,1.4069999997445848
142,d16_u5,neutral,train,16,5,bc,3,1,1,0,0,0,1,1,0,ok,"{""sentences"": [""I hear you."", ""We can pause here for a moment.""], ""safety"": ""ok""}",1,2176,1.3603999996121274,0.0017000002117129043,0.00019999970390927047,0.012399999832268804,0.004800000169780105,1.3845000003129826
143,d17_u0,angry,train,17,0,bc,3,1,1,0,0,0,1,1,0,ok,"{""sentences"": [""I hear you."", ""We can pause here for a moment.""], ""safety"": ""ok""}",1,2176,1.4723999993293546,0.0017000002117129043,0.00019999970390927047,0.013199999557400588,0.00470000031782547,1.4975999993112055
144,d17_u1,happy,train,17,1,bc,3,1,1,0,0,0,1,1,0,ok,"{""sentences"": [""I hear you."", ""We can pause here for a moment.""], ""safety"": ""ok""}",1,2176,1.4860999999655178,0.0015999994502635673,0.00019999970390927047,0.01249999968422344,0.004799999260285404,1.5106000000741915
145,d17_u2,neutral,train,17,2,bc,3,1,1,0,0,0,1,1,0,ok,"{""sentences"": [""I hear you."", ""We can pause here for a moment.""], ""safety"": ""ok""}",1,2176,1.4326000000437489,0.0017000002117129043,0.00030000046535860747,0.012299999980314169,0.004799999260285404,1.4565000001312
146,d17_u3,neutral,train,17,3,bc,3,1,1,0,0,0,1,1,0,ok,"{""sentences"": [""I hear you."", ""We can pause here for a moment.""], ""safety"": ""ok""}",1,2176,1.4504000000670203,0.0018000000636675395,0.00030000046535860747,0.013100000614940654,0.004900000021734741,1.4757999997527804
147,d17_u5,neutral,train,17,5,bc,3,1,1,0,0,0,1,1,0,ok,"{""sentences"": [""I hear you."", ""We can pause here for a moment.""], ""safety"": ""ok""}",1,2176,1.4141000001473003,0.0017000002117129043,0.00019999970390927047,0.013300000318849925,0.004900000021734741,1.440099999854283
148,d17_u7,happy,train,17,7,bc,3,1,1,0,0,0,1,1,0,ok,"{""sentences"": [""I hear you."", ""We can pause here for a moment.""], ""safety"": ""ok""}",1,2176,1.3804999998683343,0.0018000000636675395,0.0002999995558639057,0.02750000021478627,0.00470000031782547,1.4203000000634347
149,d17_u8,happy,train,17,8,bc,3,1,1,0,0,0,1,1,0,ok,"{""sentences"": [""I hear you."", ""We can pause here for a moment.""], ""safety"": ""ok""}",1,2176,1.378599999952712,0.0017000002117129043,0.00019999970390927047,0.012799999240087345,0.005199999577598646,1.4037000000826083
150,d17_u9,happy,train,17,9,bc,3,1,1,0,0,0,1,1,0,ok,"{""sentences"": [""I hear you."", ""We can pause here for a moment.""], ""safety"": ""ok""}",1,2176,1.4049000001250533,0.001600000359758269,0.00019999970390927047,0.012399999832268804,0.025899999855028,1.464500000111002
151,d17_u10,happy,train,17,10,bc,3,1,1,0,0,0,1,1,0,ok,"{""sentences"": [""I hear you."", ""We can pause here for a moment.""], ""safety"": ""ok""}",1,2176,3.6690000006274204,0.0017000002117129043,0.00019999970390927047,0.013099999705445953,0.004800000169780105,3.694099999847822
152,d18_u0,neutral,train,18,0,bc,3,1,1,0,0,0,1,1,0,ok,"{""sentences"": [""I hear you."", ""We can pause here for a moment.""], ""safety"": ""ok""}",1,2176,2.9518999999709195,0.0016999993022182025,0.00030000046535860747,0.012400000741763506,0.004599999556376133,2.992699999595061
153,d18_u1,neutral,train,18,1,bc,3,1,1,0,0,0,1,1,0,ok,"{""sentences"": [""I hear you."", ""We can pause here for a moment.""], ""safety"": ""ok""}",1,2176,1.5586999998049578,0.0017000002117129043,0.00020000061340397224,0.012800000149582047,0.004800000169780105,1.5834999994694954
154,d18_u2,neutral,train,18,2,bc,3,1,1,0,0,0,1,1,0,ok,"{""sentences"": [""I hear you."", ""We can pause here for a moment.""], ""safety"": ""ok""}",1,2176,1.5081999999893014,0.0017000002117129043,0.0002999995558639057,0.02700000004551839,0.004799999260285404,1.5470000007553608
155,d18_u3,happy,train,18,3,bc,3,1,1,0,0,0,1,1,0,ok,"{""sentences"": [""I hear you."", ""We can pause here for a moment.""], ""safety"": ""ok""}",1,2176,1.4394999998330604,0.0018000000636675395,0.00020000061340397224,0.012999999853491317,0.004800000169780105,1.4648000005763606
156,d18_u4,neutral,train,18,4,bc,3,1,1,0,0,0,1,1,0,ok,"{""sentences"": [""I hear you."", ""We can pause here for a moment.""], ""safety"": ""ok""}",1,2176,1.4519999995172839,0.0018000000636675395,0.0002999995558639057,0.012800000149582047,0.004900000021734741,1.4768999999432708
157,d18_u5,happy,train,18,5,bc,3,1,1,0,0,0,1,1,0,ok,"{""sentences"": [""I hear you."", ""We can pause here for a moment.""], ""safety"": ""ok""}",1,2176,1.4387000001079286,0.0016999993022182025,0.00020000061340397224,0.012999999853491317,0.00470000031782547,1.4633999999205116
158,d18_u7,neutral,train,18,7,bc,3,1,1,0,0,0,1,1,0,ok,"{""sentences"": [""I hear you."", ""We can pause here for a moment.""], ""safety"": ""ok""}",1,2176,1.4326999998957035,0.0017000002117129043,0.00019999970390927047,0.01269999938813271,0.004900000021734741,1.4576000003216905
159,d18_u8,sad,train,18,8,bc,3,1,1,0,0,0,1,1,0,ok,"{""sentences"": [""I hear you."", ""We can pause here for a moment.""], ""safety"": ""ok""}",1,2176,1.4664999998785788,0.0016999993022182025,0.00030000046535860747,0.012600000445672777,0.004800000169780105,1.4910999998392072
160,d19_u0,neutral,train,19,0,bc,3,1,1,0,0,0,1,1,0,ok,"{""sentences"": [""I hear you."", ""We can pause here for a moment.""], ""safety"": ""ok""}",1,2176,1.5235999999276828,0.0016999993022182025,0.0002999995558639057,0.028700000257231295,0.004699999408330768,1.5640999999959604
161,d19_u1,neutral,train,19,1,bc,3,1,1,0,0,0,1,1,0,ok,"{""sentences"": [""I hear you."", ""We can pause here for a moment.""], ""safety"": ""ok""}",1,2176,1.6393999994761543,0.001600000359758269,0.00020000061340397224,0.012700000297627412,0.0045000006139162,1.6636999998809188
162,d20_u0,neutral,train,20,0,bc,3,1,1,0,0,0,1,1,0,ok,"{""sentences"": [""I hear you."", ""We can pause here for a moment.""], ""safety"": ""ok""}",1,2176,1.5590000002703164,0.0017000002117129043,0.00019999970390927047,0.02769999991869554,0.00470000031782547,1.5986999997039675
163,d20_u1,happy,train,20,1,bc,3,1,1,0,0,0,1,1,0,ok,"{""sentences"": [""I hear you."", ""We can pause here for a moment.""], ""safety"": ""ok""}",1,2176,1.4585999997507315,0.0016999993022182025,0.0002999995558639057,0.01249999968422344,0.004499999704421498,1.4827999993940466
164,d20_u2,happy,train,20,2,bc,3,1,1,0,0,0,1,1,0,ok,"{""sentences"": [""I hear you."", ""We can pause here for a moment.""], ""safety"": ""ok""}",1,2176,1.4417000002140412,0.0017000002117129043,0.00019999970390927047,0.012399999832268804,0.00470000031782547,1.465999999709311
165,d20_u3,happy,train,20,3,bc,3,1,1,0,0,0,1,1,0,ok,"{""sentences"": [""I hear you."", ""We can pause here for a moment.""], ""safety"": ""ok""}",1,2176,1.4584999998987769,0.0018000000636675395,0.00019999970390927047,0.01249999968422344,0.0045000006139162,1.4825999996901373
166,d20_u4,happy,train,20,4,bc,3,1,1,0,0,0,1,1,0,ok,"{""sentences"": [""I hear you."", ""We can pause here for a moment.""], ""safety"": ""ok""}",1,2176,1.4898999997967621,0.001600000359758269,0.00019999970390927047,0.012600000445672777,0.004800000169780105,1.514100000349572
167,d20_u5,happy,train,20,5,bc,3,1,1,0,0,0,1,1,0,ok,"{""sentences"": [""I hear you."", ""We can pause here for a moment.""], ""safety"": ""ok""}",1,2176,1.4010999993843143,0.0018000000636675395,0.00019999970390927047,0.013299999409355223,0.004800000169780105,1.4265999998315237
168,d20_u6,happy,train,20,6,bc,3,1,1,0,0,0,1,1,0,ok,"{""sentences"": [""I hear you."", ""We can pause here for a moment.""], ""safety"": ""ok""}",1,2176,1.356800000394287,0.001600000359758269,0.00019999970390927047,0.012800000149582047,0.004999999873689376,1.3818999996146886
169,d20_u7,happy,train,20,7,bc,3,1,1,0,0,0,1,1,0,ok,"{""sentences"": [""I hear you."", ""We can pause here for a moment.""], ""safety"": ""ok""}",1,2176,1.5172000003076391,0.0017000002117129043,0.0002999995558639057,0.01340000017080456,0.004999999873689376,1.5432000000146218
170,d20_u8,neutral,train,20,8,bc,3,1,1,0,0,0,1,1,0,ok,"{""sentences"": [""I hear you."", ""We can pause here for a moment.""], ""safety"": ""ok""}",1,2176,1.5272000000550179,0.0018000000636675395,0.00019999970390927047,0.012900000001536682,0.004900000021734741,1.5527999994446873
171,d20_u9,neutral,train,20,9,bc,3,1,1,0,0,0,1,1,0,ok,"{""sentences"": [""I hear you."", ""We can pause here for a moment.""], ""safety"": ""ok""}",1,2176,1.5002999998614541,0.0017000002117129043,0.00030000046535860747,0.012799999240087345,0.004699999408330768,1.5253999999913503
172,d20_u10,neutral,train,20,10,bc,3,1,1,0,0,0,1,1,0,ok,"{""sentences"": [""I hear you."", ""We can pause here for a moment.""], ""safety"": ""ok""}",1,2176,1.608700000360841,0.0017000002117129043,0.00019999970390927047,0.012399999832268804,0.004900000021734741,1.63319999956002
173,d20_u11,neutral,train,20,11,bc,3,1,1,0,0,0,1,1,0,ok,"{""sentences"": [""I hear you."", ""We can pause here for a moment.""], ""safety"": ""ok""}",1,2176,1.4827999993940466,0.0016999993022182025,0.00020000061340397224,0.012600000445672777,0.004800000169780105,1.5074000002641696
174,d20_u12,happy,train,20,12,bc,3,1,1,0,0,0,1,1,0,ok,"{""sentences"": [""I hear you."", ""We can pause here for a moment.""], ""safety"": ""ok""}",1,2176,1.4217000007192837,0.0018000000636675395,0.00030000046535860747,0.012500000593718141,0.00470000031782547,1.446100000066508
175,d20_u13,happy,train,20,13,bc,3,1,1,0,0,0,1,1,0,ok,"{""sentences"": [""I hear you."", ""We can pause here for a moment.""], ""safety"": ""ok""}",1,2176,1.5649999995730468,0.0017000002117129043,0.00020000061340397224,0.013100000614940654,0.004800000169780105,1.590300000316347
176,d20_u14,happy,train,20,14,bc,3,1,1,0,0,0,1,1,0,ok,"{""sentences"": [""I hear you."", ""We can pause here for a moment.""], ""safety"": ""ok""}",1,2176,1.540700000077777,0.0017000002117129043,0.00030000046535860747,0.012800000149582047,0.004800000169780105,1.56539999989036
177,d20_u16,neutral,train,20,16,bc,3,1,1,0,0,0,1,1,0,ok,"{""sentences"": [""I hear you."", ""We can pause here for a moment.""], ""safety"": ""ok""}",1,2176,1.4893999996274943,0.0017999991541728377,0.00030000046535860747,0.012600000445672777,0.00470000031782547,1.513899999736168
178,d21_u1,neutral,train,21,1,bc,3,1,1,0,0,0,1,1,0,ok,"{""sentences"": [""I hear you."", ""We can pause here for a moment.""], ""safety"": ""ok""}",1,2176,1.494000000093365,0.0016999993022182025,0.00019999970390927047,0.012900000001536682,0.004900000021734741,1.5188999996098573
179,d21_u2,happy,train,21,2,bc,3,1,1,0,0,0,1,1,0,ok,"{""sentences"": [""I hear you."", ""We can pause here for a moment.""], ""safety"": ""ok""}",1,2176,1.6061999995145015,0.0016999993022182025,0.00020000061340397224,0.012500000593718141,0.004900000021734741,1.6309000002365792
180,d21_u4,neutral,train,21,4,bc,3,1,1,0,0,0,1,1,0,ok,"{""sentences"": [""I hear you."", ""We can pause here for a moment.""], ""safety"": ""ok""}",1,2176,1.627800000278512,0.0016999993022182025,0.00020000061340397224,0.012399999832268804,0.004599999556376133,1.6518999991603778
181,d21_u6,angry,train,21,6,bc,3,1,1,0,0,0,1,1,0,ok,"{""sentences"": [""I hear you."", ""We can pause here for a moment.""], ""safety"": ""ok""}",1,2176,1.4890000002196757,0.0017000002117129043,0.00019999970390927047,0.012299999980314169,0.004599999556376133,1.5130000001590815
182,d21_u7,neutral,train,21,7,bc,3,1,1,0,0,0,1,1,0,ok,"{""sentences"": [""I hear you."", ""We can pause here for a moment.""], ""safety"": ""ok""}",1,2176,1.4991000007285038,0.0017000002117129043,0.00020000061340397224,0.012500000593718141,0.004699999408330768,1.523300000371819
183,d21_u9,neutral,train,21,9,bc,3,1,1,0,0,0,1,1,0,ok,"{""sentences"": [""I hear you."", ""We can pause here for a moment.""], ""safety"": ""ok""}",1,2176,1.4584999998987769,0.0017000002117129043,0.00020000061340397224,0.012600000445672777,0.004999999873689376,1.4830999998594052
184,d21_u10,neutral,train,21,10,bc,3,1,1,0,0,0,1,1,0,ok,"{""sentences"": [""I hear you."", ""We can pause here for a moment.""], ""safety"": ""ok""}",1,2176,1.4203999999153893,0.0017000002117129043,0.00019999970390927047,0.01249999968422344,0.004600000465870835,1.4589000002160901
185,d21_u12,neutral,train,21,12,bc,3,1,1,0,0,0,1,1,0,ok,"{""sentences"": [""I hear you."", ""We can pause here for a moment.""], ""safety"": ""ok""}",1,2176,1.5502000005653827,0.0017000002117129043,0.00030000046535860747,0.01269999938813271,0.004900000021734741,1.5749000003779656
186,d21_u13,happy,train,21,13,bc,3,1,1,0,0,0,1,1,0,ok,"{""sentences"": [""I hear you."", ""We can pause here for a moment.""], ""safety"": ""ok""}",1,2176,1.5634000001227832,0.0017000002117129043,0.00019999970390927047,0.012399999832268804,0.004599999556376133,1.5875000008236384
187,d22_u1,neutral,train,22,1,bc,3,1,1,0,0,0,1,1,0,ok,"{""sentences"": [""I hear you."", ""We can pause here for a moment.""], ""safety"": ""ok""}",1,2176,1.6333000003214693,0.0017000002117129043,0.00019999970390927047,0.012700000297627412,0.004999999873689376,1.6584999993938254
188,d22_u3,neutral,train,22,3,bc,3,1,1,0,0,0,1,1,0,ok,"{""sentences"": [""I hear you."", ""We can pause here for a moment.""], ""safety"": ""ok""}",1,2176,1.596600000084436,0.0017999991541728377,0.00020000061340397224,0.013100000614940654,0.004699999408330768,1.6218000000662869
189,d23_u1,angry,train,23,1,bc,3,1,1,0,0,0,1,1,0,ok,"{""sentences"": [""I hear you."", ""We can pause here for a moment.""], ""safety"": ""ok""}",1,2176,1.7080999996323953,0.0017999991541728377,0.00019999970390927047,0.013800000488117803,0.004800000169780105,1.7341000002488727
190,d23_u3,happy,train,23,3,bc,3,1,1,0,0,0,1,1,0,ok,"{""sentences"": [""I hear you."", ""We can pause here for a moment.""], ""safety"": ""ok""}",1,2176,1.7499999994470272,0.001600000359758269,0.00019999970390927047,0.012900000001536682,0.004800000169780105,1.7751000004864181
191,d23_u4,neutral,train,23,4,bc,3,1,1,0,0,0,1,1,0,ok,"{""sentences"": [""I hear you."", ""We can pause here for a moment.""], ""safety"": ""ok""}",1,2176,1.5321999999287073,0.0018000000636675395,0.00020000061340397224,0.013300000318849925,0.004900000021734741,1.5579999999317806
192,d23_u5,neutral,train,23,5,bc,3,1,1,0,0,0,1,1,0,ok,"{""sentences"": [""I hear you."", ""We can pause here for a moment.""], ""safety"": ""ok""}",1,2176,1.5016999996078084,0.0017000002117129043,0.00019999970390927047,0.012400000741763506,0.004800000169780105,1.5265000001818407
193,d23_u6,neutral,train,23,6,bc,3,1,1,0,0,0,1,1,0,ok,"{""sentences"": [""I hear you."", ""We can pause here for a moment.""], ""safety"": ""ok""}",1,2176,1.4464000005318667,0.0017000002117129043,0.00030000046535860747,0.012500000593718141,0.004599999556376133,1.4705000003232271
194,d23_u7,neutral,train,23,7,bc,3,1,1,0,0,0,1,1,0,ok,"{""sentences"": [""I hear you."", ""We can pause here for a moment.""], ""safety"": ""ok""}",1,2176,1.4406000000235508,0.0018000000636675395,0.00020000061340397224,0.012700000297627412,0.004999999873689376,1.4655000004495378
195,d24_u0,neutral,train,24,0,bc,3,1,1,0,0,0,1,1,0,ok,"{""sentences"": [""I hear you."", ""We can pause here for a moment.""], ""safety"": ""ok""}",1,2176,1.5374999993582605,0.0017000002117129043,0.00019999970390927047,0.013199999557400588,0.004800000169780105,1.5628000001015607
196,d24_u1,neutral,train,24,1,bc,3,1,1,0,0,0,1,1,0,ok,"{""sentences"": [""I hear you."", ""We can pause here for a moment.""], ""safety"": ""ok""}",1,2176,1.5339000001404202,0.0018000000636675395,0.0002999995558639057,0.012700000297627412,0.004900000021734741,1.5590000002703164
197,d24_u2,neutral,train,24,2,bc,3,1,1,0,0,0,1,1,0,ok,"{""sentences"": [""I hear you."", ""We can pause here for a moment.""], ""safety"": ""ok""}",1,2176,1.4819999996689148,0.001600000359758269,0.00019999970390927047,0.012600000445672777,0.004800000169780105,1.5063000000736793
198,d24_u3,happy,train,24,3,bc,3,1,1,0,0,0,1,1,0,ok,"{""sentences"": [""I hear you."", ""We can pause here for a moment.""], ""safety"": ""ok""}",1,2176,1.4872000001560082,0.0017000002117129043,0.00019999970390927047,0.012900000001536682,0.004800000169780105,1.512199999524455
199,d24_u5,neutral,train,24,5,bc,3,1,1,0,0,0,1,1,0,ok,"{""sentences"": [""I hear you."", ""We can pause here for a moment.""], ""safety"": ""ok""}",1,2176,1.5508000005866052,0.0017000002117129043,0.00020000061340397224,0.013100000614940654,0.004800000169780105,1.5761000004204107
200,d24_u6,neutral,train,24,6,bc,3,1,1,0,0,0,1,1,0,ok,"{""sentences"": [""I hear you."", ""We can pause here for a moment.""], ""safety"": ""ok""}",1,2176,1.527699999314791,0.0017000002117129043,0.00020000061340397224,0.01300000076298602,0.004699999408330768,1.5527000005022273
201,d24_u7,happy,train,24,7,bc,3,1,1,0,0,0,1,1,0,ok,"{""sentences"": [""I hear you."", ""We can pause here for a moment.""], ""safety"": ""ok""}",1,2176,1.5999999995983671,0.0017000002117129043,0.00019999970390927047,0.013099999705445953,0.004800000169780105,1.6255000000455766
202,d25_u0,happy,train,25,0,bc,3,1,1,0,0,0,1,1,0,ok,"{""sentences"": [""I hear you."", ""We can pause here for a moment.""], ""safety"": ""ok""}",1,2176,1.4009999995323597,0.0017000002117129043,0.0002999995558639057,0.012999999853491317,0.004800000169780105,1.4262999993661651
203,d25_u1,happy,train,25,1,bc,3,1,1,0,0,0,1,1,0,ok,"{""sentences"": [""I hear you."", ""We can pause here for a moment.""], ""safety"": ""ok""}",1,2176,1.4276000001700595,0.0018000000636675395,0.0002999995558639057,0.01269999938813271,0.004800000169780105,1.4527000002999557
204,d25_u2,happy,train,25,2,bc,3,1,1,0,0,0,1,1,0,ok,"{""sentences"": [""I hear you."", ""We can pause here for a moment.""], ""safety"": ""ok""}",1,2176,1.302699999541801,0.0017000002117129043,0.0002999995558639057,0.013099999705445953,0.005100000635138713,1.3283999996929197
205,d25_u3,happy,train,25,3,bc,3,1,1,0,0,0,1,1,0,ok,"{""sentences"": [""I hear you."", ""We can pause here for a moment.""], ""safety"": ""ok""}",1,2176,1.4264000001276145,0.0016999993022182025,0.00020000061340397224,0.012700000297627412,0.004800000169780105,1.4513999994960614
206,d25_u4,neutral,train,25,4,bc,3,1,1,0,0,0,1,1,0,ok,"{""sentences"": [""I hear you."", ""We can pause here for a moment.""], ""safety"": ""ok""}",1,2176,1.4261999995142105,0.0017000002117129043,0.00030000046535860747,0.012900000001536682,0.004999999873689376,1.4515000002575107
207,d25_u5,neutral,train,25,5,bc,3,1,1,0,0,0,1,1,0,ok,"{""sentences"": [""I hear you."", ""We can pause here for a moment.""], ""safety"": ""ok""}",1,2176,1.4403999994101468,0.0018000000636675395,0.00019999970390927047,0.012900000001536682,0.004800000169780105,1.4658000000054017
208,d25_u6,neutral,train,25,6,bc,3,1,1,0,0,0,1,1,0,ok,"{""sentences"": [""I hear you."", ""We can pause here for a moment.""], ""safety"": ""ok""}",1,2176,1.4393000001291512,0.0017000002117129043,0.00019999970390927047,0.012900000001536682,0.004900000021734741,1.4644999992015073
209,d25_u7,neutral,train,25,7,bc,3,1,1,0,0,0,1,1,0,ok,"{""sentences"": [""I hear you."", ""We can pause here for a moment.""], ""safety"": ""ok""}",1,2176,1.7272000004595611,0.001600000359758269,0.00030000046535860747,0.01320000046689529,0.00470000031782547,1.7526000001453212
210,d25_u8,neutral,train,25,8,bc,3,1,1,0,0,0,1,1,0,ok,"{""sentences"": [""I hear you."", ""We can pause here for a moment.""], ""safety"": ""ok""}",1,2176,1.4135000001260778,0.0015999994502635673,0.00020000061340397224,0.012399999832268804,0.004800000169780105,1.4377999996213475
211,d25_u9,neutral,train,25,9,bc,3,1,1,0,0,0,1,1,0,ok,"{""sentences"": [""I hear you."", ""We can pause here for a moment.""], ""safety"": ""ok""}",1,2176,1.7103999998653308,0.0017000002117129043,0.00019999970390927047,0.012700000297627412,0.004800000169780105,1.7348999999740045
212,d25_u10,neutral,train,25,10,bc,3,1,1,0,0,0,1,1,0,ok,"{""sentences"": [""I hear you."", ""We can pause here for a moment.""], ""safety"": ""ok""}",1,2176,1.403500000378699,0.0017999991541728377,0.00019999970390927047,0.012999999853491317,0.004799999260285404,1.4289000000644592
213,d25_u12,neutral,train,25,12,bc,3,1,1,0,0,0,1,1,0,ok,"{""sentences"": [""I hear you."", ""We can pause here for a moment.""], ""safety"": ""ok""}",1,2176,1.4977000000726548,0.0018000000636675395,0.00030000046535860747,0.01320000046689529,0.004999999873689376,1.5233999993142788
214,d25_u13,neutral,train,25,13,bc,3,1,1,0,0,0,1,1,0,ok,"{""sentences"": [""I hear you."", ""We can pause here for a moment.""], ""safety"": ""ok""}",1,2176,1.4952000001358101,0.0018000000636675395,0.00019999970390927047,0.012999999853491317,0.004900000021734741,1.5202999993562116
215,d26_u1,neutral,train,26,1,bc,3,1,1,0,0,0,1,1,0,ok,"{""sentences"": [""I hear you."", ""We can pause here for a moment.""], ""safety"": ""ok""}",1,2176,1.6924999999901047,0.0018000000636675395,0.0002999995558639057,0.013300000318849925,0.004999999873689376,1.7183999998451327
216,d26_u3,neutral,train,26,3,bc,3,1,1,0,0,0,1,1,0,ok,"{""sentences"": [""I hear you."", ""We can pause here for a moment.""], ""safety"": ""ok""}",1,2176,1.3935000006313203,0.0017000002117129043,0.0002999995558639057,0.012400000741763506,0.00470000031782547,1.4177000002746354
217,d26_u4,neutral,train,26,4,bc,3,1,1,0,0,0,1,1,0,ok,"{""sentences"": [""I hear you."", ""We can pause here for a moment.""], ""safety"": ""ok""}",1,2176,1.4290000008259085,0.0018000000636675395,0.00019999970390927047,0.013099999705445953,0.005000000783184078,1.4545000003636233
218,d26_u5,happy,train,26,5,bc,3,1,1,0,0,0,1,1,0,ok,"{""sentences"": [""I hear you."", ""We can pause here for a moment.""], ""safety"": ""ok""}",1,2176,1.4806999997745152,0.0017000002117129043,0.00019999970390927047,0.01340000017080456,0.004900000021734741,1.5065999996295432
219,d26_u6,happy,train,26,6,bc,3,1,1,0,0,0,1,1,0,ok,"{""sentences"": [""I hear you."", ""We can pause here for a moment.""], ""safety"": ""ok""}",1,2176,1.4448000001721084,0.0018000000636675395,0.00030000046535860747,0.01249999968422344,0.004800000169780105,1.4839999994364916
220,d26_u7,happy,train,26,7,bc,3,1,1,0,0,0,1,1,0,ok,"{""sentences"": [""I hear you."", ""We can pause here for a moment.""], ""safety"": ""ok""}",1,2176,1.444900000024063,0.0017000002117129043,0.0002999995558639057,0.013199999557400588,0.019600000086938962,1.4848999999230728
221,d26_u8,neutral,train,26,8,bc,3,1,1,0,0,0,1,1,0,ok,"{""sentences"": [""I hear you."", ""We can pause here for a moment.""], ""safety"": ""ok""}",1,2176,1.5017000005173031,0.001600000359758269,0.0002999995558639057,0.012900000001536682,0.00470000031782547,1.5265000001818407
222,d26_u9,neutral,train,26,9,bc,3,1,1,0,0,0,1,1,0,ok,"{""sentences"": [""I hear you."", ""We can pause here for a moment.""], ""safety"": ""ok""}",1,2176,1.4935999997760518,0.0018000000636675395,0.0002999995558639057,0.013399999261309858,0.004999999873689376,1.5196000003925292
223,d26_u10,neutral,train,26,10,bc,3,1,1,0,0,0,1,1,0,ok,"{""sentences"": [""I hear you."", ""We can pause here for a moment.""], ""safety"": ""ok""}",1,2176,1.4473999999609077,0.0018000000636675395,0.00020000061340397224,0.012800000149582047,0.004799999260285404,1.4724000002388493
224,d26_u11,sad,train,26,11,bc,3,1,1,0,0,0,1,1,0,ok,"{""sentences"": [""I hear you."", ""We can pause here for a moment.""], ""safety"": ""ok""}",1,2176,1.4455000000452856,0.0016999993022182025,0.00020000061340397224,0.013299999409355223,0.004999999873689376,1.4715999996042228
225,d26_u12,neutral,train,26,12,bc,3,1,1,0,0,0,1,1,0,ok,"{""sentences"": [""I hear you."", ""We can pause here for a moment.""], ""safety"": ""ok""}",1,2176,1.583799999934854,0.0017000002117129043,0.00019999970390927047,0.012799999240087345,0.004699999408330768,1.6086999994513462
226,d26_u13,neutral,train,26,13,bc,3,1,1,0,0,0,1,1,0,ok,"{""sentences"": [""I hear you."", ""We can pause here for a moment.""], ""safety"": ""ok""}",1,2176,1.5807999998287414,0.01609999981155852,0.0002999995558639057,0.02860000040527666,0.004699999408330768,1.636000000871718
227,d27_u0,sad,train,27,0,bc,3,1,1,0,0,0,1,1,0,ok,"{""sentences"": [""I hear you."", ""We can pause here for a moment.""], ""safety"": ""ok""}",1,2176,1.633400000173424,0.0018000000636675395,0.00020000061340397224,0.01320000046689529,0.004800000169780105,1.6588999997111387
228,d27_u1,happy,train,27,1,bc,3,1,1,0,0,0,1,1,0,ok,"{""sentences"": [""I hear you."", ""We can pause here for a moment.""], ""safety"": ""ok""}",1,2176,1.2391999998726533,0.0018000000636675395,0.00020000061340397224,0.013500000022759195,0.004999999873689376,1.2653000003410853
229,d28_u0,angry,train,28,0,bc,3,1,1,0,0,0,1,1,0,ok,"{""sentences"": [""I hear you."", ""We can pause here for a moment.""], ""safety"": ""ok""}",1,2176,1.4670999998998013,0.0017000002117129043,0.00019999970390927047,0.01320000046689529,0.004900000021734741,1.49280000005092
230,d28_u1,angry,train,28,1,bc,3,1,1,0,0,0,1,1,0,ok,"{""sentences"": [""I hear you."", ""We can pause here for a moment.""], ""safety"": ""ok""}",1,2176,1.510000000052969,0.0017000002117129043,0.00020000061340397224,0.012600000445672777,0.004800000169780105,1.5343000004577334
231,d28_u2,angry,train,28,2,bc,3,1,1,0,0,0,1,1,0,ok,"{""sentences"": [""I hear you."", ""We can pause here for a moment.""], ""safety"": ""ok""}",1,2176,1.626899999791931,0.0018000000636675395,0.00019999970390927047,0.012900000001536682,0.004900000021734741,1.6520999997737817
232,d28_u3,happy,train,28,3,bc,3,1,1,0,0,0,1,1,0,ok,"{""sentences"": [""I hear you."", ""We can pause here for a moment.""], ""safety"": ""ok""}",1,2176,1.5933999993649195,0.0015999994502635673,0.00020000061340397224,0.012700000297627412,0.004900000021734741,1.6181000000869972
233,d28_u5,happy,train,28,5,bc,3,1,1,0,0,0,1,1,0,ok,"{""sentences"": [""I hear you."", ""We can pause here for a moment.""], ""safety"": ""ok""}",1,2176,1.5568999997412902,0.0018999999156221747,0.0002999995558639057,0.01249999968422344,0.004800000169780105,1.5816999994058278
234,d28_u7,sad,train,28,7,bc,3,1,1,0,0,0,1,1,0,ok,"{""sentences"": [""I hear you."", ""We can pause here for a moment.""], ""safety"": ""ok""}",1,2176,1.5144999997573905,0.0016999993022182025,0.00020000061340397224,0.012900000001536682,0.004900000021734741,1.5396000007967814
235,d29_u1,happy,train,29,1,bc,3,1,1,0,0,0,1,1,0,ok,"{""sentences"": [""I hear you."", ""We can pause here for a moment.""], ""safety"": ""ok""}",1,2176,1.4030000002094312,0.0018000000636675395,0.00019999970390927047,0.013500000022759195,0.004900000021734741,1.4288000002125045
236,d29_u2,neutral,train,29,2,bc,3,1,1,0,0,0,1,1,0,ok,"{""sentences"": [""I hear you."", ""We can pause here for a moment.""], ""safety"": ""ok""}",1,2176,1.4426000007006223,0.0017000002117129043,0.00019999970390927047,0.013300000318849925,0.0052999994295532815,1.468600000407605
237,d29_u3,happy,train,29,3,bc,3,1,1,0,0,0,1,1,0,ok,"{""sentences"": [""I hear you."", ""We can pause here for a moment.""], ""safety"": ""ok""}",1,2176,1.452600000448001,0.0017999991541728377,0.00020000061340397224,0.012800000149582047,0.00470000031782547,1.4774000001125387
238,d29_u6,angry,train,29,6,bc,3,1,1,0,0,0,1,1,0,ok,"{""sentences"": [""I hear you."", ""We can pause here for a moment.""], ""safety"": ""ok""}",1,2176,1.4628999997512437,0.0018000000636675395,0.00019999970390927047,0.013300000318849925,0.004900000021734741,1.488699999754317
239,d29_u7,angry,train,29,7,bc,3,1,1,0,0,0,1,1,0,ok,"{""sentences"": [""I hear you."", ""We can pause here for a moment.""], ""safety"": ""ok""}",1,2176,1.3965999996798928,0.0018000000636675395,0.00020000061340397224,0.012900000001536682,0.004900000021734741,1.421900000423193
240,d29_u8,angry,train,29,8,bc,3,1,1,0,0,0,1,1,0,ok,"{""sentences"": [""I hear you."", ""We can pause here for a moment.""], ""safety"": ""ok""}",1,2176,1.3941000006525428,0.00199999976757681,0.00020000061340397224,0.027400000362831634,0.004900000021734741,1.4339999997901032
241,d29_u9,neutral,train,29,9,bc,3,1,1,0,0,0,1,1,0,ok,"{""sentences"": [""I hear you."", ""We can pause here for a moment.""], ""safety"": ""ok""}",1,2176,1.5389999998660642,0.0018000000636675395,0.00020000061340397224,0.012700000297627412,0.004999999873689376,1.564100000905455
242,d29_u10,angry,train,29,10,bc,3,1,1,0,0,0,1,1,0,ok,"{""sentences"": [""I hear you."", ""We can pause here for a moment.""], ""safety"": ""ok""}",1,2176,1.4898999997967621,0.0015999994502635673,0.00019999970390927047,0.01249999968422344,0.004800000169780105,1.5143000000534812
243,d29_u11,angry,train,29,11,bc,3,1,1,0,0,0,1,1,0,ok,"{""sentences"": [""I hear you."", ""We can pause here for a moment.""], ""safety"": ""ok""}",1,2176,1.4493999997284845,0.0017000002117129043,0.00020000061340397224,0.01300000076298602,0.004800000169780105,1.4744000000064261
244,d29_u13,neutral,train,29,13,bc,3,1,1,0,0,0,1,1,0,ok,"{""sentences"": [""I hear you."", ""We can pause here for a moment.""], ""safety"": ""ok""}",1,2176,1.4846999993096688,0.0017000002117129043,0.00019999970390927047,0.012999999853491317,0.004900000021734741,1.5103000005183276
245,d30_u0,neutral,train,30,0,bc,3,1,1,0,0,0,1,1,0,ok,"{""sentences"": [""I hear you."", ""We can pause here for a moment.""], ""safety"": ""ok""}",1,2176,1.6339999992851517,0.0018000000636675395,0.00019999970390927047,0.012700000297627412,0.004600000465870835,1.6586000001552748
246,d30_u1,happy,train,30,1,bc,3,1,1,0,0,0,1,1,0,ok,"{""sentences"": [""I hear you."", ""We can pause here for a moment.""], ""safety"": ""ok""}",1,2176,1.3061999998171814,0.0017000002117129043,0.00019999970390927047,0.012600000445672777,0.004900000021734741,1.3310000003912137
247,d30_u2,neutral,train,30,2,bc,3,1,1,0,0,0,1,1,0,ok,"{""sentences"": [""I hear you."", ""We can pause here for a moment.""], ""safety"": ""ok""}",1,2176,1.583299999765586,0.001600000359758269,0.00020000061340397224,0.013099999705445953,0.004800000169780105,1.608499999747437
248,d30_u3,neutral,train,30,3,bc,3,1,1,0,0,0,1,1,0,ok,"{""sentences"": [""I hear you."", ""We can pause here for a moment.""], ""safety"": ""ok""}",1,2176,1.2662999997701263,0.0016999993022182025,0.00030000046535860747,0.01320000046689529,0.004999999873689376,1.2920999997731997
249,d30_u4,angry,train,30,4,bc,3,1,1,0,0,0,1,1,0,ok,"{""sentences"": [""I hear you."", ""We can pause here for a moment.""], ""safety"": ""ok""}",1,2176,1.3989999997647828,0.0018000000636675395,0.00020000061340397224,0.01269999938813271,0.004699999408330768,1.4240000000427244
250,d30_u6,angry,train,30,6,bc,3,1,1,0,0,0,1,1,0,ok,"{""sentences"": [""I hear you."", ""We can pause here for a moment.""], ""safety"": ""ok""}",1,2176,1.411000000189233,0.0017000002117129043,0.0002999995558639057,0.012999999853491317,0.005100000635138713,1.4365000006364426
251,d30_u8,neutral,train,30,8,bc,3,1,1,0,0,0,1,1,0,ok,"{""sentences"": [""I hear you."", ""We can pause here for a moment.""], ""safety"": ""ok""}",1,2176,1.516299999821058,0.0018000000636675395,0.00030000046535860747,0.012799999240087345,0.004999999873689376,1.5414999998029089
252,d30_u9,neutral,train,30,9,bc,3,1,1,0,0,0,1,1,0,ok,"{""sentences"": [""I hear you."", ""We can pause here for a moment.""], ""safety"": ""ok""}",1,2176,1.423400000021502,0.0017000002117129043,0.00019999970390927047,0.012999999853491317,0.005100000635138713,1.4488000006167567
253,d30_u10,neutral,train,30,10,bc,3,1,1,0,0,0,1,1,0,ok,"{""sentences"": [""I hear you."", ""We can pause here for a moment.""], ""safety"": ""ok""}",1,2176,1.4868000007481896,0.0018000000636675395,0.0002999995558639057,0.012800000149582047,0.004800000169780105,1.5118000001166365
254,d30_u12,neutral,train,30,12,bc,3,1,1,0,0,0,1,1,0,ok,"{""sentences"": [""I hear you."", ""We can pause here for a moment.""], ""safety"": ""ok""}",1,2176,1.5339999999923748,0.001600000359758269,0.00019999970390927047,0.012000000424450263,0.004600000465870835,1.5574999997625127
255,d30_u13,neutral,train,30,13,bc,3,1,1,0,0,0,1,1,0,ok,"{""sentences"": [""I hear you."", ""We can pause here for a moment.""], ""safety"": ""ok""}",1,2176,1.4322999995783903,0.0017000002117129043,0.00019999970390927047,0.012799999240087345,0.005099999725644011,1.4574999995602411
256,d30_u14,angry,train,30,14,bc,3,1,1,0,0,0,1,1,0,ok,"{""sentences"": [""I hear you."", ""We can pause here for a moment.""], ""safety"": ""ok""}",1,2176,1.4476999995167716,0.0018000000636675395,0.00020000061340397224,0.012600000445672777,0.004800000169780105,1.4724000002388493
257,d31_u0,neutral,train,31,0,bc,3,1,1,0,0,0,1,1,0,ok,"{""sentences"": [""I hear you."", ""We can pause here for a moment.""], ""safety"": ""ok""}",1,2176,1.3833999992129975,0.00199999976757681,0.00019999970390927047,0.013099999705445953,0.004799999260285404,1.4090000004216563
258,d31_u1,neutral,train,31,1,bc,3,1,1,0,0,0,1,1,0,ok,"{""sentences"": [""I hear you."", ""We can pause here for a moment.""], ""safety"": ""ok""}",1,2176,1.4002999996591825,0.0018999999156221747,0.00019999970390927047,0.01300000076298602,0.004900000021734741,1.425800000106392
259,d31_u2,neutral,train,31,2,bc,3,1,1,0,0,0,1,1,0,ok,"{""sentences"": [""I hear you."", ""We can pause here for a moment.""], ""safety"": ""ok""}",1,2176,1.625400000193622,0.00199999976757681,0.0002999995558639057,0.01359999987471383,0.005100000635138713,1.6519000000698725
260,d31_u3,neutral,train,31,3,bc,3,1,1,0,0,0,1,1,0,ok,"{""sentences"": [""I hear you."", ""We can pause here for a moment.""], ""safety"": ""ok""}",1,2176,1.3159000000086962,0.0018999999156221747,0.0002999995558639057,0.012400000741763506,0.004699999408330768,1.3402000004134607
261,d32_u1,neutral,train,32,1,bc,3,1,1,0,0,0,1,1,0,ok,"{""sentences"": [""I hear you."", ""We can pause here for a moment.""], ""safety"": ""ok""}",1,2176,1.5589999993608217,0.0018999999156221747,0.0002999995558639057,0.012999999853491317,0.004900000021734741,1.584700000421435
262,d32_u3,neutral,train,32,3,bc,3,1,1,0,0,0,1,1,0,ok,"{""sentences"": [""I hear you."", ""We can pause here for a moment.""], ""safety"": ""ok""}",1,2176,1.3122000000294065,0.0018000000636675395,0.00030000046535860747,0.012600000445672777,0.00470000031782547,1.3369000007514842
263,d32_u5,neutral,train,32,5,bc,3,1,1,0,0,0,1,1,0,ok,"{""sentences"": [""I hear you."", ""We can pause here for a moment.""], ""safety"": ""ok""}",1,2176,1.5050000001792796,0.0018000000636675395,0.00019999970390927047,0.012999999853491317,0.004800000169780105,1.530300000013085
264,d32_u8,neutral,train,32,8,bc,3,1,1,0,0,0,1,1,0,ok,"{""sentences"": [""I hear you."", ""We can pause here for a moment.""], ""safety"": ""ok""}",1,2176,1.5655999995942693,0.0018000000636675395,0.00020000061340397224,0.012600000445672777,0.004999999873689376,1.5905000000202563
265,d32_u10,happy,train,32,10,bc,3,1,1,0,0,0,1,1,0,ok,"{""sentences"": [""I hear you."", ""We can pause here for a moment.""], ""safety"": ""ok""}",1,2176,1.4513999994960614,0.0018000000636675395,0.00019999970390927047,0.012999999853491317,0.004800000169780105,1.4765999994779122
266,d32_u11,happy,train,32,11,bc,3,1,1,0,0,0,1,1,0,ok,"{""sentences"": [""I hear you."", ""We can pause here for a moment.""], ""safety"": ""ok""}",1,2176,1.4377999996213475,0.002099999619531445,0.0002999995558639057,0.013099999705445953,0.004999999873689376,1.4636000005339156
267,d32_u12,angry,train,32,12,bc,3,1,1,0,0,0,1,1,0,ok,"{""sentences"": [""I hear you."", ""We can pause here for a moment.""], ""safety"": ""ok""}",1,2176,1.623699999981909,0.0018000000636675395,0.00019999970390927047,0.013300000318849925,0.004800000169780105,1.649599999836937
268,d32_u13,angry,train,32,13,bc,3,1,1,0,0,0,1,1,0,ok,"{""sentences"": [""I hear you."", ""We can pause here for a moment.""], ""safety"": ""ok""}",1,2176,1.3143999995008926,0.0017000002117129043,0.00019999970390927047,0.012600000445672777,0.004800000169780105,1.3391000002229703
269,d32_u14,angry,train,32,14,bc,3,1,1,0,0,0,1,1,0,ok,"{""sentences"": [""I hear you."", ""We can pause here for a moment.""], ""safety"": ""ok""}",1,2176,1.3730000000578002,0.0018000000636675395,0.0002999995558639057,0.012700000297627412,0.00470000031782547,1.3976999998703832
270,d32_u15,neutral,train,32,15,bc,3,1,1,0,0,0,1,1,0,ok,"{""sentences"": [""I hear you."", ""We can pause here for a moment.""], ""safety"": ""ok""}",1,2176,1.4486000000033528,0.0018999999156221747,0.00019999970390927047,0.012800000149582047,0.004800000169780105,1.473700000133249
271,d32_u16,neutral,train,32,16,bc,3,1,1,0,0,0,1,1,0,ok,"{""sentences"": [""I hear you."", ""We can pause here for a moment.""], ""safety"": ""ok""}",1,2176,1.4307999999800813,0.0017000002117129043,0.00020000061340397224,0.012700000297627412,0.00470000031782547,1.455599999644619
272,d32_u18,neutral,train,32,18,bc,3,1,1,0,0,0,1,1,0,ok,"{""sentences"": [""I hear you."", ""We can pause here for a moment.""], ""safety"": ""ok""}",1,2176,1.4166999999360996,0.0018999999156221747,0.00020000061340397224,0.01320000046689529,0.004800000169780105,1.442499999939173
273,d33_u1,happy,train,33,1,bc,3,1,1,0,0,0,1,1,0,ok,"{""sentences"": [""I hear you."", ""We can pause here for a moment.""], ""safety"": ""ok""}",1,2176,1.4898999997967621,0.0018000000636675395,0.00019999970390927047,0.012900000001536682,0.004800000169780105,1.515099999778613
274,d33_u2,neutral,train,33,2,bc,3,1,1,0,0,0,1,1,0,ok,"{""sentences"": [""I hear you."", ""We can pause here for a moment.""], ""safety"": ""ok""}",1,2176,1.4948000007279916,0.0018000000636675395,0.00019999970390927047,0.012900000001536682,0.00470000031782547,1.5198000000964385
275,d33_u3,neutral,train,33,3,bc,3,1,1,0,0,0,1,1,0,ok,"{""sentences"": [""I hear you."", ""We can pause here for a moment.""], ""safety"": ""ok""}",1,2176,1.4762000000700937,0.0018000000636675395,0.0002999995558639057,0.012800000149582047,0.004699999408330768,1.501000000644126
276,d33_u5,neutral,train,33,5,bc,3,1,1,0,0,0,1,1,0,ok,"{""sentences"": [""I hear you."", ""We can pause here for a moment.""], ""safety"": ""ok""}",1,2176,1.4860000001135631,0.0018000000636675395,0.00030000046535860747,0.01320000046689529,0.004800000169780105,1.5116999993551872
277,d33_u6,neutral,train,33,6,bc,3,1,1,0,0,0,1,1,0,ok,"{""sentences"": [""I hear you."", ""We can pause here for a moment.""], ""safety"": ""ok""}",1,2176,1.5279999997801497,0.0017000002117129043,0.0002999995558639057,0.012500000593718141,0.004900000021734741,1.552800000354182
278,d33_u7,neutral,train,33,7,bc,3,1,1,0,0,0,1,1,0,ok,"{""sentences"": [""I hear you."", ""We can pause here for a moment.""], ""safety"": ""ok""}",1,2176,1.5251000004354864,0.0018000000636675395,0.0002999995558639057,0.013299999409355223,0.004900000021734741,1.551100000142469
279,d33_u8,happy,train,33,8,bc,3,1,1,0,0,0,1,1,0,ok,"{""sentences"": [""I hear you."", ""We can pause here for a moment.""], ""safety"": ""ok""}",1,2176,1.4633999999205116,0.0018999999156221747,0.00030000046535860747,0.012400000741763506,0.004800000169780105,1.4881999995850492
280,d33_u9,happy,train,33,9,bc,3,1,1,0,0,0,1,1,0,ok,"{""sentences"": [""I hear you."", ""We can pause here for a moment.""], ""safety"": ""ok""}",1,2176,1.4583000001948676,0.0018999999156221747,0.00030000046535860747,0.012800000149582047,0.005000000783184078,1.4837999997325824
281,d33_u10,neutral,train,33,10,bc,3,1,1,0,0,0,1,1,0,ok,"{""sentences"": [""I hear you."", ""We can pause here for a moment.""], ""safety"": ""ok""}",1,2176,1.4840999992884463,0.0017000002117129043,0.00020000061340397224,0.01249999968422344,0.004699999408330768,1.5081999999893014
282,d34_u0,neutral,train,34,0,bc,3,1,1,0,0,0,1,1,0,ok,"{""sentences"": [""I hear you."", ""We can pause here for a moment.""], ""safety"": ""ok""}",1,2176,1.4780000001337612,0.0018000000636675395,0.0002999995558639057,0.028699999347736593,0.004699999408330768,1.5188999996098573
283,d34_u1,neutral,train,34,1,bc,3,1,1,0,0,0,1,1,0,ok,"{""sentences"": [""I hear you."", ""We can pause here for a moment.""], ""safety"": ""ok""}",1,2176,1.410300000316056,0.0017000002117129043,0.00019999970390927047,0.012200000128359534,0.004599999556376133,1.4343000002554618
284,d34_u2,neutral,train,34,2,bc,3,1,1,0,0,0,1,1,0,ok,"{""sentences"": [""I hear you."", ""We can pause here for a moment.""], ""safety"": ""ok""}",1,2176,1.3951000000815839,0.0018000000636675395,0.0002999995558639057,0.012999999853491317,0.004600000465870835,1.4201000003595254
285,d34_u3,happy,train,34,3,bc,3,1,1,0,0,0,1,1,0,ok,"{""sentences"": [""I hear you."", ""We can pause here for a moment.""], ""safety"": ""ok""}",1,2176,1.4138999995338963,0.0018000000636675395,0.00030000046535860747,0.01249999968422344,0.004699999408330768,1.43830000070011
286,d34_u4,neutral,train,34,4,bc,3,1,1,0,0,0,1,1,0,ok,"{""sentences"": [""I hear you."", ""We can pause here for a moment.""], ""safety"": ""ok""}",1,2176,1.4277000000220141,0.0016999993022182025,0.00020000061340397224,0.012700000297627412,0.004600000465870835,1.4524999996865517
287,d34_u5,neutral,train,34,5,bc,3,1,1,0,0,0,1,1,0,ok,"{""sentences"": [""I hear you."", ""We can pause here for a moment.""], ""safety"": ""ok""}",1,2176,1.6205000001718872,0.0017000002117129043,0.00019999970390927047,0.012800000149582047,0.004599999556376133,1.6450999992230209
288,d34_u6,neutral,train,34,6,bc,3,1,1,0,0,0,1,1,0,ok,"{""sentences"": [""I hear you."", ""We can pause here for a moment.""], ""safety"": ""ok""}",1,2176,1.2929000004078262,0.0018000000636675395,0.00030000046535860747,0.012399999832268804,0.004900000021734741,1.3174999994589598
289,d34_u7,neutral,train,34,7,bc,3,1,1,0,0,0,1,1,0,ok,"{""sentences"": [""I hear you."", ""We can pause here for a moment.""], ""safety"": ""ok""}",1,2176,1.522800000202551,0.0018000000636675395,0.00020000061340397224,0.012100000276404899,0.00470000031782547,1.5465999995285529
290,d34_u8,neutral,train,34,8,bc,3,1,1,0,0,0,1,1,0,ok,"{""sentences"": [""I hear you."", ""We can pause here for a moment.""], ""safety"": ""ok""}",1,2176,1.5386999994007056,0.0018000000636675395,0.00019999970390927047,0.012599999536178075,0.004600000465870835,1.5634000001227832
291,d34_u10,neutral,train,34,10,bc,3,1,1,0,0,0,1,1,0,ok,"{""sentences"": [""I hear you."", ""We can pause here for a moment.""], ""safety"": ""ok""}",1,2176,1.530300000013085,0.0017000002117129043,0.00019999970390927047,0.012700000297627412,0.00470000031782547,1.5550000007351628
292,d34_u11,neutral,train,34,11,bc,3,1,1,0,0,0,1,1,0,ok,"{""sentences"": [""I hear you."", ""We can pause here for a moment.""], ""safety"": ""ok""}",1,2176,1.5685999997003819,0.0018999999156221747,0.00019999970390927047,0.012800000149582047,0.005200000487093348,1.593900000443682
293,d34_u12,neutral,train,34,12,bc,3,1,1,0,0,0,1,1,0,ok,"{""sentences"": [""I hear you."", ""We can pause here for a moment.""], ""safety"": ""ok""}",1,2176,1.7477999999755411,0.002100000529026147,0.00019999970390927047,0.014600000213249587,0.005199999577598646,1.7760000000635046
294,d35_u1,happy,train,35,1,bc,3,1,1,0,0,0,1,1,0,ok,"{""sentences"": [""I hear you."", ""We can pause here for a moment.""], ""safety"": ""ok""}",1,2176,1.7024999997374834,0.0018000000636675395,0.00019999970390927047,0.013099999705445953,0.005200000487093348,1.7285000003539608
295,d35_u2,happy,train,35,2,bc,3,1,1,0,0,0,1,1,0,ok,"{""sentences"": [""I hear you."", ""We can pause here for a moment.""], ""safety"": ""ok""}",1,2176,1.7152000000351109,0.0017999991541728377,0.00020000061340397224,0.012900000001536682,0.004900000021734741,1.7402000003130524
296,d35_u3,happy,train,35,3,bc,3,1,1,0,0,0,1,1,0,ok,"{""sentences"": [""I hear you."", ""We can pause here for a moment.""], ""safety"": ""ok""}",1,2176,1.4229000007617287,0.0018000000636675395,0.00019999970390927047,0.012600000445672777,0.009499999578110874,1.4525000005960464
297,d35_u4,happy,train,35,4,bc,3,1,1,0,0,0,1,1,0,ok,"{""sentences"": [""I hear you."", ""We can pause here for a moment.""], ""safety"": ""ok""}",1,2176,1.6122000006362214,0.002100000529026147,0.00030000046535860747,0.013099999705445953,0.004999999873689376,1.6378999998778454
298,d35_u5,happy,train,35,5,bc,3,1,1,0,0,0,1,1,0,ok,"{""sentences"": [""I hear you."", ""We can pause here for a moment.""], ""safety"": ""ok""}",1,2176,1.5560000001642038,0.0018999999156221747,0.00020000061340397224,0.012900000001536682,0.004800000169780105,1.5812999999980093
299,d36_u0,neutral,train,36,0,bc,3,1,1,0,0,0,1,1,0,ok,"{""sentences"": [""I hear you."", ""We can pause here for a moment.""], ""safety"": ""ok""}",1,2176,1.5785000005053007,0.0018999999156221747,0.00020000061340397224,0.012700000297627412,0.00470000031782547,1.6034999998737476
300,d36_u1,neutral,train,36,1,bc,3,1,1,0,0,0,1,1,0,ok,"{""sentences"": [""I hear you."", ""We can pause here for a moment.""], ""safety"": ""ok""}",1,2176,1.269000000320375,0.0018000000636675395,0.00030000046535860747,0.013100000614940654,0.004999999873689376,1.2944999998580897
301,d36_u2,neutral,train,36,2,bc,3,1,1,0,0,0,1,1,0,ok,"{""sentences"": [""I hear you."", ""We can pause here for a moment.""], ""safety"": ""ok""}",1,2176,1.409100000273611,0.0018000000636675395,0.0002999995558639057,0.012900000001536682,0.00470000031782547,1.4342000004035071
302,d36_u3,neutral,train,36,3,bc,3,1,1,0,0,0,1,1,0,ok,"{""sentences"": [""I hear you."", ""We can pause here for a moment.""], ""safety"": ""ok""}",1,2176,1.4205999996192986,0.0016999993022182025,0.00020000061340397224,0.012700000297627412,0.004800000169780105,1.445400000193331
303,d36_u4,sad,train,36,4,bc,3,1,1,0,0,0,1,1,0,ok,"{""sentences"": [""I hear you."", ""We can pause here for a moment.""], ""safety"": ""ok""}",1,2176,1.332400000137568,0.0017000002117129043,0.00019999970390927047,0.012399999832268804,0.004900000021734741,1.3570000000981963
304,d36_u5,sad,train,36,5,bc,3,1,1,0,0,0,1,1,0,ok,"{""sentences"": [""I hear you."", ""We can pause here for a moment.""], ""safety"": ""ok""}",1,2176,1.3161999995645601,0.01720000000204891,0.00020000061340397224,0.012400000741763506,0.004499999704421498,1.3557000002037967
305,d37_u0,neutral,train,37,0,bc,3,1,1,0,0,0,1,1,0,ok,"{""sentences"": [""I hear you."", ""We can pause here for a moment.""], ""safety"": ""ok""}",1,2176,1.39480000052572,0.0017000002117129043,0.00019999970390927047,0.027799999770650174,0.004599999556376133,1.4346999996632803
306,d37_u1,happy,train,37,1,bc,3,1,1,0,0,0,1,1,0,ok,"{""sentences"": [""I hear you."", ""We can pause here for a moment.""], ""safety"": ""ok""}",1,2176,1.411500000358501,0.0017000002117129043,0.00019999970390927047,0.012599999536178075,0.00470000031782547,1.4361999992615893
307,d37_u2,happy,train,37,2,bc,3,1,1,0,0,0,1,1,0,ok,"{""sentences"": [""I hear you."", ""We can pause here for a moment.""], ""safety"": ""ok""}",1,2176,1.435700000001816,0.0018000000636675395,0.00019999970390927047,0.012700000297627412,0.00470000031782547,1.4602999999624444
308,d38_u0,angry,train,38,0,bc,3,1,1,0,0,0,1,1,0,ok,"{""sentences"": [""I hear you."", ""We can pause here for a moment.""], ""safety"": ""ok""}",1,2176,1.4494000006379792,0.0017000002117129043,0.00030000046535860747,0.012400000741763506,0.004999999873689376,1.4740999995410675
309,d38_u1,neutral,train,38,1,bc,3,1,1,0,0,0,1,1,0,ok,"{""sentences"": [""I hear you."", ""We can pause here for a moment.""], ""safety"": ""ok""}",1,2176,1.489199999923585,0.0017000002117129043,0.00019999970390927047,0.012800000149582047,0.004800000169780105,1.5143000000534812
310,d38_u2,happy,train,38,2,bc,3,1,1,0,0,0,1,1,0,ok,"{""sentences"": [""I hear you."", ""We can pause here for a moment.""], ""safety"": ""ok""}",1,2176,1.473700000133249,0.0018000000636675395,0.00020000061340397224,0.012200000128359534,0.004600000465870835,1.4974999994592508
311,d38_u3,neutral,train,38,3,bc,3,1,1,0,0,0,1,1,0,ok,"{""sentences"": [""I hear you."", ""We can pause here for a moment.""], ""safety"": ""ok""}",1,2176,1.5444999999090214,0.0018000000636675395,0.00019999970390927047,0.012400000741763506,0.004599999556376133,1.5689000001657405
312,d38_u5,neutral,train,38,5,bc,3,1,1,0,0,0,1,1,0,ok,"{""sentences"": [""I hear you."", ""We can pause here for a moment.""], ""safety"": ""ok""}",1,2176,1.5892999999778112,0.01630000042496249,0.00019999970390927047,0.03639999977167463,0.0054000001910026185,1.6532999998162268
313,d38_u6,angry,train,38,6,bc,3,1,1,0,0,0,1,1,0,ok,"{""sentences"": [""I hear you."", ""We can pause here for a moment.""], ""safety"": ""ok""}",1,2176,1.5452999996341532,0.0017000002117129043,0.00020000061340397224,0.012800000149582047,0.00470000031782547,1.5701000002081855
314,d39_u0,angry,train,39,0,bc,3,1,1,0,0,0,1,1,0,ok,"{""sentences"": [""I hear you."", ""We can pause here for a moment.""], ""safety"": ""ok""}",1,2176,1.462300000639516,0.0018000000636675395,0.00020000061340397224,0.013100000614940654,0.004800000169780105,1.487700000325276
315,d39_u1,angry,train,39,1,bc,3,1,1,0,0,0,1,1,0,ok,"{""sentences"": [""I hear you."", ""We can pause here for a moment.""], ""safety"": ""ok""}",1,2176,1.3990000006742775,0.0018000000636675395,0.00030000046535860747,0.012799999240087345,0.004699999408330768,1.4236999995773658
316,d39_u3,angry,train,39,3,bc,3,1,1,0,0,0,1,1,0,ok,"{""sentences"": [""I hear you."", ""We can pause here for a moment.""], ""safety"": ""ok""}",1,2176,1.3845999992554425,0.0017000002117129043,0.00030000046535860747,0.012399999832268804,0.00470000031782547,1.4089000005697017
317,d39_u4,angry,train,39,4,bc,3,1,1,0,0,0,1,1,0,ok,"{""sentences"": [""I hear you."", ""We can pause here for a moment.""], ""safety"": ""ok""}",1,2176,1.359200000479177,0.0018000000636675395,0.0002999995558639057,0.012900000001536682,0.00470000031782547,1.384199999847624
318,d39_u5,angry,train,39,5,bc,3,1,1,0,0,0,1,1,0,ok,"{""sentences"": [""I hear you."", ""We can pause here for a moment.""], ""safety"": ""ok""}",1,2176,1.3607999999294407,0.0017999991541728377,0.00019999970390927047,0.01249999968422344,0.004599999556376133,1.3850999994247104
319,d39_u6,angry,train,39,6,bc,3,1,1,0,0,0,1,1,0,ok,"{""sentences"": [""I hear you."", ""We can pause here for a moment.""], ""safety"": ""ok""}",1,2176,1.4073000002099434,0.0016999993022182025,0.00019999970390927047,0.01249999968422344,0.004799999260285404,1.4319000001705717
320,d39_u7,happy,train,39,7,bc,3,1,1,0,0,0,1,1,0,ok,"{""sentences"": [""I hear you."", ""We can pause here for a moment.""], ""safety"": ""ok""}",1,2176,1.4375999999174383,0.0018000000636675395,0.00020000061340397224,0.012200000128359534,0.0045000006139162,1.4614000001529348
321,d39_u8,neutral,train,39,8,bc,3,1,1,0,0,0,1,1,0,ok,"{""sentences"": [""I hear you."", ""We can pause here for a moment.""], ""safety"": ""ok""}",1,2176,1.469599999836646,0.001600000359758269,0.00019999970390927047,0.01249999968422344,0.004600000465870835,1.4941999997972744
322,d39_u9,neutral,train,39,9,bc,3,1,1,0,0,0,1,1,0,ok,"{""sentences"": [""I hear you."", ""We can pause here for a moment.""], ""safety"": ""ok""}",1,2176,1.4547999999194872,0.0018000000636675395,0.00019999970390927047,0.012600000445672777,0.004699999408330768,1.4793000000281609
323,d39_u11,neutral,train,39,11,bc,3,1,1,0,0,0,1,1,0,ok,"{""sentences"": [""I hear you."", ""We can pause here for a moment.""], ""safety"": ""ok""}",1,2176,1.5069000000949018,0.0018000000636675395,0.0002999995558639057,0.012800000149582047,0.004900000021734741,1.5319000003728434
324,d39_u12,neutral,train,39,12,bc,3,1,1,0,0,0,1,1,0,ok,"{""sentences"": [""I hear you."", ""We can pause here for a moment.""], ""safety"": ""ok""}",1,2176,1.5083999996932107,0.0018000000636675395,0.00020000061340397224,0.012900000001536682,0.005200000487093348,1.5338000002884655
325,d39_u13,neutral,train,39,13,bc,3,1,1,0,0,0,1,1,0,ok,"{""sentences"": [""I hear you."", ""We can pause here for a moment.""], ""safety"": ""ok""}",1,2176,1.3790000002700253,0.0018000000636675395,0.00030000046535860747,0.012900000001536682,0.004899999112240039,1.4046000005691894
326,d39_u14,neutral,train,39,14,bc,3,1,1,0,0,0,1,1,0,ok,"{""sentences"": [""I hear you."", ""We can pause here for a moment.""], ""safety"": ""ok""}",1,2176,1.3840000001437147,0.0018000000636675395,0.00020000061340397224,0.012400000741763506,0.004699999408330768,1.4083000005484791
327,d39_u15,angry,train,39,15,bc,3,1,1,0,0,0,1,1,0,ok,"{""sentences"": [""I hear you."", ""We can pause here for a moment.""], ""safety"": ""ok""}",1,2176,1.3973999994050246,0.0018000000636675395,0.00019999970390927047,0.012599999536178075,0.004699999408330768,1.4221000001271022
328,d39_u16,angry,train,39,16,bc,3,1,1,0,0,0,1,1,0,ok,"{""sentences"": [""I hear you."", ""We can pause here for a moment.""], ""safety"": ""ok""}",1,2176,1.36339999971824,0.001600000359758269,0.00020000061340397224,0.011900000572495628,0.004599999556376133,1.3866999997844687
329,d39_u17,angry,train,39,17,bc,3,1,1,0,0,0,1,1,0,ok,"{""sentences"": [""I hear you."", ""We can pause here for a moment.""], ""safety"": ""ok""}",1,2176,1.3682999997399747,0.0016999993022182025,0.00030000046535860747,0.012800000149582047,0.004800000169780105,1.3932000001659617
330,d39_u18,angry,train,39,18,bc,3,1,1,0,0,0,1,1,0,ok,"{""sentences"": [""I hear you."", ""We can pause here for a moment.""], ""safety"": ""ok""}",1,2176,1.4006999999764957,0.0017000002117129043,0.0002999995558639057,0.01269999938813271,0.004900000021734741,1.425299999937124
331,d40_u0,angry,train,40,0,bc,3,1,1,0,0,0,1,1,0,ok,"{""sentences"": [""I hear you."", ""We can pause here for a moment.""], ""safety"": ""ok""}",1,2176,1.4104000001680106,0.0018000000636675395,0.00019999970390927047,0.012999999853491317,0.004900000021734741,1.4353999995364575
332,d40_u1,angry,train,40,1,bc,3,1,1,0,0,0,1,1,0,ok,"{""sentences"": [""I hear you."", ""We can pause here for a moment.""], ""safety"": ""ok""}",1,2176,1.41299999995681,0.0017000002117129043,0.00030000046535860747,0.012700000297627412,0.004600000465870835,1.4375999999174383
333,d40_u2,neutral,train,40,2,bc,3,1,1,0,0,0,1,1,0,ok,"{""sentences"": [""I hear you."", ""We can pause here for a moment.""], ""safety"": ""ok""}",1,2176,1.3460000000122818,0.0018000000636675395,0.00020000061340397224,0.012600000445672777,0.004800000169780105,1.370899999528774
334,d40_u3,neutral,train,40,3,bc,3,1,1,0,0,0,1,1,0,ok,"{""sentences"": [""I hear you."", ""We can pause here for a moment.""], ""safety"": ""ok""}",1,2176,1.3773000000583124,0.00199999976757681,0.00020000061340397224,0.013800000488117803,0.005099999725644011,1.4246999999159016
335,d40_u4,neutral,train,40,4,bc,3,1,1,0,0,0,1,1,0,ok,"{""sentences"": [""I hear you."", ""We can pause here for a moment.""], ""safety"": ""ok""}",1,2176,1.4672999996037106,0.0018000000636675395,0.00020000061340397224,0.012799999240087345,0.004699999408330768,1.4924000006431015
336,d40_u5,neutral,train,40,5,bc,3,1,1,0,0,0,1,1,0,ok,"{""sentences"": [""I hear you."", ""We can pause here for a moment.""], ""safety"": ""ok""}",1,2176,1.4123000000836328,0.0018000000636675395,0.00030000046535860747,0.012800000149582047,0.00470000031782547,1.4375000000654836
337,d40_u6,happy,train,40,6,bc,3,1,1,0,0,0,1,1,0,ok,"{""sentences"": [""I hear you."", ""We can pause here for a moment.""], ""safety"": ""ok""}",1,2176,1.408899999660207,0.0018000000636675395,0.00019999970390927047,0.012799999240087345,0.004699999408330768,1.43359999947279
338,d40_u7,neutral,train,40,7,bc,3,1,1,0,0,0,1,1,0,ok,"{""sentences"": [""I hear you."", ""We can pause here for a moment.""], ""safety"": ""ok""}",1,2176,1.3942999994469574,0.0015999994502635673,0.00019999970390927047,0.01249999968422344,0.004799999260285404,1.4187000006131711
339,d40_u10,neutral,train,40,10,bc,3,1,1,0,0,0,1,1,0,ok,"{""sentences"": [""I hear you."", ""We can pause here for a moment.""], ""safety"": ""ok""}",1,2176,1.4237999994293205,0.0018000000636675395,0.00020000061340397224,0.028199999178468715,0.004699999408330768,1.4640999997936888
340,d40_u12,happy,train,40,12,bc,3,1,1,0,0,0,1,1,0,ok,"{""sentences"": [""I hear you."", ""We can pause here for a moment.""], ""safety"": ""ok""}",1,2176,1.444699999410659,0.0017000002117129043,0.00019999970390927047,0.012100000276404899,0.00470000031782547,1.468399999794201
341,d40_u13,sad,train,40,13,bc,3,1,1,0,0,0,1,1,0,ok,"{""sentences"": [""I hear you."", ""We can pause here for a moment.""], ""safety"": ""ok""}",1,2176,1.7179999995278195,0.0018000000636675395,0.00019999970390927047,0.012599999536178075,0.004499999704421498,1.7425999994884478
342,d40_u14,sad,train,40,14,bc,3,1,1,0,0,0,1,1,0,ok,"{""sentences"": [""I hear you."", ""We can pause here for a moment.""], ""safety"": ""ok""}",1,2176,1.410399999258516,0.0016999993022182025,0.0002999995558639057,0.02700000004551839,0.004600000465870835,1.449000000320666
343,d41_u0,sad,train,41,0,bc,3,1,1,0,0,0,1,1,0,ok,"{""sentences"": [""I hear you."", ""We can pause here for a moment.""], ""safety"": ""ok""}",1,2176,1.5940000002956367,0.0017000002117129043,0.0002999995558639057,0.012299999980314169,0.00470000031782547,1.6180000002350425
344,d41_u2,neutral,train,41,2,bc,3,1,1,0,0,0,1,1,0,ok,"{""sentences"": [""I hear you."", ""We can pause here for a moment.""], ""safety"": ""ok""}",1,2176,1.3012999997954466,0.0017000002117129043,0.0002999995558639057,0.012900000001536682,0.004800000169780105,1.3265999996292521
345,d41_u3,neutral,train,41,3,bc,3,1,1,0,0,0,1,1,0,ok,"{""sentences"": [""I hear you."", ""We can pause here for a moment.""], ""safety"": ""ok""}",1,2176,1.5273999997589272,0.0016999993022182025,0.00019999970390927047,0.012399999832268804,0.004399999852466863,1.5514000006078277
346,d41_u4,neutral,train,41,4,bc,3,1,1,0,0,0,1,1,0,ok,"{""sentences"": [""I hear you."", ""We can pause here for a moment.""], ""safety"": ""ok""}",1,2176,1.5227000003505964,0.0017000002117129043,0.0002999995558639057,0.012599999536178075,0.004900000021734741,1.5474000001631794
347,d41_u6,neutral,train,41,6,bc,3,1,1,0,0,0,1,1,0,ok,"{""sentences"": [""I hear you."", ""We can pause here for a moment.""], ""safety"": ""ok""}",1,2176,1.6245999995589955,0.0018000000636675395,0.0002999995558639057,0.028700000257231295,0.004599999556376133,1.6654000000926317
348,d41_u7,neutral,train,41,7,bc,3,1,1,0,0,0,1,1,0,ok,"{""sentences"": [""I hear you."", ""We can pause here for a moment.""], ""safety"": ""ok""}",1,2176,1.3232999999672757,0.0017000002117129043,0.00020000061340397224,0.012399999832268804,0.004599999556376133,1.3471000002027722
349,d41_u8,neutral,train,41,8,bc,3,1,1,0,0,0,1,1,0,ok,"{""sentences"": [""I hear you."", ""We can pause here for a moment.""], ""safety"": ""ok""}",1,2176,1.4148000000204775,0.001600000359758269,0.00020000061340397224,0.012500000593718141,0.004599999556376133,1.4390000005732873
350,d41_u9,neutral,train,41,9,bc,3,1,1,0,0,0,1,1,0,ok,"{""sentences"": [""I hear you."", ""We can pause here for a moment.""], ""safety"": ""ok""}",1,2176,1.475199999731558,0.0018000000636675395,0.00019999970390927047,0.012800000149582047,0.004599999556376133,1.4999999993960955
351,d41_u10,neutral,train,41,10,bc,3,1,1,0,0,0,1,1,0,ok,"{""sentences"": [""I hear you."", ""We can pause here for a moment.""], ""safety"": ""ok""}",1,2176,1.461599999856844,0.0018000000636675395,0.00019999970390927047,0.012700000297627412,0.004699999408330768,1.4864000004308764
352,d41_u11,neutral,train,41,11,bc,3,1,1,0,0,0,1,1,0,ok,"{""sentences"": [""I hear you."", ""We can pause here for a moment.""], ""safety"": ""ok""}",1,2176,1.4363000000230386,0.0018999999156221747,0.00019999970390927047,0.012700000297627412,0.004900000021734741,1.4614000001529348
353,d41_u13,neutral,train,41,13,bc,3,1,1,0,0,0,1,1,0,ok,"{""sentences"": [""I hear you."", ""We can pause here for a moment.""], ""safety"": ""ok""}",1,2176,1.3484000000971719,0.0017000002117129043,0.00019999970390927047,0.012399999832268804,0.0045000006139162,1.3724000000365777
354,d42_u0,neutral,train,42,0,bc,3,1,1,0,0,0,1,1,0,ok,"{""sentences"": [""I hear you."", ""We can pause here for a moment.""], ""safety"": ""ok""}",1,2176,1.345499999843014,0.0018999999156221747,0.0002999995558639057,0.01300000076298602,0.004800000169780105,1.3707999996768194
355,d43_u0,neutral,train,43,0,bc,3,1,1,0,0,0,1,1,0,ok,"{""sentences"": [""I hear you."", ""We can pause here for a moment.""], ""safety"": ""ok""}",1,2176,1.452900000003865,0.0015999994502635673,0.00019999970390927047,0.012399999832268804,0.004699999408330768,1.47709999964718
356,d43_u1,neutral,train,43,1,bc,3,1,1,0,0,0,1,1,0,ok,"{""sentences"": [""I hear you."", ""We can pause here for a moment.""], ""safety"": ""ok""}",1,2176,1.4520999993692385,0.0018000000636675395,0.00019999970390927047,0.012700000297627412,0.004900000021734741,1.4767000002393615
357,d43_u2,neutral,train,43,2,bc,3,1,1,0,0,0,1,1,0,ok,"{""sentences"": [""I hear you."", ""We can pause here for a moment.""], ""safety"": ""ok""}",1,2176,1.3993999991726014,0.0017000002117129043,0.00020000061340397224,0.012399999832268804,0.004699999408330768,1.4234999998734565
358,d43_u3,neutral,train,43,3,bc,3,1,1,0,0,0,1,1,0,ok,"{""sentences"": [""I hear you."", ""We can pause here for a moment.""], ""safety"": ""ok""}",1,2176,1.405999999406049,0.0018000000636675395,0.00019999970390927047,0.012900000001536682,0.004900000021734741,1.4314000000013039
359,d43_u4,neutral,train,43,4,bc,3,1,1,0,0,0,1,1,0,ok,"{""sentences"": [""I hear you."", ""We can pause here for a moment.""], ""safety"": ""ok""}",1,2176,1.3757999995505088,0.001600000359758269,0.0002999995558639057,0.012200000128359534,0.00470000031782547,1.3995999997860054
360,d43_u5,neutral,train,43,5,bc,3,1,1,0,0,0,1,1,0,ok,"{""sentences"": [""I hear you."", ""We can pause here for a moment.""], ""safety"": ""ok""}",1,2176,1.3738000006924267,0.0018000000636675395,0.00019999970390927047,0.012900000001536682,0.004900000021734741,1.3990999996167375
361,d43_u6,neutral,train,43,6,bc,3,1,1,0,0,0,1,1,0,ok,"{""sentences"": [""I hear you."", ""We can pause here for a moment.""], ""safety"": ""ok""}",1,2176,1.3959999996586703,0.0017000002117129043,0.00020000061340397224,0.012399999832268804,0.00470000031782547,1.42029999915394
362,d44_u0,neutral,train,44,0,bc,3,1,1,0,0,0,1,1,0,ok,"{""sentences"": [""I hear you."", ""We can pause here for a moment.""], ""safety"": ""ok""}",1,2176,1.3950000002296292,0.0018999999156221747,0.00019999970390927047,0.012900000001536682,0.004800000169780105,1.4203999999153893
363,d44_u2,neutral,train,44,2,bc,3,1,1,0,0,0,1,1,0,ok,"{""sentences"": [""I hear you."", ""We can pause here for a moment.""], ""safety"": ""ok""}",1,2176,1.4319000001705717,0.0015999994502635673,0.00019999970390927047,0.01249999968422344,0.004900000021734741,1.456299999517796
364,d45_u0,sad,train,45,0,bc,3,1,1,0,0,0,1,1,0,ok,"{""sentences"": [""I hear you."", ""We can pause here for a moment.""], ""safety"": ""ok""}",1,2176,1.427999999577878,0.0018999999156221747,0.0002999995558639057,0.013099999705445953,0.004800000169780105,1.4533999992636382
365,d45_u2,neutral,train,45,2,bc,3,1,1,0,0,0,1,1,0,ok,"{""sentences"": [""I hear you."", ""We can pause here for a moment.""], ""safety"": ""ok""}",1,2176,1.3976000000184285,0.0018000000636675395,0.00030000046535860747,0.012700000297627412,0.00470000031782547,1.4222999998310115
366,d45_u3,angry,train,45,3,bc,3,1,1,0,0,0,1,1,0,ok,"{""sentences"": [""I hear you."", ""We can pause here for a moment.""], ""safety"": ""ok""}",1,2176,1.3976000000184285,0.0018000000636675395,0.00019999970390927047,0.012800000149582047,0.004800000169780105,1.4228000000002794
367,d45_u4,neutral,train,45,4,bc,3,1,1,0,0,0,1,1,0,ok,"{""sentences"": [""I hear you."", ""We can pause here for a moment.""], ""safety"": ""ok""}",1,2176,1.462799999899289,0.0017000002117129043,0.00020000061340397224,0.012299999980314169,0.004699999408330768,1.4868999996906496
368,d46_u0,happy,train,46,0,bc,3,1,1,0,0,0,1,1,0,ok,"{""sentences"": [""I hear you."", ""We can pause here for a moment.""], ""safety"": ""ok""}",1,2176,1.4608000001317123,0.0018000000636675395,0.00019999970390927047,0.013100000614940654,0.004800000169780105,1.486299999669427
369,d46_u2,angry,train,46,2,bc,3,1,1,0,0,0,1,1,0,ok,"{""sentences"": [""I hear you."", ""We can pause here for a moment.""], ""safety"": ""ok""}",1,2176,1.4845999994577141,0.0018000000636675395,0.00020000061340397224,0.012600000445672777,0.004499999704421498,1.5091000004758826
370,d46_u4,neutral,train,46,4,bc,3,1,1,0,0,0,1,1,0,ok,"{""sentences"": [""I hear you."", ""We can pause here for a moment.""], ""safety"": ""ok""}",1,2176,1.499599999988277,0.0018000000636675395,0.00020000061340397224,0.012800000149582047,0.004600000465870835,1.5243999996528146
371,d46_u5,neutral,train,46,5,bc,3,1,1,0,0,0,1,1,0,ok,"{""sentences"": [""I hear you."", ""We can pause here for a moment.""], ""safety"": ""ok""}",1,2176,1.6209999994316604,0.0018000000636675395,0.00030000046535860747,0.01269999938813271,0.004699999408330768,1.6460000006190967
372,d46_u6,angry,train,46,6,bc,3,1,1,0,0,0,1,1,0,ok,"{""sentences"": [""I hear you."", ""We can pause here for a moment.""], ""safety"": ""ok""}",1,2176,1.2971999994988437,0.0018000000636675395,0.00019999970390927047,0.01249999968422344,0.00470000031782547,1.3214000000516535
373,d46_u8,happy,train,46,8,bc,3,1,1,0,0,0,1,1,0,ok,"{""sentences"": [""I hear you."", ""We can pause here for a moment.""], ""safety"": ""ok""}",1,2176,1.5786000003572553,0.0018999999156221747,0.00020000061340397224,0.013100000614940654,0.00470000031782547,1.6039000001910608
374,d46_u9,happy,train,46,9,bc,3,1,1,0,0,0,1,1,0,ok,"{""sentences"": [""I hear you."", ""We can pause here for a moment.""], ""safety"": ""ok""}",1,2176,1.3339000006453716,0.0018000000636675395,0.0002999995558639057,0.012399999832268804,0.00470000031782547,1.358299999992596
375,d46_u10,neutral,train,46,10,bc,3,1,1,0,0,0,1,1,0,ok,"{""sentences"": [""I hear you."", ""We can pause here for a moment.""], ""safety"": ""ok""}",1,2176,1.4246999999159016,0.0016999993022182025,0.00020000061340397224,0.012500000593718141,0.004699999408330768,1.4489999994111713
376,d46_u12,happy,train,46,12,bc,3,1,1,0,0,0,1,1,0,ok,"{""sentences"": [""I hear you."", ""We can pause here for a moment.""], ""safety"": ""ok""}",1,2176,1.4244999993024976,0.0018000000636675395,0.00019999970390927047,0.01269999938813271,0.004699999408330768,1.44929999987653
377,d46_u14,happy,train,46,14,bc,3,1,1,0,0,0,1,1,0,ok,"{""sentences"": [""I hear you."", ""We can pause here for a moment.""], ""safety"": ""ok""}",1,2176,1.5622000000803382,0.0017000002117129043,0.00020000061340397224,0.012399999832268804,0.004599999556376133,1.5860999992582947
378,d47_u0,neutral,train,47,0,bc,3,1,1,0,0,0,1,1,0,ok,"{""sentences"": [""I hear you."", ""We can pause here for a moment.""], ""safety"": ""ok""}",1,2176,1.2745999993057922,0.0018000000636675395,0.0002999995558639057,0.012999999853491317,0.004800000169780105,1.299700000345183
379,d47_u1,neutral,train,47,1,bc,3,1,1,0,0,0,1,1,0,ok,"{""sentences"": [""I hear you."", ""We can pause here for a moment.""], ""safety"": ""ok""}",1,2176,1.5026000000943895,0.0018000000636675395,0.00019999970390927047,0.012500000593718141,0.004599999556376133,1.52669999988575
380,d47_u2,neutral,train,47,2,bc,3,1,1,0,0,0,1,1,0,ok,"{""sentences"": [""I hear you."", ""We can pause here for a moment.""], ""safety"": ""ok""}",1,2176,1.4760000003661844,0.0017000002117129043,0.00020000061340397224,0.012700000297627412,0.00470000031782547,1.5007000001787674
381,d47_u3,neutral,train,47,3,bc,3,1,1,0,0,0,1,1,0,ok,"{""sentences"": [""I hear you."", ""We can pause here for a moment.""], ""safety"": ""ok""}",1,2176,1.4799000000493834,0.0018000000636675395,0.00019999970390927047,0.012600000445672777,0.004800000169780105,1.504699999713921
382,d47_u4,neutral,train,47,4,bc,3,1,1,0,0,0,1,1,0,ok,"{""sentences"": [""I hear you."", ""We can pause here for a moment.""], ""safety"": ""ok""}",1,2176,1.5289000002667308,0.0018000000636675395,0.00019999970390927047,0.012700000297627412,0.004699999408330768,1.553599999169819
383,d47_u5,neutral,train,47,5,bc,3,1,1,0,0,0,1,1,0,ok,"{""sentences"": [""I hear you."", ""We can pause here for a moment.""], ""safety"": ""ok""}",1,2176,1.4257000002544373,0.0018000000636675395,0.00019999970390927047,0.012800000149582047,0.00470000031782547,1.450499999918975
384,d47_u6,neutral,train,47,6,bc,3,1,1,0,0,0,1,1,0,ok,"{""sentences"": [""I hear you."", ""We can pause here for a moment.""], ""safety"": ""ok""}",1,2176,1.4244000003600377,0.0016999993022182025,0.0002999995558639057,0.01249999968422344,0.004900000021734741,1.4489000004687114
385,d47_u7,happy,train,47,7,bc,3,1,1,0,0,0,1,1,0,ok,"{""sentences"": [""I hear you."", ""We can pause here for a moment.""], ""safety"": ""ok""}",1,2176,1.4375999999174383,0.0018000000636675395,0.00020000061340397224,0.012600000445672777,0.004800000169780105,1.4622999997300212
386,d47_u8,neutral,train,47,8,bc,3,1,1,0,0,0,1,1,0,ok,"{""sentences"": [""I hear you."", ""We can pause here for a moment.""], ""safety"": ""ok""}",1,2176,1.4393000001291512,0.0017000002117129043,0.00019999970390927047,0.012399999832268804,0.004800000169780105,1.4635999996244209
387,d47_u9,neutral,train,47,9,bc,3,1,1,0,0,0,1,1,0,ok,"{""sentences"": [""I hear you."", ""We can pause here for a moment.""], ""safety"": ""ok""}",1,2176,1.5841000004002126,0.0018000000636675395,0.00020000061340397224,0.013100000614940654,0.004900000021734741,1.6095999999379274
388,d47_u12,neutral,train,47,12,bc,3,1,1,0,0,0,1,1,0,ok,"{""sentences"": [""I hear you."", ""We can pause here for a moment.""], ""safety"": ""ok""}",1,2176,1.2815000000045984,0.0017000002117129043,0.00019999970390927047,0.012299999980314169,0.00470000031782547,1.3055999997959589
389,d47_u14,neutral,train,47,14,bc,3,1,1,0,0,0,1,1,0,ok,"{""sentences"": [""I hear you."", ""We can pause here for a moment.""], ""safety"": ""ok""}",1,2176,1.5906999997241655,0.0017000002117129043,0.00020000061340397224,0.012700000297627412,0.004900000021734741,1.6152999996847939
390,d47_u15,happy,train,47,15,bc,3,1,1,0,0,0,1,1,0,ok,"{""sentences"": [""I hear you."", ""We can pause here for a moment.""], ""safety"": ""ok""}",1,2176,1.2845999999626656,0.0018000000636675395,0.00020000061340397224,0.012700000297627412,0.00470000031782547,1.309199999923294
391,d47_u16,happy,train,47,16,bc,3,1,1,0,0,0,1,1,0,ok,"{""sentences"": [""I hear you."", ""We can pause here for a moment.""], ""safety"": ""ok""}",1,2176,1.3958999998067156,0.0018000000636675395,0.00019999970390927047,0.012999999853491317,0.004900000021734741,1.4212999994924758
392,d47_u17,neutral,train,47,17,bc,3,1,1,0,0,0,1,1,0,ok,"{""sentences"": [""I hear you."", ""We can pause here for a moment.""], ""safety"": ""ok""}",1,2176,1.3787000007141614,0.0017000002117129043,0.00030000046535860747,0.012100000276404899,0.004800000169780105,1.4025000000401633
393,d48_u0,neutral,train,48,0,bc,3,1,1,0,0,0,1,1,0,ok,"{""sentences"": [""I hear you."", ""We can pause here for a moment.""], ""safety"": ""ok""}",1,2176,1.432399999430345,0.0017000002117129043,0.00019999970390927047,0.01269999938813271,0.004900000021734741,1.4573000007658266
394,d49_u0,neutral,train,49,0,bc,3,1,1,0,0,0,1,1,0,ok,"{""sentences"": [""I hear you."", ""We can pause here for a moment.""], ""safety"": ""ok""}",1,2176,1.4329999994515674,0.0015999994502635673,0.00019999970390927047,0.01249999968422344,0.004799999260285404,1.4572000000043772
395,d49_u1,neutral,train,49,1,bc,3,1,1,0,0,0,1,1,0,ok,"{""sentences"": [""I hear you."", ""We can pause here for a moment.""], ""safety"": ""ok""}",1,2176,1.5510999992329744,0.0017000002117129043,0.00019999970390927047,0.012999999853491317,0.005099999725644011,1.5766000005896785
396,d49_u2,angry,train,49,2,bc,3,1,1,0,0,0,1,1,0,ok,"{""sentences"": [""I hear you."", ""We can pause here for a moment.""], ""safety"": ""ok""}",1,2176,1.2772999998560408,0.0017000002117129043,0.00019999970390927047,0.01249999968422344,0.004600000465870835,1.301400000556896
397,d49_u3,happy,train,49,3,bc,3,1,1,0,0,0,1,1,0,ok,"{""sentences"": [""I hear you."", ""We can pause here for a moment.""], ""safety"": ""ok""}",1,2176,1.525499999843305,0.0015999994502635673,0.00019999970390927047,0.012399999832268804,0.00470000031782547,1.5493000000788015
398,d49_u5,neutral,train,49,5,bc,3,1,1,0,0,0,1,1,0,ok,"{""sentences"": [""I hear you."", ""We can pause here for a moment.""], ""safety"": ""ok""}",1,2176,1.2436999995770748,0.0018000000636675395,0.00019999970390927047,0.012999999853491317,0.005099999725644011,1.2692000000242842
399,d49_u6,neutral,train,49,6,bc,3,1,1,0,0,0,1,1,0,ok,"{""sentences"": [""I hear you."", ""We can pause here for a moment.""], ""safety"": ""ok""}",1,2176,1.7594000000826782,0.0018999999156221747,0.00019999970390927047,0.013199999557400588,0.004999999873689376,1.7856000004030648
400,d49_u7,neutral,train,49,7,bc,3,1,1,0,0,0,1,1,0,ok,"{""sentences"": [""I hear you."", ""We can pause here for a moment.""], ""safety"": ""ok""}",1,2176,1.7118999994636397,0.0016999993022182025,0.0002999995558639057,0.01340000017080456,0.004600000465870835,1.7371000003549852
401,d49_u8,neutral,train,49,8,bc,3,1,1,0,0,0,1,1,0,ok,"{""sentences"": [""I hear you."", ""We can pause here for a moment.""], ""safety"": ""ok""}",1,2176,1.6335999998773332,0.0018000000636675395,0.00020000061340397224,0.013099999705445953,0.004900000021734741,1.659000000472588
402,d49_u9,happy,train,49,9,bc,3,1,1,0,0,0,1,1,0,ok,"{""sentences"": [""I hear you."", ""We can pause here for a moment.""], ""safety"": ""ok""}",1,2176,1.4050999998289626,0.0018999999156221747,0.00019999970390927047,0.012999999853491317,0.005099999725644011,1.430800000889576
403,d49_u10,neutral,train,49,10,bc,3,1,1,0,0,0,1,1,0,ok,"{""sentences"": [""I hear you."", ""We can pause here for a moment.""], ""safety"": ""ok""}",1,2176,1.5405000003738678,0.0017000002117129043,0.00020000061340397224,0.012400000741763506,0.004599999556376133,1.5645000003132736
404,d49_u11,neutral,train,49,11,bc,3,1,1,0,0,0,1,1,0,ok,"{""sentences"": [""I hear you."", ""We can pause here for a moment.""], ""safety"": ""ok""}",1,2176,1.2442000006558374,0.0018000000636675395,0.00019999970390927047,0.012900000001536682,0.004900000021734741,1.2692999998762389
405,d49_u12,sad,train,49,12,bc,3,1,1,0,0,0,1,1,0,ok,"{""sentences"": [""I hear you."", ""We can pause here for a moment.""], ""safety"": ""ok""}",1,2176,1.4161999997668318,0.0018000000636675395,0.00019999970390927047,0.012999999853491317,0.004900000021734741,1.4414999996006372
406,d49_u14,neutral,train,49,14,bc,3,1,1,0,0,0,1,1,0,ok,"{""sentences"": [""I hear you."", ""We can pause here for a moment.""], ""safety"": ""ok""}",1,2176,1.4184999999997672,0.0017000002117129043,0.00020000061340397224,0.012600000445672777,0.004800000169780105,1.4429000002564862
407,d49_u16,neutral,train,49,16,bc,3,1,1,0,0,0,1,1,0,ok,"{""sentences"": [""I hear you."", ""We can pause here for a moment.""], ""safety"": ""ok""}",1,2176,1.3617999993584817,0.0018000000636675395,0.0002999995558639057,0.012999999853491317,0.00470000031782547,1.3870000002498273
408,d49_u17,neutral,train,49,17,bc,3,1,1,0,0,0,1,1,0,ok,"{""sentences"": [""I hear you."", ""We can pause here for a moment.""], ""safety"": ""ok""}",1,2176,1.3629000004584668,0.0017000002117129043,0.0002999995558639057,0.01249999968422344,0.00470000031782547,1.3872999998056912
409,d49_u19,neutral,train,49,19,bc,3,1,1,0,0,0,1,1,0,ok,"{""sentences"": [""I hear you."", ""We can pause here for a moment.""], ""safety"": ""ok""}",1,2176,1.4193999995768536,0.0018000000636675395,0.00019999970390927047,0.013099999705445953,0.004900000021734741,1.445100000637467
410,d49_u21,angry,train,49,21,bc,3,1,1,0,0,0,1,1,0,ok,"{""sentences"": [""I hear you."", ""We can pause here for a moment.""], ""safety"": ""ok""}",1,2176,1.4227000001483248,0.0017000002117129043,0.00030000046535860747,0.012599999536178075,0.004800000169780105,1.4470999994955491
411,d50_u0,happy,train,50,0,bc,3,1,1,0,0,0,1,1,0,ok,"{""sentences"": [""I hear you."", ""We can pause here for a moment.""], ""safety"": ""ok""}",1,2176,1.461800000470248,0.0018000000636675395,0.00020000061340397224,0.012800000149582047,0.00470000031782547,1.4868999996906496
412,d50_u1,angry,train,50,1,bc,3,1,1,0,0,0,1,1,0,ok,"{""sentences"": [""I hear you."", ""We can pause here for a moment.""], ""safety"": ""ok""}",1,2176,1.4622999997300212,0.0017000002117129043,0.00030000046535860747,0.012200000128359534,0.00470000031782547,1.486299999669427
413,d50_u3,neutral,train,50,3,bc,3,1,1,0,0,0,1,1,0,ok,"{""sentences"": [""I hear you."", ""We can pause here for a moment.""], ""safety"": ""ok""}",1,2176,1.3466000000335043,0.0017999991541728377,0.00020000061340397224,0.012900000001536682,0.004800000169780105,1.3716999992539058
414,d50_u4,neutral,train,50,4,bc,3,1,1,0,0,0,1,1,0,ok,"{""sentences"": [""I hear you."", ""We can pause here for a moment.""], ""safety"": ""ok""}",1,2176,1.3653000005433569,0.001600000359758269,0.00030000046535860747,0.012200000128359534,0.004600000465870835,1.3889000001654495
415,d50_u7,sad,train,50,7,bc,3,1,1,0,0,0,1,1,0,ok,"{""sentences"": [""I hear you."", ""We can pause here for a moment.""], ""safety"": ""ok""}",1,2176,1.3153999998394283,0.0018000000636675395,0.00019999970390927047,0.012500000593718141,0.004800000169780105,1.3400999996520113
416,d50_u8,happy,train,50,8,bc,3,1,1,0,0,0,1,1,0,ok,"{""sentences"": [""I hear you."", ""We can pause here for a moment.""], ""safety"": ""ok""}",1,2176,1.2984000004507834,0.001600000359758269,0.00030000046535860747,0.012100000276404899,0.004599999556376133,1.3219000002209214
417,d50_u11,neutral,train,50,11,bc,3,1,1,0,0,0,1,1,0,ok,"{""sentences"": [""I hear you."", ""We can pause here for a moment.""], ""safety"": ""ok""}",1,2176,1.3161000006221002,0.0018000000636675395,0.00019999970390927047,0.012700000297627412,0.004699999408330768,1.3409000002866378
418,d50_u12,neutral,train,50,12,bc,3,1,1,0,0,0,1,1,0,ok,"{""sentences"": [""I hear you."", ""We can pause here for a moment.""], ""safety"": ""ok""}",1,2176,1.302900000155205,0.0015999994502635673,0.0002999995558639057,0.012100000276404899,0.0045000006139162,1.3263000000733882
419,d50_u13,angry,train,50,13,bc,3,1,1,0,0,0,1,1,0,ok,"{""sentences"": [""I hear you."", ""We can pause here for a moment.""], ""safety"": ""ok""}",1,2176,1.3146999999662512,0.0015999994502635673,0.00020000061340397224,0.012700000297627412,0.004800000169780105,1.3392999999268795
420,d50_u15,angry,train,50,15,bc,3,1,1,0,0,0,1,1,0,ok,"{""sentences"": [""I hear you."", ""We can pause here for a moment.""], ""safety"": ""ok""}",1,2176,1.3174999994589598,0.0015999994502635673,0.00019999970390927047,0.012299999980314169,0.004599999556376133,1.341300000603951
421,d50_u16,neutral,train,50,16,bc,3,1,1,0,0,0,1,1,0,ok,"{""sentences"": [""I hear you."", ""We can pause here for a moment.""], ""safety"": ""ok""}",1,2176,1.8652000007932656,0.0018999999156221747,0.00019999970390927047,0.01269999938813271,0.004699999408330768,1.8900000004578033
422,d51_u0,neutral,train,51,0,bc,3,1,1,0,0,0,1,1,0,ok,"{""sentences"": [""I hear you."", ""We can pause here for a moment.""], ""safety"": ""ok""}",1,2176,1.4575999994121958,0.0020000006770715117,0.0002999995558639057,0.013799999578623101,0.005699999746866524,1.4848000000711181
423,d51_u1,sad,train,51,1,bc,3,1,1,0,0,0,1,1,0,ok,"{""sentences"": [""I hear you."", ""We can pause here for a moment.""], ""safety"": ""ok""}",1,2176,1.4592999996239087,0.0018000000636675395,0.0002999995558639057,0.012999999853491317,0.004800000169780105,1.4848000000711181
424,d51_u2,neutral,train,51,2,bc,3,1,1,0,0,0,1,1,0,ok,"{""sentences"": [""I hear you."", ""We can pause here for a moment.""], ""safety"": ""ok""}",1,2176,1.39969999963796,0.0017999991541728377,0.00019999970390927047,0.012000000424450263,0.004600000465870835,1.43830000070011
425,d51_u4,angry,train,51,4,bc,3,1,1,0,0,0,1,1,0,ok,"{""sentences"": [""I hear you."", ""We can pause here for a moment.""], ""safety"": ""ok""}",1,2176,1.2950999998793122,0.0017000002117129043,0.00019999970390927047,0.012500000593718141,0.00470000031782547,1.3196999998399406
426,d51_u5,angry,train,51,5,bc,3,1,1,0,0,0,1,1,0,ok,"{""sentences"": [""I hear you."", ""We can pause here for a moment.""], ""safety"": ""ok""}",1,2176,1.2648000001718174,0.0017000002117129043,0.00020000061340397224,0.027600000066740904,0.004600000465870835,1.3037999997322913
427,d51_u6,angry,train,51,6,bc,3,1,1,0,0,0,1,1,0,ok,"{""sentences"": [""I hear you."", ""We can pause here for a moment.""], ""safety"": ""ok""}",1,2176,1.3860999997632462,0.0018000000636675395,0.0002999995558639057,0.012799999240087345,0.004800000169780105,1.4111999998931424
428,d51_u7,angry,train,51,7,bc,3,1,1,0,0,0,1,1,0,ok,"{""sentences"": [""I hear you."", ""We can pause here for a moment.""], ""safety"": ""ok""}",1,2176,1.3722000003326684,0.0018000000636675395,0.00019999970390927047,0.01249999968422344,0.004800000169780105,1.3965999996798928
429,d51_u8,angry,train,51,8,bc,3,1,1,0,0,0,1,1,0,ok,"{""sentences"": [""I hear you."", ""We can pause here for a moment.""], ""safety"": ""ok""}",1,2176,1.4241000008041738,0.0017000002117129043,0.00019999970390927047,0.01269999938813271,0.004900000021734741,1.449000000320666
430,d51_u9,angry,train,51,9,bc,3,1,1,0,0,0,1,1,0,ok,"{""sentences"": [""I hear you."", ""We can pause here for a moment.""], ""safety"": ""ok""}",1,2176,1.4373000003615743,0.0016999993022182025,0.0002999995558639057,0.012100000276404899,0.004699999408330768,1.460899999983667
431,d51_u10,angry,train,51,10,bc,3,1,1,0,0,0,1,1,0,ok,"{""sentences"": [""I hear you."", ""We can pause here for a moment.""], ""safety"": ""ok""}",1,2176,1.3480000006893533,0.0017000002117129043,0.00020000061340397224,0.012299999980314169,0.004699999408330768,1.372099999571219
432,d52_u0,neutral,train,52,0,bc,3,1,1,0,0,0,1,1,0,ok,"{""sentences"": [""I hear you."", ""We can pause here for a moment.""], ""safety"": ""ok""}",1,2176,1.3283999996929197,0.0017000002117129043,0.0002999995558639057,0.012200000128359534,0.004699999408330768,1.3524000005418202
433,d52_u1,happy,train,52,1,bc,3,1,1,0,0,0,1,1,0,ok,"{""sentences"": [""I hear you."", ""We can pause here for a moment.""], ""safety"": ""ok""}",1,2176,1.357799999823328,0.0018000000636675395,0.00030000046535860747,0.012600000445672777,0.004900000021734741,1.3826999993398204
434,d52_u2,neutral,train,52,2,bc,3,1,1,0,0,0,1,1,0,ok,"{""sentences"": [""I hear you."", ""We can pause here for a moment.""], ""safety"": ""ok""}",1,2176,1.3630000003104215,0.0017000002117129043,0.00019999970390927047,0.01249999968422344,0.00470000031782547,1.3872999998056912
435,d52_u3,neutral,train,52,3,bc,3,1,1,0,0,0,1,1,0,ok,"{""sentences"": [""I hear you."", ""We can pause here for a moment.""], ""safety"": ""ok""}",1,2176,1.4050999998289626,0.0018000000636675395,0.00019999970390927047,0.012600000445672777,0.00470000031782547,1.4297000006990856
436,d52_u4,neutral,train,52,4,bc,3,1,1,0,0,0,1,1,0,ok,"{""sentences"": [""I hear you."", ""We can pause here for a moment.""], ""safety"": ""ok""}",1,2176,1.4056999998501851,0.0017000002117129043,0.00020000061340397224,0.012500000593718141,0.00470000031782547,1.4300000002549496
437,d52_u5,neutral,train,52,5,bc,3,1,1,0,0,0,1,1,0,ok,"{""sentences"": [""I hear you."", ""We can pause here for a moment.""], ""safety"": ""ok""}",1,2176,1.346199999716191,0.0018999999156221747,0.0002999995558639057,0.013300000318849925,0.00470000031782547,1.3718999998673098
438,d52_u6,neutral,train,52,6,bc,3,1,1,0,0,0,1,1,0,ok,"{""sentences"": [""I hear you."", ""We can pause here for a moment.""], ""safety"": ""ok""}",1,2176,1.3504999997167033,0.0018000000636675395,0.00030000046535860747,0.01249999968422344,0.004499999704421498,1.3745999995080638
439,d52_u7,neutral,train,52,7,bc,3,1,1,0,0,0,1,1,0,ok,"{""sentences"": [""I hear you."", ""We can pause here for a moment.""], ""safety"": ""ok""}",1,2176,1.3629000004584668,0.0016999993022182025,0.00019999970390927047,0.012700000297627412,0.004900000021734741,1.3877000001230044
440,d52_u8,neutral,train,52,8,bc,3,1,1,0,0,0,1,1,0,ok,"{""sentences"": [""I hear you."", ""We can pause here for a moment.""], ""safety"": ""ok""}",1,2176,1.3768999997409992,0.0016999993022182025,0.00019999970390927047,0.011999999514955562,0.004599999556376133,1.4002999996591825
441,d52_u9,neutral,train,52,9,bc,3,1,1,0,0,0,1,1,0,ok,"{""sentences"": [""I hear you."", ""We can pause here for a moment.""], ""safety"": ""ok""}",1,2176,1.323200000115321,0.0017000002117129043,0.00030000046535860747,0.012299999980314169,0.004600000465870835,1.3468999995893682
442,d52_u10,neutral,train,52,10,bc,3,1,1,0,0,0,1,1,0,ok,"{""sentences"": [""I hear you."", ""We can pause here for a moment.""], ""safety"": ""ok""}",1,2176,1.251800000318326,0.0017000002117129043,0.00019999970390927047,0.01269999938813271,0.00470000031782547,1.2763999993694597
443,d52_u11,neutral,train,52,11,bc,3,1,1,0,0,0,1,1,0,ok,"{""sentences"": [""I hear you."", ""We can pause here for a moment.""], ""safety"": ""ok""}",1,2176,1.6120000000228174,0.0015999994502635673,0.00019999970390927047,0.012100000276404899,0.00470000031782547,1.6353999999410007
444,d53_u0,happy,train,53,0,bc,3,1,1,0,0,0,1,1,0,ok,"{""sentences"": [""I hear you."", ""We can pause here for a moment.""], ""safety"": ""ok""}",1,2176,1.3213000001996988,0.0018000000636675395,0.00020000061340397224,0.012999999853491317,0.004800000169780105,1.3468999995893682
445,d53_u1,happy,train,53,1,bc,3,1,1,0,0,0,1,1,0,ok,"{""sentences"": [""I hear you."", ""We can pause here for a moment.""], ""safety"": ""ok""}",1,2176,1.3385000002017478,0.0016999993022182025,0.00020000061340397224,0.012800000149582047,0.004999999873689376,1.363600000331644
446,d53_u2,neutral,train,53,2,bc,3,1,1,0,0,0,1,1,0,ok,"{""sentences"": [""I hear you."", ""We can pause here for a moment.""], ""safety"": ""ok""}",1,2176,1.3420000004771282,0.001600000359758269,0.00019999970390927047,0.012299999980314169,0.0045000006139162,1.3656000000992208
447,d53_u3,neutral,train,53,3,bc,3,1,1,0,0,0,1,1,0,ok,"{""sentences"": [""I hear you."", ""We can pause here for a moment.""], ""safety"": ""ok""}",1,2176,1.348899999356945,0.0018000000636675395,0.00020000061340397224,0.012700000297627412,0.00470000031782547,1.3734000003751134
448,d53_u4,neutral,train,53,4,bc,3,1,1,0,0,0,1,1,0,ok,"{""sentences"": [""I hear you."", ""We can pause here for a moment.""], ""safety"": ""ok""}",1,2176,1.3322000004336587,0.0015999994502635673,0.00019999970390927047,0.011799999811046291,0.00470000031782547,1.3552999998864834
449,d53_u5,neutral,train,53,5,bc,3,1,1,0,0,0,1,1,0,ok,"{""sentences"": [""I hear you."", ""We can pause here for a moment.""], ""safety"": ""ok""}",1,2176,1.3694999997824198,0.0017000002117129043,0.00019999970390927047,0.012800000149582047,0.004800000169780105,1.3945000000603613
450,d53_u6,happy,train,53,6,bc,3,1,1,0,0,0,1,1,0,ok,"{""sentences"": [""I hear you."", ""We can pause here for a moment.""], ""safety"": ""ok""}",1,2176,1.375499999994645,0.0016999993022182025,0.00019999970390927047,0.012399999832268804,0.004499999704421498,1.3991000005262322
451,d53_u7,neutral,train,53,7,bc,3,1,1,0,0,0,1,1,0,ok,"{""sentences"": [""I hear you."", ""We can pause here for a moment.""], ""safety"": ""ok""}",1,2176,1.4134000002741232,0.0017000002117129043,0.00019999970390927047,0.013099999705445953,0.004799999260285404,1.4389000007213326
452,d53_u8,happy,train,53,8,bc,3,1,1,0,0,0,1,1,0,ok,"{""sentences"": [""I hear you."", ""We can pause here for a moment.""], ""safety"": ""ok""}",1,2176,1.416600000084145,0.0017000002117129043,0.0002999995558639057,0.012799999240087345,0.004699999408330768,1.4409999994313694
453,d54_u1,sad,train,54,1,bc,3,1,1,0,0,0,1,1,0,ok,"{""sentences"": [""I hear you."", ""We can pause here for a moment.""], ""safety"": ""ok""}",1,2176,1.4799000000493834,0.0016999993022182025,0.00019999970390927047,0.012999999853491317,0.004900000021734741,1.5051999998831889
454,d54_u2,angry,train,54,2,bc,3,1,1,0,0,0,1,1,0,ok,"{""sentences"": [""I hear you."", ""We can pause here for a moment.""], ""safety"": ""ok""}",1,2176,1.481900000726455,0.0016999993022182025,0.00030000046535860747,0.012200000128359534,0.00470000031782547,1.5057000000524567
455,d54_u5,neutral,train,54,5,bc,3,1,1,0,0,0,1,1,0,ok,"{""sentences"": [""I hear you."", ""We can pause here for a moment.""], ""safety"": ""ok""}",1,2176,1.4208000002327026,0.0019000008251168765,0.00019999970390927047,0.013099999705445953,0.004900000021734741,1.4464999994743266
456,d54_u6,happy,train,54,6,bc,3,1,1,0,0,0,1,1,0,ok,"{""sentences"": [""I hear you."", ""We can pause here for a moment.""], ""safety"": ""ok""}",1,2176,1.4246999999159016,0.0018000000636675395,0.0002999995558639057,0.012299999980314169,0.00470000031782547,1.4486999998553074
457,d54_u7,angry,train,54,7,bc,3,1,1,0,0,0,1,1,0,ok,"{""sentences"": [""I hear you."", ""We can pause here for a moment.""], ""safety"": ""ok""}",1,2176,1.3933000000179163,0.0018000000636675395,0.00019999970390927047,0.012599999536178075,0.005000000783184078,1.4184000001478125
458,d54_u8,sad,train,54,8,bc,3,1,1,0,0,0,1,1,0,ok,"{""sentences"": [""I hear you."", ""We can pause here for a moment.""], ""safety"": ""ok""}",1,2176,1.3949000003776746,0.0018000000636675395,0.00019999970390927047,0.012299999980314169,0.004800000169780105,1.4188999994075857
459,d54_u9,happy,train,54,9,bc,3,1,1,0,0,0,1,1,0,ok,"{""sentences"": [""I hear you."", ""We can pause here for a moment.""], ""safety"": ""ok""}",1,2176,1.4229999997041887,0.0017000002117129043,0.00020000061340397224,0.012800000149582047,0.004899999112240039,1.4481000007435796
460,d54_u10,neutral,train,54,10,bc,3,1,1,0,0,0,1,1,0,ok,"{""sentences"": [""I hear you."", ""We can pause here for a moment.""], ""safety"": ""ok""}",1,2176,1.4252000000851694,0.0015999994502635673,0.0002999995558639057,0.012200000128359534,0.004800000169780105,1.449000000320666
461,d54_u11,neutral,train,54,11,bc,3,1,1,0,0,0,1,1,0,ok,"{""sentences"": [""I hear you."", ""We can pause here for a moment.""], ""safety"": ""ok""}",1,2176,1.45169999996142,0.0018000000636675395,0.0002999995558639057,0.012900000001536682,0.004800000169780105,1.4768999999432708
462,d54_u14,sad,train,54,14,bc,3,1,1,0,0,0,1,1,0,ok,"{""sentences"": [""I hear you."", ""We can pause here for a moment.""], ""safety"": ""ok""}",1,2176,1.454399999602174,0.0015999994502635673,0.00019999970390927047,0.012299999980314169,0.004800000169780105,1.478299999689625
463,d54_u15,sad,train,54,15,bc,3,1,1,0,0,0,1,1,0,ok,"{""sentences"": [""I hear you."", ""We can pause here for a moment.""], ""safety"": ""ok""}",1,2176,1.410000000760192,0.0018000000636675395,0.00030000046535860747,0.013100000614940654,0.004800000169780105,1.4357999998537707
464,d54_u16,sad,train,54,16,bc,3,1,1,0,0,0,1,1,0,ok,"{""sentences"": [""I hear you."", ""We can pause here for a moment.""], ""safety"": ""ok""}",1,2176,1.4126999994914513,0.001600000359758269,0.00020000061340397224,0.012500000593718141,0.004800000169780105,1.4367000003403518
465,d54_u17,happy,train,54,17,bc,3,1,1,0,0,0,1,1,0,ok,"{""sentences"": [""I hear you."", ""We can pause here for a moment.""], ""safety"": ""ok""}",1,2176,1.5947000001688139,0.002099999619531445,0.00019999970390927047,0.027799999770650174,0.005100000635138713,1.6360999998141779
466,d54_u18,happy,train,54,18,bc,3,1,1,0,0,0,1,1,0,ok,"{""sentences"": [""I hear you."", ""We can pause here for a moment.""], ""safety"": ""ok""}",1,2176,1.6183000007004011,0.0018000000636675395,0.00020000061340397224,0.012500000593718141,0.004800000169780105,1.6426000001956709
467,d54_u19,happy,train,54,19,bc,3,1,1,0,0,0,1,1,0,ok,"{""sentences"": [""I hear you."", ""We can pause here for a moment.""], ""safety"": ""ok""}",1,2176,1.4409000004889094,0.0019000008251168765,0.00020000061340397224,0.01320000046689529,0.004999999873689376,1.4664999998785788
468,d54_u20,happy,train,54,20,bc,3,1,1,0,0,0,1,1,0,ok,"{""sentences"": [""I hear you."", ""We can pause here for a moment.""], ""safety"": ""ok""}",1,2176,1.439599999685015,0.0017000002117129043,0.00019999970390927047,0.012599999536178075,0.004800000169780105,1.4639999999417341
469,d54_u21,neutral,train,54,21,bc,3,1,1,0,0,0,1,1,0,ok,"{""sentences"": [""I hear you."", ""We can pause here for a moment.""], ""safety"": ""ok""}",1,2176,1.3982999998916057,0.0017000002117129043,0.00019999970390927047,0.012700000297627412,0.00470000031782547,1.422899999852234
470,d54_u22,happy,train,54,22,bc,3,1,1,0,0,0,1,1,0,ok,"{""sentences"": [""I hear you."", ""We can pause here for a moment.""], ""safety"": ""ok""}",1,2176,1.394300000356452,0.0018000000636675395,0.00019999970390927047,0.011899999663000926,0.00470000031782547,1.4176999993651407
471,d54_u23,angry,train,54,23,bc,3,1,1,0,0,0,1,1,0,ok,"{""sentences"": [""I hear you."", ""We can pause here for a moment.""], ""safety"": ""ok""}",1,2176,1.4211999996405211,0.0018000000636675395,0.00019999970390927047,0.01300000076298602,0.004799999260285404,1.446300000679912
472,d55_u0,happy,train,55,0,bc,3,1,1,0,0,0,1,1,0,ok,"{""sentences"": [""I hear you."", ""We can pause here for a moment.""], ""safety"": ""ok""}",1,2176,1.4269000002968824,0.001600000359758269,0.0002999995558639057,0.012399999832268804,0.004800000169780105,1.4510999999401974
473,d55_u1,happy,train,55,1,bc,3,1,1,0,0,0,1,1,0,ok,"{""sentences"": [""I hear you."", ""We can pause here for a moment.""], ""safety"": ""ok""}",1,2176,1.4391000004252419,0.0018000000636675395,0.00020000061340397224,0.012900000001536682,0.004900000021734741,1.464500000111002
474,d55_u2,neutral,train,55,2,bc,3,1,1,0,0,0,1,1,0,ok,"{""sentences"": [""I hear you."", ""We can pause here for a moment.""], ""safety"": ""ok""}",1,2176,1.4421000005313545,0.0017000002117129043,0.00019999970390927047,0.012399999832268804,0.004699999408330768,1.4660000006188056
475,d55_u4,neutral,train,55,4,bc,3,1,1,0,0,0,1,1,0,ok,"{""sentences"": [""I hear you."", ""We can pause here for a moment.""], ""safety"": ""ok""}",1,2176,1.4017000003150315,0.0018000000636675395,0.00019999970390927047,0.012800000149582047,0.00470000031782547,1.426499999979569
476,d55_u5,happy,train,55,5,bc,3,1,1,0,0,0,1,1,0,ok,"{""sentences"": [""I hear you."", ""We can pause here for a moment.""], ""safety"": ""ok""}",1,2176,1.3992000003781868,0.0017000002117129043,0.00019999970390927047,0.011900000572495628,0.004499999704421498,1.4224000005924609
477,d55_u7,neutral,train,55,7,bc,3,1,1,0,0,0,1,1,0,ok,"{""sentences"": [""I hear you."", ""We can pause here for a moment.""], ""safety"": ""ok""}",1,2176,1.5321999999287073,0.0018000000636675395,0.00020000061340397224,0.01300000076298602,0.004800000169780105,1.557399999910558
478,d55_u8,happy,train,55,8,bc,3,1,1,0,0,0,1,1,0,ok,"{""sentences"": [""I hear you."", ""We can pause here for a moment.""], ""safety"": ""ok""}",1,2176,1.5159999993556994,0.0015999994502635673,0.0002999995558639057,0.012399999832268804,0.004900000021734741,1.5401000000565546
479,d55_u9,happy,train,55,9,bc,3,1,1,0,0,0,1,1,0,ok,"{""sentences"": [""I hear you."", ""We can pause here for a moment.""], ""safety"": ""ok""}",1,2176,1.3920000001235167,0.0018000000636675395,0.00019999970390927047,0.01320000046689529,0.004999999873689376,1.417599999513186
480,d55_u10,happy,train,55,10,bc,3,1,1,0,0,0,1,1,0,ok,"{""sentences"": [""I hear you."", ""We can pause here for a moment.""], ""safety"": ""ok""}",1,2176,1.394599999912316,0.0017000002117129043,0.00019999970390927047,0.012299999980314169,0.004800000169780105,1.4185999998517218
481,d55_u11,happy,train,55,11,bc,3,1,1,0,0,0,1,1,0,ok,"{""sentences"": [""I hear you."", ""We can pause here for a moment.""], ""safety"": ""ok""}",1,2176,1.3819000005241833,0.0018000000636675395,0.0002999995558639057,0.012900000001536682,0.005100000635138713,1.407400000061898
482,d55_u12,happy,train,55,12,bc,3,1,1,0,0,0,1,1,0,ok,"{""sentences"": [""I hear you."", ""We can pause here for a moment.""], ""safety"": ""ok""}",1,2176,1.3846000001649372,0.0017000002117129043,0.00020000061340397224,0.012399999832268804,0.00470000031782547,1.408399999490939
483,d55_u13,happy,train,55,13,bc,3,1,1,0,0,0,1,1,0,ok,"{""sentences"": [""I hear you."", ""We can pause here for a moment.""], ""safety"": ""ok""}",1,2176,1.3447999999698368,0.0017000002117129043,0.00019999970390927047,0.013199999557400588,0.004900000021734741,1.3703000004170462
484,d55_u14,happy,train,55,14,bc,3,1,1,0,0,0,1,1,0,ok,"{""sentences"": [""I hear you."", ""We can pause here for a moment.""], ""safety"": ""ok""}",1,2176,1.3478000000759494,0.0016999993022182025,0.00019999970390927047,0.012400000741763506,0.004699999408330768,1.371600000311446
485,d55_u15,happy,train,55,15,bc,3,1,1,0,0,0,1,1,0,ok,"{""sentences"": [""I hear you."", ""We can pause here for a moment.""], ""safety"": ""ok""}",1,2176,1.4998999995441409,0.0018999999156221747,0.00019999970390927047,0.01320000046689529,0.004800000169780105,1.5258000003086636
486,d55_u16,neutral,train,55,16,bc,3,1,1,0,0,0,1,1,0,ok,"{""sentences"": [""I hear you."", ""We can pause here for a moment.""], ""safety"": ""ok""}",1,2176,1.5035000005809707,0.0017000002117129043,0.00030000046535860747,0.012400000741763506,0.004800000169780105,1.5278000000762404
487,d56_u1,neutral,train,56,1,bc,3,1,1,0,0,0,1,1,0,ok,"{""sentences"": [""I hear you."", ""We can pause here for a moment.""], ""safety"": ""ok""}",1,2176,1.3177999999243184,0.0018000000636675395,0.00020000061340397224,0.01320000046689529,0.005100000635138713,1.343700000688841
488,d56_u3,neutral,train,56,3,bc,3,1,1,0,0,0,1,1,0,ok,"{""sentences"": [""I hear you."", ""We can pause here for a moment.""], ""safety"": ""ok""}",1,2176,1.3188000002628542,0.0017000002117129043,0.0002999995558639057,0.012299999980314169,0.004800000169780105,1.34280000020226
489,d56_u4,neutral,train,56,4,bc,3,1,1,0,0,0,1,1,0,ok,"{""sentences"": [""I hear you."", ""We can pause here for a moment.""], ""safety"": ""ok""}",1,2176,1.3842999996995786,0.0016999993022182025,0.00030000046535860747,0.012900000001536682,0.005000000783184078,1.4097000002948334
490,d56_u5,neutral,train,56,5,bc,3,1,1,0,0,0,1,1,0,ok,"{""sentences"": [""I hear you."", ""We can pause here for a moment.""], ""safety"": ""ok""}",1,2176,1.387100000101782,0.0016999993022182025,0.00019999970390927047,0.012299999980314169,0.00470000031782547,1.411000000189233
491,d56_u6,happy,train,56,6,bc,3,1,1,0,0,0,1,1,0,ok,"{""sentences"": [""I hear you."", ""We can pause here for a moment.""], ""safety"": ""ok""}",1,2176,1.4249999994717655,0.0018999999156221747,0.00019999970390927047,0.013099999705445953,0.004799999260285404,1.450499999918975
492,d57_u1,neutral,train,57,1,bc,3,1,1,0,0,0,1,1,0,ok,"{""sentences"": [""I hear you."", ""We can pause here for a moment.""], ""safety"": ""ok""}",1,2176,1.4271999998527463,0.0017000002117129043,0.0002999995558639057,0.012399999832268804,0.004800000169780105,1.451199999792152
493,d58_u0,neutral,train,58,0,bc,3,1,1,0,0,0,1,1,0,ok,"{""sentences"": [""I hear you."", ""We can pause here for a moment.""], ""safety"": ""ok""}",1,2176,1.4244000003600377,0.0017000002117129043,0.00019999970390927047,0.012900000001536682,0.004800000169780105,1.4496000003418885
494,d58_u1,neutral,train,58,1,bc,3,1,1,0,0,0,1,1,0,ok,"{""sentences"": [""I hear you."", ""We can pause here for a moment.""], ""safety"": ""ok""}",1,2176,1.4275999992605648,0.0017999991541728377,0.00030000046535860747,0.012399999832268804,0.004799999260285404,1.451900000574824
495,d58_u3,neutral,train,58,3,bc,3,1,1,0,0,0,1,1,0,ok,"{""sentences"": [""I hear you."", ""We can pause here for a moment.""], ""safety"": ""ok""}",1,2176,1.4766999993298668,0.0018000000636675395,0.00020000061340397224,0.012500000593718141,0.004599999556376133,1.501000000644126
496,d58_u4,angry,train,58,4,bc,3,1,1,0,0,0,1,1,0,ok,"{""sentences"": [""I hear you."", ""We can pause here for a moment.""], ""safety"": ""ok""}",1,2176,1.421400000253925,0.0016999993022182025,0.00020000061340397224,0.026900000193563756,0.00470000031782547,1.4602999999624444
497,d58_u6,neutral,train,58,6,bc,3,1,1,0,0,0,1,1,0,ok,"{""sentences"": [""I hear you."", ""We can pause here for a moment.""], ""safety"": ""ok""}",1,2176,1.5930999998090556,0.0017000002117129043,0.00019999970390927047,0.012700000297627412,0.00470000031782547,1.6175999999177293
498,d58_u7,neutral,train,58,7,bc,3,1,1,0,0,0,1,1,0,ok,"{""sentences"": [""I hear you."", ""We can pause here for a moment.""], ""safety"": ""ok""}",1,2176,1.30410000019765,0.0017000002117129043,0.00019999970390927047,0.012700000297627412,0.004800000169780105,1.3290000006236369
499,d58_u8,neutral,train,58,8,bc,3,1,1,0,0,0,1,1,0,ok,"{""sentences"": [""I hear you."", ""We can pause here for a moment.""], ""safety"": ""ok""}",1,2176,1.5401000000565546,0.0018999999156221747,0.0002999995558639057,0.01249999968422344,0.00470000031782547,1.5645000003132736
500,d58_u9,neutral,train,58,9,bc,3,1,1,0,0,0,1,1,0,ok,"{""sentences"": [""I hear you."", ""We can pause here for a moment.""], ""safety"": ""ok""}",1,2176,1.514599999609345,0.0017000002117129043,0.00030000046535860747,0.012500000593718141,0.004499999704421498,1.5390000007755589
501,d59_u0,neutral,train,59,0,bc,3,1,1,0,0,0,1,1,0,ok,"{""sentences"": [""I hear you."", ""We can pause here for a moment.""], ""safety"": ""ok""}",1,2176,1.6199000001506647,0.0017000002117129043,0.00030000046535860747,0.012500000593718141,0.004599999556376133,1.6438999991805758
502,d59_u1,happy,train,59,1,bc,3,1,1,0,0,0,1,1,0,ok,"{""sentences"": [""I hear you."", ""We can pause here for a moment.""], ""safety"": ""ok""}",1,2176,1.3140999999450287,0.0017000002117129043,0.00030000046535860747,0.012900000001536682,0.004800000169780105,1.3393999997788342
503,d59_u2,neutral,train,59,2,bc,3,1,1,0,0,0,1,1,0,ok,"{""sentences"": [""I hear you."", ""We can pause here for a moment.""], ""safety"": ""ok""}",1,2176,1.394300000356452,0.0017000002117129043,0.0002999995558639057,0.012900000001536682,0.004999999873689376,1.4194999994288082
504,d59_u3,happy,train,59,3,bc,3,1,1,0,0,0,1,1,0,ok,"{""sentences"": [""I hear you."", ""We can pause here for a moment.""], ""safety"": ""ok""}",1,2176,1.411299999745097,0.001600000359758269,0.00020000061340397224,0.012000000424450263,0.004599999556376133,1.4345999998113257
505,d59_u4,happy,train,59,4,bc,3,1,1,0,0,0,1,1,0,ok,"{""sentences"": [""I hear you."", ""We can pause here for a moment.""], ""safety"": ""ok""}",1,2176,1.3838000004398054,0.0018000000636675395,0.00019999970390927047,0.012599999536178075,0.004999999873689376,1.4087999998082523
506,d59_u5,happy,train,59,5,bc,3,1,1,0,0,0,1,1,0,ok,"{""sentences"": [""I hear you."", ""We can pause here for a moment.""], ""safety"": ""ok""}",1,2176,1.3688999997611973,0.0017000002117129043,0.00019999970390927047,0.012000000424450263,0.004599999556376133,1.3920999999754713
507,d59_u6,happy,train,59,6,bc,3,1,1,0,0,0,1,1,0,ok,"{""sentences"": [""I hear you."", ""We can pause here for a moment.""], ""safety"": ""ok""}",1,2176,1.574899999468471,0.0018000000636675395,0.0002999995558639057,0.013199999557400588,0.004900000021734741,1.6006000005290844
508,d59_u7,happy,train,59,7,bc,3,1,1,0,0,0,1,1,0,ok,"{""sentences"": [""I hear you."", ""We can pause here for a moment.""], ""safety"": ""ok""}",1,2176,1.3056999996479135,0.0017000002117129043,0.00020000061340397224,0.012400000741763506,0.004699999408330768,1.330000000052678
509,d59_u8,happy,train,59,8,bc,3,1,1,0,0,0,1,1,0,ok,"{""sentences"": [""I hear you."", ""We can pause here for a moment.""], ""safety"": ""ok""}",1,2176,1.6166000004886882,0.0018000000636675395,0.00019999970390927047,0.012299999980314169,0.004800000169780105,1.6409999998359126
510,d59_u9,happy,train,59,9,bc,3,1,1,0,0,0,1,1,0,ok,"{""sentences"": [""I hear you."", ""We can pause here for a moment.""], ""safety"": ""ok""}",1,2176,1.627899999220972,0.0017000002117129043,0.00019999970390927047,0.012799999240087345,0.004599999556376133,1.6525999999430496
511,d61_u0,neutral,train,61,0,bc,3,1,1,0,0,0,1,1,0,ok,"{""sentences"": [""I hear you."", ""We can pause here for a moment.""], ""safety"": ""ok""}",1,2176,1.5432000000146218,0.0017000002117129043,0.00019999970390927047,0.012000000424450263,0.004599999556376133,1.5666000008422998
512,d61_u1,happy,train,61,1,bc,3,1,1,0,0,0,1,1,0,ok,"{""sentences"": [""I hear you."", ""We can pause here for a moment.""], ""safety"": ""ok""}",1,2176,1.255499999388121,0.0017000002117129043,0.00019999970390927047,0.012700000297627412,0.004499999704421498,1.2800000004062895
513,d61_u2,happy,train,61,2,bc,3,1,1,0,0,0,1,1,0,ok,"{""sentences"": [""I hear you."", ""We can pause here for a moment.""], ""safety"": ""ok""}",1,2176,1.3204000006226124,0.0017000002117129043,0.00020000061340397224,0.012000000424450263,0.004600000465870835,1.344000000244705
514,d61_u3,neutral,train,61,3,bc,3,1,1,0,0,0,1,1,0,ok,"{""sentences"": [""I hear you."", ""We can pause here for a moment.""], ""safety"": ""ok""}",1,2176,1.3830999996571336,0.0016999993022182025,0.00019999970390927047,0.012800000149582047,0.004900000021734741,1.4080000000831205
515,d61_u4,neutral,train,61,4,bc,3,1,1,0,0,0,1,1,0,ok,"{""sentences"": [""I hear you."", ""We can pause here for a moment.""], ""safety"": ""ok""}",1,2176,1.455300000088755,0.0018000000636675395,0.00030000046535860747,0.012900000001536682,0.004800000169780105,1.4803999993091566
516,d61_u5,sad,train,61,5,bc,3,1,1,0,0,0,1,1,0,ok,"{""sentences"": [""I hear you."", ""We can pause here for a moment.""], ""safety"": ""ok""}",1,2176,1.397500000166474,0.0017000002117129043,0.00020000061340397224,0.012100000276404899,0.00470000031782547,1.4212999994924758
517,d61_u6,happy,train,61,6,bc,3,1,1,0,0,0,1,1,0,ok,"{""sentences"": [""I hear you."", ""We can pause here for a moment.""], ""safety"": ""ok""}",1,2176,1.5979999998307903,0.0018999999156221747,0.0002999995558639057,0.013300000318849925,0.004900000021734741,1.623699999981909
518,d61_u7,sad,train,61,7,bc,3,1,1,0,0,0,1,1,0,ok,"{""sentences"": [""I hear you."", ""We can pause here for a moment.""], ""safety"": ""ok""}",1,2176,1.323499999671185,0.0016999993022182025,0.00020000061340397224,0.012500000593718141,0.00470000031782547,1.3480000006893533
519,d61_u8,happy,train,61,8,bc,3,1,1,0,0,0,1,1,0,ok,"{""sentences"": [""I hear you."", ""We can pause here for a moment.""], ""safety"": ""ok""}",1,2176,1.4117000000624103,0.0018000000636675395,0.0002999995558639057,0.012999999853491317,0.004900000021734741,1.4369999998962157
520,d62_u0,neutral,train,62,0,bc,3,1,1,0,0,0,1,1,0,ok,"{""sentences"": [""I hear you."", ""We can pause here for a moment.""], ""safety"": ""ok""}",1,2176,1.4655999993919977,0.0018000000636675395,0.00030000046535860747,0.012500000593718141,0.004599999556376133,1.4900000005582115
521,d62_u1,happy,train,62,1,bc,3,1,1,0,0,0,1,1,0,ok,"{""sentences"": [""I hear you."", ""We can pause here for a moment.""], ""safety"": ""ok""}",1,2176,1.3715999994019512,0.0018000000636675395,0.00019999970390927047,0.01300000076298602,0.004699999408330768,1.3966000005893875
522,d62_u2,neutral,train,62,2,bc,3,1,1,0,0,0,1,1,0,ok,"{""sentences"": [""I hear you."", ""We can pause here for a moment.""], ""safety"": ""ok""}",1,2176,1.355899999907706,0.0017000002117129043,0.00020000061340397224,0.012399999832268804,0.004699999408330768,1.3801000004605157
523,d62_u3,happy,train,62,3,bc,3,1,1,0,0,0,1,1,0,ok,"{""sentences"": [""I hear you."", ""We can pause here for a moment.""], ""safety"": ""ok""}",1,2176,1.4557000004060683,0.0016999993022182025,0.00020000061340397224,0.012700000297627412,0.00470000031782547,1.4804000002186513
524,d62_u5,happy,train,62,5,bc,3,1,1,0,0,0,1,1,0,ok,"{""sentences"": [""I hear you."", ""We can pause here for a moment.""], ""safety"": ""ok""}",1,2176,1.4576000003216905,0.0018000000636675395,0.00030000046535860747,0.012700000297627412,0.00470000031782547,1.4823000001342734
525,d62_u6,neutral,train,62,6,bc,3,1,1,0,0,0,1,1,0,ok,"{""sentences"": [""I hear you."", ""We can pause here for a moment.""], ""safety"": ""ok""}",1,2176,1.430399999662768,0.0018999999156221747,0.00019999970390927047,0.012799999240087345,0.004599999556376133,1.455500000702159
526,d62_u7,neutral,train,62,7,bc,3,1,1,0,0,0,1,1,0,ok,"{""sentences"": [""I hear you."", ""We can pause here for a moment.""], ""safety"": ""ok""}",1,2176,1.4314000000013039,0.0017000002117129043,0.00019999970390927047,0.012800000149582047,0.00470000031782547,1.4559000001099776
527,d62_u8,neutral,train,62,8,bc,3,1,1,0,0,0,1,1,0,ok,"{""sentences"": [""I hear you."", ""We can pause here for a moment.""], ""safety"": ""ok""}",1,2176,1.3861000006727409,0.001600000359758269,0.00030000046535860747,0.012500000593718141,0.004599999556376133,1.410300000316056
528,d62_u11,neutral,train,62,11,bc,3,1,1,0,0,0,1,1,0,ok,"{""sentences"": [""I hear you."", ""We can pause here for a moment.""], ""safety"": ""ok""}",1,2176,1.3837999995303107,0.0018000000636675395,0.00030000046535860747,0.012600000445672777,0.004599999556376133,1.4082000006965245
529,d63_u0,happy,train,63,0,bc,3,1,1,0,0,0,1,1,0,ok,"{""sentences"": [""I hear you."", ""We can pause here for a moment.""], ""safety"": ""ok""}",1,2176,1.6567000002396526,0.001600000359758269,0.00019999970390927047,0.012599999536178075,0.004600000465870835,1.681099999586877
530,d63_u1,neutral,train,63,1,bc,3,1,1,0,0,0,1,1,0,ok,"{""sentences"": [""I hear you."", ""We can pause here for a moment.""], ""safety"": ""ok""}",1,2176,1.362199999675795,0.0017999991541728377,0.00019999970390927047,0.012800000149582047,0.005000000783184078,1.3874000005671405
531,d63_u2,happy,train,63,2,bc,3,1,1,0,0,0,1,1,0,ok,"{""sentences"": [""I hear you."", ""We can pause here for a moment.""], ""safety"": ""ok""}",1,2176,1.433299999916926,0.0016999993022182025,0.00020000061340397224,0.012900000001536682,0.004800000169780105,1.4584000000468222
532,d63_u4,happy,train,63,4,bc,3,1,1,0,0,0,1,1,0,ok,"{""sentences"": [""I hear you."", ""We can pause here for a moment.""], ""safety"": ""ok""}",1,2176,1.4730000002600718,0.001600000359758269,0.00030000046535860747,0.012299999980314169,0.004799999260285404,1.4967000006436137
533,d63_u5,angry,train,63,5,bc,3,1,1,0,0,0,1,1,0,ok,"{""sentences"": [""I hear you."", ""We can pause here for a moment.""], ""safety"": ""ok""}",1,2176,1.3774000008197618,0.0017000002117129043,0.00030000046535860747,0.01249999968422344,0.004599999556376133,1.401399999849673
534,d63_u6,neutral,train,63,6,bc,3,1,1,0,0,0,1,1,0,ok,"{""sentences"": [""I hear you."", ""We can pause here for a moment.""], ""safety"": ""ok""}",1,2176,1.4493999997284845,0.0017000002117129043,0.00020000061340397224,0.028100000236008782,0.004499999704421498,1.4888999994582264
535,d63_u7,sad,train,63,7,bc,3,1,1,0,0,0,1,1,0,ok,"{""sentences"": [""I hear you."", ""We can pause here for a moment.""], ""safety"": ""ok""}",1,2176,1.4381999999386608,0.0018000000636675395,0.00030000046535860747,0.013099999705445953,0.004799999260285404,1.463300000068557
536,d64_u0,angry,train,64,0,bc,3,1,1,0,0,0,1,1,0,ok,"{""sentences"": [""I hear you."", ""We can pause here for a moment.""], ""safety"": ""ok""}",1,2176,1.350800000182062,0.0018000000636675395,0.00019999970390927047,0.012200000128359534,0.004800000169780105,1.3748999999734224
537,d64_u1,neutral,train,64,1,bc,3,1,1,0,0,0,1,1,0,ok,"{""sentences"": [""I hear you."", ""We can pause here for a moment.""], ""safety"": ""ok""}",1,2176,1.4138000005914364,0.0018999999156221747,0.00020000061340397224,0.012999999853491317,0.004800000169780105,1.4389999996637926
538,d64_u2,neutral,train,64,2,bc,3,1,1,0,0,0,1,1,0,ok,"{""sentences"": [""I hear you."", ""We can pause here for a moment.""], ""safety"": ""ok""}",1,2176,1.4161999997668318,0.0018999999156221747,0.00020000061340397224,0.012299999980314169,0.004800000169780105,1.4402999995581922
539,d64_u3,neutral,train,64,3,bc,3,1,1,0,0,0,1,1,0,ok,"{""sentences"": [""I hear you."", ""We can pause here for a moment.""], ""safety"": ""ok""}",1,2176,1.3822999999320018,0.0018000000636675395,0.00030000046535860747,0.01320000046689529,0.004999999873689376,1.4080000000831205
540,d64_u4,neutral,train,64,4,bc,3,1,1,0,0,0,1,1,0,ok,"{""sentences"": [""I hear you."", ""We can pause here for a moment.""], ""safety"": ""ok""}",1,2176,1.3853000000381144,0.0017000002117129043,0.0002999995558639057,0.01249999968422344,0.00470000031782547,1.4094999996814295
541,d64_u5,happy,train,64,5,bc,3,1,1,0,0,0,1,1,0,ok,"{""sentences"": [""I hear you."", ""We can pause here for a moment.""], ""safety"": ""ok""}",1,2176,1.3840000001437147,0.001600000359758269,0.00019999970390927047,0.012800000149582047,0.004699999408330768,1.4086999999562977
542,d64_u6,neutral,train,64,6,bc,3,1,1,0,0,0,1,1,0,ok,"{""sentences"": [""I hear you."", ""We can pause here for a moment.""], ""safety"": ""ok""}",1,2176,1.3808999992761528,0.0015999994502635673,0.00019999970390927047,0.011999999514955562,0.004600000465870835,1.4042000002518762
543,d64_u7,happy,train,64,7,bc,3,1,1,0,0,0,1,1,0,ok,"{""sentences"": [""I hear you."", ""We can pause here for a moment.""], ""safety"": ""ok""}",1,2176,1.5940999992380966,0.0018000000636675395,0.00019999970390927047,0.013099999705445953,0.004900000021734741,1.6196000005948008
544,d64_u8,happy,train,64,8,bc,3,1,1,0,0,0,1,1,0,ok,"{""sentences"": [""I hear you."", ""We can pause here for a moment.""], ""safety"": ""ok""}",1,2176,1.324400000157766,0.0017000002117129043,0.00020000061340397224,0.012600000445672777,0.004900000021734741,1.3490000001183944
545,d64_u9,angry,train,64,9,bc,3,1,1,0,0,0,1,1,0,ok,"{""sentences"": [""I hear you."", ""We can pause here for a moment.""], ""safety"": ""ok""}",1,2176,1.538800000162155,0.001600000359758269,0.00020000061340397224,0.012100000276404899,0.004600000465870835,1.5621000002283836
546,d64_u10,neutral,train,64,10,bc,3,1,1,0,0,0,1,1,0,ok,"{""sentences"": [""I hear you."", ""We can pause here for a moment.""], ""safety"": ""ok""}",1,2176,1.2629000002561952,0.0017999991541728377,0.00019999970390927047,0.012600000445672777,0.004699999408330768,1.2876000000687782
547,d64_u11,angry,train,64,11,bc,3,1,1,0,0,0,1,1,0,ok,"{""sentences"": [""I hear you."", ""We can pause here for a moment.""], ""safety"": ""ok""}",1,2176,1.388300000144227,0.0018999999156221747,0.00030000046535860747,0.012700000297627412,0.004600000465870835,1.41299999995681
548,d64_u12,neutral,train,64,12,bc,3,1,1,0,0,0,1,1,0,ok,"{""sentences"": [""I hear you."", ""We can pause here for a moment.""], ""safety"": ""ok""}",1,2176,1.3976999998703832,0.0017000002117129043,0.00019999970390927047,0.01249999968422344,0.004800000169780105,1.421999999365653
549,d65_u0,happy,train,65,0,bc,3,1,1,0,0,0,1,1,0,ok,"{""sentences"": [""I hear you."", ""We can pause here for a moment.""], ""safety"": ""ok""}",1,2176,1.358299999992596,0.0018000000636675395,0.00019999970390927047,0.01340000017080456,0.004900000021734741,1.3842999996995786
550,d65_u2,neutral,train,65,2,bc,3,1,1,0,0,0,1,1,0,ok,"{""sentences"": [""I hear you."", ""We can pause here for a moment.""], ""safety"": ""ok""}",1,2176,1.3729000002058456,0.0017000002117129043,0.00019999970390927047,0.012299999980314169,0.004799999260285404,1.3970999998491607
551,d65_u3,happy,train,65,3,bc,3,1,1,0,0,0,1,1,0,ok,"{""sentences"": [""I hear you."", ""We can pause here for a moment.""], ""safety"": ""ok""}",1,2176,1.5229999999064603,0.0019000008251168765,0.00019999970390927047,0.013499999113264494,0.0054000001910026185,1.5496000005441601
552,d66_u1,neutral,train,66,1,bc,3,1,1,0,0,0,1,1,0,ok,"{""sentences"": [""I hear you."", ""We can pause here for a moment.""], ""safety"": ""ok""}",1,2176,1.5155999999478809,0.0017000002117129043,0.00030000046535860747,0.012700000297627412,0.00470000031782547,1.5401000000565546
553,d66_u2,neutral,train,66,2,bc,3,1,1,0,0,0,1,1,0,ok,"{""sentences"": [""I hear you."", ""We can pause here for a moment.""], ""safety"": ""ok""}",1,2176,1.4457999996011495,0.0018999999156221747,0.0002999995558639057,0.013500000022759195,0.004999999873689376,1.471999999921536
554,d66_u3,neutral,train,66,3,bc,3,1,1,0,0,0,1,1,0,ok,"{""sentences"": [""I hear you."", ""We can pause here for a moment.""], ""safety"": ""ok""}",1,2176,1.447300000108953,0.0018000000636675395,0.00019999970390927047,0.012299999980314169,0.005099999725644011,1.4718000002176268
555,d66_u4,neutral,train,66,4,bc,3,1,1,0,0,0,1,1,0,ok,"{""sentences"": [""I hear you."", ""We can pause here for a moment.""], ""safety"": ""ok""}",1,2176,1.4249999994717655,0.0018000000636675395,0.00019999970390927047,0.013099999705445953,0.004900000021734741,1.4506000006804243
556,d66_u6,neutral,train,66,6,bc,3,1,1,0,0,0,1,1,0,ok,"{""sentences"": [""I hear you."", ""We can pause here for a moment.""], ""safety"": ""ok""}",1,2176,1.4274999994086102,0.0016999993022182025,0.00019999970390927047,0.012399999832268804,0.004899999112240039,1.4520000004267786
557,d66_u7,neutral,train,66,7,bc,3,1,1,0,0,0,1,1,0,ok,"{""sentences"": [""I hear you."", ""We can pause here for a moment.""], ""safety"": ""ok""}",1,2176,1.4222999998310115,0.0018000000636675395,0.00019999970390927047,0.013300000318849925,0.005099999725644011,1.4485000001513981
558,d66_u8,sad,train,66,8,bc,3,1,1,0,0,0,1,1,0,ok,"{""sentences"": [""I hear you."", ""We can pause here for a moment.""], ""safety"": ""ok""}",1,2176,1.426499999979569,0.0017000002117129043,0.00030000046535860747,0.012500000593718141,0.004800000169780105,1.4509000002362882
559,d66_u9,happy,train,66,9,bc,3,1,1,0,0,0,1,1,0,ok,"{""sentences"": [""I hear you."", ""We can pause here for a moment.""], ""safety"": ""ok""}",1,2176,1.4462999997704173,0.0018999999156221747,0.00030000046535860747,0.013099999705445953,0.005200000487093348,1.4721999996254453
560,d66_u10,happy,train,66,10,bc,3,1,1,0,0,0,1,1,0,ok,"{""sentences"": [""I hear you."", ""We can pause here for a moment.""], ""safety"": ""ok""}",1,2176,1.4470999994955491,0.001600000359758269,0.00019999970390927047,0.01249999968422344,0.004900000021734741,1.4713999999003136
561,d66_u11,sad,train,66,11,bc,3,1,1,0,0,0,1,1,0,ok,"{""sentences"": [""I hear you."", ""We can pause here for a moment.""], ""safety"": ""ok""}",1,2176,1.3865000000805594,0.0018000000636675395,0.0002999995558639057,0.013299999409355223,0.004799999260285404,1.412499999787542
562,d66_u12,neutral,train,66,12,bc,3,1,1,0,0,0,1,1,0,ok,"{""sentences"": [""I hear you."", ""We can pause here for a moment.""], ""safety"": ""ok""}",1,2176,1.3898999995944905,0.0016999993022182025,0.00019999970390927047,0.01249999968422344,0.004800000169780105,1.4143000007607043
563,d67_u1,neutral,train,67,1,bc,3,1,1,0,0,0,1,1,0,ok,"{""sentences"": [""I hear you."", ""We can pause here for a moment.""], ""safety"": ""ok""}",1,2176,1.4167999997880543,0.0016999993022182025,0.00019999970390927047,0.013099999705445953,0.004800000169780105,1.4418999999179505
564,d67_u2,happy,train,67,2,bc,3,1,1,0,0,0,1,1,0,ok,"{""sentences"": [""I hear you."", ""We can pause here for a moment.""], ""safety"": ""ok""}",1,2176,1.4159000002109678,0.0017000002117129043,0.00020000061340397224,0.012500000593718141,0.004599999556376133,1.4400000000023283
565,d67_u3,neutral,train,67,3,bc,3,1,1,0,0,0,1,1,0,ok,"{""sentences"": [""I hear you."", ""We can pause here for a moment.""], ""safety"": ""ok""}",1,2176,1.7002000004140427,0.0018000000636675395,0.00019999970390927047,0.013199999557400588,0.005100000635138713,1.7263999998249346
566,d67_u5,happy,train,67,5,bc,3,1,1,0,0,0,1,1,0,ok,"{""sentences"": [""I hear you."", ""We can pause here for a moment.""], ""safety"": ""ok""}",1,2176,1.3912000003983849,0.0018000000636675395,0.0002999995558639057,0.012900000001536682,0.004800000169780105,1.4160999999148771
567,d67_u6,sad,train,67,6,bc,3,1,1,0,0,0,1,1,0,ok,"{""sentences"": [""I hear you."", ""We can pause here for a moment.""], ""safety"": ""ok""}",1,2176,1.6515999996045139,0.001600000359758269,0.00019999970390927047,0.012299999980314169,0.004599999556376133,1.6755000006014598
568,d67_u7,happy,train,67,7,bc,3,1,1,0,0,0,1,1,0,ok,"{""sentences"": [""I hear you."", ""We can pause here for a moment.""], ""safety"": ""ok""}",1,2176,1.3318000001163455,0.0017999991541728377,0.00020000061340397224,0.01320000046689529,0.004800000169780105,1.3575000002674642
569,d67_u8,happy,train,67,8,bc,3,1,1,0,0,0,1,1,0,ok,"{""sentences"": [""I hear you."", ""We can pause here for a moment.""], ""safety"": ""ok""}",1,2176,1.6310000000885339,0.0018000000636675395,0.00030000046535860747,0.02769999991869554,0.004699999408330768,1.6707999993741396
570,d67_u9,neutral,train,67,9,bc,3,1,1,0,0,0,1,1,0,ok,"{""sentences"": [""I hear you."", ""We can pause here for a moment.""], ""safety"": ""ok""}",1,2176,1.3240999996924074,0.0018000000636675395,0.00030000046535860747,0.012599999536178075,0.00470000031782547,1.3485999998010811
571,d67_u10,happy,train,67,10,bc,3,1,1,0,0,0,1,1,0,ok,"{""sentences"": [""I hear you."", ""We can pause here for a moment.""], ""safety"": ""ok""}",1,2176,1.5175999997154577,0.0017000002117129043,0.00020000061340397224,0.012200000128359534,0.004699999408330768,1.5414999998029089
572,d67_u11,happy,train,67,11,bc,3,1,1,0,0,0,1,1,0,ok,"{""sentences"": [""I hear you."", ""We can pause here for a moment.""], ""safety"": ""ok""}",1,2176,1.2231999999130494,0.0018000000636675395,0.0002999995558639057,0.012999999853491317,0.004900000021734741,1.2486999994507642
573,d67_u12,neutral,train,67,12,bc,3,1,1,0,0,0,1,1,0,ok,"{""sentences"": [""I hear you."", ""We can pause here for a moment.""], ""safety"": ""ok""}",1,2176,1.4086999999562977,0.0018999999156221747,0.00019999970390927047,0.01340000017080456,0.004999999873689376,1.4349000002766843
574,d67_u13,neutral,train,67,13,bc,3,1,1,0,0,0,1,1,0,ok,"{""sentences"": [""I hear you."", ""We can pause here for a moment.""], ""safety"": ""ok""}",1,2176,1.4135999999780324,0.0016999993022182025,0.00020000061340397224,0.012599999536178075,0.004900000021734741,1.4381000000867061
575,d67_u14,neutral,train,67,14,bc,3,1,1,0,0,0,1,1,0,ok,"{""sentences"": [""I hear you."", ""We can pause here for a moment.""], ""safety"": ""ok""}",1,2176,1.398700000208919,0.0023000002329354174,0.00030000046535860747,0.013100000614940654,0.005099999725644011,1.4250999993237201
576,d67_u15,angry,train,67,15,bc,3,1,1,0,0,0,1,1,0,ok,"{""sentences"": [""I hear you."", ""We can pause here for a moment.""], ""safety"": ""ok""}",1,2176,1.402300000336254,0.0018000000636675395,0.0002999995558639057,0.012399999832268804,0.004900000021734741,1.4266999996834784
577,d68_u0,angry,train,68,0,bc,3,1,1,0,0,0,1,1,0,ok,"{""sentences"": [""I hear you."", ""We can pause here for a moment.""], ""safety"": ""ok""}",1,2176,1.405200000590412,0.0018000000636675395,0.00019999970390927047,0.013099999705445953,0.004999999873689376,1.430899999832036
578,d68_u1,happy,train,68,1,bc,3,1,1,0,0,0,1,1,0,ok,"{""sentences"": [""I hear you."", ""We can pause here for a moment.""], ""safety"": ""ok""}",1,2176,1.4078999993216712,0.0015999994502635673,0.00020000061340397224,0.012600000445672777,0.004900000021734741,1.4326000000437489
579,d68_u2,neutral,train,68,2,bc,3,1,1,0,0,0,1,1,0,ok,"{""sentences"": [""I hear you."", ""We can pause here for a moment.""], ""safety"": ""ok""}",1,2176,1.3963000001240289,0.0018000000636675395,0.00020000061340397224,0.012900000001536682,0.004800000169780105,1.4211999996405211
580,d69_u0,happy,train,69,0,bc,3,1,1,0,0,0,1,1,0,ok,"{""sentences"": [""I hear you."", ""We can pause here for a moment.""], ""safety"": ""ok""}",1,2176,1.4600999993490404,0.01720000000204891,0.0002999995558639057,0.027299999601382297,0.00470000031782547,1.5149000000747037
581,d69_u1,neutral,train,69,1,bc,3,1,1,0,0,0,1,1,0,ok,"{""sentences"": [""I hear you."", ""We can pause here for a moment.""], ""safety"": ""ok""}",1,2176,1.4327999997476581,0.0018000000636675395,0.00019999970390927047,0.012999999853491317,0.004800000169780105,1.458200000342913
582,d69_u2,neutral,train,69,2,bc,3,1,1,0,0,0,1,1,0,ok,"{""sentences"": [""I hear you."", ""We can pause here for a moment.""], ""safety"": ""ok""}",1,2176,1.3550000003306195,0.0015999994502635673,0.00019999970390927047,0.012200000128359534,0.004499999704421498,1.3785000001007575
583,d69_u4,sad,train,69,4,bc,3,1,1,0,0,0,1,1,0,ok,"{""sentences"": [""I hear you."", ""We can pause here for a moment.""], ""safety"": ""ok""}",1,2176,1.473199999963981,0.0018000000636675395,0.00019999970390927047,0.013500000022759195,0.004900000021734741,1.4992999995229184
584,d69_u5,neutral,train,69,5,bc,3,1,1,0,0,0,1,1,0,ok,"{""sentences"": [""I hear you."", ""We can pause here for a moment.""], ""safety"": ""ok""}",1,2176,1.4643000004070927,0.0018000000636675395,0.00019999970390927047,0.012599999536178075,0.004800000169780105,1.4888999994582264
585,d69_u6,angry,train,69,6,bc,3,1,1,0,0,0,1,1,0,ok,"{""sentences"": [""I hear you."", ""We can pause here for a moment.""], ""safety"": ""ok""}",1,2176,1.4143999997031642,0.0017000002117129043,0.00019999970390927047,0.012800000149582047,0.004999999873689376,1.4394999998330604
586,d70_u0,happy,train,70,0,bc,3,1,1,0,0,0,1,1,0,ok,"{""sentences"": [""I hear you."", ""We can pause here for a moment.""], ""safety"": ""ok""}",1,2176,1.4757000008103205,0.0017000002117129043,0.0002999995558639057,0.02789999962260481,0.004799999260285404,1.516000000265194
587,d70_u1,neutral,train,70,1,bc,3,1,1,0,0,0,1,1,0,ok,"{""sentences"": [""I hear you."", ""We can pause here for a moment.""], ""safety"": ""ok""}",1,2176,1.631400000405847,0.0018000000636675395,0.0002999995558639057,0.012900000001536682,0.00470000031782547,1.6565999994782032
588,d70_u2,neutral,train,70,2,bc,3,1,1,0,0,0,1,1,0,ok,"{""sentences"": [""I hear you."", ""We can pause here for a moment.""], ""safety"": ""ok""}",1,2176,1.254299999345676,0.0018000000636675395,0.00030000046535860747,0.012800000149582047,0.004900000021734741,1.2793000005331123
589,d70_u3,neutral,train,70,3,bc,3,1,1,0,0,0,1,1,0,ok,"{""sentences"": [""I hear you."", ""We can pause here for a moment.""], ""safety"": ""ok""}",1,2176,1.5474000001631794,0.0017000002117129043,0.00030000046535860747,0.012100000276404899,0.004800000169780105,1.5711999994891812
590,d70_u4,neutral,train,70,4,bc,3,1,1,0,0,0,1,1,0,ok,"{""sentences"": [""I hear you."", ""We can pause here for a moment.""], ""safety"": ""ok""}",1,2176,1.2458999999580556,0.0018000000636675395,0.00019999970390927047,0.012999999853491317,0.004999999873689376,1.2712000007013557
591,d70_u5,angry,train,70,5,bc,3,1,1,0,0,0,1,1,0,ok,"{""sentences"": [""I hear you."", ""We can pause here for a moment.""], ""safety"": ""ok""}",1,2176,1.4952999999877647,0.0018000000636675395,0.00019999970390927047,0.013099999705445953,0.004999999873689376,1.5209000002869288
592,d70_u6,neutral,train,70,6,bc,3,1,1,0,0,0,1,1,0,ok,"{""sentences"": [""I hear you."", ""We can pause here for a moment.""], ""safety"": ""ok""}",1,2176,1.5277000002242858,0.0017000002117129043,0.00020000061340397224,0.011799999811046291,0.004499999704421498,1.5505999999732012
593,d70_u7,angry,train,70,7,bc,3,1,1,0,0,0,1,1,0,ok,"{""sentences"": [""I hear you."", ""We can pause here for a moment.""], ""safety"": ""ok""}",1,2176,1.7450000004828325,0.0018000000636675395,0.00030000046535860747,0.012999999853491317,0.004900000021734741,1.770599999872502
594,d70_u8,angry,train,70,8,bc,3,1,1,0,0,0,1,1,0,ok,"{""sentences"": [""I hear you."", ""We can pause here for a moment.""], ""safety"": ""ok""}",1,2176,1.7167000005429145,0.001600000359758269,0.00020000061340397224,0.012200000128359534,0.00470000031782547,1.7404999998689163
595,d71_u0,neutral,train,71,0,bc,3,1,1,0,0,0,1,1,0,ok,"{""sentences"": [""I hear you."", ""We can pause here for a moment.""], ""safety"": ""ok""}",1,2176,1.5002999998614541,0.0018999999156221747,0.00019999970390927047,0.012900000001536682,0.004900000021734741,1.5257999993991689
596,d71_u1,neutral,train,71,1,bc,3,1,1,0,0,0,1,1,0,ok,"{""sentences"": [""I hear you."", ""We can pause here for a moment.""], ""safety"": ""ok""}",1,2176,1.5052999997351435,0.0016999993022182025,0.0002999995558639057,0.012200000128359534,0.004600000465870835,1.5291999998225947
597,d72_u0,neutral,train,72,0,bc,3,1,1,0,0,0,1,1,0,ok,"{""sentences"": [""I hear you."", ""We can pause here for a moment.""], ""safety"": ""ok""}",1,2176,1.3619999999718857,0.0018999999156221747,0.00019999970390927047,0.013099999705445953,0.004900000021734741,1.3874000005671405
598,d72_u2,neutral,train,72,2,bc,3,1,1,0,0,0,1,1,0,ok,"{""sentences"": [""I hear you."", ""We can pause here for a moment.""], ""safety"": ""ok""}",1,2176,1.3627999996970175,0.0016999993022182025,0.00019999970390927047,0.012399999832268804,0.004800000169780105,1.3867999996364233
599,d72_u4,neutral,train,72,4,bc,3,1,1,0,0,0,1,1,0,ok,"{""sentences"": [""I hear you."", ""We can pause here for a moment.""], ""safety"": ""ok""}",1,2176,1.3976000000184285,0.0017000002117129043,0.00030000046535860747,0.012999999853491317,0.004900000021734741,1.422899999852234
600,d72_u5,neutral,train,72,5,bc,3,1,1,0,0,0,1,1,0,ok,"{""sentences"": [""I hear you."", ""We can pause here for a moment.""], ""safety"": ""ok""}",1,2176,1.3992000003781868,0.0017000002117129043,0.00019999970390927047,0.012299999980314169,0.004600000465870835,1.4229999997041887
601,d72_u6,neutral,train,72,6,bc,3,1,1,0,0,0,1,1,0,ok,"{""sentences"": [""I hear you."", ""We can pause here for a moment.""], ""safety"": ""ok""}",1,2176,1.6365999999834457,0.0018000000636675395,0.00019999970390927047,0.013099999705445953,0.004900000021734741,1.6623000001345645
602,d72_u7,neutral,train,72,7,bc,3,1,1,0,0,0,1,1,0,ok,"{""sentences"": [""I hear you."", ""We can pause here for a moment.""], ""safety"": ""ok""}",1,2176,1.3612999991892138,0.0017000002117129043,0.00030000046535860747,0.01269999938813271,0.004800000169780105,1.3859999999112915
603,d73_u0,neutral,train,73,0,bc,3,1,1,0,0,0,1,1,0,ok,"{""sentences"": [""I hear you."", ""We can pause here for a moment.""], ""safety"": ""ok""}",1,2176,1.5785999994477606,0.0018000000636675395,0.00030000046535860747,0.012299999980314169,0.004800000169780105,1.602699999239121
604,d73_u1,happy,train,73,1,bc,3,1,1,0,0,0,1,1,0,ok,"{""sentences"": [""I hear you."", ""We can pause here for a moment.""], ""safety"": ""ok""}",1,2176,1.2828999997509527,0.0017999991541728377,0.00020000061340397224,0.01340000017080456,0.005000000783184078,1.3087000006635208
605,d73_u2,happy,train,73,2,bc,3,1,1,0,0,0,1,1,0,ok,"{""sentences"": [""I hear you."", ""We can pause here for a moment.""], ""safety"": ""ok""}",1,2176,1.4528000001519104,0.0018999999156221747,0.00020000061340397224,0.01340000017080456,0.004800000169780105,1.4787000000069384
606,d73_u3,neutral,train,73,3,bc,3,1,1,0,0,0,1,1,0,ok,"{""sentences"": [""I hear you."", ""We can pause here for a moment.""], ""safety"": ""ok""}",1,2176,1.444900000024063,0.0016999993022182025,0.00030000046535860747,0.012600000445672777,0.004900000021734741,1.4693000002807821
607,d73_u4,neutral,train,73,4,bc,3,1,1,0,0,0,1,1,0,ok,"{""sentences"": [""I hear you."", ""We can pause here for a moment.""], ""safety"": ""ok""}",1,2176,1.412499999787542,0.0018000000636675395,0.00020000061340397224,0.01340000017080456,0.005100000635138713,1.4385000004040194
608,d73_u5,neutral,train,73,5,bc,3,1,1,0,0,0,1,1,0,ok,"{""sentences"": [""I hear you."", ""We can pause here for a moment.""], ""safety"": ""ok""}",1,2176,1.4138000005914364,0.0017000002117129043,0.00030000046535860747,0.012599999536178075,0.00470000031782547,1.4382999997906154
609,d73_u7,neutral,train,73,7,bc,3,1,1,0,0,0,1,1,0,ok,"{""sentences"": [""I hear you."", ""We can pause here for a moment.""], ""safety"": ""ok""}",1,2176,1.372599999740487,0.0018000000636675395,0.0002999995558639057,0.012800000149582047,0.004799999260285404,1.3976000000184285
610,d73_u8,neutral,train,73,8,bc,3,1,1,0,0,0,1,1,0,ok,"{""sentences"": [""I hear you."", ""We can pause here for a moment.""], ""safety"": ""ok""}",1,2176,1.3706999998248648,0.0015000005078036338,0.00019999970390927047,0.012200000128359534,0.00470000031782547,1.3945000000603613
611,d73_u9,neutral,train,73,9,bc,3,1,1,0,0,0,1,1,0,ok,"{""sentences"": [""I hear you."", ""We can pause here for a moment.""], ""safety"": ""ok""}",1,2176,1.4081999997870298,0.0018000000636675395,0.00030000046535860747,0.013100000614940654,0.00470000031782547,1.4333999997688807
612,d73_u11,neutral,train,73,11,bc,3,1,1,0,0,0,1,1,0,ok,"{""sentences"": [""I hear you."", ""We can pause here for a moment.""], ""safety"": ""ok""}",1,2176,1.4111000000411877,0.0017000002117129043,0.00020000061340397224,0.012200000128359534,0.004800000169780105,1.434799999515235
613,d74_u0,happy,train,74,0,bc,3,1,1,0,0,0,1,1,0,ok,"{""sentences"": [""I hear you."", ""We can pause here for a moment.""], ""safety"": ""ok""}",1,2176,1.363100000162376,0.0017000002117129043,0.00019999970390927047,0.013099999705445953,0.004800000169780105,1.3881999993827776
614,d74_u1,neutral,train,74,1,bc,3,1,1,0,0,0,1,1,0,ok,"{""sentences"": [""I hear you."", ""We can pause here for a moment.""], ""safety"": ""ok""}",1,2176,1.4156999995975639,0.0017000002117129043,0.00019999970390927047,0.012299999980314169,0.004900000021734741,1.4397999993889243
615,d74_u2,neutral,train,74,2,bc,3,1,1,0,0,0,1,1,0,ok,"{""sentences"": [""I hear you."", ""We can pause here for a moment.""], ""safety"": ""ok""}",1,2176,1.5013000001999899,0.0018999999156221747,0.00019999970390927047,0.013199999557400588,0.004900000021734741,1.526999999441614
616,d74_u3,neutral,train,74,3,bc,3,1,1,0,0,0,1,1,0,ok,"{""sentences"": [""I hear you."", ""We can pause here for a moment.""], ""safety"": ""ok""}",1,2176,1.4568999995390186,0.0017999991541728377,0.00019999970390927047,0.012800000149582047,0.004900000021734741,1.4816000002610963
617,d74_u5,angry,train,74,5,bc,3,1,1,0,0,0,1,1,0,ok,"{""sentences"": [""I hear you."", ""We can pause here for a moment.""], ""safety"": ""ok""}",1,2176,1.4105999998719199,0.0018999999156221747,0.00019999970390927047,0.013299999409355223,0.004900000021734741,1.4367000003403518
618,d74_u6,angry,train,74,6,bc,3,1,1,0,0,0,1,1,0,ok,"{""sentences"": [""I hear you."", ""We can pause here for a moment.""], ""safety"": ""ok""}",1,2176,1.4339999997901032,0.0016999993022182025,0.00020000061340397224,0.012900000001536682,0.004800000169780105,1.4590000000680448
619,d75_u0,neutral,train,75,0,bc,3,1,1,0,0,0,1,1,0,ok,"{""sentences"": [""I hear you."", ""We can pause here for a moment.""], ""safety"": ""ok""}",1,2176,1.4246999999159016,0.0018000000636675395,0.00020000061340397224,0.013500000022759195,0.004900000021734741,1.4505999997709296
620,d76_u0,neutral,train,76,0,bc,3,1,1,0,0,0,1,1,0,ok,"{""sentences"": [""I hear you."", ""We can pause here for a moment.""], ""safety"": ""ok""}",1,2176,1.4073000002099434,0.0018000000636675395,0.00019999970390927047,0.012599999536178075,0.004699999408330768,1.431800000318617
621,d76_u1,neutral,train,76,1,bc,3,1,1,0,0,0,1,1,0,ok,"{""sentences"": [""I hear you."", ""We can pause here for a moment.""], ""safety"": ""ok""}",1,2176,1.4434000004257541,0.0019000008251168765,0.0002999995558639057,0.013299999409355223,0.005099999725644011,1.4696999996886007
622,d76_u2,neutral,train,76,2,bc,3,1,1,0,0,0,1,1,0,ok,"{""sentences"": [""I hear you."", ""We can pause here for a moment.""], ""safety"": ""ok""}",1,2176,1.4455000000452856,0.0018000000636675395,0.0002999995558639057,0.01249999968422344,0.004900000021734741,1.470100000005914
623,d76_u3,neutral,train,76,3,bc,3,1,1,0,0,0,1,1,0,ok,"{""sentences"": [""I hear you."", ""We can pause here for a moment.""], ""safety"": ""ok""}",1,2176,1.376199999867822,0.0023000002329354174,0.00030000046535860747,0.01340000017080456,0.004999999873689376,1.4027000006535673
624,d76_u4,neutral,train,76,4,bc,3,1,1,0,0,0,1,1,0,ok,"{""sentences"": [""I hear you."", ""We can pause here for a moment.""], ""safety"": ""ok""}",1,2176,1.3796000002912479,0.0018000000636675395,0.00019999970390927047,0.012599999536178075,0.004800000169780105,1.4039999996384722
625,d76_u5,happy,train,76,5,bc,3,1,1,0,0,0,1,1,0,ok,"{""sentences"": [""I hear you."", ""We can pause here for a moment.""], ""safety"": ""ok""}",1,2176,1.3632999998662854,0.0016999993022182025,0.00020000061340397224,0.013100000614940654,0.005099999725644011,1.389000000017404
626,d76_u6,happy,train,76,6,bc,3,1,1,0,0,0,1,1,0,ok,"{""sentences"": [""I hear you."", ""We can pause here for a moment.""], ""safety"": ""ok""}",1,2176,1.3608999997813953,0.0017000002117129043,0.00030000046535860747,0.012600000445672777,0.00470000031782547,1.3849999995727558
627,d76_u7,sad,train,76,7,bc,3,1,1,0,0,0,1,1,0,ok,"{""sentences"": [""I hear you."", ""We can pause here for a moment.""], ""safety"": ""ok""}",1,2176,1.396999999997206,0.0018000000636675395,0.0002999995558639057,0.01340000017080456,0.004900000021734741,1.422899999852234
628,d77_u0,neutral,train,77,0,bc,3,1,1,0,0,0,1,1,0,ok,"{""sentences"": [""I hear you."", ""We can pause here for a moment.""], ""safety"": ""ok""}",1,2176,1.4025000000401633,0.0018000000636675395,0.00019999970390927047,0.012700000297627412,0.004800000169780105,1.4271000000007916
629,d77_u1,neutral,train,77,1,bc,3,1,1,0,0,0,1,1,0,ok,"{""sentences"": [""I hear you."", ""We can pause here for a moment.""], ""safety"": ""ok""}",1,2176,1.6187000001082197,0.0017000002117129043,0.00019999970390927047,0.013099999705445953,0.004900000021734741,1.6444000002593384
630,d77_u2,neutral,train,77,2,bc,3,1,1,0,0,0,1,1,0,ok,"{""sentences"": [""I hear you."", ""We can pause here for a moment.""], ""safety"": ""ok""}",1,2176,1.3231999992058263,0.0016999993022182025,0.00030000046535860747,0.012800000149582047,0.004999999873689376,1.3483000002452172
631,d77_u3,neutral,train,77,3,bc,3,1,1,0,0,0,1,1,0,ok,"{""sentences"": [""I hear you."", ""We can pause here for a moment.""], ""safety"": ""ok""}",1,2176,1.6625999996904284,0.0018000000636675395,0.00020000061340397224,0.013300000318849925,0.009800000043469481,1.6929999992498779
632,d77_u4,happy,train,77,4,bc,3,1,1,0,0,0,1,1,0,ok,"{""sentences"": [""I hear you."", ""We can pause here for a moment.""], ""safety"": ""ok""}",1,2176,1.301400000556896,0.0018000000636675395,0.00019999970390927047,0.012900000001536682,0.00470000031782547,1.3263999999253429
633,d78_u0,happy,train,78,0,bc,3,1,1,0,0,0,1,1,0,ok,"{""sentences"": [""I hear you."", ""We can pause here for a moment.""], ""safety"": ""ok""}",1,2176,1.4068000000406755,0.0018000000636675395,0.00019999970390927047,0.01340000017080456,0.004800000169780105,1.4326999998957035
634,d78_u1,angry,train,78,1,bc,3,1,1,0,0,0,1,1,0,ok,"{""sentences"": [""I hear you."", ""We can pause here for a moment.""], ""safety"": ""ok""}",1,2176,1.3411999998425017,0.0017000002117129043,0.00019999970390927047,0.027499999305291567,0.004799999260285404,1.3804000000163796
635,d78_u2,angry,train,78,2,bc,3,1,1,0,0,0,1,1,0,ok,"{""sentences"": [""I hear you."", ""We can pause here for a moment.""], ""safety"": ""ok""}",1,2176,1.693600000180595,0.0018999999156221747,0.0002999995558639057,0.01340000017080456,0.004900000021734741,1.7195999998875777
636,d78_u3,neutral,train,78,3,bc,3,1,1,0,0,0,1,1,0,ok,"{""sentences"": [""I hear you."", ""We can pause here for a moment.""], ""safety"": ""ok""}",1,2176,1.3978000006318325,0.0018000000636675395,0.00019999970390927047,0.012900000001536682,0.004999999873689376,1.4229999997041887
637,d79_u0,neutral,train,79,0,bc,3,1,1,0,0,0,1,1,0,ok,"{""sentences"": [""I hear you."", ""We can pause here for a moment.""], ""safety"": ""ok""}",1,2176,1.4271000000007916,0.0018000000636675395,0.0002999995558639057,0.013199999557400588,0.004800000169780105,1.4527000002999557
638,d79_u2,happy,train,79,2,bc,3,1,1,0,0,0,1,1,0,ok,"{""sentences"": [""I hear you."", ""We can pause here for a moment.""], ""safety"": ""ok""}",1,2176,1.4835000001767185,0.0017999991541728377,0.00020000061340397224,0.013099999705445953,0.02049999966402538,1.52429999980086
639,d79_u4,neutral,train,79,4,bc,3,1,1,0,0,0,1,1,0,ok,"{""sentences"": [""I hear you."", ""We can pause here for a moment.""], ""safety"": ""ok""}",1,2176,1.4048000002730987,0.001600000359758269,0.0002999995558639057,0.01249999968422344,0.004699999408330768,1.4286999994510552
640,d79_u6,neutral,train,79,6,bc,3,1,1,0,0,0,1,1,0,ok,"{""sentences"": [""I hear you."", ""We can pause here for a moment.""], ""safety"": ""ok""}",1,2176,1.4425999997911276,0.0018999999156221747,0.00019999970390927047,0.013500000022759195,0.004999999873689376,1.4688000001115142
641,d79_u7,neutral,train,79,7,bc,3,1,1,0,0,0,1,1,0,ok,"{""sentences"": [""I hear you."", ""We can pause here for a moment.""], ""safety"": ""ok""}",1,2176,1.4864000004308764,0.0018999999156221747,0.0002999995558639057,0.013299999409355223,0.005199999577598646,1.5127999995456776
642,d80_u0,neutral,train,80,0,bc,3,1,1,0,0,0,1,1,0,ok,"{""sentences"": [""I hear you."", ""We can pause here for a moment.""], ""safety"": ""ok""}",1,2176,1.4177000002746354,0.0017000002117129043,0.0002999995558639057,0.013099999705445953,0.004900000021734741,1.4429000002564862
643,d80_u1,happy,train,80,1,bc,3,1,1,0,0,0,1,1,0,ok,"{""sentences"": [""I hear you."", ""We can pause here for a moment.""], ""safety"": ""ok""}",1,2176,1.4000999999552732,0.0018999999156221747,0.00019999970390927047,0.013299999409355223,0.004900000021734741,1.4261000005717506
644,d80_u3,neutral,train,80,3,bc,3,1,1,0,0,0,1,1,0,ok,"{""sentences"": [""I hear you."", ""We can pause here for a moment.""], ""safety"": ""ok""}",1,2176,1.4005000002725865,0.0018000000636675395,0.00019999970390927047,0.012900000001536682,0.004800000169780105,1.4256999993449426
645,d80_u4,neutral,train,80,4,bc,3,1,1,0,0,0,1,1,0,ok,"{""sentences"": [""I hear you."", ""We can pause here for a moment.""], ""safety"": ""ok""}",1,2176,1.4262000004237052,0.0018000000636675395,0.0002999995558639057,0.013099999705445953,0.004999999873689376,1.4516000001094653
646,d80_u5,neutral,train,80,5,bc,3,1,1,0,0,0,1,1,0,ok,"{""sentences"": [""I hear you."", ""We can pause here for a moment.""], ""safety"": ""ok""}",1,2176,1.425800000106392,0.0018000000636675395,0.00030000046535860747,0.012700000297627412,0.004900000021734741,1.450700000532379
647,d81_u0,neutral,train,81,0,bc,3,1,1,0,0,0,1,1,0,ok,"{""sentences"": [""I hear you."", ""We can pause here for a moment.""], ""safety"": ""ok""}",1,2176,1.4126000005489914,0.0018000000636675395,0.00030000046535860747,0.013099999705445953,0.005099999725644011,1.43839999964257
648,d81_u1,neutral,train,81,1,bc,3,1,1,0,0,0,1,1,0,ok,"{""sentences"": [""I hear you."", ""We can pause here for a moment.""], ""safety"": ""ok""}",1,2176,1.4276000001700595,0.0017000002117129043,0.0002999995558639057,0.01269999938813271,0.004699999408330768,1.4521999992211931
649,d81_u2,neutral,train,81,2,bc,3,1,1,0,0,0,1,1,0,ok,"{""sentences"": [""I hear you."", ""We can pause here for a moment.""], ""safety"": ""ok""}",1,2176,1.621299999897019,0.0015999994502635673,0.0002999995558639057,0.012800000149582047,0.004800000169780105,1.661199999944074
650,d81_u3,happy,train,81,3,bc,3,1,1,0,0,0,1,1,0,ok,"{""sentences"": [""I hear you."", ""We can pause here for a moment.""], ""safety"": ""ok""}",1,2176,1.296100000217848,0.0018000000636675395,0.00019999970390927047,0.01269999938813271,0.004499999704421498,1.320800000030431
651,d81_u5,neutral,train,81,5,bc,3,1,1,0,0,0,1,1,0,ok,"{""sentences"": [""I hear you."", ""We can pause here for a moment.""], ""safety"": ""ok""}",1,2176,1.5016999996078084,0.0018999999156221747,0.00019999970390927047,0.013299999409355223,0.004999999873689376,1.5277000002242858
652,d81_u6,happy,train,81,6,bc,3,1,1,0,0,0,1,1,0,ok,"{""sentences"": [""I hear you."", ""We can pause here for a moment.""], ""safety"": ""ok""}",1,2176,1.4780000001337612,0.0017000002117129043,0.00020000061340397224,0.012900000001536682,0.004800000169780105,1.502999999502208
653,d81_u8,happy,train,81,8,bc,3,1,1,0,0,0,1,1,0,ok,"{""sentences"": [""I hear you."", ""We can pause here for a moment.""], ""safety"": ""ok""}",1,2176,1.6640000003462774,0.0020000006770715117,0.00030000046535860747,0.01300000076298602,0.004900000021734741,1.6893000001800829
654,d81_u9,neutral,train,81,9,bc,3,1,1,0,0,0,1,1,0,ok,"{""sentences"": [""I hear you."", ""We can pause here for a moment.""], ""safety"": ""ok""}",1,2176,1.3629000004584668,0.0017000002117129043,0.00020000061340397224,0.01300000076298602,0.004800000169780105,1.3883999999961816
655,d81_u10,neutral,train,81,10,bc,3,1,1,0,0,0,1,1,0,ok,"{""sentences"": [""I hear you."", ""We can pause here for a moment.""], ""safety"": ""ok""}",1,2176,1.5541000002485816,0.0031999998100218363,0.0004000003173132427,0.01630000042496249,0.005599999894911889,1.587199999448785
656,d81_u11,angry,train,81,11,bc,3,1,1,0,0,0,1,1,0,ok,"{""sentences"": [""I hear you."", ""We can pause here for a moment.""], ""safety"": ""ok""}",1,2176,2.0835000004808535,0.0018999999156221747,0.0002999995558639057,0.013500000022759195,0.004800000169780105,2.1091999997224775
657,d81_u12,neutral,train,81,12,bc,3,1,1,0,0,0,1,1,0,ok,"{""sentences"": [""I hear you."", ""We can pause here for a moment.""], ""safety"": ""ok""}",1,2176,2.3378000005322974,0.002099999619531445,0.0004000003173132427,0.013899999430577736,0.005899999450775795,2.3661000004722155
658,d81_u13,angry,train,81,13,bc,3,1,1,0,0,0,1,1,0,ok,"{""sentences"": [""I hear you."", ""We can pause here for a moment.""], ""safety"": ""ok""}",1,2176,1.8439999994370737,0.0018000000636675395,0.00030000046535860747,0.04440000066097127,0.004999999873689376,1.9007999999303138
659,d81_u14,angry,train,81,14,bc,3,1,1,0,0,0,1,1,0,ok,"{""sentences"": [""I hear you."", ""We can pause here for a moment.""], ""safety"": ""ok""}",1,2176,1.7597000005480368,0.0018999999156221747,0.00019999970390927047,0.013700000636163168,0.005500000042957254,1.787000000149419
660,d81_u15,angry,train,81,15,bc,3,1,1,0,0,0,1,1,0,ok,"{""sentences"": [""I hear you."", ""We can pause here for a moment.""], ""safety"": ""ok""}",1,2176,1.7199999992953963,0.0018999999156221747,0.0002999995558639057,0.013500000022759195,0.005300000339047983,1.7464000002291868
661,d82_u0,neutral,train,82,0,bc,3,1,1,0,0,0,1,1,0,ok,"{""sentences"": [""I hear you."", ""We can pause here for a moment.""], ""safety"": ""ok""}",1,2176,1.6489999998157145,0.0016999993022182025,0.00020000061340397224,0.012700000297627412,0.004999999873689376,1.6740999999456108
662,d82_u1,neutral,train,82,1,bc,3,1,1,0,0,0,1,1,0,ok,"{""sentences"": [""I hear you."", ""We can pause here for a moment.""], ""safety"": ""ok""}",1,2176,1.3052000003881403,0.0018999999156221747,0.0002999995558639057,0.012999999853491317,0.004999999873689376,1.3308999996297644
663,d82_u2,angry,train,82,2,bc,3,1,1,0,0,0,1,1,0,ok,"{""sentences"": [""I hear you."", ""We can pause here for a moment.""], ""safety"": ""ok""}",1,2176,1.9431999999142135,0.00199999976757681,0.00020000061340397224,0.02390000008745119,0.005500000042957254,1.9806999998763786
664,d82_u4,sad,train,82,4,bc,3,1,1,0,0,0,1,1,0,ok,"{""sentences"": [""I hear you."", ""We can pause here for a moment.""], ""safety"": ""ok""}",1,2176,1.6749999995226972,0.00199999976757681,0.00019999970390927047,0.013600000784208532,0.004999999873689376,1.7014999993989477
665,d82_u5,neutral,train,82,5,bc,3,1,1,0,0,0,1,1,0,ok,"{""sentences"": [""I hear you."", ""We can pause here for a moment.""], ""safety"": ""ok""}",1,2176,1.570999999785272,0.0020000006770715117,0.0002999995558639057,0.013899999430577736,0.0054000001910026185,1.5984000001481036
666,d82_u7,neutral,train,82,7,bc,3,1,1,0,0,0,1,1,0,ok,"{""sentences"": [""I hear you."", ""We can pause here for a moment.""], ""safety"": ""ok""}",1,2176,1.623000000108732,0.0018000000636675395,0.00019999970390927047,0.013100000614940654,0.004900000021734741,1.6644999996060506
667,d82_u10,neutral,train,82,10,bc,3,1,1,0,0,0,1,1,0,ok,"{""sentences"": [""I hear you."", ""We can pause here for a moment.""], ""safety"": ""ok""}",1,2176,1.5393999992738827,0.0018999999156221747,0.0002999995558639057,0.014600000213249587,0.005500000042957254,1.5677000001232955
668,d82_u11,neutral,train,82,11,bc,3,1,1,0,0,0,1,1,0,ok,"{""sentences"": [""I hear you."", ""We can pause here for a moment.""], ""safety"": ""ok""}",1,2176,1.5130000001590815,0.0024000000848900527,0.00030000046535860747,0.014100000043981709,0.005300000339047983,1.5406000002258224
669,d83_u0,neutral,train,83,0,bc,3,1,1,0,0,0,1,1,0,ok,"{""sentences"": [""I hear you."", ""We can pause here for a moment.""], ""safety"": ""ok""}",1,2176,1.5922000002319692,0.002200000380980782,0.0002999995558639057,0.01630000042496249,0.006299999768089037,1.6238999996858183
670,d83_u1,neutral,train,83,1,bc,3,1,1,0,0,0,1,1,0,ok,"{""sentences"": [""I hear you."", ""We can pause here for a moment.""], ""safety"": ""ok""}",1,2176,1.6208000006372458,0.00199999976757681,0.00030000046535860747,0.014000000192027073,0.005099999725644011,1.6476999999213149
671,d83_u2,angry,train,83,2,bc,3,1,1,0,0,0,1,1,0,ok,"{""sentences"": [""I hear you."", ""We can pause here for a moment.""], ""safety"": ""ok""}",1,2176,1.68759999996837,0.003000000106112566,0.00030000046535860747,0.017899999875226058,0.006999999641266186,1.7231000001629582
672,d83_u3,neutral,train,83,3,bc,3,1,1,0,0,0,1,1,0,ok,"{""sentences"": [""I hear you."", ""We can pause here for a moment.""], ""safety"": ""ok""}",1,2176,1.6998000000967295,0.0023000002329354174,0.00030000046535860747,0.015800000255694613,0.005800000508315861,1.7298000002483604
673,d84_u1,angry,train,84,1,bc,3,1,1,0,0,0,1,1,0,ok,"{""sentences"": [""I hear you."", ""We can pause here for a moment.""], ""safety"": ""ok""}",1,2176,1.70810000054189,0.0019000008251168765,0.0002999995558639057,0.014700000065204222,0.005500000042957254,1.7361000000164495
674,d84_u2,angry,train,84,2,bc,3,1,1,0,0,0,1,1,0,ok,"{""sentences"": [""I hear you."", ""We can pause here for a moment.""], ""safety"": ""ok""}",1,2176,1.7172999996546423,0.0018000000636675395,0.00019999970390927047,0.013199999557400588,0.004900000021734741,1.7425000005459879
675,d84_u3,angry,train,84,3,bc,3,1,1,0,0,0,1,1,0,ok,"{""sentences"": [""I hear you."", ""We can pause here for a moment.""], ""safety"": ""ok""}",1,2176,1.4259999998103012,0.0018999999156221747,0.0002999995558639057,0.013800000488117803,0.004999999873689376,1.4525000005960464
676,d84_u4,neutral,train,84,4,bc,3,1,1,0,0,0,1,1,0,ok,"{""sentences"": [""I hear you."", ""We can pause here for a moment.""], ""safety"": ""ok""}",1,2176,1.4226000002963701,0.0017000002117129043,0.00019999970390927047,0.012500000593718141,0.00470000031782547,1.4468999997916399
677,d84_u5,neutral,train,84,5,bc,3,1,1,0,0,0,1,1,0,ok,"{""sentences"": [""I hear you."", ""We can pause here for a moment.""], ""safety"": ""ok""}",1,2176,1.447800000278221,0.0018000000636675395,0.00030000046535860747,0.01340000017080456,0.004900000021734741,1.4736999992237543
678,d84_u6,sad,train,84,6,bc,3,1,1,0,0,0,1,1,0,ok,"{""sentences"": [""I hear you."", ""We can pause here for a moment.""], ""safety"": ""ok""}",1,2176,1.4184000001478125,0.0018000000636675395,0.00020000061340397224,0.01340000017080456,0.005100000635138713,1.444200000150886
679,d85_u0,neutral,train,85,0,bc,3,1,1,0,0,0,1,1,0,ok,"{""sentences"": [""I hear you."", ""We can pause here for a moment.""], ""safety"": ""ok""}",1,2176,1.5556999996988452,0.002100000529026147,0.0002999995558639057,0.015699999494245276,0.005500000042957254,1.5856999998504762
680,d85_u1,neutral,train,85,1,bc,3,1,1,0,0,0,1,1,0,ok,"{""sentences"": [""I hear you."", ""We can pause here for a moment.""], ""safety"": ""ok""}",1,2176,1.5768000002935878,0.0020000006770715117,0.0002999995558639057,0.014100000043981709,0.005300000339047983,1.6040000000430155
681,d85_u2,neutral,train,85,2,bc,3,1,1,0,0,0,1,1,0,ok,"{""sentences"": [""I hear you."", ""We can pause here for a moment.""], ""safety"": ""ok""}",1,2176,1.5364000000772648,0.002099999619531445,0.00019999970390927047,0.014000000192027073,0.005099999725644011,1.5638999993825564
682,d85_u3,neutral,train,85,3,bc,3,1,1,0,0,0,1,1,0,ok,"{""sentences"": [""I hear you."", ""We can pause here for a moment.""], ""safety"": ""ok""}",1,2176,1.5468000001419568,0.0018000000636675395,0.00030000046535860747,0.013300000318849925,0.004999999873689376,1.5722000007372117
683,d85_u4,neutral,train,85,4,bc,3,1,1,0,0,0,1,1,0,ok,"{""sentences"": [""I hear you."", ""We can pause here for a moment.""], ""safety"": ""ok""}",1,2176,1.4301999999588588,0.0018000000636675395,0.00020000061340397224,0.01340000017080456,0.005200000487093348,1.4565000001312
684,d86_u0,neutral,train,86,0,bc,3,1,1,0,0,0,1,1,0,ok,"{""sentences"": [""I hear you."", ""We can pause here for a moment.""], ""safety"": ""ok""}",1,2176,1.4245000002119923,0.0017000002117129043,0.0002999995558639057,0.012900000001536682,0.020399999812070746,1.4648999995188206
685,d86_u1,neutral,train,86,1,bc,3,1,1,0,0,0,1,1,0,ok,"{""sentences"": [""I hear you."", ""We can pause here for a moment.""], ""safety"": ""ok""}",1,2176,1.4768000000913162,0.0018999999156221747,0.0002999995558639057,0.013500000022759195,0.02080000012938399,1.5188999996098573
686,d86_u3,neutral,train,86,3,bc,3,1,1,0,0,0,1,1,0,ok,"{""sentences"": [""I hear you."", ""We can pause here for a moment.""], ""safety"": ""ok""}",1,2176,1.4617000006182934,0.0018999999156221747,0.00030000046535860747,0.012900000001536682,0.004800000169780105,1.5026000000943895
687,d86_u4,neutral,train,86,4,bc,3,1,1,0,0,0,1,1,0,ok,"{""sentences"": [""I hear you."", ""We can pause here for a moment.""], ""safety"": ""ok""}",1,2176,1.4073000002099434,0.0017000002117129043,0.0002999995558639057,0.012900000001536682,0.004900000021734741,1.432399999430345
688,d86_u6,neutral,train,86,6,bc,3,1,1,0,0,0,1,1,0,ok,"{""sentences"": [""I hear you."", ""We can pause here for a moment.""], ""safety"": ""ok""}",1,2176,1.3876999992135097,0.0018999999156221747,0.0002999995558639057,0.03220000053261174,0.006000000212225132,1.4332000000649714
689,d86_u7,neutral,train,86,7,bc,3,1,1,0,0,0,1,1,0,ok,"{""sentences"": [""I hear you."", ""We can pause here for a moment.""], ""safety"": ""ok""}",1,2176,1.8151000003854278,0.0018999999156221747,0.00019999970390927047,0.028899999961140566,0.004699999408330768,1.8735000003289315
690,d86_u8,neutral,train,86,8,bc,3,1,1,0,0,0,1,1,0,ok,"{""sentences"": [""I hear you."", ""We can pause here for a moment.""], ""safety"": ""ok""}",1,2176,1.4849000008325675,0.002200000380980782,0.00030000046535860747,0.014899999769113492,0.005300000339047983,1.5137000000322587
691,d86_u9,neutral,train,86,9,bc,3,1,1,0,0,0,1,1,0,ok,"{""sentences"": [""I hear you."", ""We can pause here for a moment.""], ""safety"": ""ok""}",1,2176,1.5383999998448417,0.0018999999156221747,0.00019999970390927047,0.02930000027845381,0.02069999936793465,1.5961000008246629
692,d86_u10,happy,train,86,10,bc,3,1,1,0,0,0,1,1,0,ok,"{""sentences"": [""I hear you."", ""We can pause here for a moment.""], ""safety"": ""ok""}",1,2176,1.5506999998251558,0.0018000000636675395,0.00019999970390927047,0.013299999409355223,0.005099999725644011,1.5769000001455424
693,d87_u0,sad,train,87,0,bc,3,1,1,0,0,0,1,1,0,ok,"{""sentences"": [""I hear you."", ""We can pause here for a moment.""], ""safety"": ""ok""}",1,2176,1.6660000001138542,0.0018000000636675395,0.0002999995558639057,0.012900000001536682,0.004599999556376133,1.6908000006878865
694,d87_u1,neutral,train,87,1,bc,3,1,1,0,0,0,1,1,0,ok,"{""sentences"": [""I hear you."", ""We can pause here for a moment.""], ""safety"": ""ok""}",1,2176,1.3629000004584668,0.0017000002117129043,0.00030000046535860747,0.012800000149582047,0.004699999408330768,1.388000000588363
695,d87_u2,sad,train,87,2,bc,3,1,1,0,0,0,1,1,0,ok,"{""sentences"": [""I hear you."", ""We can pause here for a moment.""], ""safety"": ""ok""}",1,2176,1.3482999993357225,0.0018000000636675395,0.0002999995558639057,0.012999999853491317,0.00470000031782547,1.373500000227068
696,d87_u3,sad,train,87,3,bc,3,1,1,0,0,0,1,1,0,ok,"{""sentences"": [""I hear you."", ""We can pause here for a moment.""], ""safety"": ""ok""}",1,2176,1.334599999609054,0.0018000000636675395,0.00019999970390927047,0.012900000001536682,0.004800000169780105,1.3595999998869956
697,d87_u4,happy,train,87,4,bc,3,1,1,0,0,0,1,1,0,ok,"{""sentences"": [""I hear you."", ""We can pause here for a moment.""], ""safety"": ""ok""}",1,2176,1.6568000000916072,0.0017999991541728377,0.00030000046535860747,0.01320000046689529,0.004900000021734741,1.6823000005388167
698,d87_u5,neutral,train,87,5,bc,3,1,1,0,0,0,1,1,0,ok,"{""sentences"": [""I hear you."", ""We can pause here for a moment.""], ""safety"": ""ok""}",1,2176,1.7225999999936903,0.0018999999156221747,0.00019999970390927047,0.013699999726668466,0.005200000487093348,1.7491999997218954
699,d87_u6,neutral,train,87,6,bc,3,1,1,0,0,0,1,1,0,ok,"{""sentences"": [""I hear you."", ""We can pause here for a moment.""], ""safety"": ""ok""}",1,2176,1.491600000008475,0.0018000000636675395,0.00019999970390927047,0.013099999705445953,0.005000000783184078,1.5174000000115484
700,d87_u7,happy,train,87,7,bc,3,1,1,0,0,0,1,1,0,ok,"{""sentences"": [""I hear you."", ""We can pause here for a moment.""], ""safety"": ""ok""}",1,2176,1.4246999999159016,0.0018999999156221747,0.0002999995558639057,0.012799999240087345,0.004900000021734741,1.449999999749707
701,d87_u8,happy,train,87,8,bc,3,1,1,0,0,0,1,1,0,ok,"{""sentences"": [""I hear you."", ""We can pause here for a moment.""], ""safety"": ""ok""}",1,2176,1.4787000000069384,0.0017000002117129043,0.00030000046535860747,0.012500000593718141,0.00470000031782547,1.5030000004117028
702,d87_u9,happy,train,87,9,bc,3,1,1,0,0,0,1,1,0,ok,"{""sentences"": [""I hear you."", ""We can pause here for a moment.""], ""safety"": ""ok""}",1,2176,1.4350999999805936,0.0018000000636675395,0.00020000061340397224,0.012800000149582047,0.00470000031782547,1.4598999996451312
703,d88_u0,neutral,train,88,0,bc,3,1,1,0,0,0,1,1,0,ok,"{""sentences"": [""I hear you."", ""We can pause here for a moment.""], ""safety"": ""ok""}",1,2176,1.52669999988575,0.0017000002117129043,0.00019999970390927047,0.012700000297627412,0.004800000169780105,1.551399999698333
704,d88_u1,happy,train,88,1,bc,3,1,1,0,0,0,1,1,0,ok,"{""sentences"": [""I hear you."", ""We can pause here for a moment.""], ""safety"": ""ok""}",1,2176,1.4873000000079628,0.0017000002117129043,0.00020000061340397224,0.028000000384054147,0.004600000465870835,1.5275000005203765
705,d88_u2,neutral,train,88,2,bc,3,1,1,0,0,0,1,1,0,ok,"{""sentences"": [""I hear you."", ""We can pause here for a moment.""], ""safety"": ""ok""}",1,2176,1.6565000005357433,0.0018999999156221747,0.00019999970390927047,0.012700000297627412,0.004999999873689376,1.6814000000522356
706,d88_u3,neutral,train,88,3,bc,3,1,1,0,0,0,1,1,0,ok,"{""sentences"": [""I hear you."", ""We can pause here for a moment.""], ""safety"": ""ok""}",1,2176,1.2673999999606167,0.0017000002117129043,0.00020000061340397224,0.013699999726668466,0.004900000021734741,1.2935000004290487
707,d89_u0,angry,train,89,0,bc,3,1,1,0,0,0,1,1,0,ok,"{""sentences"": [""I hear you."", ""We can pause here for a moment.""], ""safety"": ""ok""}",1,2176,1.652500000091095,0.0018000000636675395,0.00020000061340397224,0.013600000784208532,0.004999999873689376,1.6791999996712548
708,d89_u1,neutral,train,89,1,bc,3,1,1,0,0,0,1,1,0,ok,"{""sentences"": [""I hear you."", ""We can pause here for a moment.""], ""safety"": ""ok""}",1,2176,1.654200000302808,0.0018000000636675395,0.00019999970390927047,0.04440000066097127,0.004800000169780105,1.7113000003519119
709,d89_u2,happy,train,89,2,bc,3,1,1,0,0,0,1,1,0,ok,"{""sentences"": [""I hear you."", ""We can pause here for a moment.""], ""safety"": ""ok""}",1,2176,1.5223000000332831,0.0017000002117129043,0.00019999970390927047,0.013199999557400588,0.005099999725644011,1.5480000001844019
710,d89_u4,neutral,train,89,4,bc,3,1,1,0,0,0,1,1,0,ok,"{""sentences"": [""I hear you."", ""We can pause here for a moment.""], ""safety"": ""ok""}",1,2176,1.386599999932514,0.001600000359758269,0.00019999970390927047,0.012999999853491317,0.004799999260285404,1.4120000005277689
711,d89_u5,neutral,train,89,5,bc,3,1,1,0,0,0,1,1,0,ok,"{""sentences"": [""I hear you."", ""We can pause here for a moment.""], ""safety"": ""ok""}",1,2176,1.6012999994927668,0.0016999993022182025,0.00019999970390927047,0.012900000001536682,0.004999999873689376,1.626300000680203
712,d89_u6,happy,train,89,6,bc,3,1,1,0,0,0,1,1,0,ok,"{""sentences"": [""I hear you."", ""We can pause here for a moment.""], ""safety"": ""ok""}",1,2176,1.299700000345183,0.0018000000636675395,0.00030000046535860747,0.01320000046689529,0.005099999725644011,1.325600000200211
713,d89_u7,happy,train,89,7,bc,3,1,1,0,0,0,1,1,0,ok,"{""sentences"": [""I hear you."", ""We can pause here for a moment.""], ""safety"": ""ok""}",1,2176,1.4626000001953798,0.0018000000636675395,0.0002999995558639057,0.012900000001536682,0.004900000021734741,1.4878000001772307
714,d89_u8,neutral,train,89,8,bc,3,1,1,0,0,0,1,1,0,ok,"{""sentences"": [""I hear you."", ""We can pause here for a moment.""], ""safety"": ""ok""}",1,2176,1.4479999999821302,0.0018000000636675395,0.00019999970390927047,0.012999999853491317,0.004800000169780105,1.4726999997947132
715,d89_u9,angry,train,89,9,bc,3,1,1,0,0,0,1,1,0,ok,"{""sentences"": [""I hear you."", ""We can pause here for a moment.""], ""safety"": ""ok""}",1,2176,1.7685000002529705,0.0018999999156221747,0.00020000061340397224,0.014400000509340316,0.005599999894911889,1.7966999994314392
716,d89_u11,angry,train,89,11,bc,3,1,1,0,0,0,1,1,0,ok,"{""sentences"": [""I hear you."", ""We can pause here for a moment.""], ""safety"": ""ok""}",1,2176,1.792600000044331,0.0018000000636675395,0.0002999995558639057,0.013699999726668466,0.005000000783184078,1.8190999999205815
717,d89_u15,neutral,train,89,15,bc,3,1,1,0,0,0,1,1,0,ok,"{""sentences"": [""I hear you."", ""We can pause here for a moment.""], ""safety"": ""ok""}",1,2176,1.4465000003838213,0.0018000000636675395,0.00030000046535860747,0.013100000614940654,0.004999999873689376,1.4719000000695814
718,d89_u16,happy,train,89,16,bc,3,1,1,0,0,0,1,1,0,ok,"{""sentences"": [""I hear you."", ""We can pause here for a moment.""], ""safety"": ""ok""}",1,2176,1.425299999937124,0.0018999999156221747,0.00019999970390927047,0.013099999705445953,0.004899999112240039,1.450499999918975
719,d91_u0,angry,train,91,0,bc,3,1,1,0,0,0,1,1,0,ok,"{""sentences"": [""I hear you."", ""We can pause here for a moment.""], ""safety"": ""ok""}",1,2176,1.388300000144227,0.0018000000636675395,0.00030000046535860747,0.012800000149582047,0.004600000465870835,1.4130999998087646
720,d92_u0,angry,train,92,0,bc,3,1,1,0,0,0,1,1,0,ok,"{""sentences"": [""I hear you."", ""We can pause here for a moment.""], ""safety"": ""ok""}",1,2176,1.3830000007146737,0.0018000000636675395,0.00020000061340397224,0.012800000149582047,0.004900000021734741,1.4075999997658073
721,d92_u1,neutral,train,92,1,bc,3,1,1,0,0,0,1,1,0,ok,"{""sentences"": [""I hear you."", ""We can pause here for a moment.""], ""safety"": ""ok""}",1,2176,1.351799999611103,0.0018000000636675395,0.00030000046535860747,0.012900000001536682,0.004999999873689376,1.3773000000583124
722,d93_u0,neutral,train,93,0,bc,3,1,1,0,0,0,1,1,0,ok,"{""sentences"": [""I hear you."", ""We can pause here for a moment.""], ""safety"": ""ok""}",1,2176,1.3560999996116152,0.0018000000636675395,0.00019999970390927047,0.013099999705445953,0.004999999873689376,1.3813999994454207
723,d93_u1,neutral,train,93,1,bc,3,1,1,0,0,0,1,1,0,ok,"{""sentences"": [""I hear you."", ""We can pause here for a moment.""], ""safety"": ""ok""}",1,2176,1.4524999996865517,0.0018000000636675395,0.0002999995558639057,0.01359999987471383,0.005199999577598646,1.478799999858893
724,d93_u2,neutral,train,93,2,bc,3,1,1,0,0,0,1,1,0,ok,"{""sentences"": [""I hear you."", ""We can pause here for a moment.""], ""safety"": ""ok""}",1,2176,1.5241999999489053,0.0018999999156221747,0.0002999995558639057,0.014100000043981709,0.004900000021734741,1.5506999998251558
725,d93_u4,neutral,train,93,4,bc,3,1,1,0,0,0,1,1,0,ok,"{""sentences"": [""I hear you."", ""We can pause here for a moment.""], ""safety"": ""ok""}",1,2176,1.7422999999325839,0.0018999999156221747,0.00019999970390927047,0.013899999430577736,0.005599999894911889,1.770300000316638
726,d94_u0,neutral,train,94,0,bc,3,1,1,0,0,0,1,1,0,ok,"{""sentences"": [""I hear you."", ""We can pause here for a moment.""], ""safety"": ""ok""}",1,2176,1.70330000037211,0.0018000000636675395,0.0002999995558639057,0.012700000297627412,0.004900000021734741,1.7424999996364932
727,d94_u1,neutral,train,94,1,bc,3,1,1,0,0,0,1,1,0,ok,"{""sentences"": [""I hear you."", ""We can pause here for a moment.""], ""safety"": ""ok""}",1,2176,1.4720999997734907,0.0017000002117129043,0.00030000046535860747,0.013299999409355223,0.005100000635138713,1.498100000389968
728,d94_u3,neutral,train,94,3,bc,3,1,1,0,0,0,1,1,0,ok,"{""sentences"": [""I hear you."", ""We can pause here for a moment.""], ""safety"": ""ok""}",1,2176,1.4564000002792454,0.0018000000636675395,0.00019999970390927047,0.012700000297627412,0.004900000021734741,1.481199999943783
729,d94_u6,angry,train,94,6,bc,3,1,1,0,0,0,1,1,0,ok,"{""sentences"": [""I hear you."", ""We can pause here for a moment.""], ""safety"": ""ok""}",1,2176,1.4476999995167716,0.0015999994502635673,0.00019999970390927047,0.01249999968422344,0.00470000031782547,1.4718000002176268
730,d94_u7,sad,train,94,7,bc,3,1,1,0,0,0,1,1,0,ok,"{""sentences"": [""I hear you."", ""We can pause here for a moment.""], ""safety"": ""ok""}",1,2176,1.5153999993344769,0.0017000002117129043,0.00030000046535860747,0.013199999557400588,0.004900000021734741,1.5407999999297317
731,d94_u8,neutral,train,94,8,bc,3,1,1,0,0,0,1,1,0,ok,"{""sentences"": [""I hear you."", ""We can pause here for a moment.""], ""safety"": ""ok""}",1,2176,1.4552000002368004,0.0016999993022182025,0.00020000061340397224,0.01300000076298602,0.004900000021734741,1.4807999996264698
732,d94_u9,neutral,train,94,9,bc,3,1,1,0,0,0,1,1,0,ok,"{""sentences"": [""I hear you."", ""We can pause here for a moment.""], ""safety"": ""ok""}",1,2176,1.3845000003129826,0.0018999999156221747,0.00030000046535860747,0.013100000614940654,0.004900000021734741,1.4098999999987427
733,d94_u10,happy,train,94,10,bc,3,1,1,0,0,0,1,1,0,ok,"{""sentences"": [""I hear you."", ""We can pause here for a moment.""], ""safety"": ""ok""}",1,2176,1.7778999999791267,0.0017000002117129043,0.00019999970390927047,0.012800000149582047,0.004999999873689376,1.803000000109023
734,d94_u11,happy,train,94,11,bc,3,1,1,0,0,0,1,1,0,ok,"{""sentences"": [""I hear you."", ""We can pause here for a moment.""], ""safety"": ""ok""}",1,2176,1.4312000002973946,0.0018999999156221747,0.00019999970390927047,0.014199999895936344,0.005300000339047983,1.4590000000680448
735,d94_u12,neutral,train,94,12,bc,3,1,1,0,0,0,1,1,0,ok,"{""sentences"": [""I hear you."", ""We can pause here for a moment.""], ""safety"": ""ok""}",1,2176,1.5370000000984874,0.0021999994714860804,0.00019999970390927047,0.013899999430577736,0.005700000656361226,1.5649000006305869
736,d94_u13,happy,train,94,13,bc,3,1,1,0,0,0,1,1,0,ok,"{""sentences"": [""I hear you."", ""We can pause here for a moment.""], ""safety"": ""ok""}",1,2176,1.54480000037438,0.0018999999156221747,0.00020000061340397224,0.012900000001536682,0.004999999873689376,1.5696999998908723
737,d94_u14,neutral,train,94,14,bc,3,1,1,0,0,0,1,1,0,ok,"{""sentences"": [""I hear you."", ""We can pause here for a moment.""], ""safety"": ""ok""}",1,2176,1.4228000000002794,0.0018000000636675395,0.00019999970390927047,0.01359999987471383,0.004999999873689376,1.4491000001726206
738,d94_u15,happy,train,94,15,bc,3,1,1,0,0,0,1,1,0,ok,"{""sentences"": [""I hear you."", ""We can pause here for a moment.""], ""safety"": ""ok""}",1,2176,1.419000000169035,0.0017000002117129043,0.00019999970390927047,0.012599999536178075,0.005000000783184078,1.443699999981618
739,d95_u0,happy,train,95,0,bc,3,1,1,0,0,0,1,1,0,ok,"{""sentences"": [""I hear you."", ""We can pause here for a moment.""], ""safety"": ""ok""}",1,2176,1.4345999998113257,0.0018999999156221747,0.00019999970390927047,0.013800000488117803,0.004999999873689376,1.4610999996875762
740,d95_u2,neutral,train,95,2,bc,3,1,1,0,0,0,1,1,0,ok,"{""sentences"": [""I hear you."", ""We can pause here for a moment.""], ""safety"": ""ok""}",1,2176,1.437699999769393,0.0018000000636675395,0.00020000061340397224,0.012800000149582047,0.004800000169780105,1.4623999995819759
741,d95_u3,neutral,train,95,3,bc,3,1,1,0,0,0,1,1,0,ok,"{""sentences"": [""I hear you."", ""We can pause here for a moment.""], ""safety"": ""ok""}",1,2176,1.4418000000659958,0.0021999994714860804,0.00019999970390927047,0.014700000065204222,0.005899999450775795,1.4714000008098083
742,d95_u4,happy,train,95,4,bc,3,1,1,0,0,0,1,1,0,ok,"{""sentences"": [""I hear you."", ""We can pause here for a moment.""], ""safety"": ""ok""}",1,2176,1.4754000003449619,0.0017000002117129043,0.00019999970390927047,0.012900000001536682,0.005099999725644011,1.500500000474858
743,d95_u5,happy,train,95,5,bc,3,1,1,0,0,0,1,1,0,ok,"{""sentences"": [""I hear you."", ""We can pause here for a moment.""], ""safety"": ""ok""}",1,2176,1.534499999252148,0.0024000000848900527,0.00020000061340397224,0.013600000784208532,0.0052999994295532815,1.5618000006725197
744,d95_u8,angry,train,95,8,bc,3,1,1,0,0,0,1,1,0,ok,"{""sentences"": [""I hear you."", ""We can pause here for a moment.""], ""safety"": ""ok""}",1,2176,1.528400000097463,0.0015999994502635673,0.0002999995558639057,0.012299999980314169,0.004900000021734741,1.5524000000368687
745,d95_u9,neutral,train,95,9,bc,3,1,1,0,0,0,1,1,0,ok,"{""sentences"": [""I hear you."", ""We can pause here for a moment.""], ""safety"": ""ok""}",1,2176,1.4452000004894217,0.0018000000636675395,0.00019999970390927047,0.013799999578623101,0.005000000783184078,1.4718000002176268
746,d95_u10,neutral,train,95,10,bc,3,1,1,0,0,0,1,1,0,ok,"{""sentences"": [""I hear you."", ""We can pause here for a moment.""], ""safety"": ""ok""}",1,2176,1.4484999992419034,0.0016999993022182025,0.00019999970390927047,0.01249999968422344,0.00470000031782547,1.472500000090804
747,d95_u11,neutral,train,95,11,bc,3,1,1,0,0,0,1,1,0,ok,"{""sentences"": [""I hear you."", ""We can pause here for a moment.""], ""safety"": ""ok""}",1,2176,1.4226000002963701,0.0017999991541728377,0.0002999995558639057,0.013500000022759195,0.004900000021734741,1.4488999995592167
748,d95_u13,neutral,train,95,13,bc,3,1,1,0,0,0,1,1,0,ok,"{""sentences"": [""I hear you."", ""We can pause here for a moment.""], ""safety"": ""ok""}",1,2176,1.4145999994070735,0.0017000002117129043,0.00019999970390927047,0.012900000001536682,0.004800000169780105,1.4394999998330604
749,d95_u14,neutral,train,95,14,bc,3,1,1,0,0,0,1,1,0,ok,"{""sentences"": [""I hear you."", ""We can pause here for a moment.""], ""safety"": ""ok""}",1,2176,1.7698000001473702,0.00199999976757681,0.00020000061340397224,0.013799999578623101,0.004999999873689376,1.7969999998967978
750,d95_u15,neutral,train,95,15,bc,3,1,1,0,0,0,1,1,0,ok,"{""sentences"": [""I hear you."", ""We can pause here for a moment.""], ""safety"": ""ok""}",1,2176,1.4520999993692385,0.0018000000636675395,0.0002999995558639057,0.013299999409355223,0.0054000001910026185,1.4784000004510744
751,d95_u16,neutral,train,95,16,bc,3,1,1,0,0,0,1,1,0,ok,"{""sentences"": [""I hear you."", ""We can pause here for a moment.""], ""safety"": ""ok""}",1,2176,1.5708999999333173,0.0023000002329354174,0.00030000046535860747,0.015500000699830707,0.006100000064179767,1.6014000002542161
752,d95_u17,neutral,train,95,17,bc,3,1,1,0,0,0,1,1,0,ok,"{""sentences"": [""I hear you."", ""We can pause here for a moment.""], ""safety"": ""ok""}",1,2176,1.6261999999187537,0.0024000000848900527,0.0002999995558639057,0.013699999726668466,0.004900000021734741,1.652700000704499
753,d96_u0,neutral,train,96,0,bc,3,1,1,0,0,0,1,1,0,ok,"{""sentences"": [""I hear you."", ""We can pause here for a moment.""], ""safety"": ""ok""}",1,2176,1.6525999999430496,0.0021999994714860804,0.00030000046535860747,0.01449999945180025,0.005399999281507917,1.6814000000522356
754,d96_u1,neutral,train,96,1,bc,3,1,1,0,0,0,1,1,0,ok,"{""sentences"": [""I hear you."", ""We can pause here for a moment.""], ""safety"": ""ok""}",1,2176,1.7671000005066162,0.0017000002117129043,0.0002999995558639057,0.012200000128359534,0.00470000031782547,1.7907000001287088
755,d96_u2,neutral,train,96,2,bc,3,1,1,0,0,0,1,1,0,ok,"{""sentences"": [""I hear you."", ""We can pause here for a moment.""], ""safety"": ""ok""}",1,2176,2.134700000169687,0.0024000000848900527,0.00030000046535860747,0.016599999980826396,0.006499999471998308,2.1669000007022987
756,d96_u3,neutral,train,96,3,bc,3,1,1,0,0,0,1,1,0,ok,"{""sentences"": [""I hear you."", ""We can pause here for a moment.""], ""safety"": ""ok""}",1,2176,1.9992000006823218,0.0018000000636675395,0.00019999970390927047,0.012700000297627412,0.004999999873689376,2.0240000003468595
757,d96_u4,neutral,train,96,4,bc,3,1,1,0,0,0,1,1,0,ok,"{""sentences"": [""I hear you."", ""We can pause here for a moment.""], ""safety"": ""ok""}",1,2176,1.4627000000473345,0.0017000002117129043,0.00030000046535860747,0.012299999980314169,0.0052999994295532815,1.4871999992465135
758,d97_u0,neutral,train,97,0,bc,3,1,1,0,0,0,1,1,0,ok,"{""sentences"": [""I hear you."", ""We can pause here for a moment.""], ""safety"": ""ok""}",1,2176,1.5958999993017642,0.015800000255694613,0.00019999970390927047,0.012000000424450263,0.004600000465870835,1.6336999997292878
759,d97_u1,neutral,train,97,1,bc,3,1,1,0,0,0,1,1,0,ok,"{""sentences"": [""I hear you."", ""We can pause here for a moment.""], ""safety"": ""ok""}",1,2176,1.8239000000903616,0.0025000008463393897,0.00019999970390927047,0.014999999621068127,0.0057999995988211595,1.8537000005380833
760,d97_u2,neutral,train,97,2,bc,3,1,1,0,0,0,1,1,0,ok,"{""sentences"": [""I hear you."", ""We can pause here for a moment.""], ""safety"": ""ok""}",1,2176,1.9599000006564893,0.0018999999156221747,0.00019999970390927047,0.012900000001536682,0.004999999873689376,1.9862999997712905
761,d97_u3,angry,train,97,3,bc,3,1,1,0,0,0,1,1,0,ok,"{""sentences"": [""I hear you."", ""We can pause here for a moment.""], ""safety"": ""ok""}",1,2176,1.7919000001711538,0.0021999994714860804,0.0002999995558639057,0.014999999621068127,0.005700000656361226,1.8214000001535169
762,d98_u1,neutral,train,98,1,bc,3,1,1,0,0,0,1,1,0,ok,"{""sentences"": [""I hear you."", ""We can pause here for a moment.""], ""safety"": ""ok""}",1,2176,1.7791999998735264,0.0018000000636675395,0.0002999995558639057,0.013999999282532372,0.005099999725644011,1.8058999994536862
763,d99_u0,happy,train,99,0,bc,3,1,1,0,0,0,1,1,0,ok,"{""sentences"": [""I hear you."", ""We can pause here for a moment.""], ""safety"": ""ok""}",1,2176,1.6243999998550862,0.0018999999156221747,0.0002999995558639057,0.01359999987471383,0.005000000783184078,1.651000000492786
764,d99_u1,happy,train,99,1,bc,3,1,1,0,0,0,1,1,0,ok,"{""sentences"": [""I hear you."", ""We can pause here for a moment.""], ""safety"": ""ok""}",1,2176,1.440099999854283,0.0018000000636675395,0.00019999970390927047,0.012900000001536682,0.005099999725644011,1.4656000003014924
765,d99_u2,happy,train,99,2,bc,3,1,1,0,0,0,1,1,0,ok,"{""sentences"": [""I hear you."", ""We can pause here for a moment.""], ""safety"": ""ok""}",1,2176,1.4058000006116345,0.0018000000636675395,0.0002999995558639057,0.012700000297627412,0.005099999725644011,1.430899999832036
766,d99_u3,happy,train,99,3,bc,3,1,1,0,0,0,1,1,0,ok,"{""sentences"": [""I hear you."", ""We can pause here for a moment.""], ""safety"": ""ok""}",1,2176,1.4500000006592018,0.0018000000636675395,0.00019999970390927047,0.013199999557400588,0.005200000487093348,1.4762000000700937
767,d99_u4,neutral,train,99,4,bc,3,1,1,0,0,0,1,1,0,ok,"{""sentences"": [""I hear you."", ""We can pause here for a moment.""], ""safety"": ""ok""}",1,2176,2.0150999998804764,0.0016999993022182025,0.00020000061340397224,0.013299999409355223,0.004800000169780105,2.040599999418191
768,d99_u6,neutral,train,99,6,bc,3,1,1,0,0,0,1,1,0,ok,"{""sentences"": [""I hear you."", ""We can pause here for a moment.""], ""safety"": ""ok""}",1,2176,1.608499999747437,0.00199999976757681,0.0002999995558639057,0.03429999924264848,0.005599999894911889,1.6572000004089205
769,d99_u7,angry,train,99,7,bc,3,1,1,0,0,0,1,1,0,ok,"{""sentences"": [""I hear you."", ""We can pause here for a moment.""], ""safety"": ""ok""}",1,2176,1.7710000001898152,0.0017000002117129043,0.00019999970390927047,0.013099999705445953,0.004899999112240039,1.796200000171666
770,d99_u8,happy,train,99,8,bc,3,1,1,0,0,0,1,1,0,ok,"{""sentences"": [""I hear you."", ""We can pause here for a moment.""], ""safety"": ""ok""}",1,2176,1.434799999515235,0.00199999976757681,0.0002999995558639057,0.013099999705445953,0.005100000635138713,1.4760000003661844
771,d99_u9,neutral,train,99,9,bc,3,1,1,0,0,0,1,1,0,ok,"{""sentences"": [""I hear you."", ""We can pause here for a moment.""], ""safety"": ""ok""}",1,2176,1.5555999998468906,0.0018000000636675395,0.00030000046535860747,0.012500000593718141,0.004900000021734741,1.5800999999555643
772,d99_u10,neutral,train,99,10,bc,3,1,1,0,0,0,1,1,0,ok,"{""sentences"": [""I hear you."", ""We can pause here for a moment.""], ""safety"": ""ok""}",1,2176,1.5220999994198792,0.0018000000636675395,0.0002999995558639057,0.012800000149582047,0.004800000169780105,1.54720000045927
773,d99_u11,angry,train,99,11,bc,3,1,1,0,0,0,1,1,0,ok,"{""sentences"": [""I hear you."", ""We can pause here for a moment.""], ""safety"": ""ok""}",1,2176,1.4873000000079628,0.0018000000636675395,0.00019999970390927047,0.013300000318849925,0.004800000169780105,1.5131000000110362
774,d99_u12,neutral,train,99,12,bc,3,1,1,0,0,0,1,1,0,ok,"{""sentences"": [""I hear you."", ""We can pause here for a moment.""], ""safety"": ""ok""}",1,2176,1.4864999993733363,0.0017000002117129043,0.00020000061340397224,0.013100000614940654,0.004900000021734741,1.5118000001166365
775,d99_u13,happy,train,99,13,bc,3,1,1,0,0,0,1,1,0,ok,"{""sentences"": [""I hear you."", ""We can pause here for a moment.""], ""safety"": ""ok""}",1,2176,1.507599999968079,0.0018999999156221747,0.0002999995558639057,0.013099999705445953,0.004999999873689376,1.5333999999711523
776,d99_u14,neutral,train,99,14,bc,3,1,1,0,0,0,1,1,0,ok,"{""sentences"": [""I hear you."", ""We can pause here for a moment.""], ""safety"": ""ok""}",1,2176,1.595199999428587,0.0018999999156221747,0.00030000046535860747,0.01359999987471383,0.023400000827678014,1.6400000004068715
777,d99_u15,neutral,train,99,15,bc,3,1,1,0,0,0,1,1,0,ok,"{""sentences"": [""I hear you."", ""We can pause here for a moment.""], ""safety"": ""ok""}",1,2176,1.6025000004447065,0.0018999999156221747,0.0002999995558639057,0.013299999409355223,0.004900000021734741,1.6285000001516892
778,d99_u16,neutral,train,99,16,bc,3,1,1,0,0,0,1,1,0,ok,"{""sentences"": [""I hear you."", ""We can pause here for a moment.""], ""safety"": ""ok""}",1,2176,1.5133000006244401,0.0015999994502635673,0.00020000061340397224,0.012399999832268804,0.004699999408330768,1.5372999996543513
779,d99_u17,angry,train,99,17,bc,3,1,1,0,0,0,1,1,0,ok,"{""sentences"": [""I hear you."", ""We can pause here for a moment.""], ""safety"": ""ok""}",1,2176,1.5040999996926985,0.0017000002117129043,0.0002999995558639057,0.012399999832268804,0.00470000031782547,1.528400000097463
780,d99_u18,neutral,train,99,18,bc,3,1,1,0,0,0,1,1,0,ok,"{""sentences"": [""I hear you."", ""We can pause here for a moment.""], ""safety"": ""ok""}",1,2176,1.4581999994334183,0.0018000000636675395,0.00019999970390927047,0.012999999853491317,0.004999999873689376,1.483800000642077
781,d100_u0,neutral,train,100,0,bc,3,1,1,0,0,0,1,1,0,ok,"{""sentences"": [""I hear you."", ""We can pause here for a moment.""], ""safety"": ""ok""}",1,2176,1.6125000001920853,0.0017000002117129043,0.00019999970390927047,0.026499999876250513,0.004600000465870835,1.6506000001754728
782,d100_u1,neutral,train,100,1,bc,3,1,1,0,0,0,1,1,0,ok,"{""sentences"": [""I hear you."", ""We can pause here for a moment.""], ""safety"": ""ok""}",1,2176,1.3330000001587905,0.0017000002117129043,0.00019999970390927047,0.012700000297627412,0.004800000169780105,1.3576999999713735
783,d100_u2,neutral,train,100,2,bc,3,1,1,0,0,0,1,1,0,ok,"{""sentences"": [""I hear you."", ""We can pause here for a moment.""], ""safety"": ""ok""}",1,2176,1.3795999993817532,0.0017000002117129043,0.00019999970390927047,0.013199999557400588,0.004800000169780105,1.404999999977008
784,d100_u4,neutral,train,100,4,bc,3,1,1,0,0,0,1,1,0,ok,"{""sentences"": [""I hear you."", ""We can pause here for a moment.""], ""safety"": ""ok""}",1,2176,1.4390999995157472,0.002100000529026147,0.00020000061340397224,0.014400000509340316,0.005500000042957254,1.4674999993076199
785,d100_u5,neutral,train,100,5,bc,3,1,1,0,0,0,1,1,0,ok,"{""sentences"": [""I hear you."", ""We can pause here for a moment.""], ""safety"": ""ok""}",1,2176,1.6151999998328392,0.002099999619531445,0.00020000061340397224,0.013999999282532372,0.004999999873689376,1.6425000003437162
786,d100_u6,neutral,train,100,6,bc,3,1,1,0,0,0,1,1,0,ok,"{""sentences"": [""I hear you."", ""We can pause here for a moment.""], ""safety"": ""ok""}",1,2176,1.6063000002759509,0.0016999993022182025,0.00019999970390927047,0.012399999832268804,0.00470000031782547,1.630499999919266
787,d101_u0,neutral,train,101,0,bc,3,1,1,0,0,0,1,1,0,ok,"{""sentences"": [""I hear you."", ""We can pause here for a moment.""], ""safety"": ""ok""}",1,2176,1.445199999579927,0.0018000000636675395,0.0002999995558639057,0.013199999557400588,0.004999999873689376,1.470799999879091
788,d102_u0,neutral,train,102,0,bc,3,1,1,0,0,0,1,1,0,ok,"{""sentences"": [""I hear you."", ""We can pause here for a moment.""], ""safety"": ""ok""}",1,2176,1.4340000006995979,0.0017000002117129043,0.0002999995558639057,0.013199999557400588,0.004999999873689376,1.4596000000892673
789,d102_u1,neutral,train,102,1,bc,3,1,1,0,0,0,1,1,0,ok,"{""sentences"": [""I hear you."", ""We can pause here for a moment.""], ""safety"": ""ok""}",1,2176,1.4794999997320701,0.0018000000636675395,0.00030000046535860747,0.01300000076298602,0.004699999408330768,1.504600000771461
790,d102_u2,neutral,train,102,2,bc,3,1,1,0,0,0,1,1,0,ok,"{""sentences"": [""I hear you."", ""We can pause here for a moment.""], ""safety"": ""ok""}",1,2176,1.4770000007047202,0.0017000002117129043,0.00019999970390927047,0.013199999557400588,0.004900000021734741,1.5024000003904803
791,d103_u0,happy,train,103,0,bc,3,1,1,0,0,0,1,1,0,ok,"{""sentences"": [""I hear you."", ""We can pause here for a moment.""], ""safety"": ""ok""}",1,2176,1.4476999995167716,0.0018000000636675395,0.00019999970390927047,0.012900000001536682,0.004999999873689376,1.4732000008734758
792,d103_u1,neutral,train,103,1,bc,3,1,1,0,0,0,1,1,0,ok,"{""sentences"": [""I hear you."", ""We can pause here for a moment.""], ""safety"": ""ok""}",1,2176,1.4334999996208353,0.0016999993022182025,0.00020000061340397224,0.012999999853491317,0.004999999873689376,1.4589000002160901
793,d103_u3,happy,train,103,3,bc,3,1,1,0,0,0,1,1,0,ok,"{""sentences"": [""I hear you."", ""We can pause here for a moment.""], ""safety"": ""ok""}",1,2176,1.7324999998891144,0.00199999976757681,0.00019999970390927047,0.014299999747890979,0.005599999894911889,1.7606000001251232
794,d103_u4,neutral,train,103,4,bc,3,1,1,0,0,0,1,1,0,ok,"{""sentences"": [""I hear you."", ""We can pause here for a moment.""], ""safety"": ""ok""}",1,2176,1.7078000000765314,0.0019000008251168765,0.00019999970390927047,0.01359999987471383,0.0052999994295532815,1.7346999993606005
795,d103_u5,neutral,train,103,5,bc,3,1,1,0,0,0,1,1,0,ok,"{""sentences"": [""I hear you."", ""We can pause here for a moment.""], ""safety"": ""ok""}",1,2176,1.8159999999625143,0.0017000002117129043,0.00019999970390927047,0.012999999853491317,0.004800000169780105,1.8411000000924105
796,d103_u6,happy,train,103,6,bc,3,1,1,0,0,0,1,1,0,ok,"{""sentences"": [""I hear you."", ""We can pause here for a moment.""], ""safety"": ""ok""}",1,2176,1.4590000000680448,0.0017000002117129043,0.00019999970390927047,0.01249999968422344,0.004999999873689376,1.4837999997325824
797,d103_u7,happy,train,103,7,bc,3,1,1,0,0,0,1,1,0,ok,"{""sentences"": [""I hear you."", ""We can pause here for a moment.""], ""safety"": ""ok""}",1,2176,1.5945999994073645,0.0018999999156221747,0.0002999995558639057,0.012599999536178075,0.00470000031782547,1.6193999999813968
798,d104_u1,happy,train,104,1,bc,3,1,1,0,0,0,1,1,0,ok,"{""sentences"": [""I hear you."", ""We can pause here for a moment.""], ""safety"": ""ok""}",1,2176,1.5188999996098573,0.0018000000636675395,0.0002999995558639057,0.013500000022759195,0.004900000021734741,1.5449000002263347
799,d106_u0,neutral,train,106,0,bc,3,1,1,0,0,0,1,1,0,ok,"{""sentences"": [""I hear you."", ""We can pause here for a moment.""], ""safety"": ""ok""}",1,2176,1.588100000844861,0.002099999619531445,0.00020000061340397224,0.013300000318849925,0.005100000635138713,1.6143000002557528
800,d106_u2,neutral,train,106,2,bc,3,1,1,0,0,0,1,1,0,ok,"{""sentences"": [""I hear you."", ""We can pause here for a moment.""], ""safety"": ""ok""}",1,2176,1.340199999503966,0.0018000000636675395,0.00030000046535860747,0.012700000297627412,0.004800000169780105,1.364899999316549
801,d106_u3,neutral,train,106,3,bc,3,1,1,0,0,0,1,1,0,ok,"{""sentences"": [""I hear you."", ""We can pause here for a moment.""], ""safety"": ""ok""}",1,2176,1.429400000233727,0.0017000002117129043,0.00020000061340397224,0.01359999987471383,0.004999999873689376,1.4554999997926643
802,d106_u4,neutral,train,106,4,bc,3,1,1,0,0,0,1,1,0,ok,"{""sentences"": [""I hear you."", ""We can pause here for a moment.""], ""safety"": ""ok""}",1,2176,1.5248999998220825,0.0021999994714860804,0.0002999995558639057,0.014100000043981709,0.0054000001910026185,1.5524999998888234
803,d107_u0,neutral,train,107,0,bc,3,1,1,0,0,0,1,1,0,ok,"{""sentences"": [""I hear you."", ""We can pause here for a moment.""], ""safety"": ""ok""}",1,2176,1.6803000007712399,0.0018000000636675395,0.00020000061340397224,0.01340000017080456,0.005000000783184078,1.7064000003301771
804,d107_u1,neutral,train,107,1,bc,3,1,1,0,0,0,1,1,0,ok,"{""sentences"": [""I hear you."", ""We can pause here for a moment.""], ""safety"": ""ok""}",1,2176,1.645000000280561,0.001600000359758269,0.00030000046535860747,0.012800000149582047,0.00470000031782547,1.66949999947974
805,d107_u2,neutral,train,107,2,bc,3,1,1,0,0,0,1,1,0,ok,"{""sentences"": [""I hear you."", ""We can pause here for a moment.""], ""safety"": ""ok""}",1,2176,1.511200000095414,0.0018000000636675395,0.00030000046535860747,0.012900000001536682,0.004900000021734741,1.5365999997811741
806,d107_u4,neutral,train,107,4,bc,3,1,1,0,0,0,1,1,0,ok,"{""sentences"": [""I hear you."", ""We can pause here for a moment.""], ""safety"": ""ok""}",1,2176,1.512699999693723,0.0016999993022182025,0.00030000046535860747,0.012999999853491317,0.005099999725644011,1.5381000002889778
807,d107_u5,happy,train,107,5,bc,3,1,1,0,0,0,1,1,0,ok,"{""sentences"": [""I hear you."", ""We can pause here for a moment.""], ""safety"": ""ok""}",1,2176,1.509700000497105,0.0017999991541728377,0.00020000061340397224,0.013100000614940654,0.004900000021734741,1.5352000000348198
808,d107_u6,neutral,train,107,6,bc,3,1,1,0,0,0,1,1,0,ok,"{""sentences"": [""I hear you."", ""We can pause here for a moment.""], ""safety"": ""ok""}",1,2176,1.493000000664324,0.0017000002117129043,0.00030000046535860747,0.012399999832268804,0.004800000169780105,1.5169999996942352
809,d107_u7,neutral,train,107,7,bc,3,1,1,0,0,0,1,1,0,ok,"{""sentences"": [""I hear you."", ""We can pause here for a moment.""], ""safety"": ""ok""}",1,2176,1.4595000002373126,0.0017000002117129043,0.00019999970390927047,0.012599999536178075,0.004800000169780105,1.4839999994364916
810,d107_u8,neutral,train,107,8,bc,3,1,1,0,0,0,1,1,0,ok,"{""sentences"": [""I hear you."", ""We can pause here for a moment.""], ""safety"": ""ok""}",1,2176,1.4515000002575107,0.001600000359758269,0.00019999970390927047,0.011899999663000926,0.004599999556376133,1.4745999997103354
811,d107_u9,neutral,train,107,9,bc,3,1,1,0,0,0,1,1,0,ok,"{""sentences"": [""I hear you."", ""We can pause here for a moment.""], ""safety"": ""ok""}",1,2176,1.7496999998911633,0.0018999999156221747,0.00030000046535860747,0.014200000805431046,0.0052999994295532815,1.7772000001059496
812,d107_u10,neutral,train,107,10,bc,3,1,1,0,0,0,1,1,0,ok,"{""sentences"": [""I hear you."", ""We can pause here for a moment.""], ""safety"": ""ok""}",1,2176,1.714199999696575,0.0018000000636675395,0.00030000046535860747,0.013099999705445953,0.004999999873689376,1.7396999992342899
813,d108_u0,neutral,train,108,0,bc,3,1,1,0,0,0,1,1,0,ok,"{""sentences"": [""I hear you."", ""We can pause here for a moment.""], ""safety"": ""ok""}",1,2176,1.5258000003086636,0.0018000000636675395,0.0002999995558639057,0.013299999409355223,0.004999999873689376,1.551600000311737
814,d108_u1,neutral,train,108,1,bc,3,1,1,0,0,0,1,1,0,ok,"{""sentences"": [""I hear you."", ""We can pause here for a moment.""], ""safety"": ""ok""}",1,2176,1.582099999723141,0.0018999999156221747,0.0002999995558639057,0.012800000149582047,0.004800000169780105,1.6071000000010827
815,d108_u2,happy,train,108,2,bc,3,1,1,0,0,0,1,1,0,ok,"{""sentences"": [""I hear you."", ""We can pause here for a moment.""], ""safety"": ""ok""}",1,2176,1.6848000004756614,0.0018000000636675395,0.00020000061340397224,0.012800000149582047,0.00470000031782547,1.7097999998441082
816,d108_u3,neutral,train,108,3,bc,3,1,1,0,0,0,1,1,0,ok,"{""sentences"": [""I hear you."", ""We can pause here for a moment.""], ""safety"": ""ok""}",1,2176,1.3760000001639128,0.0018000000636675395,0.00019999970390927047,0.011999999514955562,0.004600000465870835,1.3995999997860054
817,d108_u4,happy,train,108,4,bc,3,1,1,0,0,0,1,1,0,ok,"{""sentences"": [""I hear you."", ""We can pause here for a moment.""], ""safety"": ""ok""}",1,2176,1.6310999999404885,0.0016999993022182025,0.00030000046535860747,0.012800000149582047,0.004800000169780105,1.655899999605026
818,d108_u5,neutral,train,108,5,bc,3,1,1,0,0,0,1,1,0,ok,"{""sentences"": [""I hear you."", ""We can pause here for a moment.""], ""safety"": ""ok""}",1,2176,1.3066000001344946,0.0018000000636675395,0.00019999970390927047,0.012900000001536682,0.004900000021734741,1.3318999999683
819,d108_u6,neutral,train,108,6,bc,3,1,1,0,0,0,1,1,0,ok,"{""sentences"": [""I hear you."", ""We can pause here for a moment.""], ""safety"": ""ok""}",1,2176,1.4946000001145876,0.00199999976757681,0.00019999970390927047,0.014299999747890979,0.0052999994295532815,1.5221999992718338
820,d109_u0,neutral,train,109,0,bc,3,1,1,0,0,0,1,1,0,ok,"{""sentences"": [""I hear you."", ""We can pause here for a moment.""], ""safety"": ""ok""}",1,2176,1.484100000197941,0.0017000002117129043,0.00020000061340397224,0.012500000593718141,0.00470000031782547,1.5083999996932107
821,d109_u3,angry,train,109,3,bc,3,1,1,0,0,0,1,1,0,ok,"{""sentences"": [""I hear you."", ""We can pause here for a moment.""], ""safety"": ""ok""}",1,2176,1.4402999995581922,0.0018000000636675395,0.0002999995558639057,0.012800000149582047,0.004800000169780105,1.4658000000054017
822,d109_u4,happy,train,109,4,bc,3,1,1,0,0,0,1,1,0,ok,"{""sentences"": [""I hear you."", ""We can pause here for a moment.""], ""safety"": ""ok""}",1,2176,1.457700000173645,0.0017000002117129043,0.00019999970390927047,0.012999999853491317,0.004800000169780105,1.4827000004515867
823,d109_u5,happy,train,109,5,bc,3,1,1,0,0,0,1,1,0,ok,"{""sentences"": [""I hear you."", ""We can pause here for a moment.""], ""safety"": ""ok""}",1,2176,1.5020999999251217,0.002100000529026147,0.00019999970390927047,0.012599999536178075,0.004600000465870835,1.5271000002030632
824,d109_u6,sad,train,109,6,bc,3,1,1,0,0,0,1,1,0,ok,"{""sentences"": [""I hear you."", ""We can pause here for a moment.""], ""safety"": ""ok""}",1,2176,1.433299999916926,0.0016999993022182025,0.00020000061340397224,0.012299999980314169,0.004800000169780105,1.4573999997082865
825,d109_u7,sad,train,109,7,bc,3,1,1,0,0,0,1,1,0,ok,"{""sentences"": [""I hear you."", ""We can pause here for a moment.""], ""safety"": ""ok""}",1,2176,1.3548999995691702,0.0017000002117129043,0.00020000061340397224,0.012500000593718141,0.004800000169780105,1.3794000005873386
826,d109_u8,sad,train,109,8,bc,3,1,1,0,0,0,1,1,0,ok,"{""sentences"": [""I hear you."", ""We can pause here for a moment.""], ""safety"": ""ok""}",1,2176,1.4220999992176075,0.0017000002117129043,0.00020000061340397224,0.012900000001536682,0.005000000783184078,1.4471000004050438
827,d109_u9,happy,train,109,9,bc,3,1,1,0,0,0,1,1,0,ok,"{""sentences"": [""I hear you."", ""We can pause here for a moment.""], ""safety"": ""ok""}",1,2176,1.5958000003593042,0.0018999999156221747,0.00030000046535860747,0.013100000614940654,0.00470000031782547,1.621299999897019
828,d109_u10,neutral,train,109,10,bc,3,1,1,0,0,0,1,1,0,ok,"{""sentences"": [""I hear you."", ""We can pause here for a moment.""], ""safety"": ""ok""}",1,2176,1.292299999477109,0.0016999993022182025,0.00019999970390927047,0.012100000276404899,0.004800000169780105,1.316400000177964
829,d109_u11,neutral,train,109,11,bc,3,1,1,0,0,0,1,1,0,ok,"{""sentences"": [""I hear you."", ""We can pause here for a moment.""], ""safety"": ""ok""}",1,2176,1.5916000002107467,0.0018999999156221747,0.00030000046535860747,0.013500000022759195,0.005300000339047983,1.6184999994948157
830,d109_u12,neutral,train,109,12,bc,3,1,1,0,0,0,1,1,0,ok,"{""sentences"": [""I hear you."", ""We can pause here for a moment.""], ""safety"": ""ok""}",1,2176,1.6425999992861762,0.0016999993022182025,0.00030000046535860747,0.012600000445672777,0.004900000021734741,1.6672000001562992
831,d109_u13,neutral,train,109,13,bc,3,1,1,0,0,0,1,1,0,ok,"{""sentences"": [""I hear you."", ""We can pause here for a moment.""], ""safety"": ""ok""}",1,2176,1.4460000002145534,0.0020000006770715117,0.00030000046535860747,0.012299999980314169,0.004599999556376133,1.470599999265687
832,d109_u14,neutral,train,109,14,bc,3,1,1,0,0,0,1,1,0,ok,"{""sentences"": [""I hear you."", ""We can pause here for a moment.""], ""safety"": ""ok""}",1,2176,1.4605999995183083,0.0017000002117129043,0.00019999970390927047,0.012900000001536682,0.004799999260285404,1.4856000007057446
833,d109_u15,angry,train,109,15,bc,3,1,1,0,0,0,1,1,0,ok,"{""sentences"": [""I hear you."", ""We can pause here for a moment.""], ""safety"": ""ok""}",1,2176,1.4135999999780324,0.0015999994502635673,0.0002999995558639057,0.012399999832268804,0.004600000465870835,1.4375999999174383
834,d109_u20,angry,train,109,20,bc,3,1,1,0,0,0,1,1,0,ok,"{""sentences"": [""I hear you."", ""We can pause here for a moment.""], ""safety"": ""ok""}",1,2176,1.4087999998082523,0.0018000000636675395,0.00020000061340397224,0.013100000614940654,0.004800000169780105,1.4342000004035071
835,d109_u21,happy,train,109,21,bc,3,1,1,0,0,0,1,1,0,ok,"{""sentences"": [""I hear you."", ""We can pause here for a moment.""], ""safety"": ""ok""}",1,2176,1.7288999997617793,0.0017000002117129043,0.00019999970390927047,0.01249999968422344,0.004599999556376133,1.7529999995531398
836,d110_u0,neutral,train,110,0,bc,3,1,1,0,0,0,1,1,0,ok,"{""sentences"": [""I hear you."", ""We can pause here for a moment.""], ""safety"": ""ok""}",1,2176,1.4154999998936546,0.0018000000636675395,0.00019999970390927047,0.012900000001536682,0.004800000169780105,1.4403999994101468
837,d110_u3,angry,train,110,3,bc,3,1,1,0,0,0,1,1,0,ok,"{""sentences"": [""I hear you."", ""We can pause here for a moment.""], ""safety"": ""ok""}",1,2176,1.836399999774585,0.0018999999156221747,0.00020000061340397224,0.014000000192027073,0.0054000001910026185,1.8636999993759673
838,d110_u4,neutral,train,110,4,bc,3,1,1,0,0,0,1,1,0,ok,"{""sentences"": [""I hear you."", ""We can pause here for a moment.""], ""safety"": ""ok""}",1,2176,1.8891999998231768,0.0018000000636675395,0.0002999995558639057,0.012599999536178075,0.004800000169780105,1.9135999991704011
839,d110_u5,happy,train,110,5,bc,3,1,1,0,0,0,1,1,0,ok,"{""sentences"": [""I hear you."", ""We can pause here for a moment.""], ""safety"": ""ok""}",1,2176,1.7341000002488727,0.0018000000636675395,0.0002999995558639057,0.013099999705445953,0.004999999873689376,1.7600999999558553
840,d111_u0,happy,train,111,0,bc,3,1,1,0,0,0,1,1,0,ok,"{""sentences"": [""I hear you."", ""We can pause here for a moment.""], ""safety"": ""ok""}",1,2176,1.4213999993444304,0.0017000002117129043,0.00020000061340397224,0.012500000593718141,0.004599999556376133,1.4455000000452856
841,d111_u2,happy,train,111,2,bc,3,1,1,0,0,0,1,1,0,ok,"{""sentences"": [""I hear you."", ""We can pause here for a moment.""], ""safety"": ""ok""}",1,2176,1.5611999997418025,0.0018000000636675395,0.00019999970390927047,0.012399999832268804,0.00470000031782547,1.5855999999985215
842,d111_u3,neutral,train,111,3,bc,3,1,1,0,0,0,1,1,0,ok,"{""sentences"": [""I hear you."", ""We can pause here for a moment.""], ""safety"": ""ok""}",1,2176,1.288100000238046,0.0018000000636675395,0.00019999970390927047,0.012299999980314169,0.004600000465870835,1.3122999998813611
843,d111_u7,neutral,train,111,7,bc,3,1,1,0,0,0,1,1,0,ok,"{""sentences"": [""I hear you."", ""We can pause here for a moment.""], ""safety"": ""ok""}",1,2176,1.4016000004630769,0.0017999991541728377,0.00020000061340397224,0.012700000297627412,0.004800000169780105,1.4265999998315237
844,d111_u9,neutral,train,111,9,bc,3,1,1,0,0,0,1,1,0,ok,"{""sentences"": [""I hear you."", ""We can pause here for a moment.""], ""safety"": ""ok""}",1,2176,1.4504000000670203,0.0017000002117129043,0.00019999970390927047,0.02700000004551839,0.004800000169780105,1.4895000003889436
845,d111_u11,neutral,train,111,11,bc,3,1,1,0,0,0,1,1,0,ok,"{""sentences"": [""I hear you."", ""We can pause here for a moment.""], ""safety"": ""ok""}",1,2176,1.426499999979569,0.0017000002117129043,0.00019999970390927047,0.012900000001536682,0.004800000169780105,1.4515000002575107
846,d111_u12,neutral,train,111,12,bc,3,1,1,0,0,0,1,1,0,ok,"{""sentences"": [""I hear you."", ""We can pause here for a moment.""], ""safety"": ""ok""}",1,2176,1.4372999994520796,0.0020000006770715117,0.00030000046535860747,0.014500000361294951,0.005300000339047983,1.4656000003014924
847,d111_u14,neutral,train,111,14,bc,3,1,1,0,0,0,1,1,0,ok,"{""sentences"": [""I hear you."", ""We can pause here for a moment.""], ""safety"": ""ok""}",1,2176,1.5877000005275477,0.0019000008251168765,0.00019999970390927047,0.01340000017080456,0.005199999577598646,1.6143000002557528
848,d112_u2,angry,train,112,2,bc,3,1,1,0,0,0,1,1,0,ok,"{""sentences"": [""I hear you."", ""We can pause here for a moment.""], ""safety"": ""ok""}",1,2176,1.6704999998182757,0.0016999993022182025,0.00020000061340397224,0.012800000149582047,0.004600000465870835,1.695099999778904
849,d112_u3,angry,train,112,3,bc,3,1,1,0,0,0,1,1,0,ok,"{""sentences"": [""I hear you."", ""We can pause here for a moment.""], ""safety"": ""ok""}",1,2176,1.4610999996875762,0.0016999993022182025,0.00020000061340397224,0.012600000445672777,0.004699999408330768,1.4854999999442953
850,d113_u0,neutral,train,113,0,bc,3,1,1,0,0,0,1,1,0,ok,"{""sentences"": [""I hear you."", ""We can pause here for a moment.""], ""safety"": ""ok""}",1,2176,1.3658000007126248,0.0017000002117129043,0.00030000046535860747,0.012600000445672777,0.004900000021734741,1.3903999997637584
851,d113_u1,angry,train,113,1,bc,3,1,1,0,0,0,1,1,0,ok,"{""sentences"": [""I hear you."", ""We can pause here for a moment.""], ""safety"": ""ok""}",1,2176,1.4825999996901373,0.0018000000636675395,0.00019999970390927047,0.01249999968422344,0.004699999408330768,1.506899999185407
852,d113_u2,neutral,train,113,2,bc,3,1,1,0,0,0,1,1,0,ok,"{""sentences"": [""I hear you."", ""We can pause here for a moment.""], ""safety"": ""ok""}",1,2176,1.3846000001649372,0.01609999981155852,0.00019999970390927047,0.02860000040527666,0.004800000169780105,1.4396999995369697
853,d113_u3,neutral,train,113,3,bc,3,1,1,0,0,0,1,1,0,ok,"{""sentences"": [""I hear you."", ""We can pause here for a moment.""], ""safety"": ""ok""}",1,2176,1.4467000000877306,0.0017000002117129043,0.00030000046535860747,0.012299999980314169,0.004599999556376133,1.470799999879091
854,d113_u4,neutral,train,113,4,bc,3,1,1,0,0,0,1,1,0,ok,"{""sentences"": [""I hear you."", ""We can pause here for a moment.""], ""safety"": ""ok""}",1,2176,1.4590000000680448,0.0016999993022182025,0.00030000046535860747,0.012700000297627412,0.004900000021734741,1.4837999997325824
855,d113_u5,neutral,train,113,5,bc,3,1,1,0,0,0,1,1,0,ok,"{""sentences"": [""I hear you."", ""We can pause here for a moment.""], ""safety"": ""ok""}",1,2176,1.5544999996564002,0.00199999976757681,0.0002999995558639057,0.014100000043981709,0.005099999725644011,1.582599999892409
856,d113_u6,neutral,train,113,6,bc,3,1,1,0,0,0,1,1,0,ok,"{""sentences"": [""I hear you."", ""We can pause here for a moment.""], ""safety"": ""ok""}",1,2176,1.6047999997681472,0.001600000359758269,0.00020000061340397224,0.012399999832268804,0.004699999408330768,1.6286999998555984
857,d113_u7,neutral,train,113,7,bc,3,1,1,0,0,0,1,1,0,ok,"{""sentences"": [""I hear you."", ""We can pause here for a moment.""], ""safety"": ""ok""}",1,2176,1.6944999997576815,0.002099999619531445,0.0002999995558639057,0.013099999705445953,0.004999999873689376,1.7202999997607549
858,d113_u8,happy,train,113,8,bc,3,1,1,0,0,0,1,1,0,ok,"{""sentences"": [""I hear you."", ""We can pause here for a moment.""], ""safety"": ""ok""}",1,2176,1.403799999934563,0.0017000002117129043,0.0002999995558639057,0.012200000128359534,0.005199999577598646,1.428299999133742
859,d113_u9,neutral,train,113,9,bc,3,1,1,0,0,0,1,1,0,ok,"{""sentences"": [""I hear you."", ""We can pause here for a moment.""], ""safety"": ""ok""}",1,2176,1.6906999999264372,0.0016999993022182025,0.0002999995558639057,0.012800000149582047,0.004900000021734741,1.7154999995909748
860,d113_u10,neutral,train,113,10,bc,3,1,1,0,0,0,1,1,0,ok,"{""sentences"": [""I hear you."", ""We can pause here for a moment.""], ""safety"": ""ok""}",1,2176,1.3780000008409843,0.0017000002117129043,0.00019999970390927047,0.01269999938813271,0.004699999408330768,1.4026999997440726
861,d114_u0,neutral,train,114,0,bc,3,1,1,0,0,0,1,1,0,ok,"{""sentences"": [""I hear you."", ""We can pause here for a moment.""], ""safety"": ""ok""}",1,2176,1.394399999298912,0.0015999994502635673,0.00019999970390927047,0.011999999514955562,0.004600000465870835,1.4177000002746354
862,d114_u2,neutral,train,114,2,bc,3,1,1,0,0,0,1,1,0,ok,"{""sentences"": [""I hear you."", ""We can pause here for a moment.""], ""safety"": ""ok""}",1,2176,1.407199999448494,0.0017000002117129043,0.00019999970390927047,0.012399999832268804,0.004699999408330768,1.4314999998532585
863,d114_u3,happy,train,114,3,bc,3,1,1,0,0,0,1,1,0,ok,"{""sentences"": [""I hear you."", ""We can pause here for a moment.""], ""safety"": ""ok""}",1,2176,1.373599999169528,0.0017000002117129043,0.00019999970390927047,0.012400000741763506,0.004800000169780105,1.3981000001876964
864,d114_u4,happy,train,114,4,bc,3,1,1,0,0,0,1,1,0,ok,"{""sentences"": [""I hear you."", ""We can pause here for a moment.""], ""safety"": ""ok""}",1,2176,1.3426000004983507,0.0017000002117129043,0.00019999970390927047,0.026900000193563756,0.004800000169780105,1.3811999997415114
865,d115_u0,neutral,train,115,0,bc,3,1,1,0,0,0,1,1,0,ok,"{""sentences"": [""I hear you."", ""We can pause here for a moment.""], ""safety"": ""ok""}",1,2176,1.7379999999320717,0.0018999999156221747,0.00019999970390927047,0.013899999430577736,0.0052999994295532815,1.7653999993854086
866,d115_u1,neutral,train,115,1,bc,3,1,1,0,0,0,1,1,0,ok,"{""sentences"": [""I hear you."", ""We can pause here for a moment.""], ""safety"": ""ok""}",1,2176,1.7295999996349565,0.0017000002117129043,0.00019999970390927047,0.012299999980314169,0.00470000031782547,1.753399999870453
867,d115_u2,neutral,train,115,2,bc,3,1,1,0,0,0,1,1,0,ok,"{""sentences"": [""I hear you."", ""We can pause here for a moment.""], ""safety"": ""ok""}",1,2176,1.5486000002056244,0.0018000000636675395,0.00019999970390927047,0.012600000445672777,0.004900000021734741,1.5733000000182074
868,d115_u3,neutral,train,115,3,bc,3,1,1,0,0,0,1,1,0,ok,"{""sentences"": [""I hear you."", ""We can pause here for a moment.""], ""safety"": ""ok""}",1,2176,1.4989999999670545,0.0017000002117129043,0.00019999970390927047,0.012400000741763506,0.004699999408330768,1.523300000371819
869,d115_u4,angry,train,115,4,bc,3,1,1,0,0,0,1,1,0,ok,"{""sentences"": [""I hear you."", ""We can pause here for a moment.""], ""safety"": ""ok""}",1,2176,1.72870000005787,0.0018000000636675395,0.00020000061340397224,0.027800000680144876,0.004800000169780105,1.768899999660789
870,d115_u5,neutral,train,115,5,bc,3,1,1,0,0,0,1,1,0,ok,"{""sentences"": [""I hear you."", ""We can pause here for a moment.""], ""safety"": ""ok""}",1,2176,1.4113999995970516,0.0017000002117129043,0.00019999970390927047,0.012000000424450263,0.00470000031782547,1.435700000001816
871,d116_u0,neutral,train,116,0,bc,3,1,1,0,0,0,1,1,0,ok,"{""sentences"": [""I hear you."", ""We can pause here for a moment.""], ""safety"": ""ok""}",1,2176,1.5014000000519445,0.001600000359758269,0.00019999970390927047,0.012100000276404899,0.004800000169780105,1.5253999999913503
872,d116_u1,neutral,train,116,1,bc,3,1,1,0,0,0,1,1,0,ok,"{""sentences"": [""I hear you."", ""We can pause here for a moment.""], ""safety"": ""ok""}",1,2176,1.4866999999867403,0.0018000000636675395,0.00019999970390927047,0.013099999705445953,0.00470000031782547,1.512199999524455
873,d116_u2,sad,train,116,2,bc,3,1,1,0,0,0,1,1,0,ok,"{""sentences"": [""I hear you."", ""We can pause here for a moment.""], ""safety"": ""ok""}",1,2176,1.8461999998180545,0.0018000000636675395,0.00030000046535860747,0.012999999853491317,0.004800000169780105,1.8716999993557693
874,d116_u4,neutral,train,116,4,bc,3,1,1,0,0,0,1,1,0,ok,"{""sentences"": [""I hear you."", ""We can pause here for a moment.""], ""safety"": ""ok""}",1,2176,1.4645999999629566,0.002099999619531445,0.00020000061340397224,0.014100000043981709,0.005399999281507917,1.4922000000296975
875,d116_u5,neutral,train,116,5,bc,3,1,1,0,0,0,1,1,0,ok,"{""sentences"": [""I hear you."", ""We can pause here for a moment.""], ""safety"": ""ok""}",1,2176,1.7305000001215376,0.0020000006770715117,0.00019999970390927047,0.013199999557400588,0.005199999577598646,1.7568999992363388
876,d116_u6,neutral,train,116,6,bc,3,1,1,0,0,0,1,1,0,ok,"{""sentences"": [""I hear you."", ""We can pause here for a moment.""], ""safety"": ""ok""}",1,2176,1.6402999999627355,0.0017000002117129043,0.00030000046535860747,0.012900000001536682,0.004900000021734741,1.6659000002618995
877,d116_u7,sad,train,116,7,bc,3,1,1,0,0,0,1,1,0,ok,"{""sentences"": [""I hear you."", ""We can pause here for a moment.""], ""safety"": ""ok""}",1,2176,1.6354999997929554,0.0017000002117129043,0.0002999995558639057,0.012900000001536682,0.00470000031782547,1.6604000002189423
878,d117_u0,happy,train,117,0,bc,3,1,1,0,0,0,1,1,0,ok,"{""sentences"": [""I hear you."", ""We can pause here for a moment.""], ""safety"": ""ok""}",1,2176,1.380599999720289,0.0017000002117129043,0.00019999970390927047,0.012299999980314169,0.00470000031782547,1.404700000421144
879,d117_u1,neutral,train,117,1,bc,3,1,1,0,0,0,1,1,0,ok,"{""sentences"": [""I hear you."", ""We can pause here for a moment.""], ""safety"": ""ok""}",1,2176,1.6364000002795365,0.0018000000636675395,0.00020000061340397224,0.012799999240087345,0.004900000021734741,1.661700000113342
880,d117_u2,happy,train,117,2,bc,3,1,1,0,0,0,1,1,0,ok,"{""sentences"": [""I hear you."", ""We can pause here for a moment.""], ""safety"": ""ok""}",1,2176,1.3736000000790227,0.0017000002117129043,0.00019999970390927047,0.012599999536178075,0.00470000031782547,1.3977999997223378
881,d117_u3,neutral,train,117,3,bc,3,1,1,0,0,0,1,1,0,ok,"{""sentences"": [""I hear you."", ""We can pause here for a moment.""], ""safety"": ""ok""}",1,2176,1.5854000002946123,0.0018999999156221747,0.00030000046535860747,0.01340000017080456,0.005200000487093348,1.6116999995574588
882,d118_u0,neutral,train,118,0,bc,3,1,1,0,0,0,1,1,0,ok,"{""sentences"": [""I hear you."", ""We can pause here for a moment.""], ""safety"": ""ok""}",1,2176,1.5690999998696498,0.0017999991541728377,0.00030000046535860747,0.01269999938813271,0.004799999260285404,1.5942999998515006
883,d118_u2,neutral,train,118,2,bc,3,1,1,0,0,0,1,1,0,ok,"{""sentences"": [""I hear you."", ""We can pause here for a moment.""], ""safety"": ""ok""}",1,2176,1.593900000443682,0.0018000000636675395,0.00020000061340397224,0.013300000318849925,0.004900000021734741,1.6197999993892154
884,d118_u3,happy,train,118,3,bc,3,1,1,0,0,0,1,1,0,ok,"{""sentences"": [""I hear you."", ""We can pause here for a moment.""], ""safety"": ""ok""}",1,2176,1.639699999941513,0.0017000002117129043,0.00030000046535860747,0.012299999980314169,0.004800000169780105,1.6636999998809188
885,d118_u4,angry,train,118,4,bc,3,1,1,0,0,0,1,1,0,ok,"{""sentences"": [""I hear you."", ""We can pause here for a moment.""], ""safety"": ""ok""}",1,2176,1.4832999995633145,0.0017000002117129043,0.00020000061340397224,0.012700000297627412,0.004800000169780105,1.5080000002853922
886,d118_u5,happy,train,118,5,bc,3,1,1,0,0,0,1,1,0,ok,"{""sentences"": [""I hear you."", ""We can pause here for a moment.""], ""safety"": ""ok""}",1,2176,1.504699999713921,0.0016999993022182025,0.00030000046535860747,0.012800000149582047,0.004900000021734741,1.529600000139908
887,d119_u0,neutral,train,119,0,bc,3,1,1,0,0,0,1,1,0,ok,"{""sentences"": [""I hear you."", ""We can pause here for a moment.""], ""safety"": ""ok""}",1,2176,1.4697999995405553,0.0019000008251168765,0.00030000046535860747,0.012500000593718141,0.004599999556376133,1.494200000706769
888,d119_u1,neutral,train,119,1,bc,3,1,1,0,0,0,1,1,0,ok,"{""sentences"": [""I hear you."", ""We can pause here for a moment.""], ""safety"": ""ok""}",1,2176,1.4198000008036615,0.001600000359758269,0.00019999970390927047,0.012500000593718141,0.004699999408330768,1.4441000002989313
889,d119_u2,neutral,train,119,2,bc,3,1,1,0,0,0,1,1,0,ok,"{""sentences"": [""I hear you."", ""We can pause here for a moment.""], ""safety"": ""ok""}",1,2176,1.4048999992155586,0.0017000002117129043,0.00019999970390927047,0.012799999240087345,0.004799999260285404,1.4298000005510403
890,d119_u3,neutral,train,119,3,bc,3,1,1,0,0,0,1,1,0,ok,"{""sentences"": [""I hear you."", ""We can pause here for a moment.""], ""safety"": ""ok""}",1,2176,1.3896000000386266,0.01650000012887176,0.00019999970390927047,0.012800000149582047,0.004800000169780105,1.4293000003817724
891,d119_u4,sad,train,119,4,bc,3,1,1,0,0,0,1,1,0,ok,"{""sentences"": [""I hear you."", ""We can pause here for a moment.""], ""safety"": ""ok""}",1,2176,1.6856000002007931,0.0018000000636675395,0.00019999970390927047,0.013500000022759195,0.005300000339047983,1.711799999611685
892,d119_u5,neutral,train,119,5,bc,3,1,1,0,0,0,1,1,0,ok,"{""sentences"": [""I hear you."", ""We can pause here for a moment.""], ""safety"": ""ok""}",1,2176,1.7969999998967978,0.0018000000636675395,0.00019999970390927047,0.01249999968422344,0.004699999408330768,1.8219000003227848
893,d119_u6,sad,train,119,6,bc,3,1,1,0,0,0,1,1,0,ok,"{""sentences"": [""I hear you."", ""We can pause here for a moment.""], ""safety"": ""ok""}",1,2176,1.4563000004272908,0.0016999993022182025,0.00020000061340397224,0.012700000297627412,0.004800000169780105,1.4812999997957377
894,d119_u8,neutral,train,119,8,bc,3,1,1,0,0,0,1,1,0,ok,"{""sentences"": [""I hear you."", ""We can pause here for a moment.""], ""safety"": ""ok""}",1,2176,1.4129000001048553,0.0017000002117129043,0.0002999995558639057,0.01249999968422344,0.004999999873689376,1.4375999999174383
895,d119_u9,neutral,train,119,9,bc,3,1,1,0,0,0,1,1,0,ok,"{""sentences"": [""I hear you."", ""We can pause here for a moment.""], ""safety"": ""ok""}",1,2176,1.6637999997328734,0.0018000000636675395,0.0002999995558639057,0.012999999853491317,0.005099999725644011,1.6894000000320375
896,d119_u10,neutral,train,119,10,bc,3,1,1,0,0,0,1,1,0,ok,"{""sentences"": [""I hear you."", ""We can pause here for a moment.""], ""safety"": ""ok""}",1,2176,1.340199999503966,0.0018000000636675395,0.00020000061340397224,0.012299999980314169,0.00470000031782547,1.3644000000567758
897,d119_u11,neutral,train,119,11,bc,3,1,1,0,0,0,1,1,0,ok,"{""sentences"": [""I hear you."", ""We can pause here for a moment.""], ""safety"": ""ok""}",1,2176,1.5934000002744142,0.0017000002117129043,0.00020000061340397224,0.012299999980314169,0.004699999408330768,1.6175999999177293
898,d119_u12,angry,train,119,12,bc,3,1,1,0,0,0,1,1,0,ok,"{""sentences"": [""I hear you."", ""We can pause here for a moment.""], ""safety"": ""ok""}",1,2176,1.2960000003658934,0.0018999999156221747,0.00030000046535860747,0.012800000149582047,0.00470000031782547,1.3211999994382495
899,d120_u1,happy,train,120,1,bc,3,1,1,0,0,0,1,1,0,ok,"{""sentences"": [""I hear you."", ""We can pause here for a moment.""], ""safety"": ""ok""}",1,2176,1.6380000006392947,0.0018000000636675395,0.00020000061340397224,0.01359999987471383,0.005099999725644011,1.6645000005155453
900,d120_u3,neutral,train,120,3,bc,3,1,1,0,0,0,1,1,0,ok,"{""sentences"": [""I hear you."", ""We can pause here for a moment.""], ""safety"": ""ok""}",1,2176,1.3491999998223037,0.0018000000636675395,0.00020000061340397224,0.01359999987471383,0.004799999260285404,1.375499999994645
901,d120_u7,neutral,train,120,7,bc,3,1,1,0,0,0,1,1,0,ok,"{""sentences"": [""I hear you."", ""We can pause here for a moment.""], ""safety"": ""ok""}",1,2176,1.5425000001414446,0.0018000000636675395,0.0002999995558639057,0.01249999968422344,0.00470000031782547,1.5670000002501183
902,d120_u8,neutral,train,120,8,bc,3,1,1,0,0,0,1,1,0,ok,"{""sentences"": [""I hear you."", ""We can pause here for a moment.""], ""safety"": ""ok""}",1,2176,1.577299999553361,0.0018000000636675395,0.00019999970390927047,0.012700000297627412,0.004800000169780105,1.6021000001273933
903,d120_u9,neutral,train,120,9,bc,3,1,1,0,0,0,1,1,0,ok,"{""sentences"": [""I hear you."", ""We can pause here for a moment.""], ""safety"": ""ok""}",1,2176,1.6863000000739703,0.0016999993022182025,0.00019999970390927047,0.012800000149582047,0.004900000021734741,1.7113999992943718
904,d120_u10,neutral,train,120,10,bc,3,1,1,0,0,0,1,1,0,ok,"{""sentences"": [""I hear you."", ""We can pause here for a moment.""], ""safety"": ""ok""}",1,2176,1.34520000028715,0.0017000002117129043,0.0002999995558639057,0.01249999968422344,0.00470000031782547,1.3694999997824198
905,d120_u11,neutral,train,120,11,bc,3,1,1,0,0,0,1,1,0,ok,"{""sentences"": [""I hear you."", ""We can pause here for a moment.""], ""safety"": ""ok""}",1,2176,1.4553999999407097,0.0017000002117129043,0.0002999995558639057,0.01269999938813271,0.004800000169780105,1.480299999457202
906,d120_u12,neutral,train,120,12,bc,3,1,1,0,0,0,1,1,0,ok,"{""sentences"": [""I hear you."", ""We can pause here for a moment.""], ""safety"": ""ok""}",1,2176,1.4529999998558196,0.0018000000636675395,0.00019999970390927047,0.026900000193563756,0.004800000169780105,1.4919000004738336
907,d120_u13,neutral,train,120,13,bc,3,1,1,0,0,0,1,1,0,ok,"{""sentences"": [""I hear you."", ""We can pause here for a moment.""], ""safety"": ""ok""}",1,2176,1.4415999994525919,0.0015999994502635673,0.00019999970390927047,0.012299999980314169,0.00470000031782547,1.4656000003014924
908,d120_u14,neutral,train,120,14,bc,3,1,1,0,0,0,1,1,0,ok,"{""sentences"": [""I hear you."", ""We can pause here for a moment.""], ""safety"": ""ok""}",1,2176,1.4833999994152691,0.002100000529026147,0.00020000061340397224,0.014399999599845614,0.005599999894911889,1.5118999999685911
909,d120_u15,neutral,train,120,15,bc,3,1,1,0,0,0,1,1,0,ok,"{""sentences"": [""I hear you."", ""We can pause here for a moment.""], ""safety"": ""ok""}",1,2176,1.6746000001148786,0.00199999976757681,0.00019999970390927047,0.013900000340072438,0.005200000487093348,1.701899999716261
910,d121_u0,neutral,train,121,0,bc,3,1,1,0,0,0,1,1,0,ok,"{""sentences"": [""I hear you."", ""We can pause here for a moment.""], ""safety"": ""ok""}",1,2176,1.5997999998944579,0.0017000002117129043,0.00030000046535860747,0.012600000445672777,0.019099999917671084,1.6384000000471133
911,d121_u1,happy,train,121,1,bc,3,1,1,0,0,0,1,1,0,ok,"{""sentences"": [""I hear you."", ""We can pause here for a moment.""], ""safety"": ""ok""}",1,2176,1.4757999997527804,0.0018000000636675395,0.00020000061340397224,0.013100000614940654,0.004900000021734741,1.5013000001999899
912,d121_u2,happy,train,121,2,bc,3,1,1,0,0,0,1,1,0,ok,"{""sentences"": [""I hear you."", ""We can pause here for a moment.""], ""safety"": ""ok""}",1,2176,1.4962000004743459,0.0017000002117129043,0.00030000046535860747,0.012500000593718141,0.004599999556376133,1.520400000117661
913,d121_u5,angry,train,121,5,bc,3,1,1,0,0,0,1,1,0,ok,"{""sentences"": [""I hear you."", ""We can pause here for a moment.""], ""safety"": ""ok""}",1,2176,1.4675000002171146,0.0017000002117129043,0.00020000061340397224,0.012700000297627412,0.004900000021734741,1.4924999995855615
914,d121_u6,neutral,train,121,6,bc,3,1,1,0,0,0,1,1,0,ok,"{""sentences"": [""I hear you."", ""We can pause here for a moment.""], ""safety"": ""ok""}",1,2176,1.452600000448001,0.0018000000636675395,0.00019999970390927047,0.012900000001536682,0.004800000169780105,1.477599999816448
915,d121_u7,sad,train,121,7,bc,3,1,1,0,0,0,1,1,0,ok,"{""sentences"": [""I hear you."", ""We can pause here for a moment.""], ""safety"": ""ok""}",1,2176,1.4031000000613858,0.0018000000636675395,0.0002999995558639057,0.012900000001536682,0.004800000169780105,1.4283000000432367
916,d122_u2,neutral,train,122,2,bc,3,1,1,0,0,0,1,1,0,ok,"{""sentences"": [""I hear you."", ""We can pause here for a moment.""], ""safety"": ""ok""}",1,2176,1.38150000020687,0.0017000002117129043,0.00019999970390927047,0.026899999284069054,0.004600000465870835,1.4200999994500307
917,d122_u3,neutral,train,122,3,bc,3,1,1,0,0,0,1,1,0,ok,"{""sentences"": [""I hear you."", ""We can pause here for a moment.""], ""safety"": ""ok""}",1,2176,1.5515999994022422,0.0018999999156221747,0.00030000046535860747,0.014299999747890979,0.005000000783184078,1.5792000003784779
918,d122_u4,neutral,train,122,4,bc,3,1,1,0,0,0,1,1,0,ok,"{""sentences"": [""I hear you."", ""We can pause here for a moment.""], ""safety"": ""ok""}",1,2176,1.5527000005022273,0.0017000002117129043,0.00019999970390927047,0.013099999705445953,0.004999999873689376,1.5780000003360328
919,d122_u5,neutral,train,122,5,bc,3,1,1,0,0,0,1,1,0,ok,"{""sentences"": [""I hear you."", ""We can pause here for a moment.""], ""safety"": ""ok""}",1,2176,1.5972999999576132,0.0018000000636675395,0.00020000061340397224,0.012700000297627412,0.00470000031782547,1.6220999996221508
920,d122_u6,neutral,train,122,6,bc,3,1,1,0,0,0,1,1,0,ok,"{""sentences"": [""I hear you."", ""We can pause here for a moment.""], ""safety"": ""ok""}",1,2176,1.617199999600416,0.0017000002117129043,0.00019999970390927047,0.012099999366910197,0.004599999556376133,1.640899999983958
921,d122_u7,happy,train,122,7,bc,3,1,1,0,0,0,1,1,0,ok,"{""sentences"": [""I hear you."", ""We can pause here for a moment.""], ""safety"": ""ok""}",1,2176,1.3221999997767853,0.0018999999156221747,0.00019999970390927047,0.012799999240087345,0.004900000021734741,1.3474000006681308
922,d122_u8,happy,train,122,8,bc,3,1,1,0,0,0,1,1,0,ok,"{""sentences"": [""I hear you."", ""We can pause here for a moment.""], ""safety"": ""ok""}",1,2176,1.305099999626691,0.0018000000636675395,0.00020000061340397224,0.012600000445672777,0.004900000021734741,1.3296999995873193
923,d122_u10,neutral,train,122,10,bc,3,1,1,0,0,0,1,1,0,ok,"{""sentences"": [""I hear you."", ""We can pause here for a moment.""], ""safety"": ""ok""}",1,2176,1.4701999998578685,0.0018000000636675395,0.0002999995558639057,0.012700000297627412,0.004900000021734741,1.4951000002838555
924,d122_u11,neutral,train,122,11,bc,3,1,1,0,0,0,1,1,0,ok,"{""sentences"": [""I hear you."", ""We can pause here for a moment.""], ""safety"": ""ok""}",1,2176,1.4175000005707261,0.001600000359758269,0.00030000046535860747,0.012299999980314169,0.004800000169780105,1.4417000002140412
925,d122_u14,neutral,train,122,14,bc,3,1,1,0,0,0,1,1,0,ok,"{""sentences"": [""I hear you."", ""We can pause here for a moment.""], ""safety"": ""ok""}",1,2176,1.2943000001541805,0.001600000359758269,0.00030000046535860747,0.012600000445672777,0.004600000465870835,1.3188000002628542
926,d122_u15,neutral,train,122,15,bc,3,1,1,0,0,0,1,1,0,ok,"{""sentences"": [""I hear you."", ""We can pause here for a moment.""], ""safety"": ""ok""}",1,2176,1.3455999996949686,0.0018000000636675395,0.00019999970390927047,0.012399999832268804,0.004800000169780105,1.3703000004170462
927,d123_u1,angry,train,123,1,bc,3,1,1,0,0,0,1,1,0,ok,"{""sentences"": [""I hear you."", ""We can pause here for a moment.""], ""safety"": ""ok""}",1,2176,1.5715999998064945,0.0018999999156221747,0.00020000061340397224,0.014100000043981709,0.0052999994295532815,1.5996000001905486
928,d123_u2,angry,train,123,2,bc,3,1,1,0,0,0,1,1,0,ok,"{""sentences"": [""I hear you."", ""We can pause here for a moment.""], ""safety"": ""ok""}",1,2176,1.605500000550819,0.0017000002117129043,0.00030000046535860747,0.02660000063769985,0.004800000169780105,1.643800000238116
929,d123_u3,angry,train,123,3,bc,3,1,1,0,0,0,1,1,0,ok,"{""sentences"": [""I hear you."", ""We can pause here for a moment.""], ""safety"": ""ok""}",1,2176,1.4247000008253963,0.0018000000636675395,0.00030000046535860747,0.012600000445672777,0.004800000169780105,1.4497000001938432
930,d123_u4,angry,train,123,4,bc,3,1,1,0,0,0,1,1,0,ok,"{""sentences"": [""I hear you."", ""We can pause here for a moment.""], ""safety"": ""ok""}",1,2176,1.4271999998527463,0.0017000002117129043,0.00019999970390927047,0.01269999938813271,0.004900000021734741,1.4521000002787332
931,d123_u5,neutral,train,123,5,bc,3,1,1,0,0,0,1,1,0,ok,"{""sentences"": [""I hear you."", ""We can pause here for a moment.""], ""safety"": ""ok""}",1,2176,1.633899999433197,0.0018999999156221747,0.00020000061340397224,0.013100000614940654,0.004800000169780105,1.6594999997323612
932,d123_u6,angry,train,123,6,bc,3,1,1,0,0,0,1,1,0,ok,"{""sentences"": [""I hear you."", ""We can pause here for a moment.""], ""safety"": ""ok""}",1,2176,1.3257000000521657,0.0018000000636675395,0.00019999970390927047,0.012100000276404899,0.0045000006139162,1.349300000583753
933,d123_u7,neutral,train,123,7,bc,3,1,1,0,0,0,1,1,0,ok,"{""sentences"": [""I hear you."", ""We can pause here for a moment.""], ""safety"": ""ok""}",1,2176,1.4510999999401974,0.0016999993022182025,0.00019999970390927047,0.012299999980314169,0.00470000031782547,1.4750999998796033
934,d123_u8,angry,train,123,8,bc,3,1,1,0,0,0,1,1,0,ok,"{""sentences"": [""I hear you."", ""We can pause here for a moment.""], ""safety"": ""ok""}",1,2176,1.5095999997356557,0.0017000002117129043,0.0002999995558639057,0.027600000066740904,0.004800000169780105,1.5495999996346654
935,d123_u9,neutral,train,123,9,bc,3,1,1,0,0,0,1,1,0,ok,"{""sentences"": [""I hear you."", ""We can pause here for a moment.""], ""safety"": ""ok""}",1,2176,1.5464000007341383,0.0017000002117129043,0.00020000061340397224,0.013100000614940654,0.00470000031782547,1.5714000001025852
936,d123_u10,angry,train,123,10,bc,3,1,1,0,0,0,1,1,0,ok,"{""sentences"": [""I hear you."", ""We can pause here for a moment.""], ""safety"": ""ok""}",1,2176,1.6436999994766666,0.002100000529026147,0.00030000046535860747,0.03149999974993989,0.027800000680144876,1.7119000003731344
937,d124_u0,happy,train,124,0,bc,3,1,1,0,0,0,1,1,0,ok,"{""sentences"": [""I hear you."", ""We can pause here for a moment.""], ""safety"": ""ok""}",1,2176,1.6992999999274616,0.0018000000636675395,0.00030000046535860747,0.012800000149582047,0.005099999725644011,1.7249999991690856
938,d124_u2,neutral,train,124,2,bc,3,1,1,0,0,0,1,1,0,ok,"{""sentences"": [""I hear you."", ""We can pause here for a moment.""], ""safety"": ""ok""}",1,2176,1.5485000003536697,0.0018000000636675395,0.00019999970390927047,0.012900000001536682,0.004900000021734741,1.5734999997221166
939,d124_u4,sad,train,124,4,bc,3,1,1,0,0,0,1,1,0,ok,"{""sentences"": [""I hear you."", ""We can pause here for a moment.""], ""safety"": ""ok""}",1,2176,1.5718000004198984,0.0018000000636675395,0.00019999970390927047,0.012600000445672777,0.004900000021734741,1.5961999997671228
940,d124_u5,happy,train,124,5,bc,3,1,1,0,0,0,1,1,0,ok,"{""sentences"": [""I hear you."", ""We can pause here for a moment.""], ""safety"": ""ok""}",1,2176,1.2384999999994761,0.0018000000636675395,0.00020000061340397224,0.012600000445672777,0.004900000021734741,1.2633999995159684
941,d124_u6,happy,train,124,6,bc,3,1,1,0,0,0,1,1,0,ok,"{""sentences"": [""I hear you."", ""We can pause here for a moment.""], ""safety"": ""ok""}",1,2176,1.4012000001457636,0.0018000000636675395,0.0002999995558639057,0.012600000445672777,0.004800000169780105,1.4260999996622559
942,d124_u8,sad,train,124,8,bc,3,1,1,0,0,0,1,1,0,ok,"{""sentences"": [""I hear you."", ""We can pause here for a moment.""], ""safety"": ""ok""}",1,2176,1.4240000000427244,0.0017000002117129043,0.00019999970390927047,0.012800000149582047,0.004600000465870835,1.4485000001513981
943,d124_u9,neutral,train,124,9,bc,3,1,1,0,0,0,1,1,0,ok,"{""sentences"": [""I hear you."", ""We can pause here for a moment.""], ""safety"": ""ok""}",1,2176,1.5121000005819951,0.0017000002117129043,0.00019999970390927047,0.01269999938813271,0.004800000169780105,1.536800000394578
944,d124_u10,neutral,train,124,10,bc,3,1,1,0,0,0,1,1,0,ok,"{""sentences"": [""I hear you."", ""We can pause here for a moment.""], ""safety"": ""ok""}",1,2176,1.5115999995032325,0.0017000002117129043,0.00019999970390927047,0.01269999938813271,0.004999999873689376,1.5366999996331288
945,d124_u11,happy,train,124,11,bc,3,1,1,0,0,0,1,1,0,ok,"{""sentences"": [""I hear you."", ""We can pause here for a moment.""], ""safety"": ""ok""}",1,2176,1.4611999995395308,0.0018999999156221747,0.0002999995558639057,0.04170000011072261,0.005800000508315861,1.5172000003076391
946,d125_u0,happy,train,125,0,bc,3,1,1,0,0,0,1,1,0,ok,"{""sentences"": [""I hear you."", ""We can pause here for a moment.""], ""safety"": ""ok""}",1,2176,1.4923999997336068,0.0018000000636675395,0.00019999970390927047,0.012299999980314169,0.004800000169780105,1.5164999995249673
947,d125_u1,neutral,train,125,1,bc,3,1,1,0,0,0,1,1,0,ok,"{""sentences"": [""I hear you."", ""We can pause here for a moment.""], ""safety"": ""ok""}",1,2176,1.4405000001715962,0.0018000000636675395,0.0002999995558639057,0.012999999853491317,0.004800000169780105,1.4658999998573563
948,d125_u2,neutral,train,125,2,bc,3,1,1,0,0,0,1,1,0,ok,"{""sentences"": [""I hear you."", ""We can pause here for a moment.""], ""safety"": ""ok""}",1,2176,1.4269000002968824,0.0017000002117129043,0.00019999970390927047,0.012800000149582047,0.004600000465870835,1.451199999792152
949,d125_u4,neutral,train,125,4,bc,3,1,1,0,0,0,1,1,0,ok,"{""sentences"": [""I hear you."", ""We can pause here for a moment.""], ""safety"": ""ok""}",1,2176,1.4450000007855124,0.0016999993022182025,0.00020000061340397224,0.012500000593718141,0.004800000169780105,1.4694000001327367
950,d125_u5,neutral,train,125,5,bc,3,1,1,0,0,0,1,1,0,ok,"{""sentences"": [""I hear you."", ""We can pause here for a moment.""], ""safety"": ""ok""}",1,2176,1.3882000002922723,0.0017000002117129043,0.00019999970390927047,0.02680000034160912,0.00470000031782547,1.4268999993873877
951,d125_u6,neutral,train,125,6,bc,3,1,1,0,0,0,1,1,0,ok,"{""sentences"": [""I hear you."", ""We can pause here for a moment.""], ""safety"": ""ok""}",1,2176,1.6519999999218271,0.0018000000636675395,0.00030000046535860747,0.01300000076298602,0.004699999408330768,1.6770999991422286
952,d125_u7,neutral,train,125,7,bc,3,1,1,0,0,0,1,1,0,ok,"{""sentences"": [""I hear you."", ""We can pause here for a moment.""], ""safety"": ""ok""}",1,2176,1.300200000514451,0.0015999994502635673,0.00019999970390927047,0.012199999218864832,0.004599999556376133,1.3236999993750942
953,d126_u0,happy,train,126,0,bc,3,1,1,0,0,0,1,1,0,ok,"{""sentences"": [""I hear you."", ""We can pause here for a moment.""], ""safety"": ""ok""}",1,2176,1.603400000021793,0.022000000171829015,0.0002999995558639057,0.01359999987471383,0.005200000487093348,1.6497999995408463
954,d126_u1,angry,train,126,1,bc,3,1,1,0,0,0,1,1,0,ok,"{""sentences"": [""I hear you."", ""We can pause here for a moment.""], ""safety"": ""ok""}",1,2176,1.6811999994388316,0.002100000529026147,0.00030000046535860747,0.014799999917158857,0.019999999494757503,1.7245000008188072
955,d126_u2,happy,train,126,2,bc,3,1,1,0,0,0,1,1,0,ok,"{""sentences"": [""I hear you."", ""We can pause here for a moment.""], ""safety"": ""ok""}",1,2176,1.6181000000869972,0.0016999993022182025,0.00020000061340397224,0.012600000445672777,0.004800000169780105,1.6427000000476255
956,d126_u3,neutral,train,126,3,bc,3,1,1,0,0,0,1,1,0,ok,"{""sentences"": [""I hear you."", ""We can pause here for a moment.""], ""safety"": ""ok""}",1,2176,1.486299999669427,0.0018000000636675395,0.00019999970390927047,0.012800000149582047,0.004800000169780105,1.5108999996300554
957,d126_u4,happy,train,126,4,bc,3,1,1,0,0,0,1,1,0,ok,"{""sentences"": [""I hear you."", ""We can pause here for a moment.""], ""safety"": ""ok""}",1,2176,1.4646000008724513,0.0017000002117129043,0.00020000061340397224,0.012399999832268804,0.004699999408330768,1.488900000367721
958,d126_u5,angry,train,126,5,bc,3,1,1,0,0,0,1,1,0,ok,"{""sentences"": [""I hear you."", ""We can pause here for a moment.""], ""safety"": ""ok""}",1,2176,1.4107999995758291,0.0018999999156221747,0.0002999995558639057,0.01269999938813271,0.00470000031782547,1.4353999995364575
959,d126_u6,neutral,train,126,6,bc,3,1,1,0,0,0,1,1,0,ok,"{""sentences"": [""I hear you."", ""We can pause here for a moment.""], ""safety"": ""ok""}",1,2176,1.4304000005722628,0.002100000529026147,0.00030000046535860747,0.012600000445672777,0.004999999873689376,1.455599999644619
960,d126_u7,angry,train,126,7,bc,3,1,1,0,0,0,1,1,0,ok,"{""sentences"": [""I hear you."", ""We can pause here for a moment.""], ""safety"": ""ok""}",1,2176,1.4694999999846914,0.0018999999156221747,0.00020000061340397224,0.012200000128359534,0.004800000169780105,1.4935999997760518
961,d126_u8,neutral,train,126,8,bc,3,1,1,0,0,0,1,1,0,ok,"{""sentences"": [""I hear you."", ""We can pause here for a moment.""], ""safety"": ""ok""}",1,2176,1.306299999669136,0.001600000359758269,0.00019999970390927047,0.012099999366910197,0.004900000021734741,1.3301999997565872
962,d126_u9,sad,train,126,9,bc,3,1,1,0,0,0,1,1,0,ok,"{""sentences"": [""I hear you."", ""We can pause here for a moment.""], ""safety"": ""ok""}",1,2176,1.3632999998662854,0.0018000000636675395,0.00019999970390927047,0.013099999705445953,0.004800000169780105,1.3887999994040001
963,d126_u10,neutral,train,126,10,bc,3,1,1,0,0,0,1,1,0,ok,"{""sentences"": [""I hear you."", ""We can pause here for a moment.""], ""safety"": ""ok""}",1,2176,1.5738000001874752,0.0018999999156221747,0.0002999995558639057,0.014500000361294951,0.005199999577598646,1.601900000423484
964,d126_u11,neutral,train,126,11,bc,3,1,1,0,0,0,1,1,0,ok,"{""sentences"": [""I hear you."", ""We can pause here for a moment.""], ""safety"": ""ok""}",1,2176,1.5297999998438172,0.0018000000636675395,0.0002999995558639057,0.01359999987471383,0.005200000487093348,1.556199999868113
965,d126_u12,angry,train,126,12,bc,3,1,1,0,0,0,1,1,0,ok,"{""sentences"": [""I hear you."", ""We can pause here for a moment.""], ""safety"": ""ok""}",1,2176,1.3913999991927994,0.00199999976757681,0.00019999970390927047,0.012700000297627412,0.004900000021734741,1.416600000084145
966,d127_u0,neutral,train,127,0,bc,3,1,1,0,0,0,1,1,0,ok,"{""sentences"": [""I hear you."", ""We can pause here for a moment.""], ""safety"": ""ok""}",1,2176,1.3689999996131519,0.0018000000636675395,0.00019999970390927047,0.01249999968422344,0.004600000465870835,1.393100000314007
967,d128_u0,neutral,train,128,0,bc,3,1,1,0,0,0,1,1,0,ok,"{""sentences"": [""I hear you."", ""We can pause here for a moment.""], ""safety"": ""ok""}",1,2176,1.3808000003336929,0.0017000002117129043,0.00019999970390927047,0.011699999959091656,0.004599999556376133,1.4037000000826083
968,d128_u1,neutral,train,128,1,bc,3,1,1,0,0,0,1,1,0,ok,"{""sentences"": [""I hear you."", ""We can pause here for a moment.""], ""safety"": ""ok""}",1,2176,1.4221999999790569,0.0016999993022182025,0.00030000046535860747,0.012600000445672777,0.00470000031782547,1.4468999997916399
969,d128_u2,happy,train,128,2,bc,3,1,1,0,0,0,1,1,0,ok,"{""sentences"": [""I hear you."", ""We can pause here for a moment.""], ""safety"": ""ok""}",1,2176,1.618600000256265,0.0018999999156221747,0.0002999995558639057,0.01269999938813271,0.004799999260285404,1.6437000003861613
970,d128_u3,happy,train,128,3,bc,3,1,1,0,0,0,1,1,0,ok,"{""sentences"": [""I hear you."", ""We can pause here for a moment.""], ""safety"": ""ok""}",1,2176,1.2630000001081498,0.0018999999156221747,0.00020000061340397224,0.012299999980314169,0.004699999408330768,1.287400000364869
971,d128_u4,happy,train,128,4,bc,3,1,1,0,0,0,1,1,0,ok,"{""sentences"": [""I hear you."", ""We can pause here for a moment.""], ""safety"": ""ok""}",1,2176,1.3833000002705376,0.0017000002117129043,0.0002999995558639057,0.01269999938813271,0.009100000170292333,1.4122000002316781
972,d128_u5,happy,train,128,5,bc,3,1,1,0,0,0,1,1,0,ok,"{""sentences"": [""I hear you."", ""We can pause here for a moment.""], ""safety"": ""ok""}",1,2176,1.4406999998755055,0.0023000002329354174,0.00039999940781854093,0.015600000551785342,0.005300000339047983,1.4718000002176268
973,d128_u6,neutral,train,128,6,bc,3,1,1,0,0,0,1,1,0,ok,"{""sentences"": [""I hear you."", ""We can pause here for a moment.""], ""safety"": ""ok""}",1,2176,1.7070999992938596,0.002100000529026147,0.0002999995558639057,0.013699999726668466,0.005100000635138713,1.734000000396918
974,d128_u7,happy,train,128,7,bc,3,1,1,0,0,0,1,1,0,ok,"{""sentences"": [""I hear you."", ""We can pause here for a moment.""], ""safety"": ""ok""}",1,2176,1.6932999997152365,0.001600000359758269,0.00019999970390927047,0.012000000424450263,0.00470000031782547,1.7169000002468238
975,d128_u8,neutral,train,128,8,bc,3,1,1,0,0,0,1,1,0,ok,"{""sentences"": [""I hear you."", ""We can pause here for a moment.""], ""safety"": ""ok""}",1,2176,1.4612000004490255,0.0018000000636675395,0.0002999995558639057,0.012999999853491317,0.005100000635138713,1.486799999838695
976,d128_u9,happy,train,128,9,bc,3,1,1,0,0,0,1,1,0,ok,"{""sentences"": [""I hear you."", ""We can pause here for a moment.""], ""safety"": ""ok""}",1,2176,1.4549999996233964,0.0018000000636675395,0.00019999970390927047,0.012800000149582047,0.004999999873689376,1.4800999997532926
977,d129_u0,happy,train,129,0,bc,3,1,1,0,0,0,1,1,0,ok,"{""sentences"": [""I hear you."", ""We can pause here for a moment.""], ""safety"": ""ok""}",1,2176,1.512400000137859,0.0018000000636675395,0.00020000061340397224,0.012900000001536682,0.004800000169780105,1.537399999506306
978,d129_u1,sad,train,129,1,bc,3,1,1,0,0,0,1,1,0,ok,"{""sentences"": [""I hear you."", ""We can pause here for a moment.""], ""safety"": ""ok""}",1,2176,1.4946000001145876,0.001600000359758269,0.00019999970390927047,0.01249999968422344,0.00470000031782547,1.5191999991657212
979,d129_u2,sad,train,129,2,bc,3,1,1,0,0,0,1,1,0,ok,"{""sentences"": [""I hear you."", ""We can pause here for a moment.""], ""safety"": ""ok""}",1,2176,1.5418000002682675,0.001600000359758269,0.00019999970390927047,0.012299999980314169,0.00470000031782547,1.5657000003557187
980,d129_u4,sad,train,129,4,bc,3,1,1,0,0,0,1,1,0,ok,"{""sentences"": [""I hear you."", ""We can pause here for a moment.""], ""safety"": ""ok""}",1,2176,1.2023999997836654,0.001600000359758269,0.0002999995558639057,0.011899999663000926,0.004800000169780105,1.2261000001672073
981,d129_u5,angry,train,129,5,bc,3,1,1,0,0,0,1,1,0,ok,"{""sentences"": [""I hear you."", ""We can pause here for a moment.""], ""safety"": ""ok""}",1,2176,1.7434000001230743,0.0017999991541728377,0.00020000061340397224,0.013199999557400588,0.004999999873689376,1.7692999999781023
982,d129_u7,angry,train,129,7,bc,3,1,1,0,0,0,1,1,0,ok,"{""sentences"": [""I hear you."", ""We can pause here for a moment.""], ""safety"": ""ok""}",1,2176,1.4039999996384722,0.0018999999156221747,0.0002999995558639057,0.014000000192027073,0.004999999873689376,1.4309000007415307
983,d129_u8,neutral,train,129,8,bc,3,1,1,0,0,0,1,1,0,ok,"{""sentences"": [""I hear you."", ""We can pause here for a moment.""], ""safety"": ""ok""}",1,2176,1.5048999994178303,0.0018000000636675395,0.0002999995558639057,0.01340000017080456,0.004999999873689376,1.5309999998862622
984,d129_u9,neutral,train,129,9,bc,3,1,1,0,0,0,1,1,0,ok,"{""sentences"": [""I hear you."", ""We can pause here for a moment.""], ""safety"": ""ok""}",1,2176,1.5336999995270162,0.0016999993022182025,0.0002999995558639057,0.012200000128359534,0.00470000031782547,1.5577000003759167
985,d129_u10,angry,train,129,10,bc,3,1,1,0,0,0,1,1,0,ok,"{""sentences"": [""I hear you."", ""We can pause here for a moment.""], ""safety"": ""ok""}",1,2176,1.4065000004848116,0.0017000002117129043,0.00019999970390927047,0.012800000149582047,0.004800000169780105,1.4314000000013039
986,d129_u13,neutral,train,129,13,bc,3,1,1,0,0,0,1,1,0,ok,"{""sentences"": [""I hear you."", ""We can pause here for a moment.""], ""safety"": ""ok""}",1,2176,1.4131999996607192,0.0017000002117129043,0.00030000046535860747,0.012500000593718141,0.00470000031782547,1.437699999769393
987,d129_u14,neutral,train,129,14,bc,3,1,1,0,0,0,1,1,0,ok,"{""sentences"": [""I hear you."", ""We can pause here for a moment.""], ""safety"": ""ok""}",1,2176,1.3524999994842801,0.0018000000636675395,0.0002999995558639057,0.01320000046689529,0.004999999873689376,1.3778999991700402
988,d130_u0,happy,train,130,0,bc,3,1,1,0,0,0,1,1,0,ok,"{""sentences"": [""I hear you."", ""We can pause here for a moment.""], ""safety"": ""ok""}",1,2176,1.356599999780883,0.0018999999156221747,0.00020000061340397224,0.012800000149582047,0.004900000021734741,1.3816999999107793
989,d130_u1,neutral,train,130,1,bc,3,1,1,0,0,0,1,1,0,ok,"{""sentences"": [""I hear you."", ""We can pause here for a moment.""], ""safety"": ""ok""}",1,2176,1.5895000005912152,0.0018000000636675395,0.00019999970390927047,0.02700000004551839,0.004499999704421498,1.6284000002997345
990,d130_u2,neutral,train,130,2,bc,3,1,1,0,0,0,1,1,0,ok,"{""sentences"": [""I hear you."", ""We can pause here for a moment.""], ""safety"": ""ok""}",1,2176,1.2446999999156105,0.0017000002117129043,0.0002999995558639057,0.012100000276404899,0.004699999408330768,1.268700000764511
991,d130_u4,neutral,train,130,4,bc,3,1,1,0,0,0,1,1,0,ok,"{""sentences"": [""I hear you."", ""We can pause here for a moment.""], ""safety"": ""ok""}",1,2176,1.7638999997870997,0.0018999999156221747,0.00019999970390927047,0.013300000318849925,0.005100000635138713,1.7907000001287088
992,d130_u5,neutral,train,130,5,bc,3,1,1,0,0,0,1,1,0,ok,"{""sentences"": [""I hear you."", ""We can pause here for a moment.""], ""safety"": ""ok""}",1,2176,1.7641000004005036,0.0018000000636675395,0.00019999970390927047,0.012700000297627412,0.004699999408330768,1.7886000005091773
993,d130_u6,neutral,train,130,6,bc,3,1,1,0,0,0,1,1,0,ok,"{""sentences"": [""I hear you."", ""We can pause here for a moment.""], ""safety"": ""ok""}",1,2176,1.4338999999381485,0.0015999994502635673,0.00020000061340397224,0.012200000128359534,0.004600000465870835,1.4581999994334183
994,d130_u7,neutral,train,130,7,bc,3,1,1,0,0,0,1,1,0,ok,"{""sentences"": [""I hear you."", ""We can pause here for a moment.""], ""safety"": ""ok""}",1,2176,1.4220000002751476,0.0017000002117129043,0.00019999970390927047,0.02750000021478627,0.004599999556376133,1.4613000003009802
995,d130_u8,neutral,train,130,8,bc,3,1,1,0,0,0,1,1,0,ok,"{""sentences"": [""I hear you."", ""We can pause here for a moment.""], ""safety"": ""ok""}",1,2176,1.3761000000158674,0.0017000002117129043,0.00020000061340397224,0.012700000297627412,0.004900000021734741,1.401100000293809
996,d130_u10,neutral,train,130,10,bc,3,1,1,0,0,0,1,1,0,ok,"{""sentences"": [""I hear you."", ""We can pause here for a moment.""], ""safety"": ""ok""}",1,2176,1.4728000005561626,0.0018000000636675395,0.0002999995558639057,0.012800000149582047,0.020399999812070746,1.5279999997801497
997,d130_u12,neutral,train,130,12,bc,3,1,1,0,0,0,1,1,0,ok,"{""sentences"": [""I hear you."", ""We can pause here for a moment.""], ""safety"": ""ok""}",1,2176,1.3990000006742775,0.0018000000636675395,0.00019999970390927047,0.012599999536178075,0.004600000465870835,1.4234999998734565
998,d130_u13,neutral,train,130,13,bc,3,1,1,0,0,0,1,1,0,ok,"{""sentences"": [""I hear you."", ""We can pause here for a moment.""], ""safety"": ""ok""}",1,2176,1.2561000003188383,0.0018000000636675395,0.00019999970390927047,0.012700000297627412,0.004999999873689376,1.2809999998353305
999,d130_u14,neutral,train,130,14,bc,3,1,1,0,0,0,1,1,0,ok,"{""sentences"": [""I hear you."", ""We can pause here for a moment.""], ""safety"": ""ok""}",1,2176,1.4178999999785447,0.0018999999156221747,0.00019999970390927047,0.012799999240087345,0.005099999725644011,1.4656000003014924
1000,d130_u15,neutral,train,130,15,bc,3,1,1,0,0,0,1,1,0,ok,"{""sentences"": [""I hear you."", ""We can pause here for a moment.""], ""safety"": ""ok""}",1,2176,1.5616000000591157,0.0018000000636675395,0.00030000046535860747,0.01359999987471383,0.005199999577598646,1.5881999997873208
1001,d130_u17,happy,train,130,17,bc,3,1,1,0,0,0,1,1,0,ok,"{""sentences"": [""I hear you."", ""We can pause here for a moment.""], ""safety"": ""ok""}",1,2176,2.138099999683618,0.0016999993022182025,0.00020000061340397224,0.012900000001536682,0.004900000021734741,2.163200000723009
1002,d131_u0,neutral,train,131,0,bc,3,1,1,0,0,0,1,1,0,ok,"{""sentences"": [""I hear you."", ""We can pause here for a moment.""], ""safety"": ""ok""}",1,2176,1.5815000006114133,0.0017000002117129043,0.00019999970390927047,0.013099999705445953,0.004900000021734741,1.6065999998318148
1003,d131_u1,sad,train,131,1,bc,3,1,1,0,0,0,1,1,0,ok,"{""sentences"": [""I hear you."", ""We can pause here for a moment.""], ""safety"": ""ok""}",1,2176,1.6200000000026193,0.0018000000636675395,0.00019999970390927047,0.012999999853491317,0.004800000169780105,1.6595999995843158
1004,d131_u2,neutral,train,131,2,bc,3,1,1,0,0,0,1,1,0,ok,"{""sentences"": [""I hear you."", ""We can pause here for a moment.""], ""safety"": ""ok""}",1,2176,1.2735000000247965,0.0016999993022182025,0.00019999970390927047,0.012100000276404899,0.00470000031782547,1.297300000260293
1005,d132_u1,neutral,train,132,1,bc,3,1,1,0,0,0,1,1,0,ok,"{""sentences"": [""I hear you."", ""We can pause here for a moment.""], ""safety"": ""ok""}",1,2176,1.530300000013085,0.0016999993022182025,0.00019999970390927047,0.012399999832268804,0.004600000465870835,1.5544999996564002
1006,d132_u2,sad,train,132,2,bc,3,1,1,0,0,0,1,1,0,ok,"{""sentences"": [""I hear you."", ""We can pause here for a moment.""], ""safety"": ""ok""}",1,2176,1.2543000002551707,0.0018000000636675395,0.00030000046535860747,0.012800000149582047,0.004600000465870835,1.2790000000677537
1007,d132_u4,sad,train,132,4,bc,3,1,1,0,0,0,1,1,0,ok,"{""sentences"": [""I hear you."", ""We can pause here for a moment.""], ""safety"": ""ok""}",1,2176,1.4205999996192986,0.0018000000636675395,0.00019999970390927047,0.012799999240087345,0.004599999556376133,1.445400000193331
1008,d132_u5,neutral,train,132,5,bc,3,1,1,0,0,0,1,1,0,ok,"{""sentences"": [""I hear you."", ""We can pause here for a moment.""], ""safety"": ""ok""}",1,2176,1.452399999834597,0.0016999993022182025,0.00030000046535860747,0.012800000149582047,0.019799999790848233,1.4920999992682482
1009,d132_u6,sad,train,132,6,bc,3,1,1,0,0,0,1,1,0,ok,"{""sentences"": [""I hear you."", ""We can pause here for a moment.""], ""safety"": ""ok""}",1,2176,1.839099999415339,0.0018000000636675395,0.00019999970390927047,0.014000000192027073,0.005599999894911889,1.8667000003915746
1010,d132_u7,neutral,train,132,7,bc,3,1,1,0,0,0,1,1,0,ok,"{""sentences"": [""I hear you."", ""We can pause here for a moment.""], ""safety"": ""ok""}",1,2176,1.7978999994738842,0.0016999993022182025,0.0002999995558639057,0.012399999832268804,0.004900000021734741,1.822100000026694
1011,d132_u8,sad,train,132,8,bc,3,1,1,0,0,0,1,1,0,ok,"{""sentences"": [""I hear you."", ""We can pause here for a moment.""], ""safety"": ""ok""}",1,2176,1.5339999999923748,0.0018000000636675395,0.00030000046535860747,0.012600000445672777,0.004900000021734741,1.5586999998049578
1012,d132_u9,neutral,train,132,9,bc,3,1,1,0,0,0,1,1,0,ok,"{""sentences"": [""I hear you."", ""We can pause here for a moment.""], ""safety"": ""ok""}",1,2176,1.5026999999463442,0.0017000002117129043,0.00019999970390927047,0.012399999832268804,0.004900000021734741,1.5272000000550179
1013,d132_u10,neutral,train,132,10,bc,3,1,1,0,0,0,1,1,0,ok,"{""sentences"": [""I hear you."", ""We can pause here for a moment.""], ""safety"": ""ok""}",1,2176,1.4209999999366119,0.0017000002117129043,0.00019999970390927047,0.012800000149582047,0.004800000169780105,1.4455999998972402
1014,d134_u0,neutral,train,134,0,bc,3,1,1,0,0,0,1,1,0,ok,"{""sentences"": [""I hear you."", ""We can pause here for a moment.""], ""safety"": ""ok""}",1,2176,1.468399999794201,0.0018000000636675395,0.0002999995558639057,0.012800000149582047,0.00470000031782547,1.4934999999240972
1015,d135_u0,neutral,train,135,0,bc,3,1,1,0,0,0,1,1,0,ok,"{""sentences"": [""I hear you."", ""We can pause here for a moment.""], ""safety"": ""ok""}",1,2176,1.448799999707262,0.0017000002117129043,0.00020000061340397224,0.012800000149582047,0.00470000031782547,1.4735999993717996
1016,d135_u1,neutral,train,135,1,bc,3,1,1,0,0,0,1,1,0,ok,"{""sentences"": [""I hear you."", ""We can pause here for a moment.""], ""safety"": ""ok""}",1,2176,1.447599999664817,0.0017000002117129043,0.00019999970390927047,0.012900000001536682,0.004800000169780105,1.4726999997947132
1017,d135_u2,neutral,train,135,2,bc,3,1,1,0,0,0,1,1,0,ok,"{""sentences"": [""I hear you."", ""We can pause here for a moment.""], ""safety"": ""ok""}",1,2176,1.7389000004186528,0.0018999999156221747,0.00019999970390927047,0.013699999726668466,0.005200000487093348,1.7655999999988126
1018,d135_u4,neutral,train,135,4,bc,3,1,1,0,0,0,1,1,0,ok,"{""sentences"": [""I hear you."", ""We can pause here for a moment.""], ""safety"": ""ok""}",1,2176,1.30650000028254,0.0018999999156221747,0.0002999995558639057,0.013199999557400588,0.004900000021734741,1.3319999998202547
1019,d135_u5,neutral,train,135,5,bc,3,1,1,0,0,0,1,1,0,ok,"{""sentences"": [""I hear you."", ""We can pause here for a moment.""], ""safety"": ""ok""}",1,2176,1.5306999994209036,0.0018000000636675395,0.00020000061340397224,0.01249999968422344,0.004599999556376133,1.5548999999737134
1020,d135_u6,neutral,train,135,6,bc,3,1,1,0,0,0,1,1,0,ok,"{""sentences"": [""I hear you."", ""We can pause here for a moment.""], ""safety"": ""ok""}",1,2176,1.4658999998573563,0.0018000000636675395,0.00019999970390927047,0.012900000001536682,0.004999999873689376,1.4912000006006565
1021,d135_u7,neutral,train,135,7,bc,3,1,1,0,0,0,1,1,0,ok,"{""sentences"": [""I hear you."", ""We can pause here for a moment.""], ""safety"": ""ok""}",1,2176,1.462100000026112,0.001600000359758269,0.00020000061340397224,0.012600000445672777,0.004800000169780105,1.486500000282831
1022,d135_u8,neutral,train,135,8,bc,3,1,1,0,0,0,1,1,0,ok,"{""sentences"": [""I hear you."", ""We can pause here for a moment.""], ""safety"": ""ok""}",1,2176,1.4381999999386608,0.0015999994502635673,0.00030000046535860747,0.012900000001536682,0.004800000169780105,1.4627000000473345
1023,d136_u0,neutral,train,136,0,bc,3,1,1,0,0,0,1,1,0,ok,"{""sentences"": [""I hear you."", ""We can pause here for a moment.""], ""safety"": ""ok""}",1,2176,1.381299999593466,0.001600000359758269,0.00020000061340397224,0.012999999853491317,0.00470000031782547,1.4065000004848116
1024,d136_u1,neutral,train,136,1,bc,3,1,1,0,0,0,1,1,0,ok,"{""sentences"": [""I hear you."", ""We can pause here for a moment.""], ""safety"": ""ok""}",1,2176,1.3950000002296292,0.0018000000636675395,0.0002999995558639057,0.01269999938813271,0.004799999260285404,1.419500000338303
1025,d136_u4,neutral,train,136,4,bc,3,1,1,0,0,0,1,1,0,ok,"{""sentences"": [""I hear you."", ""We can pause here for a moment.""], ""safety"": ""ok""}",1,2176,1.3808000003336929,0.0015999994502635673,0.00019999970390927047,0.012399999832268804,0.00470000031782547,1.4050999998289626
1026,d136_u5,neutral,train,136,5,bc,3,1,1,0,0,0,1,1,0,ok,"{""sentences"": [""I hear you."", ""We can pause here for a moment.""], ""safety"": ""ok""}",1,2176,1.3889000001654495,0.0018000000636675395,0.00030000046535860747,0.012800000149582047,0.004900000021734741,1.4140000002953457
1027,d137_u0,neutral,train,137,0,bc,3,1,1,0,0,0,1,1,0,ok,"{""sentences"": [""I hear you."", ""We can pause here for a moment.""], ""safety"": ""ok""}",1,2176,1.6052999999374151,0.0018999999156221747,0.0002999995558639057,0.013199999557400588,0.005399999281507917,1.6315000002578017
1028,d137_u1,neutral,train,137,1,bc,3,1,1,0,0,0,1,1,0,ok,"{""sentences"": [""I hear you."", ""We can pause here for a moment.""], ""safety"": ""ok""}",1,2176,1.606099999662547,0.0017000002117129043,0.00019999970390927047,0.012599999536178075,0.004600000465870835,1.6304000000673113
1029,d137_u2,neutral,train,137,2,bc,3,1,1,0,0,0,1,1,0,ok,"{""sentences"": [""I hear you."", ""We can pause here for a moment.""], ""safety"": ""ok""}",1,2176,1.4314000000013039,0.0017000002117129043,0.00019999970390927047,0.01249999968422344,0.00470000031782547,1.4559000001099776
1030,d137_u3,neutral,train,137,3,bc,3,1,1,0,0,0,1,1,0,ok,"{""sentences"": [""I hear you."", ""We can pause here for a moment.""], ""safety"": ""ok""}",1,2176,1.4336000003822846,0.0018000000636675395,0.00020000061340397224,0.01320000046689529,0.004900000021734741,1.459199999771954
1031,d137_u4,happy,train,137,4,bc,3,1,1,0,0,0,1,1,0,ok,"{""sentences"": [""I hear you."", ""We can pause here for a moment.""], ""safety"": ""ok""}",1,2176,1.3644999999087304,0.0017000002117129043,0.00020000061340397224,0.012299999980314169,0.004699999408330768,1.3889000001654495
1032,d137_u5,neutral,train,137,5,bc,3,1,1,0,0,0,1,1,0,ok,"{""sentences"": [""I hear you."", ""We can pause here for a moment.""], ""safety"": ""ok""}",1,2176,1.3515999999071937,0.0016999993022182025,0.0002999995558639057,0.012900000001536682,0.004800000169780105,1.3766000001851353
1033,d137_u6,happy,train,137,6,bc,3,1,1,0,0,0,1,1,0,ok,"{""sentences"": [""I hear you."", ""We can pause here for a moment.""], ""safety"": ""ok""}",1,2176,1.6533999996681814,0.0018000000636675395,0.00019999970390927047,0.012900000001536682,0.00470000031782547,1.678600000559527
1034,d137_u7,neutral,train,137,7,bc,3,1,1,0,0,0,1,1,0,ok,"{""sentences"": [""I hear you."", ""We can pause here for a moment.""], ""safety"": ""ok""}",1,2176,1.35610000052111,0.001600000359758269,0.00019999970390927047,0.012399999832268804,0.00470000031782547,1.3799999996990664
1035,d138_u0,angry,train,138,0,bc,3,1,1,0,0,0,1,1,0,ok,"{""sentences"": [""I hear you."", ""We can pause here for a moment.""], ""safety"": ""ok""}",1,2176,1.817999999730091,0.00199999976757681,0.0002999995558639057,0.01340000017080456,0.004999999873689376,1.8442000000504777
1036,d138_u1,angry,train,138,1,bc,3,1,1,0,0,0,1,1,0,ok,"{""sentences"": [""I hear you."", ""We can pause here for a moment.""], ""safety"": ""ok""}",1,2176,1.4372999994520796,0.0018000000636675395,0.00019999970390927047,0.013500000022759195,0.0054000001910026185,1.4637999993283302
1037,d138_u2,happy,train,138,2,bc,3,1,1,0,0,0,1,1,0,ok,"{""sentences"": [""I hear you."", ""We can pause here for a moment.""], ""safety"": ""ok""}",1,2176,1.8648999994184123,0.0018000000636675395,0.00019999970390927047,0.012800000149582047,0.004800000169780105,1.8903000000136672
1038,d138_u3,angry,train,138,3,bc,3,1,1,0,0,0,1,1,0,ok,"{""sentences"": [""I hear you."", ""We can pause here for a moment.""], ""safety"": ""ok""}",1,2176,1.4678999996249331,0.0018999999156221747,0.00030000046535860747,0.012900000001536682,0.004699999408330768,1.5083000007507508
1039,d138_u7,neutral,train,138,7,bc,3,1,1,0,0,0,1,1,0,ok,"{""sentences"": [""I hear you."", ""We can pause here for a moment.""], ""safety"": ""ok""}",1,2176,1.3898999995944905,0.0018000000636675395,0.00019999970390927047,0.012599999536178075,0.005000000783184078,1.414899999872432
1040,d138_u8,neutral,train,138,8,bc,3,1,1,0,0,0,1,1,0,ok,"{""sentences"": [""I hear you."", ""We can pause here for a moment.""], ""safety"": ""ok""}",1,2176,1.4486999998553074,0.0018000000636675395,0.0002999995558639057,0.012800000149582047,0.005199999577598646,1.4740000005986076
1041,d138_u9,neutral,train,138,9,bc,3,1,1,0,0,0,1,1,0,ok,"{""sentences"": [""I hear you."", ""We can pause here for a moment.""], ""safety"": ""ok""}",1,2176,1.587900000231457,0.0024000000848900527,0.0002999995558639057,0.020200000108161476,0.0059000003602704965,1.622499999939464
1042,d138_u10,happy,train,138,10,bc,3,1,1,0,0,0,1,1,0,ok,"{""sentences"": [""I hear you."", ""We can pause here for a moment.""], ""safety"": ""ok""}",1,2176,1.5873000002102344,0.0018000000636675395,0.00020000061340397224,0.01300000076298602,0.004999999873689376,1.6131000002133078
1043,d138_u11,angry,train,138,11,bc,3,1,1,0,0,0,1,1,0,ok,"{""sentences"": [""I hear you."", ""We can pause here for a moment.""], ""safety"": ""ok""}",1,2176,1.800099999854865,0.0015999994502635673,0.00030000046535860747,0.01340000017080456,0.004999999873689376,1.8255999993925798
1044,d138_u12,neutral,train,138,12,bc,3,1,1,0,0,0,1,1,0,ok,"{""sentences"": [""I hear you."", ""We can pause here for a moment.""], ""safety"": ""ok""}",1,2176,1.4613000003009802,0.0026999996407539584,0.00039999940781854093,0.017299999854003545,0.023100000362319406,1.5118000001166365
1045,d138_u14,neutral,train,138,14,bc,3,1,1,0,0,0,1,1,0,ok,"{""sentences"": [""I hear you."", ""We can pause here for a moment.""], ""safety"": ""ok""}",1,2176,1.7121000000770437,0.0021999994714860804,0.00030000046535860747,0.016000000869098585,0.006100000064179767,1.743200000419165
1046,d138_u15,angry,train,138,15,bc,3,1,1,0,0,0,1,1,0,ok,"{""sentences"": [""I hear you."", ""We can pause here for a moment.""], ""safety"": ""ok""}",1,2176,1.7814000002545072,0.0018000000636675395,0.00019999970390927047,0.01300000076298602,0.005099999725644011,1.8069999996441766
1047,d139_u0,neutral,train,139,0,bc,3,1,1,0,0,0,1,1,0,ok,"{""sentences"": [""I hear you."", ""We can pause here for a moment.""], ""safety"": ""ok""}",1,2176,1.5400000002046,0.0020000006770715117,0.0002999995558639057,0.01340000017080456,0.005099999725644011,1.5670000002501183
1048,d139_u1,neutral,train,139,1,bc,3,1,1,0,0,0,1,1,0,ok,"{""sentences"": [""I hear you."", ""We can pause here for a moment.""], ""safety"": ""ok""}",1,2176,1.603400000021793,0.0018000000636675395,0.00019999970390927047,0.013700000636163168,0.005199999577598646,1.630200000363402
1049,d139_u2,angry,train,139,2,bc,3,1,1,0,0,0,1,1,0,ok,"{""sentences"": [""I hear you."", ""We can pause here for a moment.""], ""safety"": ""ok""}",1,2176,1.5186000000539934,0.0020000006770715117,0.0002999995558639057,0.013699999726668466,0.004999999873689376,1.545300000543648
1050,d139_u3,happy,train,139,3,bc,3,1,1,0,0,0,1,1,0,ok,"{""sentences"": [""I hear you."", ""We can pause here for a moment.""], ""safety"": ""ok""}",1,2176,1.4569000004485133,0.0018000000636675395,0.00019999970390927047,0.013300000318849925,0.004900000021734741,1.4824999998381827
1051,d139_u5,happy,train,139,5,bc,3,1,1,0,0,0,1,1,0,ok,"{""sentences"": [""I hear you."", ""We can pause here for a moment.""], ""safety"": ""ok""}",1,2176,1.4289999999164138,0.0018999999156221747,0.00020000061340397224,0.01359999987471383,0.005099999725644011,1.4554000008502044
1052,d140_u0,neutral,train,140,0,bc,3,1,1,0,0,0,1,1,0,ok,"{""sentences"": [""I hear you."", ""We can pause here for a moment.""], ""safety"": ""ok""}",1,2176,1.4078000003792113,0.0020000006770715117,0.00019999970390927047,0.014000000192027073,0.005099999725644011,1.435000000128639
1053,d140_u1,neutral,train,140,1,bc,3,1,1,0,0,0,1,1,0,ok,"{""sentences"": [""I hear you."", ""We can pause here for a moment.""], ""safety"": ""ok""}",1,2176,1.6788000002634362,0.0018000000636675395,0.00019999970390927047,0.014399999599845614,0.005599999894911889,1.7072999999072636
1054,d141_u0,neutral,train,141,0,bc,3,1,1,0,0,0,1,1,0,ok,"{""sentences"": [""I hear you."", ""We can pause here for a moment.""], ""safety"": ""ok""}",1,2176,1.8382999996902072,0.0018999999156221747,0.00019999970390927047,0.02919999951700447,0.005000000783184078,1.8804999999701977
1055,d141_u1,neutral,train,141,1,bc,3,1,1,0,0,0,1,1,0,ok,"{""sentences"": [""I hear you."", ""We can pause here for a moment.""], ""safety"": ""ok""}",1,2176,1.7300999998042244,0.0018000000636675395,0.00030000046535860747,0.012999999853491317,0.005199999577598646,1.7556999991938937
1056,d141_u2,neutral,train,141,2,bc,3,1,1,0,0,0,1,1,0,ok,"{""sentences"": [""I hear you."", ""We can pause here for a moment.""], ""safety"": ""ok""}",1,2176,1.7162999993161066,0.0017000002117129043,0.00019999970390927047,0.012900000001536682,0.004900000021734741,1.741500000207452
1057,d141_u3,neutral,train,141,3,bc,3,1,1,0,0,0,1,1,0,ok,"{""sentences"": [""I hear you."", ""We can pause here for a moment.""], ""safety"": ""ok""}",1,2176,1.6378000000258908,0.002100000529026147,0.00019999970390927047,0.014000000192027073,0.0054000001910026185,1.665599999796541
1058,d141_u4,neutral,train,141,4,bc,3,1,1,0,0,0,1,1,0,ok,"{""sentences"": [""I hear you."", ""We can pause here for a moment.""], ""safety"": ""ok""}",1,2176,1.5333999999711523,0.0018000000636675395,0.00030000046535860747,0.013900000340072438,0.005100000635138713,1.560099999551312
1059,d141_u5,neutral,train,141,5,bc,3,1,1,0,0,0,1,1,0,ok,"{""sentences"": [""I hear you."", ""We can pause here for a moment.""], ""safety"": ""ok""}",1,2176,1.4370999997481704,0.0018999999156221747,0.0002999995558639057,0.013799999578623101,0.005300000339047983,1.4639999999417341
1060,d141_u6,neutral,train,141,6,bc,3,1,1,0,0,0,1,1,0,ok,"{""sentences"": [""I hear you."", ""We can pause here for a moment.""], ""safety"": ""ok""}",1,2176,1.4513999994960614,0.0018999999156221747,0.00030000046535860747,0.013700000636163168,0.005099999725644011,1.4779000002818066
1061,d141_u7,neutral,train,141,7,bc,3,1,1,0,0,0,1,1,0,ok,"{""sentences"": [""I hear you."", ""We can pause here for a moment.""], ""safety"": ""ok""}",1,2176,1.5722999996796716,0.0018000000636675395,0.00019999970390927047,0.014199999895936344,0.005300000339047983,1.5997000000425032
1062,d142_u0,neutral,train,142,0,bc,3,1,1,0,0,0,1,1,0,ok,"{""sentences"": [""I hear you."", ""We can pause here for a moment.""], ""safety"": ""ok""}",1,2176,1.639499999328109,0.0018000000636675395,0.00030000046535860747,0.013199999557400588,0.004800000169780105,1.6654000000926317
1063,d142_u1,happy,train,142,1,bc,3,1,1,0,0,0,1,1,0,ok,"{""sentences"": [""I hear you."", ""We can pause here for a moment.""], ""safety"": ""ok""}",1,2176,1.6584000004513655,0.0017000002117129043,0.00019999970390927047,0.012399999832268804,0.004900000021734741,1.6829999995024991
1064,d143_u0,neutral,train,143,0,bc,3,1,1,0,0,0,1,1,0,ok,"{""sentences"": [""I hear you."", ""We can pause here for a moment.""], ""safety"": ""ok""}",1,2176,1.5848000002733897,0.0017000002117129043,0.00019999970390927047,0.01340000017080456,0.004900000021734741,1.6107000001284177
1065,d143_u1,neutral,train,143,1,bc,3,1,1,0,0,0,1,1,0,ok,"{""sentences"": [""I hear you."", ""We can pause here for a moment.""], ""safety"": ""ok""}",1,2176,1.5600000006088521,0.0015999994502635673,0.00019999970390927047,0.01249999968422344,0.004600000465870835,1.5842000002521672
1066,d143_u2,sad,train,143,2,bc,3,1,1,0,0,0,1,1,0,ok,"{""sentences"": [""I hear you."", ""We can pause here for a moment.""], ""safety"": ""ok""}",1,2176,1.5628000001015607,0.00199999976757681,0.00020000061340397224,0.013100000614940654,0.00470000031782547,1.5881999997873208
1067,d143_u3,happy,train,143,3,bc,3,1,1,0,0,0,1,1,0,ok,"{""sentences"": [""I hear you."", ""We can pause here for a moment.""], ""safety"": ""ok""}",1,2176,1.7145000001619337,0.0015999994502635673,0.00030000046535860747,0.012900000001536682,0.00470000031782547,1.7391999999745167
1068,d143_u4,neutral,train,143,4,bc,3,1,1,0,0,0,1,1,0,ok,"{""sentences"": [""I hear you."", ""We can pause here for a moment.""], ""safety"": ""ok""}",1,2176,1.3951999999335385,0.0017000002117129043,0.00030000046535860747,0.012299999980314169,0.004699999408330768,1.4194999994288082
1069,d144_u0,neutral,train,144,0,bc,3,1,1,0,0,0,1,1,0,ok,"{""sentences"": [""I hear you."", ""We can pause here for a moment.""], ""safety"": ""ok""}",1,2176,1.7668999998932122,0.00199999976757681,0.00030000046535860747,0.012999999853491317,0.004900000021734741,1.7921999997270177
1070,d144_u1,neutral,train,144,1,bc,3,1,1,0,0,0,1,1,0,ok,"{""sentences"": [""I hear you."", ""We can pause here for a moment.""], ""safety"": ""ok""}",1,2176,1.4460000002145534,0.0017000002117129043,0.00019999970390927047,0.013900000340072438,0.005300000339047983,1.4731000001120265
1071,d144_u2,neutral,train,144,2,bc,3,1,1,0,0,0,1,1,0,ok,"{""sentences"": [""I hear you."", ""We can pause here for a moment.""], ""safety"": ""ok""}",1,2176,1.6700000005585025,0.0018000000636675395,0.00019999970390927047,0.01269999938813271,0.004699999408330768,1.6945999996096361
1072,d144_u3,neutral,train,144,3,bc,3,1,1,0,0,0,1,1,0,ok,"{""sentences"": [""I hear you."", ""We can pause here for a moment.""], ""safety"": ""ok""}",1,2176,1.366299999972398,0.0018999999156221747,0.00030000046535860747,0.012900000001536682,0.004900000021734741,1.3915999998062034
1073,d144_u5,happy,train,144,5,bc,3,1,1,0,0,0,1,1,0,ok,"{""sentences"": [""I hear you."", ""We can pause here for a moment.""], ""safety"": ""ok""}",1,2176,1.5544000007139402,0.0017000002117129043,0.00020000061340397224,0.01249999968422344,0.004499999704421498,1.5782999998918967
1074,d145_u1,neutral,train,145,1,bc,3,1,1,0,0,0,1,1,0,ok,"{""sentences"": [""I hear you."", ""We can pause here for a moment.""], ""safety"": ""ok""}",1,2176,1.2680999998337938,0.0018999999156221747,0.00019999970390927047,0.012600000445672777,0.004600000465870835,1.292500000090513
1075,d145_u2,angry,train,145,2,bc,3,1,1,0,0,0,1,1,0,ok,"{""sentences"": [""I hear you."", ""We can pause here for a moment.""], ""safety"": ""ok""}",1,2176,1.3883999999961816,0.0017999991541728377,0.00019999970390927047,0.012800000149582047,0.004900000021734741,1.4132999995126738
1076,d145_u3,neutral,train,145,3,bc,3,1,1,0,0,0,1,1,0,ok,"{""sentences"": [""I hear you."", ""We can pause here for a moment.""], ""safety"": ""ok""}",1,2176,1.3926000001447392,0.0018000000636675395,0.00019999970390927047,0.01249999968422344,0.004799999260285404,1.4172000001053675
1077,d145_u6,angry,train,145,6,bc,3,1,1,0,0,0,1,1,0,ok,"{""sentences"": [""I hear you."", ""We can pause here for a moment.""], ""safety"": ""ok""}",1,2176,1.5688999992562458,0.0017000002117129043,0.00019999970390927047,0.01269999938813271,0.004899999112240039,1.593900000443682
1078,d145_u8,angry,train,145,8,bc,3,1,1,0,0,0,1,1,0,ok,"{""sentences"": [""I hear you."", ""We can pause here for a moment.""], ""safety"": ""ok""}",1,2176,1.2495000000853906,0.0018000000636675395,0.00019999970390927047,0.012900000001536682,0.019699999938893598,1.2892999993709964
1079,d145_u12,angry,train,145,12,bc,3,1,1,0,0,0,1,1,0,ok,"{""sentences"": [""I hear you."", ""We can pause here for a moment.""], ""safety"": ""ok""}",1,2176,1.6525999999430496,0.0018999999156221747,0.00020000061340397224,0.013799999578623101,0.005599999894911889,1.6802000000097905
1080,d145_u13,angry,train,145,13,bc,3,1,1,0,0,0,1,1,0,ok,"{""sentences"": [""I hear you."", ""We can pause here for a moment.""], ""safety"": ""ok""}",1,2176,1.6996999993352802,0.0015999994502635673,0.00019999970390927047,0.01249999968422344,0.004800000169780105,1.72389999988809
1081,d145_u14,happy,train,145,14,bc,3,1,1,0,0,0,1,1,0,ok,"{""sentences"": [""I hear you."", ""We can pause here for a moment.""], ""safety"": ""ok""}",1,2176,1.659000000472588,0.0017000002117129043,0.00019999970390927047,0.012599999536178075,0.004800000169780105,1.683499999671767
1082,d145_u17,neutral,train,145,17,bc,3,1,1,0,0,0,1,1,0,ok,"{""sentences"": [""I hear you."", ""We can pause here for a moment.""], ""safety"": ""ok""}",1,2176,1.3123999997333158,0.0018000000636675395,0.00030000046535860747,0.012800000149582047,0.00470000031782547,1.3371999993978534
1083,d146_u0,neutral,train,146,0,bc,3,1,1,0,0,0,1,1,0,ok,"{""sentences"": [""I hear you."", ""We can pause here for a moment.""], ""safety"": ""ok""}",1,2176,1.557600000523962,0.0017000002117129043,0.00019999970390927047,0.012900000001536682,0.004800000169780105,1.582599999892409
1084,d146_u1,sad,train,146,1,bc,3,1,1,0,0,0,1,1,0,ok,"{""sentences"": [""I hear you."", ""We can pause here for a moment.""], ""safety"": ""ok""}",1,2176,1.5530000000580912,0.0018000000636675395,0.00020000061340397224,0.01300000076298602,0.004800000169780105,1.5786000003572553
1085,d146_u2,neutral,train,146,2,bc,3,1,1,0,0,0,1,1,0,ok,"{""sentences"": [""I hear you."", ""We can pause here for a moment.""], ""safety"": ""ok""}",1,2176,1.4892999997755396,0.0017000002117129043,0.0002999995558639057,0.012600000445672777,0.004599999556376133,1.5139000006456627
1086,d146_u3,angry,train,146,3,bc,3,1,1,0,0,0,1,1,0,ok,"{""sentences"": [""I hear you."", ""We can pause here for a moment.""], ""safety"": ""ok""}",1,2176,1.5118999999685911,0.0018999999156221747,0.00020000061340397224,0.013100000614940654,0.020200000108161476,1.5529000002061366
1087,d146_u4,neutral,train,146,4,bc,3,1,1,0,0,0,1,1,0,ok,"{""sentences"": [""I hear you."", ""We can pause here for a moment.""], ""safety"": ""ok""}",1,2176,1.5235000000757282,0.00199999976757681,0.00030000046535860747,0.01449999945180025,0.005599999894911889,1.5515000004597823
1088,d146_u5,neutral,train,146,5,bc,3,1,1,0,0,0,1,1,0,ok,"{""sentences"": [""I hear you."", ""We can pause here for a moment.""], ""safety"": ""ok""}",1,2176,1.5798000003997004,0.0018999999156221747,0.00020000061340397224,0.013300000318849925,0.004900000021734741,1.6054999996413244
1089,d146_u6,neutral,train,146,6,bc,3,1,1,0,0,0,1,1,0,ok,"{""sentences"": [""I hear you."", ""We can pause here for a moment.""], ""safety"": ""ok""}",1,2176,1.6354999997929554,0.0017000002117129043,0.00020000061340397224,0.01249999968422344,0.004699999408330768,1.6599000000496744
1090,d146_u7,neutral,train,146,7,bc,3,1,1,0,0,0,1,1,0,ok,"{""sentences"": [""I hear you."", ""We can pause here for a moment.""], ""safety"": ""ok""}",1,2176,1.5749000003779656,0.0018000000636675395,0.00019999970390927047,0.012999999853491317,0.004800000169780105,1.5997000000425032
1091,d146_u8,neutral,train,146,8,bc,3,1,1,0,0,0,1,1,0,ok,"{""sentences"": [""I hear you."", ""We can pause here for a moment.""], ""safety"": ""ok""}",1,2176,1.4676000000690692,0.001600000359758269,0.00019999970390927047,0.011799999811046291,0.004699999408330768,1.4909999999872525
1092,d146_u9,sad,train,146,9,bc,3,1,1,0,0,0,1,1,0,ok,"{""sentences"": [""I hear you."", ""We can pause here for a moment.""], ""safety"": ""ok""}",1,2176,1.526499999272346,0.0018999999156221747,0.00019999970390927047,0.013099999705445953,0.004799999260285404,1.5518999998676009
1093,d146_u10,sad,train,146,10,bc,3,1,1,0,0,0,1,1,0,ok,"{""sentences"": [""I hear you."", ""We can pause here for a moment.""], ""safety"": ""ok""}",1,2176,1.4096000004428788,0.0017000002117129043,0.00019999970390927047,0.012599999536178075,0.004699999408330768,1.4340999996420578
1094,d146_u11,sad,train,146,11,bc,3,1,1,0,0,0,1,1,0,ok,"{""sentences"": [""I hear you."", ""We can pause here for a moment.""], ""safety"": ""ok""}",1,2176,1.3097000000925618,0.0018000000636675395,0.0002999995558639057,0.01249999968422344,0.00470000031782547,1.3340999994397862
1095,d146_u12,sad,train,146,12,bc,3,1,1,0,0,0,1,1,0,ok,"{""sentences"": [""I hear you."", ""We can pause here for a moment.""], ""safety"": ""ok""}",1,2176,1.5542000001005363,0.0018000000636675395,0.00019999970390927047,0.013199999557400588,0.004999999873689376,1.5795999997862964
1096,d147_u0,neutral,train,147,0,bc,3,1,1,0,0,0,1,1,0,ok,"{""sentences"": [""I hear you."", ""We can pause here for a moment.""], ""safety"": ""ok""}",1,2176,1.271699999961129,0.0018000000636675395,0.0002999995558639057,0.012599999536178075,0.00470000031782547,1.296100000217848
1097,d147_u1,neutral,train,147,1,bc,3,1,1,0,0,0,1,1,0,ok,"{""sentences"": [""I hear you."", ""We can pause here for a moment.""], ""safety"": ""ok""}",1,2176,1.545300000543648,0.0018000000636675395,0.00019999970390927047,0.02969999968627235,0.0054000001910026185,1.5882999996392755
1098,d147_u2,neutral,train,147,2,bc,3,1,1,0,0,0,1,1,0,ok,"{""sentences"": [""I hear you."", ""We can pause here for a moment.""], ""safety"": ""ok""}",1,2176,1.6269999996438855,0.0017000002117129043,0.00020000061340397224,0.012600000445672777,0.004900000021734741,1.6515999996045139
1099,d147_u3,happy,train,147,3,bc,3,1,1,0,0,0,1,1,0,ok,"{""sentences"": [""I hear you."", ""We can pause here for a moment.""], ""safety"": ""ok""}",1,2176,1.6398000007029623,0.0018000000636675395,0.00020000061340397224,0.012599999536178075,0.004600000465870835,1.6642999999021413
1100,d147_u5,happy,train,147,5,bc,3,1,1,0,0,0,1,1,0,ok,"{""sentences"": [""I hear you."", ""We can pause here for a moment.""], ""safety"": ""ok""}",1,2176,1.5783999997438514,0.0017999991541728377,0.00020000061340397224,0.012800000149582047,0.004800000169780105,1.6034999998737476
1101,d147_u9,neutral,train,147,9,bc,3,1,1,0,0,0,1,1,0,ok,"{""sentences"": [""I hear you."", ""We can pause here for a moment.""], ""safety"": ""ok""}",1,2176,1.4753000004930072,0.0018000000636675395,0.00020000061340397224,0.012900000001536682,0.005000000783184078,1.5006000003268127
1102,d147_u10,neutral,train,147,10,bc,3,1,1,0,0,0,1,1,0,ok,"{""sentences"": [""I hear you."", ""We can pause here for a moment.""], ""safety"": ""ok""}",1,2176,1.5898000001470791,0.0018000000636675395,0.00020000061340397224,0.012399999832268804,0.004900000021734741,1.6139000008479343
1103,d147_u11,angry,train,147,11,bc,3,1,1,0,0,0,1,1,0,ok,"{""sentences"": [""I hear you."", ""We can pause here for a moment.""], ""safety"": ""ok""}",1,2176,1.6083999998954823,0.0018000000636675395,0.00019999970390927047,0.012600000445672777,0.004600000465870835,1.6328000001522014
1104,d148_u0,angry,train,148,0,bc,3,1,1,0,0,0,1,1,0,ok,"{""sentences"": [""I hear you."", ""We can pause here for a moment.""], ""safety"": ""ok""}",1,2176,1.5119999998205458,0.001600000359758269,0.00019999970390927047,0.012299999980314169,0.004600000465870835,1.535899999907997
1105,d148_u1,neutral,train,148,1,bc,3,1,1,0,0,0,1,1,0,ok,"{""sentences"": [""I hear you."", ""We can pause here for a moment.""], ""safety"": ""ok""}",1,2176,1.4109000003372785,0.0021999994714860804,0.00020000061340397224,0.014100000043981709,0.005500000042957254,1.4387000001079286
1106,d148_u2,angry,train,148,2,bc,3,1,1,0,0,0,1,1,0,ok,"{""sentences"": [""I hear you."", ""We can pause here for a moment.""], ""safety"": ""ok""}",1,2176,1.495499999691674,0.0017000002117129043,0.00019999970390927047,0.01269999938813271,0.004900000021734741,1.5202000004137517
1107,d148_u3,angry,train,148,3,bc,3,1,1,0,0,0,1,1,0,ok,"{""sentences"": [""I hear you."", ""We can pause here for a moment.""], ""safety"": ""ok""}",1,2176,1.6422000007878523,0.0017000002117129043,0.00019999970390927047,0.012599999536178075,0.004800000169780105,1.666799999838986
1108,d148_u4,angry,train,148,4,bc,3,1,1,0,0,0,1,1,0,ok,"{""sentences"": [""I hear you."", ""We can pause here for a moment.""], ""safety"": ""ok""}",1,2176,1.5651000003344961,0.0018000000636675395,0.0002999995558639057,0.012900000001536682,0.004999999873689376,1.5904000001683016
1109,d148_u7,neutral,train,148,7,bc,3,1,1,0,0,0,1,1,0,ok,"{""sentences"": [""I hear you."", ""We can pause here for a moment.""], ""safety"": ""ok""}",1,2176,1.5106000000741915,0.0019000008251168765,0.00020000061340397224,0.012900000001536682,0.004799999260285404,1.5357000002040877
1110,d148_u8,neutral,train,148,8,bc,3,1,1,0,0,0,1,1,0,ok,"{""sentences"": [""I hear you."", ""We can pause here for a moment.""], ""safety"": ""ok""}",1,2176,1.2688999995589256,0.0015999994502635673,0.00020000061340397224,0.012200000128359534,0.004600000465870835,1.2926999997944222
1111,d148_u9,neutral,train,148,9,bc,3,1,1,0,0,0,1,1,0,ok,"{""sentences"": [""I hear you."", ""We can pause here for a moment.""], ""safety"": ""ok""}",1,2176,1.420700000380748,0.0017000002117129043,0.00019999970390927047,0.012099999366910197,0.004599999556376133,1.4447000003201538
1112,d148_u10,neutral,train,148,10,bc,3,1,1,0,0,0,1,1,0,ok,"{""sentences"": [""I hear you."", ""We can pause here for a moment.""], ""safety"": ""ok""}",1,2176,1.4325000001917942,0.0018000000636675395,0.00020000061340397224,0.012900000001536682,0.004899999112240039,1.457700000173645
1113,d148_u11,neutral,train,148,11,bc,3,1,1,0,0,0,1,1,0,ok,"{""sentences"": [""I hear you."", ""We can pause here for a moment.""], ""safety"": ""ok""}",1,2176,1.3964999998279382,0.0017000002117129043,0.00019999970390927047,0.012700000297627412,0.004999999873689376,1.4213000004019705
1114,d148_u12,neutral,train,148,12,bc,3,1,1,0,0,0,1,1,0,ok,"{""sentences"": [""I hear you."", ""We can pause here for a moment.""], ""safety"": ""ok""}",1,2176,1.4328999995996128,0.0018000000636675395,0.00019999970390927047,0.012999999853491317,0.005099999725644011,1.4584999998987769
1115,d148_u14,neutral,train,148,14,bc,3,1,1,0,0,0,1,1,0,ok,"{""sentences"": [""I hear you."", ""We can pause here for a moment.""], ""safety"": ""ok""}",1,2176,1.6978000003291527,0.0018000000636675395,0.00019999970390927047,0.01359999987471383,0.005300000339047983,1.7246999996132217
1116,d148_u16,neutral,train,148,16,bc,3,1,1,0,0,0,1,1,0,ok,"{""sentences"": [""I hear you."", ""We can pause here for a moment.""], ""safety"": ""ok""}",1,2176,1.9161999998686952,0.0017000002117129043,0.00030000046535860747,0.013299999409355223,0.004900000021734741,1.9421000006332179
1117,d148_u17,angry,train,148,17,bc,3,1,1,0,0,0,1,1,0,ok,"{""sentences"": [""I hear you."", ""We can pause here for a moment.""], ""safety"": ""ok""}",1,2176,1.6357000004063593,0.001600000359758269,0.00019999970390927047,0.012399999832268804,0.004900000021734741,1.6597000003457651
1118,d148_u18,angry,train,148,18,bc,3,1,1,0,0,0,1,1,0,ok,"{""sentences"": [""I hear you."", ""We can pause here for a moment.""], ""safety"": ""ok""}",1,2176,1.4039000006960123,0.0016999993022182025,0.00020000061340397224,0.012500000593718141,0.004699999408330768,1.428200000191282
1119,d148_u19,sad,train,148,19,bc,3,1,1,0,0,0,1,1,0,ok,"{""sentences"": [""I hear you."", ""We can pause here for a moment.""], ""safety"": ""ok""}",1,2176,1.444200000150886,0.001600000359758269,0.00019999970390927047,0.01249999968422344,0.005099999725644011,1.4688000001115142
1120,d148_u20,sad,train,148,20,bc,3,1,1,0,0,0,1,1,0,ok,"{""sentences"": [""I hear you."", ""We can pause here for a moment.""], ""safety"": ""ok""}",1,2176,1.4649000004283153,0.0018000000636675395,0.00019999970390927047,0.01269999938813271,0.004799999260285404,1.4897000000928529
1121,d149_u0,sad,train,149,0,bc,3,1,1,0,0,0,1,1,0,ok,"{""sentences"": [""I hear you."", ""We can pause here for a moment.""], ""safety"": ""ok""}",1,2176,1.6272000002572895,0.0018000000636675395,0.00019999970390927047,0.01300000076298602,0.004900000021734741,1.6526999997950043
1122,d149_u1,neutral,train,149,1,bc,3,1,1,0,0,0,1,1,0,ok,"{""sentences"": [""I hear you."", ""We can pause here for a moment.""], ""safety"": ""ok""}",1,2176,1.3239999998404528,0.0018999999156221747,0.00019999970390927047,0.012599999536178075,0.004999999873689376,1.3485999998010811
1123,d149_u2,neutral,train,149,2,bc,3,1,1,0,0,0,1,1,0,ok,"{""sentences"": [""I hear you."", ""We can pause here for a moment.""], ""safety"": ""ok""}",1,2176,1.7778999999791267,0.002200000380980782,0.00030000046535860747,0.015900000107649248,0.005800000508315861,1.8084000003000256
1124,d149_u3,happy,train,149,3,bc,3,1,1,0,0,0,1,1,0,ok,"{""sentences"": [""I hear you."", ""We can pause here for a moment.""], ""safety"": ""ok""}",1,2176,1.77590000021155,0.00199999976757681,0.00020000061340397224,0.01449999945180025,0.005500000042957254,1.804200000151468
1125,d150_u1,neutral,train,150,1,bc,3,1,1,0,0,0,1,1,0,ok,"{""sentences"": [""I hear you."", ""We can pause here for a moment.""], ""safety"": ""ok""}",1,2176,1.6778999997768551,0.0018999999156221747,0.00030000046535860747,0.013399999261309858,0.005099999725644011,1.7041000000972417
1126,d150_u2,angry,train,150,2,bc,3,1,1,0,0,0,1,1,0,ok,"{""sentences"": [""I hear you."", ""We can pause here for a moment.""], ""safety"": ""ok""}",1,2176,1.3450999995257007,0.0018999999156221747,0.0002999995558639057,0.013300000318849925,0.005099999725644011,1.3712999998460873
1127,d150_u3,sad,train,150,3,bc,3,1,1,0,0,0,1,1,0,ok,"{""sentences"": [""I hear you."", ""We can pause here for a moment.""], ""safety"": ""ok""}",1,2176,1.5265000001818407,0.00199999976757681,0.0002999995558639057,0.013700000636163168,0.005199999577598646,1.5534000003754045
1128,d151_u0,happy,train,151,0,bc,3,1,1,0,0,0,1,1,0,ok,"{""sentences"": [""I hear you."", ""We can pause here for a moment.""], ""safety"": ""ok""}",1,2176,1.5377999998236191,0.017299999854003545,0.00019999970390927047,0.02969999968627235,0.004900000021734741,1.595400000041991
1129,d151_u1,happy,train,151,1,bc,3,1,1,0,0,0,1,1,0,ok,"{""sentences"": [""I hear you."", ""We can pause here for a moment.""], ""safety"": ""ok""}",1,2176,1.4747000004717847,0.0018000000636675395,0.00020000061340397224,0.013399999261309858,0.005099999725644011,1.500800000030722
1130,d151_u2,happy,train,151,2,bc,3,1,1,0,0,0,1,1,0,ok,"{""sentences"": [""I hear you."", ""We can pause here for a moment.""], ""safety"": ""ok""}",1,2176,1.4718000002176268,0.0018999999156221747,0.00019999970390927047,0.013500000022759195,0.005199999577598646,1.4982000002419227
1131,d151_u3,happy,train,151,3,bc,3,1,1,0,0,0,1,1,0,ok,"{""sentences"": [""I hear you."", ""We can pause here for a moment.""], ""safety"": ""ok""}",1,2176,1.8761000001177308,0.0017000002117129043,0.0002999995558639057,0.013300000318849925,0.004999999873689376,1.9020999998247134
1132,d151_u7,neutral,train,151,7,bc,3,1,1,0,0,0,1,1,0,ok,"{""sentences"": [""I hear you."", ""We can pause here for a moment.""], ""safety"": ""ok""}",1,2176,1.5407999999297317,0.002100000529026147,0.00030000046535860747,0.028899999961140566,0.0054000001910026185,1.5836000002309447
1133,d151_u8,angry,train,151,8,bc,3,1,1,0,0,0,1,1,0,ok,"{""sentences"": [""I hear you."", ""We can pause here for a moment.""], ""safety"": ""ok""}",1,2176,1.7244999999093125,0.0020000006770715117,0.00030000046535860747,0.013800000488117803,0.005099999725644011,1.7513999991933815
1134,d151_u9,happy,train,151,9,bc,3,1,1,0,0,0,1,1,0,ok,"{""sentences"": [""I hear you."", ""We can pause here for a moment.""], ""safety"": ""ok""}",1,2176,1.4508999993267935,0.00199999976757681,0.0002999995558639057,0.01359999987471383,0.005300000339047983,1.477800000429852
