row_index,utterance_id,label,split,Dialogue_ID,Utterance_ID,policy_mode,seed,action_before_fault,action,action_flip_fault_injected,unauthorized_invoke_fault_injected,fault_injected,authorized_to_generate,generation_invoked,unauthorized_invocation,response_safety,response_json,state_exists,state_size_bytes,state_loading_ms,policy_inference_ms,gating_ms,generation_stub_ms,logging_ms,total_latency_ms
0,d0_u0,neutral,train,0,0,always,3,1,1,0,0,0,1,1,0,ok,"{""sentences"": [""I hear you."", ""We can pause here for a moment.""], ""safety"": ""ok""}",1,2176,32.89760000006936,0.002100000529026147,0.00030000046535860747,0.032699999792384915,0.006299999768089037,32.946300000730844
1,d0_u1,neutral,train,0,1,always,3,1,1,0,0,0,1,1,0,ok,"{""sentences"": [""I hear you."", ""We can pause here for a moment.""], ""safety"": ""ok""}",1,2176,32.884000000194646,0.0012000000424450263,0.00019999970390927047,0.014000000192027073,0.005599999894911889,32.91079999962676
2,d0_u2,neutral,train,0,2,always,3,1,1,0,0,0,1,1,0,ok,"{""sentences"": [""I hear you."", ""We can pause here for a moment.""], ""safety"": ""ok""}",1,2176,33.07570000015403,0.0017000002117129043,0.00030000046535860747,0.013500000022759195,0.005599999894911889,33.1028000000515
3,d0_u3,neutral,train,0,3,always,3,1,1,0,0,0,1,1,0,ok,"{""sentences"": [""I hear you."", ""We can pause here for a moment.""], ""safety"": ""ok""}",1,2176,32.94550000009622,0.0012000000424450263,0.00030000046535860747,0.012800000149582047,0.004899999112240039,32.970400000522204
4,d0_u5,neutral,train,0,5,always,3,1,1,0,0,0,1,1,0,ok,"{""sentences"": [""I hear you."", ""We can pause here for a moment.""], ""safety"": ""ok""}",1,2176,3.4945999996125465,0.005699999746866524,0.0006000000212225132,0.056400000175926834,0.020200000108161476,3.5954000004494446
5,d0_u6,neutral,train,0,6,always,3,1,1,0,0,0,1,1,0,ok,"{""sentences"": [""I hear you."", ""We can pause here for a moment.""], ""safety"": ""ok""}",1,2176,4.683799999838811,0.0015999994502635673,0.00019999970390927047,0.01720000000204891,0.006799999937356915,4.716200000075332
6,d0_u7,neutral,train,0,7,always,3,1,1,0,0,0,1,1,0,ok,"{""sentences"": [""I hear you."", ""We can pause here for a moment.""], ""safety"": ""ok""}",1,2176,4.3759999998655985,0.0013999997463542968,0.00019999970390927047,0.015700000403739978,0.0059000003602704965,4.405499999847962
7,d0_u8,neutral,train,0,8,always,3,1,1,0,0,0,1,1,0,ok,"{""sentences"": [""I hear you."", ""We can pause here for a moment.""], ""safety"": ""ok""}",1,2176,4.484900000534253,0.0013999997463542968,0.00019999970390927047,0.015099999473022763,0.005500000042957254,4.514000000199303
8,d0_u9,neutral,train,0,9,always,3,1,1,0,0,0,1,1,0,ok,"{""sentences"": [""I hear you."", ""We can pause here for a moment.""], ""safety"": ""ok""}",1,2176,3.008100000442937,0.0012000000424450263,0.00030000046535860747,0.01359999987471383,0.005099999725644011,3.0335999999806518
9,d0_u11,neutral,train,0,11,always,3,1,1,0,0,0,1,1,0,ok,"{""sentences"": [""I hear you."", ""We can pause here for a moment.""], ""safety"": ""ok""}",1,2176,3.05090000074415,0.0012000000424450263,0.0002999995558639057,0.013099999705445953,0.02769999991869554,3.098400000453694
10,d0_u13,neutral,train,0,13,always,3,1,1,0,0,0,1,1,0,ok,"{""sentences"": [""I hear you."", ""We can pause here for a moment.""], ""safety"": ""ok""}",1,2176,3.1604000005245325,0.0012000000424450263,0.00019999970390927047,0.013799999578623101,0.005099999725644011,3.1867999996393337
11,d1_u1,sad,train,1,1,always,3,1,1,0,0,0,1,1,0,ok,"{""sentences"": [""I hear you."", ""We can pause here for a moment.""], ""safety"": ""ok""}",1,2176,3.567299999303941,0.0012000000424450263,0.00020000061340397224,0.03820000074483687,0.005699999746866524,3.637499999967986
12,d1_u4,neutral,train,1,4,always,3,1,1,0,0,0,1,1,0,ok,"{""sentences"": [""I hear you."", ""We can pause here for a moment.""], ""safety"": ""ok""}",1,2176,2.637999999933527,0.0012000000424450263,0.00020000061340397224,0.03590000051190145,0.005800000508315861,2.6869000002989196
13,d1_u5,neutral,train,1,5,always,3,1,1,0,0,0,1,1,0,ok,"{""sentences"": [""I hear you."", ""We can pause here for a moment.""], ""safety"": ""ok""}",1,2176,3.4379000007902505,0.0015000005078036338,0.0002999995558639057,0.014000000192027073,0.0054000001910026185,3.4646000003704103
14,d1_u8,neutral,train,1,8,always,3,1,1,0,0,0,1,1,0,ok,"{""sentences"": [""I hear you."", ""We can pause here for a moment.""], ""safety"": ""ok""}",1,2176,3.1776000005265814,0.0012000000424450263,0.00030000046535860747,0.013999999282532372,0.005399999281507917,3.204100000402832
15,d2_u0,neutral,train,2,0,always,3,1,1,0,0,0,1,1,0,ok,"{""sentences"": [""I hear you."", ""We can pause here for a moment.""], ""safety"": ""ok""}",1,2176,3.7524999997913255,0.0013000008038943633,0.00019999970390927047,0.01359999987471383,0.004999999873689376,3.7783000007038936
16,d2_u1,neutral,train,2,1,always,3,1,1,0,0,0,1,1,0,ok,"{""sentences"": [""I hear you."", ""We can pause here for a moment.""], ""safety"": ""ok""}",1,2176,3.2042000002547866,0.0012999998943996616,0.00019999970390927047,0.014399999599845614,0.005300000339047983,3.231699999560078
17,d2_u2,happy,train,2,2,always,3,1,1,0,0,0,1,1,0,ok,"{""sentences"": [""I hear you."", ""We can pause here for a moment.""], ""safety"": ""ok""}",1,2176,2.4174000000130036,0.0014000006558489986,0.00019999970390927047,0.014199999895936344,0.005200000487093348,2.4442000003546127
18,d2_u3,sad,train,2,3,always,3,1,1,0,0,0,1,1,0,ok,"{""sentences"": [""I hear you."", ""We can pause here for a moment.""], ""safety"": ""ok""}",1,2176,3.2354999993913225,0.0012000000424450263,0.00019999970390927047,0.013999999282532372,0.0052999994295532815,3.2622999997329316
19,d2_u5,neutral,train,2,5,always,3,1,1,0,0,0,1,1,0,ok,"{""sentences"": [""I hear you."", ""We can pause here for a moment.""], ""safety"": ""ok""}",1,2176,3.5300999998071347,0.0012000000424450263,0.00030000046535860747,0.014799999917158857,0.005500000042957254,3.5579000004872796
20,d2_u7,sad,train,2,7,always,3,1,1,0,0,0,1,1,0,ok,"{""sentences"": [""I hear you."", ""We can pause here for a moment.""], ""safety"": ""ok""}",1,2176,2.4763999999777297,0.0012999998943996616,0.00019999970390927047,0.014100000043981709,0.005300000339047983,2.5033000001712935
21,d2_u8,neutral,train,2,8,always,3,1,1,0,0,0,1,1,0,ok,"{""sentences"": [""I hear you."", ""We can pause here for a moment.""], ""safety"": ""ok""}",1,2176,2.8671999998550746,0.0013999997463542968,0.0002999995558639057,0.044100000195612665,0.005699999746866524,2.924700000221492
22,d2_u9,neutral,train,2,9,always,3,1,1,0,0,0,1,1,0,ok,"{""sentences"": [""I hear you."", ""We can pause here for a moment.""], ""safety"": ""ok""}",1,2176,2.531699999963166,0.0013000008038943633,0.00019999970390927047,0.014399999599845614,0.005100000635138713,2.5581999998394167
23,d2_u10,happy,train,2,10,always,3,1,1,0,0,0,1,1,0,ok,"{""sentences"": [""I hear you."", ""We can pause here for a moment.""], ""safety"": ""ok""}",1,2176,2.9069000001982204,0.0012999998943996616,0.00030000046535860747,0.014600000213249587,0.005200000487093348,2.934399999503512
24,d2_u11,neutral,train,2,11,always,3,1,1,0,0,0,1,1,0,ok,"{""sentences"": [""I hear you."", ""We can pause here for a moment.""], ""safety"": ""ok""}",1,2176,2.805099999932281,0.0013000008038943633,0.00030000046535860747,0.014199999895936344,0.0054000001910026185,2.8320999999777996
25,d2_u12,happy,train,2,12,always,3,1,1,0,0,0,1,1,0,ok,"{""sentences"": [""I hear you."", ""We can pause here for a moment.""], ""safety"": ""ok""}",1,2176,2.9965000003358,0.0013999997463542968,0.0002999995558639057,0.013799999578623101,0.005199999577598646,3.022699999746692
26,d3_u3,neutral,train,3,3,always,3,1,1,0,0,0,1,1,0,ok,"{""sentences"": [""I hear you."", ""We can pause here for a moment.""], ""safety"": ""ok""}",1,2176,2.670899999429821,0.0012999998943996616,0.00030000046535860747,0.013999999282532372,0.005099999725644011,2.6975999999194755
27,d3_u4,neutral,train,3,4,always,3,1,1,0,0,0,1,1,0,ok,"{""sentences"": [""I hear you."", ""We can pause here for a moment.""], ""safety"": ""ok""}",1,2176,2.4621000002298388,0.0012000000424450263,0.00019999970390927047,0.013199999557400588,0.004999999873689376,2.4870999995982856
28,d3_u5,neutral,train,3,5,always,3,1,1,0,0,0,1,1,0,ok,"{""sentences"": [""I hear you."", ""We can pause here for a moment.""], ""safety"": ""ok""}",1,2176,3.2840000003488967,0.0014000006558489986,0.00030000046535860747,0.014700000065204222,0.0054000001910026185,3.3116999993580976
29,d3_u8,sad,train,3,8,always,3,1,1,0,0,0,1,1,0,ok,"{""sentences"": [""I hear you."", ""We can pause here for a moment.""], ""safety"": ""ok""}",1,2176,2.5033000001712935,0.0012000000424450263,0.00019999970390927047,0.01359999987471383,0.005100000635138713,2.529100000174367
30,d3_u9,neutral,train,3,9,always,3,1,1,0,0,0,1,1,0,ok,"{""sentences"": [""I hear you."", ""We can pause here for a moment.""], ""safety"": ""ok""}",1,2176,3.1091999999262043,0.0015999994502635673,0.00030000046535860747,0.01359999987471383,0.005200000487093348,3.1357000007119495
31,d4_u1,happy,train,4,1,always,3,1,1,0,0,0,1,1,0,ok,"{""sentences"": [""I hear you."", ""We can pause here for a moment.""], ""safety"": ""ok""}",1,2176,2.4830000002111774,0.0013999997463542968,0.0002999995558639057,0.014000000192027073,0.005300000339047983,2.5098000005527865
32,d4_u3,neutral,train,4,3,always,3,1,1,0,0,0,1,1,0,ok,"{""sentences"": [""I hear you."", ""We can pause here for a moment.""], ""safety"": ""ok""}",1,2176,2.366499999880034,0.0012000000424450263,0.00030000046535860747,0.014100000043981709,0.005199999577598646,2.39289999990433
33,d4_u4,neutral,train,4,4,always,3,1,1,0,0,0,1,1,0,ok,"{""sentences"": [""I hear you."", ""We can pause here for a moment.""], ""safety"": ""ok""}",1,2176,3.6769999996977276,0.0013999997463542968,0.00019999970390927047,0.014799999917158857,0.005399999281507917,3.704999999172287
34,d4_u5,neutral,train,4,5,always,3,1,1,0,0,0,1,1,0,ok,"{""sentences"": [""I hear you."", ""We can pause here for a moment.""], ""safety"": ""ok""}",1,2176,2.3518000007243245,0.0012999998943996616,0.00019999970390927047,0.013799999578623101,0.0052999994295532815,2.3784999993949896
35,d4_u6,neutral,train,4,6,always,3,1,1,0,0,0,1,1,0,ok,"{""sentences"": [""I hear you."", ""We can pause here for a moment.""], ""safety"": ""ok""}",1,2176,3.186400000231515,0.0012999998943996616,0.00030000046535860747,0.01430000065738568,0.005199999577598646,3.2136000008904375
36,d4_u7,neutral,train,4,7,always,3,1,1,0,0,0,1,1,0,ok,"{""sentences"": [""I hear you."", ""We can pause here for a moment.""], ""safety"": ""ok""}",1,2176,2.812400000038906,0.0013000008038943633,0.00019999970390927047,0.014000000192027073,0.0054000001910026185,2.839299999322975
37,d4_u8,happy,train,4,8,always,3,1,1,0,0,0,1,1,0,ok,"{""sentences"": [""I hear you."", ""We can pause here for a moment.""], ""safety"": ""ok""}",1,2176,2.631899999869347,0.0010999992809956893,0.00019999970390927047,0.012999999853491317,0.005099999725644011,2.656399999978021
38,d4_u9,happy,train,4,9,always,3,1,1,0,0,0,1,1,0,ok,"{""sentences"": [""I hear you."", ""We can pause here for a moment.""], ""safety"": ""ok""}",1,2176,3.093799999987823,0.0012999998943996616,0.00019999970390927047,0.014600000213249587,0.0052999994295532815,3.121500000816013
39,d4_u10,happy,train,4,10,always,3,1,1,0,0,0,1,1,0,ok,"{""sentences"": [""I hear you."", ""We can pause here for a moment.""], ""safety"": ""ok""}",1,2176,2.391499999248481,0.001100000190490391,0.0002999995558639057,0.01269999938813271,0.004899999112240039,2.4160000002666493
40,d4_u11,sad,train,4,11,always,3,1,1,0,0,0,1,1,0,ok,"{""sentences"": [""I hear you."", ""We can pause here for a moment.""], ""safety"": ""ok""}",1,2176,2.8913000005559297,0.0013999997463542968,0.0002999995558639057,0.014500000361294951,0.005599999894911889,2.918899999713176
41,d4_u12,neutral,train,4,12,always,3,1,1,0,0,0,1,1,0,ok,"{""sentences"": [""I hear you."", ""We can pause here for a moment.""], ""safety"": ""ok""}",1,2176,2.56820000049629,0.0012999998943996616,0.00020000061340397224,0.014200000805431046,0.005500000042957254,2.595099999780359
42,d4_u13,neutral,train,4,13,always,3,1,1,0,0,0,1,1,0,ok,"{""sentences"": [""I hear you."", ""We can pause here for a moment.""], ""safety"": ""ok""}",1,2176,3.122600000097009,0.0012999998943996616,0.00019999970390927047,0.013700000636163168,0.005199999577598646,3.148799999507901
43,d4_u14,neutral,train,4,14,always,3,1,1,0,0,0,1,1,0,ok,"{""sentences"": [""I hear you."", ""We can pause here for a moment.""], ""safety"": ""ok""}",1,2176,3.2223999996858765,0.0013999997463542968,0.0002999995558639057,0.014700000065204222,0.0054000001910026185,3.2504000000699307
44,d5_u0,neutral,train,5,0,always,3,1,1,0,0,0,1,1,0,ok,"{""sentences"": [""I hear you."", ""We can pause here for a moment.""], ""safety"": ""ok""}",1,2176,3.449400000135938,0.0013999997463542968,0.00019999970390927047,0.013799999578623101,0.005200000487093348,3.476099999716098
45,d5_u1,neutral,train,5,1,always,3,1,1,0,0,0,1,1,0,ok,"{""sentences"": [""I hear you."", ""We can pause here for a moment.""], ""safety"": ""ok""}",1,2176,2.798199999233475,0.0013999997463542968,0.0002999995558639057,0.014299999747890979,0.005199999577598646,2.8255999995963066
46,d5_u2,neutral,train,5,2,always,3,1,1,0,0,0,1,1,0,ok,"{""sentences"": [""I hear you."", ""We can pause here for a moment.""], ""safety"": ""ok""}",1,2176,3.2854999999472057,0.0012999998943996616,0.00030000046535860747,0.013799999578623101,0.005300000339047983,3.3121999995273654
47,d6_u0,happy,train,6,0,always,3,1,1,0,0,0,1,1,0,ok,"{""sentences"": [""I hear you."", ""We can pause here for a moment.""], ""safety"": ""ok""}",1,2176,2.245499999844469,0.0014000006558489986,0.00030000046535860747,0.014100000043981709,0.005099999725644011,2.2723000001860783
48,d6_u2,happy,train,6,2,always,3,1,1,0,0,0,1,1,0,ok,"{""sentences"": [""I hear you."", ""We can pause here for a moment.""], ""safety"": ""ok""}",1,2176,3.056800000194926,0.0012999998943996616,0.00030000046535860747,0.014100000043981709,0.005399999281507917,3.083800000240444
49,d6_u3,neutral,train,6,3,always,3,1,1,0,0,0,1,1,0,ok,"{""sentences"": [""I hear you."", ""We can pause here for a moment.""], ""safety"": ""ok""}",1,2176,2.6490000000194414,0.0012000000424450263,0.00030000046535860747,0.014700000065204222,0.004999999873689376,2.676699999938137
50,d6_u4,neutral,train,6,4,always,3,1,1,0,0,0,1,1,0,ok,"{""sentences"": [""I hear you."", ""We can pause here for a moment.""], ""safety"": ""ok""}",1,2176,3.0825999992885045,0.0012999998943996616,0.00019999970390927047,0.014199999895936344,0.004999999873689376,3.1094000005396083
51,d6_u5,angry,train,6,5,always,3,1,1,0,0,0,1,1,0,ok,"{""sentences"": [""I hear you."", ""We can pause here for a moment.""], ""safety"": ""ok""}",1,2176,2.311299999746552,0.0013999997463542968,0.0002999995558639057,0.015300000086426735,0.0057999995988211595,2.3401999997076928
52,d6_u6,happy,train,6,6,always,3,1,1,0,0,0,1,1,0,ok,"{""sentences"": [""I hear you."", ""We can pause here for a moment.""], ""safety"": ""ok""}",1,2176,2.607499999612628,0.0012999998943996616,0.00019999970390927047,0.014299999747890979,0.005200000487093348,2.6344999996581464
53,d6_u7,neutral,train,6,7,always,3,1,1,0,0,0,1,1,0,ok,"{""sentences"": [""I hear you."", ""We can pause here for a moment.""], ""safety"": ""ok""}",1,2176,2.9586000000563217,0.0013999997463542968,0.0002999995558639057,0.014199999895936344,0.005500000042957254,2.9859999995096587
54,d6_u9,angry,train,6,9,always,3,1,1,0,0,0,1,1,0,ok,"{""sentences"": [""I hear you."", ""We can pause here for a moment.""], ""safety"": ""ok""}",1,2176,2.489200000127312,0.0012999998943996616,0.00019999970390927047,0.012700000297627412,0.004900000021734741,2.51380000008794
55,d6_u10,angry,train,6,10,always,3,1,1,0,0,0,1,1,0,ok,"{""sentences"": [""I hear you."", ""We can pause here for a moment.""], ""safety"": ""ok""}",1,2176,2.90580000000773,0.0012999998943996616,0.0002999995558639057,0.014100000043981709,0.005099999725644011,2.932699999291799
56,d6_u11,angry,train,6,11,always,3,1,1,0,0,0,1,1,0,ok,"{""sentences"": [""I hear you."", ""We can pause here for a moment.""], ""safety"": ""ok""}",1,2176,2.787099999295606,0.0012999998943996616,0.00020000061340397224,0.013699999726668466,0.004900000021734741,2.8130000000601285
57,d6_u12,neutral,train,6,12,always,3,1,1,0,0,0,1,1,0,ok,"{""sentences"": [""I hear you."", ""We can pause here for a moment.""], ""safety"": ""ok""}",1,2176,3.3707000002323184,0.0013999997463542968,0.00019999970390927047,0.01359999987471383,0.005200000487093348,3.3971000002566143
58,d6_u13,neutral,train,6,13,always,3,1,1,0,0,0,1,1,0,ok,"{""sentences"": [""I hear you."", ""We can pause here for a moment.""], ""safety"": ""ok""}",1,2176,2.727499999309657,0.0012000000424450263,0.00030000046535860747,0.013300000318849925,0.004999999873689376,2.753100000518316
59,d6_u14,sad,train,6,14,always,3,1,1,0,0,0,1,1,0,ok,"{""sentences"": [""I hear you."", ""We can pause here for a moment.""], ""safety"": ""ok""}",1,2176,2.3944000004121335,0.0012999998943996616,0.00019999970390927047,0.01320000046689529,0.004900000021734741,2.419499999632535
60,d6_u15,sad,train,6,15,always,3,1,1,0,0,0,1,1,0,ok,"{""sentences"": [""I hear you."", ""We can pause here for a moment.""], ""safety"": ""ok""}",1,2176,2.9291000000739587,0.0012999998943996616,0.0002999995558639057,0.0152000002344721,0.005600000804406591,2.9586000000563217
61,d6_u16,sad,train,6,16,always,3,1,1,0,0,0,1,1,0,ok,"{""sentences"": [""I hear you."", ""We can pause here for a moment.""], ""safety"": ""ok""}",1,2176,3.2507000005352893,0.0012999998943996616,0.0002999995558639057,0.013699999726668466,0.005100000635138713,3.2766000003903173
62,d6_u18,angry,train,6,18,always,3,1,1,0,0,0,1,1,0,ok,"{""sentences"": [""I hear you."", ""We can pause here for a moment.""], ""safety"": ""ok""}",1,2176,2.950300000520656,0.0012000000424450263,0.00030000046535860747,0.01359999987471383,0.004999999873689376,2.97599999976228
63,d6_u19,angry,train,6,19,always,3,1,1,0,0,0,1,1,0,ok,"{""sentences"": [""I hear you."", ""We can pause here for a moment.""], ""safety"": ""ok""}",1,2176,2.5812000003497815,0.0013999997463542968,0.0002999995558639057,0.01500000053056283,0.0054000001910026185,2.6095000002896995
64,d6_u20,angry,train,6,20,always,3,1,1,0,0,0,1,1,0,ok,"{""sentences"": [""I hear you."", ""We can pause here for a moment.""], ""safety"": ""ok""}",1,2176,2.9030000005150214,0.0014000006558489986,0.00030000046535860747,0.014000000192027073,0.004999999873689376,2.929499999481777
65,d6_u21,angry,train,6,21,always,3,1,1,0,0,0,1,1,0,ok,"{""sentences"": [""I hear you."", ""We can pause here for a moment.""], ""safety"": ""ok""}",1,2176,2.6470000002518645,0.0013000008038943633,0.0002999995558639057,0.01320000046689529,0.004900000021734741,2.672599999641534
66,d7_u0,neutral,train,7,0,always,3,1,1,0,0,0,1,1,0,ok,"{""sentences"": [""I hear you."", ""We can pause here for a moment.""], ""safety"": ""ok""}",1,2176,3.0489000000670785,0.0010999992809956893,0.00019999970390927047,0.013500000022759195,0.004799999260285404,3.07390000034502
67,d7_u1,angry,train,7,1,always,3,1,1,0,0,0,1,1,0,ok,"{""sentences"": [""I hear you."", ""We can pause here for a moment.""], ""safety"": ""ok""}",1,2176,2.652000000125554,0.0012999998943996616,0.00030000046535860747,0.01359999987471383,0.005099999725644011,2.6779999998325366
68,d8_u0,neutral,train,8,0,always,3,1,1,0,0,0,1,1,0,ok,"{""sentences"": [""I hear you."", ""We can pause here for a moment.""], ""safety"": ""ok""}",1,2176,2.919399999882444,0.0012000000424450263,0.0002999995558639057,0.013900000340072438,0.005199999577598646,2.945700000054785
69,d8_u1,neutral,train,8,1,always,3,1,1,0,0,0,1,1,0,ok,"{""sentences"": [""I hear you."", ""We can pause here for a moment.""], ""safety"": ""ok""}",1,2176,2.9037000003881985,0.001499999598308932,0.0002999995558639057,0.014799999917158857,0.005599999894911889,2.9320000003281166
70,d8_u2,neutral,train,8,2,always,3,1,1,0,0,0,1,1,0,ok,"{""sentences"": [""I hear you."", ""We can pause here for a moment.""], ""safety"": ""ok""}",1,2176,2.9170999996495084,0.0013999997463542968,0.00030000046535860747,0.014700000065204222,0.005099999725644011,2.94450000001234
71,d8_u3,neutral,train,8,3,always,3,1,1,0,0,0,1,1,0,ok,"{""sentences"": [""I hear you."", ""We can pause here for a moment.""], ""safety"": ""ok""}",1,2176,3.0249999999796273,0.0012999998943996616,0.0002999995558639057,0.014199999895936344,0.0052999994295532815,3.0520000000251457
72,d8_u4,happy,train,8,4,always,3,1,1,0,0,0,1,1,0,ok,"{""sentences"": [""I hear you."", ""We can pause here for a moment.""], ""safety"": ""ok""}",1,2176,3.3013000002029003,0.0012999998943996616,0.0002999995558639057,0.014600000213249587,0.005200000487093348,3.3288000004176865
73,d8_u5,neutral,train,8,5,always,3,1,1,0,0,0,1,1,0,ok,"{""sentences"": [""I hear you."", ""We can pause here for a moment.""], ""safety"": ""ok""}",1,2176,2.9226000006019603,0.001100000190490391,0.00019999970390927047,0.013799999578623101,0.005199999577598646,2.948899999864807
74,d8_u6,happy,train,8,6,always,3,1,1,0,0,0,1,1,0,ok,"{""sentences"": [""I hear you."", ""We can pause here for a moment.""], ""safety"": ""ok""}",1,2176,2.600499999971362,0.0013999997463542968,0.00019999970390927047,0.013500000022759195,0.004999999873689376,2.62639999982639
75,d9_u0,neutral,train,9,0,always,3,1,1,0,0,0,1,1,0,ok,"{""sentences"": [""I hear you."", ""We can pause here for a moment.""], ""safety"": ""ok""}",1,2176,2.870000000257278,0.0010999992809956893,0.00019999970390927047,0.012900000001536682,0.005100000635138713,2.8945000003659516
76,d9_u1,neutral,train,9,1,always,3,1,1,0,0,0,1,1,0,ok,"{""sentences"": [""I hear you."", ""We can pause here for a moment.""], ""safety"": ""ok""}",1,2176,2.5792000005822047,0.0013000008038943633,0.0002999995558639057,0.013900000340072438,0.005500000042957254,2.606299999570183
77,d9_u2,neutral,train,9,2,always,3,1,1,0,0,0,1,1,0,ok,"{""sentences"": [""I hear you."", ""We can pause here for a moment.""], ""safety"": ""ok""}",1,2176,2.988299999742594,0.0013999997463542968,0.00030000046535860747,0.017899999875226058,0.006799999937356915,3.02070000088861
78,d9_u3,happy,train,9,3,always,3,1,1,0,0,0,1,1,0,ok,"{""sentences"": [""I hear you."", ""We can pause here for a moment.""], ""safety"": ""ok""}",1,2176,2.600600000732811,0.0012000000424450263,0.00019999970390927047,0.013099999705445953,0.004999999873689376,2.625300000545394
79,d9_u4,neutral,train,9,4,always,3,1,1,0,0,0,1,1,0,ok,"{""sentences"": [""I hear you."", ""We can pause here for a moment.""], ""safety"": ""ok""}",1,2176,2.7873999997609644,0.0012999998943996616,0.0002999995558639057,0.014700000065204222,0.005800000508315861,2.835199999935867
80,d9_u5,neutral,train,9,5,always,3,1,1,0,0,0,1,1,0,ok,"{""sentences"": [""I hear you."", ""We can pause here for a moment.""], ""safety"": ""ok""}",1,2176,2.6414000003569527,0.0013999997463542968,0.00030000046535860747,0.015499999790336005,0.0059000003602704965,2.671100000043225
81,d9_u6,neutral,train,9,6,always,3,1,1,0,0,0,1,1,0,ok,"{""sentences"": [""I hear you."", ""We can pause here for a moment.""], ""safety"": ""ok""}",1,2176,3.4018000005744398,0.0012999998943996616,0.00019999970390927047,0.013699999726668466,0.005300000339047983,3.4282999995411956
82,d9_u7,neutral,train,9,7,always,3,1,1,0,0,0,1,1,0,ok,"{""sentences"": [""I hear you."", ""We can pause here for a moment.""], ""safety"": ""ok""}",1,2176,2.759899999546178,0.0012999998943996616,0.00020000061340397224,0.014000000192027073,0.005200000487093348,2.7866000000358326
83,d9_u8,neutral,train,9,8,always,3,1,1,0,0,0,1,1,0,ok,"{""sentences"": [""I hear you."", ""We can pause here for a moment.""], ""safety"": ""ok""}",1,2176,2.8437000000849366,0.0012000000424450263,0.0002999995558639057,0.013299999409355223,0.00470000031782547,2.868599999601429
84,d9_u9,happy,train,9,9,always,3,1,1,0,0,0,1,1,0,ok,"{""sentences"": [""I hear you."", ""We can pause here for a moment.""], ""safety"": ""ok""}",1,2176,3.256099999816797,0.0012000000424450263,0.0002999995558639057,0.013500000022759195,0.005099999725644011,3.281999999671825
85,d9_u10,neutral,train,9,10,always,3,1,1,0,0,0,1,1,0,ok,"{""sentences"": [""I hear you."", ""We can pause here for a moment.""], ""safety"": ""ok""}",1,2176,3.0077000001256238,0.0011999991329503246,0.0002999995558639057,0.013300000318849925,0.004999999873689376,3.033399999367248
86,d9_u11,neutral,train,9,11,always,3,1,1,0,0,0,1,1,0,ok,"{""sentences"": [""I hear you."", ""We can pause here for a moment.""], ""safety"": ""ok""}",1,2176,2.260000000205764,0.0013000008038943633,0.00019999970390927047,0.013199999557400588,0.005100000635138713,2.2855999995954335
87,d9_u13,angry,train,9,13,always,3,1,1,0,0,0,1,1,0,ok,"{""sentences"": [""I hear you."", ""We can pause here for a moment.""], ""safety"": ""ok""}",1,2176,2.9884000005040434,0.0013000008038943633,0.00019999970390927047,0.014100000043981709,0.005200000487093348,3.015199999936158
88,d10_u0,angry,train,10,0,always,3,1,1,0,0,0,1,1,0,ok,"{""sentences"": [""I hear you."", ""We can pause here for a moment.""], ""safety"": ""ok""}",1,2176,2.728700000261597,0.0013999997463542968,0.00030000046535860747,0.01579999934619991,0.0073999999585794285,2.759899999546178
89,d10_u1,angry,train,10,1,always,3,1,1,0,0,0,1,1,0,ok,"{""sentences"": [""I hear you."", ""We can pause here for a moment.""], ""safety"": ""ok""}",1,2176,3.4333000003243797,0.0012999998943996616,0.00019999970390927047,0.013800000488117803,0.005500000042957254,3.459900000052585
90,d10_u2,angry,train,10,2,always,3,1,1,0,0,0,1,1,0,ok,"{""sentences"": [""I hear you."", ""We can pause here for a moment.""], ""safety"": ""ok""}",1,2176,2.6634999994712416,0.0012999998943996616,0.00030000046535860747,0.014500000361294951,0.005599999894911889,2.6920000000245636
91,d10_u3,angry,train,10,3,always,3,1,1,0,0,0,1,1,0,ok,"{""sentences"": [""I hear you."", ""We can pause here for a moment.""], ""safety"": ""ok""}",1,2176,3.392399999938789,0.0013000008038943633,0.00019999970390927047,0.014299999747890979,0.005600000804406591,3.420400000322843
92,d10_u4,angry,train,10,4,always,3,1,1,0,0,0,1,1,0,ok,"{""sentences"": [""I hear you."", ""We can pause here for a moment.""], ""safety"": ""ok""}",1,2176,2.8292999995755963,0.0012999998943996616,0.00030000046535860747,0.014100000043981709,0.005199999577598646,2.8563000005306094
93,d10_u5,neutral,train,10,5,always,3,1,1,0,0,0,1,1,0,ok,"{""sentences"": [""I hear you."", ""We can pause here for a moment.""], ""safety"": ""ok""}",1,2176,2.8471000005083624,0.0012999998943996616,0.00030000046535860747,0.014299999747890979,0.0054000001910026185,2.8744999999616994
94,d11_u0,neutral,train,11,0,always,3,1,1,0,0,0,1,1,0,ok,"{""sentences"": [""I hear you."", ""We can pause here for a moment.""], ""safety"": ""ok""}",1,2176,2.739599999586062,0.0012999998943996616,0.00019999970390927047,0.01359999987471383,0.005100000635138713,2.7655000003505847
95,d11_u1,angry,train,11,1,always,3,1,1,0,0,0,1,1,0,ok,"{""sentences"": [""I hear you."", ""We can pause here for a moment.""], ""safety"": ""ok""}",1,2176,2.6508999999350635,0.0013999997463542968,0.0002999995558639057,0.013699999726668466,0.005099999725644011,2.67710000025545
96,d11_u2,neutral,train,11,2,always,3,1,1,0,0,0,1,1,0,ok,"{""sentences"": [""I hear you."", ""We can pause here for a moment.""], ""safety"": ""ok""}",1,2176,2.717800000027637,0.0012999998943996616,0.0002999995558639057,0.03119999928458128,0.004999999873689376,2.7612000003500725
97,d11_u3,happy,train,11,3,always,3,1,1,0,0,0,1,1,0,ok,"{""sentences"": [""I hear you."", ""We can pause here for a moment.""], ""safety"": ""ok""}",1,2176,2.6695999995354214,0.0013999997463542968,0.00019999970390927047,0.014299999747890979,0.005300000339047983,2.6965999995809398
98,d11_u4,neutral,train,11,4,always,3,1,1,0,0,0,1,1,0,ok,"{""sentences"": [""I hear you."", ""We can pause here for a moment.""], ""safety"": ""ok""}",1,2176,2.9651999993802747,0.0012999998943996616,0.00030000046535860747,0.013900000340072438,0.0054000001910026185,2.991899999869929
99,d11_u5,neutral,train,11,5,always,3,1,1,0,0,0,1,1,0,ok,"{""sentences"": [""I hear you."", ""We can pause here for a moment.""], ""safety"": ""ok""}",1,2176,3.251500000260421,0.0012999998943996616,0.00019999970390927047,0.014799999917158857,0.005500000042957254,3.27969999943889
100,d11_u6,happy,train,11,6,always,3,1,1,0,0,0,1,1,0,ok,"{""sentences"": [""I hear you."", ""We can pause here for a moment.""], ""safety"": ""ok""}",1,2176,2.7190999999220367,0.0012000000424450263,0.0002999995558639057,0.014100000043981709,0.005199999577598646,2.745599999798287
101,d11_u7,happy,train,11,7,always,3,1,1,0,0,0,1,1,0,ok,"{""sentences"": [""I hear you."", ""We can pause here for a moment.""], ""safety"": ""ok""}",1,2176,3.462000000581611,0.0012999998943996616,0.00030000046535860747,0.014700000065204222,0.005500000042957254,3.490099999908125
102,d11_u8,happy,train,11,8,always,3,1,1,0,0,0,1,1,0,ok,"{""sentences"": [""I hear you."", ""We can pause here for a moment.""], ""safety"": ""ok""}",1,2176,2.8215999991516583,0.0015000005078036338,0.00020000061340397224,0.014799999917158857,0.005500000042957254,2.8497000002971618
103,d11_u9,happy,train,11,9,always,3,1,1,0,0,0,1,1,0,ok,"{""sentences"": [""I hear you."", ""We can pause here for a moment.""], ""safety"": ""ok""}",1,2176,2.658000000337779,0.0014000006558489986,0.0002999995558639057,0.014500000361294951,0.005199999577598646,2.6852999999391614
104,d12_u0,neutral,train,12,0,always,3,1,1,0,0,0,1,1,0,ok,"{""sentences"": [""I hear you."", ""We can pause here for a moment.""], ""safety"": ""ok""}",1,2176,2.3041999993438367,0.0012000000424450263,0.00019999970390927047,0.01249999968422344,0.004600000465870835,2.32750000031956
105,d12_u1,happy,train,12,1,always,3,1,1,0,0,0,1,1,0,ok,"{""sentences"": [""I hear you."", ""We can pause here for a moment.""], ""safety"": ""ok""}",1,2176,3.218800000468036,0.0012999998943996616,0.00020000061340397224,0.014099999134487007,0.0052999994295532815,3.245900000365509
106,d12_u5,neutral,train,12,5,always,3,1,1,0,0,0,1,1,0,ok,"{""sentences"": [""I hear you."", ""We can pause here for a moment.""], ""safety"": ""ok""}",1,2176,2.6828999998542713,0.0013999997463542968,0.00019999970390927047,0.014500000361294951,0.0052999994295532815,2.710300000217103
107,d12_u7,neutral,train,12,7,always,3,1,1,0,0,0,1,1,0,ok,"{""sentences"": [""I hear you."", ""We can pause here for a moment.""], ""safety"": ""ok""}",1,2176,3.0750000005355105,0.0013000008038943633,0.00030000046535860747,0.014899999769113492,0.006000000212225132,3.1037999997352017
108,d12_u11,angry,train,12,11,always,3,1,1,0,0,0,1,1,0,ok,"{""sentences"": [""I hear you."", ""We can pause here for a moment.""], ""safety"": ""ok""}",1,2176,3.146300000480551,0.0012999998943996616,0.00020000061340397224,0.015100000382517464,0.012700000297627412,3.1817999997656443
109,d13_u0,happy,train,13,0,always,3,1,1,0,0,0,1,1,0,ok,"{""sentences"": [""I hear you."", ""We can pause here for a moment.""], ""safety"": ""ok""}",1,2176,2.5940999994418235,0.0013999997463542968,0.0002999995558639057,0.014600000213249587,0.0054000001910026185,2.6218000002700137
110,d13_u1,neutral,train,13,1,always,3,1,1,0,0,0,1,1,0,ok,"{""sentences"": [""I hear you."", ""We can pause here for a moment.""], ""safety"": ""ok""}",1,2176,3.2867999998416053,0.0013999997463542968,0.00019999970390927047,0.014600000213249587,0.005599999894911889,3.315100000691018
111,d13_u3,neutral,train,13,3,always,3,1,1,0,0,0,1,1,0,ok,"{""sentences"": [""I hear you."", ""We can pause here for a moment.""], ""safety"": ""ok""}",1,2176,2.663800000846095,0.0012999998943996616,0.00020000061340397224,0.01449999945180025,0.005500000042957254,2.691699999559205
112,d14_u0,neutral,train,14,0,always,3,1,1,0,0,0,1,1,0,ok,"{""sentences"": [""I hear you."", ""We can pause here for a moment.""], ""safety"": ""ok""}",1,2176,2.9145999997126637,0.0012999998943996616,0.00030000046535860747,0.013800000488117803,0.022199999875738285,2.9581000007965486
113,d14_u1,neutral,train,14,1,always,3,1,1,0,0,0,1,1,0,ok,"{""sentences"": [""I hear you."", ""We can pause here for a moment.""], ""safety"": ""ok""}",1,2176,2.536300000429037,0.0014000006558489986,0.00019999970390927047,0.013699999726668466,0.005199999577598646,2.562499999839929
114,d14_u2,neutral,train,14,2,always,3,1,1,0,0,0,1,1,0,ok,"{""sentences"": [""I hear you."", ""We can pause here for a moment.""], ""safety"": ""ok""}",1,2176,3.195899999809626,0.0013999997463542968,0.00030000046535860747,0.014100000043981709,0.005000000783184078,3.222500000447326
115,d14_u4,neutral,train,14,4,always,3,1,1,0,0,0,1,1,0,ok,"{""sentences"": [""I hear you."", ""We can pause here for a moment.""], ""safety"": ""ok""}",1,2176,2.719499999329855,0.0013999997463542968,0.00020000061340397224,0.013899999430577736,0.0054000001910026185,2.7461999998195097
116,d14_u5,neutral,train,14,5,always,3,1,1,0,0,0,1,1,0,ok,"{""sentences"": [""I hear you."", ""We can pause here for a moment.""], ""safety"": ""ok""}",1,2176,3.041299999495095,0.0012999998943996616,0.00020000061340397224,0.013799999578623101,0.005200000487093348,3.0678000002808403
117,d15_u0,angry,train,15,0,always,3,1,1,0,0,0,1,1,0,ok,"{""sentences"": [""I hear you."", ""We can pause here for a moment.""], ""safety"": ""ok""}",1,2176,2.794699999867589,0.0012999998943996616,0.0002999995558639057,0.04309999985707691,0.005399999281507917,2.8509999992820667
118,d15_u1,neutral,train,15,1,always,3,1,1,0,0,0,1,1,0,ok,"{""sentences"": [""I hear you."", ""We can pause here for a moment.""], ""safety"": ""ok""}",1,2176,2.8988999993089237,0.0013999997463542968,0.00020000061340397224,0.014600000213249587,0.005700000656361226,2.9265000002851593
119,d15_u2,neutral,train,15,2,always,3,1,1,0,0,0,1,1,0,ok,"{""sentences"": [""I hear you."", ""We can pause here for a moment.""], ""safety"": ""ok""}",1,2176,2.8889000004710397,0.0013999997463542968,0.00030000046535860747,0.014399999599845614,0.005300000339047983,2.916499999628286
120,d15_u3,sad,train,15,3,always,3,1,1,0,0,0,1,1,0,ok,"{""sentences"": [""I hear you."", ""We can pause here for a moment.""], ""safety"": ""ok""}",1,2176,3.028900000572321,0.0012999998943996616,0.0002999995558639057,0.014100000043981709,0.005300000339047983,3.05579999985639
121,d15_u5,sad,train,15,5,always,3,1,1,0,0,0,1,1,0,ok,"{""sentences"": [""I hear you."", ""We can pause here for a moment.""], ""safety"": ""ok""}",1,2176,3.4278000002814224,0.0012999998943996616,0.0002999995558639057,0.014400000509340316,0.0057999995988211595,3.455900000517431
122,d15_u6,angry,train,15,6,always,3,1,1,0,0,0,1,1,0,ok,"{""sentences"": [""I hear you."", ""We can pause here for a moment.""], ""safety"": ""ok""}",1,2176,2.847200000360317,0.0012999998943996616,0.00030000046535860747,0.014100000043981709,0.005500000042957254,2.8742000004058355
123,d15_u7,sad,train,15,7,always,3,1,1,0,0,0,1,1,0,ok,"{""sentences"": [""I hear you."", ""We can pause here for a moment.""], ""safety"": ""ok""}",1,2176,2.7951000001849025,0.0013999997463542968,0.00020000061340397224,0.013900000340072438,0.005300000339047983,2.8216999999131076
124,d15_u8,neutral,train,15,8,always,3,1,1,0,0,0,1,1,0,ok,"{""sentences"": [""I hear you."", ""We can pause here for a moment.""], ""safety"": ""ok""}",1,2176,2.5445000001127482,0.0012000000424450263,0.0002999995558639057,0.013700000636163168,0.005300000339047983,2.571199999692908
125,d15_u9,sad,train,15,9,always,3,1,1,0,0,0,1,1,0,ok,"{""sentences"": [""I hear you."", ""We can pause here for a moment.""], ""safety"": ""ok""}",1,2176,2.6129999996555853,0.0012999998943996616,0.00019999970390927047,0.014400000509340316,0.005500000042957254,2.640599999722326
126,d15_u10,neutral,train,15,10,always,3,1,1,0,0,0,1,1,0,ok,"{""sentences"": [""I hear you."", ""We can pause here for a moment.""], ""safety"": ""ok""}",1,2176,3.388900000572903,0.0013999997463542968,0.0002999995558639057,0.014299999747890979,0.005399999281507917,3.416000000470376
127,d15_u11,neutral,train,15,11,always,3,1,1,0,0,0,1,1,0,ok,"{""sentences"": [""I hear you."", ""We can pause here for a moment.""], ""safety"": ""ok""}",1,2176,2.6882000001933193,0.0012999998943996616,0.00020000061340397224,0.014700000065204222,0.005599999894911889,2.7162999995198334
128,d15_u12,neutral,train,15,12,always,3,1,1,0,0,0,1,1,0,ok,"{""sentences"": [""I hear you."", ""We can pause here for a moment.""], ""safety"": ""ok""}",1,2176,2.9477000007318566,0.0013000008038943633,0.0002999995558639057,0.014100000043981709,0.005300000339047983,2.974799999719835
129,d15_u13,neutral,train,15,13,always,3,1,1,0,0,0,1,1,0,ok,"{""sentences"": [""I hear you."", ""We can pause here for a moment.""], ""safety"": ""ok""}",1,2176,2.9267999998410232,0.0012999998943996616,0.00019999970390927047,0.014299999747890979,0.005500000042957254,2.954200000203855
130,d15_u14,neutral,train,15,14,always,3,1,1,0,0,0,1,1,0,ok,"{""sentences"": [""I hear you."", ""We can pause here for a moment.""], ""safety"": ""ok""}",1,2176,2.835199999935867,0.0014000006558489986,0.0002999995558639057,0.015700000403739978,0.005699999746866524,2.864900000531634
131,d15_u15,happy,train,15,15,always,3,1,1,0,0,0,1,1,0,ok,"{""sentences"": [""I hear you."", ""We can pause here for a moment.""], ""safety"": ""ok""}",1,2176,2.9648999998244108,0.0012999998943996616,0.00019999970390927047,0.014100000043981709,0.005500000042957254,2.9923000001872424
132,d15_u16,angry,train,15,16,always,3,1,1,0,0,0,1,1,0,ok,"{""sentences"": [""I hear you."", ""We can pause here for a moment.""], ""safety"": ""ok""}",1,2176,2.2257999999055755,0.0012999998943996616,0.00019999970390927047,0.014000000192027073,0.005099999725644011,2.25259999933769
133,d15_u17,angry,train,15,17,always,3,1,1,0,0,0,1,1,0,ok,"{""sentences"": [""I hear you."", ""We can pause here for a moment.""], ""safety"": ""ok""}",1,2176,2.7984999996988336,0.0012999998943996616,0.00030000046535860747,0.01449999945180025,0.005399999281507917,2.825900000061665
134,d15_u18,angry,train,15,18,always,3,1,1,0,0,0,1,1,0,ok,"{""sentences"": [""I hear you."", ""We can pause here for a moment.""], ""safety"": ""ok""}",1,2176,3.3893999998326763,0.0012999998943996616,0.00019999970390927047,0.015100000382517464,0.006000000212225132,3.418199999941862
135,d15_u19,neutral,train,15,19,always,3,1,1,0,0,0,1,1,0,ok,"{""sentences"": [""I hear you."", ""We can pause here for a moment.""], ""safety"": ""ok""}",1,2176,3.0163000001266482,0.0012999998943996616,0.0002999995558639057,0.03480000032141106,0.005599999894911889,3.0646000004708185
136,d15_u20,angry,train,15,20,always,3,1,1,0,0,0,1,1,0,ok,"{""sentences"": [""I hear you."", ""We can pause here for a moment.""], ""safety"": ""ok""}",1,2176,2.466900000399619,0.0013999997463542968,0.00019999970390927047,0.01650000012887176,0.005800000508315861,2.4972999999590684
137,d15_u21,happy,train,15,21,always,3,1,1,0,0,0,1,1,0,ok,"{""sentences"": [""I hear you."", ""We can pause here for a moment.""], ""safety"": ""ok""}",1,2176,3.291299999546027,0.0012000000424450263,0.0002999995558639057,0.014399999599845614,0.0054000001910026185,3.3184999992954545
138,d15_u22,happy,train,15,22,always,3,1,1,0,0,0,1,1,0,ok,"{""sentences"": [""I hear you."", ""We can pause here for a moment.""], ""safety"": ""ok""}",1,2176,2.8942999997525476,0.0012999998943996616,0.00020000061340397224,0.013699999726668466,0.005199999577598646,2.920599999924889
139,d16_u0,happy,train,16,0,always,3,1,1,0,0,0,1,1,0,ok,"{""sentences"": [""I hear you."", ""We can pause here for a moment.""], ""safety"": ""ok""}",1,2176,2.964100000099279,0.0012000000424450263,0.00020000061340397224,0.013199999557400588,0.005200000487093348,2.98930000008113
140,d16_u1,happy,train,16,1,always,3,1,1,0,0,0,1,1,0,ok,"{""sentences"": [""I hear you."", ""We can pause here for a moment.""], ""safety"": ""ok""}",1,2176,2.2521000000779168,0.0012999998943996616,0.00030000046535860747,0.013900000340072438,0.005599999894911889,2.27919999997539
141,d16_u4,neutral,train,16,4,always,3,1,1,0,0,0,1,1,0,ok,"{""sentences"": [""I hear you."", ""We can pause here for a moment.""], ""safety"": ""ok""}",1,2176,3.085299999838753,0.0012000000424450263,0.0002999995558639057,0.014399999599845614,0.005200000487093348,3.112499999588181
142,d16_u5,neutral,train,16,5,always,3,1,1,0,0,0,1,1,0,ok,"{""sentences"": [""I hear you."", ""We can pause here for a moment.""], ""safety"": ""ok""}",1,2176,3.3895000005941256,0.0011999991329503246,0.00019999970390927047,0.013699999726668466,0.005000000783184078,3.415600000153063
143,d17_u0,angry,train,17,0,always,3,1,1,0,0,0,1,1,0,ok,"{""sentences"": [""I hear you."", ""We can pause here for a moment.""], ""safety"": ""ok""}",1,2176,2.4738000001889304,0.0012999998943996616,0.00020000061340397224,0.013799999578623101,0.005200000487093348,2.5003999999171356
144,d17_u1,happy,train,17,1,always,3,1,1,0,0,0,1,1,0,ok,"{""sentences"": [""I hear you."", ""We can pause here for a moment.""], ""safety"": ""ok""}",1,2176,2.6864999999816064,0.0013000008038943633,0.00019999970390927047,0.013500000022759195,0.004900000021734741,2.712000000428816
145,d17_u2,neutral,train,17,2,always,3,1,1,0,0,0,1,1,0,ok,"{""sentences"": [""I hear you."", ""We can pause here for a moment.""], ""safety"": ""ok""}",1,2176,2.7657999999064486,0.0012999998943996616,0.0002999995558639057,0.014700000065204222,0.0054000001910026185,2.7936999995290535
146,d17_u3,neutral,train,17,3,always,3,1,1,0,0,0,1,1,0,ok,"{""sentences"": [""I hear you."", ""We can pause here for a moment.""], ""safety"": ""ok""}",1,2176,2.979599999889615,0.001100000190490391,0.00020000061340397224,0.013700000636163168,0.004999999873689376,3.0055999995965976
147,d17_u5,neutral,train,17,5,always,3,1,1,0,0,0,1,1,0,ok,"{""sentences"": [""I hear you."", ""We can pause here for a moment.""], ""safety"": ""ok""}",1,2176,2.248900000267895,0.0012000000424450263,0.0002999995558639057,0.014100000043981709,0.005199999577598646,2.2753999992346507
148,d17_u7,happy,train,17,7,always,3,1,1,0,0,0,1,1,0,ok,"{""sentences"": [""I hear you."", ""We can pause here for a moment.""], ""safety"": ""ok""}",1,2176,2.953499999421183,0.0012999998943996616,0.00020000061340397224,0.01340000017080456,0.004999999873689376,2.979000000777887
149,d17_u8,happy,train,17,8,always,3,1,1,0,0,0,1,1,0,ok,"{""sentences"": [""I hear you."", ""We can pause here for a moment.""], ""safety"": ""ok""}",1,2176,3.3296000001428183,0.0009000004865811206,0.00019999970390927047,0.011999999514955562,0.004400000761961564,3.3518000000185566
150,d17_u9,happy,train,17,9,always,3,1,1,0,0,0,1,1,0,ok,"{""sentences"": [""I hear you."", ""We can pause here for a moment.""], ""safety"": ""ok""}",1,2176,3.0481000003419467,0.0012000000424450263,0.00019999970390927047,0.013199999557400588,0.004999999873689376,3.0735999998796615
151,d17_u10,happy,train,17,10,always,3,1,1,0,0,0,1,1,0,ok,"{""sentences"": [""I hear you."", ""We can pause here for a moment.""], ""safety"": ""ok""}",1,2176,2.493999999387597,0.0012000000424450263,0.0002999995558639057,0.013099999705445953,0.004900000021734741,2.5187999999616295
152,d18_u0,neutral,train,18,0,always,3,1,1,0,0,0,1,1,0,ok,"{""sentences"": [""I hear you."", ""We can pause here for a moment.""], ""safety"": ""ok""}",1,2176,2.4719000002733083,0.0012999998943996616,0.00019999970390927047,0.012900000001536682,0.004900000021734741,2.4965999991763965
153,d18_u1,neutral,train,18,1,always,3,1,1,0,0,0,1,1,0,ok,"{""sentences"": [""I hear you."", ""We can pause here for a moment.""], ""safety"": ""ok""}",1,2176,3.275500000199827,0.0010999992809956893,0.00030000046535860747,0.012700000297627412,0.004800000169780105,3.2995999999911874
154,d18_u2,neutral,train,18,2,always,3,1,1,0,0,0,1,1,0,ok,"{""sentences"": [""I hear you."", ""We can pause here for a moment.""], ""safety"": ""ok""}",1,2176,2.8308999999353546,0.001100000190490391,0.00019999970390927047,0.013099999705445953,0.004900000021734741,2.855499999895983
155,d18_u3,happy,train,18,3,always,3,1,1,0,0,0,1,1,0,ok,"{""sentences"": [""I hear you."", ""We can pause here for a moment.""], ""safety"": ""ok""}",1,2176,3.1496000001425273,0.0012999998943996616,0.0002999995558639057,0.013900000340072438,0.005300000339047983,3.176100000018778
156,d18_u4,neutral,train,18,4,always,3,1,1,0,0,0,1,1,0,ok,"{""sentences"": [""I hear you."", ""We can pause here for a moment.""], ""safety"": ""ok""}",1,2176,2.21620000047551,0.0013999997463542968,0.00030000046535860747,0.014299999747890979,0.005099999725644011,2.2434000002249377
157,d18_u5,happy,train,18,5,always,3,1,1,0,0,0,1,1,0,ok,"{""sentences"": [""I hear you."", ""We can pause here for a moment.""], ""safety"": ""ok""}",1,2176,2.8074000001652166,0.0012999998943996616,0.0002999995558639057,0.014100000043981709,0.005100000635138713,2.834400000210735
158,d18_u7,neutral,train,18,7,always,3,1,1,0,0,0,1,1,0,ok,"{""sentences"": [""I hear you."", ""We can pause here for a moment.""], ""safety"": ""ok""}",1,2176,2.8185000001030858,0.0012000000424450263,0.00030000046535860747,0.013899999430577736,0.004900000021734741,2.8442000002542045
159,d18_u8,sad,train,18,8,always,3,1,1,0,0,0,1,1,0,ok,"{""sentences"": [""I hear you."", ""We can pause here for a moment.""], ""safety"": ""ok""}",1,2176,2.8382000000419794,0.0012000000424450263,0.00020000061340397224,0.013300000318849925,0.004800000169780105,2.8628000000026077
160,d19_u0,neutral,train,19,0,always,3,1,1,0,0,0,1,1,0,ok,"{""sentences"": [""I hear you."", ""We can pause here for a moment.""], ""safety"": ""ok""}",1,2176,2.8251000003365334,0.001100000190490391,0.00019999970390927047,0.013199999557400588,0.005000000783184078,2.8499999998530257
161,d19_u1,neutral,train,19,1,always,3,1,1,0,0,0,1,1,0,ok,"{""sentences"": [""I hear you."", ""We can pause here for a moment.""], ""safety"": ""ok""}",1,2176,2.540899999985413,0.0012999998943996616,0.0002999995558639057,0.013900000340072438,0.005199999577598646,2.5676000004750676
162,d20_u0,neutral,train,20,0,always,3,1,1,0,0,0,1,1,0,ok,"{""sentences"": [""I hear you."", ""We can pause here for a moment.""], ""safety"": ""ok""}",1,2176,3.5092999996777507,0.0012999998943996616,0.00030000046535860747,0.014799999917158857,0.005399999281507917,3.5373999999137595
163,d20_u1,happy,train,20,1,always,3,1,1,0,0,0,1,1,0,ok,"{""sentences"": [""I hear you."", ""We can pause here for a moment.""], ""safety"": ""ok""}",1,2176,2.6400999995530583,0.0012999998943996616,0.00030000046535860747,0.014000000192027073,0.005200000487093348,2.666700000190758
164,d20_u2,happy,train,20,2,always,3,1,1,0,0,0,1,1,0,ok,"{""sentences"": [""I hear you."", ""We can pause here for a moment.""], ""safety"": ""ok""}",1,2176,2.6600999999573105,0.0012999998943996616,0.0002999995558639057,0.030399999559449498,0.004999999873689376,2.7029000002585235
165,d20_u3,happy,train,20,3,always,3,1,1,0,0,0,1,1,0,ok,"{""sentences"": [""I hear you."", ""We can pause here for a moment.""], ""safety"": ""ok""}",1,2176,2.8120000006310875,0.0012999998943996616,0.00030000046535860747,0.01359999987471383,0.005099999725644011,2.8378999995766208
166,d20_u4,happy,train,20,4,always,3,1,1,0,0,0,1,1,0,ok,"{""sentences"": [""I hear you."", ""We can pause here for a moment.""], ""safety"": ""ok""}",1,2176,3.1853999998929794,0.0012000000424450263,0.00019999970390927047,0.014000000192027073,0.005199999577598646,3.2122000002345885
167,d20_u5,happy,train,20,5,always,3,1,1,0,0,0,1,1,0,ok,"{""sentences"": [""I hear you."", ""We can pause here for a moment.""], ""safety"": ""ok""}",1,2176,2.512899999601359,0.0012999998943996616,0.00020000061340397224,0.013500000022759195,0.004999999873689376,2.5388000003658817
168,d20_u6,happy,train,20,6,always,3,1,1,0,0,0,1,1,0,ok,"{""sentences"": [""I hear you."", ""We can pause here for a moment.""], ""safety"": ""ok""}",1,2176,3.0051000003368245,0.0012999998943996616,0.0002999995558639057,0.013300000318849925,0.004900000021734741,3.029900000001362
169,d20_u7,happy,train,20,7,always,3,1,1,0,0,0,1,1,0,ok,"{""sentences"": [""I hear you."", ""We can pause here for a moment.""], ""safety"": ""ok""}",1,2176,2.609699999993609,0.0012999998943996616,0.00019999970390927047,0.01359999987471383,0.004999999873689376,2.635700000610086
170,d20_u8,neutral,train,20,8,always,3,1,1,0,0,0,1,1,0,ok,"{""sentences"": [""I hear you."", ""We can pause here for a moment.""], ""safety"": ""ok""}",1,2176,2.8952000002391287,0.0012000000424450263,0.00020000061340397224,0.013600000784208532,0.005199999577598646,2.9208999994807527
171,d20_u9,neutral,train,20,9,always,3,1,1,0,0,0,1,1,0,ok,"{""sentences"": [""I hear you."", ""We can pause here for a moment.""], ""safety"": ""ok""}",1,2176,2.8418000001693144,0.0012999998943996616,0.0002999995558639057,0.014199999895936344,0.005500000042957254,2.8689000000667875
172,d20_u10,neutral,train,20,10,always,3,1,1,0,0,0,1,1,0,ok,"{""sentences"": [""I hear you."", ""We can pause here for a moment.""], ""safety"": ""ok""}",1,2176,3.0353000001923647,0.0013999997463542968,0.00030000046535860747,0.014200000805431046,0.0052999994295532815,3.0624999999417923
173,d20_u11,neutral,train,20,11,always,3,1,1,0,0,0,1,1,0,ok,"{""sentences"": [""I hear you."", ""We can pause here for a moment.""], ""safety"": ""ok""}",1,2176,2.7341999993950594,0.0012999998943996616,0.0002999995558639057,0.014100000043981709,0.005300000339047983,2.761400000053982
174,d20_u12,happy,train,20,12,always,3,1,1,0,0,0,1,1,0,ok,"{""sentences"": [""I hear you."", ""We can pause here for a moment.""], ""safety"": ""ok""}",1,2176,2.726300000176707,0.0012999998943996616,0.0002999995558639057,0.014199999895936344,0.005100000635138713,2.7530999996088212
175,d20_u13,happy,train,20,13,always,3,1,1,0,0,0,1,1,0,ok,"{""sentences"": [""I hear you."", ""We can pause here for a moment.""], ""safety"": ""ok""}",1,2176,3.1061999998200918,0.0013000008038943633,0.00019999970390927047,0.013500000022759195,0.005200000487093348,3.1318999999712105
176,d20_u14,happy,train,20,14,always,3,1,1,0,0,0,1,1,0,ok,"{""sentences"": [""I hear you."", ""We can pause here for a moment.""], ""safety"": ""ok""}",1,2176,2.370100000007369,0.0014000006558489986,0.00019999970390927047,0.013900000340072438,0.005099999725644011,2.3965999998836196
177,d20_u16,neutral,train,20,16,always,3,1,1,0,0,0,1,1,0,ok,"{""sentences"": [""I hear you."", ""We can pause here for a moment.""], ""safety"": ""ok""}",1,2176,3.018000000338361,0.0011999991329503246,0.00019999970390927047,0.014000000192027073,0.005199999577598646,3.0443000005107024
178,d21_u1,neutral,train,21,1,always,3,1,1,0,0,0,1,1,0,ok,"{""sentences"": [""I hear you."", ""We can pause here for a moment.""], ""safety"": ""ok""}",1,2176,2.9773000005661743,0.0014000006558489986,0.00019999970390927047,0.014100000043981709,0.005199999577598646,3.0041999998502433
179,d21_u2,happy,train,21,2,always,3,1,1,0,0,0,1,1,0,ok,"{""sentences"": [""I hear you."", ""We can pause here for a moment.""], ""safety"": ""ok""}",1,2176,3.2842999999047606,0.0011999991329503246,0.00019999970390927047,0.047200000153679866,0.004800000169780105,3.343200000017532
180,d21_u4,neutral,train,21,4,always,3,1,1,0,0,0,1,1,0,ok,"{""sentences"": [""I hear you."", ""We can pause here for a moment.""], ""safety"": ""ok""}",1,2176,2.871499999855587,0.0013000008038943633,0.00019999970390927047,0.014100000043981709,0.005300000339047983,2.8984000000491505
181,d21_u6,angry,train,21,6,always,3,1,1,0,0,0,1,1,0,ok,"{""sentences"": [""I hear you."", ""We can pause here for a moment.""], ""safety"": ""ok""}",1,2176,2.583800000138581,0.0012000000424450263,0.00020000061340397224,0.014100000043981709,0.005899999450775795,2.611300000353367
182,d21_u7,neutral,train,21,7,always,3,1,1,0,0,0,1,1,0,ok,"{""sentences"": [""I hear you."", ""We can pause here for a moment.""], ""safety"": ""ok""}",1,2176,2.4982000004456495,0.001100000190490391,0.00019999970390927047,0.012600000445672777,0.004999999873689376,2.522099999623606
183,d21_u9,neutral,train,21,9,always,3,1,1,0,0,0,1,1,0,ok,"{""sentences"": [""I hear you."", ""We can pause here for a moment.""], ""safety"": ""ok""}",1,2176,2.4934999992183293,0.0012000000424450263,0.00020000061340397224,0.013100000614940654,0.0052999994295532815,2.5183000007018563
184,d21_u10,neutral,train,21,10,always,3,1,1,0,0,0,1,1,0,ok,"{""sentences"": [""I hear you."", ""We can pause here for a moment.""], ""safety"": ""ok""}",1,2176,3.0114000001049135,0.0013999997463542968,0.00030000046535860747,0.014700000065204222,0.005899999450775795,3.0397000000448315
185,d21_u12,neutral,train,21,12,always,3,1,1,0,0,0,1,1,0,ok,"{""sentences"": [""I hear you."", ""We can pause here for a moment.""], ""safety"": ""ok""}",1,2176,2.764500000012049,0.0012999998943996616,0.00030000046535860747,0.013500000022759195,0.028299999939918052,2.813600000081351
186,d21_u13,happy,train,21,13,always,3,1,1,0,0,0,1,1,0,ok,"{""sentences"": [""I hear you."", ""We can pause here for a moment.""], ""safety"": ""ok""}",1,2176,2.855299999282579,0.0012000000424450263,0.0002999995558639057,0.014000000192027073,0.005099999725644011,2.882000000681728
187,d22_u1,neutral,train,22,1,always,3,1,1,0,0,0,1,1,0,ok,"{""sentences"": [""I hear you."", ""We can pause here for a moment.""], ""safety"": ""ok""}",1,2176,2.881800000068324,0.0012000000424450263,0.00019999970390927047,0.013900000340072438,0.005300000339047983,2.907999999479216
188,d22_u3,neutral,train,22,3,always,3,1,1,0,0,0,1,1,0,ok,"{""sentences"": [""I hear you."", ""We can pause here for a moment.""], ""safety"": ""ok""}",1,2176,3.3162999998239684,0.0013999997463542968,0.0002999995558639057,0.014000000192027073,0.0052999994295532815,3.3431000001655775
189,d23_u1,angry,train,23,1,always,3,1,1,0,0,0,1,1,0,ok,"{""sentences"": [""I hear you."", ""We can pause here for a moment.""], ""safety"": ""ok""}",1,2176,2.368899999964924,0.0012999998943996616,0.0002999995558639057,0.014000000192027073,0.005300000339047983,2.3953999998411746
190,d23_u3,happy,train,23,3,always,3,1,1,0,0,0,1,1,0,ok,"{""sentences"": [""I hear you."", ""We can pause here for a moment.""], ""safety"": ""ok""}",1,2176,2.371300000049814,0.0012999998943996616,0.00020000061340397224,0.013700000636163168,0.005099999725644011,2.3975000003702007
191,d23_u4,neutral,train,23,4,always,3,1,1,0,0,0,1,1,0,ok,"{""sentences"": [""I hear you."", ""We can pause here for a moment.""], ""safety"": ""ok""}",1,2176,2.9627999992953846,0.001100000190490391,0.0002999995558639057,0.014199999895936344,0.005200000487093348,2.989000000525266
192,d23_u5,neutral,train,23,5,always,3,1,1,0,0,0,1,1,0,ok,"{""sentences"": [""I hear you."", ""We can pause here for a moment.""], ""safety"": ""ok""}",1,2176,3.1352000005426817,0.0012000000424450263,0.00020000061340397224,0.013500000022759195,0.004999999873689376,3.1609999996362603
193,d23_u6,neutral,train,23,6,always,3,1,1,0,0,0,1,1,0,ok,"{""sentences"": [""I hear you."", ""We can pause here for a moment.""], ""safety"": ""ok""}",1,2176,3.2218000005741487,0.0012000000424450263,0.00019999970390927047,0.014399999599845614,0.005300000339047983,3.249399999731395
194,d23_u7,neutral,train,23,7,always,3,1,1,0,0,0,1,1,0,ok,"{""sentences"": [""I hear you."", ""We can pause here for a moment.""], ""safety"": ""ok""}",1,2176,2.458100000694685,0.0012999998943996616,0.0002999995558639057,0.014100000043981709,0.005300000339047983,2.484800000274845
195,d24_u0,neutral,train,24,0,always,3,1,1,0,0,0,1,1,0,ok,"{""sentences"": [""I hear you."", ""We can pause here for a moment.""], ""safety"": ""ok""}",1,2176,2.7524999995875987,0.0012000000424450263,0.0002999995558639057,0.013999999282532372,0.005199999577598646,2.779200000077253
196,d24_u1,neutral,train,24,1,always,3,1,1,0,0,0,1,1,0,ok,"{""sentences"": [""I hear you."", ""We can pause here for a moment.""], ""safety"": ""ok""}",1,2176,3.1553999997413484,0.0012999998943996616,0.0002999995558639057,0.013899999430577736,0.005199999577598646,3.182100000231003
197,d24_u2,neutral,train,24,2,always,3,1,1,0,0,0,1,1,0,ok,"{""sentences"": [""I hear you."", ""We can pause here for a moment.""], ""safety"": ""ok""}",1,2176,2.867799999876297,0.0011999991329503246,0.00019999970390927047,0.013799999578623101,0.004999999873689376,2.8937999995832797
198,d24_u3,happy,train,24,3,always,3,1,1,0,0,0,1,1,0,ok,"{""sentences"": [""I hear you."", ""We can pause here for a moment.""], ""safety"": ""ok""}",1,2176,2.3685999994995655,0.0012000000424450263,0.00020000061340397224,0.013699999726668466,0.005199999577598646,2.3946999999679974
199,d24_u5,neutral,train,24,5,always,3,1,1,0,0,0,1,1,0,ok,"{""sentences"": [""I hear you."", ""We can pause here for a moment.""], ""safety"": ""ok""}",1,2176,3.3013000002029003,0.0013000008038943633,0.0002999995558639057,0.014199999895936344,0.0052999994295532815,3.328299999338924
200,d24_u6,neutral,train,24,6,always,3,1,1,0,0,0,1,1,0,ok,"{""sentences"": [""I hear you."", ""We can pause here for a moment.""], ""safety"": ""ok""}",1,2176,2.71710000015446,0.0012999998943996616,0.00030000046535860747,0.014299999747890979,0.0054000001910026185,2.744399999755842
201,d24_u7,happy,train,24,7,always,3,1,1,0,0,0,1,1,0,ok,"{""sentences"": [""I hear you."", ""We can pause here for a moment.""], ""safety"": ""ok""}",1,2176,2.7602999998634914,0.0012000000424450263,0.00030000046535860747,0.013300000318849925,0.005099999725644011,2.7859000001626555
202,d25_u0,happy,train,25,0,always,3,1,1,0,0,0,1,1,0,ok,"{""sentences"": [""I hear you."", ""We can pause here for a moment.""], ""safety"": ""ok""}",1,2176,2.7648000004774076,0.001100000190490391,0.00019999970390927047,0.011899999663000926,0.004599999556376133,2.7873999997609644
203,d25_u1,happy,train,25,1,always,3,1,1,0,0,0,1,1,0,ok,"{""sentences"": [""I hear you."", ""We can pause here for a moment.""], ""safety"": ""ok""}",1,2176,2.8435999993234873,0.0014000006558489986,0.00030000046535860747,0.014100000043981709,0.0054000001910026185,2.870700000130455
204,d25_u2,happy,train,25,2,always,3,1,1,0,0,0,1,1,0,ok,"{""sentences"": [""I hear you."", ""We can pause here for a moment.""], ""safety"": ""ok""}",1,2176,3.1040000003486057,0.0013999997463542968,0.0002999995558639057,0.013800000488117803,0.004900000021734741,3.1300000000555883
205,d25_u3,happy,train,25,3,always,3,1,1,0,0,0,1,1,0,ok,"{""sentences"": [""I hear you."", ""We can pause here for a moment.""], ""safety"": ""ok""}",1,2176,2.758499999799824,0.0012000000424450263,0.00020000061340397224,0.013100000614940654,0.004800000169780105,2.783300000373856
206,d25_u4,neutral,train,25,4,always,3,1,1,0,0,0,1,1,0,ok,"{""sentences"": [""I hear you."", ""We can pause here for a moment.""], ""safety"": ""ok""}",1,2176,2.87670000034268,0.0012000000424450263,0.00019999970390927047,0.013099999705445953,0.005000000783184078,2.9015999998591724
207,d25_u5,neutral,train,25,5,always,3,1,1,0,0,0,1,1,0,ok,"{""sentences"": [""I hear you."", ""We can pause here for a moment.""], ""safety"": ""ok""}",1,2176,2.739800000199466,0.0012000000424450263,0.00030000046535860747,0.013799999578623101,0.005300000339047983,2.766399999927671
208,d25_u6,neutral,train,25,6,always,3,1,1,0,0,0,1,1,0,ok,"{""sentences"": [""I hear you."", ""We can pause here for a moment.""], ""safety"": ""ok""}",1,2176,2.2875999993630103,0.0012999998943996616,0.00019999970390927047,0.014000000192027073,0.004999999873689376,2.31420000000071
209,d25_u7,neutral,train,25,7,always,3,1,1,0,0,0,1,1,0,ok,"{""sentences"": [""I hear you."", ""We can pause here for a moment.""], ""safety"": ""ok""}",1,2176,3.259500000240223,0.001100000190490391,0.00019999970390927047,0.012999999853491317,0.004599999556376133,3.283500000179629
210,d25_u8,neutral,train,25,8,always,3,1,1,0,0,0,1,1,0,ok,"{""sentences"": [""I hear you."", ""We can pause here for a moment.""], ""safety"": ""ok""}",1,2176,2.805899999657413,0.0012000000424450263,0.0002999995558639057,0.013500000022759195,0.005099999725644011,2.831499999956577
211,d25_u9,neutral,train,25,9,always,3,1,1,0,0,0,1,1,0,ok,"{""sentences"": [""I hear you."", ""We can pause here for a moment.""], ""safety"": ""ok""}",1,2176,2.3900999995021266,0.0013999997463542968,0.0002999995558639057,0.014100000043981709,0.02229999972769292,2.4341999996977393
212,d25_u10,neutral,train,25,10,always,3,1,1,0,0,0,1,1,0,ok,"{""sentences"": [""I hear you."", ""We can pause here for a moment.""], ""safety"": ""ok""}",1,2176,2.684699999917939,0.0013000008038943633,0.0002999995558639057,0.014100000043981709,0.005200000487093348,2.711500000259548
213,d25_u12,neutral,train,25,12,always,3,1,1,0,0,0,1,1,0,ok,"{""sentences"": [""I hear you."", ""We can pause here for a moment.""], ""safety"": ""ok""}",1,2176,2.754799999820534,0.0012999998943996616,0.0002999995558639057,0.013500000022759195,0.022400000489142258,2.797800000735151
214,d25_u13,neutral,train,25,13,always,3,1,1,0,0,0,1,1,0,ok,"{""sentences"": [""I hear you."", ""We can pause here for a moment.""], ""safety"": ""ok""}",1,2176,2.936300000328629,0.0013999997463542968,0.0002999995558639057,0.014999999621068127,0.005099999725644011,2.9641999999512336
215,d26_u1,neutral,train,26,1,always,3,1,1,0,0,0,1,1,0,ok,"{""sentences"": [""I hear you."", ""We can pause here for a moment.""], ""safety"": ""ok""}",1,2176,3.5042000008616014,0.0012999998943996616,0.0002999995558639057,0.014199999895936344,0.005200000487093348,3.5311000001456705
216,d26_u3,neutral,train,26,3,always,3,1,1,0,0,0,1,1,0,ok,"{""sentences"": [""I hear you."", ""We can pause here for a moment.""], ""safety"": ""ok""}",1,2176,3.109700000095472,0.0012000000424450263,0.0002999995558639057,0.014100000043981709,0.005199999577598646,3.136100000119768
217,d26_u4,neutral,train,26,4,always,3,1,1,0,0,0,1,1,0,ok,"{""sentences"": [""I hear you."", ""We can pause here for a moment.""], ""safety"": ""ok""}",1,2176,2.3928000000523753,0.0012000000424450263,0.00019999970390927047,0.01269999938813271,0.02210000002378365,2.43399999999383
218,d26_u5,happy,train,26,5,always,3,1,1,0,0,0,1,1,0,ok,"{""sentences"": [""I hear you."", ""We can pause here for a moment.""], ""safety"": ""ok""}",1,2176,2.8124999998908606,0.0013999997463542968,0.00019999970390927047,0.013999999282532372,0.005199999577598646,2.838999999767111
219,d26_u6,happy,train,26,6,always,3,1,1,0,0,0,1,1,0,ok,"{""sentences"": [""I hear you."", ""We can pause here for a moment.""], ""safety"": ""ok""}",1,2176,2.794699999867589,0.0012999998943996616,0.00019999970390927047,0.014000000192027073,0.005199999577598646,2.821600000061153
220,d26_u7,happy,train,26,7,always,3,1,1,0,0,0,1,1,0,ok,"{""sentences"": [""I hear you."", ""We can pause here for a moment.""], ""safety"": ""ok""}",1,2176,3.0298000001494074,0.0012999998943996616,0.00030000046535860747,0.01359999987471383,0.0054000001910026185,3.056000000469794
221,d26_u8,neutral,train,26,8,always,3,1,1,0,0,0,1,1,0,ok,"{""sentences"": [""I hear you."", ""We can pause here for a moment.""], ""safety"": ""ok""}",1,2176,2.7024999999412103,0.0012999998943996616,0.0002999995558639057,0.014600000213249587,0.005199999577598646,2.7300000001559965
222,d26_u9,neutral,train,26,9,always,3,1,1,0,0,0,1,1,0,ok,"{""sentences"": [""I hear you."", ""We can pause here for a moment.""], ""safety"": ""ok""}",1,2176,2.998199999638018,0.001499999598308932,0.0002999995558639057,0.014600000213249587,0.005200000487093348,3.0261000001701177
223,d26_u10,neutral,train,26,10,always,3,1,1,0,0,0,1,1,0,ok,"{""sentences"": [""I hear you."", ""We can pause here for a moment.""], ""safety"": ""ok""}",1,2176,3.1983999997464707,0.0012000000424450263,0.00019999970390927047,0.01359999987471383,0.004999999873689376,3.2245000002149027
224,d26_u11,sad,train,26,11,always,3,1,1,0,0,0,1,1,0,ok,"{""sentences"": [""I hear you."", ""We can pause here for a moment.""], ""safety"": ""ok""}",1,2176,2.870900000743859,0.0012999998943996616,0.00019999970390927047,0.013900000340072438,0.005099999725644011,2.897500000472064
225,d26_u12,neutral,train,26,12,always,3,1,1,0,0,0,1,1,0,ok,"{""sentences"": [""I hear you."", ""We can pause here for a moment.""], ""safety"": ""ok""}",1,2176,2.5545999997120816,0.0012999998943996616,0.00019999970390927047,0.014100000043981709,0.0054000001910026185,2.5814000000536907
226,d26_u13,neutral,train,26,13,always,3,1,1,0,0,0,1,1,0,ok,"{""sentences"": [""I hear you."", ""We can pause here for a moment.""], ""safety"": ""ok""}",1,2176,2.7836999997816747,0.0013999997463542968,0.00019999970390927047,0.030499999411404133,0.005500000042957254,2.827199999956065
227,d27_u0,sad,train,27,0,always,3,1,1,0,0,0,1,1,0,ok,"{""sentences"": [""I hear you."", ""We can pause here for a moment.""], ""safety"": ""ok""}",1,2176,2.6179000005868147,0.0012999998943996616,0.0002999995558639057,0.014199999895936344,0.005200000487093348,2.644700000018929
228,d27_u1,happy,train,27,1,always,3,1,1,0,0,0,1,1,0,ok,"{""sentences"": [""I hear you."", ""We can pause here for a moment.""], ""safety"": ""ok""}",1,2176,3.080799999224837,0.0012000000424450263,0.00030000046535860747,0.013700000636163168,0.004999999873689376,3.106600000137405
229,d28_u0,angry,train,28,0,always,3,1,1,0,0,0,1,1,0,ok,"{""sentences"": [""I hear you."", ""We can pause here for a moment.""], ""safety"": ""ok""}",1,2176,2.6041999999506515,0.0012000000424450263,0.00030000046535860747,0.012900000001536682,0.0052999994295532815,2.6291999993190984
230,d28_u1,angry,train,28,1,always,3,1,1,0,0,0,1,1,0,ok,"{""sentences"": [""I hear you."", ""We can pause here for a moment.""], ""safety"": ""ok""}",1,2176,2.9900999998062616,0.0012999998943996616,0.00019999970390927047,0.014799999917158857,0.0054000001910026185,3.0181000001903158
231,d28_u2,angry,train,28,2,always,3,1,1,0,0,0,1,1,0,ok,"{""sentences"": [""I hear you."", ""We can pause here for a moment.""], ""safety"": ""ok""}",1,2176,3.0653000003439956,0.0012000000424450263,0.00030000046535860747,0.01340000017080456,0.004999999873689376,3.090600000177801
232,d28_u3,happy,train,28,3,always,3,1,1,0,0,0,1,1,0,ok,"{""sentences"": [""I hear you."", ""We can pause here for a moment.""], ""safety"": ""ok""}",1,2176,2.177299999857496,0.0012999998943996616,0.00030000046535860747,0.014100000043981709,0.005300000339047983,2.203999999437656
233,d28_u5,happy,train,28,5,always,3,1,1,0,0,0,1,1,0,ok,"{""sentences"": [""I hear you."", ""We can pause here for a moment.""], ""safety"": ""ok""}",1,2176,3.0254000002969406,0.0013999997463542968,0.00019999970390927047,0.013900000340072438,0.0052999994295532815,3.052400000342459
234,d28_u7,sad,train,28,7,always,3,1,1,0,0,0,1,1,0,ok,"{""sentences"": [""I hear you."", ""We can pause here for a moment.""], ""safety"": ""ok""}",1,2176,2.7186999996047234,0.0012999998943996616,0.0002999995558639057,0.014299999747890979,0.0054000001910026185,2.7461999998195097
235,d29_u1,happy,train,29,1,always,3,1,1,0,0,0,1,1,0,ok,"{""sentences"": [""I hear you."", ""We can pause here for a moment.""], ""safety"": ""ok""}",1,2176,3.14899999921181,0.0013999997463542968,0.00019999970390927047,0.013899999430577736,0.005200000487093348,3.1754000001456006
236,d29_u2,neutral,train,29,2,always,3,1,1,0,0,0,1,1,0,ok,"{""sentences"": [""I hear you."", ""We can pause here for a moment.""], ""safety"": ""ok""}",1,2176,2.4563000006310176,0.0012999998943996616,0.00019999970390927047,0.014000000192027073,0.005199999577598646,2.4830000002111774
237,d29_u3,happy,train,29,3,always,3,1,1,0,0,0,1,1,0,ok,"{""sentences"": [""I hear you."", ""We can pause here for a moment.""], ""safety"": ""ok""}",1,2176,2.88280000040686,0.0013999997463542968,0.00019999970390927047,0.014000000192027073,0.005300000339047983,2.9093000002831104
238,d29_u6,angry,train,29,6,always,3,1,1,0,0,0,1,1,0,ok,"{""sentences"": [""I hear you."", ""We can pause here for a moment.""], ""safety"": ""ok""}",1,2176,2.8277000001253327,0.0012999998943996616,0.0002999995558639057,0.013900000340072438,0.0054000001910026185,2.8542000000015832
239,d29_u7,angry,train,29,7,always,3,1,1,0,0,0,1,1,0,ok,"{""sentences"": [""I hear you."", ""We can pause here for a moment.""], ""safety"": ""ok""}",1,2176,3.2658999998602667,0.0012999998943996616,0.00020000061340397224,0.013700000636163168,0.005199999577598646,3.291500000159431
240,d29_u8,angry,train,29,8,always,3,1,1,0,0,0,1,1,0,ok,"{""sentences"": [""I hear you."", ""We can pause here for a moment.""], ""safety"": ""ok""}",1,2176,2.875799999856099,0.0012000000424450263,0.00020000061340397224,0.014199999895936344,0.005199999577598646,2.902499999436259
241,d29_u9,neutral,train,29,9,always,3,1,1,0,0,0,1,1,0,ok,"{""sentences"": [""I hear you."", ""We can pause here for a moment.""], ""safety"": ""ok""}",1,2176,2.3978999997780193,0.0012999998943996616,0.00030000046535860747,0.01359999987471383,0.005199999577598646,2.4239999993369565
242,d29_u10,angry,train,29,10,always,3,1,1,0,0,0,1,1,0,ok,"{""sentences"": [""I hear you."", ""We can pause here for a moment.""], ""safety"": ""ok""}",1,2176,2.710499999921012,0.0012999998943996616,0.00030000046535860747,0.01320000046689529,0.004999999873689376,2.7356000000509084
243,d29_u11,angry,train,29,11,always,3,1,1,0,0,0,1,1,0,ok,"{""sentences"": [""I hear you."", ""We can pause here for a moment.""], ""safety"": ""ok""}",1,2176,2.8562999996211147,0.0012999998943996616,0.00019999970390927047,0.014000000192027073,0.005199999577598646,2.883200000724173
244,d29_u13,neutral,train,29,13,always,3,1,1,0,0,0,1,1,0,ok,"{""sentences"": [""I hear you."", ""We can pause here for a moment.""], ""safety"": ""ok""}",1,2176,2.8410999993866426,0.0012999998943996616,0.00030000046535860747,0.013799999578623101,0.005200000487093348,2.8677000000243424
245,d30_u0,neutral,train,30,0,always,3,1,1,0,0,0,1,1,0,ok,"{""sentences"": [""I hear you."", ""We can pause here for a moment.""], ""safety"": ""ok""}",1,2176,2.876099999411963,0.0010999992809956893,0.00020000061340397224,0.01320000046689529,0.004800000169780105,2.90099999983795
246,d30_u1,happy,train,30,1,always,3,1,1,0,0,0,1,1,0,ok,"{""sentences"": [""I hear you."", ""We can pause here for a moment.""], ""safety"": ""ok""}",1,2176,2.9342000007090974,0.0012999998943996616,0.00030000046535860747,0.013299999409355223,0.005200000487093348,2.9598000000987668
247,d30_u2,neutral,train,30,2,always,3,1,1,0,0,0,1,1,0,ok,"{""sentences"": [""I hear you."", ""We can pause here for a moment.""], ""safety"": ""ok""}",1,2176,2.574500000264379,0.0012999998943996616,0.00019999970390927047,0.01449999945180025,0.005099999725644011,2.6019999995696708
248,d30_u3,neutral,train,30,3,always,3,1,1,0,0,0,1,1,0,ok,"{""sentences"": [""I hear you."", ""We can pause here for a moment.""], ""safety"": ""ok""}",1,2176,3.299400000287278,0.0012999998943996616,0.0002999995558639057,0.013800000488117803,0.005099999725644011,3.3259000001635286
249,d30_u4,angry,train,30,4,always,3,1,1,0,0,0,1,1,0,ok,"{""sentences"": [""I hear you."", ""We can pause here for a moment.""], ""safety"": ""ok""}",1,2176,2.5089000000662054,0.0014000006558489986,0.0002999995558639057,0.013500000022759195,0.005300000339047983,2.5347999999212334
250,d30_u6,angry,train,30,6,always,3,1,1,0,0,0,1,1,0,ok,"{""sentences"": [""I hear you."", ""We can pause here for a moment.""], ""safety"": ""ok""}",1,2176,2.495299999281997,0.0012000000424450263,0.0002999995558639057,0.014299999747890979,0.005200000487093348,2.52230000023701
251,d30_u8,neutral,train,30,8,always,3,1,1,0,0,0,1,1,0,ok,"{""sentences"": [""I hear you."", ""We can pause here for a moment.""], ""safety"": ""ok""}",1,2176,2.7034000004277914,0.0015000005078036338,0.00020000061340397224,0.014000000192027073,0.005200000487093348,2.730199999859906
252,d30_u9,neutral,train,30,9,always,3,1,1,0,0,0,1,1,0,ok,"{""sentences"": [""I hear you."", ""We can pause here for a moment.""], ""safety"": ""ok""}",1,2176,2.6840000000447617,0.0012999998943996616,0.0002999995558639057,0.01359999987471383,0.0054000001910026185,2.7102000003651483
253,d30_u10,neutral,train,30,10,always,3,1,1,0,0,0,1,1,0,ok,"{""sentences"": [""I hear you."", ""We can pause here for a moment.""], ""safety"": ""ok""}",1,2176,3.191000000697386,0.0014000006558489986,0.00019999970390927047,0.013800000488117803,0.0052999994295532815,3.217600000425591
254,d30_u12,neutral,train,30,12,always,3,1,1,0,0,0,1,1,0,ok,"{""sentences"": [""I hear you."", ""We can pause here for a moment.""], ""safety"": ""ok""}",1,2176,2.662400000190246,0.0012000000424450263,0.0002999995558639057,0.030000000151630957,0.005500000042957254,2.7053999992858735
255,d30_u13,neutral,train,30,13,always,3,1,1,0,0,0,1,1,0,ok,"{""sentences"": [""I hear you."", ""We can pause here for a moment.""], ""safety"": ""ok""}",1,2176,2.686899999389425,0.0013000008038943633,0.00030000046535860747,0.014399999599845614,0.0054000001910026185,2.714600000217615
256,d30_u14,angry,train,30,14,always,3,1,1,0,0,0,1,1,0,ok,"{""sentences"": [""I hear you."", ""We can pause here for a moment.""], ""safety"": ""ok""}",1,2176,2.6342000001022825,0.0012000000424450263,0.0002999995558639057,0.013799999578623101,0.005399999281507917,2.6611000002958463
257,d31_u0,neutral,train,31,0,always,3,1,1,0,0,0,1,1,0,ok,"{""sentences"": [""I hear you."", ""We can pause here for a moment.""], ""safety"": ""ok""}",1,2176,3.2363999998779036,0.0012999998943996616,0.0002999995558639057,0.014600000213249587,0.005300000339047983,3.264100000706094
258,d31_u1,neutral,train,31,1,always,3,1,1,0,0,0,1,1,0,ok,"{""sentences"": [""I hear you."", ""We can pause here for a moment.""], ""safety"": ""ok""}",1,2176,2.5277000004280126,0.0012999998943996616,0.00019999970390927047,0.014100000043981709,0.0054000001910026185,2.554799999415991
259,d31_u2,neutral,train,31,2,always,3,1,1,0,0,0,1,1,0,ok,"{""sentences"": [""I hear you."", ""We can pause here for a moment.""], ""safety"": ""ok""}",1,2176,2.9412000003503636,0.0012000000424450263,0.00030000046535860747,0.013799999578623101,0.005300000339047983,2.9673999997612555
260,d31_u3,neutral,train,31,3,always,3,1,1,0,0,0,1,1,0,ok,"{""sentences"": [""I hear you."", ""We can pause here for a moment.""], ""safety"": ""ok""}",1,2176,2.8966999998374376,0.0012999998943996616,0.0002999995558639057,0.014100000043981709,0.005200000487093348,2.923200000623183
261,d32_u1,neutral,train,32,1,always,3,1,1,0,0,0,1,1,0,ok,"{""sentences"": [""I hear you."", ""We can pause here for a moment.""], ""safety"": ""ok""}",1,2176,2.7708999996320927,0.0012999998943996616,0.00019999970390927047,0.014299999747890979,0.0052999994295532815,2.7982999999949243
262,d32_u3,neutral,train,32,3,always,3,1,1,0,0,0,1,1,0,ok,"{""sentences"": [""I hear you."", ""We can pause here for a moment.""], ""safety"": ""ok""}",1,2176,2.6494000003367546,0.0012999998943996616,0.00019999970390927047,0.01359999987471383,0.004900000021734741,2.675200000339828
263,d32_u5,neutral,train,32,5,always,3,1,1,0,0,0,1,1,0,ok,"{""sentences"": [""I hear you."", ""We can pause here for a moment.""], ""safety"": ""ok""}",1,2176,2.545999999711057,0.0012000000424450263,0.0002999995558639057,0.013799999578623101,0.0054000001910026185,2.5722999998833984
264,d32_u8,neutral,train,32,8,always,3,1,1,0,0,0,1,1,0,ok,"{""sentences"": [""I hear you."", ""We can pause here for a moment.""], ""safety"": ""ok""}",1,2176,2.5765999998839106,0.0012999998943996616,0.00030000046535860747,0.014099999134487007,0.004999999873689376,2.6029999999082065
265,d32_u10,happy,train,32,10,always,3,1,1,0,0,0,1,1,0,ok,"{""sentences"": [""I hear you."", ""We can pause here for a moment.""], ""safety"": ""ok""}",1,2176,2.987599999869417,0.0012000000424450263,0.00030000046535860747,0.013500000022759195,0.004900000021734741,3.012900000612717
266,d32_u11,happy,train,32,11,always,3,1,1,0,0,0,1,1,0,ok,"{""sentences"": [""I hear you."", ""We can pause here for a moment.""], ""safety"": ""ok""}",1,2176,2.935299999990093,0.0012999998943996616,0.00030000046535860747,0.014500000361294951,0.005300000339047983,2.9629999999087886
267,d32_u12,angry,train,32,12,always,3,1,1,0,0,0,1,1,0,ok,"{""sentences"": [""I hear you."", ""We can pause here for a moment.""], ""safety"": ""ok""}",1,2176,3.2271999998556566,0.0012999998943996616,0.00030000046535860747,0.01340000017080456,0.004900000021734741,3.2522000001335982
268,d32_u13,angry,train,32,13,always,3,1,1,0,0,0,1,1,0,ok,"{""sentences"": [""I hear you."", ""We can pause here for a moment.""], ""safety"": ""ok""}",1,2176,2.645700000357465,0.0012000000424450263,0.00019999970390927047,0.01359999987471383,0.004999999873689376,2.671100000043225
269,d32_u14,angry,train,32,14,always,3,1,1,0,0,0,1,1,0,ok,"{""sentences"": [""I hear you."", ""We can pause here for a moment.""], ""safety"": ""ok""}",1,2176,3.1270000008589705,0.0012000000424450263,0.0002999995558639057,0.01340000017080456,0.004900000021734741,3.152100000079372
270,d32_u15,neutral,train,32,15,always,3,1,1,0,0,0,1,1,0,ok,"{""sentences"": [""I hear you."", ""We can pause here for a moment.""], ""safety"": ""ok""}",1,2176,2.3657000001549022,0.0012000000424450263,0.0002999995558639057,0.014399999599845614,0.005300000339047983,2.3929999997562845
271,d32_u16,neutral,train,32,16,always,3,1,1,0,0,0,1,1,0,ok,"{""sentences"": [""I hear you."", ""We can pause here for a moment.""], ""safety"": ""ok""}",1,2176,2.8311000005487585,0.0012999998943996616,0.00019999970390927047,0.013799999578623101,0.005300000339047983,2.8574999996635597
272,d32_u18,neutral,train,32,18,always,3,1,1,0,0,0,1,1,0,ok,"{""sentences"": [""I hear you."", ""We can pause here for a moment.""], ""safety"": ""ok""}",1,2176,3.4202999995613936,0.0012999998943996616,0.0002999995558639057,0.014399999599845614,0.005300000339047983,3.4476000000722706
273,d33_u1,happy,train,33,1,always,3,1,1,0,0,0,1,1,0,ok,"{""sentences"": [""I hear you."", ""We can pause here for a moment.""], ""safety"": ""ok""}",1,2176,2.1403999999165535,0.0013999997463542968,0.00019999970390927047,0.014000000192027073,0.005300000339047983,2.167100000406208
274,d33_u2,neutral,train,33,2,always,3,1,1,0,0,0,1,1,0,ok,"{""sentences"": [""I hear you."", ""We can pause here for a moment.""], ""safety"": ""ok""}",1,2176,3.0721999992238125,0.0013999997463542968,0.00020000061340397224,0.013800000488117803,0.005300000339047983,3.0985000003056484
275,d33_u3,neutral,train,33,3,always,3,1,1,0,0,0,1,1,0,ok,"{""sentences"": [""I hear you."", ""We can pause here for a moment.""], ""safety"": ""ok""}",1,2176,2.5197000004482106,0.0012999998943996616,0.0002999995558639057,0.014000000192027073,0.005300000339047983,2.5465999997322797
276,d33_u5,neutral,train,33,5,always,3,1,1,0,0,0,1,1,0,ok,"{""sentences"": [""I hear you."", ""We can pause here for a moment.""], ""safety"": ""ok""}",1,2176,3.0423000007431256,0.0012999998943996616,0.0002999995558639057,0.014299999747890979,0.0052999994295532815,3.069399999731104
277,d33_u6,neutral,train,33,6,always,3,1,1,0,0,0,1,1,0,ok,"{""sentences"": [""I hear you."", ""We can pause here for a moment.""], ""safety"": ""ok""}",1,2176,2.4982000004456495,0.0012999998943996616,0.0002999995558639057,0.013900000340072438,0.0054000001910026185,2.5248000001738546
278,d33_u7,neutral,train,33,7,always,3,1,1,0,0,0,1,1,0,ok,"{""sentences"": [""I hear you."", ""We can pause here for a moment.""], ""safety"": ""ok""}",1,2176,2.9584999992948724,0.0012999998943996616,0.00019999970390927047,0.014199999895936344,0.005500000042957254,2.985800000715244
279,d33_u8,happy,train,33,8,always,3,1,1,0,0,0,1,1,0,ok,"{""sentences"": [""I hear you."", ""We can pause here for a moment.""], ""safety"": ""ok""}",1,2176,2.8408999996827333,0.0012000000424450263,0.00030000046535860747,0.013899999430577736,0.005199999577598646,2.867399999558984
280,d33_u9,happy,train,33,9,always,3,1,1,0,0,0,1,1,0,ok,"{""sentences"": [""I hear you."", ""We can pause here for a moment.""], ""safety"": ""ok""}",1,2176,2.785800000310701,0.0012000000424450263,0.0002999995558639057,0.014000000192027073,0.005099999725644011,2.812199999425502
281,d33_u10,neutral,train,33,10,always,3,1,1,0,0,0,1,1,0,ok,"{""sentences"": [""I hear you."", ""We can pause here for a moment.""], ""safety"": ""ok""}",1,2176,3.0459999998129206,0.0012999998943996616,0.00019999970390927047,0.014199999895936344,0.0054000001910026185,3.0733999992662575
282,d34_u0,neutral,train,34,0,always,3,1,1,0,0,0,1,1,0,ok,"{""sentences"": [""I hear you."", ""We can pause here for a moment.""], ""safety"": ""ok""}",1,2176,2.8437999999368913,0.0012999998943996616,0.00019999970390927047,0.013899999430577736,0.0052999994295532815,2.8705000004265457
283,d34_u1,neutral,train,34,1,always,3,1,1,0,0,0,1,1,0,ok,"{""sentences"": [""I hear you."", ""We can pause here for a moment.""], ""safety"": ""ok""}",1,2176,2.53809999958321,0.0012999998943996616,0.0002999995558639057,0.013099999705445953,0.004800000169780105,2.564300000813091
284,d34_u2,neutral,train,34,2,always,3,1,1,0,0,0,1,1,0,ok,"{""sentences"": [""I hear you."", ""We can pause here for a moment.""], ""safety"": ""ok""}",1,2176,2.868999999918742,0.0013999997463542968,0.0002999995558639057,0.014199999895936344,0.005300000339047983,2.896099999816215
285,d34_u3,happy,train,34,3,always,3,1,1,0,0,0,1,1,0,ok,"{""sentences"": [""I hear you."", ""We can pause here for a moment.""], ""safety"": ""ok""}",1,2176,2.7536999996300437,0.0012000000424450263,0.00019999970390927047,0.013699999726668466,0.005200000487093348,2.779700000246521
286,d34_u4,neutral,train,34,4,always,3,1,1,0,0,0,1,1,0,ok,"{""sentences"": [""I hear you."", ""We can pause here for a moment.""], ""safety"": ""ok""}",1,2176,3.147499999613501,0.0012000000424450263,0.0002999995558639057,0.013800000488117803,0.005200000487093348,3.173800000695337
287,d34_u5,neutral,train,34,5,always,3,1,1,0,0,0,1,1,0,ok,"{""sentences"": [""I hear you."", ""We can pause here for a moment.""], ""safety"": ""ok""}",1,2176,2.889299999878858,0.0012999998943996616,0.0002999995558639057,0.013700000636163168,0.005500000042957254,2.915699999903154
288,d34_u6,neutral,train,34,6,always,3,1,1,0,0,0,1,1,0,ok,"{""sentences"": [""I hear you."", ""We can pause here for a moment.""], ""safety"": ""ok""}",1,2176,2.7215000000069267,0.0012999998943996616,0.00019999970390927047,0.01359999987471383,0.005300000339047983,2.747800000179268
289,d34_u7,neutral,train,34,7,always,3,1,1,0,0,0,1,1,0,ok,"{""sentences"": [""I hear you."", ""We can pause here for a moment.""], ""safety"": ""ok""}",1,2176,2.4653999998918152,0.0013999997463542968,0.0002999995558639057,0.014600000213249587,0.005199999577598646,2.4931000007200055
290,d34_u8,neutral,train,34,8,always,3,1,1,0,0,0,1,1,0,ok,"{""sentences"": [""I hear you."", ""We can pause here for a moment.""], ""safety"": ""ok""}",1,2176,3.0044999994061072,0.0012000000424450263,0.00019999970390927047,0.013399999261309858,0.005099999725644011,3.0298000001494074
291,d34_u10,neutral,train,34,10,always,3,1,1,0,0,0,1,1,0,ok,"{""sentences"": [""I hear you."", ""We can pause here for a moment.""], ""safety"": ""ok""}",1,2176,2.724899999520858,0.001100000190490391,0.00030000046535860747,0.013700000636163168,0.0054000001910026185,2.7512000006026938
292,d34_u11,neutral,train,34,11,always,3,1,1,0,0,0,1,1,0,ok,"{""sentences"": [""I hear you."", ""We can pause here for a moment.""], ""safety"": ""ok""}",1,2176,2.41100000039296,0.0012000000424450263,0.00030000046535860747,0.013500000022759195,0.005099999725644011,2.436199999465316
293,d34_u12,neutral,train,34,12,always,3,1,1,0,0,0,1,1,0,ok,"{""sentences"": [""I hear you."", ""We can pause here for a moment.""], ""safety"": ""ok""}",1,2176,2.935000000434229,0.0012999998943996616,0.00019999970390927047,0.013500000022759195,0.005199999577598646,2.961000000141212
294,d35_u1,happy,train,35,1,always,3,1,1,0,0,0,1,1,0,ok,"{""sentences"": [""I hear you."", ""We can pause here for a moment.""], ""safety"": ""ok""}",1,2176,2.99899999936315,0.0012000000424450263,0.00030000046535860747,0.014000000192027073,0.005099999725644011,3.0254000002969406
295,d35_u2,happy,train,35,2,always,3,1,1,0,0,0,1,1,0,ok,"{""sentences"": [""I hear you."", ""We can pause here for a moment.""], ""safety"": ""ok""}",1,2176,3.019000000676897,0.0012000000424450263,0.00030000046535860747,0.01359999987471383,0.005300000339047983,3.0442999996012077
296,d35_u3,happy,train,35,3,always,3,1,1,0,0,0,1,1,0,ok,"{""sentences"": [""I hear you."", ""We can pause here for a moment.""], ""safety"": ""ok""}",1,2176,2.179000000069209,0.0013000008038943633,0.0002999995558639057,0.014199999895936344,0.0054000001910026185,2.2059999992052326
297,d35_u4,happy,train,35,4,always,3,1,1,0,0,0,1,1,0,ok,"{""sentences"": [""I hear you."", ""We can pause here for a moment.""], ""safety"": ""ok""}",1,2176,3.072999999858439,0.0014000006558489986,0.0002999995558639057,0.014100000043981709,0.005300000339047983,3.1001999996078666
298,d35_u5,happy,train,35,5,always,3,1,1,0,0,0,1,1,0,ok,"{""sentences"": [""I hear you."", ""We can pause here for a moment.""], ""safety"": ""ok""}",1,2176,2.9041999996479717,0.0017000002117129043,0.0002999995558639057,0.018400000044493936,0.0070000005507608876,2.9392999995252467
299,d36_u0,neutral,train,36,0,always,3,1,1,0,0,0,1,1,0,ok,"{""sentences"": [""I hear you."", ""We can pause here for a moment.""], ""safety"": ""ok""}",1,2176,2.3690999996688333,0.0010999992809956893,0.0002999995558639057,0.01340000017080456,0.005199999577598646,2.3948000007294468
300,d36_u1,neutral,train,36,1,always,3,1,1,0,0,0,1,1,0,ok,"{""sentences"": [""I hear you."", ""We can pause here for a moment.""], ""safety"": ""ok""}",1,2176,3.3564000004844274,0.0012000000424450263,0.0002999995558639057,0.014000000192027073,0.005199999577598646,3.3830000002126326
301,d36_u2,neutral,train,36,2,always,3,1,1,0,0,0,1,1,0,ok,"{""sentences"": [""I hear you."", ""We can pause here for a moment.""], ""safety"": ""ok""}",1,2176,2.5618999998187064,0.0015000005078036338,0.0002999995558639057,0.014100000043981709,0.005200000487093348,2.5884000006044516
302,d36_u3,neutral,train,36,3,always,3,1,1,0,0,0,1,1,0,ok,"{""sentences"": [""I hear you."", ""We can pause here for a moment.""], ""safety"": ""ok""}",1,2176,3.2646999998178217,0.0012999998943996616,0.00019999970390927047,0.014000000192027073,0.0054000001910026185,3.291500000159431
303,d36_u4,sad,train,36,4,always,3,1,1,0,0,0,1,1,0,ok,"{""sentences"": [""I hear you."", ""We can pause here for a moment.""], ""safety"": ""ok""}",1,2176,2.3881999995865044,0.0012000000424450263,0.00019999970390927047,0.013199999557400588,0.005200000487093348,2.4136000001817592
304,d36_u5,sad,train,36,5,always,3,1,1,0,0,0,1,1,0,ok,"{""sentences"": [""I hear you."", ""We can pause here for a moment.""], ""safety"": ""ok""}",1,2176,3.108500000053027,0.0012999998943996616,0.0002999995558639057,0.01359999987471383,0.005200000487093348,3.134900000077323
305,d37_u0,neutral,train,37,0,always,3,1,1,0,0,0,1,1,0,ok,"{""sentences"": [""I hear you."", ""We can pause here for a moment.""], ""safety"": ""ok""}",1,2176,2.53439999960392,0.0012999998943996616,0.00019999970390927047,0.014299999747890979,0.005500000042957254,2.561799999966752
306,d37_u1,happy,train,37,1,always,3,1,1,0,0,0,1,1,0,ok,"{""sentences"": [""I hear you."", ""We can pause here for a moment.""], ""safety"": ""ok""}",1,2176,3.3111000002463697,0.0012999998943996616,0.00019999970390927047,0.01359999987471383,0.0054000001910026185,3.3372999996572617
307,d37_u2,happy,train,37,2,always,3,1,1,0,0,0,1,1,0,ok,"{""sentences"": [""I hear you."", ""We can pause here for a moment.""], ""safety"": ""ok""}",1,2176,2.5253999992855825,0.0012000000424450263,0.0002999995558639057,0.013999999282532372,0.0052999994295532815,2.5521000006847316
308,d38_u0,angry,train,38,0,always,3,1,1,0,0,0,1,1,0,ok,"{""sentences"": [""I hear you."", ""We can pause here for a moment.""], ""safety"": ""ok""}",1,2176,2.7418999998189975,0.0013999997463542968,0.00019999970390927047,0.014299999747890979,0.005399999281507917,2.785000000585569
309,d38_u1,neutral,train,38,1,always,3,1,1,0,0,0,1,1,0,ok,"{""sentences"": [""I hear you."", ""We can pause here for a moment.""], ""safety"": ""ok""}",1,2176,2.9896000005464884,0.0012000000424450263,0.00020000061340397224,0.01340000017080456,0.005200000487093348,3.0152999997881125
310,d38_u2,happy,train,38,2,always,3,1,1,0,0,0,1,1,0,ok,"{""sentences"": [""I hear you."", ""We can pause here for a moment.""], ""safety"": ""ok""}",1,2176,2.9404999995676917,0.0012999998943996616,0.00019999970390927047,0.013700000636163168,0.005199999577598646,2.9668000006495276
311,d38_u3,neutral,train,38,3,always,3,1,1,0,0,0,1,1,0,ok,"{""sentences"": [""I hear you."", ""We can pause here for a moment.""], ""safety"": ""ok""}",1,2176,2.454100000250037,0.0012000000424450263,0.00030000046535860747,0.014000000192027073,0.005200000487093348,2.480699999978242
312,d38_u5,neutral,train,38,5,always,3,1,1,0,0,0,1,1,0,ok,"{""sentences"": [""I hear you."", ""We can pause here for a moment.""], ""safety"": ""ok""}",1,2176,2.589800000350806,0.0012000000424450263,0.0002999995558639057,0.01449999945180025,0.005199999577598646,2.6175000002695015
313,d38_u6,angry,train,38,6,always,3,1,1,0,0,0,1,1,0,ok,"{""sentences"": [""I hear you."", ""We can pause here for a moment.""], ""safety"": ""ok""}",1,2176,3.1524999994871905,0.0012000000424450263,0.00019999970390927047,0.013799999578623101,0.005199999577598646,3.1785999999556225
314,d39_u0,angry,train,39,0,always,3,1,1,0,0,0,1,1,0,ok,"{""sentences"": [""I hear you."", ""We can pause here for a moment.""], ""safety"": ""ok""}",1,2176,3.243099999963306,0.0012999998943996616,0.00019999970390927047,0.013999999282532372,0.005300000339047983,3.2695999998395564
315,d39_u1,angry,train,39,1,always,3,1,1,0,0,0,1,1,0,ok,"{""sentences"": [""I hear you."", ""We can pause here for a moment.""], ""safety"": ""ok""}",1,2176,2.4544999996578554,0.0012999998943996616,0.00030000046535860747,0.014000000192027073,0.005300000339047983,2.4812999999994645
316,d39_u3,angry,train,39,3,always,3,1,1,0,0,0,1,1,0,ok,"{""sentences"": [""I hear you."", ""We can pause here for a moment.""], ""safety"": ""ok""}",1,2176,2.9105000003255554,0.0012000000424450263,0.00030000046535860747,0.014000000192027073,0.005099999725644011,2.9366999997364474
317,d39_u4,angry,train,39,4,always,3,1,1,0,0,0,1,1,0,ok,"{""sentences"": [""I hear you."", ""We can pause here for a moment.""], ""safety"": ""ok""}",1,2176,2.4447000005238806,0.0013999997463542968,0.0002999995558639057,0.01359999987471383,0.005200000487093348,2.470999999786727
318,d39_u5,angry,train,39,5,always,3,1,1,0,0,0,1,1,0,ok,"{""sentences"": [""I hear you."", ""We can pause here for a moment.""], ""safety"": ""ok""}",1,2176,3.5432999993645353,0.0012999998943996616,0.00019999970390927047,0.013899999430577736,0.0052999994295532815,3.5700000007636845
319,d39_u6,angry,train,39,6,always,3,1,1,0,0,0,1,1,0,ok,"{""sentences"": [""I hear you."", ""We can pause here for a moment.""], ""safety"": ""ok""}",1,2176,2.538700000513927,0.0012999998943996616,0.00030000046535860747,0.013999999282532372,0.0052999994295532815,2.565199999480683
320,d39_u7,happy,train,39,7,always,3,1,1,0,0,0,1,1,0,ok,"{""sentences"": [""I hear you."", ""We can pause here for a moment.""], ""safety"": ""ok""}",1,2176,2.8387000002112472,0.0013999997463542968,0.00019999970390927047,0.013900000340072438,0.005199999577598646,2.8652000000874978
321,d39_u8,neutral,train,39,8,always,3,1,1,0,0,0,1,1,0,ok,"{""sentences"": [""I hear you."", ""We can pause here for a moment.""], ""safety"": ""ok""}",1,2176,2.7462999996714643,0.0012000000424450263,0.00030000046535860747,0.01359999987471383,0.004900000021734741,2.771999999822583
322,d39_u9,neutral,train,39,9,always,3,1,1,0,0,0,1,1,0,ok,"{""sentences"": [""I hear you."", ""We can pause here for a moment.""], ""safety"": ""ok""}",1,2176,2.7793999997811625,0.0012000000424450263,0.0002999995558639057,0.014199999895936344,0.005599999894911889,2.806800000143994
323,d39_u11,neutral,train,39,11,always,3,1,1,0,0,0,1,1,0,ok,"{""sentences"": [""I hear you."", ""We can pause here for a moment.""], ""safety"": ""ok""}",1,2176,3.7621999999828404,0.0012000000424450263,0.0002999995558639057,0.01359999987471383,0.005200000487093348,3.7880999998378684
324,d39_u12,neutral,train,39,12,always,3,1,1,0,0,0,1,1,0,ok,"{""sentences"": [""I hear you."", ""We can pause here for a moment.""], ""safety"": ""ok""}",1,2176,2.5720999992699944,0.0012999998943996616,0.0002999995558639057,0.013900000340072438,0.005200000487093348,2.5989000005210983
325,d39_u13,neutral,train,39,13,always,3,1,1,0,0,0,1,1,0,ok,"{""sentences"": [""I hear you."", ""We can pause here for a moment.""], ""safety"": ""ok""}",1,2176,2.57439999950293,0.0012000000424450263,0.00019999970390927047,0.013300000318849925,0.005099999725644011,2.599999999802094
326,d39_u14,neutral,train,39,14,always,3,1,1,0,0,0,1,1,0,ok,"{""sentences"": [""I hear you."", ""We can pause here for a moment.""], ""safety"": ""ok""}",1,2176,2.995599999849219,0.0012999998943996616,0.0002999995558639057,0.014000000192027073,0.005199999577598646,3.022100000634964
327,d39_u15,angry,train,39,15,always,3,1,1,0,0,0,1,1,0,ok,"{""sentences"": [""I hear you."", ""We can pause here for a moment.""], ""safety"": ""ok""}",1,2176,2.51380000008794,0.0012999998943996616,0.00020000061340397224,0.014200000805431046,0.0052999994295532815,2.540699999372009
328,d39_u16,angry,train,39,16,always,3,1,1,0,0,0,1,1,0,ok,"{""sentences"": [""I hear you."", ""We can pause here for a moment.""], ""safety"": ""ok""}",1,2176,2.9641999999512336,0.0012000000424450263,0.0002999995558639057,0.014100000043981709,0.005200000487093348,2.9910000002928427
329,d39_u17,angry,train,39,17,always,3,1,1,0,0,0,1,1,0,ok,"{""sentences"": [""I hear you."", ""We can pause here for a moment.""], ""safety"": ""ok""}",1,2176,2.784600000268256,0.0013000008038943633,0.00019999970390927047,0.014000000192027073,0.005199999577598646,2.811199999996461
330,d39_u18,angry,train,39,18,always,3,1,1,0,0,0,1,1,0,ok,"{""sentences"": [""I hear you."", ""We can pause here for a moment.""], ""safety"": ""ok""}",1,2176,2.6499999994484824,0.0012000000424450263,0.00020000061340397224,0.014100000043981709,0.005199999577598646,2.6766000000861823
331,d40_u0,angry,train,40,0,always,3,1,1,0,0,0,1,1,0,ok,"{""sentences"": [""I hear you."", ""We can pause here for a moment.""], ""safety"": ""ok""}",1,2176,2.419700000245939,0.0012999998943996616,0.0002999995558639057,0.013799999578623101,0.005300000339047983,2.4459999995087855
332,d40_u1,angry,train,40,1,always,3,1,1,0,0,0,1,1,0,ok,"{""sentences"": [""I hear you."", ""We can pause here for a moment.""], ""safety"": ""ok""}",1,2176,2.8277999999772874,0.0012999998943996616,0.00030000046535860747,0.013500000022759195,0.005099999725644011,2.8531999996630475
333,d40_u2,neutral,train,40,2,always,3,1,1,0,0,0,1,1,0,ok,"{""sentences"": [""I hear you."", ""We can pause here for a moment.""], ""safety"": ""ok""}",1,2176,3.3511000001453795,0.0012000000424450263,0.00030000046535860747,0.013800000488117803,0.005099999725644011,3.377099999852362
334,d40_u3,neutral,train,40,3,always,3,1,1,0,0,0,1,1,0,ok,"{""sentences"": [""I hear you."", ""We can pause here for a moment.""], ""safety"": ""ok""}",1,2176,3.141200000754907,0.0012000000424450263,0.0002999995558639057,0.01340000017080456,0.004900000021734741,3.1662999999753083
335,d40_u4,neutral,train,40,4,always,3,1,1,0,0,0,1,1,0,ok,"{""sentences"": [""I hear you."", ""We can pause here for a moment.""], ""safety"": ""ok""}",1,2176,2.60210000033112,0.0013000008038943633,0.0002999995558639057,0.014500000361294951,0.0054000001910026185,2.629700000397861
336,d40_u5,neutral,train,40,5,always,3,1,1,0,0,0,1,1,0,ok,"{""sentences"": [""I hear you."", ""We can pause here for a moment.""], ""safety"": ""ok""}",1,2176,2.6643999999578227,0.0012000000424450263,0.00030000046535860747,0.013800000488117803,0.005100000635138713,2.690700000130164
337,d40_u6,happy,train,40,6,always,3,1,1,0,0,0,1,1,0,ok,"{""sentences"": [""I hear you."", ""We can pause here for a moment.""], ""safety"": ""ok""}",1,2176,3.0184999995981343,0.0012999998943996616,0.00030000046535860747,0.014100000043981709,0.022400000489142258,3.062099999624479
338,d40_u7,neutral,train,40,7,always,3,1,1,0,0,0,1,1,0,ok,"{""sentences"": [""I hear you."", ""We can pause here for a moment.""], ""safety"": ""ok""}",1,2176,2.5844000001598033,0.0013999997463542968,0.00020000061340397224,0.013900000340072438,0.005300000339047983,2.610800000184099
339,d40_u10,neutral,train,40,10,always,3,1,1,0,0,0,1,1,0,ok,"{""sentences"": [""I hear you."", ""We can pause here for a moment.""], ""safety"": ""ok""}",1,2176,2.7235000006839982,0.0012999998943996616,0.00020000061340397224,0.014299999747890979,0.005500000042957254,2.751199999693199
340,d40_u12,happy,train,40,12,always,3,1,1,0,0,0,1,1,0,ok,"{""sentences"": [""I hear you."", ""We can pause here for a moment.""], ""safety"": ""ok""}",1,2176,2.8087000000596163,0.0012000000424450263,0.0002999995558639057,0.013899999430577736,0.005199999577598646,2.834999999322463
341,d40_u13,sad,train,40,13,always,3,1,1,0,0,0,1,1,0,ok,"{""sentences"": [""I hear you."", ""We can pause here for a moment.""], ""safety"": ""ok""}",1,2176,2.854999999726715,0.0013999997463542968,0.00020000061340397224,0.013800000488117803,0.005300000339047983,2.8812999998990563
342,d40_u14,sad,train,40,14,always,3,1,1,0,0,0,1,1,0,ok,"{""sentences"": [""I hear you."", ""We can pause here for a moment.""], ""safety"": ""ok""}",1,2176,2.588399999694957,0.0012999998943996616,0.00020000061340397224,0.014399999599845614,0.005300000339047983,2.6158000000577886
343,d41_u0,sad,train,41,0,always,3,1,1,0,0,0,1,1,0,ok,"{""sentences"": [""I hear you."", ""We can pause here for a moment.""], ""safety"": ""ok""}",1,2176,3.1249999992724042,0.0012000000424450263,0.00030000046535860747,0.014200000805431046,0.0052999994295532815,3.151800000523508
344,d41_u2,neutral,train,41,2,always,3,1,1,0,0,0,1,1,0,ok,"{""sentences"": [""I hear you."", ""We can pause here for a moment.""], ""safety"": ""ok""}",1,2176,2.9216000002634246,0.0012999998943996616,0.00030000046535860747,0.013999999282532372,0.005200000487093348,2.9484999995474936
345,d41_u3,neutral,train,41,3,always,3,1,1,0,0,0,1,1,0,ok,"{""sentences"": [""I hear you."", ""We can pause here for a moment.""], ""safety"": ""ok""}",1,2176,3.083800000240444,0.0010999992809956893,0.00019999970390927047,0.013899999430577736,0.004799999260285404,3.109700000095472
346,d41_u4,neutral,train,41,4,always,3,1,1,0,0,0,1,1,0,ok,"{""sentences"": [""I hear you."", ""We can pause here for a moment.""], ""safety"": ""ok""}",1,2176,2.805600000101549,0.0014000006558489986,0.00030000046535860747,0.014199999895936344,0.005500000042957254,2.8330000004643807
347,d41_u6,neutral,train,41,6,always,3,1,1,0,0,0,1,1,0,ok,"{""sentences"": [""I hear you."", ""We can pause here for a moment.""], ""safety"": ""ok""}",1,2176,2.9513999998016516,0.0012999998943996616,0.00019999970390927047,0.014000000192027073,0.0054000001910026185,2.9782000001432607
348,d41_u7,neutral,train,41,7,always,3,1,1,0,0,0,1,1,0,ok,"{""sentences"": [""I hear you."", ""We can pause here for a moment.""], ""safety"": ""ok""}",1,2176,2.5836000004346715,0.0012000000424450263,0.00030000046535860747,0.014000000192027073,0.005300000339047983,2.6103000000148313
349,d41_u8,neutral,train,41,8,always,3,1,1,0,0,0,1,1,0,ok,"{""sentences"": [""I hear you."", ""We can pause here for a moment.""], ""safety"": ""ok""}",1,2176,3.1053000002430053,0.0012999998943996616,0.00019999970390927047,0.01359999987471383,0.004999999873689376,3.13079999978072
350,d41_u9,neutral,train,41,9,always,3,1,1,0,0,0,1,1,0,ok,"{""sentences"": [""I hear you."", ""We can pause here for a moment.""], ""safety"": ""ok""}",1,2176,2.5809999997363775,0.0014000006558489986,0.00019999970390927047,0.013699999726668466,0.005300000339047983,2.6071000002048095
351,d41_u10,neutral,train,41,10,always,3,1,1,0,0,0,1,1,0,ok,"{""sentences"": [""I hear you."", ""We can pause here for a moment.""], ""safety"": ""ok""}",1,2176,3.090199999860488,0.0012000000424450263,0.00019999970390927047,0.013699999726668466,0.005100000635138713,3.116200000476965
352,d41_u11,neutral,train,41,11,always,3,1,1,0,0,0,1,1,0,ok,"{""sentences"": [""I hear you."", ""We can pause here for a moment.""], ""safety"": ""ok""}",1,2176,2.3845000005167094,0.0012000000424450263,0.00030000046535860747,0.01359999987471383,0.004800000169780105,2.410299999610288
353,d41_u13,neutral,train,41,13,always,3,1,1,0,0,0,1,1,0,ok,"{""sentences"": [""I hear you."", ""We can pause here for a moment.""], ""safety"": ""ok""}",1,2176,2.7203999998164363,0.0013999997463542968,0.0002999995558639057,0.013799999578623101,0.004999999873689376,2.746899999692687
354,d42_u0,neutral,train,42,0,always,3,1,1,0,0,0,1,1,0,ok,"{""sentences"": [""I hear you."", ""We can pause here for a moment.""], ""safety"": ""ok""}",1,2176,3.2086000001072534,0.0013999997463542968,0.0002999995558639057,0.014399999599845614,0.005599999894911889,3.2362000001739943
355,d43_u0,neutral,train,43,0,always,3,1,1,0,0,0,1,1,0,ok,"{""sentences"": [""I hear you."", ""We can pause here for a moment.""], ""safety"": ""ok""}",1,2176,2.4972000001071137,0.0012000000424450263,0.0002999995558639057,0.01359999987471383,0.005100000635138713,2.523000000110187
356,d43_u1,neutral,train,43,1,always,3,1,1,0,0,0,1,1,0,ok,"{""sentences"": [""I hear you."", ""We can pause here for a moment.""], ""safety"": ""ok""}",1,2176,3.3206999996764353,0.0012999998943996616,0.0002999995558639057,0.014299999747890979,0.005200000487093348,3.3475000000180444
357,d43_u2,neutral,train,43,2,always,3,1,1,0,0,0,1,1,0,ok,"{""sentences"": [""I hear you."", ""We can pause here for a moment.""], ""safety"": ""ok""}",1,2176,2.339399999982561,0.0012000000424450263,0.00019999970390927047,0.014100000043981709,0.005199999577598646,2.366000000620261
358,d43_u3,neutral,train,43,3,always,3,1,1,0,0,0,1,1,0,ok,"{""sentences"": [""I hear you."", ""We can pause here for a moment.""], ""safety"": ""ok""}",1,2176,3.0249999999796273,0.0012999998943996616,0.00019999970390927047,0.014700000065204222,0.0052999994295532815,3.0525000001944136
359,d43_u4,neutral,train,43,4,always,3,1,1,0,0,0,1,1,0,ok,"{""sentences"": [""I hear you."", ""We can pause here for a moment.""], ""safety"": ""ok""}",1,2176,2.6303000004190835,0.0012000000424450263,0.00019999970390927047,0.014100000043981709,0.005199999577598646,2.6566999995338847
360,d43_u5,neutral,train,43,5,always,3,1,1,0,0,0,1,1,0,ok,"{""sentences"": [""I hear you."", ""We can pause here for a moment.""], ""safety"": ""ok""}",1,2176,2.938700000413519,0.0013999997463542968,0.0002999995558639057,0.013799999578623101,0.005300000339047983,2.965599999697588
361,d43_u6,neutral,train,43,6,always,3,1,1,0,0,0,1,1,0,ok,"{""sentences"": [""I hear you."", ""We can pause here for a moment.""], ""safety"": ""ok""}",1,2176,2.8376999998727115,0.0012999998943996616,0.00019999970390927047,0.014100000043981709,0.005300000339047983,2.8645000002143206
362,d44_u0,neutral,train,44,0,always,3,1,1,0,0,0,1,1,0,ok,"{""sentences"": [""I hear you."", ""We can pause here for a moment.""], ""safety"": ""ok""}",1,2176,2.5238000007448136,0.0012000000424450263,0.00019999970390927047,0.012900000001536682,0.004900000021734741,2.548200000092038
363,d44_u2,neutral,train,44,2,always,3,1,1,0,0,0,1,1,0,ok,"{""sentences"": [""I hear you."", ""We can pause here for a moment.""], ""safety"": ""ok""}",1,2176,3.057500000068103,0.0012000000424450263,0.00020000061340397224,0.014500000361294951,0.005300000339047983,3.0846999998175306
364,d45_u0,sad,train,45,0,always,3,1,1,0,0,0,1,1,0,ok,"{""sentences"": [""I hear you."", ""We can pause here for a moment.""], ""safety"": ""ok""}",1,2176,3.0926999997973326,0.0012999998943996616,0.00030000046535860747,0.014399999599845614,0.005200000487093348,3.1200000003082096
365,d45_u2,neutral,train,45,2,always,3,1,1,0,0,0,1,1,0,ok,"{""sentences"": [""I hear you."", ""We can pause here for a moment.""], ""safety"": ""ok""}",1,2176,2.7213000003030174,0.0012000000424450263,0.0002999995558639057,0.014100000043981709,0.005200000487093348,2.748099999735132
366,d45_u3,angry,train,45,3,always,3,1,1,0,0,0,1,1,0,ok,"{""sentences"": [""I hear you."", ""We can pause here for a moment.""], ""safety"": ""ok""}",1,2176,2.8350000002319575,0.0013000008038943633,0.0002999995558639057,0.01359999987471383,0.004900000021734741,2.8606999994735816
367,d45_u4,neutral,train,45,4,always,3,1,1,0,0,0,1,1,0,ok,"{""sentences"": [""I hear you."", ""We can pause here for a moment.""], ""safety"": ""ok""}",1,2176,2.582500000244181,0.0012999998943996616,0.00020000061340397224,0.014199999895936344,0.005199999577598646,2.60939999952825
368,d46_u0,happy,train,46,0,always,3,1,1,0,0,0,1,1,0,ok,"{""sentences"": [""I hear you."", ""We can pause here for a moment.""], ""safety"": ""ok""}",1,2176,2.53439999960392,0.0012999998943996616,0.0002999995558639057,0.014000000192027073,0.004999999873689376,2.5608000005377107
369,d46_u2,angry,train,46,2,always,3,1,1,0,0,0,1,1,0,ok,"{""sentences"": [""I hear you."", ""We can pause here for a moment.""], ""safety"": ""ok""}",1,2176,3.0370000004040776,0.0012000000424450263,0.0002999995558639057,0.014100000043981709,0.005200000487093348,3.0636999999842374
370,d46_u4,neutral,train,46,4,always,3,1,1,0,0,0,1,1,0,ok,"{""sentences"": [""I hear you."", ""We can pause here for a moment.""], ""safety"": ""ok""}",1,2176,3.0576999997720122,0.0013999997463542968,0.00030000046535860747,0.013899999430577736,0.005200000487093348,3.0844000002616667
371,d46_u5,neutral,train,46,5,always,3,1,1,0,0,0,1,1,0,ok,"{""sentences"": [""I hear you."", ""We can pause here for a moment.""], ""safety"": ""ok""}",1,2176,2.860799999325536,0.0018000000636675395,0.00020000061340397224,0.01359999987471383,0.005200000487093348,2.88760000057664
372,d46_u6,angry,train,46,6,always,3,1,1,0,0,0,1,1,0,ok,"{""sentences"": [""I hear you."", ""We can pause here for a moment.""], ""safety"": ""ok""}",1,2176,2.646199999617238,0.0012999998943996616,0.00030000046535860747,0.013999999282532372,0.0052999994295532815,2.672799999345443
373,d46_u8,happy,train,46,8,always,3,1,1,0,0,0,1,1,0,ok,"{""sentences"": [""I hear you."", ""We can pause here for a moment.""], ""safety"": ""ok""}",1,2176,3.183300000273448,0.0012000000424450263,0.00030000046535860747,0.014399999599845614,0.005099999725644011,3.210400000170921
374,d46_u9,happy,train,46,9,always,3,1,1,0,0,0,1,1,0,ok,"{""sentences"": [""I hear you."", ""We can pause here for a moment.""], ""safety"": ""ok""}",1,2176,2.8770999997504987,0.0012000000424450263,0.00020000061340397224,0.013100000614940654,0.004999999873689376,2.9021000000284403
375,d46_u10,neutral,train,46,10,always,3,1,1,0,0,0,1,1,0,ok,"{""sentences"": [""I hear you."", ""We can pause here for a moment.""], ""safety"": ""ok""}",1,2176,2.999499999532418,0.0014000006558489986,0.00019999970390927047,0.014399999599845614,0.0052999994295532815,3.026800000043295
376,d46_u12,happy,train,46,12,always,3,1,1,0,0,0,1,1,0,ok,"{""sentences"": [""I hear you."", ""We can pause here for a moment.""], ""safety"": ""ok""}",1,2176,2.6072999999087187,0.0013000008038943633,0.00030000046535860747,0.01359999987471383,0.005199999577598646,2.63360000008106
377,d46_u14,happy,train,46,14,always,3,1,1,0,0,0,1,1,0,ok,"{""sentences"": [""I hear you."", ""We can pause here for a moment.""], ""safety"": ""ok""}",1,2176,2.623200000016368,0.0012999998943996616,0.00030000046535860747,0.014399999599845614,0.005200000487093348,2.6504999996177503
378,d47_u0,neutral,train,47,0,always,3,1,1,0,0,0,1,1,0,ok,"{""sentences"": [""I hear you."", ""We can pause here for a moment.""], ""safety"": ""ok""}",1,2176,2.998400000251422,0.0012999998943996616,0.00030000046535860747,0.013900000340072438,0.005200000487093348,3.0249000001276727
379,d47_u1,neutral,train,47,1,always,3,1,1,0,0,0,1,1,0,ok,"{""sentences"": [""I hear you."", ""We can pause here for a moment.""], ""safety"": ""ok""}",1,2176,3.286099999968428,0.0013999997463542968,0.0002999995558639057,0.014600000213249587,0.005200000487093348,3.313700000035169
380,d47_u2,neutral,train,47,2,always,3,1,1,0,0,0,1,1,0,ok,"{""sentences"": [""I hear you."", ""We can pause here for a moment.""], ""safety"": ""ok""}",1,2176,2.3959000000104425,0.001100000190490391,0.00030000046535860747,0.013399999261309858,0.004799999260285404,2.4210999999922933
381,d47_u3,neutral,train,47,3,always,3,1,1,0,0,0,1,1,0,ok,"{""sentences"": [""I hear you."", ""We can pause here for a moment.""], ""safety"": ""ok""}",1,2176,3.0965000005380716,0.0012999998943996616,0.0002999995558639057,0.014400000509340316,0.0054000001910026185,3.1238999999914085
382,d47_u4,neutral,train,47,4,always,3,1,1,0,0,0,1,1,0,ok,"{""sentences"": [""I hear you."", ""We can pause here for a moment.""], ""safety"": ""ok""}",1,2176,2.5701000004119123,0.0012000000424450263,0.0002999995558639057,0.014000000192027073,0.005099999725644011,2.5964999995267135
383,d47_u5,neutral,train,47,5,always,3,1,1,0,0,0,1,1,0,ok,"{""sentences"": [""I hear you."", ""We can pause here for a moment.""], ""safety"": ""ok""}",1,2176,3.3029000005626585,0.0012000000424450263,0.00030000046535860747,0.029599999834317714,0.005300000339047983,3.3450000000811997
384,d47_u6,neutral,train,47,6,always,3,1,1,0,0,0,1,1,0,ok,"{""sentences"": [""I hear you."", ""We can pause here for a moment.""], ""safety"": ""ok""}",1,2176,2.543399999922258,0.0012000000424450263,0.00020000061340397224,0.01340000017080456,0.004999999873689376,2.5686999997560633
385,d47_u7,happy,train,47,7,always,3,1,1,0,0,0,1,1,0,ok,"{""sentences"": [""I hear you."", ""We can pause here for a moment.""], ""safety"": ""ok""}",1,2176,2.993400000377733,0.0012999998943996616,0.00030000046535860747,0.01430000065738568,0.0052999994295532815,3.0206000001271605
386,d47_u8,neutral,train,47,8,always,3,1,1,0,0,0,1,1,0,ok,"{""sentences"": [""I hear you."", ""We can pause here for a moment.""], ""safety"": ""ok""}",1,2176,3.1659999995099497,0.0012999998943996616,0.0002999995558639057,0.013900000340072438,0.0052999994295532815,3.1923000005917856
387,d47_u9,neutral,train,47,9,always,3,1,1,0,0,0,1,1,0,ok,"{""sentences"": [""I hear you."", ""We can pause here for a moment.""], ""safety"": ""ok""}",1,2176,2.1996999994371436,0.0012000000424450263,0.00030000046535860747,0.013999999282532372,0.005199999577598646,2.226399999926798
388,d47_u12,neutral,train,47,12,always,3,1,1,0,0,0,1,1,0,ok,"{""sentences"": [""I hear you."", ""We can pause here for a moment.""], ""safety"": ""ok""}",1,2176,3.2828000003064517,0.0012999998943996616,0.00020000061340397224,0.014100000043981709,0.0052999994295532815,3.30980000035197
389,d47_u14,neutral,train,47,14,always,3,1,1,0,0,0,1,1,0,ok,"{""sentences"": [""I hear you."", ""We can pause here for a moment.""], ""safety"": ""ok""}",1,2176,2.7880999996341416,0.0012000000424450263,0.00019999970390927047,0.013699999726668466,0.005200000487093348,2.8142000001025735
390,d47_u15,happy,train,47,15,always,3,1,1,0,0,0,1,1,0,ok,"{""sentences"": [""I hear you."", ""We can pause here for a moment.""], ""safety"": ""ok""}",1,2176,2.6387000007161987,0.0012000000424450263,0.00030000046535860747,0.014200000805431046,0.0052999994295532815,2.6659000004656264
391,d47_u16,happy,train,47,16,always,3,1,1,0,0,0,1,1,0,ok,"{""sentences"": [""I hear you."", ""We can pause here for a moment.""], ""safety"": ""ok""}",1,2176,2.607000000352855,0.0012999998943996616,0.0002999995558639057,0.013700000636163168,0.004999999873689376,2.633399999467656
392,d47_u17,neutral,train,47,17,always,3,1,1,0,0,0,1,1,0,ok,"{""sentences"": [""I hear you."", ""We can pause here for a moment.""], ""safety"": ""ok""}",1,2176,2.8292000006331364,0.0012999998943996616,0.00019999970390927047,0.014399999599845614,0.005200000487093348,2.856000000065251
393,d48_u0,neutral,train,48,0,always,3,1,1,0,0,0,1,1,0,ok,"{""sentences"": [""I hear you."", ""We can pause here for a moment.""], ""safety"": ""ok""}",1,2176,2.79930000033346,0.001100000190490391,0.0002999995558639057,0.013500000022759195,0.004999999873689376,2.82470000001922
394,d49_u0,neutral,train,49,0,always,3,1,1,0,0,0,1,1,0,ok,"{""sentences"": [""I hear you."", ""We can pause here for a moment.""], ""safety"": ""ok""}",1,2176,3.0629000002591056,0.0012000000424450263,0.00030000046535860747,0.013899999430577736,0.005200000487093348,3.089199999521952
395,d49_u1,neutral,train,49,1,always,3,1,1,0,0,0,1,1,0,ok,"{""sentences"": [""I hear you."", ""We can pause here for a moment.""], ""safety"": ""ok""}",1,2176,3.1727999994473066,0.000999999429041054,0.00020000061340397224,0.012100000276404899,0.004399999852466863,3.1952000008459436
396,d49_u2,angry,train,49,2,always,3,1,1,0,0,0,1,1,0,ok,"{""sentences"": [""I hear you."", ""We can pause here for a moment.""], ""safety"": ""ok""}",1,2176,2.417300000161049,0.0012000000424450263,0.00019999970390927047,0.013999999282532372,0.0052999994295532815,2.4440000006507034
397,d49_u3,happy,train,49,3,always,3,1,1,0,0,0,1,1,0,ok,"{""sentences"": [""I hear you."", ""We can pause here for a moment.""], ""safety"": ""ok""}",1,2176,2.819499999532127,0.0012999998943996616,0.00030000046535860747,0.013800000488117803,0.005199999577598646,2.8458000006139628
398,d49_u5,neutral,train,49,5,always,3,1,1,0,0,0,1,1,0,ok,"{""sentences"": [""I hear you."", ""We can pause here for a moment.""], ""safety"": ""ok""}",1,2176,3.0999999999039574,0.0012999998943996616,0.0002999995558639057,0.013399999261309858,0.004699999408330768,3.1248999994204496
399,d49_u6,neutral,train,49,6,always,3,1,1,0,0,0,1,1,0,ok,"{""sentences"": [""I hear you."", ""We can pause here for a moment.""], ""safety"": ""ok""}",1,2176,2.370399999563233,0.0014000006558489986,0.00019999970390927047,0.013500000022759195,0.005200000487093348,2.396200000475801
400,d49_u7,neutral,train,49,7,always,3,1,1,0,0,0,1,1,0,ok,"{""sentences"": [""I hear you."", ""We can pause here for a moment.""], ""safety"": ""ok""}",1,2176,2.6049999996757833,0.0012999998943996616,0.00020000061340397224,0.01340000017080456,0.005000000783184078,2.630699999826902
401,d49_u8,neutral,train,49,8,always,3,1,1,0,0,0,1,1,0,ok,"{""sentences"": [""I hear you."", ""We can pause here for a moment.""], ""safety"": ""ok""}",1,2176,3.1171999999060063,0.0012000000424450263,0.0002999995558639057,0.013900000340072438,0.005099999725644011,3.143499999168853
402,d49_u9,happy,train,49,9,always,3,1,1,0,0,0,1,1,0,ok,"{""sentences"": [""I hear you."", ""We can pause here for a moment.""], ""safety"": ""ok""}",1,2176,3.0220000007830095,0.0012000000424450263,0.00030000046535860747,0.013300000318849925,0.005100000635138713,3.047600000172679
403,d49_u10,neutral,train,49,10,always,3,1,1,0,0,0,1,1,0,ok,"{""sentences"": [""I hear you."", ""We can pause here for a moment.""], ""safety"": ""ok""}",1,2176,3.3837000000858097,0.0013000008038943633,0.00030000046535860747,0.014000000192027073,0.005300000339047983,3.4107999999832828
404,d49_u11,neutral,train,49,11,always,3,1,1,0,0,0,1,1,0,ok,"{""sentences"": [""I hear you."", ""We can pause here for a moment.""], ""safety"": ""ok""}",1,2176,2.3497999991377583,0.0013999997463542968,0.00030000046535860747,0.013600000784208532,0.004900000021734741,2.3755000001983717
405,d49_u12,sad,train,49,12,always,3,1,1,0,0,0,1,1,0,ok,"{""sentences"": [""I hear you."", ""We can pause here for a moment.""], ""safety"": ""ok""}",1,2176,2.5962000008803443,0.0012999998943996616,0.0002999995558639057,0.013699999726668466,0.005100000635138713,2.622500000143191
406,d49_u14,neutral,train,49,14,always,3,1,1,0,0,0,1,1,0,ok,"{""sentences"": [""I hear you."", ""We can pause here for a moment.""], ""safety"": ""ok""}",1,2176,2.946499999779917,0.0010999992809956893,0.00019999970390927047,0.013799999578623101,0.004999999873689376,2.972300000692485
407,d49_u16,neutral,train,49,16,always,3,1,1,0,0,0,1,1,0,ok,"{""sentences"": [""I hear you."", ""We can pause here for a moment.""], ""safety"": ""ok""}",1,2176,3.2289000000673695,0.001100000190490391,0.0002999995558639057,0.013299999409355223,0.004999999873689376,3.2541000000492204
408,d49_u17,neutral,train,49,17,always,3,1,1,0,0,0,1,1,0,ok,"{""sentences"": [""I hear you."", ""We can pause here for a moment.""], ""safety"": ""ok""}",1,2176,3.0326999994940707,0.0012999998943996616,0.00019999970390927047,0.028700000257231295,0.005099999725644011,3.073700000641111
409,d49_u19,neutral,train,49,19,always,3,1,1,0,0,0,1,1,0,ok,"{""sentences"": [""I hear you."", ""We can pause here for a moment.""], ""safety"": ""ok""}",1,2176,3.188199999385688,0.0012000000424450263,0.0002999995558639057,0.014399999599845614,0.005300000339047983,3.2154000000446104
410,d49_u21,angry,train,49,21,always,3,1,1,0,0,0,1,1,0,ok,"{""sentences"": [""I hear you."", ""We can pause here for a moment.""], ""safety"": ""ok""}",1,2176,2.3901000004116213,0.0012000000424450263,0.00020000061340397224,0.01320000046689529,0.005099999725644011,2.415099999780068
411,d50_u0,happy,train,50,0,always,3,1,1,0,0,0,1,1,0,ok,"{""sentences"": [""I hear you."", ""We can pause here for a moment.""], ""safety"": ""ok""}",1,2176,3.1410999999934575,0.0012999998943996616,0.00019999970390927047,0.013899999430577736,0.005199999577598646,3.1676999997216626
412,d50_u1,angry,train,50,1,always,3,1,1,0,0,0,1,1,0,ok,"{""sentences"": [""I hear you."", ""We can pause here for a moment.""], ""safety"": ""ok""}",1,2176,2.7626999999483814,0.0012000000424450263,0.00019999970390927047,0.014199999895936344,0.005300000339047983,2.7897999998458545
413,d50_u3,neutral,train,50,3,always,3,1,1,0,0,0,1,1,0,ok,"{""sentences"": [""I hear you."", ""We can pause here for a moment.""], ""safety"": ""ok""}",1,2176,2.6361000000179047,0.0012999998943996616,0.00020000061340397224,0.013999999282532372,0.005099999725644011,2.66269999974611
414,d50_u4,neutral,train,50,4,always,3,1,1,0,0,0,1,1,0,ok,"{""sentences"": [""I hear you."", ""We can pause here for a moment.""], ""safety"": ""ok""}",1,2176,3.2037999999374733,0.0012999998943996616,0.00039999940781854093,0.014100000043981709,0.005300000339047983,3.2308999998349464
415,d50_u7,sad,train,50,7,always,3,1,1,0,0,0,1,1,0,ok,"{""sentences"": [""I hear you."", ""We can pause here for a moment.""], ""safety"": ""ok""}",1,2176,2.561299999797484,0.0013999997463542968,0.00020000061340397224,0.013900000340072438,0.005200000487093348,2.587599999969825
416,d50_u8,happy,train,50,8,always,3,1,1,0,0,0,1,1,0,ok,"{""sentences"": [""I hear you."", ""We can pause here for a moment.""], ""safety"": ""ok""}",1,2176,2.652900000612135,0.0012000000424450263,0.00019999970390927047,0.014700000065204222,0.005300000339047983,2.6802000002135173
417,d50_u11,neutral,train,50,11,always,3,1,1,0,0,0,1,1,0,ok,"{""sentences"": [""I hear you."", ""We can pause here for a moment.""], ""safety"": ""ok""}",1,2176,2.5292000000263215,0.0012999998943996616,0.00030000046535860747,0.030900000638212077,0.005199999577598646,2.5727999991431716
418,d50_u12,neutral,train,50,12,always,3,1,1,0,0,0,1,1,0,ok,"{""sentences"": [""I hear you."", ""We can pause here for a moment.""], ""safety"": ""ok""}",1,2176,2.6780000007420313,0.0012000000424450263,0.00019999970390927047,0.014100000043981709,0.005200000487093348,2.7050999997300096
419,d50_u13,angry,train,50,13,always,3,1,1,0,0,0,1,1,0,ok,"{""sentences"": [""I hear you."", ""We can pause here for a moment.""], ""safety"": ""ok""}",1,2176,3.213099999811675,0.0012000000424450263,0.0002999995558639057,0.013900000340072438,0.005199999577598646,3.239499999835971
420,d50_u15,angry,train,50,15,always,3,1,1,0,0,0,1,1,0,ok,"{""sentences"": [""I hear you."", ""We can pause here for a moment.""], ""safety"": ""ok""}",1,2176,2.694599999813363,0.0012999998943996616,0.00030000046535860747,0.014500000361294951,0.005099999725644011,2.72190000032424
421,d50_u16,neutral,train,50,16,always,3,1,1,0,0,0,1,1,0,ok,"{""sentences"": [""I hear you."", ""We can pause here for a moment.""], ""safety"": ""ok""}",1,2176,2.9857000008632895,0.0012999998943996616,0.0002999995558639057,0.013900000340072438,0.005099999725644011,3.0123999995339545
422,d51_u0,neutral,train,51,0,always,3,1,1,0,0,0,1,1,0,ok,"{""sentences"": [""I hear you."", ""We can pause here for a moment.""], ""safety"": ""ok""}",1,2176,3.1028000003061607,0.0012999998943996616,0.0002999995558639057,0.013799999578623101,0.005199999577598646,3.1289999997170526
423,d51_u1,sad,train,51,1,always,3,1,1,0,0,0,1,1,0,ok,"{""sentences"": [""I hear you."", ""We can pause here for a moment.""], ""safety"": ""ok""}",1,2176,2.840000000105647,0.0012999998943996616,0.00030000046535860747,0.013500000022759195,0.004999999873689376,2.8658000001087203
424,d51_u2,neutral,train,51,2,always,3,1,1,0,0,0,1,1,0,ok,"{""sentences"": [""I hear you."", ""We can pause here for a moment.""], ""safety"": ""ok""}",1,2176,2.6695999995354214,0.0012000000424450263,0.00019999970390927047,0.019500000234984327,0.005199999577598646,2.717300000767864
425,d51_u4,angry,train,51,4,always,3,1,1,0,0,0,1,1,0,ok,"{""sentences"": [""I hear you."", ""We can pause here for a moment.""], ""safety"": ""ok""}",1,2176,2.830999999787309,0.0012000000424450263,0.00019999970390927047,0.01359999987471383,0.005199999577598646,2.856999999494292
426,d51_u5,angry,train,51,5,always,3,1,1,0,0,0,1,1,0,ok,"{""sentences"": [""I hear you."", ""We can pause here for a moment.""], ""safety"": ""ok""}",1,2176,2.83560000025318,0.0012999998943996616,0.00019999970390927047,0.013500000022759195,0.005100000635138713,2.8782999997929437
427,d51_u6,angry,train,51,6,always,3,1,1,0,0,0,1,1,0,ok,"{""sentences"": [""I hear you."", ""We can pause here for a moment.""], ""safety"": ""ok""}",1,2176,3.1200999992506695,0.0012000000424450263,0.00019999970390927047,0.014000000192027073,0.005199999577598646,3.1468000006498187
428,d51_u7,angry,train,51,7,always,3,1,1,0,0,0,1,1,0,ok,"{""sentences"": [""I hear you."", ""We can pause here for a moment.""], ""safety"": ""ok""}",1,2176,2.342000000680855,0.0013000008038943633,0.00019999970390927047,0.014199999895936344,0.005300000339047983,2.3688000001129694
429,d51_u8,angry,train,51,8,always,3,1,1,0,0,0,1,1,0,ok,"{""sentences"": [""I hear you."", ""We can pause here for a moment.""], ""safety"": ""ok""}",1,2176,2.634100000250328,0.0012000000424450263,0.00019999970390927047,0.013999999282532372,0.005199999577598646,2.6606000001265784
430,d51_u9,angry,train,51,9,always,3,1,1,0,0,0,1,1,0,ok,"{""sentences"": [""I hear you."", ""We can pause here for a moment.""], ""safety"": ""ok""}",1,2176,2.892299999984971,0.0012999998943996616,0.00030000046535860747,0.014000000192027073,0.005000000783184078,2.9187999998612213
431,d51_u10,angry,train,51,10,always,3,1,1,0,0,0,1,1,0,ok,"{""sentences"": [""I hear you."", ""We can pause here for a moment.""], ""safety"": ""ok""}",1,2176,3.0778999998801737,0.0012000000424450263,0.00020000061340397224,0.014100000043981709,0.005500000042957254,3.104899999925692
432,d52_u0,neutral,train,52,0,always,3,1,1,0,0,0,1,1,0,ok,"{""sentences"": [""I hear you."", ""We can pause here for a moment.""], ""safety"": ""ok""}",1,2176,2.829399999427551,0.0012999998943996616,0.0002999995558639057,0.014199999895936344,0.0054000001910026185,2.8567999997903826
433,d52_u1,happy,train,52,1,always,3,1,1,0,0,0,1,1,0,ok,"{""sentences"": [""I hear you."", ""We can pause here for a moment.""], ""safety"": ""ok""}",1,2176,2.7254000005996204,0.0012000000424450263,0.0002999995558639057,0.014000000192027073,0.005300000339047983,2.7520000003278255
434,d52_u2,neutral,train,52,2,always,3,1,1,0,0,0,1,1,0,ok,"{""sentences"": [""I hear you."", ""We can pause here for a moment.""], ""safety"": ""ok""}",1,2176,2.6974000002155663,0.0012999998943996616,0.0002999995558639057,0.01359999987471383,0.005199999577598646,2.723699999478413
435,d52_u3,neutral,train,52,3,always,3,1,1,0,0,0,1,1,0,ok,"{""sentences"": [""I hear you."", ""We can pause here for a moment.""], ""safety"": ""ok""}",1,2176,2.862499999537249,0.0012999998943996616,0.00019999970390927047,0.013699999726668466,0.005300000339047983,2.8890000003229943
436,d52_u4,neutral,train,52,4,always,3,1,1,0,0,0,1,1,0,ok,"{""sentences"": [""I hear you."", ""We can pause here for a moment.""], ""safety"": ""ok""}",1,2176,2.4275999994642916,0.0012999998943996616,0.00019999970390927047,0.013900000340072438,0.004900000021734741,2.453600000080769
437,d52_u5,neutral,train,52,5,always,3,1,1,0,0,0,1,1,0,ok,"{""sentences"": [""I hear you."", ""We can pause here for a moment.""], ""safety"": ""ok""}",1,2176,2.880899999581743,0.0012000000424450263,0.00030000046535860747,0.013799999578623101,0.005200000487093348,2.9073000005155336
438,d52_u6,neutral,train,52,6,always,3,1,1,0,0,0,1,1,0,ok,"{""sentences"": [""I hear you."", ""We can pause here for a moment.""], ""safety"": ""ok""}",1,2176,2.666499999577354,0.0012999998943996616,0.00030000046535860747,0.013800000488117803,0.005099999725644011,2.692600000045786
439,d52_u7,neutral,train,52,7,always,3,1,1,0,0,0,1,1,0,ok,"{""sentences"": [""I hear you."", ""We can pause here for a moment.""], ""safety"": ""ok""}",1,2176,2.6557999999567983,0.0012999998943996616,0.0002999995558639057,0.014299999747890979,0.0054000001910026185,2.682999999706226
440,d52_u8,neutral,train,52,8,always,3,1,1,0,0,0,1,1,0,ok,"{""sentences"": [""I hear you."", ""We can pause here for a moment.""], ""safety"": ""ok""}",1,2176,3.4183999996457715,0.0012000000424450263,0.00030000046535860747,0.017099999240599573,0.005099999725644011,3.4474000003683614
441,d52_u9,neutral,train,52,9,always,3,1,1,0,0,0,1,1,0,ok,"{""sentences"": [""I hear you."", ""We can pause here for a moment.""], ""safety"": ""ok""}",1,2176,2.703500000279746,0.0012000000424450263,0.0002999995558639057,0.013800000488117803,0.004900000021734741,2.7294999999867287
442,d52_u10,neutral,train,52,10,always,3,1,1,0,0,0,1,1,0,ok,"{""sentences"": [""I hear you."", ""We can pause here for a moment.""], ""safety"": ""ok""}",1,2176,3.113100000518898,0.0012000000424450263,0.00030000046535860747,0.01359999987471383,0.004900000021734741,3.1388999996124767
443,d52_u11,neutral,train,52,11,always,3,1,1,0,0,0,1,1,0,ok,"{""sentences"": [""I hear you."", ""We can pause here for a moment.""], ""safety"": ""ok""}",1,2176,3.0510999995385646,0.001100000190490391,0.0002999995558639057,0.013900000340072438,0.004999999873689376,3.0772000000069966
444,d53_u0,happy,train,53,0,always,3,1,1,0,0,0,1,1,0,ok,"{""sentences"": [""I hear you."", ""We can pause here for a moment.""], ""safety"": ""ok""}",1,2176,2.567800000178977,0.0012000000424450263,0.00030000046535860747,0.014200000805431046,0.0052999994295532815,2.595099999780359
445,d53_u1,happy,train,53,1,always,3,1,1,0,0,0,1,1,0,ok,"{""sentences"": [""I hear you."", ""We can pause here for a moment.""], ""safety"": ""ok""}",1,2176,2.4874000000636443,0.0012999998943996616,0.00020000061340397224,0.013500000022759195,0.005099999725644011,2.513100000214763
446,d53_u2,neutral,train,53,2,always,3,1,1,0,0,0,1,1,0,ok,"{""sentences"": [""I hear you."", ""We can pause here for a moment.""], ""safety"": ""ok""}",1,2176,3.111900000476453,0.0012999998943996616,0.00020000061340397224,0.01430000065738568,0.005300000339047983,3.1391000002258806
447,d53_u3,neutral,train,53,3,always,3,1,1,0,0,0,1,1,0,ok,"{""sentences"": [""I hear you."", ""We can pause here for a moment.""], ""safety"": ""ok""}",1,2176,2.6164999999309657,0.0013999997463542968,0.0002999995558639057,0.014100000043981709,0.005300000339047983,2.643300000272575
448,d53_u4,neutral,train,53,4,always,3,1,1,0,0,0,1,1,0,ok,"{""sentences"": [""I hear you."", ""We can pause here for a moment.""], ""safety"": ""ok""}",1,2176,2.675900000213005,0.001100000190490391,0.00020000061340397224,0.014100000043981709,0.005099999725644011,2.7021999994758517
449,d53_u5,neutral,train,53,5,always,3,1,1,0,0,0,1,1,0,ok,"{""sentences"": [""I hear you."", ""We can pause here for a moment.""], ""safety"": ""ok""}",1,2176,2.996000000166532,0.0012999998943996616,0.00030000046535860747,0.014099999134487007,0.005199999577598646,3.022699999746692
450,d53_u6,happy,train,53,6,always,3,1,1,0,0,0,1,1,0,ok,"{""sentences"": [""I hear you."", ""We can pause here for a moment.""], ""safety"": ""ok""}",1,2176,2.4420999998255866,0.0012000000424450263,0.00019999970390927047,0.013799999578623101,0.0052999994295532815,2.468300000145973
451,d53_u7,neutral,train,53,7,always,3,1,1,0,0,0,1,1,0,ok,"{""sentences"": [""I hear you."", ""We can pause here for a moment.""], ""safety"": ""ok""}",1,2176,2.9577999994216952,0.0012999998943996616,0.00020000061340397224,0.01430000065738568,0.0052999994295532815,2.9847000005247537
452,d53_u8,happy,train,53,8,always,3,1,1,0,0,0,1,1,0,ok,"{""sentences"": [""I hear you."", ""We can pause here for a moment.""], ""safety"": ""ok""}",1,2176,2.798800000164192,0.0012999998943996616,0.00030000046535860747,0.01430000065738568,0.0052999994295532815,2.825900000061665
453,d54_u1,sad,train,54,1,always,3,1,1,0,0,0,1,1,0,ok,"{""sentences"": [""I hear you."", ""We can pause here for a moment.""], ""safety"": ""ok""}",1,2176,2.868999999918742,0.0012000000424450263,0.00030000046535860747,0.013500000022759195,0.005099999725644011,2.8949999996257247
454,d54_u2,angry,train,54,2,always,3,1,1,0,0,0,1,1,0,ok,"{""sentences"": [""I hear you."", ""We can pause here for a moment.""], ""safety"": ""ok""}",1,2176,2.5415000000066357,0.0012999998943996616,0.00030000046535860747,0.014000000192027073,0.005199999577598646,2.5681999995867955
455,d54_u5,neutral,train,54,5,always,3,1,1,0,0,0,1,1,0,ok,"{""sentences"": [""I hear you."", ""We can pause here for a moment.""], ""safety"": ""ok""}",1,2176,2.7099999997517443,0.0012999998943996616,0.00030000046535860747,0.01359999987471383,0.0054000001910026185,2.736200000072131
456,d54_u6,happy,train,54,6,always,3,1,1,0,0,0,1,1,0,ok,"{""sentences"": [""I hear you."", ""We can pause here for a moment.""], ""safety"": ""ok""}",1,2176,3.163700000186509,0.0012000000424450263,0.00020000061340397224,0.014400000509340316,0.005200000487093348,3.190800000083982
457,d54_u7,angry,train,54,7,always,3,1,1,0,0,0,1,1,0,ok,"{""sentences"": [""I hear you."", ""We can pause here for a moment.""], ""safety"": ""ok""}",1,2176,2.6039000003947876,0.0012000000424450263,0.00019999970390927047,0.01340000017080456,0.004999999873689376,2.6293000000805478
458,d54_u8,sad,train,54,8,always,3,1,1,0,0,0,1,1,0,ok,"{""sentences"": [""I hear you."", ""We can pause here for a moment.""], ""safety"": ""ok""}",1,2176,2.7390000004743342,0.0012000000424450263,0.0002999995558639057,0.014600000213249587,0.0054000001910026185,2.7665999996315804
459,d54_u9,happy,train,54,9,always,3,1,1,0,0,0,1,1,0,ok,"{""sentences"": [""I hear you."", ""We can pause here for a moment.""], ""safety"": ""ok""}",1,2176,2.759999999398133,0.0012000000424450263,0.0002999995558639057,0.01359999987471383,0.004999999873689376,2.7856000006067916
460,d54_u10,neutral,train,54,10,always,3,1,1,0,0,0,1,1,0,ok,"{""sentences"": [""I hear you."", ""We can pause here for a moment.""], ""safety"": ""ok""}",1,2176,3.2492999998794403,0.0012999998943996616,0.0002999995558639057,0.013699999726668466,0.005200000487093348,3.2750999998825137
461,d54_u11,neutral,train,54,11,always,3,1,1,0,0,0,1,1,0,ok,"{""sentences"": [""I hear you."", ""We can pause here for a moment.""], ""safety"": ""ok""}",1,2176,3.1727000005048467,0.001100000190490391,0.00020000061340397224,0.012599999536178075,0.004699999408330768,3.19619999936549
462,d54_u14,sad,train,54,14,always,3,1,1,0,0,0,1,1,0,ok,"{""sentences"": [""I hear you."", ""We can pause here for a moment.""], ""safety"": ""ok""}",1,2176,2.4994000004880945,0.0012999998943996616,0.00030000046535860747,0.014100000043981709,0.005199999577598646,2.526399999624118
463,d54_u15,sad,train,54,15,always,3,1,1,0,0,0,1,1,0,ok,"{""sentences"": [""I hear you."", ""We can pause here for a moment.""], ""safety"": ""ok""}",1,2176,2.2640999995928723,0.0012999998943996616,0.00019999970390927047,0.013799999578623101,0.0052999994295532815,2.290800000082527
464,d54_u16,sad,train,54,16,always,3,1,1,0,0,0,1,1,0,ok,"{""sentences"": [""I hear you."", ""We can pause here for a moment.""], ""safety"": ""ok""}",1,2176,2.507299999706447,0.0012000000424450263,0.0002999995558639057,0.013699999726668466,0.005100000635138713,2.5333000003229245
465,d54_u17,happy,train,54,17,always,3,1,1,0,0,0,1,1,0,ok,"{""sentences"": [""I hear you."", ""We can pause here for a moment.""], ""safety"": ""ok""}",1,2176,2.9206999997768435,0.0012000000424450263,0.0002999995558639057,0.013699999726668466,0.005200000487093348,2.946699999483826
466,d54_u18,happy,train,54,18,always,3,1,1,0,0,0,1,1,0,ok,"{""sentences"": [""I hear you."", ""We can pause here for a moment.""], ""safety"": ""ok""}",1,2176,3.094099999543687,0.0012999998943996616,0.00019999970390927047,0.030299999707494862,0.0054000001910026185,3.1374000000141677
467,d54_u19,happy,train,54,19,always,3,1,1,0,0,0,1,1,0,ok,"{""sentences"": [""I hear you."", ""We can pause here for a moment.""], ""safety"": ""ok""}",1,2176,2.7941000007558614,0.0012000000424450263,0.00020000061340397224,0.013500000022759195,0.005199999577598646,2.8200999995533493
468,d54_u20,happy,train,54,20,always,3,1,1,0,0,0,1,1,0,ok,"{""sentences"": [""I hear you."", ""We can pause here for a moment.""], ""safety"": ""ok""}",1,2176,3.2218999995166087,0.0013999997463542968,0.00030000046535860747,0.014000000192027073,0.005199999577598646,3.2492999998794403
469,d54_u21,neutral,train,54,21,always,3,1,1,0,0,0,1,1,0,ok,"{""sentences"": [""I hear you."", ""We can pause here for a moment.""], ""safety"": ""ok""}",1,2176,2.927300000010291,0.0012999998943996616,0.0002999995558639057,0.014500000361294951,0.0054000001910026185,2.954600000521168
470,d54_u22,happy,train,54,22,always,3,1,1,0,0,0,1,1,0,ok,"{""sentences"": [""I hear you."", ""We can pause here for a moment.""], ""safety"": ""ok""}",1,2176,3.0140999997456674,0.0013999997463542968,0.00020000061340397224,0.014400000509340316,0.005300000339047983,3.041200000552635
471,d54_u23,angry,train,54,23,always,3,1,1,0,0,0,1,1,0,ok,"{""sentences"": [""I hear you."", ""We can pause here for a moment.""], ""safety"": ""ok""}",1,2176,2.8203000001667533,0.0012999998943996616,0.00020000061340397224,0.013699999726668466,0.0054000001910026185,2.846999999746913
472,d55_u0,happy,train,55,0,always,3,1,1,0,0,0,1,1,0,ok,"{""sentences"": [""I hear you."", ""We can pause here for a moment.""], ""safety"": ""ok""}",1,2176,2.82229999993433,0.0013999997463542968,0.00019999970390927047,0.014399999599845614,0.005300000339047983,2.849699999387667
473,d55_u1,happy,train,55,1,always,3,1,1,0,0,0,1,1,0,ok,"{""sentences"": [""I hear you."", ""We can pause here for a moment.""], ""safety"": ""ok""}",1,2176,2.782399999887275,0.0012000000424450263,0.0002999995558639057,0.014600000213249587,0.005099999725644011,2.809799999340612
474,d55_u2,neutral,train,55,2,always,3,1,1,0,0,0,1,1,0,ok,"{""sentences"": [""I hear you."", ""We can pause here for a moment.""], ""safety"": ""ok""}",1,2176,3.044400000362657,0.0012999998943996616,0.00020000061340397224,0.014299999747890979,0.0054000001910026185,3.0716999999640393
475,d55_u4,neutral,train,55,4,always,3,1,1,0,0,0,1,1,0,ok,"{""sentences"": [""I hear you."", ""We can pause here for a moment.""], ""safety"": ""ok""}",1,2176,2.604799999971874,0.0012999998943996616,0.00019999970390927047,0.013500000022759195,0.004999999873689376,2.630199999657634
476,d55_u5,happy,train,55,5,always,3,1,1,0,0,0,1,1,0,ok,"{""sentences"": [""I hear you."", ""We can pause here for a moment.""], ""safety"": ""ok""}",1,2176,2.9145999997126637,0.0013999997463542968,0.00020000061340397224,0.014100000043981709,0.0052999994295532815,2.9412999992928235
477,d55_u7,neutral,train,55,7,always,3,1,1,0,0,0,1,1,0,ok,"{""sentences"": [""I hear you."", ""We can pause here for a moment.""], ""safety"": ""ok""}",1,2176,2.8758999997080537,0.0012000000424450263,0.00030000046535860747,0.013900000340072438,0.004999999873689376,2.9020000001764856
478,d55_u8,happy,train,55,8,always,3,1,1,0,0,0,1,1,0,ok,"{""sentences"": [""I hear you."", ""We can pause here for a moment.""], ""safety"": ""ok""}",1,2176,2.7182000003449502,0.0012000000424450263,0.00020000061340397224,0.01359999987471383,0.004800000169780105,2.7437999997346196
479,d55_u9,happy,train,55,9,always,3,1,1,0,0,0,1,1,0,ok,"{""sentences"": [""I hear you."", ""We can pause here for a moment.""], ""safety"": ""ok""}",1,2176,3.5016000001633074,0.0012000000424450263,0.00030000046535860747,0.014000000192027073,0.005200000487093348,3.5284999994473765
480,d55_u10,happy,train,55,10,always,3,1,1,0,0,0,1,1,0,ok,"{""sentences"": [""I hear you."", ""We can pause here for a moment.""], ""safety"": ""ok""}",1,2176,2.938200000244251,0.0013999997463542968,0.00030000046535860747,0.014100000043981709,0.005599999894911889,2.9654999998456333
481,d55_u11,happy,train,55,11,always,3,1,1,0,0,0,1,1,0,ok,"{""sentences"": [""I hear you."", ""We can pause here for a moment.""], ""safety"": ""ok""}",1,2176,3.1335000003309688,0.0012000000424450263,0.0002999995558639057,0.014600000213249587,0.005199999577598646,3.161000000545755
482,d55_u12,happy,train,55,12,always,3,1,1,0,0,0,1,1,0,ok,"{""sentences"": [""I hear you."", ""We can pause here for a moment.""], ""safety"": ""ok""}",1,2176,2.401100000497536,0.001100000190490391,0.00020000061340397224,0.013900000340072438,0.004900000021734741,2.427000000352564
483,d55_u13,happy,train,55,13,always,3,1,1,0,0,0,1,1,0,ok,"{""sentences"": [""I hear you."", ""We can pause here for a moment.""], ""safety"": ""ok""}",1,2176,3.1625999999960186,0.0012999998943996616,0.00019999970390927047,0.014199999895936344,0.005100000635138713,3.189300000485673
484,d55_u14,happy,train,55,14,always,3,1,1,0,0,0,1,1,0,ok,"{""sentences"": [""I hear you."", ""We can pause here for a moment.""], ""safety"": ""ok""}",1,2176,2.6053999999930966,0.0012000000424450263,0.00020000061340397224,0.014299999747890979,0.005500000042957254,2.6325999997425242
485,d55_u15,happy,train,55,15,always,3,1,1,0,0,0,1,1,0,ok,"{""sentences"": [""I hear you."", ""We can pause here for a moment.""], ""safety"": ""ok""}",1,2176,3.4114000000045053,0.0012000000424450263,0.00019999970390927047,0.013500000022759195,0.004999999873689376,3.4372000000075786
486,d55_u16,neutral,train,55,16,always,3,1,1,0,0,0,1,1,0,ok,"{""sentences"": [""I hear you."", ""We can pause here for a moment.""], ""safety"": ""ok""}",1,2176,2.574500000264379,0.0011999991329503246,0.00019999970390927047,0.013500000022759195,0.004999999873689376,2.5998999999501393
487,d56_u1,neutral,train,56,1,always,3,1,1,0,0,0,1,1,0,ok,"{""sentences"": [""I hear you."", ""We can pause here for a moment.""], ""safety"": ""ok""}",1,2176,3.3789999997679843,0.0012000000424450263,0.00019999970390927047,0.014199999895936344,0.005500000042957254,3.4062999993693666
488,d56_u3,neutral,train,56,3,always,3,1,1,0,0,0,1,1,0,ok,"{""sentences"": [""I hear you."", ""We can pause here for a moment.""], ""safety"": ""ok""}",1,2176,2.3228000000017346,0.0013000008038943633,0.00019999970390927047,0.013900000340072438,0.005199999577598646,2.349500000491389
489,d56_u4,neutral,train,56,4,always,3,1,1,0,0,0,1,1,0,ok,"{""sentences"": [""I hear you."", ""We can pause here for a moment.""], ""safety"": ""ok""}",1,2176,2.4296999999933178,0.0012000000424450263,0.00019999970390927047,0.013199999557400588,0.004800000169780105,2.4544000007153954
490,d56_u5,neutral,train,56,5,always,3,1,1,0,0,0,1,1,0,ok,"{""sentences"": [""I hear you."", ""We can pause here for a moment.""], ""safety"": ""ok""}",1,2176,2.930700000433717,0.0015000005078036338,0.0002999995558639057,0.014899999769113492,0.005599999894911889,2.959299999929499
491,d56_u6,happy,train,56,6,always,3,1,1,0,0,0,1,1,0,ok,"{""sentences"": [""I hear you."", ""We can pause here for a moment.""], ""safety"": ""ok""}",1,2176,2.7640999996947357,0.0012000000424450263,0.00030000046535860747,0.013899999430577736,0.0057999995988211595,2.791599999909522
492,d57_u1,neutral,train,57,1,always,3,1,1,0,0,0,1,1,0,ok,"{""sentences"": [""I hear you."", ""We can pause here for a moment.""], ""safety"": ""ok""}",1,2176,3.1350000008387724,0.0014000006558489986,0.00019999970390927047,0.029800000447721686,0.005199999577598646,3.177700000378536
493,d58_u0,neutral,train,58,0,always,3,1,1,0,0,0,1,1,0,ok,"{""sentences"": [""I hear you."", ""We can pause here for a moment.""], ""safety"": ""ok""}",1,2176,3.3646999991105986,0.0012000000424450263,0.00019999970390927047,0.014100000043981709,0.005199999577598646,3.3914000005097478
494,d58_u1,neutral,train,58,1,always,3,1,1,0,0,0,1,1,0,ok,"{""sentences"": [""I hear you."", ""We can pause here for a moment.""], ""safety"": ""ok""}",1,2176,2.62390000079904,0.0012999998943996616,0.0002999995558639057,0.014299999747890979,0.005199999577598646,2.650999999787018
495,d58_u3,neutral,train,58,3,always,3,1,1,0,0,0,1,1,0,ok,"{""sentences"": [""I hear you."", ""We can pause here for a moment.""], ""safety"": ""ok""}",1,2176,2.761100000498118,0.0012999998943996616,0.00019999970390927047,0.014200000805431046,0.005300000339047983,2.7884000000995
496,d58_u4,angry,train,58,4,always,3,1,1,0,0,0,1,1,0,ok,"{""sentences"": [""I hear you."", ""We can pause here for a moment.""], ""safety"": ""ok""}",1,2176,2.6755000008051866,0.0012999998943996616,0.00019999970390927047,0.014100000043981709,0.005300000339047983,2.703000000110478
497,d58_u6,neutral,train,58,6,always,3,1,1,0,0,0,1,1,0,ok,"{""sentences"": [""I hear you."", ""We can pause here for a moment.""], ""safety"": ""ok""}",1,2176,2.7849999996760744,0.0012000000424450263,0.00019999970390927047,0.013299999409355223,0.005099999725644011,2.8103000004193746
498,d58_u7,neutral,train,58,7,always,3,1,1,0,0,0,1,1,0,ok,"{""sentences"": [""I hear you."", ""We can pause here for a moment.""], ""safety"": ""ok""}",1,2176,3.0469000002995017,0.0012999998943996616,0.00019999970390927047,0.014000000192027073,0.005099999725644011,3.073500000027707
499,d58_u8,neutral,train,58,8,always,3,1,1,0,0,0,1,1,0,ok,"{""sentences"": [""I hear you."", ""We can pause here for a moment.""], ""safety"": ""ok""}",1,2176,2.863499999875785,0.0012999998943996616,0.00019999970390927047,0.014299999747890979,0.0054000001910026185,2.890599999773258
500,d58_u9,neutral,train,58,9,always,3,1,1,0,0,0,1,1,0,ok,"{""sentences"": [""I hear you."", ""We can pause here for a moment.""], ""safety"": ""ok""}",1,2176,2.7590999998210464,0.0013999997463542968,0.0002999995558639057,0.014000000192027073,0.005300000339047983,2.7860999998665648
501,d59_u0,neutral,train,59,0,always,3,1,1,0,0,0,1,1,0,ok,"{""sentences"": [""I hear you."", ""We can pause here for a moment.""], ""safety"": ""ok""}",1,2176,3.2250999993266305,0.0012999998943996616,0.0002999995558639057,0.013999999282532372,0.0052999994295532815,3.2519000005777343
502,d59_u1,happy,train,59,1,always,3,1,1,0,0,0,1,1,0,ok,"{""sentences"": [""I hear you."", ""We can pause here for a moment.""], ""safety"": ""ok""}",1,2176,2.551599999605969,0.0012999998943996616,0.00020000061340397224,0.014000000192027073,0.005200000487093348,2.5783000000956235
503,d59_u2,neutral,train,59,2,always,3,1,1,0,0,0,1,1,0,ok,"{""sentences"": [""I hear you."", ""We can pause here for a moment.""], ""safety"": ""ok""}",1,2176,2.6816999998118263,0.0012000000424450263,0.00030000046535860747,0.013899999430577736,0.005300000339047983,2.707699999518809
504,d59_u3,happy,train,59,3,always,3,1,1,0,0,0,1,1,0,ok,"{""sentences"": [""I hear you."", ""We can pause here for a moment.""], ""safety"": ""ok""}",1,2176,2.97359999967739,0.0012999998943996616,0.0002999995558639057,0.014299999747890979,0.005700000656361226,3.0014000003575347
505,d59_u4,happy,train,59,4,always,3,1,1,0,0,0,1,1,0,ok,"{""sentences"": [""I hear you."", ""We can pause here for a moment.""], ""safety"": ""ok""}",1,2176,3.0028999999558437,0.0012999998943996616,0.00030000046535860747,0.01359999987471383,0.0052999994295532815,3.029200000128185
506,d59_u5,happy,train,59,5,always,3,1,1,0,0,0,1,1,0,ok,"{""sentences"": [""I hear you."", ""We can pause here for a moment.""], ""safety"": ""ok""}",1,2176,2.6748999998744694,0.0011999991329503246,0.00030000046535860747,0.014000000192027073,0.005200000487093348,2.701800000068033
507,d59_u6,happy,train,59,6,always,3,1,1,0,0,0,1,1,0,ok,"{""sentences"": [""I hear you."", ""We can pause here for a moment.""], ""safety"": ""ok""}",1,2176,2.8343000003587804,0.0012000000424450263,0.00019999970390927047,0.013500000022759195,0.005199999577598646,2.8599999996004044
508,d59_u7,happy,train,59,7,always,3,1,1,0,0,0,1,1,0,ok,"{""sentences"": [""I hear you."", ""We can pause here for a moment.""], ""safety"": ""ok""}",1,2176,2.6204000005236594,0.0012999998943996616,0.00030000046535860747,0.014199999895936344,0.0054000001910026185,2.6474999995116377
509,d59_u8,happy,train,59,8,always,3,1,1,0,0,0,1,1,0,ok,"{""sentences"": [""I hear you."", ""We can pause here for a moment.""], ""safety"": ""ok""}",1,2176,2.8159999992567464,0.0012000000424450263,0.00030000046535860747,0.013900000340072438,0.022199999875738285,2.8591999998752726
510,d59_u9,happy,train,59,9,always,3,1,1,0,0,0,1,1,0,ok,"{""sentences"": [""I hear you."", ""We can pause here for a moment.""], ""safety"": ""ok""}",1,2176,2.925800000411982,0.0013000008038943633,0.00019999970390927047,0.014100000043981709,0.005199999577598646,2.9523000002882327
511,d61_u0,neutral,train,61,0,always,3,1,1,0,0,0,1,1,0,ok,"{""sentences"": [""I hear you."", ""We can pause here for a moment.""], ""safety"": ""ok""}",1,2176,2.7631000002656947,0.0010999992809956893,0.00019999970390927047,0.013299999409355223,0.005099999725644011,2.788499999951455
512,d61_u1,happy,train,61,1,always,3,1,1,0,0,0,1,1,0,ok,"{""sentences"": [""I hear you."", ""We can pause here for a moment.""], ""safety"": ""ok""}",1,2176,3.124799999568495,0.0013999997463542968,0.00020000061340397224,0.014399999599845614,0.005200000487093348,3.1520000002274173
513,d61_u2,happy,train,61,2,always,3,1,1,0,0,0,1,1,0,ok,"{""sentences"": [""I hear you."", ""We can pause here for a moment.""], ""safety"": ""ok""}",1,2176,2.494499999556865,0.0012000000424450263,0.00019999970390927047,0.01359999987471383,0.005100000635138713,2.520199999707984
514,d61_u3,neutral,train,61,3,always,3,1,1,0,0,0,1,1,0,ok,"{""sentences"": [""I hear you."", ""We can pause here for a moment.""], ""safety"": ""ok""}",1,2176,3.14890000026935,0.001499999598308932,0.00030000046535860747,0.013800000488117803,0.005200000487093348,3.1754000001456006
515,d61_u4,neutral,train,61,4,always,3,1,1,0,0,0,1,1,0,ok,"{""sentences"": [""I hear you."", ""We can pause here for a moment.""], ""safety"": ""ok""}",1,2176,2.614999999423162,0.0012999998943996616,0.00019999970390927047,0.01359999987471383,0.005099999725644011,2.64080000033573
516,d61_u5,sad,train,61,5,always,3,1,1,0,0,0,1,1,0,ok,"{""sentences"": [""I hear you."", ""We can pause here for a moment.""], ""safety"": ""ok""}",1,2176,2.8548999998747604,0.001600000359758269,0.00020000061340397224,0.014400000509340316,0.005599999894911889,2.8826999996454106
517,d61_u6,happy,train,61,6,always,3,1,1,0,0,0,1,1,0,ok,"{""sentences"": [""I hear you."", ""We can pause here for a moment.""], ""safety"": ""ok""}",1,2176,2.6819000004252302,0.0012000000424450263,0.00019999970390927047,0.013999999282532372,0.005199999577598646,2.7084999992439407
518,d61_u7,sad,train,61,7,always,3,1,1,0,0,0,1,1,0,ok,"{""sentences"": [""I hear you."", ""We can pause here for a moment.""], ""safety"": ""ok""}",1,2176,3.0354000000443193,0.0012999998943996616,0.00019999970390927047,0.014100000043981709,0.0054000001910026185,3.0624000000898377
519,d61_u8,happy,train,61,8,always,3,1,1,0,0,0,1,1,0,ok,"{""sentences"": [""I hear you."", ""We can pause here for a moment.""], ""safety"": ""ok""}",1,2176,2.7198999996471684,0.0012999998943996616,0.00019999970390927047,0.014299999747890979,0.0052999994295532815,2.74730000001
520,d62_u0,neutral,train,62,0,always,3,1,1,0,0,0,1,1,0,ok,"{""sentences"": [""I hear you."", ""We can pause here for a moment.""], ""safety"": ""ok""}",1,2176,3.0832000002192217,0.0012999998943996616,0.00030000046535860747,0.03190000006725313,0.005500000042957254,3.1280000002880115
521,d62_u1,happy,train,62,1,always,3,1,1,0,0,0,1,1,0,ok,"{""sentences"": [""I hear you."", ""We can pause here for a moment.""], ""safety"": ""ok""}",1,2176,2.4296999999933178,0.0012999998943996616,0.00019999970390927047,0.01359999987471383,0.017800000023271423,2.468300000145973
522,d62_u2,neutral,train,62,2,always,3,1,1,0,0,0,1,1,0,ok,"{""sentences"": [""I hear you."", ""We can pause here for a moment.""], ""safety"": ""ok""}",1,2176,2.603099999760161,0.0012000000424450263,0.00030000046535860747,0.013799999578623101,0.004999999873689376,2.629000000524684
523,d62_u3,happy,train,62,3,always,3,1,1,0,0,0,1,1,0,ok,"{""sentences"": [""I hear you."", ""We can pause here for a moment.""], ""safety"": ""ok""}",1,2176,3.676600000289909,0.0012999998943996616,0.00019999970390927047,0.013699999726668466,0.005200000487093348,3.702799999700801
524,d62_u5,happy,train,62,5,always,3,1,1,0,0,0,1,1,0,ok,"{""sentences"": [""I hear you."", ""We can pause here for a moment.""], ""safety"": ""ok""}",1,2176,2.4174000000130036,0.0012000000424450263,0.0002999995558639057,0.013900000340072438,0.0052999994295532815,2.443700000185345
525,d62_u6,neutral,train,62,6,always,3,1,1,0,0,0,1,1,0,ok,"{""sentences"": [""I hear you."", ""We can pause here for a moment.""], ""safety"": ""ok""}",1,2176,3.074199999900884,0.0012999998943996616,0.00030000046535860747,0.03170000036334386,0.005500000042957254,3.118699999504315
526,d62_u7,neutral,train,62,7,always,3,1,1,0,0,0,1,1,0,ok,"{""sentences"": [""I hear you."", ""We can pause here for a moment.""], ""safety"": ""ok""}",1,2176,2.5047999997696024,0.0012999998943996616,0.00030000046535860747,0.014100000043981709,0.005199999577598646,2.531499999349762
527,d62_u8,neutral,train,62,8,always,3,1,1,0,0,0,1,1,0,ok,"{""sentences"": [""I hear you."", ""We can pause here for a moment.""], ""safety"": ""ok""}",1,2176,3.23480000042764,0.0012000000424450263,0.00030000046535860747,0.013800000488117803,0.005200000487093348,3.260999999838532
528,d62_u11,neutral,train,62,11,always,3,1,1,0,0,0,1,1,0,ok,"{""sentences"": [""I hear you."", ""We can pause here for a moment.""], ""safety"": ""ok""}",1,2176,2.6847999997698935,0.0012999998943996616,0.00030000046535860747,0.014600000213249587,0.005200000487093348,2.712499999688589
529,d63_u0,happy,train,63,0,always,3,1,1,0,0,0,1,1,0,ok,"{""sentences"": [""I hear you."", ""We can pause here for a moment.""], ""safety"": ""ok""}",1,2176,2.5725999994392623,0.0012999998943996616,0.00030000046535860747,0.013700000636163168,0.005099999725644011,2.598700000817189
530,d63_u1,neutral,train,63,1,always,3,1,1,0,0,0,1,1,0,ok,"{""sentences"": [""I hear you."", ""We can pause here for a moment.""], ""safety"": ""ok""}",1,2176,2.675499999895692,0.0012999998943996616,0.0002999995558639057,0.014400000509340316,0.0054000001910026185,2.7184000000488595
531,d63_u2,happy,train,63,2,always,3,1,1,0,0,0,1,1,0,ok,"{""sentences"": [""I hear you."", ""We can pause here for a moment.""], ""safety"": ""ok""}",1,2176,2.7179000007890863,0.0013000008038943633,0.00020000061340397224,0.014800000826653559,0.005099999725644011,2.745699999650242
532,d63_u4,happy,train,63,4,always,3,1,1,0,0,0,1,1,0,ok,"{""sentences"": [""I hear you."", ""We can pause here for a moment.""], ""safety"": ""ok""}",1,2176,2.5061999995159567,0.0012999998943996616,0.00020000061340397224,0.013799999578623101,0.005100000635138713,2.532700000301702
533,d63_u5,angry,train,63,5,always,3,1,1,0,0,0,1,1,0,ok,"{""sentences"": [""I hear you."", ""We can pause here for a moment.""], ""safety"": ""ok""}",1,2176,3.3777999997255392,0.0012999998943996616,0.00020000061340397224,0.01430000065738568,0.005199999577598646,3.404900000532507
534,d63_u6,neutral,train,63,6,always,3,1,1,0,0,0,1,1,0,ok,"{""sentences"": [""I hear you."", ""We can pause here for a moment.""], ""safety"": ""ok""}",1,2176,2.7917999996134313,0.01809999957913533,0.00019999970390927047,0.014100000043981709,0.005200000487093348,2.8355000004012254
535,d63_u7,sad,train,63,7,always,3,1,1,0,0,0,1,1,0,ok,"{""sentences"": [""I hear you."", ""We can pause here for a moment.""], ""safety"": ""ok""}",1,2176,2.579599999990023,0.0012000000424450263,0.00030000046535860747,0.013699999726668466,0.005099999725644011,2.605300000141142
536,d64_u0,angry,train,64,0,always,3,1,1,0,0,0,1,1,0,ok,"{""sentences"": [""I hear you."", ""We can pause here for a moment.""], ""safety"": ""ok""}",1,2176,2.880600000025879,0.0012000000424450263,0.00019999970390927047,0.01359999987471383,0.005099999725644011,2.9065999997328618
537,d64_u1,neutral,train,64,1,always,3,1,1,0,0,0,1,1,0,ok,"{""sentences"": [""I hear you."", ""We can pause here for a moment.""], ""safety"": ""ok""}",1,2176,2.591700000266428,0.0013000008038943633,0.00030000046535860747,0.014100000043981709,0.005199999577598646,2.618800000163901
538,d64_u2,neutral,train,64,2,always,3,1,1,0,0,0,1,1,0,ok,"{""sentences"": [""I hear you."", ""We can pause here for a moment.""], ""safety"": ""ok""}",1,2176,3.299499999229738,0.0014000006558489986,0.0002999995558639057,0.014400000509340316,0.005199999577598646,3.3268000006501097
539,d64_u3,neutral,train,64,3,always,3,1,1,0,0,0,1,1,0,ok,"{""sentences"": [""I hear you."", ""We can pause here for a moment.""], ""safety"": ""ok""}",1,2176,2.6032000005216105,0.0012000000424450263,0.00020000061340397224,0.013199999557400588,0.005100000635138713,2.6286000002073706
540,d64_u4,neutral,train,64,4,always,3,1,1,0,0,0,1,1,0,ok,"{""sentences"": [""I hear you."", ""We can pause here for a moment.""], ""safety"": ""ok""}",1,2176,3.1096000002435176,0.0013000008038943633,0.0002999995558639057,0.013700000636163168,0.005199999577598646,3.135900000415859
541,d64_u5,happy,train,64,5,always,3,1,1,0,0,0,1,1,0,ok,"{""sentences"": [""I hear you."", ""We can pause here for a moment.""], ""safety"": ""ok""}",1,2176,2.521299999898474,0.0012000000424450263,0.00030000046535860747,0.013699999726668466,0.005200000487093348,2.547199999753502
542,d64_u6,neutral,train,64,6,always,3,1,1,0,0,0,1,1,0,ok,"{""sentences"": [""I hear you."", ""We can pause here for a moment.""], ""safety"": ""ok""}",1,2176,3.1152000001384295,0.0012000000424450263,0.00030000046535860747,0.014100000043981709,0.0052999994295532815,3.1420999994224985
543,d64_u7,happy,train,64,7,always,3,1,1,0,0,0,1,1,0,ok,"{""sentences"": [""I hear you."", ""We can pause here for a moment.""], ""safety"": ""ok""}",1,2176,2.367199999753211,0.0012999998943996616,0.00030000046535860747,0.029599999834317714,0.005099999725644011,2.409300000181247
544,d64_u8,happy,train,64,8,always,3,1,1,0,0,0,1,1,0,ok,"{""sentences"": [""I hear you."", ""We can pause here for a moment.""], ""safety"": ""ok""}",1,2176,2.997099999447528,0.001100000190490391,0.0002999995558639057,0.014000000192027073,0.005300000339047983,3.0240000005505863
545,d64_u9,angry,train,64,9,always,3,1,1,0,0,0,1,1,0,ok,"{""sentences"": [""I hear you."", ""We can pause here for a moment.""], ""safety"": ""ok""}",1,2176,2.944099999695027,0.0012000000424450263,0.0002999995558639057,0.013899999430577736,0.005199999577598646,2.9705999995712773
546,d64_u10,neutral,train,64,10,always,3,1,1,0,0,0,1,1,0,ok,"{""sentences"": [""I hear you."", ""We can pause here for a moment.""], ""safety"": ""ok""}",1,2176,3.3370999999533524,0.0012999998943996616,0.0002999995558639057,0.014100000043981709,0.004999999873689376,3.363899999385467
547,d64_u11,angry,train,64,11,always,3,1,1,0,0,0,1,1,0,ok,"{""sentences"": [""I hear you."", ""We can pause here for a moment.""], ""safety"": ""ok""}",1,2176,2.8253000000404427,0.0012999998943996616,0.00019999970390927047,0.014600000213249587,0.0054000001910026185,2.8531999996630475
548,d64_u12,neutral,train,64,12,always,3,1,1,0,0,0,1,1,0,ok,"{""sentences"": [""I hear you."", ""We can pause here for a moment.""], ""safety"": ""ok""}",1,2176,2.6854000007006107,0.0012000000424450263,0.00020000061340397224,0.013300000318849925,0.004900000021734741,2.710799999476876
549,d65_u0,happy,train,65,0,always,3,1,1,0,0,0,1,1,0,ok,"{""sentences"": [""I hear you."", ""We can pause here for a moment.""], ""safety"": ""ok""}",1,2176,3.0163000001266482,0.0012999998943996616,0.0002999995558639057,0.013899999430577736,0.005100000635138713,3.0423999996855855
550,d65_u2,neutral,train,65,2,always,3,1,1,0,0,0,1,1,0,ok,"{""sentences"": [""I hear you."", ""We can pause here for a moment.""], ""safety"": ""ok""}",1,2176,2.6710000001912704,0.0012999998943996616,0.0002999995558639057,0.014500000361294951,0.005500000042957254,2.6986000002580113
551,d65_u3,happy,train,65,3,always,3,1,1,0,0,0,1,1,0,ok,"{""sentences"": [""I hear you."", ""We can pause here for a moment.""], ""safety"": ""ok""}",1,2176,2.7565999998842017,0.0012000000424450263,0.00020000061340397224,0.013800000488117803,0.004800000169780105,2.7823000000353204
552,d66_u1,neutral,train,66,1,always,3,1,1,0,0,0,1,1,0,ok,"{""sentences"": [""I hear you."", ""We can pause here for a moment.""], ""safety"": ""ok""}",1,2176,2.8933000003235065,0.0012999998943996616,0.00030000046535860747,0.01320000046689529,0.004900000021734741,2.918399999543908
553,d66_u2,neutral,train,66,2,always,3,1,1,0,0,0,1,1,0,ok,"{""sentences"": [""I hear you."", ""We can pause here for a moment.""], ""safety"": ""ok""}",1,2176,2.5168000001940527,0.0013999997463542968,0.0002999995558639057,0.014000000192027073,0.004999999873689376,2.543199999308854
554,d66_u3,neutral,train,66,3,always,3,1,1,0,0,0,1,1,0,ok,"{""sentences"": [""I hear you."", ""We can pause here for a moment.""], ""safety"": ""ok""}",1,2176,2.9264999993756646,0.0012000000424450263,0.0002999995558639057,0.014100000043981709,0.005200000487093348,2.953700000034587
555,d66_u4,neutral,train,66,4,always,3,1,1,0,0,0,1,1,0,ok,"{""sentences"": [""I hear you."", ""We can pause here for a moment.""], ""safety"": ""ok""}",1,2176,3.122300000541145,0.0012000000424450263,0.00019999970390927047,0.014500000361294951,0.005300000339047983,3.149899999698391
556,d66_u6,neutral,train,66,6,always,3,1,1,0,0,0,1,1,0,ok,"{""sentences"": [""I hear you."", ""We can pause here for a moment.""], ""safety"": ""ok""}",1,2176,2.763799999229377,0.001100000190490391,0.00019999970390927047,0.01359999987471383,0.005200000487093348,2.7895000002899906
557,d66_u7,neutral,train,66,7,always,3,1,1,0,0,0,1,1,0,ok,"{""sentences"": [""I hear you."", ""We can pause here for a moment.""], ""safety"": ""ok""}",1,2176,3.274499999861291,0.0012000000424450263,0.00020000061340397224,0.014600000213249587,0.005200000487093348,3.3014999999068095
558,d66_u8,sad,train,66,8,always,3,1,1,0,0,0,1,1,0,ok,"{""sentences"": [""I hear you."", ""We can pause here for a moment.""], ""safety"": ""ok""}",1,2176,2.679800000805699,0.0012999998943996616,0.00019999970390927047,0.013999999282532372,0.005099999725644011,2.7061000000685453
559,d66_u9,happy,train,66,9,always,3,1,1,0,0,0,1,1,0,ok,"{""sentences"": [""I hear you."", ""We can pause here for a moment.""], ""safety"": ""ok""}",1,2176,2.683199999410135,0.0012000000424450263,0.00019999970390927047,0.013900000340072438,0.005099999725644011,2.709299999878567
560,d66_u10,happy,train,66,10,always,3,1,1,0,0,0,1,1,0,ok,"{""sentences"": [""I hear you."", ""We can pause here for a moment.""], ""safety"": ""ok""}",1,2176,2.8771000006599934,0.0011999991329503246,0.0002999995558639057,0.013900000340072438,0.005099999725644011,2.903599999626749
561,d66_u11,sad,train,66,11,always,3,1,1,0,0,0,1,1,0,ok,"{""sentences"": [""I hear you."", ""We can pause here for a moment.""], ""safety"": ""ok""}",1,2176,2.725000000282307,0.0013999997463542968,0.00019999970390927047,0.013899999430577736,0.004999999873689376,2.751199999693199
562,d66_u12,neutral,train,66,12,always,3,1,1,0,0,0,1,1,0,ok,"{""sentences"": [""I hear you."", ""We can pause here for a moment.""], ""safety"": ""ok""}",1,2176,2.7442999999038875,0.0012999998943996616,0.00030000046535860747,0.014100000043981709,0.005300000339047983,2.7712000000974513
563,d67_u1,neutral,train,67,1,always,3,1,1,0,0,0,1,1,0,ok,"{""sentences"": [""I hear you."", ""We can pause here for a moment.""], ""safety"": ""ok""}",1,2176,2.8410000004441827,0.0011999991329503246,0.00019999970390927047,0.014199999895936344,0.005200000487093348,2.867799999876297
564,d67_u2,happy,train,67,2,always,3,1,1,0,0,0,1,1,0,ok,"{""sentences"": [""I hear you."", ""We can pause here for a moment.""], ""safety"": ""ok""}",1,2176,2.7218000004722853,0.0013000008038943633,0.00030000046535860747,0.014200000805431046,0.005099999725644011,2.7486999997563544
565,d67_u3,neutral,train,67,3,always,3,1,1,0,0,0,1,1,0,ok,"{""sentences"": [""I hear you."", ""We can pause here for a moment.""], ""safety"": ""ok""}",1,2176,2.6083000002472545,0.0013999997463542968,0.00030000046535860747,0.013999999282532372,0.005000000783184078,2.6347000002715504
566,d67_u5,happy,train,67,5,always,3,1,1,0,0,0,1,1,0,ok,"{""sentences"": [""I hear you."", ""We can pause here for a moment.""], ""safety"": ""ok""}",1,2176,2.7755000000979635,0.0012000000424450263,0.00020000061340397224,0.01359999987471383,0.005099999725644011,2.801099999487633
567,d67_u6,sad,train,67,6,always,3,1,1,0,0,0,1,1,0,ok,"{""sentences"": [""I hear you."", ""We can pause here for a moment.""], ""safety"": ""ok""}",1,2176,3.143100000670529,0.0013000008038943633,0.0002999995558639057,0.014000000192027073,0.005300000339047983,3.1699000001026434
568,d67_u7,happy,train,67,7,always,3,1,1,0,0,0,1,1,0,ok,"{""sentences"": [""I hear you."", ""We can pause here for a moment.""], ""safety"": ""ok""}",1,2176,2.9049999993731035,0.0012999998943996616,0.00030000046535860747,0.013700000636163168,0.005300000339047983,2.9313000004549394
569,d67_u8,happy,train,67,8,always,3,1,1,0,0,0,1,1,0,ok,"{""sentences"": [""I hear you."", ""We can pause here for a moment.""], ""safety"": ""ok""}",1,2176,3.128100000139966,0.0012999998943996616,0.00020000061340397224,0.013299999409355223,0.005100000635138713,3.1534999998257263
570,d67_u9,neutral,train,67,9,always,3,1,1,0,0,0,1,1,0,ok,"{""sentences"": [""I hear you."", ""We can pause here for a moment.""], ""safety"": ""ok""}",1,2176,2.697999999327294,0.0013999997463542968,0.0002999995558639057,0.014100000043981709,0.005099999725644011,2.7247000007264432
571,d67_u10,happy,train,67,10,always,3,1,1,0,0,0,1,1,0,ok,"{""sentences"": [""I hear you."", ""We can pause here for a moment.""], ""safety"": ""ok""}",1,2176,2.8399000002536923,0.0012000000424450263,0.00030000046535860747,0.01300000076298602,0.004900000021734741,2.8647999997701845
572,d67_u11,happy,train,67,11,always,3,1,1,0,0,0,1,1,0,ok,"{""sentences"": [""I hear you."", ""We can pause here for a moment.""], ""safety"": ""ok""}",1,2176,3.0692000000271946,0.0012999998943996616,0.00030000046535860747,0.013900000340072438,0.005100000635138713,3.0956000000514905
573,d67_u12,neutral,train,67,12,always,3,1,1,0,0,0,1,1,0,ok,"{""sentences"": [""I hear you."", ""We can pause here for a moment.""], ""safety"": ""ok""}",1,2176,2.8393000002324698,0.0012999998943996616,0.00019999970390927047,0.013900000340072438,0.005200000487093348,2.8657000002567656
574,d67_u13,neutral,train,67,13,always,3,1,1,0,0,0,1,1,0,ok,"{""sentences"": [""I hear you."", ""We can pause here for a moment.""], ""safety"": ""ok""}",1,2176,2.903599999626749,0.0013000008038943633,0.0002999995558639057,0.014100000043981709,0.005099999725644011,2.9303000001164037
575,d67_u14,neutral,train,67,14,always,3,1,1,0,0,0,1,1,0,ok,"{""sentences"": [""I hear you."", ""We can pause here for a moment.""], ""safety"": ""ok""}",1,2176,3.3114999996541883,0.0012000000424450263,0.00019999970390927047,0.014000000192027073,0.0052999994295532815,3.3382000001438428
576,d67_u15,angry,train,67,15,always,3,1,1,0,0,0,1,1,0,ok,"{""sentences"": [""I hear you."", ""We can pause here for a moment.""], ""safety"": ""ok""}",1,2176,2.319599999282218,0.0012999998943996616,0.00030000046535860747,0.013900000340072438,0.005099999725644011,2.3458000005120994
577,d68_u0,angry,train,68,0,always,3,1,1,0,0,0,1,1,0,ok,"{""sentences"": [""I hear you."", ""We can pause here for a moment.""], ""safety"": ""ok""}",1,2176,3.2282000001941924,0.0010999992809956893,0.00020000061340397224,0.013299999409355223,0.004800000169780105,3.2531999995626393
578,d68_u1,happy,train,68,1,always,3,1,1,0,0,0,1,1,0,ok,"{""sentences"": [""I hear you."", ""We can pause here for a moment.""], ""safety"": ""ok""}",1,2176,2.4929000001066015,0.0012000000424450263,0.00030000046535860747,0.013500000022759195,0.0052999994295532815,2.5187999999616295
579,d68_u2,neutral,train,68,2,always,3,1,1,0,0,0,1,1,0,ok,"{""sentences"": [""I hear you."", ""We can pause here for a moment.""], ""safety"": ""ok""}",1,2176,2.7660000005198526,0.0012999998943996616,0.00030000046535860747,0.01340000017080456,0.005099999725644011,2.791899999465386
580,d69_u0,happy,train,69,0,always,3,1,1,0,0,0,1,1,0,ok,"{""sentences"": [""I hear you."", ""We can pause here for a moment.""], ""safety"": ""ok""}",1,2176,2.722399999584013,0.001100000190490391,0.00019999970390927047,0.014799999917158857,0.005199999577598646,2.749900000708294
581,d69_u1,neutral,train,69,1,always,3,1,1,0,0,0,1,1,0,ok,"{""sentences"": [""I hear you."", ""We can pause here for a moment.""], ""safety"": ""ok""}",1,2176,3.181899999617599,0.0014000006558489986,0.00030000046535860747,0.014399999599845614,0.005300000339047983,3.20949999968434
582,d69_u2,neutral,train,69,2,always,3,1,1,0,0,0,1,1,0,ok,"{""sentences"": [""I hear you."", ""We can pause here for a moment.""], ""safety"": ""ok""}",1,2176,3.1289999997170526,0.0012000000424450263,0.00019999970390927047,0.013800000488117803,0.005199999577598646,3.155299999889394
583,d69_u4,sad,train,69,4,always,3,1,1,0,0,0,1,1,0,ok,"{""sentences"": [""I hear you."", ""We can pause here for a moment.""], ""safety"": ""ok""}",1,2176,2.3951999992277706,0.0012000000424450263,0.00019999970390927047,0.01359999987471383,0.005100000635138713,2.4368000003960333
584,d69_u5,neutral,train,69,5,always,3,1,1,0,0,0,1,1,0,ok,"{""sentences"": [""I hear you."", ""We can pause here for a moment.""], ""safety"": ""ok""}",1,2176,2.8929000000061933,0.0012999998943996616,0.0002999995558639057,0.013699999726668466,0.005199999577598646,2.9189999995651306
585,d69_u6,angry,train,69,6,always,3,1,1,0,0,0,1,1,0,ok,"{""sentences"": [""I hear you."", ""We can pause here for a moment.""], ""safety"": ""ok""}",1,2176,2.4327000000994303,0.0014000006558489986,0.00030000046535860747,0.014299999747890979,0.0052999994295532815,2.4602000003142166
586,d70_u0,happy,train,70,0,always,3,1,1,0,0,0,1,1,0,ok,"{""sentences"": [""I hear you."", ""We can pause here for a moment.""], ""safety"": ""ok""}",1,2176,3.9292999999815947,0.0012999998943996616,0.00030000046535860747,0.01430000065738568,0.005500000042957254,3.9567000003444264
587,d70_u1,neutral,train,70,1,always,3,1,1,0,0,0,1,1,0,ok,"{""sentences"": [""I hear you."", ""We can pause here for a moment.""], ""safety"": ""ok""}",1,2176,2.752399999735644,0.0010999992809956893,0.0002999995558639057,0.01340000017080456,0.005199999577598646,2.777899999273359
588,d70_u2,neutral,train,70,2,always,3,1,1,0,0,0,1,1,0,ok,"{""sentences"": [""I hear you."", ""We can pause here for a moment.""], ""safety"": ""ok""}",1,2176,2.403700000286335,0.0012999998943996616,0.00030000046535860747,0.013799999578623101,0.005300000339047983,2.429899999697227
589,d70_u3,neutral,train,70,3,always,3,1,1,0,0,0,1,1,0,ok,"{""sentences"": [""I hear you."", ""We can pause here for a moment.""], ""safety"": ""ok""}",1,2176,2.4938999995356426,0.0012999998943996616,0.0002999995558639057,0.014600000213249587,0.0052999994295532815,2.521600000363833
590,d70_u4,neutral,train,70,4,always,3,1,1,0,0,0,1,1,0,ok,"{""sentences"": [""I hear you."", ""We can pause here for a moment.""], ""safety"": ""ok""}",1,2176,2.7341000004525995,0.0012999998943996616,0.00019999970390927047,0.013699999726668466,0.005100000635138713,2.760399999715446
591,d70_u5,angry,train,70,5,always,3,1,1,0,0,0,1,1,0,ok,"{""sentences"": [""I hear you."", ""We can pause here for a moment.""], ""safety"": ""ok""}",1,2176,3.048800000215124,0.0012000000424450263,0.00019999970390927047,0.014199999895936344,0.005200000487093348,3.0757999993511476
592,d70_u6,neutral,train,70,6,always,3,1,1,0,0,0,1,1,0,ok,"{""sentences"": [""I hear you."", ""We can pause here for a moment.""], ""safety"": ""ok""}",1,2176,3.072200000133307,0.0012000000424450263,0.00019999970390927047,0.012599999536178075,0.00470000031782547,3.0961000002207584
593,d70_u7,angry,train,70,7,always,3,1,1,0,0,0,1,1,0,ok,"{""sentences"": [""I hear you."", ""We can pause here for a moment.""], ""safety"": ""ok""}",1,2176,2.85130000065692,0.0013000008038943633,0.00030000046535860747,0.014400000509340316,0.005099999725644011,2.8785000004063477
594,d70_u8,angry,train,70,8,always,3,1,1,0,0,0,1,1,0,ok,"{""sentences"": [""I hear you."", ""We can pause here for a moment.""], ""safety"": ""ok""}",1,2176,2.2472999999081367,0.0012000000424450263,0.00020000061340397224,0.013600000784208532,0.0052999994295532815,2.2736999999324325
595,d71_u0,neutral,train,71,0,always,3,1,1,0,0,0,1,1,0,ok,"{""sentences"": [""I hear you."", ""We can pause here for a moment.""], ""safety"": ""ok""}",1,2176,2.73529999958555,0.0012000000424450263,0.00019999970390927047,0.013999999282532372,0.005399999281507917,2.7617000005193404
596,d71_u1,neutral,train,71,1,always,3,1,1,0,0,0,1,1,0,ok,"{""sentences"": [""I hear you."", ""We can pause here for a moment.""], ""safety"": ""ok""}",1,2176,3.253900000345311,0.0012999998943996616,0.0002999995558639057,0.013799999578623101,0.005100000635138713,3.280099999756203
597,d72_u0,neutral,train,72,0,always,3,1,1,0,0,0,1,1,0,ok,"{""sentences"": [""I hear you."", ""We can pause here for a moment.""], ""safety"": ""ok""}",1,2176,2.756099999714934,0.0012000000424450263,0.00030000046535860747,0.013800000488117803,0.004999999873689376,2.781999999569962
598,d72_u2,neutral,train,72,2,always,3,1,1,0,0,0,1,1,0,ok,"{""sentences"": [""I hear you."", ""We can pause here for a moment.""], ""safety"": ""ok""}",1,2176,3.009600000041246,0.0013999997463542968,0.0002999995558639057,0.014100000043981709,0.005599999894911889,3.0375999995158054
599,d72_u4,neutral,train,72,4,always,3,1,1,0,0,0,1,1,0,ok,"{""sentences"": [""I hear you."", ""We can pause here for a moment.""], ""safety"": ""ok""}",1,2176,3.1152000001384295,0.0013000008038943633,0.00019999970390927047,0.01359999987471383,0.005099999725644011,3.1410999999934575
600,d72_u5,neutral,train,72,5,always,3,1,1,0,0,0,1,1,0,ok,"{""sentences"": [""I hear you."", ""We can pause here for a moment.""], ""safety"": ""ok""}",1,2176,2.776600000288454,0.001100000190490391,0.00020000061340397224,0.01359999987471383,0.005099999725644011,2.8021999996781233
601,d72_u6,neutral,train,72,6,always,3,1,1,0,0,0,1,1,0,ok,"{""sentences"": [""I hear you."", ""We can pause here for a moment.""], ""safety"": ""ok""}",1,2176,2.0000000004074536,0.0012000000424450263,0.00019999970390927047,0.01359999987471383,0.005100000635138713,2.0260000001144363
602,d72_u7,neutral,train,72,7,always,3,1,1,0,0,0,1,1,0,ok,"{""sentences"": [""I hear you."", ""We can pause here for a moment.""], ""safety"": ""ok""}",1,2176,2.9061000004730886,0.0012999998943996616,0.0002999995558639057,0.014199999895936344,0.005100000635138713,2.9328000000532484
603,d73_u0,neutral,train,73,0,always,3,1,1,0,0,0,1,1,0,ok,"{""sentences"": [""I hear you."", ""We can pause here for a moment.""], ""safety"": ""ok""}",1,2176,3.211600000213366,0.0013999997463542968,0.00019999970390927047,0.014199999895936344,0.005099999725644011,3.2385999993493897
604,d73_u1,happy,train,73,1,always,3,1,1,0,0,0,1,1,0,ok,"{""sentences"": [""I hear you."", ""We can pause here for a moment.""], ""safety"": ""ok""}",1,2176,2.398399999947287,0.0012000000424450263,0.00030000046535860747,0.013800000488117803,0.0052999994295532815,2.424500000415719
605,d73_u2,happy,train,73,2,always,3,1,1,0,0,0,1,1,0,ok,"{""sentences"": [""I hear you."", ""We can pause here for a moment.""], ""safety"": ""ok""}",1,2176,3.057700000681507,0.0012999998943996616,0.00030000046535860747,0.01340000017080456,0.005200000487093348,3.083399999923131
606,d73_u3,neutral,train,73,3,always,3,1,1,0,0,0,1,1,0,ok,"{""sentences"": [""I hear you."", ""We can pause here for a moment.""], ""safety"": ""ok""}",1,2176,2.639600000293285,0.0012000000424450263,0.00020000061340397224,0.013899999430577736,0.005199999577598646,2.6658999995561317
607,d73_u4,neutral,train,73,4,always,3,1,1,0,0,0,1,1,0,ok,"{""sentences"": [""I hear you."", ""We can pause here for a moment.""], ""safety"": ""ok""}",1,2176,3.229099999771279,0.0013000008038943633,0.00019999970390927047,0.014299999747890979,0.005200000487093348,3.255900000112888
608,d73_u5,neutral,train,73,5,always,3,1,1,0,0,0,1,1,0,ok,"{""sentences"": [""I hear you."", ""We can pause here for a moment.""], ""safety"": ""ok""}",1,2176,2.7909999998882995,0.0015000005078036338,0.00020000061340397224,0.014199999895936344,0.0052999994295532815,2.8185999999550404
609,d73_u7,neutral,train,73,7,always,3,1,1,0,0,0,1,1,0,ok,"{""sentences"": [""I hear you."", ""We can pause here for a moment.""], ""safety"": ""ok""}",1,2176,2.3228000000017346,0.0012999998943996616,0.00019999970390927047,0.013699999726668466,0.005100000635138713,2.348800000618212
610,d73_u8,neutral,train,73,8,always,3,1,1,0,0,0,1,1,0,ok,"{""sentences"": [""I hear you."", ""We can pause here for a moment.""], ""safety"": ""ok""}",1,2176,2.600699999675271,0.0012999998943996616,0.00019999970390927047,0.013199999557400588,0.005100000635138713,2.6260000004185713
611,d73_u9,neutral,train,73,9,always,3,1,1,0,0,0,1,1,0,ok,"{""sentences"": [""I hear you."", ""We can pause here for a moment.""], ""safety"": ""ok""}",1,2176,3.1410999999934575,0.0011999991329503246,0.0002999995558639057,0.014000000192027073,0.005100000635138713,3.1676999997216626
612,d73_u11,neutral,train,73,11,always,3,1,1,0,0,0,1,1,0,ok,"{""sentences"": [""I hear you."", ""We can pause here for a moment.""], ""safety"": ""ok""}",1,2176,2.55860000015673,0.0012999998943996616,0.00030000046535860747,0.013899999430577736,0.004999999873689376,2.584799999567622
613,d74_u0,happy,train,74,0,always,3,1,1,0,0,0,1,1,0,ok,"{""sentences"": [""I hear you."", ""We can pause here for a moment.""], ""safety"": ""ok""}",1,2176,3.3431000001655775,0.0012999998943996616,0.00030000046535860747,0.014100000043981709,0.005199999577598646,3.369899999597692
614,d74_u1,neutral,train,74,1,always,3,1,1,0,0,0,1,1,0,ok,"{""sentences"": [""I hear you."", ""We can pause here for a moment.""], ""safety"": ""ok""}",1,2176,2.6477000001250417,0.0012999998943996616,0.00030000046535860747,0.013300000318849925,0.005099999725644011,2.6731000007202965
615,d74_u2,neutral,train,74,2,always,3,1,1,0,0,0,1,1,0,ok,"{""sentences"": [""I hear you."", ""We can pause here for a moment.""], ""safety"": ""ok""}",1,2176,3.216400000383146,0.0012999998943996616,0.00019999970390927047,0.013699999726668466,0.005100000635138713,3.2424000000901287
616,d74_u3,neutral,train,74,3,always,3,1,1,0,0,0,1,1,0,ok,"{""sentences"": [""I hear you."", ""We can pause here for a moment.""], ""safety"": ""ok""}",1,2176,2.5510000004942412,0.0012000000424450263,0.00019999970390927047,0.014199999895936344,0.005199999577598646,2.5780999994822196
617,d74_u5,angry,train,74,5,always,3,1,1,0,0,0,1,1,0,ok,"{""sentences"": [""I hear you."", ""We can pause here for a moment.""], ""safety"": ""ok""}",1,2176,2.5163999998767395,0.001100000190490391,0.00030000046535860747,0.013500000022759195,0.004900000021734741,2.5418000004719943
618,d74_u6,angry,train,74,6,always,3,1,1,0,0,0,1,1,0,ok,"{""sentences"": [""I hear you."", ""We can pause here for a moment.""], ""safety"": ""ok""}",1,2176,2.6630000002114684,0.0012000000424450263,0.00030000046535860747,0.01359999987471383,0.005199999577598646,2.6889000000664964
619,d75_u0,neutral,train,75,0,always,3,1,1,0,0,0,1,1,0,ok,"{""sentences"": [""I hear you."", ""We can pause here for a moment.""], ""safety"": ""ok""}",1,2176,3.4574999999676947,0.0012000000424450263,0.00019999970390927047,0.013099999705445953,0.005100000635138713,3.482600000097591
620,d76_u0,neutral,train,76,0,always,3,1,1,0,0,0,1,1,0,ok,"{""sentences"": [""I hear you."", ""We can pause here for a moment.""], ""safety"": ""ok""}",1,2176,3.0621999994764337,0.0012000000424450263,0.0002999995558639057,0.01320000046689529,0.004900000021734741,3.0874000003677793
621,d76_u1,neutral,train,76,1,always,3,1,1,0,0,0,1,1,0,ok,"{""sentences"": [""I hear you."", ""We can pause here for a moment.""], ""safety"": ""ok""}",1,2176,2.086099999360158,0.0012999998943996616,0.00030000046535860747,0.013899999430577736,0.0054000001910026185,2.1126000001459033
622,d76_u2,neutral,train,76,2,always,3,1,1,0,0,0,1,1,0,ok,"{""sentences"": [""I hear you."", ""We can pause here for a moment.""], ""safety"": ""ok""}",1,2176,2.644000000145752,0.0012000000424450263,0.00020000061340397224,0.01320000046689529,0.004999999873689376,2.6692999999795575
623,d76_u3,neutral,train,76,3,always,3,1,1,0,0,0,1,1,0,ok,"{""sentences"": [""I hear you."", ""We can pause here for a moment.""], ""safety"": ""ok""}",1,2176,3.0523000004905043,0.0014000006558489986,0.00030000046535860747,0.014400000509340316,0.0054000001910026185,3.079799999795796
624,d76_u4,neutral,train,76,4,always,3,1,1,0,0,0,1,1,0,ok,"{""sentences"": [""I hear you."", ""We can pause here for a moment.""], ""safety"": ""ok""}",1,2176,2.461300000504707,0.0011999991329503246,0.00019999970390927047,0.01359999987471383,0.005000000783184078,2.4873000002116896
625,d76_u5,happy,train,76,5,always,3,1,1,0,0,0,1,1,0,ok,"{""sentences"": [""I hear you."", ""We can pause here for a moment.""], ""safety"": ""ok""}",1,2176,2.6705000000220025,0.0012000000424450263,0.0002999995558639057,0.013300000318849925,0.004999999873689376,2.6956000001518987
626,d76_u6,happy,train,76,6,always,3,1,1,0,0,0,1,1,0,ok,"{""sentences"": [""I hear you."", ""We can pause here for a moment.""], ""safety"": ""ok""}",1,2176,2.9518999999709195,0.0013000008038943633,0.00030000046535860747,0.013299999409355223,0.005100000635138713,2.9773000005661743
627,d76_u7,sad,train,76,7,always,3,1,1,0,0,0,1,1,0,ok,"{""sentences"": [""I hear you."", ""We can pause here for a moment.""], ""safety"": ""ok""}",1,2176,2.38439999975526,0.0012000000424450263,0.00019999970390927047,0.014100000043981709,0.005300000339047983,2.410799999779556
628,d77_u0,neutral,train,77,0,always,3,1,1,0,0,0,1,1,0,ok,"{""sentences"": [""I hear you."", ""We can pause here for a moment.""], ""safety"": ""ok""}",1,2176,2.7895000002899906,0.0014000006558489986,0.0002999995558639057,0.014000000192027073,0.005200000487093348,2.816000000166241
629,d77_u1,neutral,train,77,1,always,3,1,1,0,0,0,1,1,0,ok,"{""sentences"": [""I hear you."", ""We can pause here for a moment.""], ""safety"": ""ok""}",1,2176,3.1257999999070307,0.0012000000424450263,0.00030000046535860747,0.014599999303754885,0.0052999994295532815,3.1533999999737716
630,d77_u2,neutral,train,77,2,always,3,1,1,0,0,0,1,1,0,ok,"{""sentences"": [""I hear you."", ""We can pause here for a moment.""], ""safety"": ""ok""}",1,2176,3.412400000343041,0.0013999997463542968,0.00030000046535860747,0.014600000213249587,0.0052999994295532815,3.440099999352242
631,d77_u3,neutral,train,77,3,always,3,1,1,0,0,0,1,1,0,ok,"{""sentences"": [""I hear you."", ""We can pause here for a moment.""], ""safety"": ""ok""}",1,2176,2.6703000003180932,0.001100000190490391,0.0002999995558639057,0.013900000340072438,0.005300000339047983,2.6963999998770305
632,d77_u4,happy,train,77,4,always,3,1,1,0,0,0,1,1,0,ok,"{""sentences"": [""I hear you."", ""We can pause here for a moment.""], ""safety"": ""ok""}",1,2176,2.5972999992518453,0.001100000190490391,0.00019999970390927047,0.013699999726668466,0.005099999725644011,2.623200000016368
633,d78_u0,happy,train,78,0,always,3,1,1,0,0,0,1,1,0,ok,"{""sentences"": [""I hear you."", ""We can pause here for a moment.""], ""safety"": ""ok""}",1,2176,2.7786999999079853,0.0012999998943996616,0.00030000046535860747,0.014100000043981709,0.005200000487093348,2.8054999993400997
634,d78_u1,angry,train,78,1,always,3,1,1,0,0,0,1,1,0,ok,"{""sentences"": [""I hear you."", ""We can pause here for a moment.""], ""safety"": ""ok""}",1,2176,2.384899999924528,0.0012999998943996616,0.00019999970390927047,0.013799999578623101,0.004900000021734741,2.4111000002449146
635,d78_u2,angry,train,78,2,always,3,1,1,0,0,0,1,1,0,ok,"{""sentences"": [""I hear you."", ""We can pause here for a moment.""], ""safety"": ""ok""}",1,2176,2.979800000503019,0.0012000000424450263,0.00020000061340397224,0.014399999599845614,0.005200000487093348,3.006699999787088
636,d78_u3,neutral,train,78,3,always,3,1,1,0,0,0,1,1,0,ok,"{""sentences"": [""I hear you."", ""We can pause here for a moment.""], ""safety"": ""ok""}",1,2176,2.9000999993513688,0.0012999998943996616,0.00020000061340397224,0.013699999726668466,0.005099999725644011,2.92630000058125
637,d79_u0,neutral,train,79,0,always,3,1,1,0,0,0,1,1,0,ok,"{""sentences"": [""I hear you."", ""We can pause here for a moment.""], ""safety"": ""ok""}",1,2176,2.684699999917939,0.001100000190490391,0.00019999970390927047,0.013100000614940654,0.004999999873689376,2.7097000001958804
638,d79_u2,happy,train,79,2,always,3,1,1,0,0,0,1,1,0,ok,"{""sentences"": [""I hear you."", ""We can pause here for a moment.""], ""safety"": ""ok""}",1,2176,2.732099999775528,0.0012000000424450263,0.00030000046535860747,0.013300000318849925,0.005200000487093348,2.7576000002227374
639,d79_u4,neutral,train,79,4,always,3,1,1,0,0,0,1,1,0,ok,"{""sentences"": [""I hear you."", ""We can pause here for a moment.""], ""safety"": ""ok""}",1,2176,2.6571999997031526,0.001499999598308932,0.00019999970390927047,0.014399999599845614,0.005300000339047983,2.6842999996006256
640,d79_u6,neutral,train,79,6,always,3,1,1,0,0,0,1,1,0,ok,"{""sentences"": [""I hear you."", ""We can pause here for a moment.""], ""safety"": ""ok""}",1,2176,2.7206000004298403,0.0012000000424450263,0.00019999970390927047,0.014100000043981709,0.005200000487093348,2.7473999998619547
641,d79_u7,neutral,train,79,7,always,3,1,1,0,0,0,1,1,0,ok,"{""sentences"": [""I hear you."", ""We can pause here for a moment.""], ""safety"": ""ok""}",1,2176,2.988799999911862,0.0012999998943996616,0.0002999995558639057,0.01359999987471383,0.005099999725644011,3.0145999999149353
642,d80_u0,neutral,train,80,0,always,3,1,1,0,0,0,1,1,0,ok,"{""sentences"": [""I hear you."", ""We can pause here for a moment.""], ""safety"": ""ok""}",1,2176,2.77020000066841,0.0011999991329503246,0.0002999995558639057,0.013900000340072438,0.005099999725644011,2.7967000005446607
643,d80_u1,happy,train,80,1,always,3,1,1,0,0,0,1,1,0,ok,"{""sentences"": [""I hear you."", ""We can pause here for a moment.""], ""safety"": ""ok""}",1,2176,3.010000000358559,0.0012999998943996616,0.00019999970390927047,0.014399999599845614,0.005300000339047983,3.0374999996638508
644,d80_u3,neutral,train,80,3,always,3,1,1,0,0,0,1,1,0,ok,"{""sentences"": [""I hear you."", ""We can pause here for a moment.""], ""safety"": ""ok""}",1,2176,3.0600000000049477,0.0012999998943996616,0.00019999970390927047,0.013900000340072438,0.0054000001910026185,3.086799999437062
645,d80_u4,neutral,train,80,4,always,3,1,1,0,0,0,1,1,0,ok,"{""sentences"": [""I hear you."", ""We can pause here for a moment.""], ""safety"": ""ok""}",1,2176,2.995399999235815,0.0012000000424450263,0.00019999970390927047,0.014199999895936344,0.005199999577598646,3.0222000004869187
646,d80_u5,neutral,train,80,5,always,3,1,1,0,0,0,1,1,0,ok,"{""sentences"": [""I hear you."", ""We can pause here for a moment.""], ""safety"": ""ok""}",1,2176,2.98689999999624,0.0012000000424450263,0.00020000061340397224,0.01359999987471383,0.005099999725644011,3.012799999851268
647,d81_u0,neutral,train,81,0,always,3,1,1,0,0,0,1,1,0,ok,"{""sentences"": [""I hear you."", ""We can pause here for a moment.""], ""safety"": ""ok""}",1,2176,4.963800000041374,0.002100000529026147,0.00030000046535860747,0.022599999283556826,0.010599999768601265,5.008199999792851
648,d81_u1,neutral,train,81,1,always,3,1,1,0,0,0,1,1,0,ok,"{""sentences"": [""I hear you."", ""We can pause here for a moment.""], ""safety"": ""ok""}",1,2176,5.2663999995274935,0.0015999994502635673,0.00030000046535860747,0.016199999663513154,0.0059000003602704965,5.296700000144483
649,d81_u2,neutral,train,81,2,always,3,1,1,0,0,0,1,1,0,ok,"{""sentences"": [""I hear you."", ""We can pause here for a moment.""], ""safety"": ""ok""}",1,2176,5.165399999896181,0.001499999598308932,0.00019999970390927047,0.01539999993838137,0.006100000064179767,5.194800000026589
650,d81_u3,happy,train,81,3,always,3,1,1,0,0,0,1,1,0,ok,"{""sentences"": [""I hear you."", ""We can pause here for a moment.""], ""safety"": ""ok""}",1,2176,5.613899999843852,0.0014000006558489986,0.00019999970390927047,0.014799999917158857,0.005300000339047983,5.641300000206684
651,d81_u5,neutral,train,81,5,always,3,1,1,0,0,0,1,1,0,ok,"{""sentences"": [""I hear you."", ""We can pause here for a moment.""], ""safety"": ""ok""}",1,2176,3.682900000057998,0.0012000000424450263,0.00019999970390927047,0.014600000213249587,0.005500000042957254,3.710299999511335
652,d81_u6,happy,train,81,6,always,3,1,1,0,0,0,1,1,0,ok,"{""sentences"": [""I hear you."", ""We can pause here for a moment.""], ""safety"": ""ok""}",1,2176,3.523400000631227,0.0015000005078036338,0.0002999995558639057,0.014799999917158857,0.005500000042957254,3.5512000004018773
653,d81_u8,happy,train,81,8,always,3,1,1,0,0,0,1,1,0,ok,"{""sentences"": [""I hear you."", ""We can pause here for a moment.""], ""safety"": ""ok""}",1,2176,3.357999999934691,0.0013999997463542968,0.00030000046535860747,0.01500000053056283,0.005300000339047983,3.3859000004667905
654,d81_u9,neutral,train,81,9,always,3,1,1,0,0,0,1,1,0,ok,"{""sentences"": [""I hear you."", ""We can pause here for a moment.""], ""safety"": ""ok""}",1,2176,3.7534999992203666,0.0012999998943996616,0.00019999970390927047,0.014000000192027073,0.005200000487093348,3.7803000004714704
655,d81_u10,neutral,train,81,10,always,3,1,1,0,0,0,1,1,0,ok,"{""sentences"": [""I hear you."", ""We can pause here for a moment.""], ""safety"": ""ok""}",1,2176,3.2645000001139124,0.0012000000424450263,0.00030000046535860747,0.014199999895936344,0.005300000339047983,3.291500000159431
656,d81_u11,angry,train,81,11,always,3,1,1,0,0,0,1,1,0,ok,"{""sentences"": [""I hear you."", ""We can pause here for a moment.""], ""safety"": ""ok""}",1,2176,2.767400000266207,0.0012000000424450263,0.0002999995558639057,0.014299999747890979,0.0054000001910026185,2.7944999992541852
657,d81_u12,neutral,train,81,12,always,3,1,1,0,0,0,1,1,0,ok,"{""sentences"": [""I hear you."", ""We can pause here for a moment.""], ""safety"": ""ok""}",1,2176,2.8280000005906913,0.0012000000424450263,0.00019999970390927047,0.014100000043981709,0.005099999725644011,2.854500000466942
658,d81_u13,angry,train,81,13,always,3,1,1,0,0,0,1,1,0,ok,"{""sentences"": [""I hear you."", ""We can pause here for a moment.""], ""safety"": ""ok""}",1,2176,2.2707999996782746,0.001100000190490391,0.00019999970390927047,0.013199999557400588,0.005099999725644011,2.2957000001042616
659,d81_u14,angry,train,81,14,always,3,1,1,0,0,0,1,1,0,ok,"{""sentences"": [""I hear you."", ""We can pause here for a moment.""], ""safety"": ""ok""}",1,2176,3.4195999996882165,0.0013999997463542968,0.00019999970390927047,0.014100000043981709,0.005200000487093348,3.4462000003259163
660,d81_u15,angry,train,81,15,always,3,1,1,0,0,0,1,1,0,ok,"{""sentences"": [""I hear you."", ""We can pause here for a moment.""], ""safety"": ""ok""}",1,2176,2.6358999994045007,0.0012999998943996616,0.0002999995558639057,0.014199999895936344,0.0054000001910026185,2.662800000507559
661,d82_u0,neutral,train,82,0,always,3,1,1,0,0,0,1,1,0,ok,"{""sentences"": [""I hear you."", ""We can pause here for a moment.""], ""safety"": ""ok""}",1,2176,2.3353999995379127,0.0012000000424450263,0.00030000046535860747,0.014399999599845614,0.005200000487093348,2.3622999997314764
662,d82_u1,neutral,train,82,1,always,3,1,1,0,0,0,1,1,0,ok,"{""sentences"": [""I hear you."", ""We can pause here for a moment.""], ""safety"": ""ok""}",1,2176,2.730600000177219,0.0012999998943996616,0.0002999995558639057,0.013500000022759195,0.004999999873689376,2.756099999714934
663,d82_u2,angry,train,82,2,always,3,1,1,0,0,0,1,1,0,ok,"{""sentences"": [""I hear you."", ""We can pause here for a moment.""], ""safety"": ""ok""}",1,2176,2.739100000326289,0.0012999998943996616,0.00019999970390927047,0.014100000043981709,0.005199999577598646,2.765999999610358
664,d82_u4,sad,train,82,4,always,3,1,1,0,0,0,1,1,0,ok,"{""sentences"": [""I hear you."", ""We can pause here for a moment.""], ""safety"": ""ok""}",1,2176,3.061300000808842,0.0012000000424450263,0.00030000046535860747,0.01340000017080456,0.004999999873689376,3.086599999733153
665,d82_u5,neutral,train,82,5,always,3,1,1,0,0,0,1,1,0,ok,"{""sentences"": [""I hear you."", ""We can pause here for a moment.""], ""safety"": ""ok""}",1,2176,2.6231999991068733,0.0012999998943996616,0.00019999970390927047,0.014299999747890979,0.005100000635138713,2.650000000357977
666,d82_u7,neutral,train,82,7,always,3,1,1,0,0,0,1,1,0,ok,"{""sentences"": [""I hear you."", ""We can pause here for a moment.""], ""safety"": ""ok""}",1,2176,6.319599999187631,0.0012999998943996616,0.0002999995558639057,0.014100000043981709,0.005099999725644011,6.346400000438734
667,d82_u10,neutral,train,82,10,always,3,1,1,0,0,0,1,1,0,ok,"{""sentences"": [""I hear you."", ""We can pause here for a moment.""], ""safety"": ""ok""}",1,2176,5.727499999920838,0.0012999998943996616,0.00030000046535860747,0.014099999134487007,0.005399999281507917,5.754600000727805
668,d82_u11,neutral,train,82,11,always,3,1,1,0,0,0,1,1,0,ok,"{""sentences"": [""I hear you."", ""We can pause here for a moment.""], ""safety"": ""ok""}",1,2176,6.096399999478308,0.0013999997463542968,0.00030000046535860747,0.014199999895936344,0.005300000339047983,6.123500000285276
669,d83_u0,neutral,train,83,0,always,3,1,1,0,0,0,1,1,0,ok,"{""sentences"": [""I hear you."", ""We can pause here for a moment.""], ""safety"": ""ok""}",1,2176,5.7393999995838385,0.0012000000424450263,0.00030000046535860747,0.013999999282532372,0.005200000487093348,5.765899999460089
670,d83_u1,neutral,train,83,1,always,3,1,1,0,0,0,1,1,0,ok,"{""sentences"": [""I hear you."", ""We can pause here for a moment.""], ""safety"": ""ok""}",1,2176,2.9592000000775442,0.0013999997463542968,0.00030000046535860747,0.01359999987471383,0.005199999577598646,2.985300000545976
671,d83_u2,angry,train,83,2,always,3,1,1,0,0,0,1,1,0,ok,"{""sentences"": [""I hear you."", ""We can pause here for a moment.""], ""safety"": ""ok""}",1,2176,2.8081000000383938,0.0012000000424450263,0.0002999995558639057,0.013799999578623101,0.005099999725644011,2.8345000000626897
672,d83_u3,neutral,train,83,3,always,3,1,1,0,0,0,1,1,0,ok,"{""sentences"": [""I hear you."", ""We can pause here for a moment.""], ""safety"": ""ok""}",1,2176,2.465600000505219,0.0012000000424450263,0.0002999995558639057,0.014100000043981709,0.005200000487093348,2.4922000002334244
673,d84_u1,angry,train,84,1,always,3,1,1,0,0,0,1,1,0,ok,"{""sentences"": [""I hear you."", ""We can pause here for a moment.""], ""safety"": ""ok""}",1,2176,2.7955000005022157,0.0012999998943996616,0.00030000046535860747,0.030100000003585592,0.005300000339047983,2.838299999893934
674,d84_u2,angry,train,84,2,always,3,1,1,0,0,0,1,1,0,ok,"{""sentences"": [""I hear you."", ""We can pause here for a moment.""], ""safety"": ""ok""}",1,2176,2.8937999995832797,0.0012000000424450263,0.00019999970390927047,0.014100000043981709,0.005199999577598646,2.920700000686338
675,d84_u3,angry,train,84,3,always,3,1,1,0,0,0,1,1,0,ok,"{""sentences"": [""I hear you."", ""We can pause here for a moment.""], ""safety"": ""ok""}",1,2176,2.894199999900593,0.0012000000424450263,0.00030000046535860747,0.014000000192027073,0.005199999577598646,2.9208999994807527
676,d84_u4,neutral,train,84,4,always,3,1,1,0,0,0,1,1,0,ok,"{""sentences"": [""I hear you."", ""We can pause here for a moment.""], ""safety"": ""ok""}",1,2176,2.409000000625383,0.0012000000424450263,0.00030000046535860747,0.014199999895936344,0.005300000339047983,2.435999999761407
677,d84_u5,neutral,train,84,5,always,3,1,1,0,0,0,1,1,0,ok,"{""sentences"": [""I hear you."", ""We can pause here for a moment.""], ""safety"": ""ok""}",1,2176,3.0169999999998254,0.0012000000424450263,0.00030000046535860747,0.013899999430577736,0.005099999725644011,3.043299999262672
678,d84_u6,sad,train,84,6,always,3,1,1,0,0,0,1,1,0,ok,"{""sentences"": [""I hear you."", ""We can pause here for a moment.""], ""safety"": ""ok""}",1,2176,2.9432000001179404,0.0012000000424450263,0.00030000046535860747,0.013199999557400588,0.005000000783184078,2.968400000099791
679,d85_u0,neutral,train,85,0,always,3,1,1,0,0,0,1,1,0,ok,"{""sentences"": [""I hear you."", ""We can pause here for a moment.""], ""safety"": ""ok""}",1,2176,2.513100000214763,0.0013999997463542968,0.00020000061340397224,0.014399999599845614,0.005099999725644011,2.5398999996468774
680,d85_u1,neutral,train,85,1,always,3,1,1,0,0,0,1,1,0,ok,"{""sentences"": [""I hear you."", ""We can pause here for a moment.""], ""safety"": ""ok""}",1,2176,2.9944999996587285,0.0012000000424450263,0.0002999995558639057,0.01340000017080456,0.005099999725644011,3.0198999993444886
681,d85_u2,neutral,train,85,2,always,3,1,1,0,0,0,1,1,0,ok,"{""sentences"": [""I hear you."", ""We can pause here for a moment.""], ""safety"": ""ok""}",1,2176,2.639300000737421,0.0012000000424450263,0.00030000046535860747,0.014100000043981709,0.005099999725644011,2.665799999704177
682,d85_u3,neutral,train,85,3,always,3,1,1,0,0,0,1,1,0,ok,"{""sentences"": [""I hear you."", ""We can pause here for a moment.""], ""safety"": ""ok""}",1,2176,2.566799999840441,0.0013999997463542968,0.0002999995558639057,0.014799999917158857,0.005699999746866524,2.595199999632314
683,d85_u4,neutral,train,85,4,always,3,1,1,0,0,0,1,1,0,ok,"{""sentences"": [""I hear you."", ""We can pause here for a moment.""], ""safety"": ""ok""}",1,2176,3.9223999992827885,0.0012000000424450263,0.00030000046535860747,0.014400000509340316,0.005500000042957254,3.949599999941711
684,d86_u0,neutral,train,86,0,always,3,1,1,0,0,0,1,1,0,ok,"{""sentences"": [""I hear you."", ""We can pause here for a moment.""], ""safety"": ""ok""}",1,2176,2.640900000187685,0.0012000000424450263,0.00030000046535860747,0.014500000361294951,0.005599999894911889,2.6685000002544257
685,d86_u1,neutral,train,86,1,always,3,1,1,0,0,0,1,1,0,ok,"{""sentences"": [""I hear you."", ""We can pause here for a moment.""], ""safety"": ""ok""}",1,2176,2.8391000005285605,0.0013999997463542968,0.00020000061340397224,0.014400000509340316,0.005300000339047983,2.8664999999818974
686,d86_u3,neutral,train,86,3,always,3,1,1,0,0,0,1,1,0,ok,"{""sentences"": [""I hear you."", ""We can pause here for a moment.""], ""safety"": ""ok""}",1,2176,2.829099999871687,0.0017000002117129043,0.00020000061340397224,0.014500000361294951,0.005599999894911889,2.856699999938428
687,d86_u4,neutral,train,86,4,always,3,1,1,0,0,0,1,1,0,ok,"{""sentences"": [""I hear you."", ""We can pause here for a moment.""], ""safety"": ""ok""}",1,2176,2.628299999742012,0.0013999997463542968,0.00019999970390927047,0.015900000107649248,0.006100000064179767,2.6586000003590016
688,d86_u6,neutral,train,86,6,always,3,1,1,0,0,0,1,1,0,ok,"{""sentences"": [""I hear you."", ""We can pause here for a moment.""], ""safety"": ""ok""}",1,2176,2.8458999995564227,0.004399999852466863,0.0002999995558639057,0.030299999707494862,0.012000000424450263,2.9051999999865075
689,d86_u7,neutral,train,86,7,always,3,1,1,0,0,0,1,1,0,ok,"{""sentences"": [""I hear you."", ""We can pause here for a moment.""], ""safety"": ""ok""}",1,2176,3.4860000005210168,0.0023000002329354174,0.0004000003173132427,0.021099999685247894,0.007900000127847306,3.526399999827845
690,d86_u8,neutral,train,86,8,always,3,1,1,0,0,0,1,1,0,ok,"{""sentences"": [""I hear you."", ""We can pause here for a moment.""], ""safety"": ""ok""}",1,2176,3.6861999997199746,0.0018999999156221747,0.0004000003173132427,0.01790000078472076,0.0068999997893115506,3.7204999998721178
691,d86_u9,neutral,train,86,9,always,3,1,1,0,0,0,1,1,0,ok,"{""sentences"": [""I hear you."", ""We can pause here for a moment.""], ""safety"": ""ok""}",1,2176,3.4778999997797655,0.001600000359758269,0.00019999970390927047,0.01610000072105322,0.006299999768089037,3.5086999996565282
692,d86_u10,happy,train,86,10,always,3,1,1,0,0,0,1,1,0,ok,"{""sentences"": [""I hear you."", ""We can pause here for a moment.""], ""safety"": ""ok""}",1,2176,3.1408000004375936,0.0013999997463542968,0.00019999970390927047,0.014400000509340316,0.005099999725644011,3.1679000003350666
693,d87_u0,sad,train,87,0,always,3,1,1,0,0,0,1,1,0,ok,"{""sentences"": [""I hear you."", ""We can pause here for a moment.""], ""safety"": ""ok""}",1,2176,3.0895999998392654,0.0013999997463542968,0.0002999995558639057,0.015300000086426735,0.0054000001910026185,3.1181999993350473
694,d87_u1,neutral,train,87,1,always,3,1,1,0,0,0,1,1,0,ok,"{""sentences"": [""I hear you."", ""We can pause here for a moment.""], ""safety"": ""ok""}",1,2176,2.9715000000578584,0.0012000000424450263,0.00030000046535860747,0.013699999726668466,0.005200000487093348,2.9976000005262904
695,d87_u2,sad,train,87,2,always,3,1,1,0,0,0,1,1,0,ok,"{""sentences"": [""I hear you."", ""We can pause here for a moment.""], ""safety"": ""ok""}",1,2176,2.501500000107626,0.0014000006558489986,0.0002999995558639057,0.014000000192027073,0.005099999725644011,2.527900000131922
696,d87_u3,sad,train,87,3,always,3,1,1,0,0,0,1,1,0,ok,"{""sentences"": [""I hear you."", ""We can pause here for a moment.""], ""safety"": ""ok""}",1,2176,3.0631999998149695,0.0022999993234407157,0.0004000003173132427,0.018900000213761814,0.006100000064179767,3.100899999481044
697,d87_u4,happy,train,87,4,always,3,1,1,0,0,0,1,1,0,ok,"{""sentences"": [""I hear you."", ""We can pause here for a moment.""], ""safety"": ""ok""}",1,2176,2.9716999997617677,0.0018000000636675395,0.00039999940781854093,0.018599999748403206,0.00850000014906982,3.0087999994066195
698,d87_u5,neutral,train,87,5,always,3,1,1,0,0,0,1,1,0,ok,"{""sentences"": [""I hear you."", ""We can pause here for a moment.""], ""safety"": ""ok""}",1,2176,3.1261000003723893,0.0012999998943996616,0.00019999970390927047,0.013800000488117803,0.005500000042957254,3.152799999952549
699,d87_u6,neutral,train,87,6,always,3,1,1,0,0,0,1,1,0,ok,"{""sentences"": [""I hear you."", ""We can pause here for a moment.""], ""safety"": ""ok""}",1,2176,2.814299999954528,0.0012999998943996616,0.0002999995558639057,0.014199999895936344,0.005200000487093348,2.8410000004441827
700,d87_u7,happy,train,87,7,always,3,1,1,0,0,0,1,1,0,ok,"{""sentences"": [""I hear you."", ""We can pause here for a moment.""], ""safety"": ""ok""}",1,2176,2.7469999995446415,0.0012999998943996616,0.00030000046535860747,0.01359999987471383,0.005199999577598646,2.773199999865028
701,d87_u8,happy,train,87,8,always,3,1,1,0,0,0,1,1,0,ok,"{""sentences"": [""I hear you."", ""We can pause here for a moment.""], ""safety"": ""ok""}",1,2176,2.4812999999994645,0.0012000000424450263,0.0002999995558639057,0.013199999557400588,0.004999999873689376,2.5061999995159567
702,d87_u9,happy,train,87,9,always,3,1,1,0,0,0,1,1,0,ok,"{""sentences"": [""I hear you."", ""We can pause here for a moment.""], ""safety"": ""ok""}",1,2176,3.914500000064436,0.0012000000424450263,0.00019999970390927047,0.013799999578623101,0.005099999725644011,3.9409000000887318
703,d88_u0,neutral,train,88,0,always,3,1,1,0,0,0,1,1,0,ok,"{""sentences"": [""I hear you."", ""We can pause here for a moment.""], ""safety"": ""ok""}",1,2176,2.917900000284135,0.0012999998943996616,0.0002999995558639057,0.014199999895936344,0.005099999725644011,2.94450000001234
704,d88_u1,happy,train,88,1,always,3,1,1,0,0,0,1,1,0,ok,"{""sentences"": [""I hear you."", ""We can pause here for a moment.""], ""safety"": ""ok""}",1,2176,2.6513000002523768,0.0012000000424450263,0.00019999970390927047,0.014100000043981709,0.005199999577598646,2.677699999367178
705,d88_u2,neutral,train,88,2,always,3,1,1,0,0,0,1,1,0,ok,"{""sentences"": [""I hear you."", ""We can pause here for a moment.""], ""safety"": ""ok""}",1,2176,2.6138000002902118,0.001100000190490391,0.00019999970390927047,0.013099999705445953,0.004699999408330768,2.638199999637436
706,d88_u3,neutral,train,88,3,always,3,1,1,0,0,0,1,1,0,ok,"{""sentences"": [""I hear you."", ""We can pause here for a moment.""], ""safety"": ""ok""}",1,2176,2.3977999999260646,0.0013000008038943633,0.00030000046535860747,0.015299999176932033,0.006100000064179767,2.4271000002045184
707,d89_u0,angry,train,89,0,always,3,1,1,0,0,0,1,1,0,ok,"{""sentences"": [""I hear you."", ""We can pause here for a moment.""], ""safety"": ""ok""}",1,2176,2.804400000059104,0.0012000000424450263,0.00030000046535860747,0.013999999282532372,0.004999999873689376,2.830599999469996
708,d89_u1,neutral,train,89,1,always,3,1,1,0,0,0,1,1,0,ok,"{""sentences"": [""I hear you."", ""We can pause here for a moment.""], ""safety"": ""ok""}",1,2176,2.935500000603497,0.0014000006558489986,0.00030000046535860747,0.014299999747890979,0.0054000001910026185,2.9630999997607432
709,d89_u2,happy,train,89,2,always,3,1,1,0,0,0,1,1,0,ok,"{""sentences"": [""I hear you."", ""We can pause here for a moment.""], ""safety"": ""ok""}",1,2176,3.058999999666412,0.0013999997463542968,0.00030000046535860747,0.013699999726668466,0.004900000021734741,3.1019000007290742
710,d89_u4,neutral,train,89,4,always,3,1,1,0,0,0,1,1,0,ok,"{""sentences"": [""I hear you."", ""We can pause here for a moment.""], ""safety"": ""ok""}",1,2176,3.260299999965355,0.0012999998943996616,0.0002999995558639057,0.014700000065204222,0.005200000487093348,3.2877000003281864
711,d89_u5,neutral,train,89,5,always,3,1,1,0,0,0,1,1,0,ok,"{""sentences"": [""I hear you."", ""We can pause here for a moment.""], ""safety"": ""ok""}",1,2176,2.6463000003786874,0.0012000000424450263,0.00020000061340397224,0.01449999945180025,0.005200000487093348,2.6736999998320243
712,d89_u6,happy,train,89,6,always,3,1,1,0,0,0,1,1,0,ok,"{""sentences"": [""I hear you."", ""We can pause here for a moment.""], ""safety"": ""ok""}",1,2176,2.447500000016589,0.0012000000424450263,0.00020000061340397224,0.030700000024808105,0.004800000169780105,2.489900000000489
713,d89_u7,happy,train,89,7,always,3,1,1,0,0,0,1,1,0,ok,"{""sentences"": [""I hear you."", ""We can pause here for a moment.""], ""safety"": ""ok""}",1,2176,3.1638999998904183,0.0013999997463542968,0.00030000046535860747,0.014399999599845614,0.005500000042957254,3.1914000001052045
714,d89_u8,neutral,train,89,8,always,3,1,1,0,0,0,1,1,0,ok,"{""sentences"": [""I hear you."", ""We can pause here for a moment.""], ""safety"": ""ok""}",1,2176,2.9518999999709195,0.0012999998943996616,0.00030000046535860747,0.014599999303754885,0.0054000001910026185,2.9799000003549736
715,d89_u9,angry,train,89,9,always,3,1,1,0,0,0,1,1,0,ok,"{""sentences"": [""I hear you."", ""We can pause here for a moment.""], ""safety"": ""ok""}",1,2176,2.808000000186439,0.0012999998943996616,0.00019999970390927047,0.01430000065738568,0.005199999577598646,2.835399999639776
716,d89_u11,angry,train,89,11,always,3,1,1,0,0,0,1,1,0,ok,"{""sentences"": [""I hear you."", ""We can pause here for a moment.""], ""safety"": ""ok""}",1,2176,3.0249999999796273,0.001600000359758269,0.00019999970390927047,0.013899999430577736,0.005200000487093348,3.0517999994117417
717,d89_u15,neutral,train,89,15,always,3,1,1,0,0,0,1,1,0,ok,"{""sentences"": [""I hear you."", ""We can pause here for a moment.""], ""safety"": ""ok""}",1,2176,2.532200000132434,0.0013999997463542968,0.0002999995558639057,0.02969999968627235,0.004999999873689376,2.574600000116334
718,d89_u16,happy,train,89,16,always,3,1,1,0,0,0,1,1,0,ok,"{""sentences"": [""I hear you."", ""We can pause here for a moment.""], ""safety"": ""ok""}",1,2176,3.4215000005133334,0.0012999998943996616,0.00030000046535860747,0.013700000636163168,0.005099999725644011,3.4473999994588667
719,d91_u0,angry,train,91,0,always,3,1,1,0,0,0,1,1,0,ok,"{""sentences"": [""I hear you."", ""We can pause here for a moment.""], ""safety"": ""ok""}",1,2176,2.9641999999512336,0.0013000008038943633,0.00019999970390927047,0.014000000192027073,0.004999999873689376,2.990900000440888
720,d92_u0,angry,train,92,0,always,3,1,1,0,0,0,1,1,0,ok,"{""sentences"": [""I hear you."", ""We can pause here for a moment.""], ""safety"": ""ok""}",1,2176,2.493799999683688,0.0012000000424450263,0.00030000046535860747,0.0304000004689442,0.004999999873689376,2.5365000001329463
721,d92_u1,neutral,train,92,1,always,3,1,1,0,0,0,1,1,0,ok,"{""sentences"": [""I hear you."", ""We can pause here for a moment.""], ""safety"": ""ok""}",1,2176,2.526399999624118,0.0013999997463542968,0.00020000061340397224,0.013900000340072438,0.005300000339047983,2.5529000004098634
722,d93_u0,neutral,train,93,0,always,3,1,1,0,0,0,1,1,0,ok,"{""sentences"": [""I hear you."", ""We can pause here for a moment.""], ""safety"": ""ok""}",1,2176,2.960499999971944,0.0012999998943996616,0.00030000046535860747,0.01359999987471383,0.005100000635138713,2.986399999826972
723,d93_u1,neutral,train,93,1,always,3,1,1,0,0,0,1,1,0,ok,"{""sentences"": [""I hear you."", ""We can pause here for a moment.""], ""safety"": ""ok""}",1,2176,2.990699999827484,0.0012000000424450263,0.00019999970390927047,0.012399999832268804,0.0057999995988211595,3.015400000549562
724,d93_u2,neutral,train,93,2,always,3,1,1,0,0,0,1,1,0,ok,"{""sentences"": [""I hear you."", ""We can pause here for a moment.""], ""safety"": ""ok""}",1,2176,2.409899999292975,0.0012000000424450263,0.00020000061340397224,0.014000000192027073,0.005300000339047983,2.4364999999306747
725,d93_u4,neutral,train,93,4,always,3,1,1,0,0,0,1,1,0,ok,"{""sentences"": [""I hear you."", ""We can pause here for a moment.""], ""safety"": ""ok""}",1,2176,2.794699999867589,0.0012999998943996616,0.00030000046535860747,0.014199999895936344,0.004999999873689376,2.821399999447749
726,d94_u0,neutral,train,94,0,always,3,1,1,0,0,0,1,1,0,ok,"{""sentences"": [""I hear you."", ""We can pause here for a moment.""], ""safety"": ""ok""}",1,2176,2.9143000001568,0.0013999997463542968,0.00030000046535860747,0.015300000086426735,0.005500000042957254,2.942800000710122
727,d94_u1,neutral,train,94,1,always,3,1,1,0,0,0,1,1,0,ok,"{""sentences"": [""I hear you."", ""We can pause here for a moment.""], ""safety"": ""ok""}",1,2176,2.926600000137114,0.0012000000424450263,0.00030000046535860747,0.014500000361294951,0.005300000339047983,2.953700000034587
728,d94_u3,neutral,train,94,3,always,3,1,1,0,0,0,1,1,0,ok,"{""sentences"": [""I hear you."", ""We can pause here for a moment.""], ""safety"": ""ok""}",1,2176,3.2207000003836583,0.0012999998943996616,0.0002999995558639057,0.013699999726668466,0.005199999577598646,3.2468999997945502
729,d94_u6,angry,train,94,6,always,3,1,1,0,0,0,1,1,0,ok,"{""sentences"": [""I hear you."", ""We can pause here for a moment.""], ""safety"": ""ok""}",1,2176,2.7576000002227374,0.0014000006558489986,0.00030000046535860747,0.014500000361294951,0.005300000339047983,2.7848999998241197
730,d94_u7,sad,train,94,7,always,3,1,1,0,0,0,1,1,0,ok,"{""sentences"": [""I hear you."", ""We can pause here for a moment.""], ""safety"": ""ok""}",1,2176,2.596100000118895,0.0012000000424450263,0.0002999995558639057,0.013800000488117803,0.005199999577598646,2.622700000756595
731,d94_u8,neutral,train,94,8,always,3,1,1,0,0,0,1,1,0,ok,"{""sentences"": [""I hear you."", ""We can pause here for a moment.""], ""safety"": ""ok""}",1,2176,2.956799999992654,0.0012000000424450263,0.0002999995558639057,0.01359999987471383,0.005300000339047983,2.983000000313041
732,d94_u9,neutral,train,94,9,always,3,1,1,0,0,0,1,1,0,ok,"{""sentences"": [""I hear you."", ""We can pause here for a moment.""], ""safety"": ""ok""}",1,2176,2.8444999998100684,0.0012000000424450263,0.00030000046535860747,0.01359999987471383,0.005199999577598646,2.8707999999824096
733,d94_u10,happy,train,94,10,always,3,1,1,0,0,0,1,1,0,ok,"{""sentences"": [""I hear you."", ""We can pause here for a moment.""], ""safety"": ""ok""}",1,2176,3.3692999995764694,0.0012999998943996616,0.0002999995558639057,0.013999999282532372,0.005099999725644011,3.3958000003622146
734,d94_u11,happy,train,94,11,always,3,1,1,0,0,0,1,1,0,ok,"{""sentences"": [""I hear you."", ""We can pause here for a moment.""], ""safety"": ""ok""}",1,2176,3.015600000253471,0.0012999998943996616,0.0002999995558639057,0.01539999993838137,0.005599999894911889,3.0442999996012077
735,d94_u12,neutral,train,94,12,always,3,1,1,0,0,0,1,1,0,ok,"{""sentences"": [""I hear you."", ""We can pause here for a moment.""], ""safety"": ""ok""}",1,2176,2.7589999999690917,0.0012999998943996616,0.00020000061340397224,0.014599999303754885,0.005399999281507917,2.787000000353146
736,d94_u13,happy,train,94,13,always,3,1,1,0,0,0,1,1,0,ok,"{""sentences"": [""I hear you."", ""We can pause here for a moment.""], ""safety"": ""ok""}",1,2176,3.182500000548316,0.0013999997463542968,0.0002999995558639057,0.013900000340072438,0.005199999577598646,3.2091000002765213
737,d94_u14,neutral,train,94,14,always,3,1,1,0,0,0,1,1,0,ok,"{""sentences"": [""I hear you."", ""We can pause here for a moment.""], ""safety"": ""ok""}",1,2176,2.909900000304333,0.0014000006558489986,0.00019999970390927047,0.014500000361294951,0.005300000339047983,2.9373999996096245
738,d94_u15,happy,train,94,15,always,3,1,1,0,0,0,1,1,0,ok,"{""sentences"": [""I hear you."", ""We can pause here for a moment.""], ""safety"": ""ok""}",1,2176,3.045899999960966,0.0014000006558489986,0.00030000046535860747,0.013900000340072438,0.005099999725644011,3.072200000133307
739,d95_u0,happy,train,95,0,always,3,1,1,0,0,0,1,1,0,ok,"{""sentences"": [""I hear you."", ""We can pause here for a moment.""], ""safety"": ""ok""}",1,2176,2.4665000000823056,0.0011999991329503246,0.00030000046535860747,0.013900000340072438,0.005199999577598646,2.4931000007200055
740,d95_u2,neutral,train,95,2,always,3,1,1,0,0,0,1,1,0,ok,"{""sentences"": [""I hear you."", ""We can pause here for a moment.""], ""safety"": ""ok""}",1,2176,2.8480999999374035,0.0012000000424450263,0.00030000046535860747,0.013600000784208532,0.005099999725644011,2.873899999940477
741,d95_u3,neutral,train,95,3,always,3,1,1,0,0,0,1,1,0,ok,"{""sentences"": [""I hear you."", ""We can pause here for a moment.""], ""safety"": ""ok""}",1,2176,2.8972000000067055,0.0012999998943996616,0.00019999970390927047,0.013900000340072438,0.005099999725644011,2.9237999997349107
742,d95_u4,happy,train,95,4,always,3,1,1,0,0,0,1,1,0,ok,"{""sentences"": [""I hear you."", ""We can pause here for a moment.""], ""safety"": ""ok""}",1,2176,2.564100000199687,0.0012000000424450263,0.0002999995558639057,0.013699999726668466,0.005100000635138713,2.59009999990667
743,d95_u5,happy,train,95,5,always,3,1,1,0,0,0,1,1,0,ok,"{""sentences"": [""I hear you."", ""We can pause here for a moment.""], ""safety"": ""ok""}",1,2176,2.92159999935393,0.0012999998943996616,0.00020000061340397224,0.013500000022759195,0.005099999725644011,2.94690000009723
744,d95_u8,angry,train,95,8,always,3,1,1,0,0,0,1,1,0,ok,"{""sentences"": [""I hear you."", ""We can pause here for a moment.""], ""safety"": ""ok""}",1,2176,2.941800000371586,0.0012999998943996616,0.0002999995558639057,0.014799999917158857,0.005599999894911889,2.970100000311504
745,d95_u9,neutral,train,95,9,always,3,1,1,0,0,0,1,1,0,ok,"{""sentences"": [""I hear you."", ""We can pause here for a moment.""], ""safety"": ""ok""}",1,2176,2.8096999994886573,0.0012999998943996616,0.00019999970390927047,0.014400000509340316,0.0054000001910026185,2.8374000003168476
746,d95_u10,neutral,train,95,10,always,3,1,1,0,0,0,1,1,0,ok,"{""sentences"": [""I hear you."", ""We can pause here for a moment.""], ""safety"": ""ok""}",1,2176,3.0322000002342975,0.0011999991329503246,0.00020000061340397224,0.014400000509340316,0.005300000339047983,3.0595999996876344
747,d95_u11,neutral,train,95,11,always,3,1,1,0,0,0,1,1,0,ok,"{""sentences"": [""I hear you."", ""We can pause here for a moment.""], ""safety"": ""ok""}",1,2176,3.3763000001272303,0.0013999997463542968,0.00019999970390927047,0.013600000784208532,0.005199999577598646,3.4023000007437076
748,d95_u13,neutral,train,95,13,always,3,1,1,0,0,0,1,1,0,ok,"{""sentences"": [""I hear you."", ""We can pause here for a moment.""], ""safety"": ""ok""}",1,2176,2.835199999935867,0.0012000000424450263,0.00030000046535860747,0.013899999430577736,0.005000000783184078,2.8616999998121173
749,d95_u14,neutral,train,95,14,always,3,1,1,0,0,0,1,1,0,ok,"{""sentences"": [""I hear you."", ""We can pause here for a moment.""], ""safety"": ""ok""}",1,2176,3.230700000131037,0.0012999998943996616,0.00019999970390927047,0.013299999409355223,0.004900000021734741,3.2557000004089787
750,d95_u15,neutral,train,95,15,always,3,1,1,0,0,0,1,1,0,ok,"{""sentences"": [""I hear you."", ""We can pause here for a moment.""], ""safety"": ""ok""}",1,2176,2.714499999456166,0.0012000000424450263,0.00020000061340397224,0.013900000340072438,0.005200000487093348,2.741000000241911
751,d95_u16,neutral,train,95,16,always,3,1,1,0,0,0,1,1,0,ok,"{""sentences"": [""I hear you."", ""We can pause here for a moment.""], ""safety"": ""ok""}",1,2176,2.7233000000705943,0.0012999998943996616,0.00020000061340397224,0.014100000043981709,0.0052999994295532815,2.749999999650754
752,d95_u17,neutral,train,95,17,always,3,1,1,0,0,0,1,1,0,ok,"{""sentences"": [""I hear you."", ""We can pause here for a moment.""], ""safety"": ""ok""}",1,2176,2.646100000674778,0.0012000000424450263,0.00030000046535860747,0.014100000043981709,0.005099999725644011,2.6727000004029833
753,d96_u0,neutral,train,96,0,always,3,1,1,0,0,0,1,1,0,ok,"{""sentences"": [""I hear you."", ""We can pause here for a moment.""], ""safety"": ""ok""}",1,2176,2.8655999994953163,0.0013999997463542968,0.0002999995558639057,0.015100000382517464,0.005200000487093348,2.893699999731325
754,d96_u1,neutral,train,96,1,always,3,1,1,0,0,0,1,1,0,ok,"{""sentences"": [""I hear you."", ""We can pause here for a moment.""], ""safety"": ""ok""}",1,2176,2.651099999638973,0.0012999998943996616,0.00020000061340397224,0.013800000488117803,0.004999999873689376,2.6775000005727634
755,d96_u2,neutral,train,96,2,always,3,1,1,0,0,0,1,1,0,ok,"{""sentences"": [""I hear you."", ""We can pause here for a moment.""], ""safety"": ""ok""}",1,2176,2.8603999999177177,0.0012999998943996616,0.00030000046535860747,0.014299999747890979,0.005200000487093348,2.8878000002805493
756,d96_u3,neutral,train,96,3,always,3,1,1,0,0,0,1,1,0,ok,"{""sentences"": [""I hear you."", ""We can pause here for a moment.""], ""safety"": ""ok""}",1,2176,3.1509999998888816,0.0012999998943996616,0.0002999995558639057,0.014600000213249587,0.005300000339047983,3.178500000103668
757,d96_u4,neutral,train,96,4,always,3,1,1,0,0,0,1,1,0,ok,"{""sentences"": [""I hear you."", ""We can pause here for a moment.""], ""safety"": ""ok""}",1,2176,2.996799999891664,0.0012000000424450263,0.00019999970390927047,0.014100000043981709,0.0052999994295532815,3.0237999999371823
758,d97_u0,neutral,train,97,0,always,3,1,1,0,0,0,1,1,0,ok,"{""sentences"": [""I hear you."", ""We can pause here for a moment.""], ""safety"": ""ok""}",1,2176,2.8366999995341757,0.0012000000424450263,0.00030000046535860747,0.013800000488117803,0.005199999577598646,2.863200000319921
759,d97_u1,neutral,train,97,1,always,3,1,1,0,0,0,1,1,0,ok,"{""sentences"": [""I hear you."", ""We can pause here for a moment.""], ""safety"": ""ok""}",1,2176,2.615000000332657,0.0012999998943996616,0.0002999995558639057,0.013900000340072438,0.005199999577598646,2.6415999991513672
760,d97_u2,neutral,train,97,2,always,3,1,1,0,0,0,1,1,0,ok,"{""sentences"": [""I hear you."", ""We can pause here for a moment.""], ""safety"": ""ok""}",1,2176,2.7009000004909467,0.0014000006558489986,0.00030000046535860747,0.014000000192027073,0.0054000001910026185,2.7278999996269704
761,d97_u3,angry,train,97,3,always,3,1,1,0,0,0,1,1,0,ok,"{""sentences"": [""I hear you."", ""We can pause here for a moment.""], ""safety"": ""ok""}",1,2176,2.7963000002273475,0.0012000000424450263,0.00030000046535860747,0.014199999895936344,0.005300000339047983,2.823499999976775
762,d98_u1,neutral,train,98,1,always,3,1,1,0,0,0,1,1,0,ok,"{""sentences"": [""I hear you."", ""We can pause here for a moment.""], ""safety"": ""ok""}",1,2176,2.5362999995195423,0.0012999998943996616,0.00019999970390927047,0.014000000192027073,0.005099999725644011,2.5625000007494236
763,d99_u0,happy,train,99,0,always,3,1,1,0,0,0,1,1,0,ok,"{""sentences"": [""I hear you."", ""We can pause here for a moment.""], ""safety"": ""ok""}",1,2176,3.0343000007633236,0.0013999997463542968,0.00030000046535860747,0.015400000847876072,0.0057999995988211595,3.064000000449596
764,d99_u1,happy,train,99,1,always,3,1,1,0,0,0,1,1,0,ok,"{""sentences"": [""I hear you."", ""We can pause here for a moment.""], ""safety"": ""ok""}",1,2176,3.11509999937698,0.0014000006558489986,0.00030000046535860747,0.014800000826653559,0.005599999894911889,3.1433000003744382
765,d99_u2,happy,train,99,2,always,3,1,1,0,0,0,1,1,0,ok,"{""sentences"": [""I hear you."", ""We can pause here for a moment.""], ""safety"": ""ok""}",1,2176,2.913299999818264,0.0012999998943996616,0.00019999970390927047,0.014500000361294951,0.0054000001910026185,2.941099999588914
766,d99_u3,happy,train,99,3,always,3,1,1,0,0,0,1,1,0,ok,"{""sentences"": [""I hear you."", ""We can pause here for a moment.""], ""safety"": ""ok""}",1,2176,3.186900000400783,0.0012999998943996616,0.00030000046535860747,0.014000000192027073,0.005700000656361226,3.21429999985412
767,d99_u4,neutral,train,99,4,always,3,1,1,0,0,0,1,1,0,ok,"{""sentences"": [""I hear you."", ""We can pause here for a moment.""], ""safety"": ""ok""}",1,2176,2.543899999182031,0.0012999998943996616,0.00019999970390927047,0.014400000509340316,0.005199999577598646,2.5713000004543574
768,d99_u6,neutral,train,99,6,always,3,1,1,0,0,0,1,1,0,ok,"{""sentences"": [""I hear you."", ""We can pause here for a moment.""], ""safety"": ""ok""}",1,2176,3.3189999994647224,0.0012999998943996616,0.00019999970390927047,0.014399999599845614,0.005199999577598646,3.3462999999755993
769,d99_u7,angry,train,99,7,always,3,1,1,0,0,0,1,1,0,ok,"{""sentences"": [""I hear you."", ""We can pause here for a moment.""], ""safety"": ""ok""}",1,2176,2.9248000000734464,0.0012000000424450263,0.00030000046535860747,0.013500000022759195,0.005000000783184078,2.950799999780429
770,d99_u8,happy,train,99,8,always,3,1,1,0,0,0,1,1,0,ok,"{""sentences"": [""I hear you."", ""We can pause here for a moment.""], ""safety"": ""ok""}",1,2176,2.6641999993444188,0.0010999992809956893,0.00019999970390927047,0.012700000297627412,0.004399999852466863,2.687300000616233
771,d99_u9,neutral,train,99,9,always,3,1,1,0,0,0,1,1,0,ok,"{""sentences"": [""I hear you."", ""We can pause here for a moment.""], ""safety"": ""ok""}",1,2176,2.47750000016822,0.0012000000424450263,0.00030000046535860747,0.01359999987471383,0.004999999873689376,2.5033000001712935
772,d99_u10,neutral,train,99,10,always,3,1,1,0,0,0,1,1,0,ok,"{""sentences"": [""I hear you."", ""We can pause here for a moment.""], ""safety"": ""ok""}",1,2176,3.0087000004641595,0.001499999598308932,0.0002999995558639057,0.01539999993838137,0.005700000656361226,3.037899999981164
773,d99_u11,angry,train,99,11,always,3,1,1,0,0,0,1,1,0,ok,"{""sentences"": [""I hear you."", ""We can pause here for a moment.""], ""safety"": ""ok""}",1,2176,2.778300000500167,0.0013999997463542968,0.00030000046535860747,0.014299999747890979,0.0052999994295532815,2.805399999488145
774,d99_u12,neutral,train,99,12,always,3,1,1,0,0,0,1,1,0,ok,"{""sentences"": [""I hear you."", ""We can pause here for a moment.""], ""safety"": ""ok""}",1,2176,3.38729999930365,0.0012000000424450263,0.00030000046535860747,0.013500000022759195,0.004999999873689376,3.413200000068173
775,d99_u13,happy,train,99,13,always,3,1,1,0,0,0,1,1,0,ok,"{""sentences"": [""I hear you."", ""We can pause here for a moment.""], ""safety"": ""ok""}",1,2176,2.415599999949336,0.0012000000424450263,0.00020000061340397224,0.01359999987471383,0.004999999873689376,2.4418000002697227
776,d99_u14,neutral,train,99,14,always,3,1,1,0,0,0,1,1,0,ok,"{""sentences"": [""I hear you."", ""We can pause here for a moment.""], ""safety"": ""ok""}",1,2176,3.426999999646796,0.0012000000424450263,0.00020000061340397224,0.013999999282532372,0.005200000487093348,3.4537000001364504
777,d99_u15,neutral,train,99,15,always,3,1,1,0,0,0,1,1,0,ok,"{""sentences"": [""I hear you."", ""We can pause here for a moment.""], ""safety"": ""ok""}",1,2176,2.6093000005857903,0.0012000000424450263,0.0002999995558639057,0.014100000043981709,0.005300000339047983,2.63600000016595
778,d99_u16,neutral,train,99,16,always,3,1,1,0,0,0,1,1,0,ok,"{""sentences"": [""I hear you."", ""We can pause here for a moment.""], ""safety"": ""ok""}",1,2176,2.5117000004684087,0.0012999998943996616,0.00030000046535860747,0.01359999987471383,0.005099999725644011,2.5377000001753913
779,d99_u17,angry,train,99,17,always,3,1,1,0,0,0,1,1,0,ok,"{""sentences"": [""I hear you."", ""We can pause here for a moment.""], ""safety"": ""ok""}",1,2176,2.7062999997724546,0.0012000000424450263,0.0002999995558639057,0.012999999853491317,0.004900000021734741,2.7312000001984416
780,d99_u18,neutral,train,99,18,always,3,1,1,0,0,0,1,1,0,ok,"{""sentences"": [""I hear you."", ""We can pause here for a moment.""], ""safety"": ""ok""}",1,2176,2.622200000587327,0.0013000008038943633,0.0002999995558639057,0.01430000065738568,0.0052999994295532815,2.6495000001887092
781,d100_u0,neutral,train,100,0,always,3,1,1,0,0,0,1,1,0,ok,"{""sentences"": [""I hear you."", ""We can pause here for a moment.""], ""safety"": ""ok""}",1,2176,3.2734000005802955,0.0014000006558489986,0.00019999970390927047,0.014100000043981709,0.005100000635138713,3.3001000001604552
782,d100_u1,neutral,train,100,1,always,3,1,1,0,0,0,1,1,0,ok,"{""sentences"": [""I hear you."", ""We can pause here for a moment.""], ""safety"": ""ok""}",1,2176,3.148699999655946,0.0012000000424450263,0.00030000046535860747,0.014099999134487007,0.004999999873689376,3.1751999995321967
783,d100_u2,neutral,train,100,2,always,3,1,1,0,0,0,1,1,0,ok,"{""sentences"": [""I hear you."", ""We can pause here for a moment.""], ""safety"": ""ok""}",1,2176,2.376399999775458,0.0011999991329503246,0.00020000061340397224,0.014799999917158857,0.005699999746866524,2.404699999715376
784,d100_u4,neutral,train,100,4,always,3,1,1,0,0,0,1,1,0,ok,"{""sentences"": [""I hear you."", ""We can pause here for a moment.""], ""safety"": ""ok""}",1,2176,3.0249000001276727,0.0012999998943996616,0.00030000046535860747,0.014400000509340316,0.0054000001910026185,3.0526000000463682
785,d100_u5,neutral,train,100,5,always,3,1,1,0,0,0,1,1,0,ok,"{""sentences"": [""I hear you."", ""We can pause here for a moment.""], ""safety"": ""ok""}",1,2176,2.910399999564106,0.0012000000424450263,0.00019999970390927047,0.012900000001536682,0.004599999556376133,2.9344000004130066
786,d100_u6,neutral,train,100,6,always,3,1,1,0,0,0,1,1,0,ok,"{""sentences"": [""I hear you."", ""We can pause here for a moment.""], ""safety"": ""ok""}",1,2176,3.329000000121596,0.0012999998943996616,0.0002999995558639057,0.013799999578623101,0.005100000635138713,3.3552000004419824
787,d101_u0,neutral,train,101,0,always,3,1,1,0,0,0,1,1,0,ok,"{""sentences"": [""I hear you."", ""We can pause here for a moment.""], ""safety"": ""ok""}",1,2176,2.2008999994795886,0.0012000000424450263,0.00019999970390927047,0.01359999987471383,0.005000000783184078,2.2264999997787527
788,d102_u0,neutral,train,102,0,always,3,1,1,0,0,0,1,1,0,ok,"{""sentences"": [""I hear you."", ""We can pause here for a moment.""], ""safety"": ""ok""}",1,2176,2.821300000505289,0.0012999998943996616,0.00020000061340397224,0.014299999747890979,0.0227999998969608,2.8658000001087203
789,d102_u1,neutral,train,102,1,always,3,1,1,0,0,0,1,1,0,ok,"{""sentences"": [""I hear you."", ""We can pause here for a moment.""], ""safety"": ""ok""}",1,2176,2.779400000690657,0.0014000006558489986,0.00030000046535860747,0.015999999959603883,0.007199999345175456,2.8100999998059706
790,d102_u2,neutral,train,102,2,always,3,1,1,0,0,0,1,1,0,ok,"{""sentences"": [""I hear you."", ""We can pause here for a moment.""], ""safety"": ""ok""}",1,2176,2.77150000056281,0.0012999998943996616,0.00019999970390927047,0.012999999853491317,0.004900000021734741,2.7960999996139435
791,d103_u0,happy,train,103,0,always,3,1,1,0,0,0,1,1,0,ok,"{""sentences"": [""I hear you."", ""We can pause here for a moment.""], ""safety"": ""ok""}",1,2176,2.7450999996290193,0.0012000000424450263,0.00019999970390927047,0.02969999968627235,0.005399999281507917,2.7875000005224138
792,d103_u1,neutral,train,103,1,always,3,1,1,0,0,0,1,1,0,ok,"{""sentences"": [""I hear you."", ""We can pause here for a moment.""], ""safety"": ""ok""}",1,2176,2.7086999998573447,0.0013999997463542968,0.0002999995558639057,0.015499999790336005,0.005800000508315861,2.7385000003050664
793,d103_u3,happy,train,103,3,always,3,1,1,0,0,0,1,1,0,ok,"{""sentences"": [""I hear you."", ""We can pause here for a moment.""], ""safety"": ""ok""}",1,2176,2.58520000079443,0.0012000000424450263,0.00020000061340397224,0.01359999987471383,0.004699999408330768,2.6103000000148313
794,d103_u4,neutral,train,103,4,always,3,1,1,0,0,0,1,1,0,ok,"{""sentences"": [""I hear you."", ""We can pause here for a moment.""], ""safety"": ""ok""}",1,2176,3.7302000000636326,0.0015000005078036338,0.00030000046535860747,0.014100000043981709,0.0052999994295532815,3.7572999999611056
795,d103_u5,neutral,train,103,5,always,3,1,1,0,0,0,1,1,0,ok,"{""sentences"": [""I hear you."", ""We can pause here for a moment.""], ""safety"": ""ok""}",1,2176,2.7123999998366344,0.0012999998943996616,0.00019999970390927047,0.01340000017080456,0.005099999725644011,2.7379999992263038
796,d103_u6,happy,train,103,6,always,3,1,1,0,0,0,1,1,0,ok,"{""sentences"": [""I hear you."", ""We can pause here for a moment.""], ""safety"": ""ok""}",1,2176,2.806100000270817,0.0014000006558489986,0.0002999995558639057,0.014399999599845614,0.0054000001910026185,2.833699999428063
797,d103_u7,happy,train,103,7,always,3,1,1,0,0,0,1,1,0,ok,"{""sentences"": [""I hear you."", ""We can pause here for a moment.""], ""safety"": ""ok""}",1,2176,2.915500000199245,0.0013999997463542968,0.00019999970390927047,0.013800000488117803,0.005199999577598646,2.9421000008369447
798,d104_u1,happy,train,104,1,always,3,1,1,0,0,0,1,1,0,ok,"{""sentences"": [""I hear you."", ""We can pause here for a moment.""], ""safety"": ""ok""}",1,2176,2.848699999958626,0.0012000000424450263,0.00020000061340397224,0.01340000017080456,0.004999999873689376,2.874100000553881
799,d106_u0,neutral,train,106,0,always,3,1,1,0,0,0,1,1,0,ok,"{""sentences"": [""I hear you."", ""We can pause here for a moment.""], ""safety"": ""ok""}",1,2176,2.7432999995653518,0.001100000190490391,0.0002999995558639057,0.030899999728717376,0.0054000001910026185,2.803899999889836
800,d106_u2,neutral,train,106,2,always,3,1,1,0,0,0,1,1,0,ok,"{""sentences"": [""I hear you."", ""We can pause here for a moment.""], ""safety"": ""ok""}",1,2176,3.3051999998860992,0.0012000000424450263,0.00030000046535860747,0.015499999790336005,0.0057999995988211595,3.334500000164553
801,d106_u3,neutral,train,106,3,always,3,1,1,0,0,0,1,1,0,ok,"{""sentences"": [""I hear you."", ""We can pause here for a moment.""], ""safety"": ""ok""}",1,2176,3.289500000391854,0.0013999997463542968,0.00019999970390927047,0.014600000213249587,0.005099999725644011,3.3169999996971455
802,d106_u4,neutral,train,106,4,always,3,1,1,0,0,0,1,1,0,ok,"{""sentences"": [""I hear you."", ""We can pause here for a moment.""], ""safety"": ""ok""}",1,2176,2.310899999429239,0.0012999998943996616,0.0002999995558639057,0.014799999917158857,0.0054000001910026185,2.3390000005747424
803,d107_u0,neutral,train,107,0,always,3,1,1,0,0,0,1,1,0,ok,"{""sentences"": [""I hear you."", ""We can pause here for a moment.""], ""safety"": ""ok""}",1,2176,3.00139999944804,0.0012000000424450263,0.00030000046535860747,0.013700000636163168,0.004999999873689376,3.0273000002125627
804,d107_u1,neutral,train,107,1,always,3,1,1,0,0,0,1,1,0,ok,"{""sentences"": [""I hear you."", ""We can pause here for a moment.""], ""safety"": ""ok""}",1,2176,3.1442999998034793,0.0012999998943996616,0.0002999995558639057,0.013500000022759195,0.005000000783184078,3.1700999998065527
805,d107_u2,neutral,train,107,2,always,3,1,1,0,0,0,1,1,0,ok,"{""sentences"": [""I hear you."", ""We can pause here for a moment.""], ""safety"": ""ok""}",1,2176,2.31549999989511,0.0012000000424450263,0.00030000046535860747,0.013699999726668466,0.005000000783184078,2.3417000002154964
806,d107_u4,neutral,train,107,4,always,3,1,1,0,0,0,1,1,0,ok,"{""sentences"": [""I hear you."", ""We can pause here for a moment.""], ""safety"": ""ok""}",1,2176,3.1817999997656443,0.0013999997463542968,0.00019999970390927047,0.014199999895936344,0.005100000635138713,3.209200000128476
807,d107_u5,happy,train,107,5,always,3,1,1,0,0,0,1,1,0,ok,"{""sentences"": [""I hear you."", ""We can pause here for a moment.""], ""safety"": ""ok""}",1,2176,2.7061000000685453,0.0012000000424450263,0.00019999970390927047,0.014100000043981709,0.005300000339047983,2.7328000005582
808,d107_u6,neutral,train,107,6,always,3,1,1,0,0,0,1,1,0,ok,"{""sentences"": [""I hear you."", ""We can pause here for a moment.""], ""safety"": ""ok""}",1,2176,2.4229999999079155,0.0012000000424450263,0.00019999970390927047,0.014199999895936344,0.005199999577598646,2.4499000001014792
809,d107_u7,neutral,train,107,7,always,3,1,1,0,0,0,1,1,0,ok,"{""sentences"": [""I hear you."", ""We can pause here for a moment.""], ""safety"": ""ok""}",1,2176,2.6168000003963243,0.0012999998943996616,0.00030000046535860747,0.013899999430577736,0.005300000339047983,2.6436999996803934
810,d107_u8,neutral,train,107,8,always,3,1,1,0,0,0,1,1,0,ok,"{""sentences"": [""I hear you."", ""We can pause here for a moment.""], ""safety"": ""ok""}",1,2176,2.7167999996891012,0.0013999997463542968,0.00019999970390927047,0.014000000192027073,0.0052999994295532815,2.7438999995865743
811,d107_u9,neutral,train,107,9,always,3,1,1,0,0,0,1,1,0,ok,"{""sentences"": [""I hear you."", ""We can pause here for a moment.""], ""safety"": ""ok""}",1,2176,3.3994999994320096,0.0013999997463542968,0.00019999970390927047,0.015300000086426735,0.005500000042957254,3.4275999996680184
812,d107_u10,neutral,train,107,10,always,3,1,1,0,0,0,1,1,0,ok,"{""sentences"": [""I hear you."", ""We can pause here for a moment.""], ""safety"": ""ok""}",1,2176,2.8831999998146784,0.0012999998943996616,0.00019999970390927047,0.014599999303754885,0.005100000635138713,2.909900000304333
813,d108_u0,neutral,train,108,0,always,3,1,1,0,0,0,1,1,0,ok,"{""sentences"": [""I hear you."", ""We can pause here for a moment.""], ""safety"": ""ok""}",1,2176,3.3702000000630505,0.0014000006558489986,0.00020000061340397224,0.013800000488117803,0.005199999577598646,3.3966000000873464
814,d108_u1,neutral,train,108,1,always,3,1,1,0,0,0,1,1,0,ok,"{""sentences"": [""I hear you."", ""We can pause here for a moment.""], ""safety"": ""ok""}",1,2176,2.577299999757088,0.0012000000424450263,0.0002999995558639057,0.013899999430577736,0.005199999577598646,2.6035000000774744
815,d108_u2,happy,train,108,2,always,3,1,1,0,0,0,1,1,0,ok,"{""sentences"": [""I hear you."", ""We can pause here for a moment.""], ""safety"": ""ok""}",1,2176,3.3138999997390783,0.0012000000424450263,0.0002999995558639057,0.013099999705445953,0.00470000031782547,3.3380000004399335
816,d108_u3,neutral,train,108,3,always,3,1,1,0,0,0,1,1,0,ok,"{""sentences"": [""I hear you."", ""We can pause here for a moment.""], ""safety"": ""ok""}",1,2176,2.5869999999486026,0.0012999998943996616,0.0002999995558639057,0.01449999945180025,0.0052999994295532815,2.614699999867298
817,d108_u4,happy,train,108,4,always,3,1,1,0,0,0,1,1,0,ok,"{""sentences"": [""I hear you."", ""We can pause here for a moment.""], ""safety"": ""ok""}",1,2176,2.5385999997524777,0.0012000000424450263,0.0002999995558639057,0.013799999578623101,0.0052999994295532815,2.5650000006862683
818,d108_u5,neutral,train,108,5,always,3,1,1,0,0,0,1,1,0,ok,"{""sentences"": [""I hear you."", ""We can pause here for a moment.""], ""safety"": ""ok""}",1,2176,2.6247000005241716,0.0012999998943996616,0.00019999970390927047,0.013699999726668466,0.005200000487093348,2.650800000083109
819,d108_u6,neutral,train,108,6,always,3,1,1,0,0,0,1,1,0,ok,"{""sentences"": [""I hear you."", ""We can pause here for a moment.""], ""safety"": ""ok""}",1,2176,3.1551000001854845,0.0012000000424450263,0.00030000046535860747,0.014299999747890979,0.0054000001910026185,3.182399999786867
820,d109_u0,neutral,train,109,0,always,3,1,1,0,0,0,1,1,0,ok,"{""sentences"": [""I hear you."", ""We can pause here for a moment.""], ""safety"": ""ok""}",1,2176,2.897100000154751,0.0013000008038943633,0.00030000046535860747,0.015099999473022763,0.005700000656361226,2.925800000411982
821,d109_u3,angry,train,109,3,always,3,1,1,0,0,0,1,1,0,ok,"{""sentences"": [""I hear you."", ""We can pause here for a moment.""], ""safety"": ""ok""}",1,2176,3.0810999996901955,0.0013999997463542968,0.0002999995558639057,0.014299999747890979,0.005399999281507917,3.1084000002010725
822,d109_u4,happy,train,109,4,always,3,1,1,0,0,0,1,1,0,ok,"{""sentences"": [""I hear you."", ""We can pause here for a moment.""], ""safety"": ""ok""}",1,2176,2.8739999997924315,0.0016999993022182025,0.00030000046535860747,0.013700000636163168,0.005199999577598646,2.9003000008742674
823,d109_u5,happy,train,109,5,always,3,1,1,0,0,0,1,1,0,ok,"{""sentences"": [""I hear you."", ""We can pause here for a moment.""], ""safety"": ""ok""}",1,2176,2.683400000023539,0.0012000000424450263,0.0002999995558639057,0.013500000022759195,0.005500000042957254,2.709599999434431
824,d109_u6,sad,train,109,6,always,3,1,1,0,0,0,1,1,0,ok,"{""sentences"": [""I hear you."", ""We can pause here for a moment.""], ""safety"": ""ok""}",1,2176,2.8875999996671453,0.0012999998943996616,0.00030000046535860747,0.014199999895936344,0.005399999281507917,2.915000000029977
825,d109_u7,sad,train,109,7,always,3,1,1,0,0,0,1,1,0,ok,"{""sentences"": [""I hear you."", ""We can pause here for a moment.""], ""safety"": ""ok""}",1,2176,2.8229999998075073,0.0013999997463542968,0.0002999995558639057,0.014199999895936344,0.005300000339047983,2.8499999998530257
826,d109_u8,sad,train,109,8,always,3,1,1,0,0,0,1,1,0,ok,"{""sentences"": [""I hear you."", ""We can pause here for a moment.""], ""safety"": ""ok""}",1,2176,2.9129000004104455,0.0012000000424450263,0.00030000046535860747,0.013499999113264494,0.004999999873689376,2.9383999999481603
827,d109_u9,happy,train,109,9,always,3,1,1,0,0,0,1,1,0,ok,"{""sentences"": [""I hear you."", ""We can pause here for a moment.""], ""safety"": ""ok""}",1,2176,3.2903999999689404,0.0012000000424450263,0.00020000061340397224,0.014000000192027073,0.0054000001910026185,3.3172999992530094
828,d109_u10,neutral,train,109,10,always,3,1,1,0,0,0,1,1,0,ok,"{""sentences"": [""I hear you."", ""We can pause here for a moment.""], ""safety"": ""ok""}",1,2176,2.553500000431086,0.0012000000424450263,0.00019999970390927047,0.01359999987471383,0.0052999994295532815,2.579599999990023
829,d109_u11,neutral,train,109,11,always,3,1,1,0,0,0,1,1,0,ok,"{""sentences"": [""I hear you."", ""We can pause here for a moment.""], ""safety"": ""ok""}",1,2176,2.6233999997202773,0.0012999998943996616,0.00019999970390927047,0.015300000086426735,0.0054000001910026185,2.6519000002735993
830,d109_u12,neutral,train,109,12,always,3,1,1,0,0,0,1,1,0,ok,"{""sentences"": [""I hear you."", ""We can pause here for a moment.""], ""safety"": ""ok""}",1,2176,2.730899999733083,0.001100000190490391,0.00020000061340397224,0.014100000043981709,0.005399999281507917,2.7576000002227374
831,d109_u13,neutral,train,109,13,always,3,1,1,0,0,0,1,1,0,ok,"{""sentences"": [""I hear you."", ""We can pause here for a moment.""], ""safety"": ""ok""}",1,2176,2.394099999946775,0.0015000005078036338,0.0002999995558639057,0.013900000340072438,0.0054000001910026185,2.42069999967498
832,d109_u14,neutral,train,109,14,always,3,1,1,0,0,0,1,1,0,ok,"{""sentences"": [""I hear you."", ""We can pause here for a moment.""], ""safety"": ""ok""}",1,2176,3.247900000133086,0.0012000000424450263,0.00019999970390927047,0.013799999578623101,0.005200000487093348,3.2744000000093365
833,d109_u15,angry,train,109,15,always,3,1,1,0,0,0,1,1,0,ok,"{""sentences"": [""I hear you."", ""We can pause here for a moment.""], ""safety"": ""ok""}",1,2176,3.2694999999876018,0.0012999998943996616,0.00030000046535860747,0.014700000065204222,0.0054000001910026185,3.297500000371656
834,d109_u20,angry,train,109,20,always,3,1,1,0,0,0,1,1,0,ok,"{""sentences"": [""I hear you."", ""We can pause here for a moment.""], ""safety"": ""ok""}",1,2176,2.6727000004029833,0.0012999998943996616,0.00019999970390927047,0.030299999707494862,0.005399999281507917,2.71580000026006
835,d109_u21,happy,train,109,21,always,3,1,1,0,0,0,1,1,0,ok,"{""sentences"": [""I hear you."", ""We can pause here for a moment.""], ""safety"": ""ok""}",1,2176,2.9223999999885564,0.0012999998943996616,0.00020000061340397224,0.014100000043981709,0.0052999994295532815,2.9492999992726254
836,d110_u0,neutral,train,110,0,always,3,1,1,0,0,0,1,1,0,ok,"{""sentences"": [""I hear you."", ""We can pause here for a moment.""], ""safety"": ""ok""}",1,2176,2.736499999627995,0.0012999998943996616,0.00019999970390927047,0.013800000488117803,0.005099999725644011,2.762500000244472
837,d110_u3,angry,train,110,3,always,3,1,1,0,0,0,1,1,0,ok,"{""sentences"": [""I hear you."", ""We can pause here for a moment.""], ""safety"": ""ok""}",1,2176,3.233899999941059,0.0013000008038943633,0.00019999970390927047,0.01359999987471383,0.004999999873689376,3.259500000240223
838,d110_u4,neutral,train,110,4,always,3,1,1,0,0,0,1,1,0,ok,"{""sentences"": [""I hear you."", ""We can pause here for a moment.""], ""safety"": ""ok""}",1,2176,2.723399999922549,0.0012999998943996616,0.00019999970390927047,0.014600000213249587,0.005300000339047983,2.75099999998929
839,d110_u5,happy,train,110,5,always,3,1,1,0,0,0,1,1,0,ok,"{""sentences"": [""I hear you."", ""We can pause here for a moment.""], ""safety"": ""ok""}",1,2176,2.626600000439794,0.0013000008038943633,0.00020000061340397224,0.014700000065204222,0.005599999894911889,2.6547999996182625
840,d111_u0,happy,train,111,0,always,3,1,1,0,0,0,1,1,0,ok,"{""sentences"": [""I hear you."", ""We can pause here for a moment.""], ""safety"": ""ok""}",1,2176,3.6283000008552335,0.0012000000424450263,0.00030000046535860747,0.013600000784208532,0.004999999873689376,3.654099999948812
841,d111_u2,happy,train,111,2,always,3,1,1,0,0,0,1,1,0,ok,"{""sentences"": [""I hear you."", ""We can pause here for a moment.""], ""safety"": ""ok""}",1,2176,2.532000000428525,0.0014000006558489986,0.00020000061340397224,0.014800000826653559,0.005699999746866524,2.560299999458948
842,d111_u3,neutral,train,111,3,always,3,1,1,0,0,0,1,1,0,ok,"{""sentences"": [""I hear you."", ""We can pause here for a moment.""], ""safety"": ""ok""}",1,2176,2.748300000348536,0.0012000000424450263,0.00020000061340397224,0.013800000488117803,0.005099999725644011,2.7745999996113824
843,d111_u7,neutral,train,111,7,always,3,1,1,0,0,0,1,1,0,ok,"{""sentences"": [""I hear you."", ""We can pause here for a moment.""], ""safety"": ""ok""}",1,2176,2.5126999998974497,0.0012999998943996616,0.00020000061340397224,0.013999999282532372,0.0052999994295532815,2.5393999994776095
844,d111_u9,neutral,train,111,9,always,3,1,1,0,0,0,1,1,0,ok,"{""sentences"": [""I hear you."", ""We can pause here for a moment.""], ""safety"": ""ok""}",1,2176,3.134700000373414,0.0013999997463542968,0.00030000046535860747,0.014700000065204222,0.005199999577598646,3.1621999996787054
845,d111_u11,neutral,train,111,11,always,3,1,1,0,0,0,1,1,0,ok,"{""sentences"": [""I hear you."", ""We can pause here for a moment.""], ""safety"": ""ok""}",1,2176,2.2340000004987814,0.0012000000424450263,0.00019999970390927047,0.014299999747890979,0.005200000487093348,2.2607000000789412
846,d111_u12,neutral,train,111,12,always,3,1,1,0,0,0,1,1,0,ok,"{""sentences"": [""I hear you."", ""We can pause here for a moment.""], ""safety"": ""ok""}",1,2176,3.202699999746983,0.0012000000424450263,0.00019999970390927047,0.013800000488117803,0.005199999577598646,3.2286999994539656
847,d111_u14,neutral,train,111,14,always,3,1,1,0,0,0,1,1,0,ok,"{""sentences"": [""I hear you."", ""We can pause here for a moment.""], ""safety"": ""ok""}",1,2176,2.6480999995328602,0.0012000000424450263,0.00030000046535860747,0.013500000022759195,0.005500000042957254,2.674200000001292
848,d112_u2,angry,train,112,2,always,3,1,1,0,0,0,1,1,0,ok,"{""sentences"": [""I hear you."", ""We can pause here for a moment.""], ""safety"": ""ok""}",1,2176,3.177200000209268,0.0013999997463542968,0.00030000046535860747,0.014600000213249587,0.005199999577598646,3.2047999993665144
849,d112_u3,angry,train,112,3,always,3,1,1,0,0,0,1,1,0,ok,"{""sentences"": [""I hear you."", ""We can pause here for a moment.""], ""safety"": ""ok""}",1,2176,2.459600000292994,0.0012000000424450263,0.00019999970390927047,0.014000000192027073,0.005099999725644011,2.486500000486558
850,d113_u0,neutral,train,113,0,always,3,1,1,0,0,0,1,1,0,ok,"{""sentences"": [""I hear you."", ""We can pause here for a moment.""], ""safety"": ""ok""}",1,2176,2.8320999999777996,0.0012999998943996616,0.00030000046535860747,0.014100000043981709,0.005499999133462552,2.859100000023318
851,d113_u1,angry,train,113,1,always,3,1,1,0,0,0,1,1,0,ok,"{""sentences"": [""I hear you."", ""We can pause here for a moment.""], ""safety"": ""ok""}",1,2176,2.8898999999000807,0.0012000000424450263,0.00030000046535860747,0.01430000065738568,0.0052999994295532815,2.9168000000936445
852,d113_u2,neutral,train,113,2,always,3,1,1,0,0,0,1,1,0,ok,"{""sentences"": [""I hear you."", ""We can pause here for a moment.""], ""safety"": ""ok""}",1,2176,3.00619999961782,0.0017000002117129043,0.00039999940781854093,0.01880000036180718,0.005599999894911889,3.0407999993258272
853,d113_u3,neutral,train,113,3,always,3,1,1,0,0,0,1,1,0,ok,"{""sentences"": [""I hear you."", ""We can pause here for a moment.""], ""safety"": ""ok""}",1,2176,3.1231999992087367,0.0012000000424450263,0.00020000061340397224,0.013800000488117803,0.004900000021734741,3.149199999825214
854,d113_u4,neutral,train,113,4,always,3,1,1,0,0,0,1,1,0,ok,"{""sentences"": [""I hear you."", ""We can pause here for a moment.""], ""safety"": ""ok""}",1,2176,2.2503000000142492,0.0012000000424450263,0.00030000046535860747,0.01430000065738568,0.005300000339047983,2.277200000207813
855,d113_u5,neutral,train,113,5,always,3,1,1,0,0,0,1,1,0,ok,"{""sentences"": [""I hear you."", ""We can pause here for a moment.""], ""safety"": ""ok""}",1,2176,2.6319999997213017,0.0012999998943996616,0.00019999970390927047,0.013899999430577736,0.005099999725644011,2.6578999995763297
856,d113_u6,neutral,train,113,6,always,3,1,1,0,0,0,1,1,0,ok,"{""sentences"": [""I hear you."", ""We can pause here for a moment.""], ""safety"": ""ok""}",1,2176,2.9018000004725764,0.0013000008038943633,0.00020000061340397224,0.014999999621068127,0.005300000339047983,2.929999999651045
857,d113_u7,neutral,train,113,7,always,3,1,1,0,0,0,1,1,0,ok,"{""sentences"": [""I hear you."", ""We can pause here for a moment.""], ""safety"": ""ok""}",1,2176,3.086099999563885,0.0012000000424450263,0.00030000046535860747,0.014000000192027073,0.005200000487093348,3.11260000034963
858,d113_u8,happy,train,113,8,always,3,1,1,0,0,0,1,1,0,ok,"{""sentences"": [""I hear you."", ""We can pause here for a moment.""], ""safety"": ""ok""}",1,2176,2.9308000002856716,0.0014000006558489986,0.00019999970390927047,0.014500000361294951,0.019099999917671084,2.9720000002271263
859,d113_u9,neutral,train,113,9,always,3,1,1,0,0,0,1,1,0,ok,"{""sentences"": [""I hear you."", ""We can pause here for a moment.""], ""safety"": ""ok""}",1,2176,2.876300000025367,0.0013999997463542968,0.0002999995558639057,0.014399999599845614,0.005599999894911889,2.903800000240153
860,d113_u10,neutral,train,113,10,always,3,1,1,0,0,0,1,1,0,ok,"{""sentences"": [""I hear you."", ""We can pause here for a moment.""], ""safety"": ""ok""}",1,2176,2.934799999820825,0.0013999997463542968,0.0002999995558639057,0.015100000382517464,0.006000000212225132,2.9636999997819657
861,d114_u0,neutral,train,114,0,always,3,1,1,0,0,0,1,1,0,ok,"{""sentences"": [""I hear you."", ""We can pause here for a moment.""], ""safety"": ""ok""}",1,2176,2.762300000540563,0.0013000008038943633,0.0002999995558639057,0.013799999578623101,0.005100000635138713,2.7890999999726773
862,d114_u2,neutral,train,114,2,always,3,1,1,0,0,0,1,1,0,ok,"{""sentences"": [""I hear you."", ""We can pause here for a moment.""], ""safety"": ""ok""}",1,2176,3.0794000003879773,0.001100000190490391,0.00019999970390927047,0.01340000017080456,0.005199999577598646,3.1053000002430053
863,d114_u3,happy,train,114,3,always,3,1,1,0,0,0,1,1,0,ok,"{""sentences"": [""I hear you."", ""We can pause here for a moment.""], ""safety"": ""ok""}",1,2176,3.275500000199827,0.0013000008038943633,0.0002999995558639057,0.01359999987471383,0.005099999725644011,3.301599999758764
864,d114_u4,happy,train,114,4,always,3,1,1,0,0,0,1,1,0,ok,"{""sentences"": [""I hear you."", ""We can pause here for a moment.""], ""safety"": ""ok""}",1,2176,2.5642999999035965,0.0012999998943996616,0.00030000046535860747,0.014400000509340316,0.005300000339047983,2.5916999993569334
865,d115_u0,neutral,train,115,0,always,3,1,1,0,0,0,1,1,0,ok,"{""sentences"": [""I hear you."", ""We can pause here for a moment.""], ""safety"": ""ok""}",1,2176,2.906000000621134,0.0013000008038943633,0.00030000046535860747,0.013699999726668466,0.005099999725644011,2.9320000003281166
866,d115_u1,neutral,train,115,1,always,3,1,1,0,0,0,1,1,0,ok,"{""sentences"": [""I hear you."", ""We can pause here for a moment.""], ""safety"": ""ok""}",1,2176,2.322000000276603,0.0014000006558489986,0.0002999995558639057,0.014100000043981709,0.005300000339047983,2.349000000322121
867,d115_u2,neutral,train,115,2,always,3,1,1,0,0,0,1,1,0,ok,"{""sentences"": [""I hear you."", ""We can pause here for a moment.""], ""safety"": ""ok""}",1,2176,3.0002000003150897,0.0012999998943996616,0.00020000061340397224,0.01340000017080456,0.005100000635138713,3.0256999998528045
868,d115_u3,neutral,train,115,3,always,3,1,1,0,0,0,1,1,0,ok,"{""sentences"": [""I hear you."", ""We can pause here for a moment.""], ""safety"": ""ok""}",1,2176,3.6627999998017913,0.0013000008038943633,0.0002999995558639057,0.014399999599845614,0.005099999725644011,3.6897999998473097
869,d115_u4,angry,train,115,4,always,3,1,1,0,0,0,1,1,0,ok,"{""sentences"": [""I hear you."", ""We can pause here for a moment.""], ""safety"": ""ok""}",1,2176,2.912399999331683,0.0012000000424450263,0.00020000061340397224,0.013899999430577736,0.004999999873689376,2.9385000007096096
870,d115_u5,neutral,train,115,5,always,3,1,1,0,0,0,1,1,0,ok,"{""sentences"": [""I hear you."", ""We can pause here for a moment.""], ""safety"": ""ok""}",1,2176,2.56950000039069,0.0014000006558489986,0.00020000061340397224,0.0152000002344721,0.005399999281507917,2.598099999886472
871,d116_u0,neutral,train,116,0,always,3,1,1,0,0,0,1,1,0,ok,"{""sentences"": [""I hear you."", ""We can pause here for a moment.""], ""safety"": ""ok""}",1,2176,3.0711999997947714,0.0012999998943996616,0.00019999970390927047,0.014000000192027073,0.005300000339047983,3.097900000284426
872,d116_u1,neutral,train,116,1,always,3,1,1,0,0,0,1,1,0,ok,"{""sentences"": [""I hear you."", ""We can pause here for a moment.""], ""safety"": ""ok""}",1,2176,2.3020999997243052,0.0012000000424450263,0.00019999970390927047,0.013699999726668466,0.005200000487093348,2.328200000192737
873,d116_u2,sad,train,116,2,always,3,1,1,0,0,0,1,1,0,ok,"{""sentences"": [""I hear you."", ""We can pause here for a moment.""], ""safety"": ""ok""}",1,2176,3.1900000003588502,0.0012999998943996616,0.00030000046535860747,0.013999999282532372,0.005199999577598646,3.2168999996429193
874,d116_u4,neutral,train,116,4,always,3,1,1,0,0,0,1,1,0,ok,"{""sentences"": [""I hear you."", ""We can pause here for a moment.""], ""safety"": ""ok""}",1,2176,2.1036000007370603,0.0010000003385357559,0.00019999970390927047,0.01340000017080456,0.004900000021734741,2.128699999957462
875,d116_u5,neutral,train,116,5,always,3,1,1,0,0,0,1,1,0,ok,"{""sentences"": [""I hear you."", ""We can pause here for a moment.""], ""safety"": ""ok""}",1,2176,2.770500000224274,0.0012999998943996616,0.0002999995558639057,0.013900000340072438,0.005099999725644011,2.7970000001005246
876,d116_u6,neutral,train,116,6,always,3,1,1,0,0,0,1,1,0,ok,"{""sentences"": [""I hear you."", ""We can pause here for a moment.""], ""safety"": ""ok""}",1,2176,3.056500000639062,0.0014000006558489986,0.00019999970390927047,0.013699999726668466,0.005200000487093348,3.0827999999019084
877,d116_u7,sad,train,116,7,always,3,1,1,0,0,0,1,1,0,ok,"{""sentences"": [""I hear you."", ""We can pause here for a moment.""], ""safety"": ""ok""}",1,2176,2.4118999999700463,0.0012999998943996616,0.00019999970390927047,0.014199999895936344,0.005200000487093348,2.4389000000155647
878,d117_u0,happy,train,117,0,always,3,1,1,0,0,0,1,1,0,ok,"{""sentences"": [""I hear you."", ""We can pause here for a moment.""], ""safety"": ""ok""}",1,2176,3.0452999999397434,0.0012000000424450263,0.00030000046535860747,0.01559999964229064,0.005699999746866524,3.074899999774061
879,d117_u1,neutral,train,117,1,always,3,1,1,0,0,0,1,1,0,ok,"{""sentences"": [""I hear you."", ""We can pause here for a moment.""], ""safety"": ""ok""}",1,2176,3.192299999682291,0.0012999998943996616,0.0002999995558639057,0.014899999769113492,0.005700000656361226,3.2203999999182997
880,d117_u2,happy,train,117,2,always,3,1,1,0,0,0,1,1,0,ok,"{""sentences"": [""I hear you."", ""We can pause here for a moment.""], ""safety"": ""ok""}",1,2176,2.860599999621627,0.0012999998943996616,0.00030000046535860747,0.01449999945180025,0.0054000001910026185,2.8879999999844586
881,d117_u3,neutral,train,117,3,always,3,1,1,0,0,0,1,1,0,ok,"{""sentences"": [""I hear you."", ""We can pause here for a moment.""], ""safety"": ""ok""}",1,2176,3.0769999993935926,0.0015000005078036338,0.0002999995558639057,0.013900000340072438,0.005100000635138713,3.103900000496651
882,d118_u0,neutral,train,118,0,always,3,1,1,0,0,0,1,1,0,ok,"{""sentences"": [""I hear you."", ""We can pause here for a moment.""], ""safety"": ""ok""}",1,2176,2.6049999996757833,0.0012999998943996616,0.0002999995558639057,0.014000000192027073,0.004999999873689376,2.631699999255943
883,d118_u2,neutral,train,118,2,always,3,1,1,0,0,0,1,1,0,ok,"{""sentences"": [""I hear you."", ""We can pause here for a moment.""], ""safety"": ""ok""}",1,2176,2.703200000723882,0.0012999998943996616,0.0002999995558639057,0.014299999747890979,0.0052999994295532815,2.7302999997118604
884,d118_u3,happy,train,118,3,always,3,1,1,0,0,0,1,1,0,ok,"{""sentences"": [""I hear you."", ""We can pause here for a moment.""], ""safety"": ""ok""}",1,2176,3.089400000135356,0.0013000008038943633,0.00019999970390927047,0.013999999282532372,0.004999999873689376,3.1157000003076973
885,d118_u4,angry,train,118,4,always,3,1,1,0,0,0,1,1,0,ok,"{""sentences"": [""I hear you."", ""We can pause here for a moment.""], ""safety"": ""ok""}",1,2176,2.8942999997525476,0.0014000006558489986,0.0002999995558639057,0.013900000340072438,0.005200000487093348,2.9206999997768435
886,d118_u5,happy,train,118,5,always,3,1,1,0,0,0,1,1,0,ok,"{""sentences"": [""I hear you."", ""We can pause here for a moment.""], ""safety"": ""ok""}",1,2176,3.116500000032829,0.0013000008038943633,0.0002999995558639057,0.01359999987471383,0.005200000487093348,3.1425000006493065
887,d119_u0,neutral,train,119,0,always,3,1,1,0,0,0,1,1,0,ok,"{""sentences"": [""I hear you."", ""We can pause here for a moment.""], ""safety"": ""ok""}",1,2176,3.1300000000555883,0.0013999997463542968,0.0004000003173132427,0.01559999964229064,0.005500000042957254,3.1589999998686835
888,d119_u1,neutral,train,119,1,always,3,1,1,0,0,0,1,1,0,ok,"{""sentences"": [""I hear you."", ""We can pause here for a moment.""], ""safety"": ""ok""}",1,2176,2.569700000094599,0.0012999998943996616,0.00030000046535860747,0.014199999895936344,0.005800000508315861,2.5972000003093854
889,d119_u2,neutral,train,119,2,always,3,1,1,0,0,0,1,1,0,ok,"{""sentences"": [""I hear you."", ""We can pause here for a moment.""], ""safety"": ""ok""}",1,2176,2.7903000000151224,0.0012999998943996616,0.0002999995558639057,0.014100000043981709,0.0054000001910026185,2.8171999992991914
890,d119_u3,neutral,train,119,3,always,3,1,1,0,0,0,1,1,0,ok,"{""sentences"": [""I hear you."", ""We can pause here for a moment.""], ""safety"": ""ok""}",1,2176,2.8378999995766208,0.0012999998943996616,0.00030000046535860747,0.01359999987471383,0.004800000169780105,2.863700000489189
891,d119_u4,sad,train,119,4,always,3,1,1,0,0,0,1,1,0,ok,"{""sentences"": [""I hear you."", ""We can pause here for a moment.""], ""safety"": ""ok""}",1,2176,2.6450999994267477,0.0012000000424450263,0.0002999995558639057,0.013699999726668466,0.005099999725644011,2.6707000006354065
892,d119_u5,neutral,train,119,5,always,3,1,1,0,0,0,1,1,0,ok,"{""sentences"": [""I hear you."", ""We can pause here for a moment.""], ""safety"": ""ok""}",1,2176,3.187399999660556,0.0013999997463542968,0.00030000046535860747,0.01449999945180025,0.005200000487093348,3.214500000467524
893,d119_u6,sad,train,119,6,always,3,1,1,0,0,0,1,1,0,ok,"{""sentences"": [""I hear you."", ""We can pause here for a moment.""], ""safety"": ""ok""}",1,2176,3.1984000006559654,0.0012999998943996616,0.0002999995558639057,0.014000000192027073,0.005300000339047983,3.22520000008808
894,d119_u8,neutral,train,119,8,always,3,1,1,0,0,0,1,1,0,ok,"{""sentences"": [""I hear you."", ""We can pause here for a moment.""], ""safety"": ""ok""}",1,2176,2.7557000003071153,0.0012000000424450263,0.0002999995558639057,0.014100000043981709,0.005199999577598646,2.7823000000353204
895,d119_u9,neutral,train,119,9,always,3,1,1,0,0,0,1,1,0,ok,"{""sentences"": [""I hear you."", ""We can pause here for a moment.""], ""safety"": ""ok""}",1,2176,2.8512999997474253,0.0012000000424450263,0.00030000046535860747,0.013900000340072438,0.005100000635138713,2.8775999999197666
896,d119_u10,neutral,train,119,10,always,3,1,1,0,0,0,1,1,0,ok,"{""sentences"": [""I hear you."", ""We can pause here for a moment.""], ""safety"": ""ok""}",1,2176,3.3033999998224317,0.001499999598308932,0.00030000046535860747,0.014600000213249587,0.0052999994295532815,3.3315000000584405
897,d119_u11,neutral,train,119,11,always,3,1,1,0,0,0,1,1,0,ok,"{""sentences"": [""I hear you."", ""We can pause here for a moment.""], ""safety"": ""ok""}",1,2176,2.535800000259769,0.0012999998943996616,0.0002999995558639057,0.015999999959603883,0.005599999894911889,2.565400000094087
898,d119_u12,angry,train,119,12,always,3,1,1,0,0,0,1,1,0,ok,"{""sentences"": [""I hear you."", ""We can pause here for a moment.""], ""safety"": ""ok""}",1,2176,3.0447999997704756,0.0012000000424450263,0.00020000061340397224,0.01449999945180025,0.005399999281507917,3.0723999998372165
899,d120_u1,happy,train,120,1,always,3,1,1,0,0,0,1,1,0,ok,"{""sentences"": [""I hear you."", ""We can pause here for a moment.""], ""safety"": ""ok""}",1,2176,2.690000000256987,0.0012000000424450263,0.00030000046535860747,0.013799999578623101,0.005399999281507917,2.7166000008946867
900,d120_u3,neutral,train,120,3,always,3,1,1,0,0,0,1,1,0,ok,"{""sentences"": [""I hear you."", ""We can pause here for a moment.""], ""safety"": ""ok""}",1,2176,2.867799999876297,0.001499999598308932,0.00019999970390927047,0.014199999895936344,0.005200000487093348,2.8947999999218155
901,d120_u7,neutral,train,120,7,always,3,1,1,0,0,0,1,1,0,ok,"{""sentences"": [""I hear you."", ""We can pause here for a moment.""], ""safety"": ""ok""}",1,2176,2.8052999996361905,0.0013999997463542968,0.00019999970390927047,0.014600000213249587,0.0054000001910026185,2.832900000612426
902,d120_u8,neutral,train,120,8,always,3,1,1,0,0,0,1,1,0,ok,"{""sentences"": [""I hear you."", ""We can pause here for a moment.""], ""safety"": ""ok""}",1,2176,2.9044999992038356,0.0012999998943996616,0.00030000046535860747,0.014099999134487007,0.005500000042957254,2.931400000306894
903,d120_u9,neutral,train,120,9,always,3,1,1,0,0,0,1,1,0,ok,"{""sentences"": [""I hear you."", ""We can pause here for a moment.""], ""safety"": ""ok""}",1,2176,3.0650000007881317,0.0012000000424450263,0.00019999970390927047,0.014000000192027073,0.005099999725644011,3.0914999997548875
904,d120_u10,neutral,train,120,10,always,3,1,1,0,0,0,1,1,0,ok,"{""sentences"": [""I hear you."", ""We can pause here for a moment.""], ""safety"": ""ok""}",1,2176,2.8659999998126295,0.0012999998943996616,0.00019999970390927047,0.013899999430577736,0.005200000487093348,2.892299999984971
905,d120_u11,neutral,train,120,11,always,3,1,1,0,0,0,1,1,0,ok,"{""sentences"": [""I hear you."", ""We can pause here for a moment.""], ""safety"": ""ok""}",1,2176,2.966000000014901,0.0012000000424450263,0.00019999970390927047,0.01609999981155852,0.00670000008540228,2.995300000293355
906,d120_u12,neutral,train,120,12,always,3,1,1,0,0,0,1,1,0,ok,"{""sentences"": [""I hear you."", ""We can pause here for a moment.""], ""safety"": ""ok""}",1,2176,3.1616000005669775,0.001499999598308932,0.00030000046535860747,0.015099999473022763,0.005300000339047983,3.1904999996186234
907,d120_u13,neutral,train,120,13,always,3,1,1,0,0,0,1,1,0,ok,"{""sentences"": [""I hear you."", ""We can pause here for a moment.""], ""safety"": ""ok""}",1,2176,3.403799999432522,0.0012999998943996616,0.0002999995558639057,0.014100000043981709,0.005500000042957254,3.430899999329995
908,d120_u14,neutral,train,120,14,always,3,1,1,0,0,0,1,1,0,ok,"{""sentences"": [""I hear you."", ""We can pause here for a moment.""], ""safety"": ""ok""}",1,2176,3.1903999997666688,0.0012999998943996616,0.00020000061340397224,0.013300000318849925,0.004800000169780105,3.230700000131037
909,d120_u15,neutral,train,120,15,always,3,1,1,0,0,0,1,1,0,ok,"{""sentences"": [""I hear you."", ""We can pause here for a moment.""], ""safety"": ""ok""}",1,2176,2.4935999999797787,0.0012999998943996616,0.00030000046535860747,0.013800000488117803,0.005300000339047983,2.5200000000040745
910,d121_u0,neutral,train,121,0,always,3,1,1,0,0,0,1,1,0,ok,"{""sentences"": [""I hear you."", ""We can pause here for a moment.""], ""safety"": ""ok""}",1,2176,2.640100000462553,0.0012000000424450263,0.00030000046535860747,0.014500000361294951,0.005200000487093348,2.6673000002119807
911,d121_u1,happy,train,121,1,always,3,1,1,0,0,0,1,1,0,ok,"{""sentences"": [""I hear you."", ""We can pause here for a moment.""], ""safety"": ""ok""}",1,2176,3.0729000000064843,0.0011999991329503246,0.0002999995558639057,0.013800000488117803,0.0052999994295532815,3.0994000007922295
912,d121_u2,happy,train,121,2,always,3,1,1,0,0,0,1,1,0,ok,"{""sentences"": [""I hear you."", ""We can pause here for a moment.""], ""safety"": ""ok""}",1,2176,2.7817999998660525,0.0010000003385357559,0.0002999995558639057,0.013799999578623101,0.004999999873689376,2.807300000313262
913,d121_u5,angry,train,121,5,always,3,1,1,0,0,0,1,1,0,ok,"{""sentences"": [""I hear you."", ""We can pause here for a moment.""], ""safety"": ""ok""}",1,2176,2.4643999995532795,0.0012000000424450263,0.0002999995558639057,0.01359999987471383,0.004900000021734741,2.4899999998524436
914,d121_u6,neutral,train,121,6,always,3,1,1,0,0,0,1,1,0,ok,"{""sentences"": [""I hear you."", ""We can pause here for a moment.""], ""safety"": ""ok""}",1,2176,3.1141999997998937,0.0012999998943996616,0.0002999995558639057,0.01359999987471383,0.005200000487093348,3.1401999995068763
915,d121_u7,sad,train,121,7,always,3,1,1,0,0,0,1,1,0,ok,"{""sentences"": [""I hear you."", ""We can pause here for a moment.""], ""safety"": ""ok""}",1,2176,3.0169999999998254,0.0012999998943996616,0.00030000046535860747,0.014500000361294951,0.0054000001910026185,3.044400000362657
916,d122_u2,neutral,train,122,2,always,3,1,1,0,0,0,1,1,0,ok,"{""sentences"": [""I hear you."", ""We can pause here for a moment.""], ""safety"": ""ok""}",1,2176,3.019099999619357,0.0012000000424450263,0.0002999995558639057,0.013799999578623101,0.022399999579647556,3.062599999793747
917,d122_u3,neutral,train,122,3,always,3,1,1,0,0,0,1,1,0,ok,"{""sentences"": [""I hear you."", ""We can pause here for a moment.""], ""safety"": ""ok""}",1,2176,2.564100000199687,0.0012999998943996616,0.00030000046535860747,0.01430000065738568,0.005199999577598646,2.5912000000971602
918,d122_u4,neutral,train,122,4,always,3,1,1,0,0,0,1,1,0,ok,"{""sentences"": [""I hear you."", ""We can pause here for a moment.""], ""safety"": ""ok""}",1,2176,3.3622000000832486,0.0012999998943996616,0.00020000061340397224,0.014000000192027073,0.005600000804406591,3.3892999999807216
919,d122_u5,neutral,train,122,5,always,3,1,1,0,0,0,1,1,0,ok,"{""sentences"": [""I hear you."", ""We can pause here for a moment.""], ""safety"": ""ok""}",1,2176,2.6591000005282694,0.0014000006558489986,0.0002999995558639057,0.01359999987471383,0.005200000487093348,2.6850000003832974
920,d122_u6,neutral,train,122,6,always,3,1,1,0,0,0,1,1,0,ok,"{""sentences"": [""I hear you."", ""We can pause here for a moment.""], ""safety"": ""ok""}",1,2176,3.188699999554956,0.0012000000424450263,0.0002999995558639057,0.013799999578623101,0.004900000021734741,3.2146000003194786
921,d122_u7,happy,train,122,7,always,3,1,1,0,0,0,1,1,0,ok,"{""sentences"": [""I hear you."", ""We can pause here for a moment.""], ""safety"": ""ok""}",1,2176,2.6629999993019737,0.0012000000424450263,0.00020000061340397224,0.014000000192027073,0.005099999725644011,2.6891000006799004
922,d122_u8,happy,train,122,8,always,3,1,1,0,0,0,1,1,0,ok,"{""sentences"": [""I hear you."", ""We can pause here for a moment.""], ""safety"": ""ok""}",1,2176,2.9291000000739587,0.0012999998943996616,0.0002999995558639057,0.014100000043981709,0.0054000001910026185,2.956100000119477
923,d122_u10,neutral,train,122,10,always,3,1,1,0,0,0,1,1,0,ok,"{""sentences"": [""I hear you."", ""We can pause here for a moment.""], ""safety"": ""ok""}",1,2176,2.5464000000283704,0.0013999997463542968,0.00030000046535860747,0.013999999282532372,0.005199999577598646,2.57309999960853
924,d122_u11,neutral,train,122,11,always,3,1,1,0,0,0,1,1,0,ok,"{""sentences"": [""I hear you."", ""We can pause here for a moment.""], ""safety"": ""ok""}",1,2176,3.439799999796378,0.0012999998943996616,0.00030000046535860747,0.014199999895936344,0.0052999994295532815,3.4666999999899417
925,d122_u14,neutral,train,122,14,always,3,1,1,0,0,0,1,1,0,ok,"{""sentences"": [""I hear you."", ""We can pause here for a moment.""], ""safety"": ""ok""}",1,2176,2.8430000002117595,0.0012999998943996616,0.00020000061340397224,0.01539999993838137,0.005399999281507917,2.8718000003209454
926,d122_u15,neutral,train,122,15,always,3,1,1,0,0,0,1,1,0,ok,"{""sentences"": [""I hear you."", ""We can pause here for a moment.""], ""safety"": ""ok""}",1,2176,2.9119000000719097,0.0012999998943996616,0.00030000046535860747,0.014600000213249587,0.0054000001910026185,2.93969999984256
927,d123_u1,angry,train,123,1,always,3,1,1,0,0,0,1,1,0,ok,"{""sentences"": [""I hear you."", ""We can pause here for a moment.""], ""safety"": ""ok""}",1,2176,3.2206000005317037,0.0012999998943996616,0.0002999995558639057,0.013900000340072438,0.005300000339047983,3.247100000407954
928,d123_u2,angry,train,123,2,always,3,1,1,0,0,0,1,1,0,ok,"{""sentences"": [""I hear you."", ""We can pause here for a moment.""], ""safety"": ""ok""}",1,2176,2.780699999675562,0.0012000000424450263,0.00019999970390927047,0.01300000076298602,0.004900000021734741,2.805199999784236
929,d123_u3,angry,train,123,3,always,3,1,1,0,0,0,1,1,0,ok,"{""sentences"": [""I hear you."", ""We can pause here for a moment.""], ""safety"": ""ok""}",1,2176,2.7113000005556387,0.0012999998943996616,0.00019999970390927047,0.013699999726668466,0.005199999577598646,2.73769999967044
930,d123_u4,angry,train,123,4,always,3,1,1,0,0,0,1,1,0,ok,"{""sentences"": [""I hear you."", ""We can pause here for a moment.""], ""safety"": ""ok""}",1,2176,2.8294999992795056,0.0012000000424450263,0.0002999995558639057,0.014299999747890979,0.0052999994295532815,2.856699999938428
931,d123_u5,neutral,train,123,5,always,3,1,1,0,0,0,1,1,0,ok,"{""sentences"": [""I hear you."", ""We can pause here for a moment.""], ""safety"": ""ok""}",1,2176,2.6228999995510094,0.0012999998943996616,0.00030000046535860747,0.01359999987471383,0.005200000487093348,2.648800000315532
932,d123_u6,angry,train,123,6,always,3,1,1,0,0,0,1,1,0,ok,"{""sentences"": [""I hear you."", ""We can pause here for a moment.""], ""safety"": ""ok""}",1,2176,3.5296999994898215,0.0012000000424450263,0.0002999995558639057,0.014399999599845614,0.005500000042957254,3.5570000000006985
933,d123_u7,neutral,train,123,7,always,3,1,1,0,0,0,1,1,0,ok,"{""sentences"": [""I hear you."", ""We can pause here for a moment.""], ""safety"": ""ok""}",1,2176,2.7681999999913387,0.0013999997463542968,0.00030000046535860747,0.013899999430577736,0.005600000804406591,2.795200000036857
934,d123_u8,angry,train,123,8,always,3,1,1,0,0,0,1,1,0,ok,"{""sentences"": [""I hear you."", ""We can pause here for a moment.""], ""safety"": ""ok""}",1,2176,3.1780999997863546,0.0012999998943996616,0.0002999995558639057,0.014299999747890979,0.005500000042957254,3.2055000001491862
935,d123_u9,neutral,train,123,9,always,3,1,1,0,0,0,1,1,0,ok,"{""sentences"": [""I hear you."", ""We can pause here for a moment.""], ""safety"": ""ok""}",1,2176,2.450699999826611,0.001499999598308932,0.00030000046535860747,0.015299999176932033,0.005399999281507917,2.4795000008452917
936,d123_u10,angry,train,123,10,always,3,1,1,0,0,0,1,1,0,ok,"{""sentences"": [""I hear you."", ""We can pause here for a moment.""], ""safety"": ""ok""}",1,2176,2.5543000001562177,0.0012999998943996616,0.00030000046535860747,0.013799999578623101,0.0054000001910026185,2.580699999271019
937,d124_u0,happy,train,124,0,always,3,1,1,0,0,0,1,1,0,ok,"{""sentences"": [""I hear you."", ""We can pause here for a moment.""], ""safety"": ""ok""}",1,2176,2.8611999996428494,0.0012999998943996616,0.00019999970390927047,0.013699999726668466,0.0052999994295532815,2.887399999963236
938,d124_u2,neutral,train,124,2,always,3,1,1,0,0,0,1,1,0,ok,"{""sentences"": [""I hear you."", ""We can pause here for a moment.""], ""safety"": ""ok""}",1,2176,2.7437999997346196,0.0012999998943996616,0.0002999995558639057,0.01359999987471383,0.005200000487093348,2.769800000351097
939,d124_u4,sad,train,124,4,always,3,1,1,0,0,0,1,1,0,ok,"{""sentences"": [""I hear you."", ""We can pause here for a moment.""], ""safety"": ""ok""}",1,2176,2.967299999909301,0.0012999998943996616,0.00020000061340397224,0.01430000065738568,0.005300000339047983,2.994399999806774
940,d124_u5,happy,train,124,5,always,3,1,1,0,0,0,1,1,0,ok,"{""sentences"": [""I hear you."", ""We can pause here for a moment.""], ""safety"": ""ok""}",1,2176,2.8659000008701696,0.0012000000424450263,0.0002999995558639057,0.013500000022759195,0.004900000021734741,2.8911999997944804
941,d124_u6,happy,train,124,6,always,3,1,1,0,0,0,1,1,0,ok,"{""sentences"": [""I hear you."", ""We can pause here for a moment.""], ""safety"": ""ok""}",1,2176,3.0418999995163176,0.0012999998943996616,0.0002999995558639057,0.014299999747890979,0.005100000635138713,3.0689000004713307
942,d124_u8,sad,train,124,8,always,3,1,1,0,0,0,1,1,0,ok,"{""sentences"": [""I hear you."", ""We can pause here for a moment.""], ""safety"": ""ok""}",1,2176,3.2326000000466593,0.0012999998943996616,0.00019999970390927047,0.014199999895936344,0.005199999577598646,3.259500000240223
943,d124_u9,neutral,train,124,9,always,3,1,1,0,0,0,1,1,0,ok,"{""sentences"": [""I hear you."", ""We can pause here for a moment.""], ""safety"": ""ok""}",1,2176,2.8851999995822553,0.0012999998943996616,0.00019999970390927047,0.01500000053056283,0.0054000001910026185,2.913500000431668
944,d124_u10,neutral,train,124,10,always,3,1,1,0,0,0,1,1,0,ok,"{""sentences"": [""I hear you."", ""We can pause here for a moment.""], ""safety"": ""ok""}",1,2176,2.733099999204569,0.0013999997463542968,0.0002999995558639057,0.014299999747890979,0.005199999577598646,2.7602999998634914
945,d124_u11,happy,train,124,11,always,3,1,1,0,0,0,1,1,0,ok,"{""sentences"": [""I hear you."", ""We can pause here for a moment.""], ""safety"": ""ok""}",1,2176,2.6139000001421664,0.0018000000636675395,0.00030000046535860747,0.013800000488117803,0.005200000487093348,2.64080000033573
946,d125_u0,happy,train,125,0,always,3,1,1,0,0,0,1,1,0,ok,"{""sentences"": [""I hear you."", ""We can pause here for a moment.""], ""safety"": ""ok""}",1,2176,3.679000000374799,0.0012000000424450263,0.00019999970390927047,0.01359999987471383,0.005300000339047983,3.705199999785691
947,d125_u1,neutral,train,125,1,always,3,1,1,0,0,0,1,1,0,ok,"{""sentences"": [""I hear you."", ""We can pause here for a moment.""], ""safety"": ""ok""}",1,2176,2.854999999726715,0.0012999998943996616,0.0002999995558639057,0.014600000213249587,0.0054000001910026185,2.8829000002588145
948,d125_u2,neutral,train,125,2,always,3,1,1,0,0,0,1,1,0,ok,"{""sentences"": [""I hear you."", ""We can pause here for a moment.""], ""safety"": ""ok""}",1,2176,2.464700000018638,0.0014000006558489986,0.00020000061340397224,0.014399999599845614,0.0054000001910026185,2.492300000085379
949,d125_u4,neutral,train,125,4,always,3,1,1,0,0,0,1,1,0,ok,"{""sentences"": [""I hear you."", ""We can pause here for a moment.""], ""safety"": ""ok""}",1,2176,2.6422000000820844,0.0013000008038943633,0.0002999995558639057,0.01359999987471383,0.005200000487093348,2.668199999789067
950,d125_u5,neutral,train,125,5,always,3,1,1,0,0,0,1,1,0,ok,"{""sentences"": [""I hear you."", ""We can pause here for a moment.""], ""safety"": ""ok""}",1,2176,2.6526000001467764,0.0012999998943996616,0.00020000061340397224,0.014000000192027073,0.0054000001910026185,2.679100000023027
951,d125_u6,neutral,train,125,6,always,3,1,1,0,0,0,1,1,0,ok,"{""sentences"": [""I hear you."", ""We can pause here for a moment.""], ""safety"": ""ok""}",1,2176,2.726499999880616,0.0012000000424450263,0.0002999995558639057,0.014000000192027073,0.005200000487093348,2.753300000222225
952,d125_u7,neutral,train,125,7,always,3,1,1,0,0,0,1,1,0,ok,"{""sentences"": [""I hear you."", ""We can pause here for a moment.""], ""safety"": ""ok""}",1,2176,2.573300000221934,0.0012999998943996616,0.00019999970390927047,0.013199999557400588,0.005100000635138713,2.5986000000557397
953,d126_u0,happy,train,126,0,always,3,1,1,0,0,0,1,1,0,ok,"{""sentences"": [""I hear you."", ""We can pause here for a moment.""], ""safety"": ""ok""}",1,2176,2.6819000004252302,0.0012000000424450263,0.0002999995558639057,0.014199999895936344,0.005599999894911889,2.7090000003227033
954,d126_u1,angry,train,126,1,always,3,1,1,0,0,0,1,1,0,ok,"{""sentences"": [""I hear you."", ""We can pause here for a moment.""], ""safety"": ""ok""}",1,2176,3.054599999813945,0.0014000006558489986,0.00030000046535860747,0.01430000065738568,0.005099999725644011,3.081400000155554
955,d126_u2,happy,train,126,2,always,3,1,1,0,0,0,1,1,0,ok,"{""sentences"": [""I hear you."", ""We can pause here for a moment.""], ""safety"": ""ok""}",1,2176,2.51990000015212,0.001600000359758269,0.0002999995558639057,0.015300000086426735,0.005599999894911889,2.5493000002825283
956,d126_u3,neutral,train,126,3,always,3,1,1,0,0,0,1,1,0,ok,"{""sentences"": [""I hear you."", ""We can pause here for a moment.""], ""safety"": ""ok""}",1,2176,3.01709999985178,0.0011999991329503246,0.0002999995558639057,0.013699999726668466,0.0054000001910026185,3.043499999876076
957,d126_u4,happy,train,126,4,always,3,1,1,0,0,0,1,1,0,ok,"{""sentences"": [""I hear you."", ""We can pause here for a moment.""], ""safety"": ""ok""}",1,2176,3.3242999998037703,0.0012999998943996616,0.0002999995558639057,0.013399999261309858,0.004999999873689376,3.349499999785621
958,d126_u5,angry,train,126,5,always,3,1,1,0,0,0,1,1,0,ok,"{""sentences"": [""I hear you."", ""We can pause here for a moment.""], ""safety"": ""ok""}",1,2176,2.884200000153214,0.0012000000424450263,0.00019999970390927047,0.014000000192027073,0.0052999994295532815,2.9113000000506872
959,d126_u6,neutral,train,126,6,always,3,1,1,0,0,0,1,1,0,ok,"{""sentences"": [""I hear you."", ""We can pause here for a moment.""], ""safety"": ""ok""}",1,2176,2.5161000003208756,0.0012999998943996616,0.00030000046535860747,0.014900000678608194,0.005500000042957254,2.5439000000915257
960,d126_u7,angry,train,126,7,always,3,1,1,0,0,0,1,1,0,ok,"{""sentences"": [""I hear you."", ""We can pause here for a moment.""], ""safety"": ""ok""}",1,2176,3.221300000404881,0.0011999991329503246,0.0002999995558639057,0.014100000043981709,0.005099999725644011,3.2477999993716367
961,d126_u8,neutral,train,126,8,always,3,1,1,0,0,0,1,1,0,ok,"{""sentences"": [""I hear you."", ""We can pause here for a moment.""], ""safety"": ""ok""}",1,2176,2.471000000696222,0.0012999998943996616,0.00019999970390927047,0.013799999578623101,0.005000000783184078,2.4972000001071137
962,d126_u9,sad,train,126,9,always,3,1,1,0,0,0,1,1,0,ok,"{""sentences"": [""I hear you."", ""We can pause here for a moment.""], ""safety"": ""ok""}",1,2176,2.990699999827484,0.0013999997463542968,0.00030000046535860747,0.014900000678608194,0.005500000042957254,3.019099999619357
963,d126_u10,neutral,train,126,10,always,3,1,1,0,0,0,1,1,0,ok,"{""sentences"": [""I hear you."", ""We can pause here for a moment.""], ""safety"": ""ok""}",1,2176,3.1316000004153466,0.001499999598308932,0.00019999970390927047,0.015100000382517464,0.005699999746866524,3.160600000228442
964,d126_u11,neutral,train,126,11,always,3,1,1,0,0,0,1,1,0,ok,"{""sentences"": [""I hear you."", ""We can pause here for a moment.""], ""safety"": ""ok""}",1,2176,2.805600000101549,0.0012000000424450263,0.00020000061340397224,0.014100000043981709,0.005099999725644011,2.832299999681709
965,d126_u12,angry,train,126,12,always,3,1,1,0,0,0,1,1,0,ok,"{""sentences"": [""I hear you."", ""We can pause here for a moment.""], ""safety"": ""ok""}",1,2176,3.000900000188267,0.001100000190490391,0.00030000046535860747,0.013600000784208532,0.004900000021734741,3.0264999995779363
966,d127_u0,neutral,train,127,0,always,3,1,1,0,0,0,1,1,0,ok,"{""sentences"": [""I hear you."", ""We can pause here for a moment.""], ""safety"": ""ok""}",1,2176,2.484999999978754,0.0012000000424450263,0.00019999970390927047,0.014400000509340316,0.005300000339047983,2.512600000045495
967,d128_u0,neutral,train,128,0,always,3,1,1,0,0,0,1,1,0,ok,"{""sentences"": [""I hear you."", ""We can pause here for a moment.""], ""safety"": ""ok""}",1,2176,2.630400000271038,0.0012999998943996616,0.00030000046535860747,0.014700000065204222,0.0054000001910026185,2.6578999995763297
968,d128_u1,neutral,train,128,1,always,3,1,1,0,0,0,1,1,0,ok,"{""sentences"": [""I hear you."", ""We can pause here for a moment.""], ""safety"": ""ok""}",1,2176,2.9734999998254352,0.0012000000424450263,0.00030000046535860747,0.014200000805431046,0.005199999577598646,3.0004999998709536
969,d128_u2,happy,train,128,2,always,3,1,1,0,0,0,1,1,0,ok,"{""sentences"": [""I hear you."", ""We can pause here for a moment.""], ""safety"": ""ok""}",1,2176,3.4062000004269066,0.0012999998943996616,0.00020000061340397224,0.013600000784208532,0.005199999577598646,3.4321000002819346
970,d128_u3,happy,train,128,3,always,3,1,1,0,0,0,1,1,0,ok,"{""sentences"": [""I hear you."", ""We can pause here for a moment.""], ""safety"": ""ok""}",1,2176,3.125000000181899,0.0012999998943996616,0.00019999970390927047,0.014400000509340316,0.005300000339047983,3.1522999997832812
971,d128_u4,happy,train,128,4,always,3,1,1,0,0,0,1,1,0,ok,"{""sentences"": [""I hear you."", ""We can pause here for a moment.""], ""safety"": ""ok""}",1,2176,2.37100000049395,0.0012000000424450263,0.0002999995558639057,0.014000000192027073,0.0052999994295532815,2.3975000003702007
972,d128_u5,happy,train,128,5,always,3,1,1,0,0,0,1,1,0,ok,"{""sentences"": [""I hear you."", ""We can pause here for a moment.""], ""safety"": ""ok""}",1,2176,2.923199999713688,0.0012999998943996616,0.00019999970390927047,0.015099999473022763,0.0052999994295532815,2.9514000007111463
973,d128_u6,neutral,train,128,6,always,3,1,1,0,0,0,1,1,0,ok,"{""sentences"": [""I hear you."", ""We can pause here for a moment.""], ""safety"": ""ok""}",1,2176,2.8001999999105465,0.0012999998943996616,0.00019999970390927047,0.014199999895936344,0.005300000339047983,2.8274999995119288
974,d128_u7,happy,train,128,7,always,3,1,1,0,0,0,1,1,0,ok,"{""sentences"": [""I hear you."", ""We can pause here for a moment.""], ""safety"": ""ok""}",1,2176,2.945700000054785,0.0012999998943996616,0.00019999970390927047,0.014100000043981709,0.0052999994295532815,2.972100000079081
975,d128_u8,neutral,train,128,8,always,3,1,1,0,0,0,1,1,0,ok,"{""sentences"": [""I hear you."", ""We can pause here for a moment.""], ""safety"": ""ok""}",1,2176,3.3992999997281004,0.0013999997463542968,0.00030000046535860747,0.014299999747890979,0.005099999725644011,3.426400000535068
976,d128_u9,happy,train,128,9,always,3,1,1,0,0,0,1,1,0,ok,"{""sentences"": [""I hear you."", ""We can pause here for a moment.""], ""safety"": ""ok""}",1,2176,3.1023999999888474,0.017700000171316788,0.00019999970390927047,0.01359999987471383,0.005200000487093348,3.144899999824702
977,d129_u0,happy,train,129,0,always,3,1,1,0,0,0,1,1,0,ok,"{""sentences"": [""I hear you."", ""We can pause here for a moment.""], ""safety"": ""ok""}",1,2176,2.3472000002584537,0.0012999998943996616,0.00020000061340397224,0.014100000043981709,0.005199999577598646,2.3740999995425227
978,d129_u1,sad,train,129,1,always,3,1,1,0,0,0,1,1,0,ok,"{""sentences"": [""I hear you."", ""We can pause here for a moment.""], ""safety"": ""ok""}",1,2176,2.534600000217324,0.0012000000424450263,0.0002999995558639057,0.013700000636163168,0.004999999873689376,2.5604000002203975
979,d129_u2,sad,train,129,2,always,3,1,1,0,0,0,1,1,0,ok,"{""sentences"": [""I hear you."", ""We can pause here for a moment.""], ""safety"": ""ok""}",1,2176,3.013499999724445,0.0012999998943996616,0.00030000046535860747,0.014200000805431046,0.0052999994295532815,3.040500000679458
980,d129_u4,sad,train,129,4,always,3,1,1,0,0,0,1,1,0,ok,"{""sentences"": [""I hear you."", ""We can pause here for a moment.""], ""safety"": ""ok""}",1,2176,2.6600999999573105,0.0013000008038943633,0.00019999970390927047,0.014000000192027073,0.005200000487093348,2.6869000002989196
981,d129_u5,angry,train,129,5,always,3,1,1,0,0,0,1,1,0,ok,"{""sentences"": [""I hear you."", ""We can pause here for a moment.""], ""safety"": ""ok""}",1,2176,3.922400000192283,0.0012999998943996616,0.00030000046535860747,0.014199999895936344,0.0054000001910026185,3.9496999997936655
982,d129_u7,angry,train,129,7,always,3,1,1,0,0,0,1,1,0,ok,"{""sentences"": [""I hear you."", ""We can pause here for a moment.""], ""safety"": ""ok""}",1,2176,2.6407999994262354,0.0012999998943996616,0.0002999995558639057,0.014399999599845614,0.0054000001910026185,2.6680999999371124
983,d129_u8,neutral,train,129,8,always,3,1,1,0,0,0,1,1,0,ok,"{""sentences"": [""I hear you."", ""We can pause here for a moment.""], ""safety"": ""ok""}",1,2176,2.8408999996827333,0.0014000006558489986,0.0002999995558639057,0.014199999895936344,0.005300000339047983,2.867799999876297
984,d129_u9,neutral,train,129,9,always,3,1,1,0,0,0,1,1,0,ok,"{""sentences"": [""I hear you."", ""We can pause here for a moment.""], ""safety"": ""ok""}",1,2176,3.1427000003532157,0.0012999998943996616,0.00020000061340397224,0.01430000065738568,0.0054000001910026185,3.169999999954598
985,d129_u10,angry,train,129,10,always,3,1,1,0,0,0,1,1,0,ok,"{""sentences"": [""I hear you."", ""We can pause here for a moment.""], ""safety"": ""ok""}",1,2176,2.8456999998525134,0.0012000000424450263,0.0002999995558639057,0.014500000361294951,0.0052999994295532815,2.8732000000672997
986,d129_u13,neutral,train,129,13,always,3,1,1,0,0,0,1,1,0,ok,"{""sentences"": [""I hear you."", ""We can pause here for a moment.""], ""safety"": ""ok""}",1,2176,3.01469999976689,0.0012999998943996616,0.0002999995558639057,0.013999999282532372,0.005199999577598646,3.041099999791186
987,d129_u14,neutral,train,129,14,always,3,1,1,0,0,0,1,1,0,ok,"{""sentences"": [""I hear you."", ""We can pause here for a moment.""], ""safety"": ""ok""}",1,2176,3.141900000628084,0.0012999998943996616,0.0002999995558639057,0.01359999987471383,0.005100000635138713,3.1676999997216626
988,d130_u0,happy,train,130,0,always,3,1,1,0,0,0,1,1,0,ok,"{""sentences"": [""I hear you."", ""We can pause here for a moment.""], ""safety"": ""ok""}",1,2176,2.7293999992252793,0.001100000190490391,0.00019999970390927047,0.01340000017080456,0.005200000487093348,2.7549000005819835
989,d130_u1,neutral,train,130,1,always,3,1,1,0,0,0,1,1,0,ok,"{""sentences"": [""I hear you."", ""We can pause here for a moment.""], ""safety"": ""ok""}",1,2176,3.0888000001141336,0.0012000000424450263,0.00030000046535860747,0.014299999747890979,0.005200000487093348,3.115800000159652
990,d130_u2,neutral,train,130,2,always,3,1,1,0,0,0,1,1,0,ok,"{""sentences"": [""I hear you."", ""We can pause here for a moment.""], ""safety"": ""ok""}",1,2176,3.0484999997497653,0.0012999998943996616,0.00030000046535860747,0.014400000509340316,0.005099999725644011,3.0754999997952837
991,d130_u4,neutral,train,130,4,always,3,1,1,0,0,0,1,1,0,ok,"{""sentences"": [""I hear you."", ""We can pause here for a moment.""], ""safety"": ""ok""}",1,2176,3.8678999999319785,0.0012999998943996616,0.00020000061340397224,0.01500000053056283,0.005500000042957254,3.896299999723851
992,d130_u5,neutral,train,130,5,always,3,1,1,0,0,0,1,1,0,ok,"{""sentences"": [""I hear you."", ""We can pause here for a moment.""], ""safety"": ""ok""}",1,2176,2.5501999998596148,0.0013999997463542968,0.00019999970390927047,0.014799999917158857,0.005300000339047983,2.577999999630265
993,d130_u6,neutral,train,130,6,always,3,1,1,0,0,0,1,1,0,ok,"{""sentences"": [""I hear you."", ""We can pause here for a moment.""], ""safety"": ""ok""}",1,2176,2.7573999996093335,0.0012999998943996616,0.00020000061340397224,0.014100000043981709,0.005200000487093348,2.783899999485584
994,d130_u7,neutral,train,130,7,always,3,1,1,0,0,0,1,1,0,ok,"{""sentences"": [""I hear you."", ""We can pause here for a moment.""], ""safety"": ""ok""}",1,2176,2.4873000002116896,0.0012999998943996616,0.00019999970390927047,0.014000000192027073,0.005099999725644011,2.513699999326491
995,d130_u8,neutral,train,130,8,always,3,1,1,0,0,0,1,1,0,ok,"{""sentences"": [""I hear you."", ""We can pause here for a moment.""], ""safety"": ""ok""}",1,2176,2.8706000002785004,0.0014000006558489986,0.00030000046535860747,0.014000000192027073,0.005300000339047983,2.897599999414524
996,d130_u10,neutral,train,130,10,always,3,1,1,0,0,0,1,1,0,ok,"{""sentences"": [""I hear you."", ""We can pause here for a moment.""], ""safety"": ""ok""}",1,2176,2.8515000003608293,0.0012000000424450263,0.00019999970390927047,0.01359999987471383,0.005099999725644011,2.87679999928514
997,d130_u12,neutral,train,130,12,always,3,1,1,0,0,0,1,1,0,ok,"{""sentences"": [""I hear you."", ""We can pause here for a moment.""], ""safety"": ""ok""}",1,2176,3.1555999994452577,0.001100000190490391,0.00020000061340397224,0.013800000488117803,0.005100000635138713,3.1820000003790483
998,d130_u13,neutral,train,130,13,always,3,1,1,0,0,0,1,1,0,ok,"{""sentences"": [""I hear you."", ""We can pause here for a moment.""], ""safety"": ""ok""}",1,2176,2.605799999400915,0.0012000000424450263,0.00020000061340397224,0.01359999987471383,0.0052999994295532815,2.631899999869347
999,d130_u14,neutral,train,130,14,always,3,1,1,0,0,0,1,1,0,ok,"{""sentences"": [""I hear you."", ""We can pause here for a moment.""], ""safety"": ""ok""}",1,2176,2.993899999637506,0.0012000000424450263,0.00019999970390927047,0.014100000043981709,0.004999999873689376,3.020200000719342
1000,d130_u15,neutral,train,130,15,always,3,1,1,0,0,0,1,1,0,ok,"{""sentences"": [""I hear you."", ""We can pause here for a moment.""], ""safety"": ""ok""}",1,2176,3.5017999998672167,0.0012000000424450263,0.00019999970390927047,0.01340000017080456,0.005099999725644011,3.5269999998490675
1001,d130_u17,happy,train,130,17,always,3,1,1,0,0,0,1,1,0,ok,"{""sentences"": [""I hear you."", ""We can pause here for a moment.""], ""safety"": ""ok""}",1,2176,2.7123999998366344,0.0012999998943996616,0.0002999995558639057,0.014600000213249587,0.005500000042957254,2.740300000368734
1002,d131_u0,neutral,train,131,0,always,3,1,1,0,0,0,1,1,0,ok,"{""sentences"": [""I hear you."", ""We can pause here for a moment.""], ""safety"": ""ok""}",1,2176,2.7997999995932332,0.0012000000424450263,0.00020000061340397224,0.014399999599845614,0.005300000339047983,2.8272999998080195
1003,d131_u1,sad,train,131,1,always,3,1,1,0,0,0,1,1,0,ok,"{""sentences"": [""I hear you."", ""We can pause here for a moment.""], ""safety"": ""ok""}",1,2176,2.3811999999452382,0.0012000000424450263,0.00020000061340397224,0.013199999557400588,0.005000000783184078,2.4067000003924477
1004,d131_u2,neutral,train,131,2,always,3,1,1,0,0,0,1,1,0,ok,"{""sentences"": [""I hear you."", ""We can pause here for a moment.""], ""safety"": ""ok""}",1,2176,3.120100000160164,0.0012999998943996616,0.0002999995558639057,0.013800000488117803,0.005200000487093348,3.146799999740324
1005,d132_u1,neutral,train,132,1,always,3,1,1,0,0,0,1,1,0,ok,"{""sentences"": [""I hear you."", ""We can pause here for a moment.""], ""safety"": ""ok""}",1,2176,2.5642999999035965,0.0012999998943996616,0.00030000046535860747,0.014299999747890979,0.005599999894911889,2.5915999995049788
1006,d132_u2,sad,train,132,2,always,3,1,1,0,0,0,1,1,0,ok,"{""sentences"": [""I hear you."", ""We can pause here for a moment.""], ""safety"": ""ok""}",1,2176,2.8650000003835885,0.0012999998943996616,0.00030000046535860747,0.01430000065738568,0.005199999577598646,2.8921000002810615
1007,d132_u4,sad,train,132,4,always,3,1,1,0,0,0,1,1,0,ok,"{""sentences"": [""I hear you."", ""We can pause here for a moment.""], ""safety"": ""ok""}",1,2176,2.731199999288947,0.0013999997463542968,0.00020000061340397224,0.013799999578623101,0.004999999873689376,2.757400000518828
1008,d132_u5,neutral,train,132,5,always,3,1,1,0,0,0,1,1,0,ok,"{""sentences"": [""I hear you."", ""We can pause here for a moment.""], ""safety"": ""ok""}",1,2176,3.3341999996991944,0.0012999998943996616,0.0002999995558639057,0.014299999747890979,0.0052999994295532815,3.361099999892758
1009,d132_u6,sad,train,132,6,always,3,1,1,0,0,0,1,1,0,ok,"{""sentences"": [""I hear you."", ""We can pause here for a moment.""], ""safety"": ""ok""}",1,2176,2.4844999998094863,0.0012000000424450263,0.00020000061340397224,0.013900000340072438,0.005200000487093348,2.511200000299141
1010,d132_u7,neutral,train,132,7,always,3,1,1,0,0,0,1,1,0,ok,"{""sentences"": [""I hear you."", ""We can pause here for a moment.""], ""safety"": ""ok""}",1,2176,3.687299999910465,0.0015000005078036338,0.00030000046535860747,0.01449999945180025,0.0054000001910026185,3.715099999681115
1011,d132_u8,sad,train,132,8,always,3,1,1,0,0,0,1,1,0,ok,"{""sentences"": [""I hear you."", ""We can pause here for a moment.""], ""safety"": ""ok""}",1,2176,2.2719999997207196,0.0012999998943996616,0.00019999970390927047,0.013699999726668466,0.0054000001910026185,2.2981000001891516
1012,d132_u9,neutral,train,132,9,always,3,1,1,0,0,0,1,1,0,ok,"{""sentences"": [""I hear you."", ""We can pause here for a moment.""], ""safety"": ""ok""}",1,2176,2.7884000000995,0.0014000006558489986,0.00019999970390927047,0.013699999726668466,0.005099999725644011,2.8144999996584374
1013,d132_u10,neutral,train,132,10,always,3,1,1,0,0,0,1,1,0,ok,"{""sentences"": [""I hear you."", ""We can pause here for a moment.""], ""safety"": ""ok""}",1,2176,3.1742000001031556,0.0012999998943996616,0.00019999970390927047,0.01359999987471383,0.005199999577598646,3.200200000719633
1014,d134_u0,neutral,train,134,0,always,3,1,1,0,0,0,1,1,0,ok,"{""sentences"": [""I hear you."", ""We can pause here for a moment.""], ""safety"": ""ok""}",1,2176,2.9455999992933357,0.0012000000424450263,0.00030000046535860747,0.013899999430577736,0.004999999873689376,2.9719000003751717
1015,d135_u0,neutral,train,135,0,always,3,1,1,0,0,0,1,1,0,ok,"{""sentences"": [""I hear you."", ""We can pause here for a moment.""], ""safety"": ""ok""}",1,2176,2.6005999998233165,0.0012000000424450263,0.0002999995558639057,0.014799999917158857,0.005300000339047983,2.6281999998900574
1016,d135_u1,neutral,train,135,1,always,3,1,1,0,0,0,1,1,0,ok,"{""sentences"": [""I hear you."", ""We can pause here for a moment.""], ""safety"": ""ok""}",1,2176,2.6453000000401516,0.0012999998943996616,0.00020000061340397224,0.013999999282532372,0.005199999577598646,2.671799999916402
1017,d135_u2,neutral,train,135,2,always,3,1,1,0,0,0,1,1,0,ok,"{""sentences"": [""I hear you."", ""We can pause here for a moment.""], ""safety"": ""ok""}",1,2176,2.4181999997381354,0.0012000000424450263,0.00020000061340397224,0.014000000192027073,0.005300000339047983,2.444899999318295
1018,d135_u4,neutral,train,135,4,always,3,1,1,0,0,0,1,1,0,ok,"{""sentences"": [""I hear you."", ""We can pause here for a moment.""], ""safety"": ""ok""}",1,2176,2.896300000429619,0.001100000190490391,0.00030000046535860747,0.029000000722589903,0.005199999577598646,2.9376000002230285
1019,d135_u5,neutral,train,135,5,always,3,1,1,0,0,0,1,1,0,ok,"{""sentences"": [""I hear you."", ""We can pause here for a moment.""], ""safety"": ""ok""}",1,2176,2.963599999930011,0.0012999998943996616,0.00019999970390927047,0.01340000017080456,0.004900000021734741,2.9887000000599073
1020,d135_u6,neutral,train,135,6,always,3,1,1,0,0,0,1,1,0,ok,"{""sentences"": [""I hear you."", ""We can pause here for a moment.""], ""safety"": ""ok""}",1,2176,3.096499999628577,0.0012999998943996616,0.00030000046535860747,0.015999999959603883,0.005899999450775795,3.126400000837748
1021,d135_u7,neutral,train,135,7,always,3,1,1,0,0,0,1,1,0,ok,"{""sentences"": [""I hear you."", ""We can pause here for a moment.""], ""safety"": ""ok""}",1,2176,3.1533999999737716,0.0013999997463542968,0.00020000061340397224,0.014600000213249587,0.005300000339047983,3.180900000188558
1022,d135_u8,neutral,train,135,8,always,3,1,1,0,0,0,1,1,0,ok,"{""sentences"": [""I hear you."", ""We can pause here for a moment.""], ""safety"": ""ok""}",1,2176,2.8836999999839463,0.0012000000424450263,0.00030000046535860747,0.012999999853491317,0.005100000635138713,2.908700000261888
1023,d136_u0,neutral,train,136,0,always,3,1,1,0,0,0,1,1,0,ok,"{""sentences"": [""I hear you."", ""We can pause here for a moment.""], ""safety"": ""ok""}",1,2176,2.912800000558491,0.001100000190490391,0.00019999970390927047,0.012999999853491317,0.004499999704421498,2.9369000003498513
1024,d136_u1,neutral,train,136,1,always,3,1,1,0,0,0,1,1,0,ok,"{""sentences"": [""I hear you."", ""We can pause here for a moment.""], ""safety"": ""ok""}",1,2176,2.9905999999755295,0.0013999997463542968,0.0002999995558639057,0.013699999726668466,0.004999999873689376,3.0166999995344668
1025,d136_u4,neutral,train,136,4,always,3,1,1,0,0,0,1,1,0,ok,"{""sentences"": [""I hear you."", ""We can pause here for a moment.""], ""safety"": ""ok""}",1,2176,3.029700000297453,0.0010000003385357559,0.00019999970390927047,0.012999999853491317,0.004800000169780105,3.054099999644677
1026,d136_u5,neutral,train,136,5,always,3,1,1,0,0,0,1,1,0,ok,"{""sentences"": [""I hear you."", ""We can pause here for a moment.""], ""safety"": ""ok""}",1,2176,2.4966000000858912,0.0012000000424450263,0.00030000046535860747,0.01359999987471383,0.005199999577598646,2.522599999792874
1027,d137_u0,neutral,train,137,0,always,3,1,1,0,0,0,1,1,0,ok,"{""sentences"": [""I hear you."", ""We can pause here for a moment.""], ""safety"": ""ok""}",1,2176,2.7447000002212008,0.0012000000424450263,0.0002999995558639057,0.012999999853491317,0.004900000021734741,2.7692999992723344
1028,d137_u1,neutral,train,137,1,always,3,1,1,0,0,0,1,1,0,ok,"{""sentences"": [""I hear you."", ""We can pause here for a moment.""], ""safety"": ""ok""}",1,2176,3.129400000034366,0.0013999997463542968,0.0002999995558639057,0.013900000340072438,0.005199999577598646,3.1556000003547524
1029,d137_u2,neutral,train,137,2,always,3,1,1,0,0,0,1,1,0,ok,"{""sentences"": [""I hear you."", ""We can pause here for a moment.""], ""safety"": ""ok""}",1,2176,2.1345000004657777,0.0014000006558489986,0.00020000061340397224,0.014700000065204222,0.005599999894911889,2.162499999940337
1030,d137_u3,neutral,train,137,3,always,3,1,1,0,0,0,1,1,0,ok,"{""sentences"": [""I hear you."", ""We can pause here for a moment.""], ""safety"": ""ok""}",1,2176,3.0508999998346553,0.0012999998943996616,0.00030000046535860747,0.0304000004689442,0.005500000042957254,3.094300000157091
1031,d137_u4,happy,train,137,4,always,3,1,1,0,0,0,1,1,0,ok,"{""sentences"": [""I hear you."", ""We can pause here for a moment.""], ""safety"": ""ok""}",1,2176,3.4890999995695893,0.0013999997463542968,0.00030000046535860747,0.013899999430577736,0.005099999725644011,3.515499999593885
1032,d137_u5,neutral,train,137,5,always,3,1,1,0,0,0,1,1,0,ok,"{""sentences"": [""I hear you."", ""We can pause here for a moment.""], ""safety"": ""ok""}",1,2176,2.6545000000623986,0.0012999998943996616,0.0002999995558639057,0.013799999578623101,0.005000000783184078,2.6802000002135173
1033,d137_u6,happy,train,137,6,always,3,1,1,0,0,0,1,1,0,ok,"{""sentences"": [""I hear you."", ""We can pause here for a moment.""], ""safety"": ""ok""}",1,2176,3.8161000002219225,0.0012999998943996616,0.00030000046535860747,0.014200000805431046,0.0052999994295532815,3.843399999823305
1034,d137_u7,neutral,train,137,7,always,3,1,1,0,0,0,1,1,0,ok,"{""sentences"": [""I hear you."", ""We can pause here for a moment.""], ""safety"": ""ok""}",1,2176,2.2748999999748776,0.0012999998943996616,0.0002999995558639057,0.013899999430577736,0.005300000339047983,2.3010999993857695
1035,d138_u0,angry,train,138,0,always,3,1,1,0,0,0,1,1,0,ok,"{""sentences"": [""I hear you."", ""We can pause here for a moment.""], ""safety"": ""ok""}",1,2176,2.824999999575084,0.0010999992809956893,0.00030000046535860747,0.013300000318849925,0.004999999873689376,2.849900000001071
1036,d138_u1,angry,train,138,1,always,3,1,1,0,0,0,1,1,0,ok,"{""sentences"": [""I hear you."", ""We can pause here for a moment.""], ""safety"": ""ok""}",1,2176,2.918300000601448,0.0013000008038943633,0.00019999970390927047,0.031100000342121348,0.005099999725644011,2.9620000004797475
1037,d138_u2,happy,train,138,2,always,3,1,1,0,0,0,1,1,0,ok,"{""sentences"": [""I hear you."", ""We can pause here for a moment.""], ""safety"": ""ok""}",1,2176,2.704799999264651,0.0010999992809956893,0.0002999995558639057,0.012900000001536682,0.004900000021734741,2.7293000002828194
1038,d138_u3,angry,train,138,3,always,3,1,1,0,0,0,1,1,0,ok,"{""sentences"": [""I hear you."", ""We can pause here for a moment.""], ""safety"": ""ok""}",1,2176,3.803200000220386,0.0012999998943996616,0.0002999995558639057,0.03079999987676274,0.005200000487093348,3.8465999996333267
1039,d138_u7,neutral,train,138,7,always,3,1,1,0,0,0,1,1,0,ok,"{""sentences"": [""I hear you."", ""We can pause here for a moment.""], ""safety"": ""ok""}",1,2176,2.7026999996451195,0.0012000000424450263,0.0002999995558639057,0.015999999959603883,0.006000000212225132,2.7329999993526144
1040,d138_u8,neutral,train,138,8,always,3,1,1,0,0,0,1,1,0,ok,"{""sentences"": [""I hear you."", ""We can pause here for a moment.""], ""safety"": ""ok""}",1,2176,3.1686000002082437,0.0012999998943996616,0.00019999970390927047,0.013699999726668466,0.005099999725644011,3.1945999999152264
1041,d138_u9,neutral,train,138,9,always,3,1,1,0,0,0,1,1,0,ok,"{""sentences"": [""I hear you."", ""We can pause here for a moment.""], ""safety"": ""ok""}",1,2176,2.5292000000263215,0.0013999997463542968,0.00019999970390927047,0.01449999945180025,0.005399999281507917,2.5567000002411078
1042,d138_u10,happy,train,138,10,always,3,1,1,0,0,0,1,1,0,ok,"{""sentences"": [""I hear you."", ""We can pause here for a moment.""], ""safety"": ""ok""}",1,2176,2.988299999742594,0.0012999998943996616,0.00019999970390927047,0.014299999747890979,0.0052999994295532815,3.0157999999573804
1043,d138_u11,angry,train,138,11,always,3,1,1,0,0,0,1,1,0,ok,"{""sentences"": [""I hear you."", ""We can pause here for a moment.""], ""safety"": ""ok""}",1,2176,2.441099999487051,0.0012000000424450263,0.00020000061340397224,0.013800000488117803,0.005199999577598646,2.4675000004208414
1044,d138_u12,neutral,train,138,12,always,3,1,1,0,0,0,1,1,0,ok,"{""sentences"": [""I hear you."", ""We can pause here for a moment.""], ""safety"": ""ok""}",1,2176,2.804200000355195,0.0012999998943996616,0.00019999970390927047,0.029200000426499173,0.004900000021734741,2.845600000000559
1045,d138_u14,neutral,train,138,14,always,3,1,1,0,0,0,1,1,0,ok,"{""sentences"": [""I hear you."", ""We can pause here for a moment.""], ""safety"": ""ok""}",1,2176,2.485299999534618,0.0012999998943996616,0.00030000046535860747,0.01359999987471383,0.005099999725644011,2.511600000616454
1046,d138_u15,angry,train,138,15,always,3,1,1,0,0,0,1,1,0,ok,"{""sentences"": [""I hear you."", ""We can pause here for a moment.""], ""safety"": ""ok""}",1,2176,2.8376999998727115,0.0012999998943996616,0.0002999995558639057,0.014500000361294951,0.0054000001910026185,2.8652999999394524
1047,d139_u0,neutral,train,139,0,always,3,1,1,0,0,0,1,1,0,ok,"{""sentences"": [""I hear you."", ""We can pause here for a moment.""], ""safety"": ""ok""}",1,2176,2.53569999949832,0.0012999998943996616,0.00020000061340397224,0.014399999599845614,0.005500000042957254,2.563000000009197
1048,d139_u1,neutral,train,139,1,always,3,1,1,0,0,0,1,1,0,ok,"{""sentences"": [""I hear you."", ""We can pause here for a moment.""], ""safety"": ""ok""}",1,2176,3.1268000002455665,0.0015000005078036338,0.0004000003173132427,0.015900000107649248,0.005599999894911889,3.1580999993821024
1049,d139_u2,angry,train,139,2,always,3,1,1,0,0,0,1,1,0,ok,"{""sentences"": [""I hear you."", ""We can pause here for a moment.""], ""safety"": ""ok""}",1,2176,2.707199999349541,0.0012999998943996616,0.00020000061340397224,0.01629999951546779,0.006300000677583739,2.7377000005799346
1050,d139_u3,happy,train,139,3,always,3,1,1,0,0,0,1,1,0,ok,"{""sentences"": [""I hear you."", ""We can pause here for a moment.""], ""safety"": ""ok""}",1,2176,2.9596000003948575,0.001499999598308932,0.0002999995558639057,0.015099999473022763,0.005899999450775795,2.988500000355998
1051,d139_u5,happy,train,139,5,always,3,1,1,0,0,0,1,1,0,ok,"{""sentences"": [""I hear you."", ""We can pause here for a moment.""], ""safety"": ""ok""}",1,2176,3.1386000000566128,0.0013999997463542968,0.0002999995558639057,0.012999999853491317,0.004800000169780105,3.163000000313332
1052,d140_u0,neutral,train,140,0,always,3,1,1,0,0,0,1,1,0,ok,"{""sentences"": [""I hear you."", ""We can pause here for a moment.""], ""safety"": ""ok""}",1,2176,2.8185999999550404,0.001600000359758269,0.0002999995558639057,0.013799999578623101,0.005300000339047983,2.8452999995352
1053,d140_u1,neutral,train,140,1,always,3,1,1,0,0,0,1,1,0,ok,"{""sentences"": [""I hear you."", ""We can pause here for a moment.""], ""safety"": ""ok""}",1,2176,2.9645000004165922,0.0013999997463542968,0.00030000046535860747,0.014199999895936344,0.005199999577598646,2.9916000003140653
1054,d141_u0,neutral,train,141,0,always,3,1,1,0,0,0,1,1,0,ok,"{""sentences"": [""I hear you."", ""We can pause here for a moment.""], ""safety"": ""ok""}",1,2176,2.8214000003572437,0.0013999997463542968,0.00030000046535860747,0.014299999747890979,0.005300000339047983,2.8486000001066714
1055,d141_u1,neutral,train,141,1,always,3,1,1,0,0,0,1,1,0,ok,"{""sentences"": [""I hear you."", ""We can pause here for a moment.""], ""safety"": ""ok""}",1,2176,2.84289999945031,0.0012999998943996616,0.0002999995558639057,0.014500000361294951,0.005099999725644011,2.870200000870682
1056,d141_u2,neutral,train,141,2,always,3,1,1,0,0,0,1,1,0,ok,"{""sentences"": [""I hear you."", ""We can pause here for a moment.""], ""safety"": ""ok""}",1,2176,2.4500999998053885,0.0012000000424450263,0.0002999995558639057,0.013500000022759195,0.004800000169780105,2.4752999997872394
1057,d141_u3,neutral,train,141,3,always,3,1,1,0,0,0,1,1,0,ok,"{""sentences"": [""I hear you."", ""We can pause here for a moment.""], ""safety"": ""ok""}",1,2176,3.2250000003841706,0.0012999998943996616,0.00020000061340397224,0.014900000678608194,0.005500000042957254,3.2529000000067754
1058,d141_u4,neutral,train,141,4,always,3,1,1,0,0,0,1,1,0,ok,"{""sentences"": [""I hear you."", ""We can pause here for a moment.""], ""safety"": ""ok""}",1,2176,3.3361999994667713,0.0012000000424450263,0.00030000046535860747,0.014299999747890979,0.0054000001910026185,3.3634000001256936
1059,d141_u5,neutral,train,141,5,always,3,1,1,0,0,0,1,1,0,ok,"{""sentences"": [""I hear you."", ""We can pause here for a moment.""], ""safety"": ""ok""}",1,2176,2.6922999995804275,0.0012999998943996616,0.00030000046535860747,0.015499999790336005,0.006000000212225132,2.7220000001761946
1060,d141_u6,neutral,train,141,6,always,3,1,1,0,0,0,1,1,0,ok,"{""sentences"": [""I hear you."", ""We can pause here for a moment.""], ""safety"": ""ok""}",1,2176,2.855499999895983,0.0013999997463542968,0.00020000061340397224,0.014500000361294951,0.0054000001910026185,2.882799999497365
1061,d141_u7,neutral,train,141,7,always,3,1,1,0,0,0,1,1,0,ok,"{""sentences"": [""I hear you."", ""We can pause here for a moment.""], ""safety"": ""ok""}",1,2176,2.7173999997103238,0.0017000002117129043,0.00030000046535860747,0.013899999430577736,0.0052999994295532815,2.7452999993329286
1062,d142_u0,neutral,train,142,0,always,3,1,1,0,0,0,1,1,0,ok,"{""sentences"": [""I hear you."", ""We can pause here for a moment.""], ""safety"": ""ok""}",1,2176,3.106600000137405,0.0012000000424450263,0.00030000046535860747,0.01500000053056283,0.005500000042957254,3.1345999996119644
1063,d142_u1,happy,train,142,1,always,3,1,1,0,0,0,1,1,0,ok,"{""sentences"": [""I hear you."", ""We can pause here for a moment.""], ""safety"": ""ok""}",1,2176,3.045600000405102,0.0012999998943996616,0.00030000046535860747,0.013699999726668466,0.005300000339047983,3.071799999815994
1064,d143_u0,neutral,train,143,0,always,3,1,1,0,0,0,1,1,0,ok,"{""sentences"": [""I hear you."", ""We can pause here for a moment.""], ""safety"": ""ok""}",1,2176,2.213099999607948,0.0012000000424450263,0.00020000061340397224,0.014299999747890979,0.005500000042957254,2.240400000118825
1065,d143_u1,neutral,train,143,1,always,3,1,1,0,0,0,1,1,0,ok,"{""sentences"": [""I hear you."", ""We can pause here for a moment.""], ""safety"": ""ok""}",1,2176,3.344200000356068,0.0013999997463542968,0.00019999970390927047,0.014199999895936344,0.005300000339047983,3.3714000001054956
1066,d143_u2,sad,train,143,2,always,3,1,1,0,0,0,1,1,0,ok,"{""sentences"": [""I hear you."", ""We can pause here for a moment.""], ""safety"": ""ok""}",1,2176,3.3808999996836064,0.0012000000424450263,0.0002999995558639057,0.014000000192027073,0.0054000001910026185,3.4079000006386195
1067,d143_u3,happy,train,143,3,always,3,1,1,0,0,0,1,1,0,ok,"{""sentences"": [""I hear you."", ""We can pause here for a moment.""], ""safety"": ""ok""}",1,2176,2.490099999704398,0.0014000006558489986,0.00030000046535860747,0.014899999769113492,0.006000000212225132,2.5186000002577202
1068,d143_u4,neutral,train,143,4,always,3,1,1,0,0,0,1,1,0,ok,"{""sentences"": [""I hear you."", ""We can pause here for a moment.""], ""safety"": ""ok""}",1,2176,2.55379999998695,0.0013000008038943633,0.00019999970390927047,0.014100000043981709,0.005599999894911889,2.5809000007939176
1069,d144_u0,neutral,train,144,0,always,3,1,1,0,0,0,1,1,0,ok,"{""sentences"": [""I hear you."", ""We can pause here for a moment.""], ""safety"": ""ok""}",1,2176,3.1484000001000823,0.0012999998943996616,0.00030000046535860747,0.014500000361294951,0.005300000339047983,3.1756999997014645
1070,d144_u1,neutral,train,144,1,always,3,1,1,0,0,0,1,1,0,ok,"{""sentences"": [""I hear you."", ""We can pause here for a moment.""], ""safety"": ""ok""}",1,2176,3.1689000006736023,0.0015000005078036338,0.0004000003173132427,0.015100000382517464,0.0052999994295532815,3.199300000233052
1071,d144_u2,neutral,train,144,2,always,3,1,1,0,0,0,1,1,0,ok,"{""sentences"": [""I hear you."", ""We can pause here for a moment.""], ""safety"": ""ok""}",1,2176,2.978900000016438,0.0012000000424450263,0.00020000061340397224,0.013500000022759195,0.005200000487093348,3.004700000019511
1072,d144_u3,neutral,train,144,3,always,3,1,1,0,0,0,1,1,0,ok,"{""sentences"": [""I hear you."", ""We can pause here for a moment.""], ""safety"": ""ok""}",1,2176,3.0083000001468463,0.0012000000424450263,0.00019999970390927047,0.029599999834317714,0.004800000169780105,3.049099999770988
1073,d144_u5,happy,train,144,5,always,3,1,1,0,0,0,1,1,0,ok,"{""sentences"": [""I hear you."", ""We can pause here for a moment.""], ""safety"": ""ok""}",1,2176,2.530599999772676,0.001100000190490391,0.00019999970390927047,0.014299999747890979,0.005300000339047983,2.5577999995221035
1074,d145_u1,neutral,train,145,1,always,3,1,1,0,0,0,1,1,0,ok,"{""sentences"": [""I hear you."", ""We can pause here for a moment.""], ""safety"": ""ok""}",1,2176,2.819700000145531,0.0013999997463542968,0.00019999970390927047,0.014799999917158857,0.005100000635138713,2.8473000002122717
1075,d145_u2,angry,train,145,2,always,3,1,1,0,0,0,1,1,0,ok,"{""sentences"": [""I hear you."", ""We can pause here for a moment.""], ""safety"": ""ok""}",1,2176,3.1202999998640735,0.0013999997463542968,0.00030000046535860747,0.014400000509340316,0.005300000339047983,3.147299999909592
1076,d145_u3,neutral,train,145,3,always,3,1,1,0,0,0,1,1,0,ok,"{""sentences"": [""I hear you."", ""We can pause here for a moment.""], ""safety"": ""ok""}",1,2176,2.80780000048253,0.0015999994502635673,0.0004000003173132427,0.01869999960035784,0.007200000254670158,2.843100000063714
1077,d145_u6,angry,train,145,6,always,3,1,1,0,0,0,1,1,0,ok,"{""sentences"": [""I hear you."", ""We can pause here for a moment.""], ""safety"": ""ok""}",1,2176,3.0312999997477164,0.0013999997463542968,0.00019999970390927047,0.014500000361294951,0.005199999577598646,3.0587999999625026
1078,d145_u8,angry,train,145,8,always,3,1,1,0,0,0,1,1,0,ok,"{""sentences"": [""I hear you."", ""We can pause here for a moment.""], ""safety"": ""ok""}",1,2176,3.1377999994219863,0.0015999994502635673,0.00019999970390927047,0.014600000213249587,0.0054000001910026185,3.1655000002501765
1079,d145_u12,angry,train,145,12,always,3,1,1,0,0,0,1,1,0,ok,"{""sentences"": [""I hear you."", ""We can pause here for a moment.""], ""safety"": ""ok""}",1,2176,2.674500000466651,0.0012000000424450263,0.0002999995558639057,0.014400000509340316,0.0054000001910026185,2.7022000003853464
1080,d145_u13,angry,train,145,13,always,3,1,1,0,0,0,1,1,0,ok,"{""sentences"": [""I hear you."", ""We can pause here for a moment.""], ""safety"": ""ok""}",1,2176,3.0789000002187095,0.0012000000424450263,0.0002999995558639057,0.013699999726668466,0.005300000339047983,3.105199999481556
1081,d145_u14,happy,train,145,14,always,3,1,1,0,0,0,1,1,0,ok,"{""sentences"": [""I hear you."", ""We can pause here for a moment.""], ""safety"": ""ok""}",1,2176,2.5386999996044324,0.0014000006558489986,0.0002999995558639057,0.013699999726668466,0.005300000339047983,2.5649999997767736
1082,d145_u17,neutral,train,145,17,always,3,1,1,0,0,0,1,1,0,ok,"{""sentences"": [""I hear you."", ""We can pause here for a moment.""], ""safety"": ""ok""}",1,2176,2.9693000005863723,0.0013000008038943633,0.00019999970390927047,0.014500000361294951,0.005199999577598646,2.9966000001877546
1083,d146_u0,neutral,train,146,0,always,3,1,1,0,0,0,1,1,0,ok,"{""sentences"": [""I hear you."", ""We can pause here for a moment.""], ""safety"": ""ok""}",1,2176,2.892700000302284,0.0012000000424450263,0.0002999995558639057,0.017800000023271423,0.005599999894911889,2.9237999997349107
1084,d146_u1,sad,train,146,1,always,3,1,1,0,0,0,1,1,0,ok,"{""sentences"": [""I hear you."", ""We can pause here for a moment.""], ""safety"": ""ok""}",1,2176,2.9202000005170703,0.0012000000424450263,0.00020000061340397224,0.013600000784208532,0.004999999873689376,2.9458999997586943
1085,d146_u2,neutral,train,146,2,always,3,1,1,0,0,0,1,1,0,ok,"{""sentences"": [""I hear you."", ""We can pause here for a moment.""], ""safety"": ""ok""}",1,2176,2.8793000001314795,0.0012000000424450263,0.00020000061340397224,0.01430000065738568,0.005099999725644011,2.906300000176998
1086,d146_u3,angry,train,146,3,always,3,1,1,0,0,0,1,1,0,ok,"{""sentences"": [""I hear you."", ""We can pause here for a moment.""], ""safety"": ""ok""}",1,2176,2.9605999998238985,0.001499999598308932,0.00030000046535860747,0.014799999917158857,0.0057999995988211595,2.9889999996157712
1087,d146_u4,neutral,train,146,4,always,3,1,1,0,0,0,1,1,0,ok,"{""sentences"": [""I hear you."", ""We can pause here for a moment.""], ""safety"": ""ok""}",1,2176,3.2107000006362796,0.0012000000424450263,0.0002999995558639057,0.014000000192027073,0.005199999577598646,3.2371999996030354
1088,d146_u5,neutral,train,146,5,always,3,1,1,0,0,0,1,1,0,ok,"{""sentences"": [""I hear you."", ""We can pause here for a moment.""], ""safety"": ""ok""}",1,2176,2.7292000004308647,0.0012999998943996616,0.0002999995558639057,0.014299999747890979,0.005099999725644011,2.7565999998842017
1089,d146_u6,neutral,train,146,6,always,3,1,1,0,0,0,1,1,0,ok,"{""sentences"": [""I hear you."", ""We can pause here for a moment.""], ""safety"": ""ok""}",1,2176,2.63360000008106,0.0012999998943996616,0.00030000046535860747,0.013900000340072438,0.005300000339047983,2.660000000105356
1090,d146_u7,neutral,train,146,7,always,3,1,1,0,0,0,1,1,0,ok,"{""sentences"": [""I hear you."", ""We can pause here for a moment.""], ""safety"": ""ok""}",1,2176,2.7341999993950594,0.0012999998943996616,0.00020000061340397224,0.013999999282532372,0.0052999994295532815,2.7609000007942086
1091,d146_u8,neutral,train,146,8,always,3,1,1,0,0,0,1,1,0,ok,"{""sentences"": [""I hear you."", ""We can pause here for a moment.""], ""safety"": ""ok""}",1,2176,2.7459999992061057,0.0012000000424450263,0.0002999995558639057,0.014299999747890979,0.005200000487093348,2.772900000309164
1092,d146_u9,sad,train,146,9,always,3,1,1,0,0,0,1,1,0,ok,"{""sentences"": [""I hear you."", ""We can pause here for a moment.""], ""safety"": ""ok""}",1,2176,2.930699999524222,0.0014000006558489986,0.0002999995558639057,0.014100000043981709,0.0054000001910026185,2.9574999998658313
1093,d146_u10,sad,train,146,10,always,3,1,1,0,0,0,1,1,0,ok,"{""sentences"": [""I hear you."", ""We can pause here for a moment.""], ""safety"": ""ok""}",1,2176,3.0376000004253,0.0012000000424450263,0.0002999995558639057,0.014000000192027073,0.005199999577598646,3.0639999995401013
1094,d146_u11,sad,train,146,11,always,3,1,1,0,0,0,1,1,0,ok,"{""sentences"": [""I hear you."", ""We can pause here for a moment.""], ""safety"": ""ok""}",1,2176,2.6540999997450854,0.0010999992809956893,0.00030000046535860747,0.03330000072310213,0.0052999994295532815,2.7002000006177695
1095,d146_u12,sad,train,146,12,always,3,1,1,0,0,0,1,1,0,ok,"{""sentences"": [""I hear you."", ""We can pause here for a moment.""], ""safety"": ""ok""}",1,2176,3.123999999843363,0.0013999997463542968,0.00019999970390927047,0.014199999895936344,0.0054000001910026185,3.1513999992967
1096,d147_u0,neutral,train,147,0,always,3,1,1,0,0,0,1,1,0,ok,"{""sentences"": [""I hear you."", ""We can pause here for a moment.""], ""safety"": ""ok""}",1,2176,2.650800000083109,0.0012999998943996616,0.00030000046535860747,0.01469999915570952,0.005599999894911889,2.6786999997057137
1097,d147_u1,neutral,train,147,1,always,3,1,1,0,0,0,1,1,0,ok,"{""sentences"": [""I hear you."", ""We can pause here for a moment.""], ""safety"": ""ok""}",1,2176,3.044900000531925,0.0012000000424450263,0.00019999970390927047,0.014500000361294951,0.005200000487093348,3.072200000133307
1098,d147_u2,neutral,train,147,2,always,3,1,1,0,0,0,1,1,0,ok,"{""sentences"": [""I hear you."", ""We can pause here for a moment.""], ""safety"": ""ok""}",1,2176,3.1739999994897516,0.0012000000424450263,0.0002999995558639057,0.01500000053056283,0.0054000001910026185,3.2020999997257604
1099,d147_u3,happy,train,147,3,always,3,1,1,0,0,0,1,1,0,ok,"{""sentences"": [""I hear you."", ""We can pause here for a moment.""], ""safety"": ""ok""}",1,2176,3.3815999995567836,0.0012999998943996616,0.00019999970390927047,0.014100000043981709,0.005199999577598646,3.4086000005117967
1100,d147_u5,happy,train,147,5,always,3,1,1,0,0,0,1,1,0,ok,"{""sentences"": [""I hear you."", ""We can pause here for a moment.""], ""safety"": ""ok""}",1,2176,2.3252000000866246,0.0013000008038943633,0.00019999970390927047,0.013800000488117803,0.005200000487093348,2.3516000001109205
1101,d147_u9,neutral,train,147,9,always,3,1,1,0,0,0,1,1,0,ok,"{""sentences"": [""I hear you."", ""We can pause here for a moment.""], ""safety"": ""ok""}",1,2176,2.937500000371074,0.0013999997463542968,0.00030000046535860747,0.014200000805431046,0.005199999577598646,2.9644000005646376
1102,d147_u10,neutral,train,147,10,always,3,1,1,0,0,0,1,1,0,ok,"{""sentences"": [""I hear you."", ""We can pause here for a moment.""], ""safety"": ""ok""}",1,2176,2.6104000007762806,0.0012999998943996616,0.00019999970390927047,0.013799999578623101,0.005099999725644011,2.636299999721814
1103,d147_u11,angry,train,147,11,always,3,1,1,0,0,0,1,1,0,ok,"{""sentences"": [""I hear you."", ""We can pause here for a moment.""], ""safety"": ""ok""}",1,2176,3.6689999997179257,0.0014000006558489986,0.0002999995558639057,0.01449999945180025,0.005500000042957254,3.7149999998291605
1104,d148_u0,angry,train,148,0,always,3,1,1,0,0,0,1,1,0,ok,"{""sentences"": [""I hear you."", ""We can pause here for a moment.""], ""safety"": ""ok""}",1,2176,2.3988000002646004,0.0012999998943996616,0.00020000061340397224,0.014000000192027073,0.005200000487093348,2.4251999993794016
1105,d148_u1,neutral,train,148,1,always,3,1,1,0,0,0,1,1,0,ok,"{""sentences"": [""I hear you."", ""We can pause here for a moment.""], ""safety"": ""ok""}",1,2176,2.995599999849219,0.0013999997463542968,0.00019999970390927047,0.014700000065204222,0.005500000042957254,3.0235999993237783
1106,d148_u2,angry,train,148,2,always,3,1,1,0,0,0,1,1,0,ok,"{""sentences"": [""I hear you."", ""We can pause here for a moment.""], ""safety"": ""ok""}",1,2176,3.2131999996636296,0.0012999998943996616,0.00030000046535860747,0.013700000636163168,0.005199999577598646,3.239399999984016
1107,d148_u3,angry,train,148,3,always,3,1,1,0,0,0,1,1,0,ok,"{""sentences"": [""I hear you."", ""We can pause here for a moment.""], ""safety"": ""ok""}",1,2176,2.409000000625383,0.0014000006558489986,0.00019999970390927047,0.014600000213249587,0.005199999577598646,2.4362000003748108
1108,d148_u4,angry,train,148,4,always,3,1,1,0,0,0,1,1,0,ok,"{""sentences"": [""I hear you."", ""We can pause here for a moment.""], ""safety"": ""ok""}",1,2176,2.977399999508634,0.0012999998943996616,0.00030000046535860747,0.013799999578623101,0.005099999725644011,3.0210000004444737
1109,d148_u7,neutral,train,148,7,always,3,1,1,0,0,0,1,1,0,ok,"{""sentences"": [""I hear you."", ""We can pause here for a moment.""], ""safety"": ""ok""}",1,2176,2.510000000256696,0.0012000000424450263,0.0002999995558639057,0.01359999987471383,0.0054000001910026185,2.5359999999636784
1110,d148_u8,neutral,train,148,8,always,3,1,1,0,0,0,1,1,0,ok,"{""sentences"": [""I hear you."", ""We can pause here for a moment.""], ""safety"": ""ok""}",1,2176,2.6347000002715504,0.0014000006558489986,0.0002999995558639057,0.014400000509340316,0.005200000487093348,2.6619999998729327
1111,d148_u9,neutral,train,148,9,always,3,1,1,0,0,0,1,1,0,ok,"{""sentences"": [""I hear you."", ""We can pause here for a moment.""], ""safety"": ""ok""}",1,2176,2.8086000002076617,0.0012999998943996616,0.00019999970390927047,0.014199999895936344,0.005500000042957254,2.8357000001051347
1112,d148_u10,neutral,train,148,10,always,3,1,1,0,0,0,1,1,0,ok,"{""sentences"": [""I hear you."", ""We can pause here for a moment.""], ""safety"": ""ok""}",1,2176,2.8446999995139777,0.0012000000424450263,0.00019999970390927047,0.02949999998236308,0.005300000339047983,2.886700000090059
1113,d148_u11,neutral,train,148,11,always,3,1,1,0,0,0,1,1,0,ok,"{""sentences"": [""I hear you."", ""We can pause here for a moment.""], ""safety"": ""ok""}",1,2176,2.91670000024169,0.0012999998943996616,0.00030000046535860747,0.014100000043981709,0.005099999725644011,2.943799999229668
1114,d148_u12,neutral,train,148,12,always,3,1,1,0,0,0,1,1,0,ok,"{""sentences"": [""I hear you."", ""We can pause here for a moment.""], ""safety"": ""ok""}",1,2176,2.927800000179559,0.001499999598308932,0.00030000046535860747,0.01559999964229064,0.005599999894911889,2.9574000000138767
1115,d148_u14,neutral,train,148,14,always,3,1,1,0,0,0,1,1,0,ok,"{""sentences"": [""I hear you."", ""We can pause here for a moment.""], ""safety"": ""ok""}",1,2176,3.356100000019069,0.0012999998943996616,0.00019999970390927047,0.01449999945180025,0.005500000042957254,3.383899999789719
1116,d148_u16,neutral,train,148,16,always,3,1,1,0,0,0,1,1,0,ok,"{""sentences"": [""I hear you."", ""We can pause here for a moment.""], ""safety"": ""ok""}",1,2176,2.8671999998550746,0.0012999998943996616,0.0002999995558639057,0.014600000213249587,0.005200000487093348,2.8947999999218155
1117,d148_u17,angry,train,148,17,always,3,1,1,0,0,0,1,1,0,ok,"{""sentences"": [""I hear you."", ""We can pause here for a moment.""], ""safety"": ""ok""}",1,2176,3.0370000004040776,0.0012000000424450263,0.00020000061340397224,0.014100000043981709,0.005399999281507917,3.063799999836192
1118,d148_u18,angry,train,148,18,always,3,1,1,0,0,0,1,1,0,ok,"{""sentences"": [""I hear you."", ""We can pause here for a moment.""], ""safety"": ""ok""}",1,2176,2.4038000001382898,0.0013999997463542968,0.00019999970390927047,0.014100000043981709,0.005300000339047983,2.431099999739672
1119,d148_u19,sad,train,148,19,always,3,1,1,0,0,0,1,1,0,ok,"{""sentences"": [""I hear you."", ""We can pause here for a moment.""], ""safety"": ""ok""}",1,2176,2.7810999999928754,0.0012000000424450263,0.00019999970390927047,0.013699999726668466,0.0052999994295532815,2.8076000007786206
1120,d148_u20,sad,train,148,20,always,3,1,1,0,0,0,1,1,0,ok,"{""sentences"": [""I hear you."", ""We can pause here for a moment.""], ""safety"": ""ok""}",1,2176,2.9021000000284403,0.0012999998943996616,0.00020000061340397224,0.014599999303754885,0.005300000339047983,2.9293999996298226
1121,d149_u0,sad,train,149,0,always,3,1,1,0,0,0,1,1,0,ok,"{""sentences"": [""I hear you."", ""We can pause here for a moment.""], ""safety"": ""ok""}",1,2176,3.3198999999513035,0.0013999997463542968,0.00019999970390927047,0.014199999895936344,0.005100000635138713,3.3468000001448672
1122,d149_u1,neutral,train,149,1,always,3,1,1,0,0,0,1,1,0,ok,"{""sentences"": [""I hear you."", ""We can pause here for a moment.""], ""safety"": ""ok""}",1,2176,2.540200000112236,0.0012999998943996616,0.00030000046535860747,0.014600000213249587,0.0052999994295532815,2.567799999269482
1123,d149_u2,neutral,train,149,2,always,3,1,1,0,0,0,1,1,0,ok,"{""sentences"": [""I hear you."", ""We can pause here for a moment.""], ""safety"": ""ok""}",1,2176,2.6644999998097774,0.0012999998943996616,0.00030000046535860747,0.014600000213249587,0.005500000042957254,2.6920999998765183
1124,d149_u3,happy,train,149,3,always,3,1,1,0,0,0,1,1,0,ok,"{""sentences"": [""I hear you."", ""We can pause here for a moment.""], ""safety"": ""ok""}",1,2176,2.6492999995753053,0.0012000000424450263,0.00019999970390927047,0.014600000213249587,0.005300000339047983,2.6765000002342276
1125,d150_u1,neutral,train,150,1,always,3,1,1,0,0,0,1,1,0,ok,"{""sentences"": [""I hear you."", ""We can pause here for a moment.""], ""safety"": ""ok""}",1,2176,2.8812999998990563,0.0013000008038943633,0.00019999970390927047,0.014100000043981709,0.004900000021734741,2.907299999606039
1126,d150_u2,angry,train,150,2,always,3,1,1,0,0,0,1,1,0,ok,"{""sentences"": [""I hear you."", ""We can pause here for a moment.""], ""safety"": ""ok""}",1,2176,2.8167000000394182,0.001100000190490391,0.00020000061340397224,0.013399999261309858,0.0052999994295532815,2.8425000000424916
1127,d150_u3,sad,train,150,3,always,3,1,1,0,0,0,1,1,0,ok,"{""sentences"": [""I hear you."", ""We can pause here for a moment.""], ""safety"": ""ok""}",1,2176,3.6158000002615154,0.0012000000424450263,0.00019999970390927047,0.01359999987471383,0.004999999873689376,3.6407999996299623
1128,d151_u0,happy,train,151,0,always,3,1,1,0,0,0,1,1,0,ok,"{""sentences"": [""I hear you."", ""We can pause here for a moment.""], ""safety"": ""ok""}",1,2176,2.6833000001715845,0.0012000000424450263,0.0002999995558639057,0.014199999895936344,0.005300000339047983,2.7104000000690576
1129,d151_u1,happy,train,151,1,always,3,1,1,0,0,0,1,1,0,ok,"{""sentences"": [""I hear you."", ""We can pause here for a moment.""], ""safety"": ""ok""}",1,2176,2.641799999764771,0.0012999998943996616,0.0002999995558639057,0.014100000043981709,0.005099999725644011,2.6688000007197843
1130,d151_u2,happy,train,151,2,always,3,1,1,0,0,0,1,1,0,ok,"{""sentences"": [""I hear you."", ""We can pause here for a moment.""], ""safety"": ""ok""}",1,2176,2.893200000471552,0.0012000000424450263,0.00019999970390927047,0.012599999536178075,0.0045000006139162,2.9169999997975538
1131,d151_u3,happy,train,151,3,always,3,1,1,0,0,0,1,1,0,ok,"{""sentences"": [""I hear you."", ""We can pause here for a moment.""], ""safety"": ""ok""}",1,2176,2.945999999610649,0.0013999997463542968,0.00020000061340397224,0.014399999599845614,0.005200000487093348,2.973300000121526
1132,d151_u7,neutral,train,151,7,always,3,1,1,0,0,0,1,1,0,ok,"{""sentences"": [""I hear you."", ""We can pause here for a moment.""], ""safety"": ""ok""}",1,2176,3.0428000000028987,0.0012999998943996616,0.00020000061340397224,0.01430000065738568,0.005500000042957254,3.0702000003657304
1133,d151_u8,angry,train,151,8,always,3,1,1,0,0,0,1,1,0,ok,"{""sentences"": [""I hear you."", ""We can pause here for a moment.""], ""safety"": ""ok""}",1,2176,2.7038999996875646,0.0019000008251168765,0.0002999995558639057,0.01900000006571645,0.007800000275892671,2.7411000000938657
1134,d151_u9,happy,train,151,9,always,3,1,1,0,0,0,1,1,0,ok,"{""sentences"": [""I hear you."", ""We can pause here for a moment.""], ""safety"": ""ok""}",1,2176,2.953400000478723,0.0012999998943996616,0.00019999970390927047,0.014500000361294951,0.005599999894911889,2.981499999805237
1135,d151_u10,neutral,train,151,10,always,3,1,1,0,0,0,1,1,0,ok,"{""sentences"": [""I hear you."", ""We can pause here for a moment.""], ""safety"": ""ok""}",1,2176,2.8480999999374035,0.0012999998943996616,0.00020000061340397224,0.01449999945180025,0.0052999994295532815,2.8756000001521898
1136,d151_u11,sad,train,151,11,always,3,1,1,0,0,0,1,1,0,ok,"{""sentences"": [""I hear you."", ""We can pause here for a moment.""], ""safety"": ""ok""}",1,2176,2.967999999782478,0.0012000000424450263,0.00030000046535860747,0.014100000043981709,0.005399999281507917,2.9954000001453096
1137,d151_u12,neutral,train,151,12,always,3,1,1,0,0,0,1,1,0,ok,"{""sentences"": [""I hear you."", ""We can pause here for a moment.""], ""safety"": ""ok""}",1,2176,3.0338999995365157,0.0012999998943996616,0.00019999970390927047,0.014299999747890979,0.0054000001910026185,3.061100000195438
1138,d151_u13,neutral,train,151,13,always,3,1,1,0,0,0,1,1,0,ok,"{""sentences"": [""I hear you."", ""We can pause here for a moment.""], ""safety"": ""ok""}",1,2176,2.7836999997816747,0.0012999998943996616,0.00020000061340397224,0.030700000024808105,0.005300000339047983,2.8270000002521556
1139,d151_u15,neutral,train,151,15,always,3,1,1,0,0,0,1,1,0,ok,"{""sentences"": [""I hear you."", ""We can pause here for a moment.""], ""safety"": ""ok""}",1,2176,2.5341000000480562,0.0012000000424450263,0.00019999970390927047,0.013999999282532372,0.0052999994295532815,2.5606999997762614
1140,d151_u16,angry,train,151,16,always,3,1,1,0,0,0,1,1,0,ok,"{""sentences"": [""I hear you."", ""We can pause here for a moment.""], ""safety"": ""ok""}",1,2176,2.8425999998944462,0.0012999998943996616,0.00030000046535860747,0.014199999895936344,0.0054000001910026185,2.8694000002360553
1141,d151_u17,neutral,train,151,17,always,3,1,1,0,0,0,1,1,0,ok,"{""sentences"": [""I hear you."", ""We can pause here for a moment.""], ""safety"": ""ok""}",1,2176,2.784100000098988,0.0012999998943996616,0.00019999970390927047,0.014500000361294951,0.005199999577598646,2.811400000609865
1142,d152_u1,happy,train,152,1,always,3,1,1,0,0,0,1,1,0,ok,"{""sentences"": [""I hear you."", ""We can pause here for a moment.""], ""safety"": ""ok""}",1,2176,3.151599999910104,0.0014000006558489986,0.00019999970390927047,0.014299999747890979,0.005199999577598646,3.1785999999556225
1143,d152_u4,neutral,train,152,4,always,3,1,1,0,0,0,1,1,0,ok,"{""sentences"": [""I hear you."", ""We can pause here for a moment.""], ""safety"": ""ok""}",1,2176,2.6869000002989196,0.001600000359758269,0.00030000046535860747,0.0152000002344721,0.005500000042957254,2.7157000004081056
1144,d152_u5,neutral,train,152,5,always,3,1,1,0,0,0,1,1,0,ok,"{""sentences"": [""I hear you."", ""We can pause here for a moment.""], ""safety"": ""ok""}",1,2176,3.165400000398222,0.0012999998943996616,0.00019999970390927047,0.024599999960628338,0.0052999994295532815,3.202900000360387
1145,d152_u6,neutral,train,152,6,always,3,1,1,0,0,0,1,1,0,ok,"{""sentences"": [""I hear you."", ""We can pause here for a moment.""], ""safety"": ""ok""}",1,2176,2.915699999903154,0.0013999997463542968,0.00019999970390927047,0.014799999917158857,0.0052999994295532815,2.943800000139163
1146,d152_u7,neutral,train,152,7,always,3,1,1,0,0,0,1,1,0,ok,"{""sentences"": [""I hear you."", ""We can pause here for a moment.""], ""safety"": ""ok""}",1,2176,3.3278999999311054,0.0012999998943996616,0.0002999995558639057,0.013999999282532372,0.005500000042957254,3.3544999996593106
1147,d152_u9,sad,train,152,9,always,3,1,1,0,0,0,1,1,0,ok,"{""sentences"": [""I hear you."", ""We can pause here for a moment.""], ""safety"": ""ok""}",1,2176,2.084899999317713,0.0012000000424450263,0.0002999995558639057,0.013500000022759195,0.004999999873689376,2.110700000230281
1148,d152_u10,sad,train,152,10,always,3,1,1,0,0,0,1,1,0,ok,"{""sentences"": [""I hear you."", ""We can pause here for a moment.""], ""safety"": ""ok""}",1,2176,2.52710000040679,0.0012999998943996616,0.0002999995558639057,0.014199999895936344,0.005200000487093348,2.5538999998389045
1149,d152_u11,sad,train,152,11,always,3,1,1,0,0,0,1,1,0,ok,"{""sentences"": [""I hear you."", ""We can pause here for a moment.""], ""safety"": ""ok""}",1,2176,3.8413000002037734,0.0012999998943996616,0.00019999970390927047,0.014100000043981709,0.005300000339047983,3.8684000001012464
1150,d153_u0,neutral,train,153,0,always,3,1,1,0,0,0,1,1,0,ok,"{""sentences"": [""I hear you."", ""We can pause here for a moment.""], ""safety"": ""ok""}",1,2176,2.532200000132434,0.0012999998943996616,0.0002999995558639057,0.013800000488117803,0.005199999577598646,2.5584999993952806
1151,d153_u1,happy,train,153,1,always,3,1,1,0,0,0,1,1,0,ok,"{""sentences"": [""I hear you."", ""We can pause here for a moment.""], ""safety"": ""ok""}",1,2176,2.479499999935797,0.0012000000424450263,0.00019999970390927047,0.013500000022759195,0.005099999725644011,2.5052999999388703
1152,d153_u2,neutral,train,153,2,always,3,1,1,0,0,0,1,1,0,ok,"{""sentences"": [""I hear you."", ""We can pause here for a moment.""], ""safety"": ""ok""}",1,2176,3.2155999997485196,0.0012000000424450263,0.00020000061340397224,0.015900000107649248,0.005699999746866524,3.245500000048196
1153,d153_u3,neutral,train,153,3,always,3,1,1,0,0,0,1,1,0,ok,"{""sentences"": [""I hear you."", ""We can pause here for a moment.""], ""safety"": ""ok""}",1,2176,3.3554000001458917,0.001100000190490391,0.0002999995558639057,0.013699999726668466,0.005100000635138713,3.3815000006143237
1154,d153_u4,happy,train,153,4,always,3,1,1,0,0,0,1,1,0,ok,"{""sentences"": [""I hear you."", ""We can pause here for a moment.""], ""safety"": ""ok""}",1,2176,2.568500000052154,0.0012999998943996616,0.0002999995558639057,0.014000000192027073,0.0054000001910026185,2.595400000245718
1155,d153_u5,neutral,train,153,5,always,3,1,1,0,0,0,1,1,0,ok,"{""sentences"": [""I hear you."", ""We can pause here for a moment.""], ""safety"": ""ok""}",1,2176,3.290200000265031,0.0012999998943996616,0.0002999995558639057,0.014799999917158857,0.005300000339047983,3.3181999997395906
1156,d153_u7,neutral,train,153,7,always,3,1,1,0,0,0,1,1,0,ok,"{""sentences"": [""I hear you."", ""We can pause here for a moment.""], ""safety"": ""ok""}",1,2176,2.347800000279676,0.0012000000424450263,0.00030000046535860747,0.01320000046689529,0.004999999873689376,2.3729999993520323
1157,d153_u9,neutral,train,153,9,always,3,1,1,0,0,0,1,1,0,ok,"{""sentences"": [""I hear you."", ""We can pause here for a moment.""], ""safety"": ""ok""}",1,2176,3.202699999746983,0.0012000000424450263,0.00030000046535860747,0.01320000046689529,0.004999999873689376,3.2277000000249245
1158,d153_u10,angry,train,153,10,always,3,1,1,0,0,0,1,1,0,ok,"{""sentences"": [""I hear you."", ""We can pause here for a moment.""], ""safety"": ""ok""}",1,2176,2.5696000002426445,0.0012999998943996616,0.00019999970390927047,0.013999999282532372,0.005099999725644011,2.5957999996535364
1159,d153_u11,angry,train,153,11,always,3,1,1,0,0,0,1,1,0,ok,"{""sentences"": [""I hear you."", ""We can pause here for a moment.""], ""safety"": ""ok""}",1,2176,2.71470000006957,0.0013999997463542968,0.0002999995558639057,0.014299999747890979,0.005300000339047983,2.7418999998189975
1160,d153_u12,angry,train,153,12,always,3,1,1,0,0,0,1,1,0,ok,"{""sentences"": [""I hear you."", ""We can pause here for a moment.""], ""safety"": ""ok""}",1,2176,3.3699999994496466,0.0013999997463542968,0.0002999995558639057,0.014199999895936344,0.005300000339047983,3.3972999999605236
1161,d154_u0,happy,train,154,0,always,3,1,1,0,0,0,1,1,0,ok,"{""sentences"": [""I hear you."", ""We can pause here for a moment.""], ""safety"": ""ok""}",1,2176,3.1361999999717227,0.0012000000424450263,0.0002999995558639057,0.014199999895936344,0.005200000487093348,3.1628000006094226
1162,d154_u1,happy,train,154,1,always,3,1,1,0,0,0,1,1,0,ok,"{""sentences"": [""I hear you."", ""We can pause here for a moment.""], ""safety"": ""ok""}",1,2176,2.7213000003030174,0.0014000006558489986,0.00020000061340397224,0.01430000065738568,0.005300000339047983,2.7484000002004905
1163,d154_u2,angry,train,154,2,always,3,1,1,0,0,0,1,1,0,ok,"{""sentences"": [""I hear you."", ""We can pause here for a moment.""], ""safety"": ""ok""}",1,2176,3.266599999733444,0.0013999997463542968,0.00020000061340397224,0.014600000213249587,0.005600000804406591,3.2949000005828566
1164,d154_u4,angry,train,154,4,always,3,1,1,0,0,0,1,1,0,ok,"{""sentences"": [""I hear you."", ""We can pause here for a moment.""], ""safety"": ""ok""}",1,2176,2.734799999416282,0.0012999998943996616,0.00019999970390927047,0.014000000192027073,0.0052999994295532815,2.7616000006673858
1165,d154_u6,angry,train,154,6,always,3,1,1,0,0,0,1,1,0,ok,"{""sentences"": [""I hear you."", ""We can pause here for a moment.""], ""safety"": ""ok""}",1,2176,3.0029000008653384,0.0012999998943996616,0.00019999970390927047,0.01359999987471383,0.005100000635138713,3.0286000001069624
1166,d154_u7,angry,train,154,7,always,3,1,1,0,0,0,1,1,0,ok,"{""sentences"": [""I hear you."", ""We can pause here for a moment.""], ""safety"": ""ok""}",1,2176,2.5688000005175127,0.0012999998943996616,0.00019999970390927047,0.013900000340072438,0.005200000487093348,2.595599999949627
1167,d154_u8,neutral,train,154,8,always,3,1,1,0,0,0,1,1,0,ok,"{""sentences"": [""I hear you."", ""We can pause here for a moment.""], ""safety"": ""ok""}",1,2176,2.884099999391765,0.0012999998943996616,0.00019999970390927047,0.014500000361294951,0.0054000001910026185,2.911800000219955
1168,d155_u0,neutral,train,155,0,always,3,1,1,0,0,0,1,1,0,ok,"{""sentences"": [""I hear you."", ""We can pause here for a moment.""], ""safety"": ""ok""}",1,2176,2.950099999907252,0.0012999998943996616,0.00020000061340397224,0.013799999578623101,0.004999999873689376,2.976200000375684
1169,d155_u1,neutral,train,155,1,always,3,1,1,0,0,0,1,1,0,ok,"{""sentences"": [""I hear you."", ""We can pause here for a moment.""], ""safety"": ""ok""}",1,2176,2.990299999510171,0.001100000190490391,0.0002999995558639057,0.013900000340072438,0.004900000021734741,3.0160999995132443
1170,d155_u2,happy,train,155,2,always,3,1,1,0,0,0,1,1,0,ok,"{""sentences"": [""I hear you."", ""We can pause here for a moment.""], ""safety"": ""ok""}",1,2176,2.572100000179489,0.0013000008038943633,0.00030000046535860747,0.014199999895936344,0.005099999725644011,2.599099999315513
1171,d155_u3,happy,train,155,3,always,3,1,1,0,0,0,1,1,0,ok,"{""sentences"": [""I hear you."", ""We can pause here for a moment.""], ""safety"": ""ok""}",1,2176,2.873600000384613,0.0013999997463542968,0.0002999995558639057,0.015600000551785342,0.005599999894911889,2.9027999999016174
1172,d155_u4,happy,train,155,4,always,3,1,1,0,0,0,1,1,0,ok,"{""sentences"": [""I hear you."", ""We can pause here for a moment.""], ""safety"": ""ok""}",1,2176,3.272099999776401,0.0012000000424450263,0.00030000046535860747,0.014799999917158857,0.005099999725644011,3.2990999998219195
1173,d155_u6,neutral,train,155,6,always,3,1,1,0,0,0,1,1,0,ok,"{""sentences"": [""I hear you."", ""We can pause here for a moment.""], ""safety"": ""ok""}",1,2176,3.3855000001494773,0.0012000000424450263,0.0002999995558639057,0.014100000043981709,0.005700000656361226,3.412900000512309
1174,d155_u7,happy,train,155,7,always,3,1,1,0,0,0,1,1,0,ok,"{""sentences"": [""I hear you."", ""We can pause here for a moment.""], ""safety"": ""ok""}",1,2176,2.505800000108138,0.0014000006558489986,0.00030000046535860747,0.01449999945180025,0.005500000042957254,2.533600000788283
1175,d155_u9,happy,train,155,9,always,3,1,1,0,0,0,1,1,0,ok,"{""sentences"": [""I hear you."", ""We can pause here for a moment.""], ""safety"": ""ok""}",1,2176,2.8171000003567315,0.0012000000424450263,0.00019999970390927047,0.013500000022759195,0.004900000021734741,2.842400000190537
1176,d155_u10,neutral,train,155,10,always,3,1,1,0,0,0,1,1,0,ok,"{""sentences"": [""I hear you."", ""We can pause here for a moment.""], ""safety"": ""ok""}",1,2176,3.2778999993752223,0.0015999994502635673,0.0002999995558639057,0.01880000036180718,0.008199999683711212,3.3145000006697956
1177,d155_u11,neutral,train,155,11,always,3,1,1,0,0,0,1,1,0,ok,"{""sentences"": [""I hear you."", ""We can pause here for a moment.""], ""safety"": ""ok""}",1,2176,2.9265999992276193,0.0012000000424450263,0.00030000046535860747,0.014400000509340316,0.0054000001910026185,2.953400000478723
1178,d155_u12,neutral,train,155,12,always,3,1,1,0,0,0,1,1,0,ok,"{""sentences"": [""I hear you."", ""We can pause here for a moment.""], ""safety"": ""ok""}",1,2176,2.5943000000552274,0.0012000000424450263,0.00019999970390927047,0.01359999987471383,0.005200000487093348,2.620000000206346
1179,d156_u0,sad,train,156,0,always,3,1,1,0,0,0,1,1,0,ok,"{""sentences"": [""I hear you."", ""We can pause here for a moment.""], ""safety"": ""ok""}",1,2176,2.830100000210223,0.0014000006558489986,0.00030000046535860747,0.014500000361294951,0.005200000487093348,2.857399999811605
1180,d156_u1,angry,train,156,1,always,3,1,1,0,0,0,1,1,0,ok,"{""sentences"": [""I hear you."", ""We can pause here for a moment.""], ""safety"": ""ok""}",1,2176,3.251300000556512,0.0012999998943996616,0.00019999970390927047,0.014600000213249587,0.005300000339047983,3.278899999713758
1181,d156_u3,angry,train,156,3,always,3,1,1,0,0,0,1,1,0,ok,"{""sentences"": [""I hear you."", ""We can pause here for a moment.""], ""safety"": ""ok""}",1,2176,2.601400000457943,0.0013000008038943633,0.0002999995558639057,0.015499999790336005,0.005600000804406591,2.630500000122993
1182,d156_u4,neutral,train,156,4,always,3,1,1,0,0,0,1,1,0,ok,"{""sentences"": [""I hear you."", ""We can pause here for a moment.""], ""safety"": ""ok""}",1,2176,2.998200000547513,0.0013000008038943633,0.00020000061340397224,0.014700000065204222,0.005200000487093348,3.0256999998528045
1183,d156_u6,neutral,train,156,6,always,3,1,1,0,0,0,1,1,0,ok,"{""sentences"": [""I hear you."", ""We can pause here for a moment.""], ""safety"": ""ok""}",1,2176,3.090899999733665,0.0012999998943996616,0.0002999995558639057,0.014199999895936344,0.005199999577598646,3.117799999927229
1184,d156_u9,happy,train,156,9,always,3,1,1,0,0,0,1,1,0,ok,"{""sentences"": [""I hear you."", ""We can pause here for a moment.""], ""safety"": ""ok""}",1,2176,3.757200000109151,0.0013000008038943633,0.00019999970390927047,0.01359999987471383,0.005099999725644011,3.7827999994988204
1185,d156_u10,neutral,train,156,10,always,3,1,1,0,0,0,1,1,0,ok,"{""sentences"": [""I hear you."", ""We can pause here for a moment.""], ""safety"": ""ok""}",1,2176,2.8523999999379157,0.0012000000424450263,0.0002999995558639057,0.0501000004078378,0.005699999746866524,2.915699999903154
1186,d156_u11,neutral,train,156,11,always,3,1,1,0,0,0,1,1,0,ok,"{""sentences"": [""I hear you."", ""We can pause here for a moment.""], ""safety"": ""ok""}",1,2176,2.2981000001891516,0.0012999998943996616,0.0002999995558639057,0.014199999895936344,0.005300000339047983,2.3250999993251753
1187,d157_u0,happy,train,157,0,always,3,1,1,0,0,0,1,1,0,ok,"{""sentences"": [""I hear you."", ""We can pause here for a moment.""], ""safety"": ""ok""}",1,2176,3.032099999472848,0.0014000006558489986,0.00030000046535860747,0.014299999747890979,0.005300000339047983,3.0595999996876344
1188,d157_u1,happy,train,157,1,always,3,1,1,0,0,0,1,1,0,ok,"{""sentences"": [""I hear you."", ""We can pause here for a moment.""], ""safety"": ""ok""}",1,2176,2.7720999996745377,0.0013999997463542968,0.0002999995558639057,0.014199999895936344,0.005300000339047983,2.7994000001854147
1189,d157_u2,happy,train,157,2,always,3,1,1,0,0,0,1,1,0,ok,"{""sentences"": [""I hear you."", ""We can pause here for a moment.""], ""safety"": ""ok""}",1,2176,3.1376999995700317,0.0012999998943996616,0.00019999970390927047,0.0152000002344721,0.005500000042957254,3.1662999999753083
1190,d158_u1,neutral,train,158,1,always,3,1,1,0,0,0,1,1,0,ok,"{""sentences"": [""I hear you."", ""We can pause here for a moment.""], ""safety"": ""ok""}",1,2176,2.748700000665849,0.0012999998943996616,0.00019999970390927047,0.014299999747890979,0.005200000487093348,2.775599999949918
1191,d158_u2,neutral,train,158,2,always,3,1,1,0,0,0,1,1,0,ok,"{""sentences"": [""I hear you."", ""We can pause here for a moment.""], ""safety"": ""ok""}",1,2176,3.0392999997275183,0.0012999998943996616,0.00019999970390927047,0.014799999917158857,0.0054000001910026185,3.0674999998154817
1192,d158_u6,sad,train,158,6,always,3,1,1,0,0,0,1,1,0,ok,"{""sentences"": [""I hear you."", ""We can pause here for a moment.""], ""safety"": ""ok""}",1,2176,3.042299999833631,0.0012999998943996616,0.00030000046535860747,0.014599999303754885,0.005199999577598646,3.0698999999003718
1193,d158_u8,neutral,train,158,8,always,3,1,1,0,0,0,1,1,0,ok,"{""sentences"": [""I hear you."", ""We can pause here for a moment.""], ""safety"": ""ok""}",1,2176,2.90339999992284,0.001100000190490391,0.00030000046535860747,0.01320000046689529,0.017899999875226058,2.941600000667677
1194,d159_u0,happy,train,159,0,always,3,1,1,0,0,0,1,1,0,ok,"{""sentences"": [""I hear you."", ""We can pause here for a moment.""], ""safety"": ""ok""}",1,2176,2.512199999728182,0.0014000006558489986,0.00020000061340397224,0.01469999915570952,0.0052999994295532815,2.5401000002602814
1195,d159_u2,happy,train,159,2,always,3,1,1,0,0,0,1,1,0,ok,"{""sentences"": [""I hear you."", ""We can pause here for a moment.""], ""safety"": ""ok""}",1,2176,2.9525999998440966,0.0012999998943996616,0.0002999995558639057,0.01359999987471383,0.004900000021734741,2.9780000004393514
1196,d159_u3,happy,train,159,3,always,3,1,1,0,0,0,1,1,0,ok,"{""sentences"": [""I hear you."", ""We can pause here for a moment.""], ""safety"": ""ok""}",1,2176,2.300199999808683,0.0012999998943996616,0.00030000046535860747,0.013500000022759195,0.005199999577598646,2.3262000004251604
1197,d159_u5,happy,train,159,5,always,3,1,1,0,0,0,1,1,0,ok,"{""sentences"": [""I hear you."", ""We can pause here for a moment.""], ""safety"": ""ok""}",1,2176,3.7391000005300157,0.0012999998943996616,0.00019999970390927047,0.014899999769113492,0.005500000042957254,3.7672999997084844
1198,d159_u6,happy,train,159,6,always,3,1,1,0,0,0,1,1,0,ok,"{""sentences"": [""I hear you."", ""We can pause here for a moment.""], ""safety"": ""ok""}",1,2176,2.5918000001183827,0.0012000000424450263,0.0002999995558639057,0.013199999557400588,0.005099999725644011,2.6170000001002336
1199,d159_u7,happy,train,159,7,always,3,1,1,0,0,0,1,1,0,ok,"{""sentences"": [""I hear you."", ""We can pause here for a moment.""], ""safety"": ""ok""}",1,2176,2.8304000006755814,0.0012999998943996616,0.00030000046535860747,0.0152000002344721,0.005399999281507917,2.8590000001713634
1200,d159_u8,happy,train,159,8,always,3,1,1,0,0,0,1,1,0,ok,"{""sentences"": [""I hear you."", ""We can pause here for a moment.""], ""safety"": ""ok""}",1,2176,3.0719000005774433,0.0012999998943996616,0.00019999970390927047,0.013899999430577736,0.005200000487093348,3.09819999984029
1201,d159_u9,neutral,train,159,9,always,3,1,1,0,0,0,1,1,0,ok,"{""sentences"": [""I hear you."", ""We can pause here for a moment.""], ""safety"": ""ok""}",1,2176,3.2308999998349464,0.0013999997463542968,0.0002999995558639057,0.014400000509340316,0.0052999994295532815,3.2584999999016873
1202,d160_u0,neutral,train,160,0,always,3,1,1,0,0,0,1,1,0,ok,"{""sentences"": [""I hear you."", ""We can pause here for a moment.""], ""safety"": ""ok""}",1,2176,3.245500000048196,0.0012999998943996616,0.00030000046535860747,0.01430000065738568,0.005099999725644011,3.272300000389805
1203,d160_u1,happy,train,160,1,always,3,1,1,0,0,0,1,1,0,ok,"{""sentences"": [""I hear you."", ""We can pause here for a moment.""], ""safety"": ""ok""}",1,2176,2.536599999984901,0.0013999997463542968,0.0002999995558639057,0.01449999945180025,0.005200000487093348,2.5638999995862832
1204,d160_u2,neutral,train,160,2,always,3,1,1,0,0,0,1,1,0,ok,"{""sentences"": [""I hear you."", ""We can pause here for a moment.""], ""safety"": ""ok""}",1,2176,2.7034999993702513,0.0012000000424450263,0.00030000046535860747,0.014100000043981709,0.0054000001910026185,2.7304000004733098
1205,d160_u3,neutral,train,160,3,always,3,1,1,0,0,0,1,1,0,ok,"{""sentences"": [""I hear you."", ""We can pause here for a moment.""], ""safety"": ""ok""}",1,2176,3.083900000092399,0.0012000000424450263,0.0002999995558639057,0.013999999282532372,0.005199999577598646,3.1103999999686494
1206,d160_u4,neutral,train,160,4,always,3,1,1,0,0,0,1,1,0,ok,"{""sentences"": [""I hear you."", ""We can pause here for a moment.""], ""safety"": ""ok""}",1,2176,2.5410999996893224,0.001100000190490391,0.00019999970390927047,0.012399999832268804,0.004800000169780105,2.564200000051642
1207,d160_u5,sad,train,160,5,always,3,1,1,0,0,0,1,1,0,ok,"{""sentences"": [""I hear you."", ""We can pause here for a moment.""], ""safety"": ""ok""}",1,2176,2.680300000065472,0.0012000000424450263,0.0002999995558639057,0.01340000017080456,0.004900000021734741,2.705299999433919
1208,d160_u7,neutral,train,160,7,always,3,1,1,0,0,0,1,1,0,ok,"{""sentences"": [""I hear you."", ""We can pause here for a moment.""], ""safety"": ""ok""}",1,2176,2.6745999994091108,0.0012999998943996616,0.00019999970390927047,0.014199999895936344,0.005200000487093348,2.7014999996026745
1209,d160_u8,sad,train,160,8,always,3,1,1,0,0,0,1,1,0,ok,"{""sentences"": [""I hear you."", ""We can pause here for a moment.""], ""safety"": ""ok""}",1,2176,2.8239000002940884,0.0013999997463542968,0.00019999970390927047,0.015900000107649248,0.005699999746866524,2.853500000128406
1210,d160_u10,happy,train,160,10,always,3,1,1,0,0,0,1,1,0,ok,"{""sentences"": [""I hear you."", ""We can pause here for a moment.""], ""safety"": ""ok""}",1,2176,2.758699999503733,0.001499999598308932,0.0002999995558639057,0.01430000065738568,0.0052999994295532815,2.7861000007760595
1211,d160_u11,neutral,train,160,11,always,3,1,1,0,0,0,1,1,0,ok,"{""sentences"": [""I hear you."", ""We can pause here for a moment.""], ""safety"": ""ok""}",1,2176,3.5969000000477536,0.017999999727180693,0.00019999970390927047,0.01359999987471383,0.005000000783184078,3.6393000000316533
1212,d160_u12,happy,train,160,12,always,3,1,1,0,0,0,1,1,0,ok,"{""sentences"": [""I hear you."", ""We can pause here for a moment.""], ""safety"": ""ok""}",1,2176,2.5434999997742125,0.0013000008038943633,0.00030000046535860747,0.013900000340072438,0.005300000339047983,2.5703000001158216
1213,d160_u13,neutral,train,160,13,always,3,1,1,0,0,0,1,1,0,ok,"{""sentences"": [""I hear you."", ""We can pause here for a moment.""], ""safety"": ""ok""}",1,2176,2.6871999998547835,0.0012999998943996616,0.00020000061340397224,0.014600000213249587,0.005300000339047983,2.714600000217615
1214,d160_u14,neutral,train,160,14,always,3,1,1,0,0,0,1,1,0,ok,"{""sentences"": [""I hear you."", ""We can pause here for a moment.""], ""safety"": ""ok""}",1,2176,3.037899999981164,0.0012000000424450263,0.0002999995558639057,0.01449999945180025,0.005499999133462552,3.0653000003439956
1215,d160_u15,sad,train,160,15,always,3,1,1,0,0,0,1,1,0,ok,"{""sentences"": [""I hear you."", ""We can pause here for a moment.""], ""safety"": ""ok""}",1,2176,2.9784999996991246,0.001100000190490391,0.00019999970390927047,0.013500000022759195,0.005200000487093348,3.004299999702198
1216,d160_u16,sad,train,160,16,always,3,1,1,0,0,0,1,1,0,ok,"{""sentences"": [""I hear you."", ""We can pause here for a moment.""], ""safety"": ""ok""}",1,2176,3.1129999997574487,0.0012999998943996616,0.0002999995558639057,0.014199999895936344,0.005500000042957254,3.1403000002683257
1217,d160_u17,neutral,train,160,17,always,3,1,1,0,0,0,1,1,0,ok,"{""sentences"": [""I hear you."", ""We can pause here for a moment.""], ""safety"": ""ok""}",1,2176,2.4183999994420446,0.0012000000424450263,0.0002999995558639057,0.01359999987471383,0.004900000021734741,2.443899999889254
1218,d160_u18,neutral,train,160,18,always,3,1,1,0,0,0,1,1,0,ok,"{""sentences"": [""I hear you."", ""We can pause here for a moment.""], ""safety"": ""ok""}",1,2176,2.5666999999884865,0.0012999998943996616,0.00019999970390927047,0.014100000043981709,0.005099999725644011,2.5935000003300956
1219,d161_u0,neutral,train,161,0,always,3,1,1,0,0,0,1,1,0,ok,"{""sentences"": [""I hear you."", ""We can pause here for a moment.""], ""safety"": ""ok""}",1,2176,3.126200000224344,0.0013999997463542968,0.00030000046535860747,0.014399999599845614,0.005899999450775795,3.1543999994028127
1220,d161_u1,happy,train,161,1,always,3,1,1,0,0,0,1,1,0,ok,"{""sentences"": [""I hear you."", ""We can pause here for a moment.""], ""safety"": ""ok""}",1,2176,3.155400000650843,0.0012999998943996616,0.00019999970390927047,0.013900000340072438,0.005199999577598646,3.1819999994695536
1221,d161_u2,neutral,train,161,2,always,3,1,1,0,0,0,1,1,0,ok,"{""sentences"": [""I hear you."", ""We can pause here for a moment.""], ""safety"": ""ok""}",1,2176,3.045200000087789,0.0012999998943996616,0.00019999970390927047,0.013900000340072438,0.0052999994295532815,3.0713000005562208
1222,d161_u3,neutral,train,161,3,always,3,1,1,0,0,0,1,1,0,ok,"{""sentences"": [""I hear you."", ""We can pause here for a moment.""], ""safety"": ""ok""}",1,2176,2.6511999994909274,0.0012999998943996616,0.0002999995558639057,0.01340000017080456,0.005099999725644011,2.6768000006995862
1223,d161_u4,neutral,train,161,4,always,3,1,1,0,0,0,1,1,0,ok,"{""sentences"": [""I hear you."", ""We can pause here for a moment.""], ""safety"": ""ok""}",1,2176,2.2840999999971245,0.0012000000424450263,0.00020000061340397224,0.013600000784208532,0.005199999577598646,2.3099999998521525
1224,d162_u0,neutral,train,162,0,always,3,1,1,0,0,0,1,1,0,ok,"{""sentences"": [""I hear you."", ""We can pause here for a moment.""], ""safety"": ""ok""}",1,2176,3.0440999998972984,0.0010999992809956893,0.00019999970390927047,0.013500000022759195,0.005199999577598646,3.069800000048417
1225,d162_u1,neutral,train,162,1,always,3,1,1,0,0,0,1,1,0,ok,"{""sentences"": [""I hear you."", ""We can pause here for a moment.""], ""safety"": ""ok""}",1,2176,2.969400000438327,0.0012000000424450263,0.00030000046535860747,0.014000000192027073,0.004999999873689376,2.9954999999972642
1226,d163_u0,neutral,train,163,0,always,3,1,1,0,0,0,1,1,0,ok,"{""sentences"": [""I hear you."", ""We can pause here for a moment.""], ""safety"": ""ok""}",1,2176,2.596799999992072,0.0012999998943996616,0.0002999995558639057,0.014599999303754885,0.0052999994295532815,2.6243000002068584
1227,d163_u1,angry,train,163,1,always,3,1,1,0,0,0,1,1,0,ok,"{""sentences"": [""I hear you."", ""We can pause here for a moment.""], ""safety"": ""ok""}",1,2176,2.929299999777868,0.0013999997463542968,0.00019999970390927047,0.013799999578623101,0.005599999894911889,2.956399999675341
1228,d163_u3,angry,train,163,3,always,3,1,1,0,0,0,1,1,0,ok,"{""sentences"": [""I hear you."", ""We can pause here for a moment.""], ""safety"": ""ok""}",1,2176,2.9289999993125093,0.0012999998943996616,0.00020000061340397224,0.015999999959603883,0.0052999994295532815,2.9581000007965486
1229,d163_u5,neutral,train,163,5,always,3,1,1,0,0,0,1,1,0,ok,"{""sentences"": [""I hear you."", ""We can pause here for a moment.""], ""safety"": ""ok""}",1,2176,2.787700000226323,0.0012999998943996616,0.00020000061340397224,0.014700000065204222,0.005399999281507917,2.815499999996973
1230,d163_u6,neutral,train,163,6,always,3,1,1,0,0,0,1,1,0,ok,"{""sentences"": [""I hear you."", ""We can pause here for a moment.""], ""safety"": ""ok""}",1,2176,2.8420999997251783,0.0012999998943996616,0.0002999995558639057,0.014700000065204222,0.005300000339047983,2.869200000532146
1231,d163_u8,angry,train,163,8,always,3,1,1,0,0,0,1,1,0,ok,"{""sentences"": [""I hear you."", ""We can pause here for a moment.""], ""safety"": ""ok""}",1,2176,3.0614999996032566,0.0012000000424450263,0.0002999995558639057,0.014000000192027073,0.005500000042957254,3.088400000706315
1232,d163_u9,angry,train,163,9,always,3,1,1,0,0,0,1,1,0,ok,"{""sentences"": [""I hear you."", ""We can pause here for a moment.""], ""safety"": ""ok""}",1,2176,2.9057000001557753,0.0013000008038943633,0.0002999995558639057,0.014100000043981709,0.005200000487093348,2.932399999735935
1233,d163_u10,neutral,train,163,10,always,3,1,1,0,0,0,1,1,0,ok,"{""sentences"": [""I hear you."", ""We can pause here for a moment.""], ""safety"": ""ok""}",1,2176,2.811199999996461,0.0012999998943996616,0.00020000061340397224,0.014199999895936344,0.005399999281507917,2.837800000634161
1234,d164_u1,neutral,train,164,1,always,3,1,1,0,0,0,1,1,0,ok,"{""sentences"": [""I hear you."", ""We can pause here for a moment.""], ""safety"": ""ok""}",1,2176,3.2314000000042142,0.0013000008038943633,0.00030000046535860747,0.014299999747890979,0.005199999577598646,3.2584999999016873
1235,d164_u3,neutral,train,164,3,always,3,1,1,0,0,0,1,1,0,ok,"{""sentences"": [""I hear you."", ""We can pause here for a moment.""], ""safety"": ""ok""}",1,2176,3.097400000115158,0.0012000000424450263,0.00020000061340397224,0.01430000065738568,0.005199999577598646,3.123999999843363
1236,d164_u4,sad,train,164,4,always,3,1,1,0,0,0,1,1,0,ok,"{""sentences"": [""I hear you."", ""We can pause here for a moment.""], ""safety"": ""ok""}",1,2176,2.45450000056735,0.001600000359758269,0.00039999940781854093,0.017800000023271423,0.005500000042957254,2.487699999619508
1237,d164_u6,neutral,train,164,6,always,3,1,1,0,0,0,1,1,0,ok,"{""sentences"": [""I hear you."", ""We can pause here for a moment.""], ""safety"": ""ok""}",1,2176,3.2242999996014987,0.001499999598308932,0.0002999995558639057,0.015500000699830707,0.005500000042957254,3.2534000001760432
1238,d164_u7,neutral,train,164,7,always,3,1,1,0,0,0,1,1,0,ok,"{""sentences"": [""I hear you."", ""We can pause here for a moment.""], ""safety"": ""ok""}",1,2176,3.1299000002036337,0.0017000002117129043,0.0004000003173132427,0.019699999938893598,0.007900000127847306,3.167599999869708
1239,d164_u8,happy,train,164,8,always,3,1,1,0,0,0,1,1,0,ok,"{""sentences"": [""I hear you."", ""We can pause here for a moment.""], ""safety"": ""ok""}",1,2176,3.07760000032431,0.0013999997463542968,0.00030000046535860747,0.014399999599845614,0.005300000339047983,3.1048000000737375
1240,d164_u9,happy,train,164,9,always,3,1,1,0,0,0,1,1,0,ok,"{""sentences"": [""I hear you."", ""We can pause here for a moment.""], ""safety"": ""ok""}",1,2176,2.7852999992319383,0.0012000000424450263,0.0002999995558639057,0.013899999430577736,0.005199999577598646,2.812100000483042
1241,d165_u0,neutral,train,165,0,always,3,1,1,0,0,0,1,1,0,ok,"{""sentences"": [""I hear you."", ""We can pause here for a moment.""], ""safety"": ""ok""}",1,2176,2.991999999721884,0.0012999998943996616,0.0002999995558639057,0.014199999895936344,0.005300000339047983,3.0191999994713115
1242,d165_u1,happy,train,165,1,always,3,1,1,0,0,0,1,1,0,ok,"{""sentences"": [""I hear you."", ""We can pause here for a moment.""], ""safety"": ""ok""}",1,2176,3.167100000609935,0.0012999998943996616,0.00019999970390927047,0.014199999895936344,0.005500000042957254,3.194400000211317
1243,d165_u2,neutral,train,165,2,always,3,1,1,0,0,0,1,1,0,ok,"{""sentences"": [""I hear you."", ""We can pause here for a moment.""], ""safety"": ""ok""}",1,2176,2.3748000003251946,0.0010000003385357559,0.00030000046535860747,0.013099999705445953,0.004800000169780105,2.3990999998204643
1244,d165_u4,neutral,train,165,4,always,3,1,1,0,0,0,1,1,0,ok,"{""sentences"": [""I hear you."", ""We can pause here for a moment.""], ""safety"": ""ok""}",1,2176,2.9533999995692284,0.0013999997463542968,0.00020000061340397224,0.01359999987471383,0.004999999873689376,2.9794000001857057
1245,d165_u5,happy,train,165,5,always,3,1,1,0,0,0,1,1,0,ok,"{""sentences"": [""I hear you."", ""We can pause here for a moment.""], ""safety"": ""ok""}",1,2176,2.571400000306312,0.0015000005078036338,0.00030000046535860747,0.013999999282532372,0.0052999994295532815,2.598500000203785
1246,d165_u7,happy,train,165,7,always,3,1,1,0,0,0,1,1,0,ok,"{""sentences"": [""I hear you."", ""We can pause here for a moment.""], ""safety"": ""ok""}",1,2176,3.078300000197487,0.0012999998943996616,0.0002999995558639057,0.016400000276917126,0.0059000003602704965,3.1086999997569364
1247,d165_u8,happy,train,165,8,always,3,1,1,0,0,0,1,1,0,ok,"{""sentences"": [""I hear you."", ""We can pause here for a moment.""], ""safety"": ""ok""}",1,2176,3.0532000000675907,0.0012999998943996616,0.0002999995558639057,0.014700000065204222,0.005599999894911889,3.0810999996901955
1248,d165_u9,neutral,train,165,9,always,3,1,1,0,0,0,1,1,0,ok,"{""sentences"": [""I hear you."", ""We can pause here for a moment.""], ""safety"": ""ok""}",1,2176,3.1974000003174297,0.0012000000424450263,0.00030000046535860747,0.013799999578623101,0.005300000339047983,3.2235999997283216
1249,d165_u10,neutral,train,165,10,always,3,1,1,0,0,0,1,1,0,ok,"{""sentences"": [""I hear you."", ""We can pause here for a moment.""], ""safety"": ""ok""}",1,2176,2.659499999936088,0.0012000000424450263,0.00020000061340397224,0.014199999895936344,0.0054000001910026185,2.686599999833561
1250,d165_u11,neutral,train,165,11,always,3,1,1,0,0,0,1,1,0,ok,"{""sentences"": [""I hear you."", ""We can pause here for a moment.""], ""safety"": ""ok""}",1,2176,3.0370999993465375,0.0012000000424450263,0.00019999970390927047,0.014299999747890979,0.005500000042957254,3.0642000001535052
1251,d165_u12,neutral,train,165,12,always,3,1,1,0,0,0,1,1,0,ok,"{""sentences"": [""I hear you."", ""We can pause here for a moment.""], ""safety"": ""ok""}",1,2176,2.5067999995371792,0.0012000000424450263,0.00020000061340397224,0.013899999430577736,0.005399999281507917,2.533600000788283
1252,d165_u13,neutral,train,165,13,always,3,1,1,0,0,0,1,1,0,ok,"{""sentences"": [""I hear you."", ""We can pause here for a moment.""], ""safety"": ""ok""}",1,2176,2.8809999994336977,0.0012999998943996616,0.00030000046535860747,0.013799999578623101,0.005099999725644011,2.907500000219443
1253,d165_u14,neutral,train,165,14,always,3,1,1,0,0,0,1,1,0,ok,"{""sentences"": [""I hear you."", ""We can pause here for a moment.""], ""safety"": ""ok""}",1,2176,2.4931999996624654,0.0012000000424450263,0.00030000046535860747,0.013399999261309858,0.005099999725644011,2.518899999813584
1254,d165_u15,neutral,train,165,15,always,3,1,1,0,0,0,1,1,0,ok,"{""sentences"": [""I hear you."", ""We can pause here for a moment.""], ""safety"": ""ok""}",1,2176,2.910199999860197,0.0013000008038943633,0.0002999995558639057,0.013900000340072438,0.0054000001910026185,2.9366999997364474
1255,d165_u16,happy,train,165,16,always,3,1,1,0,0,0,1,1,0,ok,"{""sentences"": [""I hear you."", ""We can pause here for a moment.""], ""safety"": ""ok""}",1,2176,2.75820000024396,0.0012000000424450263,0.0002999995558639057,0.014199999895936344,0.005300000339047983,2.785300000141433
1256,d165_u17,happy,train,165,17,always,3,1,1,0,0,0,1,1,0,ok,"{""sentences"": [""I hear you."", ""We can pause here for a moment.""], ""safety"": ""ok""}",1,2176,2.8766999994331854,0.0012999998943996616,0.00019999970390927047,0.014700000065204222,0.005300000339047983,2.9044000002613757
1257,d165_u18,happy,train,165,18,always,3,1,1,0,0,0,1,1,0,ok,"{""sentences"": [""I hear you."", ""We can pause here for a moment.""], ""safety"": ""ok""}",1,2176,2.448700000059034,0.0012000000424450263,0.00020000061340397224,0.01449999945180025,0.005199999577598646,2.476099999512371
1258,d165_u19,happy,train,165,19,always,3,1,1,0,0,0,1,1,0,ok,"{""sentences"": [""I hear you."", ""We can pause here for a moment.""], ""safety"": ""ok""}",1,2176,2.8439000006983406,0.0012999998943996616,0.00030000046535860747,0.014399999599845614,0.005200000487093348,2.8706000002785004
1259,d166_u0,neutral,train,166,0,always,3,1,1,0,0,0,1,1,0,ok,"{""sentences"": [""I hear you."", ""We can pause here for a moment.""], ""safety"": ""ok""}",1,2176,2.9637000006914604,0.0012999998943996616,0.00030000046535860747,0.013300000318849925,0.005599999894911889,2.9895999996369937
1260,d166_u1,neutral,train,166,1,always,3,1,1,0,0,0,1,1,0,ok,"{""sentences"": [""I hear you."", ""We can pause here for a moment.""], ""safety"": ""ok""}",1,2176,2.7331999999660184,0.0012000000424450263,0.0002999995558639057,0.013500000022759195,0.005100000635138713,2.759199999673001
1261,d166_u2,neutral,train,166,2,always,3,1,1,0,0,0,1,1,0,ok,"{""sentences"": [""I hear you."", ""We can pause here for a moment.""], ""safety"": ""ok""}",1,2176,3.109799999947427,0.0015000005078036338,0.00019999970390927047,0.014999999621068127,0.005100000635138713,3.1379000001834356
1262,d167_u0,happy,train,167,0,always,3,1,1,0,0,0,1,1,0,ok,"{""sentences"": [""I hear you."", ""We can pause here for a moment.""], ""safety"": ""ok""}",1,2176,2.777000000605767,0.0013000008038943633,0.0002999995558639057,0.014500000361294951,0.005500000042957254,2.804400000059104
1263,d167_u2,angry,train,167,2,always,3,1,1,0,0,0,1,1,0,ok,"{""sentences"": [""I hear you."", ""We can pause here for a moment.""], ""safety"": ""ok""}",1,2176,3.0563999998776126,0.001100000190490391,0.00030000046535860747,0.013300000318849925,0.005200000487093348,3.081699999711418
1264,d167_u3,neutral,train,167,3,always,3,1,1,0,0,0,1,1,0,ok,"{""sentences"": [""I hear you."", ""We can pause here for a moment.""], ""safety"": ""ok""}",1,2176,2.215099999375525,0.0012999998943996616,0.00019999970390927047,0.013700000636163168,0.005199999577598646,2.241400000457361
1265,d167_u4,neutral,train,167,4,always,3,1,1,0,0,0,1,1,0,ok,"{""sentences"": [""I hear you."", ""We can pause here for a moment.""], ""safety"": ""ok""}",1,2176,2.840699999978824,0.0013999997463542968,0.00020000061340397224,0.013500000022759195,0.005399999281507917,2.86710000000312
1266,d167_u5,neutral,train,167,5,always,3,1,1,0,0,0,1,1,0,ok,"{""sentences"": [""I hear you."", ""We can pause here for a moment.""], ""safety"": ""ok""}",1,2176,3.065500000047905,0.0012999998943996616,0.00030000046535860747,0.01500000053056283,0.0054000001910026185,3.093000000262691
1267,d167_u6,angry,train,167,6,always,3,1,1,0,0,0,1,1,0,ok,"{""sentences"": [""I hear you."", ""We can pause here for a moment.""], ""safety"": ""ok""}",1,2176,3.0673000001115724,0.0012999998943996616,0.00019999970390927047,0.013699999726668466,0.005100000635138713,3.0933999996705097
1268,d167_u7,neutral,train,167,7,always,3,1,1,0,0,0,1,1,0,ok,"{""sentences"": [""I hear you."", ""We can pause here for a moment.""], ""safety"": ""ok""}",1,2176,3.0907000000297558,0.0013000008038943633,0.0002999995558639057,0.014199999895936344,0.005300000339047983,3.117500000371365
1269,d167_u8,sad,train,167,8,always,3,1,1,0,0,0,1,1,0,ok,"{""sentences"": [""I hear you."", ""We can pause here for a moment.""], ""safety"": ""ok""}",1,2176,2.6434000001245295,0.0013000008038943633,0.00020000061340397224,0.014000000192027073,0.005100000635138713,2.66990000000078
1270,d167_u9,angry,train,167,9,always,3,1,1,0,0,0,1,1,0,ok,"{""sentences"": [""I hear you."", ""We can pause here for a moment.""], ""safety"": ""ok""}",1,2176,3.2884000002013636,0.000999999429041054,0.00019999970390927047,0.029299999368959107,0.004799999260285404,3.3284000001003733
1271,d167_u10,neutral,train,167,10,always,3,1,1,0,0,0,1,1,0,ok,"{""sentences"": [""I hear you."", ""We can pause here for a moment.""], ""safety"": ""ok""}",1,2176,2.6946999996653176,0.0012999998943996616,0.0002999995558639057,0.014100000043981709,0.004999999873689376,2.721200000451063
1272,d167_u11,neutral,train,167,11,always,3,1,1,0,0,0,1,1,0,ok,"{""sentences"": [""I hear you."", ""We can pause here for a moment.""], ""safety"": ""ok""}",1,2176,2.574799999820243,0.0013000008038943633,0.0002999995558639057,0.013500000022759195,0.005300000339047983,2.600900000288675
1273,d167_u12,neutral,train,167,12,always,3,1,1,0,0,0,1,1,0,ok,"{""sentences"": [""I hear you."", ""We can pause here for a moment.""], ""safety"": ""ok""}",1,2176,2.586900000096648,0.0012999998943996616,0.0002999995558639057,0.014500000361294951,0.0054000001910026185,2.6146000000153435
1274,d168_u0,neutral,train,168,0,always,3,1,1,0,0,0,1,1,0,ok,"{""sentences"": [""I hear you."", ""We can pause here for a moment.""], ""safety"": ""ok""}",1,2176,2.9567000001406996,0.0012999998943996616,0.0002999995558639057,0.015300000086426735,0.005700000656361226,2.98560000010184
1275,d168_u1,neutral,train,168,1,always,3,1,1,0,0,0,1,1,0,ok,"{""sentences"": [""I hear you."", ""We can pause here for a moment.""], ""safety"": ""ok""}",1,2176,2.9376000002230285,0.0012000000424450263,0.00019999970390927047,0.014399999599845614,0.005500000042957254,2.9648999998244108
1276,d168_u2,neutral,train,168,2,always,3,1,1,0,0,0,1,1,0,ok,"{""sentences"": [""I hear you."", ""We can pause here for a moment.""], ""safety"": ""ok""}",1,2176,2.9867000002923305,0.0012000000424450263,0.00019999970390927047,0.013299999409355223,0.00470000031782547,3.011299999343464
1277,d168_u3,neutral,train,168,3,always,3,1,1,0,0,0,1,1,0,ok,"{""sentences"": [""I hear you."", ""We can pause here for a moment.""], ""safety"": ""ok""}",1,2176,3.066900000703754,0.0013000008038943633,0.00019999970390927047,0.014399999599845614,0.005500000042957254,3.094200000305136
1278,d168_u4,neutral,train,168,4,always,3,1,1,0,0,0,1,1,0,ok,"{""sentences"": [""I hear you."", ""We can pause here for a moment.""], ""safety"": ""ok""}",1,2176,2.7085000001534354,0.0012999998943996616,0.0002999995558639057,0.01359999987471383,0.0054000001910026185,2.7346999995643273
1279,d168_u5,neutral,train,168,5,always,3,1,1,0,0,0,1,1,0,ok,"{""sentences"": [""I hear you."", ""We can pause here for a moment.""], ""safety"": ""ok""}",1,2176,2.827199999956065,0.0012000000424450263,0.00019999970390927047,0.013900000340072438,0.0054000001910026185,2.8539000004457193
1280,d168_u7,neutral,train,168,7,always,3,1,1,0,0,0,1,1,0,ok,"{""sentences"": [""I hear you."", ""We can pause here for a moment.""], ""safety"": ""ok""}",1,2176,3.2530999997106846,0.0012000000424450263,0.00019999970390927047,0.013799999578623101,0.005199999577598646,3.2789999995657126
1281,d168_u8,neutral,train,168,8,always,3,1,1,0,0,0,1,1,0,ok,"{""sentences"": [""I hear you."", ""We can pause here for a moment.""], ""safety"": ""ok""}",1,2176,2.652900000612135,0.0012000000424450263,0.00020000061340397224,0.013799999578623101,0.005100000635138713,2.6789000003191177
1282,d168_u9,angry,train,168,9,always,3,1,1,0,0,0,1,1,0,ok,"{""sentences"": [""I hear you."", ""We can pause here for a moment.""], ""safety"": ""ok""}",1,2176,2.7633999998215586,0.0013999997463542968,0.0002999995558639057,0.01359999987471383,0.005200000487093348,2.7897999998458545
1283,d168_u10,neutral,train,168,10,always,3,1,1,0,0,0,1,1,0,ok,"{""sentences"": [""I hear you."", ""We can pause here for a moment.""], ""safety"": ""ok""}",1,2176,3.28689999969356,0.0012999998943996616,0.0002999995558639057,0.014799999917158857,0.005399999281507917,3.3148999991681194
1284,d168_u11,angry,train,168,11,always,3,1,1,0,0,0,1,1,0,ok,"{""sentences"": [""I hear you."", ""We can pause here for a moment.""], ""safety"": ""ok""}",1,2176,2.9432000001179404,0.0016999993022182025,0.0004000003173132427,0.014799999917158857,0.005200000487093348,2.972799999952258
1285,d168_u12,neutral,train,168,12,always,3,1,1,0,0,0,1,1,0,ok,"{""sentences"": [""I hear you."", ""We can pause here for a moment.""], ""safety"": ""ok""}",1,2176,2.476300000125775,0.0012000000424450263,0.0002999995558639057,0.02990000029967632,0.005199999577598646,2.518700000109675
1286,d168_u13,neutral,train,168,13,always,3,1,1,0,0,0,1,1,0,ok,"{""sentences"": [""I hear you."", ""We can pause here for a moment.""], ""safety"": ""ok""}",1,2176,2.6920999998765183,0.0013999997463542968,0.00030000046535860747,0.014299999747890979,0.005200000487093348,2.71950000023935
1287,d168_u14,neutral,train,168,14,always,3,1,1,0,0,0,1,1,0,ok,"{""sentences"": [""I hear you."", ""We can pause here for a moment.""], ""safety"": ""ok""}",1,2176,3.2303000007232185,0.0013000008038943633,0.00020000061340397224,0.014400000509340316,0.005099999725644011,3.257600000324601
1288,d169_u0,happy,train,169,0,always,3,1,1,0,0,0,1,1,0,ok,"{""sentences"": [""I hear you."", ""We can pause here for a moment.""], ""safety"": ""ok""}",1,2176,2.6179999995292746,0.0012999998943996616,0.0002999995558639057,0.014199999895936344,0.005500000042957254,2.6456000005055103
1289,d169_u1,happy,train,169,1,always,3,1,1,0,0,0,1,1,0,ok,"{""sentences"": [""I hear you."", ""We can pause here for a moment.""], ""safety"": ""ok""}",1,2176,3.1607000000803964,0.0012999998943996616,0.00019999970390927047,0.01359999987471383,0.004999999873689376,3.185999999914202
1290,d169_u2,neutral,train,169,2,always,3,1,1,0,0,0,1,1,0,ok,"{""sentences"": [""I hear you."", ""We can pause here for a moment.""], ""safety"": ""ok""}",1,2176,2.6044999995065155,0.0012000000424450263,0.00019999970390927047,0.013699999726668466,0.005100000635138713,2.6303000004190835
1291,d170_u1,neutral,train,170,1,always,3,1,1,0,0,0,1,1,0,ok,"{""sentences"": [""I hear you."", ""We can pause here for a moment.""], ""safety"": ""ok""}",1,2176,3.2088999996631173,0.0010999992809956893,0.0002999995558639057,0.013799999578623101,0.005199999577598646,3.2351999998354586
1292,d170_u5,neutral,train,170,5,always,3,1,1,0,0,0,1,1,0,ok,"{""sentences"": [""I hear you."", ""We can pause here for a moment.""], ""safety"": ""ok""}",1,2176,2.491100000042934,0.0013000008038943633,0.00020000061340397224,0.01430000065738568,0.0052999994295532815,2.5181000000884524
1293,d170_u8,neutral,train,170,8,always,3,1,1,0,0,0,1,1,0,ok,"{""sentences"": [""I hear you."", ""We can pause here for a moment.""], ""safety"": ""ok""}",1,2176,2.922499999840511,0.0012999998943996616,0.0004000003173132427,0.014100000043981709,0.005199999577598646,2.949199999420671
1294,d170_u9,neutral,train,170,9,always,3,1,1,0,0,0,1,1,0,ok,"{""sentences"": [""I hear you."", ""We can pause here for a moment.""], ""safety"": ""ok""}",1,2176,2.833499999724154,0.0012000000424450263,0.00030000046535860747,0.01449999945180025,0.005599999894911889,2.86099999993894
1295,d170_u10,sad,train,170,10,always,3,1,1,0,0,0,1,1,0,ok,"{""sentences"": [""I hear you."", ""We can pause here for a moment.""], ""safety"": ""ok""}",1,2176,2.707399999962945,0.0012999998943996616,0.00030000046535860747,0.014199999895936344,0.005200000487093348,2.7345999997123727
1296,d170_u11,neutral,train,170,11,always,3,1,1,0,0,0,1,1,0,ok,"{""sentences"": [""I hear you."", ""We can pause here for a moment.""], ""safety"": ""ok""}",1,2176,3.189300000485673,0.0013000008038943633,0.00019999970390927047,0.014500000361294951,0.0054000001910026185,3.216999999494874
1297,d171_u0,happy,train,171,0,always,3,1,1,0,0,0,1,1,0,ok,"{""sentences"": [""I hear you."", ""We can pause here for a moment.""], ""safety"": ""ok""}",1,2176,2.976400000079593,0.0013999997463542968,0.00019999970390927047,0.014199999895936344,0.005399999281507917,3.003500000886561
1298,d171_u1,neutral,train,171,1,always,3,1,1,0,0,0,1,1,0,ok,"{""sentences"": [""I hear you."", ""We can pause here for a moment.""], ""safety"": ""ok""}",1,2176,3.022900000360096,0.0015000005078036338,0.00030000046535860747,0.014100000043981709,0.005199999577598646,3.0501000001095235
1299,d171_u2,neutral,train,171,2,always,3,1,1,0,0,0,1,1,0,ok,"{""sentences"": [""I hear you."", ""We can pause here for a moment.""], ""safety"": ""ok""}",1,2176,2.561999999670661,0.0011999991329503246,0.0002999995558639057,0.013800000488117803,0.005199999577598646,2.588300000752497
1300,d171_u3,neutral,train,171,3,always,3,1,1,0,0,0,1,1,0,ok,"{""sentences"": [""I hear you."", ""We can pause here for a moment.""], ""safety"": ""ok""}",1,2176,3.195899999809626,0.0012000000424450263,0.0002999995558639057,0.013699999726668466,0.005199999577598646,3.2221999999819673
1301,d171_u5,neutral,train,171,5,always,3,1,1,0,0,0,1,1,0,ok,"{""sentences"": [""I hear you."", ""We can pause here for a moment.""], ""safety"": ""ok""}",1,2176,2.7924999994866084,0.0012000000424450263,0.0002999995558639057,0.014999999621068127,0.005500000042957254,2.8207000004840665
1302,d172_u0,neutral,train,172,0,always,3,1,1,0,0,0,1,1,0,ok,"{""sentences"": [""I hear you."", ""We can pause here for a moment.""], ""safety"": ""ok""}",1,2176,3.006699999787088,0.0012999998943996616,0.00030000046535860747,0.013800000488117803,0.004999999873689376,3.032500000699656
1303,d172_u1,neutral,train,172,1,always,3,1,1,0,0,0,1,1,0,ok,"{""sentences"": [""I hear you."", ""We can pause here for a moment.""], ""safety"": ""ok""}",1,2176,3.2087999998111627,0.0013999997463542968,0.00030000046535860747,0.015500000699830707,0.03389999983482994,3.266499999881489
1304,d172_u3,happy,train,172,3,always,3,1,1,0,0,0,1,1,0,ok,"{""sentences"": [""I hear you."", ""We can pause here for a moment.""], ""safety"": ""ok""}",1,2176,2.776699999230914,0.0012000000424450263,0.00019999970390927047,0.013099999705445953,0.004900000021734741,2.8013999999529915
1305,d172_u4,happy,train,172,4,always,3,1,1,0,0,0,1,1,0,ok,"{""sentences"": [""I hear you."", ""We can pause here for a moment.""], ""safety"": ""ok""}",1,2176,2.424299999802315,0.0012000000424450263,0.0002999995558639057,0.01500000053056283,0.005699999746866524,2.4527999994461425
1306,d172_u5,neutral,train,172,5,always,3,1,1,0,0,0,1,1,0,ok,"{""sentences"": [""I hear you."", ""We can pause here for a moment.""], ""safety"": ""ok""}",1,2176,2.751699999862467,0.0012999998943996616,0.0002999995558639057,0.014100000043981709,0.005300000339047983,2.778500000204076
1307,d172_u6,neutral,train,172,6,always,3,1,1,0,0,0,1,1,0,ok,"{""sentences"": [""I hear you."", ""We can pause here for a moment.""], ""safety"": ""ok""}",1,2176,3.1025999996927567,0.0012999998943996616,0.00019999970390927047,0.014199999895936344,0.005300000339047983,3.1296999995902297
1308,d172_u7,neutral,train,172,7,always,3,1,1,0,0,0,1,1,0,ok,"{""sentences"": [""I hear you."", ""We can pause here for a moment.""], ""safety"": ""ok""}",1,2176,2.8989999991608784,0.0012999998943996616,0.00020000061340397224,0.014400000509340316,0.005199999577598646,2.9257000005600275
1309,d172_u8,happy,train,172,8,always,3,1,1,0,0,0,1,1,0,ok,"{""sentences"": [""I hear you."", ""We can pause here for a moment.""], ""safety"": ""ok""}",1,2176,2.844599999662023,0.0012999998943996616,0.0002999995558639057,0.014000000192027073,0.005300000339047983,2.871600000617036
1310,d172_u10,neutral,train,172,10,always,3,1,1,0,0,0,1,1,0,ok,"{""sentences"": [""I hear you."", ""We can pause here for a moment.""], ""safety"": ""ok""}",1,2176,2.5322999999843887,0.0012999998943996616,0.00019999970390927047,0.014199999895936344,0.0054000001910026185,2.559099999416503
1311,d173_u0,happy,train,173,0,always,3,1,1,0,0,0,1,1,0,ok,"{""sentences"": [""I hear you."", ""We can pause here for a moment.""], ""safety"": ""ok""}",1,2176,2.55010000000766,0.0014000006558489986,0.00019999970390927047,0.014500000361294951,0.0052999994295532815,2.577199999905133
1312,d173_u2,happy,train,173,2,always,3,1,1,0,0,0,1,1,0,ok,"{""sentences"": [""I hear you."", ""We can pause here for a moment.""], ""safety"": ""ok""}",1,2176,2.837300000464893,0.0014000006558489986,0.00030000046535860747,0.013999999282532372,0.0052999994295532815,2.8643999994528713
1313,d173_u3,angry,train,173,3,always,3,1,1,0,0,0,1,1,0,ok,"{""sentences"": [""I hear you."", ""We can pause here for a moment.""], ""safety"": ""ok""}",1,2176,2.9632000005221926,0.0012999998943996616,0.0002999995558639057,0.014100000043981709,0.0054000001910026185,2.990299999510171
1314,d173_u4,angry,train,173,4,always,3,1,1,0,0,0,1,1,0,ok,"{""sentences"": [""I hear you."", ""We can pause here for a moment.""], ""safety"": ""ok""}",1,2176,2.9254999999466236,0.0012000000424450263,0.00020000061340397224,0.014199999895936344,0.005199999577598646,2.952200000436278
1315,d173_u5,neutral,train,173,5,always,3,1,1,0,0,0,1,1,0,ok,"{""sentences"": [""I hear you."", ""We can pause here for a moment.""], ""safety"": ""ok""}",1,2176,2.8967999996893923,0.0012999998943996616,0.00030000046535860747,0.014100000043981709,0.0052999994295532815,2.923699999882956
1316,d173_u6,angry,train,173,6,always,3,1,1,0,0,0,1,1,0,ok,"{""sentences"": [""I hear you."", ""We can pause here for a moment.""], ""safety"": ""ok""}",1,2176,2.7498999997987994,0.0012000000424450263,0.00019999970390927047,0.012900000001536682,0.004900000021734741,2.774399999907473
1317,d173_u8,angry,train,173,8,always,3,1,1,0,0,0,1,1,0,ok,"{""sentences"": [""I hear you."", ""We can pause here for a moment.""], ""safety"": ""ok""}",1,2176,3.0362999996214057,0.0013999997463542968,0.00019999970390927047,0.013899999430577736,0.005300000339047983,3.062899999349611
1318,d173_u10,happy,train,173,10,always,3,1,1,0,0,0,1,1,0,ok,"{""sentences"": [""I hear you."", ""We can pause here for a moment.""], ""safety"": ""ok""}",1,2176,2.6651999996829545,0.0012000000424450263,0.00030000046535860747,0.01320000046689529,0.004999999873689376,2.689999999347492
1319,d174_u0,happy,train,174,0,always,3,1,1,0,0,0,1,1,0,ok,"{""sentences"": [""I hear you."", ""We can pause here for a moment.""], ""safety"": ""ok""}",1,2176,3.0925000000934233,0.0012000000424450263,0.0002999995558639057,0.014399999599845614,0.0052999994295532815,3.1195999999908963
1320,d174_u1,happy,train,174,1,always,3,1,1,0,0,0,1,1,0,ok,"{""sentences"": [""I hear you."", ""We can pause here for a moment.""], ""safety"": ""ok""}",1,2176,2.8263000003789784,0.0012999998943996616,0.00030000046535860747,0.014200000805431046,0.0054000001910026185,2.8535999999803607
1321,d174_u2,happy,train,174,2,always,3,1,1,0,0,0,1,1,0,ok,"{""sentences"": [""I hear you."", ""We can pause here for a moment.""], ""safety"": ""ok""}",1,2176,3.1964999998308485,0.0012000000424450263,0.00019999970390927047,0.014799999917158857,0.0052999994295532815,3.2245000002149027
1322,d174_u3,happy,train,174,3,always,3,1,1,0,0,0,1,1,0,ok,"{""sentences"": [""I hear you."", ""We can pause here for a moment.""], ""safety"": ""ok""}",1,2176,3.133000000161701,0.0012999998943996616,0.00019999970390927047,0.014000000192027073,0.005300000339047983,3.1595000000379514
1323,d174_u4,neutral,train,174,4,always,3,1,1,0,0,0,1,1,0,ok,"{""sentences"": [""I hear you."", ""We can pause here for a moment.""], ""safety"": ""ok""}",1,2176,3.0581000000893255,0.0013999997463542968,0.0002999995558639057,0.015100000382517464,0.0052999994295532815,3.0864000000292435
1324,d174_u5,neutral,train,174,5,always,3,1,1,0,0,0,1,1,0,ok,"{""sentences"": [""I hear you."", ""We can pause here for a moment.""], ""safety"": ""ok""}",1,2176,2.453099999911501,0.0012999998943996616,0.00030000046535860747,0.015300000086426735,0.0054000001910026185,2.480999999534106
1325,d174_u6,sad,train,174,6,always,3,1,1,0,0,0,1,1,0,ok,"{""sentences"": [""I hear you."", ""We can pause here for a moment.""], ""safety"": ""ok""}",1,2176,2.8519999996206025,0.0012999998943996616,0.00030000046535860747,0.014599999303754885,0.005500000042957254,2.8800999998566112
1326,d175_u0,neutral,train,175,0,always,3,1,1,0,0,0,1,1,0,ok,"{""sentences"": [""I hear you."", ""We can pause here for a moment.""], ""safety"": ""ok""}",1,2176,3.0036999996809755,0.0012000000424450263,0.0002999995558639057,0.013799999578623101,0.005399999281507917,3.030100000614766
1327,d175_u1,happy,train,175,1,always,3,1,1,0,0,0,1,1,0,ok,"{""sentences"": [""I hear you."", ""We can pause here for a moment.""], ""safety"": ""ok""}",1,2176,2.757000000201515,0.0012999998943996616,0.00030000046535860747,0.014799999917158857,0.005399999281507917,2.7847000001202105
1328,d175_u2,happy,train,175,2,always,3,1,1,0,0,0,1,1,0,ok,"{""sentences"": [""I hear you."", ""We can pause here for a moment.""], ""safety"": ""ok""}",1,2176,3.4393999994790647,0.0012999998943996616,0.00030000046535860747,0.014000000192027073,0.005300000339047983,3.4660000001167646
1329,d175_u3,neutral,train,175,3,always,3,1,1,0,0,0,1,1,0,ok,"{""sentences"": [""I hear you."", ""We can pause here for a moment.""], ""safety"": ""ok""}",1,2176,2.496899999641755,0.0012999998943996616,0.00019999970390927047,0.014600000213249587,0.005599999894911889,2.5248000001738546
1330,d175_u5,angry,train,175,5,always,3,1,1,0,0,0,1,1,0,ok,"{""sentences"": [""I hear you."", ""We can pause here for a moment.""], ""safety"": ""ok""}",1,2176,2.977199999804725,0.0013999997463542968,0.0002999995558639057,0.013699999726668466,0.005199999577598646,3.0031999995117076
1331,d175_u6,neutral,train,175,6,always,3,1,1,0,0,0,1,1,0,ok,"{""sentences"": [""I hear you."", ""We can pause here for a moment.""], ""safety"": ""ok""}",1,2176,2.265099999931408,0.0012999998943996616,0.00030000046535860747,0.013900000340072438,0.0054000001910026185,2.2916999996596132
1332,d175_u7,sad,train,175,7,always,3,1,1,0,0,0,1,1,0,ok,"{""sentences"": [""I hear you."", ""We can pause here for a moment.""], ""safety"": ""ok""}",1,2176,2.895399999943038,0.0012999998943996616,0.00019999970390927047,0.014199999895936344,0.005200000487093348,2.921999999671243
1333,d175_u8,neutral,train,175,8,always,3,1,1,0,0,0,1,1,0,ok,"{""sentences"": [""I hear you."", ""We can pause here for a moment.""], ""safety"": ""ok""}",1,2176,2.4364999999306747,0.0013999997463542968,0.00030000046535860747,0.014900000678608194,0.006000000212225132,2.46549999974377
1334,d175_u9,sad,train,175,9,always,3,1,1,0,0,0,1,1,0,ok,"{""sentences"": [""I hear you."", ""We can pause here for a moment.""], ""safety"": ""ok""}",1,2176,3.674700000374287,0.0012999998943996616,0.0002999995558639057,0.014500000361294951,0.0054000001910026185,3.702299999531533
1335,d175_u11,sad,train,175,11,always,3,1,1,0,0,0,1,1,0,ok,"{""sentences"": [""I hear you."", ""We can pause here for a moment.""], ""safety"": ""ok""}",1,2176,2.7997000006507733,0.0014000006558489986,0.00030000046535860747,0.014600000213249587,0.005599999894911889,2.8277999999772874
1336,d176_u1,neutral,train,176,1,always,3,1,1,0,0,0,1,1,0,ok,"{""sentences"": [""I hear you."", ""We can pause here for a moment.""], ""safety"": ""ok""}",1,2176,2.710099999603699,0.0012999998943996616,0.00030000046535860747,0.014000000192027073,0.005399999281507917,2.737100000558712
1337,d176_u6,neutral,train,176,6,always,3,1,1,0,0,0,1,1,0,ok,"{""sentences"": [""I hear you."", ""We can pause here for a moment.""], ""safety"": ""ok""}",1,2176,2.936200000476674,0.0014000006558489986,0.00019999970390927047,0.014100000043981709,0.0054000001910026185,2.962900000056834
1338,d176_u8,neutral,train,176,8,always,3,1,1,0,0,0,1,1,0,ok,"{""sentences"": [""I hear you."", ""We can pause here for a moment.""], ""safety"": ""ok""}",1,2176,2.85139999959938,0.0014000006558489986,0.00030000046535860747,0.014199999895936344,0.005500000042957254,2.878899999814166
1339,d176_u9,neutral,train,176,9,always,3,1,1,0,0,0,1,1,0,ok,"{""sentences"": [""I hear you."", ""We can pause here for a moment.""], ""safety"": ""ok""}",1,2176,2.880899999581743,0.0012999998943996616,0.00019999970390927047,0.013900000340072438,0.005300000339047983,2.907799999775307
1340,d176_u10,happy,train,176,10,always,3,1,1,0,0,0,1,1,0,ok,"{""sentences"": [""I hear you."", ""We can pause here for a moment.""], ""safety"": ""ok""}",1,2176,2.744200000051933,0.0012999998943996616,0.00030000046535860747,0.014199999895936344,0.0054000001910026185,2.771499999653315
1341,d177_u0,happy,train,177,0,always,3,1,1,0,0,0,1,1,0,ok,"{""sentences"": [""I hear you."", ""We can pause here for a moment.""], ""safety"": ""ok""}",1,2176,3.0594999998356798,0.0013999997463542968,0.00020000061340397224,0.016199999663513154,0.0059000003602704965,3.0901000000085332
1342,d177_u1,neutral,train,177,1,always,3,1,1,0,0,0,1,1,0,ok,"{""sentences"": [""I hear you."", ""We can pause here for a moment.""], ""safety"": ""ok""}",1,2176,3.0375999995158054,0.0015000005078036338,0.00019999970390927047,0.016400000276917126,0.006299999768089037,3.068600000005972
1343,d177_u2,neutral,train,177,2,always,3,1,1,0,0,0,1,1,0,ok,"{""sentences"": [""I hear you."", ""We can pause here for a moment.""], ""safety"": ""ok""}",1,2176,3.4851000000344357,0.0012999998943996616,0.00019999970390927047,0.014600000213249587,0.0052999994295532815,3.512300000693358
1344,d177_u4,happy,train,177,4,always,3,1,1,0,0,0,1,1,0,ok,"{""sentences"": [""I hear you."", ""We can pause here for a moment.""], ""safety"": ""ok""}",1,2176,2.9612999996970757,0.001499999598308932,0.00019999970390927047,0.014799999917158857,0.005599999894911889,2.9895999996369937
1345,d177_u6,happy,train,177,6,always,3,1,1,0,0,0,1,1,0,ok,"{""sentences"": [""I hear you."", ""We can pause here for a moment.""], ""safety"": ""ok""}",1,2176,2.9300999995029997,0.0013999997463542968,0.00020000061340397224,0.013900000340072438,0.004900000021734741,2.956300000732881
1346,d177_u7,happy,train,177,7,always,3,1,1,0,0,0,1,1,0,ok,"{""sentences"": [""I hear you."", ""We can pause here for a moment.""], ""safety"": ""ok""}",1,2176,2.868999999918742,0.0015000005078036338,0.0002999995558639057,0.014199999895936344,0.005200000487093348,2.896300000429619
1347,d177_u8,sad,train,177,8,always,3,1,1,0,0,0,1,1,0,ok,"{""sentences"": [""I hear you."", ""We can pause here for a moment.""], ""safety"": ""ok""}",1,2176,2.310400000169466,0.0012999998943996616,0.00030000046535860747,0.01430000065738568,0.005300000339047983,2.337500000066939
1348,d177_u9,happy,train,177,9,always,3,1,1,0,0,0,1,1,0,ok,"{""sentences"": [""I hear you."", ""We can pause here for a moment.""], ""safety"": ""ok""}",1,2176,3.249699999287259,0.001100000190490391,0.0002999995558639057,0.013800000488117803,0.005199999577598646,3.275799999755691
1349,d177_u10,neutral,train,177,10,always,3,1,1,0,0,0,1,1,0,ok,"{""sentences"": [""I hear you."", ""We can pause here for a moment.""], ""safety"": ""ok""}",1,2176,2.4193000008381205,0.0012999998943996616,0.00020000061340397224,0.014100000043981709,0.005199999577598646,2.4457999998048763
1350,d178_u0,happy,train,178,0,always,3,1,1,0,0,0,1,1,0,ok,"{""sentences"": [""I hear you."", ""We can pause here for a moment.""], ""safety"": ""ok""}",1,2176,3.8664999992761295,0.0013999997463542968,0.00030000046535860747,0.015999999959603883,0.0349000001733657,3.9254000002983958
1351,d178_u1,neutral,train,178,1,always,3,1,1,0,0,0,1,1,0,ok,"{""sentences"": [""I hear you."", ""We can pause here for a moment.""], ""safety"": ""ok""}",1,2176,3.1352999994851416,0.001600000359758269,0.00030000046535860747,0.03790000027947826,0.031100000342121348,3.2134000002770335
1352,d179_u0,neutral,train,179,0,always,3,1,1,0,0,0,1,1,0,ok,"{""sentences"": [""I hear you."", ""We can pause here for a moment.""], ""safety"": ""ok""}",1,2176,3.451900000072783,0.001499999598308932,0.00019999970390927047,0.015100000382517464,0.0054000001910026185,3.4802999998646555
1353,d179_u1,neutral,train,179,1,always,3,1,1,0,0,0,1,1,0,ok,"{""sentences"": [""I hear you."", ""We can pause here for a moment.""], ""safety"": ""ok""}",1,2176,2.8693000003841007,0.0012999998943996616,0.00019999970390927047,0.014199999895936344,0.005800000508315861,2.8967999996893923
1354,d179_u2,neutral,train,179,2,always,3,1,1,0,0,0,1,1,0,ok,"{""sentences"": [""I hear you."", ""We can pause here for a moment.""], ""safety"": ""ok""}",1,2176,3.692600000249513,0.0012000000424450263,0.00020000061340397224,0.0152000002344721,0.005500000042957254,3.7210000000413856
1355,d179_u3,neutral,train,179,3,always,3,1,1,0,0,0,1,1,0,ok,"{""sentences"": [""I hear you."", ""We can pause here for a moment.""], ""safety"": ""ok""}",1,2176,3.5250999999334454,0.0012000000424450263,0.0002999995558639057,0.013399999261309858,0.005199999577598646,3.550800000084564
1356,d179_u4,neutral,train,179,4,always,3,1,1,0,0,0,1,1,0,ok,"{""sentences"": [""I hear you."", ""We can pause here for a moment.""], ""safety"": ""ok""}",1,2176,3.2424999999420834,0.0012999998943996616,0.0002999995558639057,0.014000000192027073,0.005300000339047983,3.268999999818334
1357,d179_u5,neutral,train,179,5,always,3,1,1,0,0,0,1,1,0,ok,"{""sentences"": [""I hear you."", ""We can pause here for a moment.""], ""safety"": ""ok""}",1,2176,3.0114000001049135,0.000999999429041054,0.0002999995558639057,0.01269999938813271,0.004599999556376133,3.034999999727006
1358,d179_u6,neutral,train,179,6,always,3,1,1,0,0,0,1,1,0,ok,"{""sentences"": [""I hear you."", ""We can pause here for a moment.""], ""safety"": ""ok""}",1,2176,2.5593999998818617,0.0013999997463542968,0.0002999995558639057,0.014299999747890979,0.005700000656361226,2.5870999998005573
1359,d179_u7,neutral,train,179,7,always,3,1,1,0,0,0,1,1,0,ok,"{""sentences"": [""I hear you."", ""We can pause here for a moment.""], ""safety"": ""ok""}",1,2176,3.500499999972817,0.0012999998943996616,0.0002999995558639057,0.015700000403739978,0.0057999995988211595,3.529799999341776
1360,d179_u8,neutral,train,179,8,always,3,1,1,0,0,0,1,1,0,ok,"{""sentences"": [""I hear you."", ""We can pause here for a moment.""], ""safety"": ""ok""}",1,2176,3.1384000003527035,0.0015000005078036338,0.0002999995558639057,0.015700000403739978,0.006199999916134402,3.168299999742885
1361,d179_u9,neutral,train,179,9,always,3,1,1,0,0,0,1,1,0,ok,"{""sentences"": [""I hear you."", ""We can pause here for a moment.""], ""safety"": ""ok""}",1,2176,2.7725999998438056,0.0015000005078036338,0.00030000046535860747,0.01869999960035784,0.006799999937356915,2.806800000143994
1362,d179_u10,happy,train,179,10,always,3,1,1,0,0,0,1,1,0,ok,"{""sentences"": [""I hear you."", ""We can pause here for a moment.""], ""safety"": ""ok""}",1,2176,2.7924999994866084,0.0013999997463542968,0.00030000046535860747,0.0152000002344721,0.0057999995988211595,2.8216999999131076
1363,d179_u11,neutral,train,179,11,always,3,1,1,0,0,0,1,1,0,ok,"{""sentences"": [""I hear you."", ""We can pause here for a moment.""], ""safety"": ""ok""}",1,2176,3.470499999821186,0.0013999997463542968,0.00019999970390927047,0.014600000213249587,0.0054000001910026185,3.49850000020524
1364,d179_u12,neutral,train,179,12,always,3,1,1,0,0,0,1,1,0,ok,"{""sentences"": [""I hear you."", ""We can pause here for a moment.""], ""safety"": ""ok""}",1,2176,3.0853999996907078,0.0012000000424450263,0.00030000046535860747,0.013900000340072438,0.005200000487093348,3.111699999863049
1365,d179_u13,neutral,train,179,13,always,3,1,1,0,0,0,1,1,0,ok,"{""sentences"": [""I hear you."", ""We can pause here for a moment.""], ""safety"": ""ok""}",1,2176,2.7326999997967505,0.001499999598308932,0.0002999995558639057,0.014100000043981709,0.0059000003602704965,2.7605000004768954
1366,d179_u14,neutral,train,179,14,always,3,1,1,0,0,0,1,1,0,ok,"{""sentences"": [""I hear you."", ""We can pause here for a moment.""], ""safety"": ""ok""}",1,2176,2.4520999995729653,0.0012000000424450263,0.00020000061340397224,0.013900000340072438,0.004999999873689376,2.478500000506756
1367,d179_u15,neutral,train,179,15,always,3,1,1,0,0,0,1,1,0,ok,"{""sentences"": [""I hear you."", ""We can pause here for a moment.""], ""safety"": ""ok""}",1,2176,3.062099999624479,0.0012000000424450263,0.00019999970390927047,0.014400000509340316,0.0054000001910026185,3.0897000006007147
1368,d179_u16,neutral,train,179,16,always,3,1,1,0,0,0,1,1,0,ok,"{""sentences"": [""I hear you."", ""We can pause here for a moment.""], ""safety"": ""ok""}",1,2176,2.694800000426767,0.0014000006558489986,0.00019999970390927047,0.014400000509340316,0.005300000339047983,2.7222999997320585
1369,d179_u17,neutral,train,179,17,always,3,1,1,0,0,0,1,1,0,ok,"{""sentences"": [""I hear you."", ""We can pause here for a moment.""], ""safety"": ""ok""}",1,2176,3.1220000000757864,0.0013999997463542968,0.00019999970390927047,0.016199999663513154,0.0068999997893115506,3.153099999508413
1370,d179_u18,neutral,train,179,18,always,3,1,1,0,0,0,1,1,0,ok,"{""sentences"": [""I hear you."", ""We can pause here for a moment.""], ""safety"": ""ok""}",1,2176,2.891000000090571,0.0012000000424450263,0.0002999995558639057,0.014799999917158857,0.005700000656361226,2.91910000032658
1371,d179_u19,angry,train,179,19,always,3,1,1,0,0,0,1,1,0,ok,"{""sentences"": [""I hear you."", ""We can pause here for a moment.""], ""safety"": ""ok""}",1,2176,2.9818000002705958,0.001600000359758269,0.00019999970390927047,0.014400000509340316,0.005199999577598646,3.0091999997239327
1372,d180_u0,happy,train,180,0,always,3,1,1,0,0,0,1,1,0,ok,"{""sentences"": [""I hear you."", ""We can pause here for a moment.""], ""safety"": ""ok""}",1,2176,3.367400000570342,0.0012000000424450263,0.0002999995558639057,0.014000000192027073,0.0054000001910026185,3.3938999995370978
1373,d180_u4,sad,train,180,4,always,3,1,1,0,0,0,1,1,0,ok,"{""sentences"": [""I hear you."", ""We can pause here for a moment.""], ""safety"": ""ok""}",1,2176,2.65899999976682,0.0015000005078036338,0.0002999995558639057,0.014100000043981709,0.004999999873689376,2.685899999960384
1374,d180_u5,sad,train,180,5,always,3,1,1,0,0,0,1,1,0,ok,"{""sentences"": [""I hear you."", ""We can pause here for a moment.""], ""safety"": ""ok""}",1,2176,2.2729000002073008,0.001100000190490391,0.0002999995558639057,0.013999999282532372,0.005199999577598646,2.2990999996181927
1375,d180_u9,happy,train,180,9,always,3,1,1,0,0,0,1,1,0,ok,"{""sentences"": [""I hear you."", ""We can pause here for a moment.""], ""safety"": ""ok""}",1,2176,3.429100000175822,0.0013000008038943633,0.00019999970390927047,0.013199999557400588,0.005500000042957254,3.4548999992694007
1376,d180_u10,neutral,train,180,10,always,3,1,1,0,0,0,1,1,0,ok,"{""sentences"": [""I hear you."", ""We can pause here for a moment.""], ""safety"": ""ok""}",1,2176,2.4350999992748257,0.0012000000424450263,0.00019999970390927047,0.013800000488117803,0.005199999577598646,2.461300000504707
1377,d180_u12,neutral,train,180,12,always,3,1,1,0,0,0,1,1,0,ok,"{""sentences"": [""I hear you."", ""We can pause here for a moment.""], ""safety"": ""ok""}",1,2176,3.170900000441179,0.0012999998943996616,0.0002999995558639057,0.013399999261309858,0.02099999983329326,3.212399999938498
1378,d180_u14,happy,train,180,14,always,3,1,1,0,0,0,1,1,0,ok,"{""sentences"": [""I hear you."", ""We can pause here for a moment.""], ""safety"": ""ok""}",1,2176,3.1596000007994007,0.0012000000424450263,0.00020000061340397224,0.013999999282532372,0.005199999577598646,3.186200000527606
1379,d181_u0,angry,train,181,0,always,3,1,1,0,0,0,1,1,0,ok,"{""sentences"": [""I hear you."", ""We can pause here for a moment.""], ""safety"": ""ok""}",1,2176,2.5674999997136183,0.0015999994502635673,0.0002999995558639057,0.015100000382517464,0.005599999894911889,2.5964999995267135
1380,d181_u1,neutral,train,181,1,always,3,1,1,0,0,0,1,1,0,ok,"{""sentences"": [""I hear you."", ""We can pause here for a moment.""], ""safety"": ""ok""}",1,2176,2.961400000458525,0.0011999991329503246,0.00019999970390927047,0.014400000509340316,0.0054000001910026185,2.9887000000599073
1381,d181_u2,neutral,train,181,2,always,3,1,1,0,0,0,1,1,0,ok,"{""sentences"": [""I hear you."", ""We can pause here for a moment.""], ""safety"": ""ok""}",1,2176,2.9508999996323837,0.0012999998943996616,0.00030000046535860747,0.013900000340072438,0.005100000635138713,2.9770999999527703
1382,d181_u4,neutral,train,181,4,always,3,1,1,0,0,0,1,1,0,ok,"{""sentences"": [""I hear you."", ""We can pause here for a moment.""], ""safety"": ""ok""}",1,2176,3.2555999996475293,0.001100000190490391,0.00030000046535860747,0.014100000043981709,0.005300000339047983,3.2823999999891385
1383,d182_u0,neutral,train,182,0,always,3,1,1,0,0,0,1,1,0,ok,"{""sentences"": [""I hear you."", ""We can pause here for a moment.""], ""safety"": ""ok""}",1,2176,3.141999999570544,0.0013999997463542968,0.00019999970390927047,0.01449999945180025,0.005500000042957254,3.169700000398734
1384,d182_u1,sad,train,182,1,always,3,1,1,0,0,0,1,1,0,ok,"{""sentences"": [""I hear you."", ""We can pause here for a moment.""], ""safety"": ""ok""}",1,2176,2.4905000000217115,0.0012000000424450263,0.00019999970390927047,0.014100000043981709,0.005200000487093348,2.517200000511366
1385,d182_u2,sad,train,182,2,always,3,1,1,0,0,0,1,1,0,ok,"{""sentences"": [""I hear you."", ""We can pause here for a moment.""], ""safety"": ""ok""}",1,2176,2.8812999998990563,0.0012999998943996616,0.0002999995558639057,0.013800000488117803,0.005199999577598646,2.907699999923352
1386,d182_u3,angry,train,182,3,always,3,1,1,0,0,0,1,1,0,ok,"{""sentences"": [""I hear you."", ""We can pause here for a moment.""], ""safety"": ""ok""}",1,2176,2.7094999995824764,0.0012000000424450263,0.00020000061340397224,0.013699999726668466,0.005300000339047983,2.735999999458727
1387,d182_u4,angry,train,182,4,always,3,1,1,0,0,0,1,1,0,ok,"{""sentences"": [""I hear you."", ""We can pause here for a moment.""], ""safety"": ""ok""}",1,2176,3.3360000006723567,0.0014000006558489986,0.00030000046535860747,0.01469999915570952,0.005199999577598646,3.3636999996815575
1388,d182_u5,angry,train,182,5,always,3,1,1,0,0,0,1,1,0,ok,"{""sentences"": [""I hear you."", ""We can pause here for a moment.""], ""safety"": ""ok""}",1,2176,2.8284999998504645,0.0012999998943996616,0.00030000046535860747,0.0152000002344721,0.005500000042957254,2.856999999494292
1389,d182_u6,angry,train,182,6,always,3,1,1,0,0,0,1,1,0,ok,"{""sentences"": [""I hear you."", ""We can pause here for a moment.""], ""safety"": ""ok""}",1,2176,2.556399999775749,0.0012999998943996616,0.00030000046535860747,0.014299999747890979,0.0054000001910026185,2.583599999525177
1390,d182_u7,neutral,train,182,7,always,3,1,1,0,0,0,1,1,0,ok,"{""sentences"": [""I hear you."", ""We can pause here for a moment.""], ""safety"": ""ok""}",1,2176,3.071000000090862,0.0012000000424450263,0.00030000046535860747,0.014000000192027073,0.005200000487093348,3.097699999671022
1391,d182_u8,angry,train,182,8,always,3,1,1,0,0,0,1,1,0,ok,"{""sentences"": [""I hear you."", ""We can pause here for a moment.""], ""safety"": ""ok""}",1,2176,3.0270999995991588,0.0012999998943996616,0.0002999995558639057,0.014399999599845614,0.0054000001910026185,3.0544999999619904
1392,d182_u9,angry,train,182,9,always,3,1,1,0,0,0,1,1,0,ok,"{""sentences"": [""I hear you."", ""We can pause here for a moment.""], ""safety"": ""ok""}",1,2176,3.2234000000244123,0.0012000000424450263,0.00019999970390927047,0.014100000043981709,0.005099999725644011,3.250000000662112
1393,d182_u10,neutral,train,182,10,always,3,1,1,0,0,0,1,1,0,ok,"{""sentences"": [""I hear you."", ""We can pause here for a moment.""], ""safety"": ""ok""}",1,2176,2.4130000001605367,0.0012999998943996616,0.00030000046535860747,0.013900000340072438,0.005300000339047983,2.439799999592651
1394,d182_u11,neutral,train,182,11,always,3,1,1,0,0,0,1,1,0,ok,"{""sentences"": [""I hear you."", ""We can pause here for a moment.""], ""safety"": ""ok""}",1,2176,2.3884000001999084,0.0012999998943996616,0.00030000046535860747,0.013700000636163168,0.005099999725644011,2.414199999293487
1395,d182_u12,neutral,train,182,12,always,3,1,1,0,0,0,1,1,0,ok,"{""sentences"": [""I hear you."", ""We can pause here for a moment.""], ""safety"": ""ok""}",1,2176,2.77870000081748,0.0012000000424450263,0.00019999970390927047,0.013500000022759195,0.005199999577598646,2.8047000005244627
1396,d182_u13,neutral,train,182,13,always,3,1,1,0,0,0,1,1,0,ok,"{""sentences"": [""I hear you."", ""We can pause here for a moment.""], ""safety"": ""ok""}",1,2176,2.7428000003055786,0.001100000190490391,0.00020000061340397224,0.013100000614940654,0.004900000021734741,2.7672999995047576
1397,d182_u14,neutral,train,182,14,always,3,1,1,0,0,0,1,1,0,ok,"{""sentences"": [""I hear you."", ""We can pause here for a moment.""], ""safety"": ""ok""}",1,2176,3.1839000002946705,0.0012999998943996616,0.00030000046535860747,0.01500000053056283,0.0059000003602704965,3.2129999999597203
1398,d182_u15,neutral,train,182,15,always,3,1,1,0,0,0,1,1,0,ok,"{""sentences"": [""I hear you."", ""We can pause here for a moment.""], ""safety"": ""ok""}",1,2176,3.108299999439623,0.0012000000424450263,0.00020000061340397224,0.014600000213249587,0.005699999746866524,3.136300000733172
1399,d183_u0,neutral,train,183,0,always,3,1,1,0,0,0,1,1,0,ok,"{""sentences"": [""I hear you."", ""We can pause here for a moment.""], ""safety"": ""ok""}",1,2176,3.020199999809847,0.0012999998943996616,0.0002999995558639057,0.014400000509340316,0.005199999577598646,3.047799999876588
1400,d183_u2,happy,train,183,2,always,3,1,1,0,0,0,1,1,0,ok,"{""sentences"": [""I hear you."", ""We can pause here for a moment.""], ""safety"": ""ok""}",1,2176,3.518699999403907,0.0012999998943996616,0.00019999970390927047,0.014000000192027073,0.0052999994295532815,3.545299999132112
1401,d183_u3,neutral,train,183,3,always,3,1,1,0,0,0,1,1,0,ok,"{""sentences"": [""I hear you."", ""We can pause here for a moment.""], ""safety"": ""ok""}",1,2176,2.497899999980291,0.0012000000424450263,0.0002999995558639057,0.013799999578623101,0.005199999577598646,2.523999999539228
1402,d183_u4,neutral,train,183,4,always,3,1,1,0,0,0,1,1,0,ok,"{""sentences"": [""I hear you."", ""We can pause here for a moment.""], ""safety"": ""ok""}",1,2176,2.39049999981944,0.0012000000424450263,0.00020000061340397224,0.013800000488117803,0.004900000021734741,2.4164999995264225
1403,d183_u5,happy,train,183,5,always,3,1,1,0,0,0,1,1,0,ok,"{""sentences"": [""I hear you."", ""We can pause here for a moment.""], ""safety"": ""ok""}",1,2176,3.1391000002258806,0.001100000190490391,0.00020000061340397224,0.013300000318849925,0.004999999873689376,3.164400000059686
1404,d183_u6,neutral,train,183,6,always,3,1,1,0,0,0,1,1,0,ok,"{""sentences"": [""I hear you."", ""We can pause here for a moment.""], ""safety"": ""ok""}",1,2176,2.610199999253382,0.0012000000424450263,0.00019999970390927047,0.01340000017080456,0.004900000021734741,2.635499999996682
1405,d183_u7,neutral,train,183,7,always,3,1,1,0,0,0,1,1,0,ok,"{""sentences"": [""I hear you."", ""We can pause here for a moment.""], ""safety"": ""ok""}",1,2176,3.353400000378315,0.0012000000424450263,0.0002999995558639057,0.013500000022759195,0.004999999873689376,3.3789999997679843
1406,d183_u8,neutral,train,183,8,always,3,1,1,0,0,0,1,1,0,ok,"{""sentences"": [""I hear you."", ""We can pause here for a moment.""], ""safety"": ""ok""}",1,2176,2.7290000007269555,0.0012999998943996616,0.00030000046535860747,0.01359999987471383,0.005199999577598646,2.755000000433938
1407,d183_u9,happy,train,183,9,always,3,1,1,0,0,0,1,1,0,ok,"{""sentences"": [""I hear you."", ""We can pause here for a moment.""], ""safety"": ""ok""}",1,2176,2.9373999996096245,0.0013999997463542968,0.00020000061340397224,0.015500000699830707,0.005500000042957254,2.966099999866856
1408,d183_u10,neutral,train,183,10,always,3,1,1,0,0,0,1,1,0,ok,"{""sentences"": [""I hear you."", ""We can pause here for a moment.""], ""safety"": ""ok""}",1,2176,2.9615000003104797,0.0012999998943996616,0.00030000046535860747,0.01430000065738568,0.0054000001910026185,2.988799999911862
1409,d183_u11,neutral,train,183,11,always,3,1,1,0,0,0,1,1,0,ok,"{""sentences"": [""I hear you."", ""We can pause here for a moment.""], ""safety"": ""ok""}",1,2176,2.758900000117137,0.0012000000424450263,0.00019999970390927047,0.013899999430577736,0.005199999577598646,2.7849999996760744
1410,d183_u12,happy,train,183,12,always,3,1,1,0,0,0,1,1,0,ok,"{""sentences"": [""I hear you."", ""We can pause here for a moment.""], ""safety"": ""ok""}",1,2176,3.4316999999646214,0.0012999998943996616,0.00019999970390927047,0.013699999726668466,0.005200000487093348,3.4578999993755133
1411,d183_u13,neutral,train,183,13,always,3,1,1,0,0,0,1,1,0,ok,"{""sentences"": [""I hear you."", ""We can pause here for a moment.""], ""safety"": ""ok""}",1,2176,2.4353999997401843,0.0013999997463542968,0.00030000046535860747,0.014299999747890979,0.005699999746866524,2.4628999999549706
1412,d183_u14,neutral,train,183,14,always,3,1,1,0,0,0,1,1,0,ok,"{""sentences"": [""I hear you."", ""We can pause here for a moment.""], ""safety"": ""ok""}",1,2176,2.870199999961187,0.0011999991329503246,0.0002999995558639057,0.014000000192027073,0.005599999894911889,2.8972000000067055
1413,d183_u15,neutral,train,183,15,always,3,1,1,0,0,0,1,1,0,ok,"{""sentences"": [""I hear you."", ""We can pause here for a moment.""], ""safety"": ""ok""}",1,2176,3.1159000000116066,0.0013000008038943633,0.0002999995558639057,0.013500000022759195,0.005200000487093348,3.141900000628084
1414,d183_u16,neutral,train,183,16,always,3,1,1,0,0,0,1,1,0,ok,"{""sentences"": [""I hear you."", ""We can pause here for a moment.""], ""safety"": ""ok""}",1,2176,2.640100000462553,0.0012999998943996616,0.00030000046535860747,0.013399999261309858,0.004999999873689376,2.6654000002963585
1415,d183_u17,neutral,train,183,17,always,3,1,1,0,0,0,1,1,0,ok,"{""sentences"": [""I hear you."", ""We can pause here for a moment.""], ""safety"": ""ok""}",1,2176,2.5061999995159567,0.0013999997463542968,0.0002999995558639057,0.014899999769113492,0.005300000339047983,2.5340000001961016
1416,d183_u18,neutral,train,183,18,always,3,1,1,0,0,0,1,1,0,ok,"{""sentences"": [""I hear you."", ""We can pause here for a moment.""], ""safety"": ""ok""}",1,2176,2.942700000858167,0.0012999998943996616,0.00020000061340397224,0.014999999621068127,0.005700000656361226,2.971300000353949
1417,d183_u19,happy,train,183,19,always,3,1,1,0,0,0,1,1,0,ok,"{""sentences"": [""I hear you."", ""We can pause here for a moment.""], ""safety"": ""ok""}",1,2176,3.05099999968661,0.0013999997463542968,0.00019999970390927047,0.013900000340072438,0.005300000339047983,3.077800000028219
1418,d184_u0,happy,train,184,0,always,3,1,1,0,0,0,1,1,0,ok,"{""sentences"": [""I hear you."", ""We can pause here for a moment.""], ""safety"": ""ok""}",1,2176,2.6346999993620557,0.001100000190490391,0.0002999995558639057,0.014700000065204222,0.005200000487093348,2.668000000085158
1419,d184_u1,neutral,train,184,1,always,3,1,1,0,0,0,1,1,0,ok,"{""sentences"": [""I hear you."", ""We can pause here for a moment.""], ""safety"": ""ok""}",1,2176,3.273799999988114,0.0012999998943996616,0.00030000046535860747,0.014000000192027073,0.0054000001910026185,3.300399999716319
1420,d184_u2,neutral,train,184,2,always,3,1,1,0,0,0,1,1,0,ok,"{""sentences"": [""I hear you."", ""We can pause here for a moment.""], ""safety"": ""ok""}",1,2176,3.1404000001202803,0.0012000000424450263,0.0002999995558639057,0.014399999599845614,0.005399999281507917,3.1677000006311573
1421,d184_u3,happy,train,184,3,always,3,1,1,0,0,0,1,1,0,ok,"{""sentences"": [""I hear you."", ""We can pause here for a moment.""], ""safety"": ""ok""}",1,2176,2.1708000003854977,0.0012000000424450263,0.0002999995558639057,0.013800000488117803,0.004999999873689376,2.197199999500299
1422,d184_u4,happy,train,184,4,always,3,1,1,0,0,0,1,1,0,ok,"{""sentences"": [""I hear you."", ""We can pause here for a moment.""], ""safety"": ""ok""}",1,2176,2.8535999999803607,0.0012999998943996616,0.0002999995558639057,0.013300000318849925,0.005099999725644011,2.878899999814166
1423,d184_u5,happy,train,184,5,always,3,1,1,0,0,0,1,1,0,ok,"{""sentences"": [""I hear you."", ""We can pause here for a moment.""], ""safety"": ""ok""}",1,2176,3.0725999995411257,0.0013999997463542968,0.00030000046535860747,0.014200000805431046,0.005199999577598646,3.099500000644184
1424,d184_u6,sad,train,184,6,always,3,1,1,0,0,0,1,1,0,ok,"{""sentences"": [""I hear you."", ""We can pause here for a moment.""], ""safety"": ""ok""}",1,2176,3.526899999997113,0.0013999997463542968,0.00019999970390927047,0.01340000017080456,0.004900000021734741,3.5521999998309184
1425,d184_u7,neutral,train,184,7,always,3,1,1,0,0,0,1,1,0,ok,"{""sentences"": [""I hear you."", ""We can pause here for a moment.""], ""safety"": ""ok""}",1,2176,2.473600000485021,0.0012999998943996616,0.00030000046535860747,0.013500000022759195,0.005099999725644011,2.499100000022736
1426,d184_u8,neutral,train,184,8,always,3,1,1,0,0,0,1,1,0,ok,"{""sentences"": [""I hear you."", ""We can pause here for a moment.""], ""safety"": ""ok""}",1,2176,2.4081999999907566,0.0012999998943996616,0.00030000046535860747,0.014799999917158857,0.005200000487093348,2.435700000205543
1427,d184_u9,happy,train,184,9,always,3,1,1,0,0,0,1,1,0,ok,"{""sentences"": [""I hear you."", ""We can pause here for a moment.""], ""safety"": ""ok""}",1,2176,2.96260000050097,0.0013999997463542968,0.00030000046535860747,0.014899999769113492,0.005300000339047983,2.9908999995313934
1428,d184_u10,angry,train,184,10,always,3,1,1,0,0,0,1,1,0,ok,"{""sentences"": [""I hear you."", ""We can pause here for a moment.""], ""safety"": ""ok""}",1,2176,2.545800000007148,0.0015999994502635673,0.0002999995558639057,0.014500000361294951,0.0054000001910026185,2.573300000221934
1429,d184_u12,neutral,train,184,12,always,3,1,1,0,0,0,1,1,0,ok,"{""sentences"": [""I hear you."", ""We can pause here for a moment.""], ""safety"": ""ok""}",1,2176,2.6112999994438724,0.0012000000424450263,0.0002999995558639057,0.01359999987471383,0.005000000783184078,2.637000000504486
1430,d184_u13,angry,train,184,13,always,3,1,1,0,0,0,1,1,0,ok,"{""sentences"": [""I hear you."", ""We can pause here for a moment.""], ""safety"": ""ok""}",1,2176,3.2354999993913225,0.0012999998943996616,0.00020000061340397224,0.01430000065738568,0.02229999972769292,3.2793000000310712
1431,d184_u14,neutral,train,184,14,always,3,1,1,0,0,0,1,1,0,ok,"{""sentences"": [""I hear you."", ""We can pause here for a moment.""], ""safety"": ""ok""}",1,2176,3.773600000386068,0.0012000000424450263,0.00020000061340397224,0.029200000426499173,0.005099999725644011,3.814799999418028
1432,d184_u16,angry,train,184,16,always,3,1,1,0,0,0,1,1,0,ok,"{""sentences"": [""I hear you."", ""We can pause here for a moment.""], ""safety"": ""ok""}",1,2176,3.2829000001584063,0.0012000000424450263,0.00020000061340397224,0.013600000784208532,0.004999999873689376,3.3084999995480757
1433,d184_u17,angry,train,184,17,always,3,1,1,0,0,0,1,1,0,ok,"{""sentences"": [""I hear you."", ""We can pause here for a moment.""], ""safety"": ""ok""}",1,2176,2.4219999995693797,0.0012000000424450263,0.0002999995558639057,0.013799999578623101,0.005099999725644011,2.4479000003339024
1434,d184_u18,neutral,train,184,18,always,3,1,1,0,0,0,1,1,0,ok,"{""sentences"": [""I hear you."", ""We can pause here for a moment.""], ""safety"": ""ok""}",1,2176,2.303399999618705,0.0012000000424450263,0.00019999970390927047,0.013300000318849925,0.005099999725644011,2.3290000008273637
1435,d184_u19,angry,train,184,19,always,3,1,1,0,0,0,1,1,0,ok,"{""sentences"": [""I hear you."", ""We can pause here for a moment.""], ""safety"": ""ok""}",1,2176,2.607499999612628,0.0013999997463542968,0.0002999995558639057,0.015999999959603883,0.006000000212225132,2.637799999320123
1436,d184_u20,neutral,train,184,20,always,3,1,1,0,0,0,1,1,0,ok,"{""sentences"": [""I hear you."", ""We can pause here for a moment.""], ""safety"": ""ok""}",1,2176,2.9369999992923113,0.0012000000424450263,0.00019999970390927047,0.013300000318849925,0.005199999577598646,2.962399999887566
1437,d184_u21,angry,train,184,21,always,3,1,1,0,0,0,1,1,0,ok,"{""sentences"": [""I hear you."", ""We can pause here for a moment.""], ""safety"": ""ok""}",1,2176,2.516300000024785,0.0012999998943996616,0.0002999995558639057,0.014100000043981709,0.005600000804406591,2.543600000535662
1438,d185_u1,neutral,train,185,1,always,3,1,1,0,0,0,1,1,0,ok,"{""sentences"": [""I hear you."", ""We can pause here for a moment.""], ""safety"": ""ok""}",1,2176,3.1424999997398118,0.0012999998943996616,0.00019999970390927047,0.014700000065204222,0.0054000001910026185,3.1703999993624166
1439,d185_u3,neutral,train,185,3,always,3,1,1,0,0,0,1,1,0,ok,"{""sentences"": [""I hear you."", ""We can pause here for a moment.""], ""safety"": ""ok""}",1,2176,2.831499999956577,0.0012000000424450263,0.00030000046535860747,0.014000000192027073,0.005300000339047983,2.8579999998328276
1440,d185_u5,sad,train,185,5,always,3,1,1,0,0,0,1,1,0,ok,"{""sentences"": [""I hear you."", ""We can pause here for a moment.""], ""safety"": ""ok""}",1,2176,2.870999999686319,0.0012000000424450263,0.00030000046535860747,0.013500000022759195,0.005199999577598646,2.8965000001335284
1441,d185_u10,neutral,train,185,10,always,3,1,1,0,0,0,1,1,0,ok,"{""sentences"": [""I hear you."", ""We can pause here for a moment.""], ""safety"": ""ok""}",1,2176,2.8030999992552097,0.0012999998943996616,0.0002999995558639057,0.013799999578623101,0.005099999725644011,2.829600000040955
1442,d186_u0,happy,train,186,0,always,3,1,1,0,0,0,1,1,0,ok,"{""sentences"": [""I hear you."", ""We can pause here for a moment.""], ""safety"": ""ok""}",1,2176,3.115299999990384,0.0015000005078036338,0.00019999970390927047,0.013900000340072438,0.005200000487093348,3.1418999997185892
1443,d186_u1,happy,train,186,1,always,3,1,1,0,0,0,1,1,0,ok,"{""sentences"": [""I hear you."", ""We can pause here for a moment.""], ""safety"": ""ok""}",1,2176,2.917199999501463,0.0012000000424450263,0.0002999995558639057,0.013799999578623101,0.0052999994295532815,2.943500000583299
1444,d186_u2,happy,train,186,2,always,3,1,1,0,0,0,1,1,0,ok,"{""sentences"": [""I hear you."", ""We can pause here for a moment.""], ""safety"": ""ok""}",1,2176,2.3590000000695,0.0012999998943996616,0.0002999995558639057,0.014799999917158857,0.005200000487093348,2.386500000284286
1445,d186_u3,happy,train,186,3,always,3,1,1,0,0,0,1,1,0,ok,"{""sentences"": [""I hear you."", ""We can pause here for a moment.""], ""safety"": ""ok""}",1,2176,3.216499999325606,0.0013000008038943633,0.00030000046535860747,0.015300000086426735,0.005899999450775795,3.2457000006616
1446,d186_u4,neutral,train,186,4,always,3,1,1,0,0,0,1,1,0,ok,"{""sentences"": [""I hear you."", ""We can pause here for a moment.""], ""safety"": ""ok""}",1,2176,2.897300000768155,0.0012999998943996616,0.00019999970390927047,0.014799999917158857,0.0059000003602704965,2.925699999650533
1447,d187_u0,sad,train,187,0,always,3,1,1,0,0,0,1,1,0,ok,"{""sentences"": [""I hear you."", ""We can pause here for a moment.""], ""safety"": ""ok""}",1,2176,3.432500000599248,0.0012999998943996616,0.00019999970390927047,0.013899999430577736,0.0052999994295532815,3.4592000001794077
1448,d187_u2,happy,train,187,2,always,3,1,1,0,0,0,1,1,0,ok,"{""sentences"": [""I hear you."", ""We can pause here for a moment.""], ""safety"": ""ok""}",1,2176,2.7286000004096422,0.0012999998943996616,0.0002999995558639057,0.014199999895936344,0.005500000042957254,2.755799999249575
1449,d187_u4,neutral,train,187,4,always,3,1,1,0,0,0,1,1,0,ok,"{""sentences"": [""I hear you."", ""We can pause here for a moment.""], ""safety"": ""ok""}",1,2176,2.731800000219664,0.0012999998943996616,0.00020000061340397224,0.013800000488117803,0.005200000487093348,2.758399999947869
1450,d187_u6,neutral,train,187,6,always,3,1,1,0,0,0,1,1,0,ok,"{""sentences"": [""I hear you."", ""We can pause here for a moment.""], ""safety"": ""ok""}",1,2176,2.3562999995192513,0.0010999992809956893,0.00020000061340397224,0.01359999987471383,0.004999999873689376,2.3817999999664607
1451,d187_u7,neutral,train,187,7,always,3,1,1,0,0,0,1,1,0,ok,"{""sentences"": [""I hear you."", ""We can pause here for a moment.""], ""safety"": ""ok""}",1,2176,2.7807999995275168,0.0012999998943996616,0.00020000061340397224,0.013899999430577736,0.005200000487093348,2.807300000313262
1452,d187_u8,neutral,train,187,8,always,3,1,1,0,0,0,1,1,0,ok,"{""sentences"": [""I hear you."", ""We can pause here for a moment.""], ""safety"": ""ok""}",1,2176,2.6954999993904494,0.0012000000424450263,0.00020000061340397224,0.013900000340072438,0.005200000487093348,2.7220000001761946
1453,d187_u9,happy,train,187,9,always,3,1,1,0,0,0,1,1,0,ok,"{""sentences"": [""I hear you."", ""We can pause here for a moment.""], ""safety"": ""ok""}",1,2176,3.1783000003997586,0.0013999997463542968,0.00030000046535860747,0.014000000192027073,0.005199999577598646,3.204599999662605
1454,d188_u0,neutral,train,188,0,always,3,1,1,0,0,0,1,1,0,ok,"{""sentences"": [""I hear you."", ""We can pause here for a moment.""], ""safety"": ""ok""}",1,2176,2.619099999719765,0.001100000190490391,0.00020000061340397224,0.012500000593718141,0.004900000021734741,2.6427000002513523
1455,d188_u2,neutral,train,188,2,always,3,1,1,0,0,0,1,1,0,ok,"{""sentences"": [""I hear you."", ""We can pause here for a moment.""], ""safety"": ""ok""}",1,2176,2.920099999755621,0.0012999998943996616,0.00019999970390927047,0.014700000065204222,0.005500000042957254,2.948300000753079
1456,d188_u3,angry,train,188,3,always,3,1,1,0,0,0,1,1,0,ok,"{""sentences"": [""I hear you."", ""We can pause here for a moment.""], ""safety"": ""ok""}",1,2176,2.95780000033119,0.0013999997463542968,0.00020000061340397224,0.013900000340072438,0.005500000042957254,2.9845999997633044
1457,d188_u4,angry,train,188,4,always,3,1,1,0,0,0,1,1,0,ok,"{""sentences"": [""I hear you."", ""We can pause here for a moment.""], ""safety"": ""ok""}",1,2176,2.849600000445207,0.0013999997463542968,0.00019999970390927047,0.014299999747890979,0.005500000042957254,2.8771999996024533
1458,d188_u5,angry,train,188,5,always,3,1,1,0,0,0,1,1,0,ok,"{""sentences"": [""I hear you."", ""We can pause here for a moment.""], ""safety"": ""ok""}",1,2176,3.1002000005173613,0.0012000000424450263,0.00019999970390927047,0.01359999987471383,0.005200000487093348,3.1263000000762986
1459,d188_u6,neutral,train,188,6,always,3,1,1,0,0,0,1,1,0,ok,"{""sentences"": [""I hear you."", ""We can pause here for a moment.""], ""safety"": ""ok""}",1,2176,2.7660999994623126,0.0014000006558489986,0.00020000061340397224,0.014199999895936344,0.0052999994295532815,2.7933999999731896
1460,d189_u1,neutral,train,189,1,always,3,1,1,0,0,0,1,1,0,ok,"{""sentences"": [""I hear you."", ""We can pause here for a moment.""], ""safety"": ""ok""}",1,2176,2.5858999997581122,0.0012000000424450263,0.0002999995558639057,0.013199999557400588,0.005099999725644011,2.6114000002053217
1461,d189_u2,neutral,train,189,2,always,3,1,1,0,0,0,1,1,0,ok,"{""sentences"": [""I hear you."", ""We can pause here for a moment.""], ""safety"": ""ok""}",1,2176,2.701800000068033,0.0012999998943996616,0.00020000061340397224,0.014400000509340316,0.005200000487093348,2.7292000004308647
1462,d189_u3,neutral,train,189,3,always,3,1,1,0,0,0,1,1,0,ok,"{""sentences"": [""I hear you."", ""We can pause here for a moment.""], ""safety"": ""ok""}",1,2176,2.8163999995740596,0.0012999998943996616,0.00030000046535860747,0.013899999430577736,0.0054000001910026185,2.843100000063714
1463,d189_u4,neutral,train,189,4,always,3,1,1,0,0,0,1,1,0,ok,"{""sentences"": [""I hear you."", ""We can pause here for a moment.""], ""safety"": ""ok""}",1,2176,3.1439999993381207,0.001600000359758269,0.0002999995558639057,0.016400000276917126,0.005599999894911889,3.1745000005685142
1464,d189_u5,happy,train,189,5,always,3,1,1,0,0,0,1,1,0,ok,"{""sentences"": [""I hear you."", ""We can pause here for a moment.""], ""safety"": ""ok""}",1,2176,2.9456000002028304,0.0012000000424450263,0.00020000061340397224,0.014599999303754885,0.005199999577598646,2.9728999998042127
1465,d189_u6,angry,train,189,6,always,3,1,1,0,0,0,1,1,0,ok,"{""sentences"": [""I hear you."", ""We can pause here for a moment.""], ""safety"": ""ok""}",1,2176,2.89489999977377,0.0012999998943996616,0.00019999970390927047,0.014399999599845614,0.0054000001910026185,2.922499999840511
1466,d189_u7,neutral,train,189,7,always,3,1,1,0,0,0,1,1,0,ok,"{""sentences"": [""I hear you."", ""We can pause here for a moment.""], ""safety"": ""ok""}",1,2176,2.9875000000174623,0.0012999998943996616,0.0002999995558639057,0.014299999747890979,0.005099999725644011,3.013900000041758
1467,d189_u8,angry,train,189,8,always,3,1,1,0,0,0,1,1,0,ok,"{""sentences"": [""I hear you."", ""We can pause here for a moment.""], ""safety"": ""ok""}",1,2176,2.8560999999172054,0.0011999991329503246,0.0002999995558639057,0.014500000361294951,0.0054000001910026185,2.883500000280037
1468,d189_u9,neutral,train,189,9,always,3,1,1,0,0,0,1,1,0,ok,"{""sentences"": [""I hear you."", ""We can pause here for a moment.""], ""safety"": ""ok""}",1,2176,3.0665999993289006,0.0012000000424450263,0.0002999995558639057,0.014199999895936344,0.005300000339047983,3.093799999987823
1469,d189_u10,neutral,train,189,10,always,3,1,1,0,0,0,1,1,0,ok,"{""sentences"": [""I hear you."", ""We can pause here for a moment.""], ""safety"": ""ok""}",1,2176,2.9436000004352536,0.0012000000424450263,0.00020000061340397224,0.030899999728717376,0.0054000001910026185,2.9875000000174623
1470,d189_u13,angry,train,189,13,always,3,1,1,0,0,0,1,1,0,ok,"{""sentences"": [""I hear you."", ""We can pause here for a moment.""], ""safety"": ""ok""}",1,2176,2.8338000001895125,0.0012000000424450263,0.00019999970390927047,0.013699999726668466,0.0054000001910026185,2.8601999993043137
1471,d189_u14,happy,train,189,14,always,3,1,1,0,0,0,1,1,0,ok,"{""sentences"": [""I hear you."", ""We can pause here for a moment.""], ""safety"": ""ok""}",1,2176,2.740500000072643,0.0012000000424450263,0.0002999995558639057,0.013799999578623101,0.005199999577598646,2.766699999483535
1472,d189_u15,neutral,train,189,15,always,3,1,1,0,0,0,1,1,0,ok,"{""sentences"": [""I hear you."", ""We can pause here for a moment.""], ""safety"": ""ok""}",1,2176,2.7628999996522907,0.0014000006558489986,0.00030000046535860747,0.014199999895936344,0.005199999577598646,2.7902000001631677
1473,d190_u0,neutral,train,190,0,always,3,1,1,0,0,0,1,1,0,ok,"{""sentences"": [""I hear you."", ""We can pause here for a moment.""], ""safety"": ""ok""}",1,2176,3.013999999893713,0.0013000008038943633,0.00030000046535860747,0.01539999993838137,0.005500000042957254,3.042500000447035
1474,d190_u1,neutral,train,190,1,always,3,1,1,0,0,0,1,1,0,ok,"{""sentences"": [""I hear you."", ""We can pause here for a moment.""], ""safety"": ""ok""}",1,2176,3.148799999507901,0.0012000000424450263,0.00030000046535860747,0.014199999895936344,0.005500000042957254,3.1759000003148685
1475,d190_u2,happy,train,190,2,always,3,1,1,0,0,0,1,1,0,ok,"{""sentences"": [""I hear you."", ""We can pause here for a moment.""], ""safety"": ""ok""}",1,2176,2.9824000002918183,0.0012999998943996616,0.00030000046535860747,0.014399999599845614,0.005300000339047983,3.009600000041246
1476,d190_u3,neutral,train,190,3,always,3,1,1,0,0,0,1,1,0,ok,"{""sentences"": [""I hear you."", ""We can pause here for a moment.""], ""safety"": ""ok""}",1,2176,2.9306000005817623,0.0012999998943996616,0.00020000061340397224,0.013800000488117803,0.005200000487093348,2.956799999992654
1477,d190_u4,happy,train,190,4,always,3,1,1,0,0,0,1,1,0,ok,"{""sentences"": [""I hear you."", ""We can pause here for a moment.""], ""safety"": ""ok""}",1,2176,3.141000000141503,0.0012999998943996616,0.0002999995558639057,0.014700000065204222,0.005500000042957254,3.169099999468017
1478,d190_u5,neutral,train,190,5,always,3,1,1,0,0,0,1,1,0,ok,"{""sentences"": [""I hear you."", ""We can pause here for a moment.""], ""safety"": ""ok""}",1,2176,2.8081999998903484,0.0013999997463542968,0.0002999995558639057,0.01449999945180025,0.005300000339047983,2.8357999999570893
1479,d190_u6,happy,train,190,6,always,3,1,1,0,0,0,1,1,0,ok,"{""sentences"": [""I hear you."", ""We can pause here for a moment.""], ""safety"": ""ok""}",1,2176,2.3832999995647697,0.0012999998943996616,0.0002999995558639057,0.013800000488117803,0.005199999577598646,2.4096000006466056
1480,d190_u7,neutral,train,190,7,always,3,1,1,0,0,0,1,1,0,ok,"{""sentences"": [""I hear you."", ""We can pause here for a moment.""], ""safety"": ""ok""}",1,2176,2.8577000002769637,0.0012000000424450263,0.00030000046535860747,0.01430000065738568,0.0054000001910026185,2.8849000000263914
1481,d191_u0,angry,train,191,0,always,3,1,1,0,0,0,1,1,0,ok,"{""sentences"": [""I hear you."", ""We can pause here for a moment.""], ""safety"": ""ok""}",1,2176,3.0825999992885045,0.0012999998943996616,0.0002999995558639057,0.014600000213249587,0.0054000001910026185,3.1101000004127854
1482,d191_u1,neutral,train,191,1,always,3,1,1,0,0,0,1,1,0,ok,"{""sentences"": [""I hear you."", ""We can pause here for a moment.""], ""safety"": ""ok""}",1,2176,2.986100000271108,0.0011999991329503246,0.0002999995558639057,0.013899999430577736,0.0052999994295532815,3.012500000295404
1483,d191_u2,neutral,train,191,2,always,3,1,1,0,0,0,1,1,0,ok,"{""sentences"": [""I hear you."", ""We can pause here for a moment.""], ""safety"": ""ok""}",1,2176,2.1243999999569496,0.0012999998943996616,0.0002999995558639057,0.014299999747890979,0.0054000001910026185,2.151400000002468
1484,d191_u3,happy,train,191,3,always,3,1,1,0,0,0,1,1,0,ok,"{""sentences"": [""I hear you."", ""We can pause here for a moment.""], ""safety"": ""ok""}",1,2176,3.310099999907834,0.0013999997463542968,0.0002999995558639057,0.015099999473022763,0.005399999281507917,3.3384000007572467
1485,d191_u4,neutral,train,191,4,always,3,1,1,0,0,0,1,1,0,ok,"{""sentences"": [""I hear you."", ""We can pause here for a moment.""], ""safety"": ""ok""}",1,2176,2.5998999999501393,0.0012000000424450263,0.00019999970390927047,0.01359999987471383,0.005300000339047983,2.6259999995090766
1486,d191_u5,neutral,train,191,5,always,3,1,1,0,0,0,1,1,0,ok,"{""sentences"": [""I hear you."", ""We can pause here for a moment.""], ""safety"": ""ok""}",1,2176,3.1166000007942785,0.0012999998943996616,0.00030000046535860747,0.013500000022759195,0.005099999725644011,3.1427000003532157
1487,d191_u6,neutral,train,191,6,always,3,1,1,0,0,0,1,1,0,ok,"{""sentences"": [""I hear you."", ""We can pause here for a moment.""], ""safety"": ""ok""}",1,2176,3.2547999999223975,0.0012000000424450263,0.00030000046535860747,0.014000000192027073,0.0054000001910026185,3.281799999967916
1488,d192_u0,sad,train,192,0,always,3,1,1,0,0,0,1,1,0,ok,"{""sentences"": [""I hear you."", ""We can pause here for a moment.""], ""safety"": ""ok""}",1,2176,2.400699999270728,0.0012999998943996616,0.00019999970390927047,0.014400000509340316,0.0052999994295532815,2.428200000395009
1489,d192_u1,neutral,train,192,1,always,3,1,1,0,0,0,1,1,0,ok,"{""sentences"": [""I hear you."", ""We can pause here for a moment.""], ""safety"": ""ok""}",1,2176,3.057700000681507,0.0012999998943996616,0.00019999970390927047,0.014400000509340316,0.0054000001910026185,3.0850000002828892
1490,d192_u2,neutral,train,192,2,always,3,1,1,0,0,0,1,1,0,ok,"{""sentences"": [""I hear you."", ""We can pause here for a moment.""], ""safety"": ""ok""}",1,2176,2.7181999994354555,0.0012000000424450263,0.00020000061340397224,0.014500000361294951,0.005000000783184078,2.745100000538514
1491,d192_u3,happy,train,192,3,always,3,1,1,0,0,0,1,1,0,ok,"{""sentences"": [""I hear you."", ""We can pause here for a moment.""], ""safety"": ""ok""}",1,2176,2.9468000002452754,0.0012999998943996616,0.0002999995558639057,0.014199999895936344,0.005200000487093348,2.973999999994703
1492,d192_u4,happy,train,192,4,always,3,1,1,0,0,0,1,1,0,ok,"{""sentences"": [""I hear you."", ""We can pause here for a moment.""], ""safety"": ""ok""}",1,2176,2.9291999999259133,0.0012999998943996616,0.00019999970390927047,0.014999999621068127,0.005399999281507917,2.957300000161922
1493,d192_u6,happy,train,192,6,always,3,1,1,0,0,0,1,1,0,ok,"{""sentences"": [""I hear you."", ""We can pause here for a moment.""], ""safety"": ""ok""}",1,2176,2.5771000000531785,0.0012999998943996616,0.00020000061340397224,0.014399999599845614,0.005599999894911889,2.6047000001199194
1494,d193_u0,neutral,train,193,0,always,3,1,1,0,0,0,1,1,0,ok,"{""sentences"": [""I hear you."", ""We can pause here for a moment.""], ""safety"": ""ok""}",1,2176,2.987399999256013,0.0012999998943996616,0.00020000061340397224,0.013999999282532372,0.005099999725644011,3.0138000001898035
1495,d193_u1,happy,train,193,1,always,3,1,1,0,0,0,1,1,0,ok,"{""sentences"": [""I hear you."", ""We can pause here for a moment.""], ""safety"": ""ok""}",1,2176,2.846000000317872,0.0012999998943996616,0.00030000046535860747,0.014400000509340316,0.005500000042957254,2.8732999999192543
1496,d193_u2,happy,train,193,2,always,3,1,1,0,0,0,1,1,0,ok,"{""sentences"": [""I hear you."", ""We can pause here for a moment.""], ""safety"": ""ok""}",1,2176,2.8130000000601285,0.0012999998943996616,0.00019999970390927047,0.014000000192027073,0.004999999873689376,2.8393000002324698
1497,d193_u3,neutral,train,193,3,always,3,1,1,0,0,0,1,1,0,ok,"{""sentences"": [""I hear you."", ""We can pause here for a moment.""], ""safety"": ""ok""}",1,2176,3.012799999851268,0.0012000000424450263,0.00019999970390927047,0.013699999726668466,0.005199999577598646,3.0385000000023865
1498,d193_u4,neutral,train,193,4,always,3,1,1,0,0,0,1,1,0,ok,"{""sentences"": [""I hear you."", ""We can pause here for a moment.""], ""safety"": ""ok""}",1,2176,2.5892000003295834,0.0013000008038943633,0.00019999970390927047,0.013900000340072438,0.005500000042957254,2.6160999996136525
1499,d193_u6,neutral,train,193,6,always,3,1,1,0,0,0,1,1,0,ok,"{""sentences"": [""I hear you."", ""We can pause here for a moment.""], ""safety"": ""ok""}",1,2176,3.150399999867659,0.0013000008038943633,0.00020000061340397224,0.014799999917158857,0.0054000001910026185,3.178400000251713
1500,d193_u7,neutral,train,193,7,always,3,1,1,0,0,0,1,1,0,ok,"{""sentences"": [""I hear you."", ""We can pause here for a moment.""], ""safety"": ""ok""}",1,2176,2.6566000005914248,0.0012000000424450263,0.00030000046535860747,0.01430000065738568,0.0052999994295532815,2.6837999994313577
1501,d194_u0,neutral,train,194,0,always,3,1,1,0,0,0,1,1,0,ok,"{""sentences"": [""I hear you."", ""We can pause here for a moment.""], ""safety"": ""ok""}",1,2176,2.8996000000915956,0.0013999997463542968,0.00039999940781854093,0.015300000086426735,0.005600000804406591,2.928500000052736
1502,d194_u1,happy,train,194,1,always,3,1,1,0,0,0,1,1,0,ok,"{""sentences"": [""I hear you."", ""We can pause here for a moment.""], ""safety"": ""ok""}",1,2176,2.809799999340612,0.0012999998943996616,0.0002999995558639057,0.013699999726668466,0.005399999281507917,2.836100000422448
1503,d195_u0,neutral,train,195,0,always,3,1,1,0,0,0,1,1,0,ok,"{""sentences"": [""I hear you."", ""We can pause here for a moment.""], ""safety"": ""ok""}",1,2176,2.4481999998897663,0.00199999976757681,0.00030000046535860747,0.018200000340584666,0.00670000008540228,2.483100000063132
1504,d195_u1,neutral,train,195,1,always,3,1,1,0,0,0,1,1,0,ok,"{""sentences"": [""I hear you."", ""We can pause here for a moment.""], ""safety"": ""ok""}",1,2176,3.407600000173261,0.0012999998943996616,0.00020000061340397224,0.014800000826653559,0.0054000001910026185,3.435200000240002
1505,d195_u2,happy,train,195,2,always,3,1,1,0,0,0,1,1,0,ok,"{""sentences"": [""I hear you."", ""We can pause here for a moment.""], ""safety"": ""ok""}",1,2176,3.0157999999573804,0.0012999998943996616,0.0002999995558639057,0.0152000002344721,0.005599999894911889,3.0442999996012077
1506,d195_u4,happy,train,195,4,always,3,1,1,0,0,0,1,1,0,ok,"{""sentences"": [""I hear you."", ""We can pause here for a moment.""], ""safety"": ""ok""}",1,2176,3.1176000002233195,0.001600000359758269,0.0002999995558639057,0.01810000048863003,0.0073999999585794285,3.1526999991910998
1507,d195_u5,neutral,train,195,5,always,3,1,1,0,0,0,1,1,0,ok,"{""sentences"": [""I hear you."", ""We can pause here for a moment.""], ""safety"": ""ok""}",1,2176,4.522200000792509,0.0014000006558489986,0.0002999995558639057,0.015100000382517464,0.005599999894911889,4.551500000161468
1508,d195_u6,neutral,train,195,6,always,3,1,1,0,0,0,1,1,0,ok,"{""sentences"": [""I hear you."", ""We can pause here for a moment.""], ""safety"": ""ok""}",1,2176,3.3765000007406343,0.0014000006558489986,0.00030000046535860747,0.014599999303754885,0.005599999894911889,3.4045000002151937
1509,d195_u8,angry,train,195,8,always,3,1,1,0,0,0,1,1,0,ok,"{""sentences"": [""I hear you."", ""We can pause here for a moment.""], ""safety"": ""ok""}",1,2176,3.2307999999829917,0.0013999997463542968,0.00019999970390927047,0.015300000086426735,0.005500000042957254,3.2594999993307283
1510,d195_u9,neutral,train,195,9,always,3,1,1,0,0,0,1,1,0,ok,"{""sentences"": [""I hear you."", ""We can pause here for a moment.""], ""safety"": ""ok""}",1,2176,2.5943000000552274,0.0012000000424450263,0.00019999970390927047,0.013799999578623101,0.005500000042957254,2.6209000006929273
1511,d195_u10,neutral,train,195,10,always,3,1,1,0,0,0,1,1,0,ok,"{""sentences"": [""I hear you."", ""We can pause here for a moment.""], ""safety"": ""ok""}",1,2176,3.4057000002576387,0.0013999997463542968,0.0002999995558639057,0.017500000467407517,0.005699999746866524,3.4372000000075786
1512,d195_u12,neutral,train,195,12,always,3,1,1,0,0,0,1,1,0,ok,"{""sentences"": [""I hear you."", ""We can pause here for a moment.""], ""safety"": ""ok""}",1,2176,3.601100000196311,0.0015000005078036338,0.00030000046535860747,0.01249999968422344,0.004800000169780105,3.6251999999876716
1513,d195_u13,neutral,train,195,13,always,3,1,1,0,0,0,1,1,0,ok,"{""sentences"": [""I hear you."", ""We can pause here for a moment.""], ""safety"": ""ok""}",1,2176,4.0660000004209,0.0012000000424450263,0.00020000061340397224,0.014000000192027073,0.005200000487093348,4.0921999998317915
1514,d195_u14,angry,train,195,14,always,3,1,1,0,0,0,1,1,0,ok,"{""sentences"": [""I hear you."", ""We can pause here for a moment.""], ""safety"": ""ok""}",1,2176,3.1415000003107707,0.001100000190490391,0.00019999970390927047,0.01359999987471383,0.005099999725644011,3.1674000001657987
1515,d195_u15,neutral,train,195,15,always,3,1,1,0,0,0,1,1,0,ok,"{""sentences"": [""I hear you."", ""We can pause here for a moment.""], ""safety"": ""ok""}",1,2176,2.9095999998389743,0.0012999998943996616,0.00019999970390927047,0.014600000213249587,0.005300000339047983,2.9373999996096245
1516,d195_u16,neutral,train,195,16,always,3,1,1,0,0,0,1,1,0,ok,"{""sentences"": [""I hear you."", ""We can pause here for a moment.""], ""safety"": ""ok""}",1,2176,3.3610000000408036,0.001100000190490391,0.00020000061340397224,0.013300000318849925,0.004999999873689376,3.3863000007841038
1517,d195_u17,neutral,train,195,17,always,3,1,1,0,0,0,1,1,0,ok,"{""sentences"": [""I hear you."", ""We can pause here for a moment.""], ""safety"": ""ok""}",1,2176,3.404499999305699,0.0012000000424450263,0.00030000046535860747,0.013700000636163168,0.0052999994295532815,3.430599999774131
1518,d195_u19,happy,train,195,19,always,3,1,1,0,0,0,1,1,0,ok,"{""sentences"": [""I hear you."", ""We can pause here for a moment.""], ""safety"": ""ok""}",1,2176,2.7270999999018386,0.0012999998943996616,0.00019999970390927047,0.01340000017080456,0.004900000021734741,2.7524999995875987
1519,d196_u0,neutral,train,196,0,always,3,1,1,0,0,0,1,1,0,ok,"{""sentences"": [""I hear you."", ""We can pause here for a moment.""], ""safety"": ""ok""}",1,2176,2.950300000520656,0.0013999997463542968,0.0002999995558639057,0.015999999959603883,0.005699999746866524,2.98079999993206
1520,d196_u1,neutral,train,196,1,always,3,1,1,0,0,0,1,1,0,ok,"{""sentences"": [""I hear you."", ""We can pause here for a moment.""], ""safety"": ""ok""}",1,2176,2.5544000000081724,0.0012000000424450263,0.0002999995558639057,0.014399999599845614,0.0052999994295532815,2.5817000005190494
1521,d197_u0,happy,train,197,0,always,3,1,1,0,0,0,1,1,0,ok,"{""sentences"": [""I hear you."", ""We can pause here for a moment.""], ""safety"": ""ok""}",1,2176,2.8336000004856032,0.0012000000424450263,0.00030000046535860747,0.014100000043981709,0.005300000339047983,2.8598999997484498
1522,d197_u2,happy,train,197,2,always,3,1,1,0,0,0,1,1,0,ok,"{""sentences"": [""I hear you."", ""We can pause here for a moment.""], ""safety"": ""ok""}",1,2176,3.0348999998750514,0.0012000000424450263,0.00020000061340397224,0.014100000043981709,0.005399999281507917,3.061699999307166
1523,d197_u4,happy,train,197,4,always,3,1,1,0,0,0,1,1,0,ok,"{""sentences"": [""I hear you."", ""We can pause here for a moment.""], ""safety"": ""ok""}",1,2176,2.8889999994134996,0.0016999993022182025,0.00030000046535860747,0.0152000002344721,0.005500000042957254,2.9189000006226706
1524,d197_u5,neutral,train,197,5,always,3,1,1,0,0,0,1,1,0,ok,"{""sentences"": [""I hear you."", ""We can pause here for a moment.""], ""safety"": ""ok""}",1,2176,2.741000000241911,0.0011999991329503246,0.0002999995558639057,0.014000000192027073,0.005300000339047983,2.7675000001181616
1525,d197_u6,neutral,train,197,6,always,3,1,1,0,0,0,1,1,0,ok,"{""sentences"": [""I hear you."", ""We can pause here for a moment.""], ""safety"": ""ok""}",1,2176,2.528099999835831,0.0012000000424450263,0.00019999970390927047,0.01359999987471383,0.005200000487093348,2.5543000001562177
1526,d197_u7,neutral,train,197,7,always,3,1,1,0,0,0,1,1,0,ok,"{""sentences"": [""I hear you."", ""We can pause here for a moment.""], ""safety"": ""ok""}",1,2176,3.083699999478995,0.0012999998943996616,0.00019999970390927047,0.013700000636163168,0.005199999577598646,3.109799999947427
1527,d198_u0,neutral,train,198,0,always,3,1,1,0,0,0,1,1,0,ok,"{""sentences"": [""I hear you."", ""We can pause here for a moment.""], ""safety"": ""ok""}",1,2176,2.4215000003096065,0.0012000000424450263,0.00020000061340397224,0.013299999409355223,0.005200000487093348,2.4468999999953667
1528,d198_u1,neutral,train,198,1,always,3,1,1,0,0,0,1,1,0,ok,"{""sentences"": [""I hear you."", ""We can pause here for a moment.""], ""safety"": ""ok""}",1,2176,3.2129000001077657,0.0012000000424450263,0.0002999995558639057,0.014899999769113492,0.005700000656361226,3.240699999878416
1529,d198_u2,happy,train,198,2,always,3,1,1,0,0,0,1,1,0,ok,"{""sentences"": [""I hear you."", ""We can pause here for a moment.""], ""safety"": ""ok""}",1,2176,3.1817999997656443,0.0012000000424450263,0.00030000046535860747,0.014399999599845614,0.005500000042957254,3.2090999993670266
1530,d198_u3,neutral,train,198,3,always,3,1,1,0,0,0,1,1,0,ok,"{""sentences"": [""I hear you."", ""We can pause here for a moment.""], ""safety"": ""ok""}",1,2176,3.171999999722175,0.0012000000424450263,0.00030000046535860747,0.014199999895936344,0.005500000042957254,3.199200000381097
1531,d198_u5,neutral,train,198,5,always,3,1,1,0,0,0,1,1,0,ok,"{""sentences"": [""I hear you."", ""We can pause here for a moment.""], ""safety"": ""ok""}",1,2176,3.08720000066387,0.0013999997463542968,0.0002999995558639057,0.014600000213249587,0.005500000042957254,3.114799999821116
1532,d198_u6,happy,train,198,6,always,3,1,1,0,0,0,1,1,0,ok,"{""sentences"": [""I hear you."", ""We can pause here for a moment.""], ""safety"": ""ok""}",1,2176,2.4474000001646345,0.0012999998943996616,0.00020000061340397224,0.01430000065738568,0.005599999894911889,2.474699999766017
1533,d199_u0,sad,train,199,0,always,3,1,1,0,0,0,1,1,0,ok,"{""sentences"": [""I hear you."", ""We can pause here for a moment.""], ""safety"": ""ok""}",1,2176,2.9604000001199893,0.0012999998943996616,0.00030000046535860747,0.013500000022759195,0.018000000636675395,2.9991000001245993
1534,d199_u1,happy,train,199,1,always,3,1,1,0,0,0,1,1,0,ok,"{""sentences"": [""I hear you."", ""We can pause here for a moment.""], ""safety"": ""ok""}",1,2176,2.455499999996391,0.001100000190490391,0.00030000046535860747,0.013700000636163168,0.004999999873689376,2.4814999997033738
1535,d199_u2,happy,train,199,2,always,3,1,1,0,0,0,1,1,0,ok,"{""sentences"": [""I hear you."", ""We can pause here for a moment.""], ""safety"": ""ok""}",1,2176,3.0554000004485715,0.0012000000424450263,0.0002999995558639057,0.014199999895936344,0.0054000001910026185,3.0820000001767767
1536,d199_u3,happy,train,199,3,always,3,1,1,0,0,0,1,1,0,ok,"{""sentences"": [""I hear you."", ""We can pause here for a moment.""], ""safety"": ""ok""}",1,2176,3.5747000001720153,0.0012999998943996616,0.0002999995558639057,0.014000000192027073,0.005100000635138713,3.6012999999002204
1537,d199_u4,neutral,train,199,4,always,3,1,1,0,0,0,1,1,0,ok,"{""sentences"": [""I hear you."", ""We can pause here for a moment.""], ""safety"": ""ok""}",1,2176,2.2908999999344815,0.0012999998943996616,0.0002999995558639057,0.028499999643827323,0.005099999725644011,2.3314999998547137
1538,d199_u5,neutral,train,199,5,always,3,1,1,0,0,0,1,1,0,ok,"{""sentences"": [""I hear you."", ""We can pause here for a moment.""], ""safety"": ""ok""}",1,2176,2.9588999996121856,0.0015999994502635673,0.00030000046535860747,0.0152000002344721,0.005500000042957254,2.9875000000174623
1539,d199_u8,neutral,train,199,8,always,3,1,1,0,0,0,1,1,0,ok,"{""sentences"": [""I hear you."", ""We can pause here for a moment.""], ""safety"": ""ok""}",1,2176,3.0046000001675566,0.0012999998943996616,0.00019999970390927047,0.0152000002344721,0.005200000487093348,3.03280000025552
1540,d199_u10,neutral,train,199,10,always,3,1,1,0,0,0,1,1,0,ok,"{""sentences"": [""I hear you."", ""We can pause here for a moment.""], ""safety"": ""ok""}",1,2176,2.809200000228884,0.0012000000424450263,0.00019999970390927047,0.013999999282532372,0.0052999994295532815,2.8359000007185386
1541,d199_u11,neutral,train,199,11,always,3,1,1,0,0,0,1,1,0,ok,"{""sentences"": [""I hear you."", ""We can pause here for a moment.""], ""safety"": ""ok""}",1,2176,2.811199999996461,0.0012999998943996616,0.00030000046535860747,0.013700000636163168,0.005099999725644011,2.8372999995553982
1542,d200_u0,neutral,train,200,0,always,3,1,1,0,0,0,1,1,0,ok,"{""sentences"": [""I hear you."", ""We can pause here for a moment.""], ""safety"": ""ok""}",1,2176,2.6584999995975522,0.0012000000424450263,0.00030000046535860747,0.01359999987471383,0.005200000487093348,2.684400000362075
1543,d200_u1,angry,train,200,1,always,3,1,1,0,0,0,1,1,0,ok,"{""sentences"": [""I hear you."", ""We can pause here for a moment.""], ""safety"": ""ok""}",1,2176,2.854499999557447,0.0012999998943996616,0.00019999970390927047,0.014399999599845614,0.005300000339047983,2.881800000068324
1544,d200_u4,angry,train,200,4,always,3,1,1,0,0,0,1,1,0,ok,"{""sentences"": [""I hear you."", ""We can pause here for a moment.""], ""safety"": ""ok""}",1,2176,3.395299999283452,0.0012999998943996616,0.00030000046535860747,0.014199999895936344,0.004999999873689376,3.421899999921152
1545,d200_u5,angry,train,200,5,always,3,1,1,0,0,0,1,1,0,ok,"{""sentences"": [""I hear you."", ""We can pause here for a moment.""], ""safety"": ""ok""}",1,2176,3.1031000007715193,0.0012000000424450263,0.00019999970390927047,0.014100000043981709,0.0052999994295532815,3.1299000002036337
1546,d200_u6,angry,train,200,6,always,3,1,1,0,0,0,1,1,0,ok,"{""sentences"": [""I hear you."", ""We can pause here for a moment.""], ""safety"": ""ok""}",1,2176,2.4691999997230596,0.0013999997463542968,0.00019999970390927047,0.014100000043981709,0.005099999725644011,2.4957999994512647
1547,d200_u7,happy,train,200,7,always,3,1,1,0,0,0,1,1,0,ok,"{""sentences"": [""I hear you."", ""We can pause here for a moment.""], ""safety"": ""ok""}",1,2176,2.958000000035099,0.0015999994502635673,0.0002999995558639057,0.015700000403739978,0.005800000508315861,2.9875000000174623
1548,d200_u8,happy,train,200,8,always,3,1,1,0,0,0,1,1,0,ok,"{""sentences"": [""I hear you."", ""We can pause here for a moment.""], ""safety"": ""ok""}",1,2176,2.6508999999350635,0.0011999991329503246,0.0002999995558639057,0.014500000361294951,0.005199999577598646,2.6780000007420313
1549,d200_u9,happy,train,200,9,always,3,1,1,0,0,0,1,1,0,ok,"{""sentences"": [""I hear you."", ""We can pause here for a moment.""], ""safety"": ""ok""}",1,2176,2.921799999967334,0.0015000005078036338,0.0002999995558639057,0.01269999938813271,0.004599999556376133,2.945700000054785
1550,d201_u0,neutral,train,201,0,always,3,1,1,0,0,0,1,1,0,ok,"{""sentences"": [""I hear you."", ""We can pause here for a moment.""], ""safety"": ""ok""}",1,2176,3.385600000001432,0.0012999998943996616,0.00030000046535860747,0.01449999945180025,0.005199999577598646,3.413199999158678
1551,d201_u1,neutral,train,201,1,always,3,1,1,0,0,0,1,1,0,ok,"{""sentences"": [""I hear you."", ""We can pause here for a moment.""], ""safety"": ""ok""}",1,2176,3.2091000002765213,0.0013000008038943633,0.00019999970390927047,0.014799999917158857,0.0054000001910026185,3.2369000000471715
1552,d201_u2,happy,train,201,2,always,3,1,1,0,0,0,1,1,0,ok,"{""sentences"": [""I hear you."", ""We can pause here for a moment.""], ""safety"": ""ok""}",1,2176,2.520199999707984,0.0012999998943996616,0.00019999970390927047,0.014199999895936344,0.0054000001910026185,2.5476000000708154
1553,d201_u4,sad,train,201,4,always,3,1,1,0,0,0,1,1,0,ok,"{""sentences"": [""I hear you."", ""We can pause here for a moment.""], ""safety"": ""ok""}",1,2176,2.8543000007630326,0.0012000000424450263,0.00020000061340397224,0.013700000636163168,0.005199999577598646,2.880300000470015
1554,d201_u8,happy,train,201,8,always,3,1,1,0,0,0,1,1,0,ok,"{""sentences"": [""I hear you."", ""We can pause here for a moment.""], ""safety"": ""ok""}",1,2176,2.9257000005600275,0.0013999997463542968,0.0002999995558639057,0.01359999987471383,0.005300000339047983,2.951800000118965
1555,d201_u9,happy,train,201,9,always,3,1,1,0,0,0,1,1,0,ok,"{""sentences"": [""I hear you."", ""We can pause here for a moment.""], ""safety"": ""ok""}",1,2176,3.3308999991277233,0.0012999998943996616,0.00019999970390927047,0.014799999917158857,0.005399999281507917,3.3588000005693175
1556,d202_u0,happy,train,202,0,always,3,1,1,0,0,0,1,1,0,ok,"{""sentences"": [""I hear you."", ""We can pause here for a moment.""], ""safety"": ""ok""}",1,2176,2.49560000065685,0.0013999997463542968,0.00030000046535860747,0.014200000805431046,0.005500000042957254,2.5230999999621417
1557,d202_u1,neutral,train,202,1,always,3,1,1,0,0,0,1,1,0,ok,"{""sentences"": [""I hear you."", ""We can pause here for a moment.""], ""safety"": ""ok""}",1,2176,2.4496999994880753,0.0013999997463542968,0.0002999995558639057,0.017499999557912815,0.006799999937356915,2.481100000295555
1558,d202_u2,neutral,train,202,2,always,3,1,1,0,0,0,1,1,0,ok,"{""sentences"": [""I hear you."", ""We can pause here for a moment.""], ""safety"": ""ok""}",1,2176,2.855299999282579,0.0012000000424450263,0.0002999995558639057,0.013099999705445953,0.004900000021734741,2.8805000001739245
1559,d202_u3,neutral,train,202,3,always,3,1,1,0,0,0,1,1,0,ok,"{""sentences"": [""I hear you."", ""We can pause here for a moment.""], ""safety"": ""ok""}",1,2176,3.283499999270134,0.0012999998943996616,0.00030000046535860747,0.013900000340072438,0.005200000487093348,3.30980000035197
1560,d202_u4,neutral,train,202,4,always,3,1,1,0,0,0,1,1,0,ok,"{""sentences"": [""I hear you."", ""We can pause here for a moment.""], ""safety"": ""ok""}",1,2176,3.090400000473892,0.0012999998943996616,0.00019999970390927047,0.013800000488117803,0.005199999577598646,3.117000000202097
1561,d202_u6,neutral,train,202,6,always,3,1,1,0,0,0,1,1,0,ok,"{""sentences"": [""I hear you."", ""We can pause here for a moment.""], ""safety"": ""ok""}",1,2176,2.5349999996251427,0.0012999998943996616,0.0002999995558639057,0.014199999895936344,0.005399999281507917,2.5623999999879743
1562,d202_u8,happy,train,202,8,always,3,1,1,0,0,0,1,1,0,ok,"{""sentences"": [""I hear you."", ""We can pause here for a moment.""], ""safety"": ""ok""}",1,2176,2.5002000002132263,0.0012999998943996616,0.00030000046535860747,0.013800000488117803,0.005199999577598646,2.5263000006816583
1563,d202_u12,neutral,train,202,12,always,3,1,1,0,0,0,1,1,0,ok,"{""sentences"": [""I hear you."", ""We can pause here for a moment.""], ""safety"": ""ok""}",1,2176,2.347100000406499,0.0013000008038943633,0.00019999970390927047,0.014600000213249587,0.0054000001910026185,2.3744000000078813
1564,d202_u13,neutral,train,202,13,always,3,1,1,0,0,0,1,1,0,ok,"{""sentences"": [""I hear you."", ""We can pause here for a moment.""], ""safety"": ""ok""}",1,2176,3.025300000444986,0.0012000000424450263,0.0002999995558639057,0.014399999599845614,0.005199999577598646,3.052199999729055
1565,d202_u14,neutral,train,202,14,always,3,1,1,0,0,0,1,1,0,ok,"{""sentences"": [""I hear you."", ""We can pause here for a moment.""], ""safety"": ""ok""}",1,2176,3.033500000128697,0.0012999998943996616,0.00030000046535860747,0.014199999895936344,0.005300000339047983,3.0602999995608116
1566,d202_u15,neutral,train,202,15,always,3,1,1,0,0,0,1,1,0,ok,"{""sentences"": [""I hear you."", ""We can pause here for a moment.""], ""safety"": ""ok""}",1,2176,3.038899999410205,0.0012999998943996616,0.00030000046535860747,0.014700000065204222,0.005099999725644011,3.0661000000691274
1567,d202_u16,angry,train,202,16,always,3,1,1,0,0,0,1,1,0,ok,"{""sentences"": [""I hear you."", ""We can pause here for a moment.""], ""safety"": ""ok""}",1,2176,2.7094000006400165,0.0014000006558489986,0.0002999995558639057,0.015300000086426735,0.005599999894911889,2.738600000157021
1568,d203_u0,happy,train,203,0,always,3,1,1,0,0,0,1,1,0,ok,"{""sentences"": [""I hear you."", ""We can pause here for a moment.""], ""safety"": ""ok""}",1,2176,3.0002000003150897,0.0013000008038943633,0.00019999970390927047,0.013299999409355223,0.0052999994295532815,3.026000000318163
1569,d203_u2,happy,train,203,2,always,3,1,1,0,0,0,1,1,0,ok,"{""sentences"": [""I hear you."", ""We can pause here for a moment.""], ""safety"": ""ok""}",1,2176,3.2787999998618034,0.0012000000424450263,0.0002999995558639057,0.013799999578623101,0.004999999873689376,3.3048000004782807
1570,d203_u3,happy,train,203,3,always,3,1,1,0,0,0,1,1,0,ok,"{""sentences"": [""I hear you."", ""We can pause here for a moment.""], ""safety"": ""ok""}",1,2176,3.096200000072713,0.001100000190490391,0.00030000046535860747,0.012999999853491317,0.004900000021734741,3.120399999716028
1571,d203_u4,happy,train,203,4,always,3,1,1,0,0,0,1,1,0,ok,"{""sentences"": [""I hear you."", ""We can pause here for a moment.""], ""safety"": ""ok""}",1,2176,2.891799999815703,0.0012999998943996616,0.00019999970390927047,0.014199999895936344,0.005599999894911889,2.919300000030489
1572,d203_u5,neutral,train,203,5,always,3,1,1,0,0,0,1,1,0,ok,"{""sentences"": [""I hear you."", ""We can pause here for a moment.""], ""safety"": ""ok""}",1,2176,2.8904999999213032,0.0013000008038943633,0.00030000046535860747,0.014400000509340316,0.005199999577598646,2.9177000005802256
1573,d204_u0,happy,train,204,0,always,3,1,1,0,0,0,1,1,0,ok,"{""sentences"": [""I hear you."", ""We can pause here for a moment.""], ""safety"": ""ok""}",1,2176,2.3961999995663064,0.0012000000424450263,0.00030000046535860747,0.014000000192027073,0.005199999577598646,2.423100000669365
1574,d204_u1,neutral,train,204,1,always,3,1,1,0,0,0,1,1,0,ok,"{""sentences"": [""I hear you."", ""We can pause here for a moment.""], ""safety"": ""ok""}",1,2176,3.113800000392075,0.0012000000424450263,0.00020000061340397224,0.013699999726668466,0.004999999873689376,3.139599999485654
1575,d204_u2,neutral,train,204,2,always,3,1,1,0,0,0,1,1,0,ok,"{""sentences"": [""I hear you."", ""We can pause here for a moment.""], ""safety"": ""ok""}",1,2176,3.101799999967625,0.0013999997463542968,0.00030000046535860747,0.014199999895936344,0.005800000508315861,3.1582999999955064
1576,d204_u3,neutral,train,204,3,always,3,1,1,0,0,0,1,1,0,ok,"{""sentences"": [""I hear you."", ""We can pause here for a moment.""], ""safety"": ""ok""}",1,2176,3.1006999997771345,0.0012999998943996616,0.00030000046535860747,0.014700000065204222,0.005599999894911889,3.128699999251694
1577,d204_u4,neutral,train,204,4,always,3,1,1,0,0,0,1,1,0,ok,"{""sentences"": [""I hear you."", ""We can pause here for a moment.""], ""safety"": ""ok""}",1,2176,3.108500000053027,0.0013999997463542968,0.00019999970390927047,0.018600000657897908,0.005500000042957254,3.1403000002683257
1578,d204_u6,neutral,train,204,6,always,3,1,1,0,0,0,1,1,0,ok,"{""sentences"": [""I hear you."", ""We can pause here for a moment.""], ""safety"": ""ok""}",1,2176,2.645499999744061,0.0012999998943996616,0.00030000046535860747,0.014399999599845614,0.005399999281507917,2.672899999197398
1579,d204_u7,neutral,train,204,7,always,3,1,1,0,0,0,1,1,0,ok,"{""sentences"": [""I hear you."", ""We can pause here for a moment.""], ""safety"": ""ok""}",1,2176,2.5659000002633547,0.0012999998943996616,0.00020000061340397224,0.014100000043981709,0.005199999577598646,2.592799999547424
1580,d204_u9,neutral,train,204,9,always,3,1,1,0,0,0,1,1,0,ok,"{""sentences"": [""I hear you."", ""We can pause here for a moment.""], ""safety"": ""ok""}",1,2176,3.0862000003253343,0.0012000000424450263,0.0002999995558639057,0.013800000488117803,0.004999999873689376,3.112499999588181
1581,d204_u10,neutral,train,204,10,always,3,1,1,0,0,0,1,1,0,ok,"{""sentences"": [""I hear you."", ""We can pause here for a moment.""], ""safety"": ""ok""}",1,2176,2.7466999999887776,0.0013000008038943633,0.0002999995558639057,0.014000000192027073,0.005199999577598646,2.7733000006264774
1582,d204_u11,neutral,train,204,11,always,3,1,1,0,0,0,1,1,0,ok,"{""sentences"": [""I hear you."", ""We can pause here for a moment.""], ""safety"": ""ok""}",1,2176,2.8041999994457,0.0012000000424450263,0.00019999970390927047,0.013500000022759195,0.004900000021734741,2.8295000001890003
1583,d204_u12,neutral,train,204,12,always,3,1,1,0,0,0,1,1,0,ok,"{""sentences"": [""I hear you."", ""We can pause here for a moment.""], ""safety"": ""ok""}",1,2176,2.5797999996939325,0.001100000190490391,0.0002999995558639057,0.013399999261309858,0.004900000021734741,2.605000000585278
1584,d204_u13,sad,train,204,13,always,3,1,1,0,0,0,1,1,0,ok,"{""sentences"": [""I hear you."", ""We can pause here for a moment.""], ""safety"": ""ok""}",1,2176,2.7512999995451537,0.0012999998943996616,0.0002999995558639057,0.014600000213249587,0.005500000042957254,2.779299999929208
1585,d205_u0,neutral,train,205,0,always,3,1,1,0,0,0,1,1,0,ok,"{""sentences"": [""I hear you."", ""We can pause here for a moment.""], ""safety"": ""ok""}",1,2176,3.2291000006807735,0.0012999998943996616,0.00030000046535860747,0.014399999599845614,0.0054000001910026185,3.2566999998380197
1586,d205_u1,neutral,train,205,1,always,3,1,1,0,0,0,1,1,0,ok,"{""sentences"": [""I hear you."", ""We can pause here for a moment.""], ""safety"": ""ok""}",1,2176,3.199200000381097,0.0013999997463542968,0.00030000046535860747,0.013699999726668466,0.005199999577598646,3.242599999794038
1587,d205_u2,neutral,train,205,2,always,3,1,1,0,0,0,1,1,0,ok,"{""sentences"": [""I hear you."", ""We can pause here for a moment.""], ""safety"": ""ok""}",1,2176,2.9380000005403417,0.0011999991329503246,0.0002999995558639057,0.014199999895936344,0.005300000339047983,2.9649999996763654
1588,d205_u4,happy,train,205,4,always,3,1,1,0,0,0,1,1,0,ok,"{""sentences"": [""I hear you."", ""We can pause here for a moment.""], ""safety"": ""ok""}",1,2176,2.5993999997808714,0.0012999998943996616,0.00030000046535860747,0.014100000043981709,0.005099999725644011,2.6259999995090766
1589,d205_u5,neutral,train,205,5,always,3,1,1,0,0,0,1,1,0,ok,"{""sentences"": [""I hear you."", ""We can pause here for a moment.""], ""safety"": ""ok""}",1,2176,2.430600000479899,0.0012000000424450263,0.00019999970390927047,0.014399999599845614,0.005200000487093348,2.457499999763968
1590,d205_u6,happy,train,205,6,always,3,1,1,0,0,0,1,1,0,ok,"{""sentences"": [""I hear you."", ""We can pause here for a moment.""], ""safety"": ""ok""}",1,2176,3.1017000001156703,0.0012999998943996616,0.00030000046535860747,0.014800000826653559,0.005199999577598646,3.1296000006477698
1591,d206_u0,neutral,train,206,0,always,3,1,1,0,0,0,1,1,0,ok,"{""sentences"": [""I hear you."", ""We can pause here for a moment.""], ""safety"": ""ok""}",1,2176,2.866399999220448,0.0012999998943996616,0.00030000046535860747,0.014400000509340316,0.005300000339047983,2.893900000344729
1592,d206_u1,angry,train,206,1,always,3,1,1,0,0,0,1,1,0,ok,"{""sentences"": [""I hear you."", ""We can pause here for a moment.""], ""safety"": ""ok""}",1,2176,3.3080000002883025,0.0012999998943996616,0.00030000046535860747,0.014100000043981709,0.0052999994295532815,3.3349999994243262
1593,d206_u2,neutral,train,206,2,always,3,1,1,0,0,0,1,1,0,ok,"{""sentences"": [""I hear you."", ""We can pause here for a moment.""], ""safety"": ""ok""}",1,2176,2.914200000304845,0.0012999998943996616,0.00019999970390927047,0.014199999895936344,0.005099999725644011,2.9414999999062275
1594,d206_u4,angry,train,206,4,always,3,1,1,0,0,0,1,1,0,ok,"{""sentences"": [""I hear you."", ""We can pause here for a moment.""], ""safety"": ""ok""}",1,2176,2.8355999993436853,0.0012999998943996616,0.0002999995558639057,0.015100000382517464,0.005599999894911889,2.8640000000450527
1595,d206_u5,neutral,train,206,5,always,3,1,1,0,0,0,1,1,0,ok,"{""sentences"": [""I hear you."", ""We can pause here for a moment.""], ""safety"": ""ok""}",1,2176,2.887399999963236,0.0013999997463542968,0.00030000046535860747,0.014199999895936344,0.005300000339047983,2.9145999997126637
1596,d206_u6,neutral,train,206,6,always,3,1,1,0,0,0,1,1,0,ok,"{""sentences"": [""I hear you."", ""We can pause here for a moment.""], ""safety"": ""ok""}",1,2176,3.2166000000870554,0.0012000000424450263,0.0002999995558639057,0.014400000509340316,0.0052999994295532815,3.2436999999845284
1597,d206_u7,angry,train,206,7,always,3,1,1,0,0,0,1,1,0,ok,"{""sentences"": [""I hear you."", ""We can pause here for a moment.""], ""safety"": ""ok""}",1,2176,2.769300000181829,0.0012999998943996616,0.00030000046535860747,0.01320000046689529,0.005200000487093348,2.7951000001849025
1598,d206_u8,neutral,train,206,8,always,3,1,1,0,0,0,1,1,0,ok,"{""sentences"": [""I hear you."", ""We can pause here for a moment.""], ""safety"": ""ok""}",1,2176,2.5685999999041087,0.0012000000424450263,0.00019999970390927047,0.013500000022759195,0.004999999873689376,2.5944999997591367
1599,d206_u9,angry,train,206,9,always,3,1,1,0,0,0,1,1,0,ok,"{""sentences"": [""I hear you."", ""We can pause here for a moment.""], ""safety"": ""ok""}",1,2176,2.911399999902642,0.0012000000424450263,0.0002999995558639057,0.014100000043981709,0.005200000487093348,2.9381000003922964
1600,d206_u11,angry,train,206,11,always,3,1,1,0,0,0,1,1,0,ok,"{""sentences"": [""I hear you."", ""We can pause here for a moment.""], ""safety"": ""ok""}",1,2176,3.1331000000136555,0.0012999998943996616,0.00020000061340397224,0.01359999987471383,0.0052999994295532815,3.159300000334042
1601,d206_u12,angry,train,206,12,always,3,1,1,0,0,0,1,1,0,ok,"{""sentences"": [""I hear you."", ""We can pause here for a moment.""], ""safety"": ""ok""}",1,2176,2.3210999997900217,0.0014000006558489986,0.00020000061340397224,0.014500000361294951,0.005500000042957254,2.348899999560672
1602,d206_u13,angry,train,206,13,always,3,1,1,0,0,0,1,1,0,ok,"{""sentences"": [""I hear you."", ""We can pause here for a moment.""], ""safety"": ""ok""}",1,2176,2.708199999688077,0.0012000000424450263,0.00030000046535860747,0.012299999980314169,0.004800000169780105,2.7317999993101694
1603,d206_u14,angry,train,206,14,always,3,1,1,0,0,0,1,1,0,ok,"{""sentences"": [""I hear you."", ""We can pause here for a moment.""], ""safety"": ""ok""}",1,2176,3.0730999997103936,0.0015000005078036338,0.0002999995558639057,0.017800000023271423,0.007200000254670158,3.1069999995452235
1604,d206_u15,angry,train,206,15,always,3,1,1,0,0,0,1,1,0,ok,"{""sentences"": [""I hear you."", ""We can pause here for a moment.""], ""safety"": ""ok""}",1,2176,3.7923999998383806,0.0015000005078036338,0.00020000061340397224,0.014899999769113492,0.0054000001910026185,3.8207999996302533
1605,d206_u16,angry,train,206,16,always,3,1,1,0,0,0,1,1,0,ok,"{""sentences"": [""I hear you."", ""We can pause here for a moment.""], ""safety"": ""ok""}",1,2176,2.469399999426969,0.0012000000424450263,0.00030000046535860747,0.014999999621068127,0.005500000042957254,2.4975000005724723
1606,d206_u17,neutral,train,206,17,always,3,1,1,0,0,0,1,1,0,ok,"{""sentences"": [""I hear you."", ""We can pause here for a moment.""], ""safety"": ""ok""}",1,2176,2.6969000000462984,0.0014000006558489986,0.00030000046535860747,0.014599999303754885,0.005500000042957254,2.725000000282307
1607,d206_u18,angry,train,206,18,always,3,1,1,0,0,0,1,1,0,ok,"{""sentences"": [""I hear you."", ""We can pause here for a moment.""], ""safety"": ""ok""}",1,2176,2.936099999715225,0.0012000000424450263,0.0002999995558639057,0.014400000509340316,0.005200000487093348,2.963800000543415
1608,d207_u0,happy,train,207,0,always,3,1,1,0,0,0,1,1,0,ok,"{""sentences"": [""I hear you."", ""We can pause here for a moment.""], ""safety"": ""ok""}",1,2176,3.0974999999671127,0.0012999998943996616,0.0002999995558639057,0.014100000043981709,0.005300000339047983,3.124200000456767
1609,d207_u1,neutral,train,207,1,always,3,1,1,0,0,0,1,1,0,ok,"{""sentences"": [""I hear you."", ""We can pause here for a moment.""], ""safety"": ""ok""}",1,2176,2.431800000522344,0.0012000000424450263,0.0002999995558639057,0.013699999726668466,0.005200000487093348,2.457499999763968
1610,d207_u3,neutral,train,207,3,always,3,1,1,0,0,0,1,1,0,ok,"{""sentences"": [""I hear you."", ""We can pause here for a moment.""], ""safety"": ""ok""}",1,2176,3.197399999407935,0.0012999998943996616,0.0002999995558639057,0.01449999945180025,0.005200000487093348,3.2242999996014987
1611,d207_u4,neutral,train,207,4,always,3,1,1,0,0,0,1,1,0,ok,"{""sentences"": [""I hear you."", ""We can pause here for a moment.""], ""safety"": ""ok""}",1,2176,2.8006000002278597,0.0012000000424450263,0.0002999995558639057,0.013799999578623101,0.0052999994295532815,2.8270000002521556
1612,d207_u5,neutral,train,207,5,always,3,1,1,0,0,0,1,1,0,ok,"{""sentences"": [""I hear you."", ""We can pause here for a moment.""], ""safety"": ""ok""}",1,2176,2.602600000500388,0.0012999998943996616,0.0002999995558639057,0.014000000192027073,0.005500000042957254,2.6295999996364117
1613,d207_u6,neutral,train,207,6,always,3,1,1,0,0,0,1,1,0,ok,"{""sentences"": [""I hear you."", ""We can pause here for a moment.""], ""safety"": ""ok""}",1,2176,2.8227000002516434,0.0012999998943996616,0.00030000046535860747,0.014400000509340316,0.005300000339047983,2.8498000001491164
1614,d207_u7,neutral,train,207,7,always,3,1,1,0,0,0,1,1,0,ok,"{""sentences"": [""I hear you."", ""We can pause here for a moment.""], ""safety"": ""ok""}",1,2176,2.8227000002516434,0.0012999998943996616,0.00030000046535860747,0.01559999964229064,0.005399999281507917,2.8515999993032892
1615,d207_u8,neutral,train,207,8,always,3,1,1,0,0,0,1,1,0,ok,"{""sentences"": [""I hear you."", ""We can pause here for a moment.""], ""safety"": ""ok""}",1,2176,3.3946000003197696,0.0012999998943996616,0.0002999995558639057,0.014199999895936344,0.022000000171829015,3.4381999994366197
1616,d207_u9,neutral,train,207,9,always,3,1,1,0,0,0,1,1,0,ok,"{""sentences"": [""I hear you."", ""We can pause here for a moment.""], ""safety"": ""ok""}",1,2176,2.6103000000148313,0.0013999997463542968,0.0002999995558639057,0.014399999599845614,0.005300000339047983,2.6376999994681682
1617,d207_u10,happy,train,207,10,always,3,1,1,0,0,0,1,1,0,ok,"{""sentences"": [""I hear you."", ""We can pause here for a moment.""], ""safety"": ""ok""}",1,2176,2.8192999998282176,0.0012000000424450263,0.00020000061340397224,0.014000000192027073,0.005300000339047983,2.845799999704468
1618,d207_u11,happy,train,207,11,always,3,1,1,0,0,0,1,1,0,ok,"{""sentences"": [""I hear you."", ""We can pause here for a moment.""], ""safety"": ""ok""}",1,2176,3.0287999998108717,0.0014000006558489986,0.00030000046535860747,0.014700000065204222,0.0054000001910026185,3.056599999581522
1619,d207_u12,neutral,train,207,12,always,3,1,1,0,0,0,1,1,0,ok,"{""sentences"": [""I hear you."", ""We can pause here for a moment.""], ""safety"": ""ok""}",1,2176,2.773199999865028,0.0012000000424450263,0.0002999995558639057,0.013799999578623101,0.0052999994295532815,2.7999000003546826
1620,d207_u13,happy,train,207,13,always,3,1,1,0,0,0,1,1,0,ok,"{""sentences"": [""I hear you."", ""We can pause here for a moment.""], ""safety"": ""ok""}",1,2176,2.7929999996558763,0.0012000000424450263,0.0002999995558639057,0.013500000022759195,0.005100000635138713,2.8190000002723536
1621,d207_u15,neutral,train,207,15,always,3,1,1,0,0,0,1,1,0,ok,"{""sentences"": [""I hear you."", ""We can pause here for a moment.""], ""safety"": ""ok""}",1,2176,2.6465000000825967,0.0012000000424450263,0.00030000046535860747,0.013600000784208532,0.005099999725644011,2.672099999472266
1622,d207_u16,neutral,train,207,16,always,3,1,1,0,0,0,1,1,0,ok,"{""sentences"": [""I hear you."", ""We can pause here for a moment.""], ""safety"": ""ok""}",1,2176,2.784399999654852,0.0012000000424450263,0.00030000046535860747,0.014199999895936344,0.005199999577598646,2.8115000004618196
1623,d207_u17,angry,train,207,17,always,3,1,1,0,0,0,1,1,0,ok,"{""sentences"": [""I hear you."", ""We can pause here for a moment.""], ""safety"": ""ok""}",1,2176,2.5296000003436347,0.0013999997463542968,0.00020000061340397224,0.014600000213249587,0.005500000042957254,2.5572000004103757
1624,d207_u18,angry,train,207,18,always,3,1,1,0,0,0,1,1,0,ok,"{""sentences"": [""I hear you."", ""We can pause here for a moment.""], ""safety"": ""ok""}",1,2176,3.0881000002409564,0.0012999998943996616,0.00019999970390927047,0.014500000361294951,0.005199999577598646,3.1154000007518334
1625,d207_u19,neutral,train,207,19,always,3,1,1,0,0,0,1,1,0,ok,"{""sentences"": [""I hear you."", ""We can pause here for a moment.""], ""safety"": ""ok""}",1,2176,2.9816000005666865,0.0013000008038943633,0.0002999995558639057,0.014399999599845614,0.005300000339047983,3.0084999998507556
1626,d208_u1,neutral,train,208,1,always,3,1,1,0,0,0,1,1,0,ok,"{""sentences"": [""I hear you."", ""We can pause here for a moment.""], ""safety"": ""ok""}",1,2176,2.7437999997346196,0.0013999997463542968,0.0002999995558639057,0.015100000382517464,0.0054000001910026185,2.7720999996745377
1627,d208_u3,neutral,train,208,3,always,3,1,1,0,0,0,1,1,0,ok,"{""sentences"": [""I hear you."", ""We can pause here for a moment.""], ""safety"": ""ok""}",1,2176,3.0825000003460445,0.001100000190490391,0.0002999995558639057,0.013500000022759195,0.005300000339047983,3.108099999735714
1628,d208_u5,happy,train,208,5,always,3,1,1,0,0,0,1,1,0,ok,"{""sentences"": [""I hear you."", ""We can pause here for a moment.""], ""safety"": ""ok""}",1,2176,2.781400000458234,0.0012999998943996616,0.00020000061340397224,0.014199999895936344,0.005199999577598646,2.808500000355707
1629,d208_u6,angry,train,208,6,always,3,1,1,0,0,0,1,1,0,ok,"{""sentences"": [""I hear you."", ""We can pause here for a moment.""], ""safety"": ""ok""}",1,2176,2.89729999985866,0.0010999992809956893,0.0002999995558639057,0.014000000192027073,0.005199999577598646,2.9237000007924507
1630,d208_u7,neutral,train,208,7,always,3,1,1,0,0,0,1,1,0,ok,"{""sentences"": [""I hear you."", ""We can pause here for a moment.""], ""safety"": ""ok""}",1,2176,2.9862999999750173,0.0012000000424450263,0.00019999970390927047,0.014299999747890979,0.0052999994295532815,3.0136000004858943
1631,d208_u8,neutral,train,208,8,always,3,1,1,0,0,0,1,1,0,ok,"{""sentences"": [""I hear you."", ""We can pause here for a moment.""], ""safety"": ""ok""}",1,2176,2.8657000002567656,0.0012999998943996616,0.00020000061340397224,0.014299999747890979,0.005399999281507917,2.8928000001542387
1632,d208_u9,happy,train,208,9,always,3,1,1,0,0,0,1,1,0,ok,"{""sentences"": [""I hear you."", ""We can pause here for a moment.""], ""safety"": ""ok""}",1,2176,2.6448999997228384,0.0014000006558489986,0.00020000061340397224,0.014700000065204222,0.005699999746866524,2.6729000001068925
1633,d208_u11,happy,train,208,11,always,3,1,1,0,0,0,1,1,0,ok,"{""sentences"": [""I hear you."", ""We can pause here for a moment.""], ""safety"": ""ok""}",1,2176,2.5933999995686463,0.0012999998943996616,0.00019999970390927047,0.014799999917158857,0.005500000042957254,2.621499999804655
1634,d208_u14,sad,train,208,14,always,3,1,1,0,0,0,1,1,0,ok,"{""sentences"": [""I hear you."", ""We can pause here for a moment.""], ""safety"": ""ok""}",1,2176,2.4536999999327236,0.0013999997463542968,0.00019999970390927047,0.014800000826653559,0.005599999894911889,2.4820999997245963
1635,d209_u0,neutral,train,209,0,always,3,1,1,0,0,0,1,1,0,ok,"{""sentences"": [""I hear you."", ""We can pause here for a moment.""], ""safety"": ""ok""}",1,2176,3.246199999921373,0.0012999998943996616,0.00030000046535860747,0.013699999726668466,0.005300000339047983,3.272300000389805
1636,d210_u0,angry,train,210,0,always,3,1,1,0,0,0,1,1,0,ok,"{""sentences"": [""I hear you."", ""We can pause here for a moment.""], ""safety"": ""ok""}",1,2176,3.5268000001451583,0.0013000008038943633,0.00019999970390927047,0.014000000192027073,0.005099999725644011,3.553299999111914
1637,d210_u2,angry,train,210,2,always,3,1,1,0,0,0,1,1,0,ok,"{""sentences"": [""I hear you."", ""We can pause here for a moment.""], ""safety"": ""ok""}",1,2176,2.266299999973853,0.0012999998943996616,0.0002999995558639057,0.014199999895936344,0.005300000339047983,2.2931000003154622
1638,d210_u3,angry,train,210,3,always,3,1,1,0,0,0,1,1,0,ok,"{""sentences"": [""I hear you."", ""We can pause here for a moment.""], ""safety"": ""ok""}",1,2176,2.9795000000376604,0.0012999998943996616,0.00030000046535860747,0.01449999945180025,0.005500000042957254,3.007199999956356
1639,d210_u4,angry,train,210,4,always,3,1,1,0,0,0,1,1,0,ok,"{""sentences"": [""I hear you."", ""We can pause here for a moment.""], ""safety"": ""ok""}",1,2176,2.569000000221422,0.0013000008038943633,0.00019999970390927047,0.013399999261309858,0.005099999725644011,2.5944999997591367
1640,d210_u5,angry,train,210,5,always,3,1,1,0,0,0,1,1,0,ok,"{""sentences"": [""I hear you."", ""We can pause here for a moment.""], ""safety"": ""ok""}",1,2176,3.240600000026461,0.0012999998943996616,0.00020000061340397224,0.014400000509340316,0.005200000487093348,3.2678999996278435
1641,d210_u6,happy,train,210,6,always,3,1,1,0,0,0,1,1,0,ok,"{""sentences"": [""I hear you."", ""We can pause here for a moment.""], ""safety"": ""ok""}",1,2176,2.6826999992408673,0.0012999998943996616,0.0002999995558639057,0.013899999430577736,0.004999999873689376,2.7092000000266125
1642,d210_u7,happy,train,210,7,always,3,1,1,0,0,0,1,1,0,ok,"{""sentences"": [""I hear you."", ""We can pause here for a moment.""], ""safety"": ""ok""}",1,2176,3.008699999554665,0.0013999997463542968,0.0002999995558639057,0.015100000382517464,0.005500000042957254,3.0372999999599415
1643,d210_u8,happy,train,210,8,always,3,1,1,0,0,0,1,1,0,ok,"{""sentences"": [""I hear you."", ""We can pause here for a moment.""], ""safety"": ""ok""}",1,2176,2.3719000000710366,0.0012000000424450263,0.00019999970390927047,0.0152000002344721,0.005500000042957254,2.4002000000109547
1644,d210_u9,neutral,train,210,9,always,3,1,1,0,0,0,1,1,0,ok,"{""sentences"": [""I hear you."", ""We can pause here for a moment.""], ""safety"": ""ok""}",1,2176,3.3292000007349998,0.0012999998943996616,0.0002999995558639057,0.013900000340072438,0.005099999725644011,3.3724000004440313
1645,d210_u10,neutral,train,210,10,always,3,1,1,0,0,0,1,1,0,ok,"{""sentences"": [""I hear you."", ""We can pause here for a moment.""], ""safety"": ""ok""}",1,2176,2.9553000003943453,0.0012999998943996616,0.00030000046535860747,0.014199999895936344,0.0052999994295532815,2.9823000004398637
1646,d211_u0,happy,train,211,0,always,3,1,1,0,0,0,1,1,0,ok,"{""sentences"": [""I hear you."", ""We can pause here for a moment.""], ""safety"": ""ok""}",1,2176,2.7528000000529573,0.0012999998943996616,0.00030000046535860747,0.013699999726668466,0.005000000783184078,2.77879999975994
1647,d211_u1,neutral,train,211,1,always,3,1,1,0,0,0,1,1,0,ok,"{""sentences"": [""I hear you."", ""We can pause here for a moment.""], ""safety"": ""ok""}",1,2176,2.70009999985632,0.0012000000424450263,0.00030000046535860747,0.01340000017080456,0.005100000635138713,2.726099999563303
1648,d211_u2,happy,train,211,2,always,3,1,1,0,0,0,1,1,0,ok,"{""sentences"": [""I hear you."", ""We can pause here for a moment.""], ""safety"": ""ok""}",1,2176,2.4972999999590684,0.0012000000424450263,0.0002999995558639057,0.013799999578623101,0.005099999725644011,2.5233999995180056
1649,d211_u3,neutral,train,211,3,always,3,1,1,0,0,0,1,1,0,ok,"{""sentences"": [""I hear you."", ""We can pause here for a moment.""], ""safety"": ""ok""}",1,2176,2.7150000005349284,0.0014000006558489986,0.00019999970390927047,0.014100000043981709,0.005200000487093348,2.741799999967043
1650,d211_u5,happy,train,211,5,always,3,1,1,0,0,0,1,1,0,ok,"{""sentences"": [""I hear you."", ""We can pause here for a moment.""], ""safety"": ""ok""}",1,2176,3.256399999372661,0.0013000008038943633,0.00030000046535860747,0.014500000361294951,0.005300000339047983,3.283900000496942
1651,d211_u7,neutral,train,211,7,always,3,1,1,0,0,0,1,1,0,ok,"{""sentences"": [""I hear you."", ""We can pause here for a moment.""], ""safety"": ""ok""}",1,2176,2.912599999945087,0.0012999998943996616,0.00030000046535860747,0.014400000509340316,0.005199999577598646,2.9395999999906053
1652,d211_u10,happy,train,211,10,always,3,1,1,0,0,0,1,1,0,ok,"{""sentences"": [""I hear you."", ""We can pause here for a moment.""], ""safety"": ""ok""}",1,2176,2.793300000121235,0.0013000008038943633,0.00019999970390927047,0.01500000053056283,0.005300000339047983,2.8219000005265116
1653,d211_u14,neutral,train,211,14,always,3,1,1,0,0,0,1,1,0,ok,"{""sentences"": [""I hear you."", ""We can pause here for a moment.""], ""safety"": ""ok""}",1,2176,3.2337999991796096,0.0012999998943996616,0.0002999995558639057,0.013899999430577736,0.004999999873689376,3.2601000002614455
1654,d212_u0,neutral,train,212,0,always,3,1,1,0,0,0,1,1,0,ok,"{""sentences"": [""I hear you."", ""We can pause here for a moment.""], ""safety"": ""ok""}",1,2176,3.589500000089174,0.0012999998943996616,0.00019999970390927047,0.013700000636163168,0.004999999873689376,3.6150999994788435
1655,d212_u1,happy,train,212,1,always,3,1,1,0,0,0,1,1,0,ok,"{""sentences"": [""I hear you."", ""We can pause here for a moment.""], ""safety"": ""ok""}",1,2176,2.823499999976775,0.0013000008038943633,0.00019999970390927047,0.014399999599845614,0.0052999994295532815,2.850600000783743
1656,d212_u2,neutral,train,212,2,always,3,1,1,0,0,0,1,1,0,ok,"{""sentences"": [""I hear you."", ""We can pause here for a moment.""], ""safety"": ""ok""}",1,2176,3.1066999999893596,0.0012999998943996616,0.00019999970390927047,0.014000000192027073,0.004900000021734741,3.133000000161701
1657,d212_u6,neutral,train,212,6,always,3,1,1,0,0,0,1,1,0,ok,"{""sentences"": [""I hear you."", ""We can pause here for a moment.""], ""safety"": ""ok""}",1,2176,3.12599999961094,0.0012999998943996616,0.00020000061340397224,0.014000000192027073,0.005100000635138713,3.152500000396685
1658,d212_u7,angry,train,212,7,always,3,1,1,0,0,0,1,1,0,ok,"{""sentences"": [""I hear you."", ""We can pause here for a moment.""], ""safety"": ""ok""}",1,2176,2.6612999999997555,0.0012999998943996616,0.00020000061340397224,0.013699999726668466,0.005099999725644011,2.6874000004681875
1659,d212_u8,neutral,train,212,8,always,3,1,1,0,0,0,1,1,0,ok,"{""sentences"": [""I hear you."", ""We can pause here for a moment.""], ""safety"": ""ok""}",1,2176,2.2589999998672283,0.0011999991329503246,0.0002999995558639057,0.013799999578623101,0.004900000021734741,2.2848000007797964
1660,d213_u0,neutral,train,213,0,always,3,1,1,0,0,0,1,1,0,ok,"{""sentences"": [""I hear you."", ""We can pause here for a moment.""], ""safety"": ""ok""}",1,2176,3.121400000054564,0.0012999998943996616,0.0002999995558639057,0.014500000361294951,0.005599999894911889,3.1490000001213048
1661,d213_u1,neutral,train,213,1,always,3,1,1,0,0,0,1,1,0,ok,"{""sentences"": [""I hear you."", ""We can pause here for a moment.""], ""safety"": ""ok""}",1,2176,3.231700000469573,0.0012999998943996616,0.0002999995558639057,0.013999999282532372,0.0052999994295532815,3.258300000197778
1662,d213_u2,happy,train,213,2,always,3,1,1,0,0,0,1,1,0,ok,"{""sentences"": [""I hear you."", ""We can pause here for a moment.""], ""safety"": ""ok""}",1,2176,3.1963000001269393,0.0012000000424450263,0.0002999995558639057,0.01359999987471383,0.005200000487093348,3.222599999389786
1663,d213_u3,neutral,train,213,3,always,3,1,1,0,0,0,1,1,0,ok,"{""sentences"": [""I hear you."", ""We can pause here for a moment.""], ""safety"": ""ok""}",1,2176,2.4248999998235377,0.0012999998943996616,0.00019999970390927047,0.013799999578623101,0.005500000042957254,2.4517000001651468
1664,d213_u4,sad,train,213,4,always,3,1,1,0,0,0,1,1,0,ok,"{""sentences"": [""I hear you."", ""We can pause here for a moment.""], ""safety"": ""ok""}",1,2176,3.1340000005002366,0.0012000000424450263,0.00019999970390927047,0.014100000043981709,0.004999999873689376,3.160500000376487
1665,d214_u1,neutral,train,214,1,always,3,1,1,0,0,0,1,1,0,ok,"{""sentences"": [""I hear you."", ""We can pause here for a moment.""], ""safety"": ""ok""}",1,2176,2.881300000808551,0.0012999998943996616,0.00020000061340397224,0.013500000022759195,0.004900000021734741,2.906700000494311
1666,d214_u2,sad,train,214,2,always,3,1,1,0,0,0,1,1,0,ok,"{""sentences"": [""I hear you."", ""We can pause here for a moment.""], ""safety"": ""ok""}",1,2176,2.8152999993835692,0.0012999998943996616,0.00019999970390927047,0.013799999578623101,0.005300000339047983,2.84170000031736
1667,d214_u4,neutral,train,214,4,always,3,1,1,0,0,0,1,1,0,ok,"{""sentences"": [""I hear you."", ""We can pause here for a moment.""], ""safety"": ""ok""}",1,2176,3.1122999998842715,0.0014000006558489986,0.00019999970390927047,0.014199999895936344,0.005199999577598646,3.139099999316386
1668,d214_u7,neutral,train,214,7,always,3,1,1,0,0,0,1,1,0,ok,"{""sentences"": [""I hear you."", ""We can pause here for a moment.""], ""safety"": ""ok""}",1,2176,2.3218000005726935,0.0014000006558489986,0.00030000046535860747,0.01449999945180025,0.005300000339047983,2.349299999877985
1669,d214_u8,happy,train,214,8,always,3,1,1,0,0,0,1,1,0,ok,"{""sentences"": [""I hear you."", ""We can pause here for a moment.""], ""safety"": ""ok""}",1,2176,2.6199000003543915,0.0012999998943996616,0.00019999970390927047,0.014000000192027073,0.004999999873689376,2.6465000000825967
1670,d214_u9,neutral,train,214,9,always,3,1,1,0,0,0,1,1,0,ok,"{""sentences"": [""I hear you."", ""We can pause here for a moment.""], ""safety"": ""ok""}",1,2176,3.4664999993765377,0.0012999998943996616,0.00030000046535860747,0.015600000551785342,0.005699999746866524,3.4958000005644863
1671,d214_u10,neutral,train,214,10,always,3,1,1,0,0,0,1,1,0,ok,"{""sentences"": [""I hear you."", ""We can pause here for a moment.""], ""safety"": ""ok""}",1,2176,3.2881999995879596,0.0013999997463542968,0.00020000061340397224,0.014500000361294951,0.005700000656361226,3.31590000041615
1672,d215_u0,happy,train,215,0,always,3,1,1,0,0,0,1,1,0,ok,"{""sentences"": [""I hear you."", ""We can pause here for a moment.""], ""safety"": ""ok""}",1,2176,2.8292000006331364,0.0012999998943996616,0.0002999995558639057,0.014100000043981709,0.005199999577598646,2.855700000509387
1673,d216_u0,sad,train,216,0,always,3,1,1,0,0,0,1,1,0,ok,"{""sentences"": [""I hear you."", ""We can pause here for a moment.""], ""safety"": ""ok""}",1,2176,3.731300000254123,0.0013000008038943633,0.00030000046535860747,0.014600000213249587,0.005700000656361226,3.7592999997286825
1674,d216_u1,neutral,train,216,1,always,3,1,1,0,0,0,1,1,0,ok,"{""sentences"": [""I hear you."", ""We can pause here for a moment.""], ""safety"": ""ok""}",1,2176,3.0374999996638508,0.0012000000424450263,0.00019999970390927047,0.01359999987471383,0.004999999873689376,3.063300000576419
1675,d216_u2,neutral,train,216,2,always,3,1,1,0,0,0,1,1,0,ok,"{""sentences"": [""I hear you."", ""We can pause here for a moment.""], ""safety"": ""ok""}",1,2176,2.422900000055961,0.0013999997463542968,0.00030000046535860747,0.014599999303754885,0.005399999281507917,2.4505999999746564
1676,d217_u0,neutral,train,217,0,always,3,1,1,0,0,0,1,1,0,ok,"{""sentences"": [""I hear you."", ""We can pause here for a moment.""], ""safety"": ""ok""}",1,2176,2.3297999996430008,0.0012000000424450263,0.00030000046535860747,0.013700000636163168,0.004999999873689376,2.355399999942165
1677,d218_u1,neutral,train,218,1,always,3,1,1,0,0,0,1,1,0,ok,"{""sentences"": [""I hear you."", ""We can pause here for a moment.""], ""safety"": ""ok""}",1,2176,3.3915000003617024,0.0012999998943996616,0.00019999970390927047,0.014000000192027073,0.0054000001910026185,3.418299999793817
1678,d218_u2,neutral,train,218,2,always,3,1,1,0,0,0,1,1,0,ok,"{""sentences"": [""I hear you."", ""We can pause here for a moment.""], ""safety"": ""ok""}",1,2176,2.912599999945087,0.0013000008038943633,0.00019999970390927047,0.014000000192027073,0.005200000487093348,2.9393000004347414
1679,d218_u3,neutral,train,218,3,always,3,1,1,0,0,0,1,1,0,ok,"{""sentences"": [""I hear you."", ""We can pause here for a moment.""], ""safety"": ""ok""}",1,2176,2.4016000006668037,0.0012999998943996616,0.00019999970390927047,0.014399999599845614,0.005399999281507917,2.4287999995067366
1680,d218_u4,sad,train,218,4,always,3,1,1,0,0,0,1,1,0,ok,"{""sentences"": [""I hear you."", ""We can pause here for a moment.""], ""safety"": ""ok""}",1,2176,3.333599999677972,0.0013999997463542968,0.00030000046535860747,0.014600000213249587,0.0054000001910026185,3.3612000006542075
1681,d218_u5,neutral,train,218,5,always,3,1,1,0,0,0,1,1,0,ok,"{""sentences"": [""I hear you."", ""We can pause here for a moment.""], ""safety"": ""ok""}",1,2176,2.901199999541859,0.0012999998943996616,0.0002999995558639057,0.014600000213249587,0.005500000042957254,2.9291999999259133
1682,d218_u6,sad,train,218,6,always,3,1,1,0,0,0,1,1,0,ok,"{""sentences"": [""I hear you."", ""We can pause here for a moment.""], ""safety"": ""ok""}",1,2176,3.0415999999604537,0.0013999997463542968,0.00020000061340397224,0.01449999945180025,0.02120000044669723,3.0849000004309346
1683,d218_u7,neutral,train,218,7,always,3,1,1,0,0,0,1,1,0,ok,"{""sentences"": [""I hear you."", ""We can pause here for a moment.""], ""safety"": ""ok""}",1,2176,2.3721999996269005,0.0012000000424450263,0.0002999995558639057,0.013799999578623101,0.005099999725644011,2.3984999997992418
1684,d218_u8,neutral,train,218,8,always,3,1,1,0,0,0,1,1,0,ok,"{""sentences"": [""I hear you."", ""We can pause here for a moment.""], ""safety"": ""ok""}",1,2176,3.078800000366755,0.0012000000424450263,0.0002999995558639057,0.014100000043981709,0.005300000339047983,3.105699999650824
1685,d218_u9,neutral,train,218,9,always,3,1,1,0,0,0,1,1,0,ok,"{""sentences"": [""I hear you."", ""We can pause here for a moment.""], ""safety"": ""ok""}",1,2176,2.440200000819459,0.0012999998943996616,0.00019999970390927047,0.014199999895936344,0.005000000783184078,2.4670000002515735
1686,d218_u10,neutral,train,218,10,always,3,1,1,0,0,0,1,1,0,ok,"{""sentences"": [""I hear you."", ""We can pause here for a moment.""], ""safety"": ""ok""}",1,2176,2.8628999998545623,0.0013000008038943633,0.0002999995558639057,0.014700000065204222,0.0054000001910026185,2.8906999996252125
1687,d218_u11,neutral,train,218,11,always,3,1,1,0,0,0,1,1,0,ok,"{""sentences"": [""I hear you."", ""We can pause here for a moment.""], ""safety"": ""ok""}",1,2176,2.763299999969604,0.0013999997463542968,0.0002999995558639057,0.014000000192027073,0.0052999994295532815,2.790100000311213
1688,d218_u12,neutral,train,218,12,always,3,1,1,0,0,0,1,1,0,ok,"{""sentences"": [""I hear you."", ""We can pause here for a moment.""], ""safety"": ""ok""}",1,2176,2.7319999999235733,0.0012999998943996616,0.00030000046535860747,0.030399999559449498,0.005399999281507917,2.775599999949918
1689,d219_u0,happy,train,219,0,always,3,1,1,0,0,0,1,1,0,ok,"{""sentences"": [""I hear you."", ""We can pause here for a moment.""], ""safety"": ""ok""}",1,2176,3.1899999994493555,0.0013999997463542968,0.00019999970390927047,0.015100000382517464,0.005699999746866524,3.2191000000239
1690,d219_u1,neutral,train,219,1,always,3,1,1,0,0,0,1,1,0,ok,"{""sentences"": [""I hear you."", ""We can pause here for a moment.""], ""safety"": ""ok""}",1,2176,3.3573999999134685,0.0012000000424450263,0.00020000061340397224,0.013300000318849925,0.00470000031782547,3.3820999997260515
1691,d219_u2,neutral,train,219,2,always,3,1,1,0,0,0,1,1,0,ok,"{""sentences"": [""I hear you."", ""We can pause here for a moment.""], ""safety"": ""ok""}",1,2176,2.684600000065984,0.0012999998943996616,0.00030000046535860747,0.014100000043981709,0.005200000487093348,2.7110999999422347
1692,d219_u3,happy,train,219,3,always,3,1,1,0,0,0,1,1,0,ok,"{""sentences"": [""I hear you."", ""We can pause here for a moment.""], ""safety"": ""ok""}",1,2176,2.7672999995047576,0.0012999998943996616,0.00020000061340397224,0.014000000192027073,0.005099999725644011,2.793800000290503
1693,d219_u4,happy,train,219,4,always,3,1,1,0,0,0,1,1,0,ok,"{""sentences"": [""I hear you."", ""We can pause here for a moment.""], ""safety"": ""ok""}",1,2176,2.981000000545464,0.0012999998943996616,0.0002999995558639057,0.014200000805431046,0.005199999577598646,3.008100000442937
1694,d219_u5,neutral,train,219,5,always,3,1,1,0,0,0,1,1,0,ok,"{""sentences"": [""I hear you."", ""We can pause here for a moment.""], ""safety"": ""ok""}",1,2176,3.1454999998459243,0.0012999998943996616,0.00019999970390927047,0.014199999895936344,0.005300000339047983,3.172200000335579
1695,d219_u6,sad,train,219,6,always,3,1,1,0,0,0,1,1,0,ok,"{""sentences"": [""I hear you."", ""We can pause here for a moment.""], ""safety"": ""ok""}",1,2176,2.574799999820243,0.0012000000424450263,0.00020000061340397224,0.013900000340072438,0.005200000487093348,2.601400000457943
1696,d219_u7,neutral,train,219,7,always,3,1,1,0,0,0,1,1,0,ok,"{""sentences"": [""I hear you."", ""We can pause here for a moment.""], ""safety"": ""ok""}",1,2176,2.3307999999815365,0.0014000006558489986,0.00020000061340397224,0.012900000001536682,0.00470000031782547,2.355399999942165
1697,d219_u8,sad,train,219,8,always,3,1,1,0,0,0,1,1,0,ok,"{""sentences"": [""I hear you."", ""We can pause here for a moment.""], ""safety"": ""ok""}",1,2176,3.09930000003078,0.001499999598308932,0.00019999970390927047,0.015499999790336005,0.005599999894911889,3.1282999998438754
1698,d219_u9,neutral,train,219,9,always,3,1,1,0,0,0,1,1,0,ok,"{""sentences"": [""I hear you."", ""We can pause here for a moment.""], ""safety"": ""ok""}",1,2176,2.230299999609997,0.0012000000424450263,0.00019999970390927047,0.013900000340072438,0.0052999994295532815,2.256899999338202
1699,d219_u10,sad,train,219,10,always,3,1,1,0,0,0,1,1,0,ok,"{""sentences"": [""I hear you."", ""We can pause here for a moment.""], ""safety"": ""ok""}",1,2176,3.202400000191119,0.0014000006558489986,0.0002999995558639057,0.014600000213249587,0.005500000042957254,3.23009999920032
1700,d219_u11,sad,train,219,11,always,3,1,1,0,0,0,1,1,0,ok,"{""sentences"": [""I hear you."", ""We can pause here for a moment.""], ""safety"": ""ok""}",1,2176,3.098099999988335,0.0013999997463542968,0.00019999970390927047,0.014399999599845614,0.0054000001910026185,3.125700000055076
1701,d219_u12,angry,train,219,12,always,3,1,1,0,0,0,1,1,0,ok,"{""sentences"": [""I hear you."", ""We can pause here for a moment.""], ""safety"": ""ok""}",1,2176,2.985800000715244,0.0012000000424450263,0.0002999995558639057,0.014100000043981709,0.005200000487093348,3.012500000295404
1702,d220_u0,neutral,train,220,0,always,3,1,1,0,0,0,1,1,0,ok,"{""sentences"": [""I hear you."", ""We can pause here for a moment.""], ""safety"": ""ok""}",1,2176,2.8551000004881644,0.0013000008038943633,0.00019999970390927047,0.014200000805431046,0.0052999994295532815,2.8821999994761427
1703,d220_u1,happy,train,220,1,always,3,1,1,0,0,0,1,1,0,ok,"{""sentences"": [""I hear you."", ""We can pause here for a moment.""], ""safety"": ""ok""}",1,2176,2.8268999994907063,0.0012999998943996616,0.00030000046535860747,0.013899999430577736,0.005300000339047983,2.8534000002764515
1704,d220_u2,neutral,train,220,2,always,3,1,1,0,0,0,1,1,0,ok,"{""sentences"": [""I hear you."", ""We can pause here for a moment.""], ""safety"": ""ok""}",1,2176,3.0186000003595836,0.0010999992809956893,0.00019999970390927047,0.014000000192027073,0.005099999725644011,3.045200000087789
1705,d220_u3,sad,train,220,3,always,3,1,1,0,0,0,1,1,0,ok,"{""sentences"": [""I hear you."", ""We can pause here for a moment.""], ""safety"": ""ok""}",1,2176,2.642099999320635,0.001100000190490391,0.00030000046535860747,0.013100000614940654,0.004999999873689376,2.666800000042713
1706,d220_u4,neutral,train,220,4,always,3,1,1,0,0,0,1,1,0,ok,"{""sentences"": [""I hear you."", ""We can pause here for a moment.""], ""safety"": ""ok""}",1,2176,2.4364999999306747,0.0012000000424450263,0.00019999970390927047,0.013900000340072438,0.005099999725644011,2.46309999965888
1707,d220_u5,neutral,train,220,5,always,3,1,1,0,0,0,1,1,0,ok,"{""sentences"": [""I hear you."", ""We can pause here for a moment.""], ""safety"": ""ok""}",1,2176,2.567000000453845,0.0012999998943996616,0.00020000061340397224,0.014299999747890979,0.005200000487093348,2.5943000000552274
1708,d220_u6,neutral,train,220,6,always,3,1,1,0,0,0,1,1,0,ok,"{""sentences"": [""I hear you."", ""We can pause here for a moment.""], ""safety"": ""ok""}",1,2176,2.995000000737491,0.0013000008038943633,0.00019999970390927047,0.014600000213249587,0.0054000001910026185,3.0225000000427826
1709,d221_u0,neutral,train,221,0,always,3,1,1,0,0,0,1,1,0,ok,"{""sentences"": [""I hear you."", ""We can pause here for a moment.""], ""safety"": ""ok""}",1,2176,3.201799999260402,0.0012999998943996616,0.00030000046535860747,0.013899999430577736,0.005199999577598646,3.2283999998981017
1710,d221_u1,neutral,train,221,1,always,3,1,1,0,0,0,1,1,0,ok,"{""sentences"": [""I hear you."", ""We can pause here for a moment.""], ""safety"": ""ok""}",1,2176,2.8215000002091983,0.0012999998943996616,0.0002999995558639057,0.015499999790336005,0.005899999450775795,2.8510000001915614
1711,d221_u3,neutral,train,221,3,always,3,1,1,0,0,0,1,1,0,ok,"{""sentences"": [""I hear you."", ""We can pause here for a moment.""], ""safety"": ""ok""}",1,2176,3.2550999994782615,0.0013000008038943633,0.0002999995558639057,0.014000000192027073,0.005099999725644011,3.2814000005600974
1712,d221_u4,neutral,train,221,4,always,3,1,1,0,0,0,1,1,0,ok,"{""sentences"": [""I hear you."", ""We can pause here for a moment.""], ""safety"": ""ok""}",1,2176,2.6882000001933193,0.001100000190490391,0.00020000061340397224,0.012900000001536682,0.00470000031782547,2.711999999519321
1713,d222_u0,happy,train,222,0,always,3,1,1,0,0,0,1,1,0,ok,"{""sentences"": [""I hear you."", ""We can pause here for a moment.""], ""safety"": ""ok""}",1,2176,2.4905000000217115,0.0012000000424450263,0.0002999995558639057,0.014000000192027073,0.005199999577598646,2.517200000511366
1714,d222_u1,neutral,train,222,1,always,3,1,1,0,0,0,1,1,0,ok,"{""sentences"": [""I hear you."", ""We can pause here for a moment.""], ""safety"": ""ok""}",1,2176,2.8582999993886915,0.0012999998943996616,0.0002999995558639057,0.014500000361294951,0.005200000487093348,2.8860000002168817
1715,d222_u2,neutral,train,222,2,always,3,1,1,0,0,0,1,1,0,ok,"{""sentences"": [""I hear you."", ""We can pause here for a moment.""], ""safety"": ""ok""}",1,2176,3.1541999996989034,0.0012000000424450263,0.00019999970390927047,0.013899999430577736,0.005200000487093348,3.1805999997231993
1716,d222_u3,happy,train,222,3,always,3,1,1,0,0,0,1,1,0,ok,"{""sentences"": [""I hear you."", ""We can pause here for a moment.""], ""safety"": ""ok""}",1,2176,2.8074000001652166,0.001100000190490391,0.00019999970390927047,0.013899999430577736,0.005099999725644011,2.8333999998721993
1717,d222_u4,sad,train,222,4,always,3,1,1,0,0,0,1,1,0,ok,"{""sentences"": [""I hear you."", ""We can pause here for a moment.""], ""safety"": ""ok""}",1,2176,2.7786999999079853,0.0012999998943996616,0.0002999995558639057,0.01449999945180025,0.005599999894911889,2.8062999999747262
1718,d222_u5,happy,train,222,5,always,3,1,1,0,0,0,1,1,0,ok,"{""sentences"": [""I hear you."", ""We can pause here for a moment.""], ""safety"": ""ok""}",1,2176,3.0234000005293638,0.0013999997463542968,0.00019999970390927047,0.015300000086426735,0.005300000339047983,3.0513000001519686
1719,d222_u6,neutral,train,222,6,always,3,1,1,0,0,0,1,1,0,ok,"{""sentences"": [""I hear you."", ""We can pause here for a moment.""], ""safety"": ""ok""}",1,2176,2.994299999954819,0.0012999998943996616,0.00030000046535860747,0.014399999599845614,0.005399999281507917,3.0218000001696055
1720,d222_u7,neutral,train,222,7,always,3,1,1,0,0,0,1,1,0,ok,"{""sentences"": [""I hear you."", ""We can pause here for a moment.""], ""safety"": ""ok""}",1,2176,3.095699999903445,0.0012999998943996616,0.00030000046535860747,0.014100000043981709,0.005600000804406591,3.123000000414322
1721,d222_u8,happy,train,222,8,always,3,1,1,0,0,0,1,1,0,ok,"{""sentences"": [""I hear you."", ""We can pause here for a moment.""], ""safety"": ""ok""}",1,2176,3.0470000001514563,0.0012000000424450263,0.00030000046535860747,0.014299999747890979,0.005199999577598646,3.0735999998796615
1722,d222_u9,neutral,train,222,9,always,3,1,1,0,0,0,1,1,0,ok,"{""sentences"": [""I hear you."", ""We can pause here for a moment.""], ""safety"": ""ok""}",1,2176,2.6828999998542713,0.0012000000424450263,0.00030000046535860747,0.013799999578623101,0.0054000001910026185,2.709300000788062
1723,d222_u11,happy,train,222,11,always,3,1,1,0,0,0,1,1,0,ok,"{""sentences"": [""I hear you."", ""We can pause here for a moment.""], ""safety"": ""ok""}",1,2176,2.5956999998015817,0.0012999998943996616,0.0002999995558639057,0.01359999987471383,0.005100000635138713,2.621700000418059
1724,d222_u12,happy,train,222,12,always,3,1,1,0,0,0,1,1,0,ok,"{""sentences"": [""I hear you."", ""We can pause here for a moment.""], ""safety"": ""ok""}",1,2176,2.6712999997471343,0.0012999998943996616,0.00030000046535860747,0.013899999430577736,0.020599999515980016,2.71340000017517
1725,d222_u13,happy,train,222,13,always,3,1,1,0,0,0,1,1,0,ok,"{""sentences"": [""I hear you."", ""We can pause here for a moment.""], ""safety"": ""ok""}",1,2176,2.893199999562057,0.0012999998943996616,0.00030000046535860747,0.014700000065204222,0.0054000001910026185,2.921000000242202
1726,d222_u14,neutral,train,222,14,always,3,1,1,0,0,0,1,1,0,ok,"{""sentences"": [""I hear you."", ""We can pause here for a moment.""], ""safety"": ""ok""}",1,2176,3.0538000000888132,0.0012000000424450263,0.0002999995558639057,0.014100000043981709,0.005300000339047983,3.0805999995209277
1727,d222_u17,neutral,train,222,17,always,3,1,1,0,0,0,1,1,0,ok,"{""sentences"": [""I hear you."", ""We can pause here for a moment.""], ""safety"": ""ok""}",1,2176,2.7673000004142523,0.0012000000424450263,0.00019999970390927047,0.014999999621068127,0.005499999133462552,2.7951000001849025
1728,d223_u0,neutral,train,223,0,always,3,1,1,0,0,0,1,1,0,ok,"{""sentences"": [""I hear you."", ""We can pause here for a moment.""], ""safety"": ""ok""}",1,2176,2.8140000003986643,0.0012999998943996616,0.00030000046535860747,0.013799999578623101,0.005300000339047983,2.840699999978824
1729,d223_u1,neutral,train,223,1,always,3,1,1,0,0,0,1,1,0,ok,"{""sentences"": [""I hear you."", ""We can pause here for a moment.""], ""safety"": ""ok""}",1,2176,2.806800000143994,0.0012999998943996616,0.0004000003173132427,0.015100000382517464,0.005599999894911889,2.835100000083912
1730,d223_u2,neutral,train,223,2,always,3,1,1,0,0,0,1,1,0,ok,"{""sentences"": [""I hear you."", ""We can pause here for a moment.""], ""safety"": ""ok""}",1,2176,2.6453000000401516,0.0012999998943996616,0.00030000046535860747,0.013800000488117803,0.0054000001910026185,2.6719999996203114
1731,d223_u3,neutral,train,223,3,always,3,1,1,0,0,0,1,1,0,ok,"{""sentences"": [""I hear you."", ""We can pause here for a moment.""], ""safety"": ""ok""}",1,2176,3.0423999996855855,0.0012999998943996616,0.00019999970390927047,0.013099999705445953,0.00470000031782547,3.0673000001115724
1732,d223_u4,neutral,train,223,4,always,3,1,1,0,0,0,1,1,0,ok,"{""sentences"": [""I hear you."", ""We can pause here for a moment.""], ""safety"": ""ok""}",1,2176,3.0394999994314276,0.0013999997463542968,0.00019999970390927047,0.014600000213249587,0.005500000042957254,3.0673000001115724
1733,d223_u5,sad,train,223,5,always,3,1,1,0,0,0,1,1,0,ok,"{""sentences"": [""I hear you."", ""We can pause here for a moment.""], ""safety"": ""ok""}",1,2176,2.9968999997436185,0.0012999998943996616,0.0002999995558639057,0.014000000192027073,0.005200000487093348,3.023600000233273
1734,d223_u6,neutral,train,223,6,always,3,1,1,0,0,0,1,1,0,ok,"{""sentences"": [""I hear you."", ""We can pause here for a moment.""], ""safety"": ""ok""}",1,2176,2.879399999983434,0.001100000190490391,0.0002999995558639057,0.01449999945180025,0.0052999994295532815,2.906700000494311
1735,d223_u7,neutral,train,223,7,always,3,1,1,0,0,0,1,1,0,ok,"{""sentences"": [""I hear you."", ""We can pause here for a moment.""], ""safety"": ""ok""}",1,2176,2.79450000016368,0.0013999997463542968,0.00030000046535860747,0.013600000784208532,0.0052999994295532815,2.8207999994265265
1736,d223_u8,neutral,train,223,8,always,3,1,1,0,0,0,1,1,0,ok,"{""sentences"": [""I hear you."", ""We can pause here for a moment.""], ""safety"": ""ok""}",1,2176,3.264599999965867,0.0014000006558489986,0.00030000046535860747,0.014899999769113492,0.005699999746866524,3.2933000002230983
1737,d223_u9,neutral,train,223,9,always,3,1,1,0,0,0,1,1,0,ok,"{""sentences"": [""I hear you."", ""We can pause here for a moment.""], ""safety"": ""ok""}",1,2176,2.8007000000798143,0.0013999997463542968,0.00030000046535860747,0.014700000065204222,0.0057999995988211595,2.8291000007811817
1738,d223_u10,neutral,train,223,10,always,3,1,1,0,0,0,1,1,0,ok,"{""sentences"": [""I hear you."", ""We can pause here for a moment.""], ""safety"": ""ok""}",1,2176,3.01709999985178,0.0012999998943996616,0.0002999995558639057,0.013999999282532372,0.005600000804406591,3.044699999918521
1739,d223_u11,neutral,train,223,11,always,3,1,1,0,0,0,1,1,0,ok,"{""sentences"": [""I hear you."", ""We can pause here for a moment.""], ""safety"": ""ok""}",1,2176,2.90099999983795,0.0012000000424450263,0.0002999995558639057,0.013700000636163168,0.0052999994295532815,2.927300000010291
1740,d223_u13,neutral,train,223,13,always,3,1,1,0,0,0,1,1,0,ok,"{""sentences"": [""I hear you."", ""We can pause here for a moment.""], ""safety"": ""ok""}",1,2176,3.053699999327364,0.0012000000424450263,0.00030000046535860747,0.013600000784208532,0.0054000001910026185,3.0800000004092
1741,d223_u14,neutral,train,223,14,always,3,1,1,0,0,0,1,1,0,ok,"{""sentences"": [""I hear you."", ""We can pause here for a moment.""], ""safety"": ""ok""}",1,2176,2.7812999996967847,0.0012999998943996616,0.00020000061340397224,0.013900000340072438,0.004999999873689376,2.8072999994037673
1742,d224_u0,neutral,train,224,0,always,3,1,1,0,0,0,1,1,0,ok,"{""sentences"": [""I hear you."", ""We can pause here for a moment.""], ""safety"": ""ok""}",1,2176,2.867599999262893,0.0012999998943996616,0.00019999970390927047,0.013900000340072438,0.005199999577598646,2.8935999998793704
1743,d224_u1,neutral,train,224,1,always,3,1,1,0,0,0,1,1,0,ok,"{""sentences"": [""I hear you."", ""We can pause here for a moment.""], ""safety"": ""ok""}",1,2176,2.9983000003994675,0.0012000000424450263,0.00030000046535860747,0.013500000022759195,0.004999999873689376,3.023899999789137
1744,d224_u2,neutral,train,224,2,always,3,1,1,0,0,0,1,1,0,ok,"{""sentences"": [""I hear you."", ""We can pause here for a moment.""], ""safety"": ""ok""}",1,2176,3.0435000007855706,0.0012999998943996616,0.00020000061340397224,0.01359999987471383,0.005199999577598646,3.0692999998791493
1745,d224_u3,neutral,train,224,3,always,3,1,1,0,0,0,1,1,0,ok,"{""sentences"": [""I hear you."", ""We can pause here for a moment.""], ""safety"": ""ok""}",1,2176,3.208400000403344,0.0012000000424450263,0.00019999970390927047,0.013799999578623101,0.005300000339047983,3.234599999814236
1746,d224_u4,happy,train,224,4,always,3,1,1,0,0,0,1,1,0,ok,"{""sentences"": [""I hear you."", ""We can pause here for a moment.""], ""safety"": ""ok""}",1,2176,2.8824000000895467,0.0012999998943996616,0.00019999970390927047,0.014600000213249587,0.005500000042957254,2.9102999997121515
1747,d224_u5,happy,train,224,5,always,3,1,1,0,0,0,1,1,0,ok,"{""sentences"": [""I hear you."", ""We can pause here for a moment.""], ""safety"": ""ok""}",1,2176,2.9659000001629465,0.001499999598308932,0.00019999970390927047,0.01539999993838137,0.005699999746866524,2.9951999995319056
1748,d225_u1,neutral,train,225,1,always,3,1,1,0,0,0,1,1,0,ok,"{""sentences"": [""I hear you."", ""We can pause here for a moment.""], ""safety"": ""ok""}",1,2176,3.026500000487431,0.0013999997463542968,0.00019999970390927047,0.01449999945180025,0.0052999994295532815,3.054099999644677
1749,d225_u2,happy,train,225,2,always,3,1,1,0,0,0,1,1,0,ok,"{""sentences"": [""I hear you."", ""We can pause here for a moment.""], ""safety"": ""ok""}",1,2176,2.877299999454408,0.0012000000424450263,0.00019999970390927047,0.014100000043981709,0.005199999577598646,2.904000000853557
1750,d225_u3,happy,train,225,3,always,3,1,1,0,0,0,1,1,0,ok,"{""sentences"": [""I hear you."", ""We can pause here for a moment.""], ""safety"": ""ok""}",1,2176,2.775800000563322,0.0011999991329503246,0.0002999995558639057,0.014000000192027073,0.005200000487093348,2.8024000002915272
1751,d225_u4,neutral,train,225,4,always,3,1,1,0,0,0,1,1,0,ok,"{""sentences"": [""I hear you."", ""We can pause here for a moment.""], ""safety"": ""ok""}",1,2176,3.1261000003723893,0.0012999998943996616,0.00019999970390927047,0.013899999430577736,0.005300000339047983,3.1522999997832812
1752,d225_u5,neutral,train,225,5,always,3,1,1,0,0,0,1,1,0,ok,"{""sentences"": [""I hear you."", ""We can pause here for a moment.""], ""safety"": ""ok""}",1,2176,2.5561000002198853,0.0012999998943996616,0.0002999995558639057,0.014399999599845614,0.005599999894911889,2.5838999999905354
1753,d225_u6,happy,train,225,6,always,3,1,1,0,0,0,1,1,0,ok,"{""sentences"": [""I hear you."", ""We can pause here for a moment.""], ""safety"": ""ok""}",1,2176,2.5664000004326226,0.0012000000424450263,0.00020000061340397224,0.014500000361294951,0.005300000339047983,2.593999999589869
1754,d225_u7,neutral,train,225,7,always,3,1,1,0,0,0,1,1,0,ok,"{""sentences"": [""I hear you."", ""We can pause here for a moment.""], ""safety"": ""ok""}",1,2176,3.4151999998357496,0.0012999998943996616,0.00020000061340397224,0.014199999895936344,0.005200000487093348,3.442199999881268
1755,d225_u8,neutral,train,225,8,always,3,1,1,0,0,0,1,1,0,ok,"{""sentences"": [""I hear you."", ""We can pause here for a moment.""], ""safety"": ""ok""}",1,2176,2.556699999331613,0.0014000006558489986,0.00030000046535860747,0.014599999303754885,0.005399999281507917,2.584900000329071
1756,d225_u9,sad,train,225,9,always,3,1,1,0,0,0,1,1,0,ok,"{""sentences"": [""I hear you."", ""We can pause here for a moment.""], ""safety"": ""ok""}",1,2176,3.177700000378536,0.0012999998943996616,0.00030000046535860747,0.015900000107649248,0.0054000001910026185,3.2064999995782273
1757,d225_u10,neutral,train,225,10,always,3,1,1,0,0,0,1,1,0,ok,"{""sentences"": [""I hear you."", ""We can pause here for a moment.""], ""safety"": ""ok""}",1,2176,3.2438999996884377,0.0012999998943996616,0.00019999970390927047,0.014799999917158857,0.005399999281507917,3.2719999999244465
1758,d225_u11,neutral,train,225,11,always,3,1,1,0,0,0,1,1,0,ok,"{""sentences"": [""I hear you."", ""We can pause here for a moment.""], ""safety"": ""ok""}",1,2176,2.704300000004878,0.0012000000424450263,0.00030000046535860747,0.01359999987471383,0.0052999994295532815,2.7305000003252644
1759,d226_u1,happy,train,226,1,always,3,1,1,0,0,0,1,1,0,ok,"{""sentences"": [""I hear you."", ""We can pause here for a moment.""], ""safety"": ""ok""}",1,2176,3.4556000000520726,0.0012999998943996616,0.00020000061340397224,0.014100000043981709,0.005500000042957254,3.4826999999495456
1760,d226_u2,neutral,train,226,2,always,3,1,1,0,0,0,1,1,0,ok,"{""sentences"": [""I hear you."", ""We can pause here for a moment.""], ""safety"": ""ok""}",1,2176,2.665299999534909,0.0012999998943996616,0.00019999970390927047,0.014299999747890979,0.005300000339047983,2.6925000001938315
1761,d226_u3,neutral,train,226,3,always,3,1,1,0,0,0,1,1,0,ok,"{""sentences"": [""I hear you."", ""We can pause here for a moment.""], ""safety"": ""ok""}",1,2176,2.76789999952598,0.0012000000424450263,0.00030000046535860747,0.014000000192027073,0.005199999577598646,2.7943999994022306
1762,d226_u4,neutral,train,226,4,always,3,1,1,0,0,0,1,1,0,ok,"{""sentences"": [""I hear you."", ""We can pause here for a moment.""], ""safety"": ""ok""}",1,2176,2.853500000128406,0.001100000190490391,0.00020000061340397224,0.01320000046689529,0.005099999725644011,2.8785999993488076
1763,d226_u5,neutral,train,226,5,always,3,1,1,0,0,0,1,1,0,ok,"{""sentences"": [""I hear you."", ""We can pause here for a moment.""], ""safety"": ""ok""}",1,2176,2.9497000004994334,0.0012999998943996616,0.00030000046535860747,0.013700000636163168,0.004999999873689376,2.9753999997410574
1764,d226_u6,neutral,train,226,6,always,3,1,1,0,0,0,1,1,0,ok,"{""sentences"": [""I hear you."", ""We can pause here for a moment.""], ""safety"": ""ok""}",1,2176,2.8395000008458737,0.0013000008038943633,0.00030000046535860747,0.014800000826653559,0.005500000042957254,2.8677000000243424
1765,d226_u7,neutral,train,226,7,always,3,1,1,0,0,0,1,1,0,ok,"{""sentences"": [""I hear you."", ""We can pause here for a moment.""], ""safety"": ""ok""}",1,2176,2.977399999508634,0.0012999998943996616,0.00019999970390927047,0.014799999917158857,0.005599999894911889,3.0056999994485523
1766,d226_u9,happy,train,226,9,always,3,1,1,0,0,0,1,1,0,ok,"{""sentences"": [""I hear you."", ""We can pause here for a moment.""], ""safety"": ""ok""}",1,2176,2.7810000001409207,0.0012000000424450263,0.00019999970390927047,0.013799999578623101,0.0052999994295532815,2.807599999869126
1767,d226_u10,neutral,train,226,10,always,3,1,1,0,0,0,1,1,0,ok,"{""sentences"": [""I hear you."", ""We can pause here for a moment.""], ""safety"": ""ok""}",1,2176,3.0379999998331186,0.0012000000424450263,0.00030000046535860747,0.013799999578623101,0.005200000487093348,3.0641000003015506
1768,d226_u11,neutral,train,226,11,always,3,1,1,0,0,0,1,1,0,ok,"{""sentences"": [""I hear you."", ""We can pause here for a moment.""], ""safety"": ""ok""}",1,2176,3.1368999998449,0.0012000000424450263,0.00020000061340397224,0.030499999411404133,0.005199999577598646,3.180199999405886
1769,d226_u13,neutral,train,226,13,always,3,1,1,0,0,0,1,1,0,ok,"{""sentences"": [""I hear you."", ""We can pause here for a moment.""], ""safety"": ""ok""}",1,2176,2.699200000279234,0.001100000190490391,0.00019999970390927047,0.013900000340072438,0.004999999873689376,2.7256000003035297
1770,d226_u17,sad,train,226,17,always,3,1,1,0,0,0,1,1,0,ok,"{""sentences"": [""I hear you."", ""We can pause here for a moment.""], ""safety"": ""ok""}",1,2176,2.9289999993125093,0.001100000190490391,0.0002999995558639057,0.013500000022759195,0.004900000021734741,2.9543000000558095
1771,d226_u19,happy,train,226,19,always,3,1,1,0,0,0,1,1,0,ok,"{""sentences"": [""I hear you."", ""We can pause here for a moment.""], ""safety"": ""ok""}",1,2176,2.7638999999908265,0.0013000008038943633,0.0002999995558639057,0.014400000509340316,0.005399999281507917,2.791100000649749
1772,d226_u20,neutral,train,226,20,always,3,1,1,0,0,0,1,1,0,ok,"{""sentences"": [""I hear you."", ""We can pause here for a moment.""], ""safety"": ""ok""}",1,2176,2.655899999808753,0.0012000000424450263,0.00030000046535860747,0.013500000022759195,0.004900000021734741,2.6809000000866945
1773,d226_u21,happy,train,226,21,always,3,1,1,0,0,0,1,1,0,ok,"{""sentences"": [""I hear you."", ""We can pause here for a moment.""], ""safety"": ""ok""}",1,2176,2.898300000197196,0.0011999991329503246,0.0002999995558639057,0.01340000017080456,0.005099999725644011,2.9241000002002693
1774,d227_u0,neutral,train,227,0,always,3,1,1,0,0,0,1,1,0,ok,"{""sentences"": [""I hear you."", ""We can pause here for a moment.""], ""safety"": ""ok""}",1,2176,2.6279000003341935,0.001600000359758269,0.0002999995558639057,0.013500000022759195,0.004900000021734741,2.653900000041176
1775,d228_u0,angry,train,228,0,always,3,1,1,0,0,0,1,1,0,ok,"{""sentences"": [""I hear you."", ""We can pause here for a moment.""], ""safety"": ""ok""}",1,2176,2.938499999800115,0.0014000006558489986,0.0002999995558639057,0.014799999917158857,0.005699999746866524,2.9669000005014823
1776,d228_u1,sad,train,228,1,always,3,1,1,0,0,0,1,1,0,ok,"{""sentences"": [""I hear you."", ""We can pause here for a moment.""], ""safety"": ""ok""}",1,2176,3.1568999993396574,0.0012000000424450263,0.00030000046535860747,0.014000000192027073,0.004999999873689376,3.1828999999561347
1777,d228_u2,neutral,train,228,2,always,3,1,1,0,0,0,1,1,0,ok,"{""sentences"": [""I hear you."", ""We can pause here for a moment.""], ""safety"": ""ok""}",1,2176,2.5998999999501393,0.0012999998943996616,0.0002999995558639057,0.014299999747890979,0.005199999577598646,2.6269999998476123
1778,d228_u4,happy,train,228,4,always,3,1,1,0,0,0,1,1,0,ok,"{""sentences"": [""I hear you."", ""We can pause here for a moment.""], ""safety"": ""ok""}",1,2176,2.7798999999504304,0.001600000359758269,0.0002999995558639057,0.013900000340072438,0.005099999725644011,2.806600000440085
1779,d228_u5,happy,train,228,5,always,3,1,1,0,0,0,1,1,0,ok,"{""sentences"": [""I hear you."", ""We can pause here for a moment.""], ""safety"": ""ok""}",1,2176,2.92870000066614,0.0016999993022182025,0.00030000046535860747,0.01579999934619991,0.005700000656361226,2.9586000000563217
1780,d228_u6,neutral,train,228,6,always,3,1,1,0,0,0,1,1,0,ok,"{""sentences"": [""I hear you."", ""We can pause here for a moment.""], ""safety"": ""ok""}",1,2176,3.098399999544199,0.0012999998943996616,0.0002999995558639057,0.013900000340072438,0.0052999994295532815,3.125199999885808
1781,d228_u7,angry,train,228,7,always,3,1,1,0,0,0,1,1,0,ok,"{""sentences"": [""I hear you."", ""We can pause here for a moment.""], ""safety"": ""ok""}",1,2176,2.542100000027858,0.0012999998943996616,0.00020000061340397224,0.01359999987471383,0.005199999577598646,2.5685999999041087
1782,d229_u0,neutral,train,229,0,always,3,1,1,0,0,0,1,1,0,ok,"{""sentences"": [""I hear you."", ""We can pause here for a moment.""], ""safety"": ""ok""}",1,2176,2.669399999831512,0.0012999998943996616,0.00030000046535860747,0.013700000636163168,0.005099999725644011,2.695599999242404
1783,d229_u1,happy,train,229,1,always,3,1,1,0,0,0,1,1,0,ok,"{""sentences"": [""I hear you."", ""We can pause here for a moment.""], ""safety"": ""ok""}",1,2176,2.7609999997366685,0.001499999598308932,0.0002999995558639057,0.014999999621068127,0.005699999746866524,2.789600000141945
1784,d229_u2,neutral,train,229,2,always,3,1,1,0,0,0,1,1,0,ok,"{""sentences"": [""I hear you."", ""We can pause here for a moment.""], ""safety"": ""ok""}",1,2176,2.8236999996806844,0.0012999998943996616,0.00030000046535860747,0.014299999747890979,0.005300000339047983,2.8509000003396068
1785,d229_u3,neutral,train,229,3,always,3,1,1,0,0,0,1,1,0,ok,"{""sentences"": [""I hear you."", ""We can pause here for a moment.""], ""safety"": ""ok""}",1,2176,2.6264000007358845,0.0012000000424450263,0.00019999970390927047,0.014299999747890979,0.004999999873689376,2.6526000001467764
1786,d229_u4,neutral,train,229,4,always,3,1,1,0,0,0,1,1,0,ok,"{""sentences"": [""I hear you."", ""We can pause here for a moment.""], ""safety"": ""ok""}",1,2176,3.187400000570051,0.0012999998943996616,0.00030000046535860747,0.014199999895936344,0.005500000042957254,3.214999999727297
1787,d230_u0,neutral,train,230,0,always,3,1,1,0,0,0,1,1,0,ok,"{""sentences"": [""I hear you."", ""We can pause here for a moment.""], ""safety"": ""ok""}",1,2176,2.9751000001851935,0.0012999998943996616,0.0002999995558639057,0.014399999599845614,0.005199999577598646,3.0019999994692625
1788,d230_u1,happy,train,230,1,always,3,1,1,0,0,0,1,1,0,ok,"{""sentences"": [""I hear you."", ""We can pause here for a moment.""], ""safety"": ""ok""}",1,2176,2.6262000001224806,0.0012000000424450263,0.0002999995558639057,0.031100000342121348,0.0052999994295532815,2.6698000001488253
1789,d231_u0,neutral,train,231,0,always,3,1,1,0,0,0,1,1,0,ok,"{""sentences"": [""I hear you."", ""We can pause here for a moment.""], ""safety"": ""ok""}",1,2176,2.7196000000913045,0.0013999997463542968,0.00019999970390927047,0.014299999747890979,0.005599999894911889,2.7472000001580454
1790,d231_u1,neutral,train,231,1,always,3,1,1,0,0,0,1,1,0,ok,"{""sentences"": [""I hear you."", ""We can pause here for a moment.""], ""safety"": ""ok""}",1,2176,3.007699999216129,0.0012999998943996616,0.00030000046535860747,0.013900000340072438,0.005200000487093348,3.0339000004460104
1791,d231_u2,neutral,train,231,2,always,3,1,1,0,0,0,1,1,0,ok,"{""sentences"": [""I hear you."", ""We can pause here for a moment.""], ""safety"": ""ok""}",1,2176,2.8423000003385823,0.0012999998943996616,0.00020000061340397224,0.014200000805431046,0.005399999281507917,2.86950000008801
1792,d231_u3,neutral,train,231,3,always,3,1,1,0,0,0,1,1,0,ok,"{""sentences"": [""I hear you."", ""We can pause here for a moment.""], ""safety"": ""ok""}",1,2176,2.6539999998931307,0.0018000000636675395,0.00020000061340397224,0.013700000636163168,0.0054000001910026185,2.680700000382785
1793,d231_u4,neutral,train,231,4,always,3,1,1,0,0,0,1,1,0,ok,"{""sentences"": [""I hear you."", ""We can pause here for a moment.""], ""safety"": ""ok""}",1,2176,2.790900000036345,0.0012999998943996616,0.0002999995558639057,0.01359999987471383,0.005199999577598646,2.816799999891373
1794,d231_u5,neutral,train,231,5,always,3,1,1,0,0,0,1,1,0,ok,"{""sentences"": [""I hear you."", ""We can pause here for a moment.""], ""safety"": ""ok""}",1,2176,2.9752999998891028,0.0012999998943996616,0.00030000046535860747,0.014000000192027073,0.005100000635138713,3.0014000003575347
1795,d231_u6,neutral,train,231,6,always,3,1,1,0,0,0,1,1,0,ok,"{""sentences"": [""I hear you."", ""We can pause here for a moment.""], ""safety"": ""ok""}",1,2176,3.0937000001358683,0.0010999992809956893,0.00019999970390927047,0.013899999430577736,0.005199999577598646,3.1198999995467602
1796,d231_u7,angry,train,231,7,always,3,1,1,0,0,0,1,1,0,ok,"{""sentences"": [""I hear you."", ""We can pause here for a moment.""], ""safety"": ""ok""}",1,2176,2.9015999998591724,0.0012999998943996616,0.00020000061340397224,0.013999999282532372,0.005199999577598646,2.928299999439332
1797,d231_u8,neutral,train,231,8,always,3,1,1,0,0,0,1,1,0,ok,"{""sentences"": [""I hear you."", ""We can pause here for a moment.""], ""safety"": ""ok""}",1,2176,2.964599999359052,0.0012000000424450263,0.00020000061340397224,0.014000000192027073,0.005200000487093348,2.9910000002928427
1798,d231_u9,angry,train,231,9,always,3,1,1,0,0,0,1,1,0,ok,"{""sentences"": [""I hear you."", ""We can pause here for a moment.""], ""safety"": ""ok""}",1,2176,2.853299999515002,0.0012000000424450263,0.00030000046535860747,0.013300000318849925,0.004999999873689376,2.8787999999622116
1799,d231_u10,sad,train,231,10,always,3,1,1,0,0,0,1,1,0,ok,"{""sentences"": [""I hear you."", ""We can pause here for a moment.""], ""safety"": ""ok""}",1,2176,3.0237999999371823,0.0012000000424450263,0.00019999970390927047,0.014299999747890979,0.005200000487093348,3.0507999999827007
1800,d231_u11,neutral,train,231,11,always,3,1,1,0,0,0,1,1,0,ok,"{""sentences"": [""I hear you."", ""We can pause here for a moment.""], ""safety"": ""ok""}",1,2176,3.126499999780208,0.0012999998943996616,0.00020000061340397224,0.014199999895936344,0.005199999577598646,3.1533999999737716
1801,d231_u12,neutral,train,231,12,always,3,1,1,0,0,0,1,1,0,ok,"{""sentences"": [""I hear you."", ""We can pause here for a moment.""], ""safety"": ""ok""}",1,2176,2.5483999997959472,0.0012999998943996616,0.00030000046535860747,0.014400000509340316,0.0054000001910026185,2.575999999862688
1802,d231_u13,neutral,train,231,13,always,3,1,1,0,0,0,1,1,0,ok,"{""sentences"": [""I hear you."", ""We can pause here for a moment.""], ""safety"": ""ok""}",1,2176,2.8217999997650622,0.0012000000424450263,0.0002999995558639057,0.01320000046689529,0.004900000021734741,2.8470999995988677
1803,d231_u14,neutral,train,231,14,always,3,1,1,0,0,0,1,1,0,ok,"{""sentences"": [""I hear you."", ""We can pause here for a moment.""], ""safety"": ""ok""}",1,2176,2.5752000001375563,0.0014000006558489986,0.00030000046535860747,0.014500000361294951,0.005300000339047983,2.6027000003523426
1804,d232_u1,neutral,train,232,1,always,3,1,1,0,0,0,1,1,0,ok,"{""sentences"": [""I hear you."", ""We can pause here for a moment.""], ""safety"": ""ok""}",1,2176,2.8739999997924315,0.0012000000424450263,0.00019999970390927047,0.014399999599845614,0.005200000487093348,2.90099999983795
1805,d232_u2,neutral,train,232,2,always,3,1,1,0,0,0,1,1,0,ok,"{""sentences"": [""I hear you."", ""We can pause here for a moment.""], ""safety"": ""ok""}",1,2176,3.2864000004337868,0.0012000000424450263,0.0002999995558639057,0.014000000192027073,0.005099999725644011,3.313199999865901
1806,d232_u4,neutral,train,232,4,always,3,1,1,0,0,0,1,1,0,ok,"{""sentences"": [""I hear you."", ""We can pause here for a moment.""], ""safety"": ""ok""}",1,2176,2.9961999998704414,0.0013000008038943633,0.00019999970390927047,0.013799999578623101,0.005099999725644011,3.022400000190828
1807,d232_u5,angry,train,232,5,always,3,1,1,0,0,0,1,1,0,ok,"{""sentences"": [""I hear you."", ""We can pause here for a moment.""], ""safety"": ""ok""}",1,2176,2.4166999992303317,0.0012999998943996616,0.00030000046535860747,0.014000000192027073,0.0052999994295532815,2.443400000629481
1808,d232_u6,neutral,train,232,6,always,3,1,1,0,0,0,1,1,0,ok,"{""sentences"": [""I hear you."", ""We can pause here for a moment.""], ""safety"": ""ok""}",1,2176,3.342299999530951,0.0012999998943996616,0.00030000046535860747,0.013800000488117803,0.005199999577598646,3.368399999999383
1809,d232_u7,angry,train,232,7,always,3,1,1,0,0,0,1,1,0,ok,"{""sentences"": [""I hear you."", ""We can pause here for a moment.""], ""safety"": ""ok""}",1,2176,2.3118999997677747,0.0012000000424450263,0.00019999970390927047,0.014000000192027073,0.005300000339047983,2.3383999996440252
1810,d232_u8,neutral,train,232,8,always,3,1,1,0,0,0,1,1,0,ok,"{""sentences"": [""I hear you."", ""We can pause here for a moment.""], ""safety"": ""ok""}",1,2176,2.8655000005528564,0.0012000000424450263,0.0002999995558639057,0.02970000059576705,0.005199999577598646,2.9078999996272614
1811,d232_u11,neutral,train,232,11,always,3,1,1,0,0,0,1,1,0,ok,"{""sentences"": [""I hear you."", ""We can pause here for a moment.""], ""safety"": ""ok""}",1,2176,2.7633999998215586,0.0012000000424450263,0.00030000046535860747,0.014100000043981709,0.005199999577598646,2.790399999867077
1812,d232_u14,neutral,train,232,14,always,3,1,1,0,0,0,1,1,0,ok,"{""sentences"": [""I hear you."", ""We can pause here for a moment.""], ""safety"": ""ok""}",1,2176,3.408099999433034,0.0012999998943996616,0.00020000061340397224,0.013800000488117803,0.005199999577598646,3.4342000008109608
1813,d232_u15,neutral,train,232,15,always,3,1,1,0,0,0,1,1,0,ok,"{""sentences"": [""I hear you."", ""We can pause here for a moment.""], ""safety"": ""ok""}",1,2176,2.820800000336021,0.0012000000424450263,0.00019999970390927047,0.014199999895936344,0.0054000001910026185,2.847799999472045
1814,d232_u17,neutral,train,232,17,always,3,1,1,0,0,0,1,1,0,ok,"{""sentences"": [""I hear you."", ""We can pause here for a moment.""], ""safety"": ""ok""}",1,2176,2.5761999995665974,0.0012999998943996616,0.00019999970390927047,0.013799999578623101,0.005199999577598646,2.602899999146757
1815,d232_u18,neutral,train,232,18,always,3,1,1,0,0,0,1,1,0,ok,"{""sentences"": [""I hear you."", ""We can pause here for a moment.""], ""safety"": ""ok""}",1,2176,2.9298999997990904,0.0012000000424450263,0.0002999995558639057,0.013799999578623101,0.005100000635138713,2.9557000007116585
1816,d232_u19,neutral,train,232,19,always,3,1,1,0,0,0,1,1,0,ok,"{""sentences"": [""I hear you."", ""We can pause here for a moment.""], ""safety"": ""ok""}",1,2176,2.839200000380515,0.0012000000424450263,0.00030000046535860747,0.013900000340072438,0.005099999725644011,2.8654999996433617
1817,d233_u0,happy,train,233,0,always,3,1,1,0,0,0,1,1,0,ok,"{""sentences"": [""I hear you."", ""We can pause here for a moment.""], ""safety"": ""ok""}",1,2176,3.248699999858218,0.0012999998943996616,0.00030000046535860747,0.014100000043981709,0.005199999577598646,3.275499999290332
1818,d234_u1,happy,train,234,1,always,3,1,1,0,0,0,1,1,0,ok,"{""sentences"": [""I hear you."", ""We can pause here for a moment.""], ""safety"": ""ok""}",1,2176,2.459400000589085,0.0012000000424450263,0.00019999970390927047,0.031099999432626646,0.0052999994295532815,2.5030999995578895
1819,d234_u2,neutral,train,234,2,always,3,1,1,0,0,0,1,1,0,ok,"{""sentences"": [""I hear you."", ""We can pause here for a moment.""], ""safety"": ""ok""}",1,2176,2.830000000358268,0.0012999998943996616,0.00030000046535860747,0.013900000340072438,0.005300000339047983,2.8566000000864733
1820,d234_u3,neutral,train,234,3,always,3,1,1,0,0,0,1,1,0,ok,"{""sentences"": [""I hear you."", ""We can pause here for a moment.""], ""safety"": ""ok""}",1,2176,2.831099999639264,0.0012000000424450263,0.00030000046535860747,0.014199999895936344,0.005499999133462552,2.858100000594277
1821,d234_u5,neutral,train,234,5,always,3,1,1,0,0,0,1,1,0,ok,"{""sentences"": [""I hear you."", ""We can pause here for a moment.""], ""safety"": ""ok""}",1,2176,3.448499999649357,0.0012000000424450263,0.00030000046535860747,0.013800000488117803,0.004999999873689376,3.4749000005831476
1822,d234_u6,angry,train,234,6,always,3,1,1,0,0,0,1,1,0,ok,"{""sentences"": [""I hear you."", ""We can pause here for a moment.""], ""safety"": ""ok""}",1,2176,2.806399999826681,0.0013999997463542968,0.00030000046535860747,0.013800000488117803,0.005099999725644011,2.8330000004643807
1823,d234_u8,neutral,train,234,8,always,3,1,1,0,0,0,1,1,0,ok,"{""sentences"": [""I hear you."", ""We can pause here for a moment.""], ""safety"": ""ok""}",1,2176,2.941100000498409,0.0017000002117129043,0.0004000003173132427,0.014600000213249587,0.004999999873689376,2.970100000311504
1824,d234_u9,neutral,train,234,9,always,3,1,1,0,0,0,1,1,0,ok,"{""sentences"": [""I hear you."", ""We can pause here for a moment.""], ""safety"": ""ok""}",1,2176,2.9001000002608635,0.0012000000424450263,0.0002999995558639057,0.014100000043981709,0.0054000001910026185,2.9269000006024726
1825,d234_u11,angry,train,234,11,always,3,1,1,0,0,0,1,1,0,ok,"{""sentences"": [""I hear you."", ""We can pause here for a moment.""], ""safety"": ""ok""}",1,2176,2.75820000024396,0.0014000006558489986,0.00019999970390927047,0.013699999726668466,0.004999999873689376,2.784299999802897
1826,d235_u0,angry,train,235,0,always,3,1,1,0,0,0,1,1,0,ok,"{""sentences"": [""I hear you."", ""We can pause here for a moment.""], ""safety"": ""ok""}",1,2176,3.0457000002570567,0.0012000000424450263,0.00030000046535860747,0.013300000318849925,0.004900000021734741,3.0706999996255036
1827,d235_u2,happy,train,235,2,always,3,1,1,0,0,0,1,1,0,ok,"{""sentences"": [""I hear you."", ""We can pause here for a moment.""], ""safety"": ""ok""}",1,2176,2.6969000000462984,0.0012999998943996616,0.00030000046535860747,0.014000000192027073,0.005100000635138713,2.7237000003879075
1828,d235_u3,happy,train,235,3,always,3,1,1,0,0,0,1,1,0,ok,"{""sentences"": [""I hear you."", ""We can pause here for a moment.""], ""safety"": ""ok""}",1,2176,3.655600000456616,0.0012999998943996616,0.00030000046535860747,0.013999999282532372,0.005199999577598646,3.682499999740685
1829,d235_u5,happy,train,235,5,always,3,1,1,0,0,0,1,1,0,ok,"{""sentences"": [""I hear you."", ""We can pause here for a moment.""], ""safety"": ""ok""}",1,2176,2.750799999375886,0.0013999997463542968,0.00019999970390927047,0.014700000065204222,0.005500000042957254,2.7788000006694347
1830,d235_u6,neutral,train,235,6,always,3,1,1,0,0,0,1,1,0,ok,"{""sentences"": [""I hear you."", ""We can pause here for a moment.""], ""safety"": ""ok""}",1,2176,2.9446999997162493,0.0012999998943996616,0.00019999970390927047,0.013799999578623101,0.004999999873689376,2.970900000036636
1831,d235_u7,neutral,train,235,7,always,3,1,1,0,0,0,1,1,0,ok,"{""sentences"": [""I hear you."", ""We can pause here for a moment.""], ""safety"": ""ok""}",1,2176,3.0198999993444886,0.0013999997463542968,0.00019999970390927047,0.013799999578623101,0.005199999577598646,3.046400000130234
1832,d235_u8,sad,train,235,8,always,3,1,1,0,0,0,1,1,0,ok,"{""sentences"": [""I hear you."", ""We can pause here for a moment.""], ""safety"": ""ok""}",1,2176,2.6244999999107677,0.0012999998943996616,0.00019999970390927047,0.014199999895936344,0.005099999725644011,2.6511000005484675
1833,d235_u9,neutral,train,235,9,always,3,1,1,0,0,0,1,1,0,ok,"{""sentences"": [""I hear you."", ""We can pause here for a moment.""], ""safety"": ""ok""}",1,2176,3.01709999985178,0.0012000000424450263,0.0002999995558639057,0.013900000340072438,0.005300000339047983,3.0435999997280305
1834,d236_u0,happy,train,236,0,always,3,1,1,0,0,0,1,1,0,ok,"{""sentences"": [""I hear you."", ""We can pause here for a moment.""], ""safety"": ""ok""}",1,2176,2.6185000006080372,0.0012999998943996616,0.0002999995558639057,0.013799999578623101,0.005100000635138713,2.644700000018929
1835,d236_u1,neutral,train,236,1,always,3,1,1,0,0,0,1,1,0,ok,"{""sentences"": [""I hear you."", ""We can pause here for a moment.""], ""safety"": ""ok""}",1,2176,2.6840999998967163,0.0012000000424450263,0.0002999995558639057,0.014399999599845614,0.005399999281507917,2.7114000004075933
1836,d236_u2,neutral,train,236,2,always,3,1,1,0,0,0,1,1,0,ok,"{""sentences"": [""I hear you."", ""We can pause here for a moment.""], ""safety"": ""ok""}",1,2176,2.3953999998411746,0.0012999998943996616,0.00030000046535860747,0.014100000043981709,0.005199999577598646,2.422199999273289
1837,d236_u3,neutral,train,236,3,always,3,1,1,0,0,0,1,1,0,ok,"{""sentences"": [""I hear you."", ""We can pause here for a moment.""], ""safety"": ""ok""}",1,2176,2.7283999997962383,0.0015999994502635673,0.00030000046535860747,0.014500000361294951,0.005300000339047983,2.7563000003283378
1838,d236_u4,neutral,train,236,4,always,3,1,1,0,0,0,1,1,0,ok,"{""sentences"": [""I hear you."", ""We can pause here for a moment.""], ""safety"": ""ok""}",1,2176,3.7830000001122244,0.0012000000424450263,0.00019999970390927047,0.01359999987471383,0.004999999873689376,3.808700000263343
1839,d236_u5,angry,train,236,5,always,3,1,1,0,0,0,1,1,0,ok,"{""sentences"": [""I hear you."", ""We can pause here for a moment.""], ""safety"": ""ok""}",1,2176,2.4592999998276355,0.0012999998943996616,0.0002999995558639057,0.013900000340072438,0.0054000001910026185,2.486299999873154
1840,d236_u7,neutral,train,236,7,always,3,1,1,0,0,0,1,1,0,ok,"{""sentences"": [""I hear you."", ""We can pause here for a moment.""], ""safety"": ""ok""}",1,2176,3.1676000007792027,0.0012999998943996616,0.0002999995558639057,0.013999999282532372,0.005099999725644011,3.1940999997459585
1841,d236_u9,neutral,train,236,9,always,3,1,1,0,0,0,1,1,0,ok,"{""sentences"": [""I hear you."", ""We can pause here for a moment.""], ""safety"": ""ok""}",1,2176,2.8362000002744026,0.0012000000424450263,0.00030000046535860747,0.01359999987471383,0.005300000339047983,2.86229999983334
1842,d236_u10,neutral,train,236,10,always,3,1,1,0,0,0,1,1,0,ok,"{""sentences"": [""I hear you."", ""We can pause here for a moment.""], ""safety"": ""ok""}",1,2176,2.7302999997118604,0.0012000000424450263,0.00019999970390927047,0.013099999705445953,0.004900000021734741,2.754799999820534
1843,d236_u12,neutral,train,236,12,always,3,1,1,0,0,0,1,1,0,ok,"{""sentences"": [""I hear you."", ""We can pause here for a moment.""], ""safety"": ""ok""}",1,2176,2.935100000286184,0.0012000000424450263,0.00019999970390927047,0.014599999303754885,0.0052999994295532815,2.96260000050097
1844,d236_u13,angry,train,236,13,always,3,1,1,0,0,0,1,1,0,ok,"{""sentences"": [""I hear you."", ""We can pause here for a moment.""], ""safety"": ""ok""}",1,2176,2.6658999995561317,0.0012999998943996616,0.00030000046535860747,0.014200000805431046,0.0052999994295532815,2.692699999897741
1845,d236_u14,happy,train,236,14,always,3,1,1,0,0,0,1,1,0,ok,"{""sentences"": [""I hear you."", ""We can pause here for a moment.""], ""safety"": ""ok""}",1,2176,2.8519999996206025,0.0012000000424450263,0.00019999970390927047,0.01359999987471383,0.004900000021734741,2.8775999999197666
1846,d236_u15,angry,train,236,15,always,3,1,1,0,0,0,1,1,0,ok,"{""sentences"": [""I hear you."", ""We can pause here for a moment.""], ""safety"": ""ok""}",1,2176,2.3247999997693114,0.0012000000424450263,0.00020000061340397224,0.013500000022759195,0.005100000635138713,2.3505999997723848
1847,d237_u2,angry,train,237,2,always,3,1,1,0,0,0,1,1,0,ok,"{""sentences"": [""I hear you."", ""We can pause here for a moment.""], ""safety"": ""ok""}",1,2176,2.908499999648484,0.0012999998943996616,0.0002999995558639057,0.014199999895936344,0.005300000339047983,2.9354999996940023
1848,d237_u3,neutral,train,237,3,always,3,1,1,0,0,0,1,1,0,ok,"{""sentences"": [""I hear you."", ""We can pause here for a moment.""], ""safety"": ""ok""}",1,2176,3.06910000017524,0.0012000000424450263,0.00019999970390927047,0.031200000194075983,0.005099999725644011,3.1128000000535394
1849,d237_u5,angry,train,237,5,always,3,1,1,0,0,0,1,1,0,ok,"{""sentences"": [""I hear you."", ""We can pause here for a moment.""], ""safety"": ""ok""}",1,2176,2.607200000056764,0.001100000190490391,0.00019999970390927047,0.029799999538226984,0.005099999725644011,2.6490000000194414
1850,d237_u8,sad,train,237,8,always,3,1,1,0,0,0,1,1,0,ok,"{""sentences"": [""I hear you."", ""We can pause here for a moment.""], ""safety"": ""ok""}",1,2176,2.7902000001631677,0.0012000000424450263,0.0002999995558639057,0.013899999430577736,0.005200000487093348,2.8161999998701504
1851,d237_u9,sad,train,237,9,always,3,1,1,0,0,0,1,1,0,ok,"{""sentences"": [""I hear you."", ""We can pause here for a moment.""], ""safety"": ""ok""}",1,2176,3.192699999999604,0.0012000000424450263,0.00030000046535860747,0.013900000340072438,0.005300000339047983,3.219600000193168
1852,d237_u10,neutral,train,237,10,always,3,1,1,0,0,0,1,1,0,ok,"{""sentences"": [""I hear you."", ""We can pause here for a moment.""], ""safety"": ""ok""}",1,2176,2.2361999999702675,0.0012000000424450263,0.00019999970390927047,0.013300000318849925,0.005200000487093348,2.2618000002694316
1853,d237_u11,neutral,train,237,11,always,3,1,1,0,0,0,1,1,0,ok,"{""sentences"": [""I hear you."", ""We can pause here for a moment.""], ""safety"": ""ok""}",1,2176,3.225100000236125,0.0012999998943996616,0.00020000061340397224,0.014000000192027073,0.005200000487093348,3.252099999372149
1854,d238_u0,neutral,train,238,0,always,3,1,1,0,0,0,1,1,0,ok,"{""sentences"": [""I hear you."", ""We can pause here for a moment.""], ""safety"": ""ok""}",1,2176,2.6674000000639353,0.0012000000424450263,0.00030000046535860747,0.012999999853491317,0.004900000021734741,2.7092000000266125
1855,d238_u1,neutral,train,238,1,always,3,1,1,0,0,0,1,1,0,ok,"{""sentences"": [""I hear you."", ""We can pause here for a moment.""], ""safety"": ""ok""}",1,2176,3.318500000204949,0.0012999998943996616,0.00030000046535860747,0.014000000192027073,0.005199999577598646,3.3452000006946037
1856,d238_u2,neutral,train,238,2,always,3,1,1,0,0,0,1,1,0,ok,"{""sentences"": [""I hear you."", ""We can pause here for a moment.""], ""safety"": ""ok""}",1,2176,2.548600000409351,0.0012000000424450263,0.00020000061340397224,0.014000000192027073,0.005300000339047983,2.5748999996721977
1857,d238_u3,neutral,train,238,3,always,3,1,1,0,0,0,1,1,0,ok,"{""sentences"": [""I hear you."", ""We can pause here for a moment.""], ""safety"": ""ok""}",1,2176,2.5432000002183486,0.0012999998943996616,0.00020000061340397224,0.01359999987471383,0.005200000487093348,2.569400000538735
1858,d238_u4,neutral,train,238,4,always,3,1,1,0,0,0,1,1,0,ok,"{""sentences"": [""I hear you."", ""We can pause here for a moment.""], ""safety"": ""ok""}",1,2176,2.569700000094599,0.0012000000424450263,0.00019999970390927047,0.014000000192027073,0.005099999725644011,2.5961999999708496
1859,d238_u5,neutral,train,238,5,always,3,1,1,0,0,0,1,1,0,ok,"{""sentences"": [""I hear you."", ""We can pause here for a moment.""], ""safety"": ""ok""}",1,2176,2.9792000004817965,0.0012999998943996616,0.00020000061340397224,0.01430000065738568,0.0052999994295532815,3.0065000000831787
1860,d238_u6,neutral,train,238,6,always,3,1,1,0,0,0,1,1,0,ok,"{""sentences"": [""I hear you."", ""We can pause here for a moment.""], ""safety"": ""ok""}",1,2176,2.981999999974505,0.001100000190490391,0.0002999995558639057,0.01300000076298602,0.004800000169780105,3.00619999961782
1861,d239_u0,neutral,train,239,0,always,3,1,1,0,0,0,1,1,0,ok,"{""sentences"": [""I hear you."", ""We can pause here for a moment.""], ""safety"": ""ok""}",1,2176,2.8694000002360553,0.001100000190490391,0.0002999995558639057,0.01359999987471383,0.004900000021734741,2.8952000002391287
1862,d239_u1,neutral,train,239,1,always,3,1,1,0,0,0,1,1,0,ok,"{""sentences"": [""I hear you."", ""We can pause here for a moment.""], ""safety"": ""ok""}",1,2176,2.330899999833491,0.0013999997463542968,0.00020000061340397224,0.014000000192027073,0.005300000339047983,2.357800000027055
1863,d239_u2,happy,train,239,2,always,3,1,1,0,0,0,1,1,0,ok,"{""sentences"": [""I hear you."", ""We can pause here for a moment.""], ""safety"": ""ok""}",1,2176,2.5944999997591367,0.0012000000424450263,0.00030000046535860747,0.014400000509340316,0.005199999577598646,2.6213999999527005
1864,d239_u3,happy,train,239,3,always,3,1,1,0,0,0,1,1,0,ok,"{""sentences"": [""I hear you."", ""We can pause here for a moment.""], ""safety"": ""ok""}",1,2176,2.6022000001830747,0.0011999991329503246,0.00019999970390927047,0.013699999726668466,0.005200000487093348,2.6281000000381027
1865,d239_u4,neutral,train,239,4,always,3,1,1,0,0,0,1,1,0,ok,"{""sentences"": [""I hear you."", ""We can pause here for a moment.""], ""safety"": ""ok""}",1,2176,2.8135000002293964,0.0012999998943996616,0.00019999970390927047,0.014100000043981709,0.005200000487093348,2.8572999999596504
1866,d239_u6,happy,train,239,6,always,3,1,1,0,0,0,1,1,0,ok,"{""sentences"": [""I hear you."", ""We can pause here for a moment.""], ""safety"": ""ok""}",1,2176,3.09200000083365,0.0012999998943996616,0.00019999970390927047,0.013699999726668466,0.005000000783184078,3.1181000003925874
1867,d240_u0,neutral,train,240,0,always,3,1,1,0,0,0,1,1,0,ok,"{""sentences"": [""I hear you."", ""We can pause here for a moment.""], ""safety"": ""ok""}",1,2176,2.5748999996721977,0.0012999998943996616,0.0002999995558639057,0.014100000043981709,0.0054000001910026185,2.6020999994216254
1868,d240_u1,neutral,train,240,1,always,3,1,1,0,0,0,1,1,0,ok,"{""sentences"": [""I hear you."", ""We can pause here for a moment.""], ""safety"": ""ok""}",1,2176,3.0796000000918866,0.0012999998943996616,0.00019999970390927047,0.014799999917158857,0.005200000487093348,3.122899999652873
1869,d240_u2,neutral,train,240,2,always,3,1,1,0,0,0,1,1,0,ok,"{""sentences"": [""I hear you."", ""We can pause here for a moment.""], ""safety"": ""ok""}",1,2176,3.1529999996564584,0.0012000000424450263,0.00019999970390927047,0.014299999747890979,0.005199999577598646,3.1797999999980675
1870,d240_u4,neutral,train,240,4,always,3,1,1,0,0,0,1,1,0,ok,"{""sentences"": [""I hear you."", ""We can pause here for a moment.""], ""safety"": ""ok""}",1,2176,2.457200000208104,0.0012000000424450263,0.00030000046535860747,0.013799999578623101,0.005200000487093348,2.4836000002324
1871,d240_u5,neutral,train,240,5,always,3,1,1,0,0,0,1,1,0,ok,"{""sentences"": [""I hear you."", ""We can pause here for a moment.""], ""safety"": ""ok""}",1,2176,2.7771999994001817,0.0012999998943996616,0.0002999995558639057,0.016400000276917126,0.017899999875226058,2.8190000002723536
1872,d240_u6,neutral,train,240,6,always,3,1,1,0,0,0,1,1,0,ok,"{""sentences"": [""I hear you."", ""We can pause here for a moment.""], ""safety"": ""ok""}",1,2176,2.9237999997349107,0.0013999997463542968,0.0002999995558639057,0.014700000065204222,0.005700000656361226,2.952200000436278
1873,d241_u0,angry,train,241,0,always,3,1,1,0,0,0,1,1,0,ok,"{""sentences"": [""I hear you."", ""We can pause here for a moment.""], ""safety"": ""ok""}",1,2176,2.9506999999284744,0.0012000000424450263,0.00019999970390927047,0.014599999303754885,0.0054000001910026185,2.9779999995298567
1874,d241_u1,sad,train,241,1,always,3,1,1,0,0,0,1,1,0,ok,"{""sentences"": [""I hear you."", ""We can pause here for a moment.""], ""safety"": ""ok""}",1,2176,3.195600000253762,0.0013999997463542968,0.00030000046535860747,0.014000000192027073,0.005800000508315861,3.222999999707099
1875,d241_u2,neutral,train,241,2,always,3,1,1,0,0,0,1,1,0,ok,"{""sentences"": [""I hear you."", ""We can pause here for a moment.""], ""safety"": ""ok""}",1,2176,2.741900000728492,0.0012999998943996616,0.00019999970390927047,0.013799999578623101,0.004900000021734741,2.768100000139384
1876,d241_u3,angry,train,241,3,always,3,1,1,0,0,0,1,1,0,ok,"{""sentences"": [""I hear you."", ""We can pause here for a moment.""], ""safety"": ""ok""}",1,2176,2.9554000002463,0.0012999998943996616,0.00019999970390927047,0.013900000340072438,0.005200000487093348,2.9819000001225504
1877,d241_u4,happy,train,241,4,always,3,1,1,0,0,0,1,1,0,ok,"{""sentences"": [""I hear you."", ""We can pause here for a moment.""], ""safety"": ""ok""}",1,2176,2.932899999905203,0.0012999998943996616,0.00019999970390927047,0.014100000043981709,0.005099999725644011,2.959700000246812
1878,d241_u5,angry,train,241,5,always,3,1,1,0,0,0,1,1,0,ok,"{""sentences"": [""I hear you."", ""We can pause here for a moment.""], ""safety"": ""ok""}",1,2176,2.5892999992720434,0.0012999998943996616,0.00020000061340397224,0.013700000636163168,0.005099999725644011,2.615200000036566
1879,d241_u6,neutral,train,241,6,always,3,1,1,0,0,0,1,1,0,ok,"{""sentences"": [""I hear you."", ""We can pause here for a moment.""], ""safety"": ""ok""}",1,2176,2.904799999669194,0.0013999997463542968,0.00030000046535860747,0.030699999115313403,0.0054000001910026185,2.948399999695539
1880,d241_u7,neutral,train,241,7,always,3,1,1,0,0,0,1,1,0,ok,"{""sentences"": [""I hear you."", ""We can pause here for a moment.""], ""safety"": ""ok""}",1,2176,3.6985000006097835,0.0013000008038943633,0.00019999970390927047,0.013699999726668466,0.005099999725644011,3.72479999987263
1881,d241_u8,angry,train,241,8,always,3,1,1,0,0,0,1,1,0,ok,"{""sentences"": [""I hear you."", ""We can pause here for a moment.""], ""safety"": ""ok""}",1,2176,2.9463000000760076,0.0012999998943996616,0.00030000046535860747,0.013900000340072438,0.004999999873689376,2.972300000692485
1882,d241_u9,neutral,train,241,9,always,3,1,1,0,0,0,1,1,0,ok,"{""sentences"": [""I hear you."", ""We can pause here for a moment.""], ""safety"": ""ok""}",1,2176,2.5832000001173583,0.0012000000424450263,0.00030000046535860747,0.014299999747890979,0.004900000021734741,2.6100999994014273
1883,d241_u10,happy,train,241,10,always,3,1,1,0,0,0,1,1,0,ok,"{""sentences"": [""I hear you."", ""We can pause here for a moment.""], ""safety"": ""ok""}",1,2176,2.881399999751011,0.0012999998943996616,0.00030000046535860747,0.014200000805431046,0.005399999281507917,2.908400000706024
1884,d242_u0,happy,train,242,0,always,3,1,1,0,0,0,1,1,0,ok,"{""sentences"": [""I hear you."", ""We can pause here for a moment.""], ""safety"": ""ok""}",1,2176,2.6455000006535556,0.0012000000424450263,0.00030000046535860747,0.013500000022759195,0.005200000487093348,2.671100000043225
1885,d242_u1,neutral,train,242,1,always,3,1,1,0,0,0,1,1,0,ok,"{""sentences"": [""I hear you."", ""We can pause here for a moment.""], ""safety"": ""ok""}",1,2176,2.683900000192807,0.0012999998943996616,0.0002999995558639057,0.014199999895936344,0.005199999577598646,2.7111999997941894
1886,d242_u2,neutral,train,242,2,always,3,1,1,0,0,0,1,1,0,ok,"{""sentences"": [""I hear you."", ""We can pause here for a moment.""], ""safety"": ""ok""}",1,2176,2.9698999996981,0.0012999998943996616,0.0002999995558639057,0.013699999726668466,0.004900000021734741,2.9952000004414003
1887,d242_u3,neutral,train,242,3,always,3,1,1,0,0,0,1,1,0,ok,"{""sentences"": [""I hear you."", ""We can pause here for a moment.""], ""safety"": ""ok""}",1,2176,3.084300000409712,0.0012000000424450263,0.0002999995558639057,0.014199999895936344,0.0054000001910026185,3.111400000307185
1888,d242_u4,neutral,train,242,4,always,3,1,1,0,0,0,1,1,0,ok,"{""sentences"": [""I hear you."", ""We can pause here for a moment.""], ""safety"": ""ok""}",1,2176,2.6129999996555853,0.0012999998943996616,0.00019999970390927047,0.014299999747890979,0.0052999994295532815,2.640600000631821
1889,d242_u6,sad,train,242,6,always,3,1,1,0,0,0,1,1,0,ok,"{""sentences"": [""I hear you."", ""We can pause here for a moment.""], ""safety"": ""ok""}",1,2176,2.7353999994375044,0.0012000000424450263,0.0002999995558639057,0.014399999599845614,0.005200000487093348,2.762299999631068
1890,d243_u0,happy,train,243,0,always,3,1,1,0,0,0,1,1,0,ok,"{""sentences"": [""I hear you."", ""We can pause here for a moment.""], ""safety"": ""ok""}",1,2176,2.793999999994412,0.0012999998943996616,0.00019999970390927047,0.014299999747890979,0.005099999725644011,2.820900000187976
1891,d244_u0,neutral,train,244,0,always,3,1,1,0,0,0,1,1,0,ok,"{""sentences"": [""I hear you."", ""We can pause here for a moment.""], ""safety"": ""ok""}",1,2176,2.644700000018929,0.0016999993022182025,0.0004000003173132427,0.014700000065204222,0.005300000339047983,2.6748000000225147
1892,d244_u1,neutral,train,244,1,always,3,1,1,0,0,0,1,1,0,ok,"{""sentences"": [""I hear you."", ""We can pause here for a moment.""], ""safety"": ""ok""}",1,2176,2.7740999994421145,0.0012999998943996616,0.00020000061340397224,0.013999999282532372,0.005200000487093348,2.800599999318365
1893,d244_u3,neutral,train,244,3,always,3,1,1,0,0,0,1,1,0,ok,"{""sentences"": [""I hear you."", ""We can pause here for a moment.""], ""safety"": ""ok""}",1,2176,3.128899999865098,0.0012999998943996616,0.00030000046535860747,0.014100000043981709,0.005199999577598646,3.1556999992972123
1894,d244_u5,neutral,train,244,5,always,3,1,1,0,0,0,1,1,0,ok,"{""sentences"": [""I hear you."", ""We can pause here for a moment.""], ""safety"": ""ok""}",1,2176,2.7276000000711065,0.0012999998943996616,0.0002999995558639057,0.014399999599845614,0.005099999725644011,2.7549999995244434
1895,d244_u6,neutral,train,244,6,always,3,1,1,0,0,0,1,1,0,ok,"{""sentences"": [""I hear you."", ""We can pause here for a moment.""], ""safety"": ""ok""}",1,2176,3.051699999559787,0.0012999998943996616,0.00020000061340397224,0.013799999578623101,0.005300000339047983,3.078300000197487
1896,d245_u0,happy,train,245,0,always,3,1,1,0,0,0,1,1,0,ok,"{""sentences"": [""I hear you."", ""We can pause here for a moment.""], ""safety"": ""ok""}",1,2176,3.02190000002156,0.0012000000424450263,0.0002999995558639057,0.013500000022759195,0.004999999873689376,3.047100000003411
1897,d245_u1,happy,train,245,1,always,3,1,1,0,0,0,1,1,0,ok,"{""sentences"": [""I hear you."", ""We can pause here for a moment.""], ""safety"": ""ok""}",1,2176,2.439799999592651,0.0012000000424450263,0.00030000046535860747,0.013999999282532372,0.005199999577598646,2.4663999993208563
1898,d245_u2,happy,train,245,2,always,3,1,1,0,0,0,1,1,0,ok,"{""sentences"": [""I hear you."", ""We can pause here for a moment.""], ""safety"": ""ok""}",1,2176,2.8798000003007473,0.0012000000424450263,0.0002999995558639057,0.013800000488117803,0.005500000042957254,2.906499999880907
1899,d245_u3,happy,train,245,3,always,3,1,1,0,0,0,1,1,0,ok,"{""sentences"": [""I hear you."", ""We can pause here for a moment.""], ""safety"": ""ok""}",1,2176,2.990200000567711,0.0012999998943996616,0.0002999995558639057,0.013799999578623101,0.005200000487093348,3.016599999682512
1900,d245_u4,neutral,train,245,4,always,3,1,1,0,0,0,1,1,0,ok,"{""sentences"": [""I hear you."", ""We can pause here for a moment.""], ""safety"": ""ok""}",1,2176,2.651499999956286,0.0012000000424450263,0.00019999970390927047,0.01340000017080456,0.005199999577598646,2.67710000025545
1901,d245_u5,happy,train,245,5,always,3,1,1,0,0,0,1,1,0,ok,"{""sentences"": [""I hear you."", ""We can pause here for a moment.""], ""safety"": ""ok""}",1,2176,2.2988000000623288,0.0012999998943996616,0.0002999995558639057,0.014000000192027073,0.005199999577598646,2.3252999999385793
1902,d245_u6,neutral,train,245,6,always,3,1,1,0,0,0,1,1,0,ok,"{""sentences"": [""I hear you."", ""We can pause here for a moment.""], ""safety"": ""ok""}",1,2176,2.6876000001720968,0.0012999998943996616,0.00030000046535860747,0.014199999895936344,0.005200000487093348,2.7141000000483473
1903,d245_u7,happy,train,245,7,always,3,1,1,0,0,0,1,1,0,ok,"{""sentences"": [""I hear you."", ""We can pause here for a moment.""], ""safety"": ""ok""}",1,2176,2.837500000168802,0.0013999997463542968,0.0002999995558639057,0.014000000192027073,0.005300000339047983,2.864400000362366
1904,d245_u8,happy,train,245,8,always,3,1,1,0,0,0,1,1,0,ok,"{""sentences"": [""I hear you."", ""We can pause here for a moment.""], ""safety"": ""ok""}",1,2176,3.2662999992680852,0.0012000000424450263,0.00030000046535860747,0.01340000017080456,0.004999999873689376,3.2920000003286987
1905,d245_u9,sad,train,245,9,always,3,1,1,0,0,0,1,1,0,ok,"{""sentences"": [""I hear you."", ""We can pause here for a moment.""], ""safety"": ""ok""}",1,2176,3.3634000001256936,0.0010999992809956893,0.0002999995558639057,0.013800000488117803,0.005099999725644011,3.38969999938854
1906,d245_u13,sad,train,245,13,always,3,1,1,0,0,0,1,1,0,ok,"{""sentences"": [""I hear you."", ""We can pause here for a moment.""], ""safety"": ""ok""}",1,2176,2.3573999997097417,0.0012000000424450263,0.00019999970390927047,0.014100000043981709,0.005199999577598646,2.3838000006435323
1907,d245_u15,sad,train,245,15,always,3,1,1,0,0,0,1,1,0,ok,"{""sentences"": [""I hear you."", ""We can pause here for a moment.""], ""safety"": ""ok""}",1,2176,2.7581999993344652,0.0012999998943996616,0.00019999970390927047,0.014100000043981709,0.0054000001910026185,2.7854999998453422
1908,d245_u16,neutral,train,245,16,always,3,1,1,0,0,0,1,1,0,ok,"{""sentences"": [""I hear you."", ""We can pause here for a moment.""], ""safety"": ""ok""}",1,2176,2.7375999998184852,0.0012000000424450263,0.0002999995558639057,0.013500000022759195,0.004999999873689376,2.763299999969604
1909,d246_u0,happy,train,246,0,always,3,1,1,0,0,0,1,1,0,ok,"{""sentences"": [""I hear you."", ""We can pause here for a moment.""], ""safety"": ""ok""}",1,2176,2.7663000000757165,0.0012000000424450263,0.00020000061340397224,0.013700000636163168,0.005199999577598646,2.792500000396103
1910,d246_u1,sad,train,246,1,always,3,1,1,0,0,0,1,1,0,ok,"{""sentences"": [""I hear you."", ""We can pause here for a moment.""], ""safety"": ""ok""}",1,2176,2.7817999998660525,0.0012999998943996616,0.00030000046535860747,0.013600000784208532,0.005199999577598646,2.80789999942499
1911,d246_u2,neutral,train,246,2,always,3,1,1,0,0,0,1,1,0,ok,"{""sentences"": [""I hear you."", ""We can pause here for a moment.""], ""safety"": ""ok""}",1,2176,2.967700000226614,0.0012000000424450263,0.00020000061340397224,0.014100000043981709,0.004900000021734741,2.993899999637506
1912,d246_u3,neutral,train,246,3,always,3,1,1,0,0,0,1,1,0,ok,"{""sentences"": [""I hear you."", ""We can pause here for a moment.""], ""safety"": ""ok""}",1,2176,2.5009000000864035,0.0012000000424450263,0.00019999970390927047,0.013299999409355223,0.005200000487093348,2.526199999920209
1913,d246_u4,neutral,train,246,4,always,3,1,1,0,0,0,1,1,0,ok,"{""sentences"": [""I hear you."", ""We can pause here for a moment.""], ""safety"": ""ok""}",1,2176,2.473499999723572,0.0012000000424450263,0.00030000046535860747,0.013500000022759195,0.005000000783184078,2.4990000001707813
1914,d246_u5,neutral,train,246,5,always,3,1,1,0,0,0,1,1,0,ok,"{""sentences"": [""I hear you."", ""We can pause here for a moment.""], ""safety"": ""ok""}",1,2176,2.7968999993390753,0.0012999998943996616,0.00030000046535860747,0.01359999987471383,0.005100000635138713,2.8227000002516434
1915,d246_u6,neutral,train,246,6,always,3,1,1,0,0,0,1,1,0,ok,"{""sentences"": [""I hear you."", ""We can pause here for a moment.""], ""safety"": ""ok""}",1,2176,2.2681000000375207,0.0013999997463542968,0.0002999995558639057,0.013899999430577736,0.005199999577598646,2.294699999765726
1916,d247_u0,neutral,train,247,0,always,3,1,1,0,0,0,1,1,0,ok,"{""sentences"": [""I hear you."", ""We can pause here for a moment.""], ""safety"": ""ok""}",1,2176,2.7753000003940542,0.0012000000424450263,0.00019999970390927047,0.013700000636163168,0.005199999577598646,2.8015999996569008
1917,d247_u2,happy,train,247,2,always,3,1,1,0,0,0,1,1,0,ok,"{""sentences"": [""I hear you."", ""We can pause here for a moment.""], ""safety"": ""ok""}",1,2176,2.966999999443942,0.0012999998943996616,0.0002999995558639057,0.013900000340072438,0.005199999577598646,2.993099999912374
1918,d248_u0,neutral,train,248,0,always,3,1,1,0,0,0,1,1,0,ok,"{""sentences"": [""I hear you."", ""We can pause here for a moment.""], ""safety"": ""ok""}",1,2176,2.905000000282598,0.0012999998943996616,0.0002999995558639057,0.014100000043981709,0.005100000635138713,2.9316000000108033
1919,d248_u1,angry,train,248,1,always,3,1,1,0,0,0,1,1,0,ok,"{""sentences"": [""I hear you."", ""We can pause here for a moment.""], ""safety"": ""ok""}",1,2176,2.7965999997832114,0.0012000000424450263,0.0002999995558639057,0.013800000488117803,0.005300000339047983,2.8229999998075073
1920,d248_u3,happy,train,248,3,always,3,1,1,0,0,0,1,1,0,ok,"{""sentences"": [""I hear you."", ""We can pause here for a moment.""], ""safety"": ""ok""}",1,2176,2.479700000549201,0.0012999998943996616,0.00020000061340397224,0.014600000213249587,0.005599999894911889,2.5076000001718057
1921,d248_u4,happy,train,248,4,always,3,1,1,0,0,0,1,1,0,ok,"{""sentences"": [""I hear you."", ""We can pause here for a moment.""], ""safety"": ""ok""}",1,2176,2.9456000002028304,0.0012000000424450263,0.0002999995558639057,0.013500000022759195,0.005100000635138713,2.9879000003347755
1922,d248_u5,angry,train,248,5,always,3,1,1,0,0,0,1,1,0,ok,"{""sentences"": [""I hear you."", ""We can pause here for a moment.""], ""safety"": ""ok""}",1,2176,3.2202000002143905,0.0013999997463542968,0.0002999995558639057,0.014100000043981709,0.005300000339047983,3.2468999997945502
1923,d248_u6,happy,train,248,6,always,3,1,1,0,0,0,1,1,0,ok,"{""sentences"": [""I hear you."", ""We can pause here for a moment.""], ""safety"": ""ok""}",1,2176,2.9484000006050337,0.0012999998943996616,0.00019999970390927047,0.014000000192027073,0.0052999994295532815,2.975000000333239
1924,d248_u7,angry,train,248,7,always,3,1,1,0,0,0,1,1,0,ok,"{""sentences"": [""I hear you."", ""We can pause here for a moment.""], ""safety"": ""ok""}",1,2176,2.882099999624188,0.0012000000424450263,0.0002999995558639057,0.013699999726668466,0.005300000339047983,2.908499999648484
1925,d249_u0,neutral,train,249,0,always,3,1,1,0,0,0,1,1,0,ok,"{""sentences"": [""I hear you."", ""We can pause here for a moment.""], ""safety"": ""ok""}",1,2176,2.720999999837659,0.0012999998943996616,0.0002999995558639057,0.013500000022759195,0.004999999873689376,2.7465999992273282
1926,d249_u1,neutral,train,249,1,always,3,1,1,0,0,0,1,1,0,ok,"{""sentences"": [""I hear you."", ""We can pause here for a moment.""], ""safety"": ""ok""}",1,2176,2.4510999992344296,0.0010999992809956893,0.00019999970390927047,0.013099999705445953,0.004999999873689376,2.4759999996604165
1927,d249_u2,neutral,train,249,2,always,3,1,1,0,0,0,1,1,0,ok,"{""sentences"": [""I hear you."", ""We can pause here for a moment.""], ""safety"": ""ok""}",1,2176,3.0704000000696396,0.0012000000424450263,0.00030000046535860747,0.014700000065204222,0.005399999281507917,3.097999999226886
1928,d249_u3,happy,train,249,3,always,3,1,1,0,0,0,1,1,0,ok,"{""sentences"": [""I hear you."", ""We can pause here for a moment.""], ""safety"": ""ok""}",1,2176,2.479499999935797,0.0012000000424450263,0.00030000046535860747,0.014299999747890979,0.005300000339047983,2.5067999995371792
1929,d249_u4,sad,train,249,4,always,3,1,1,0,0,0,1,1,0,ok,"{""sentences"": [""I hear you."", ""We can pause here for a moment.""], ""safety"": ""ok""}",1,2176,2.9883999995945487,0.001100000190490391,0.00019999970390927047,0.012900000001536682,0.004999999873689376,3.0131000003166264
1930,d249_u5,sad,train,249,5,always,3,1,1,0,0,0,1,1,0,ok,"{""sentences"": [""I hear you."", ""We can pause here for a moment.""], ""safety"": ""ok""}",1,2176,2.7397000003475114,0.0013000008038943633,0.00019999970390927047,0.013800000488117803,0.005099999725644011,2.766199999314267
1931,d249_u6,sad,train,249,6,always,3,1,1,0,0,0,1,1,0,ok,"{""sentences"": [""I hear you."", ""We can pause here for a moment.""], ""safety"": ""ok""}",1,2176,2.6467999996384606,0.0012000000424450263,0.00020000061340397224,0.014200000805431046,0.0052999994295532815,2.6734999992186204
1932,d249_u7,happy,train,249,7,always,3,1,1,0,0,0,1,1,0,ok,"{""sentences"": [""I hear you."", ""We can pause here for a moment.""], ""safety"": ""ok""}",1,2176,2.7839000003950787,0.0013999997463542968,0.00020000061340397224,0.01359999987471383,0.005099999725644011,2.8099000001020613
1933,d249_u8,neutral,train,249,8,always,3,1,1,0,0,0,1,1,0,ok,"{""sentences"": [""I hear you."", ""We can pause here for a moment.""], ""safety"": ""ok""}",1,2176,3.1704000002719113,0.0012999998943996616,0.0002999995558639057,0.014100000043981709,0.005300000339047983,3.1974999992598896
1934,d249_u9,happy,train,249,9,always,3,1,1,0,0,0,1,1,0,ok,"{""sentences"": [""I hear you."", ""We can pause here for a moment.""], ""safety"": ""ok""}",1,2176,2.6424999996379483,0.0012999998943996616,0.00019999970390927047,0.01449999945180025,0.005200000487093348,2.669699999387376
1935,d249_u10,happy,train,249,10,always,3,1,1,0,0,0,1,1,0,ok,"{""sentences"": [""I hear you."", ""We can pause here for a moment.""], ""safety"": ""ok""}",1,2176,2.6982999997926527,0.0013000008038943633,0.00019999970390927047,0.013299999409355223,0.004999999873689376,2.7234999997745035
1936,d249_u11,neutral,train,249,11,always,3,1,1,0,0,0,1,1,0,ok,"{""sentences"": [""I hear you."", ""We can pause here for a moment.""], ""safety"": ""ok""}",1,2176,2.811700000165729,0.001499999598308932,0.00019999970390927047,0.014299999747890979,0.005000000783184078,2.8398000004017376
1937,d249_u13,happy,train,249,13,always,3,1,1,0,0,0,1,1,0,ok,"{""sentences"": [""I hear you."", ""We can pause here for a moment.""], ""safety"": ""ok""}",1,2176,3.10540000009496,0.0013999997463542968,0.00019999970390927047,0.013799999578623101,0.005099999725644011,3.131800000119256
1938,d250_u1,happy,train,250,1,always,3,1,1,0,0,0,1,1,0,ok,"{""sentences"": [""I hear you."", ""We can pause here for a moment.""], ""safety"": ""ok""}",1,2176,2.831299999343173,0.0012999998943996616,0.00019999970390927047,0.013999999282532372,0.005399999281507917,2.858100000594277
1939,d250_u3,happy,train,250,3,always,3,1,1,0,0,0,1,1,0,ok,"{""sentences"": [""I hear you."", ""We can pause here for a moment.""], ""safety"": ""ok""}",1,2176,2.9419000002235407,0.0012000000424450263,0.0002999995558639057,0.014100000043981709,0.005099999725644011,2.968400000099791
1940,d250_u5,neutral,train,250,5,always,3,1,1,0,0,0,1,1,0,ok,"{""sentences"": [""I hear you."", ""We can pause here for a moment.""], ""safety"": ""ok""}",1,2176,2.938499999800115,0.0013999997463542968,0.0002999995558639057,0.014500000361294951,0.005300000339047983,2.9659000001629465
1941,d250_u6,neutral,train,250,6,always,3,1,1,0,0,0,1,1,0,ok,"{""sentences"": [""I hear you."", ""We can pause here for a moment.""], ""safety"": ""ok""}",1,2176,2.661900000020978,0.0013000008038943633,0.00030000046535860747,0.014400000509340316,0.005300000339047983,2.689500000087719
1942,d251_u0,angry,train,251,0,always,3,1,1,0,0,0,1,1,0,ok,"{""sentences"": [""I hear you."", ""We can pause here for a moment.""], ""safety"": ""ok""}",1,2176,2.8354999994917307,0.0013999997463542968,0.00019999970390927047,0.013699999726668466,0.0052999994295532815,2.8621000001294306
1943,d251_u1,neutral,train,251,1,always,3,1,1,0,0,0,1,1,0,ok,"{""sentences"": [""I hear you."", ""We can pause here for a moment.""], ""safety"": ""ok""}",1,2176,2.8535999999803607,0.0012999998943996616,0.00020000061340397224,0.014000000192027073,0.005200000487093348,2.880199999708566
1944,d251_u2,neutral,train,251,2,always,3,1,1,0,0,0,1,1,0,ok,"{""sentences"": [""I hear you."", ""We can pause here for a moment.""], ""safety"": ""ok""}",1,2176,2.6032000005216105,0.0012000000424450263,0.00019999970390927047,0.014400000509340316,0.0052999994295532815,2.630400000271038
1945,d251_u3,neutral,train,251,3,always,3,1,1,0,0,0,1,1,0,ok,"{""sentences"": [""I hear you."", ""We can pause here for a moment.""], ""safety"": ""ok""}",1,2176,3.3010999995894963,0.0013000008038943633,0.00030000046535860747,0.014399999599845614,0.005300000339047983,3.3281999994869693
1946,d251_u4,neutral,train,251,4,always,3,1,1,0,0,0,1,1,0,ok,"{""sentences"": [""I hear you."", ""We can pause here for a moment.""], ""safety"": ""ok""}",1,2176,3.263600000536826,0.0012000000424450263,0.0002999995558639057,0.014299999747890979,0.005200000487093348,3.290499999820895
1947,d251_u5,neutral,train,251,5,always,3,1,1,0,0,0,1,1,0,ok,"{""sentences"": [""I hear you."", ""We can pause here for a moment.""], ""safety"": ""ok""}",1,2176,2.5071999998544925,0.0012000000424450263,0.0002999995558639057,0.013799999578623101,0.005199999577598646,2.5332999994134298
1948,d251_u6,sad,train,251,6,always,3,1,1,0,0,0,1,1,0,ok,"{""sentences"": [""I hear you."", ""We can pause here for a moment.""], ""safety"": ""ok""}",1,2176,2.6172000007136376,0.0012000000424450263,0.00019999970390927047,0.014000000192027073,0.0054000001910026185,2.644000000145752
1949,d252_u0,neutral,train,252,0,always,3,1,1,0,0,0,1,1,0,ok,"{""sentences"": [""I hear you."", ""We can pause here for a moment.""], ""safety"": ""ok""}",1,2176,2.6978999994753394,0.0013999997463542968,0.00019999970390927047,0.014299999747890979,0.005200000487093348,2.724899999520858
1950,d252_u1,neutral,train,252,1,always,3,1,1,0,0,0,1,1,0,ok,"{""sentences"": [""I hear you."", ""We can pause here for a moment.""], ""safety"": ""ok""}",1,2176,2.90820000009262,0.0012000000424450263,0.00020000061340397224,0.013700000636163168,0.005099999725644011,2.933800000391784
1951,d252_u2,neutral,train,252,2,always,3,1,1,0,0,0,1,1,0,ok,"{""sentences"": [""I hear you."", ""We can pause here for a moment.""], ""safety"": ""ok""}",1,2176,2.720000000408618,0.0012000000424450263,0.00030000046535860747,0.013799999578623101,0.005100000635138713,2.745900000263646
1952,d252_u3,neutral,train,252,3,always,3,1,1,0,0,0,1,1,0,ok,"{""sentences"": [""I hear you."", ""We can pause here for a moment.""], ""safety"": ""ok""}",1,2176,2.8156000007584225,0.0010000003385357559,0.00019999970390927047,0.012399999832268804,0.00470000031782547,2.838800000063202
1953,d252_u4,neutral,train,252,4,always,3,1,1,0,0,0,1,1,0,ok,"{""sentences"": [""I hear you."", ""We can pause here for a moment.""], ""safety"": ""ok""}",1,2176,2.8994000003876863,0.0012999998943996616,0.0002999995558639057,0.014299999747890979,0.005200000487093348,2.9262999996717554
1954,d252_u5,neutral,train,252,5,always,3,1,1,0,0,0,1,1,0,ok,"{""sentences"": [""I hear you."", ""We can pause here for a moment.""], ""safety"": ""ok""}",1,2176,2.7312000001984416,0.0012000000424450263,0.00030000046535860747,0.014299999747890979,0.0054000001910026185,2.758399999947869
1955,d252_u6,neutral,train,252,6,always,3,1,1,0,0,0,1,1,0,ok,"{""sentences"": [""I hear you."", ""We can pause here for a moment.""], ""safety"": ""ok""}",1,2176,2.7069999996456318,0.0012999998943996616,0.0002999995558639057,0.013500000022759195,0.004999999873689376,2.732500000092841
1956,d252_u7,neutral,train,252,7,always,3,1,1,0,0,0,1,1,0,ok,"{""sentences"": [""I hear you."", ""We can pause here for a moment.""], ""safety"": ""ok""}",1,2176,3.100899999481044,0.0012000000424450263,0.0002999995558639057,0.014399999599845614,0.005200000487093348,3.1281999999919208
1957,d252_u8,neutral,train,252,8,always,3,1,1,0,0,0,1,1,0,ok,"{""sentences"": [""I hear you."", ""We can pause here for a moment.""], ""safety"": ""ok""}",1,2176,2.732500000092841,0.0012999998943996616,0.0002999995558639057,0.014599999303754885,0.005500000042957254,2.7602999998634914
1958,d252_u9,neutral,train,252,9,always,3,1,1,0,0,0,1,1,0,ok,"{""sentences"": [""I hear you."", ""We can pause here for a moment.""], ""safety"": ""ok""}",1,2176,2.6502000000618864,0.0012999998943996616,0.0002999995558639057,0.01340000017080456,0.005200000487093348,2.6760000000649597
1959,d252_u10,neutral,train,252,10,always,3,1,1,0,0,0,1,1,0,ok,"{""sentences"": [""I hear you."", ""We can pause here for a moment.""], ""safety"": ""ok""}",1,2176,2.869299999474606,0.017899999875226058,0.00020000061340397224,0.030500000320898835,0.005099999725644011,2.9288000005180947
1960,d252_u13,neutral,train,252,13,always,3,1,1,0,0,0,1,1,0,ok,"{""sentences"": [""I hear you."", ""We can pause here for a moment.""], ""safety"": ""ok""}",1,2176,2.649600000040664,0.0015000005078036338,0.00019999970390927047,0.013899999430577736,0.005099999725644011,2.6953999995384947
1961,d252_u14,happy,train,252,14,always,3,1,1,0,0,0,1,1,0,ok,"{""sentences"": [""I hear you."", ""We can pause here for a moment.""], ""safety"": ""ok""}",1,2176,2.8395000008458737,0.0012999998943996616,0.00030000046535860747,0.014199999895936344,0.005199999577598646,2.8669000002992107
1962,d252_u15,neutral,train,252,15,always,3,1,1,0,0,0,1,1,0,ok,"{""sentences"": [""I hear you."", ""We can pause here for a moment.""], ""safety"": ""ok""}",1,2176,3.0143000003590714,0.001100000190490391,0.00019999970390927047,0.013500000022759195,0.004900000021734741,3.039899999748741
1963,d252_u16,neutral,train,252,16,always,3,1,1,0,0,0,1,1,0,ok,"{""sentences"": [""I hear you."", ""We can pause here for a moment.""], ""safety"": ""ok""}",1,2176,2.873800000088522,0.0012000000424450263,0.0002999995558639057,0.013900000340072438,0.004999999873689376,2.899799999795505
1964,d252_u17,happy,train,252,17,always,3,1,1,0,0,0,1,1,0,ok,"{""sentences"": [""I hear you."", ""We can pause here for a moment.""], ""safety"": ""ok""}",1,2176,3.238400000554975,0.0012000000424450263,0.0004000003173132427,0.014000000192027073,0.0054000001910026185,3.265399999690999
1965,d252_u19,neutral,train,252,19,always,3,1,1,0,0,0,1,1,0,ok,"{""sentences"": [""I hear you."", ""We can pause here for a moment.""], ""safety"": ""ok""}",1,2176,2.6958999997077626,0.0012000000424450263,0.0002999995558639057,0.014100000043981709,0.005100000635138713,2.7225000003454625
1966,d253_u0,neutral,train,253,0,always,3,1,1,0,0,0,1,1,0,ok,"{""sentences"": [""I hear you."", ""We can pause here for a moment.""], ""safety"": ""ok""}",1,2176,3.154799999720126,0.0012000000424450263,0.0002999995558639057,0.013199999557400588,0.004899999112240039,3.1797999999980675
1967,d253_u1,happy,train,253,1,always,3,1,1,0,0,0,1,1,0,ok,"{""sentences"": [""I hear you."", ""We can pause here for a moment.""], ""safety"": ""ok""}",1,2176,2.6005999998233165,0.0012999998943996616,0.00019999970390927047,0.01359999987471383,0.005099999725644011,2.62630000088393
1968,d253_u4,neutral,train,253,4,always,3,1,1,0,0,0,1,1,0,ok,"{""sentences"": [""I hear you."", ""We can pause here for a moment.""], ""safety"": ""ok""}",1,2176,2.4802999996609287,0.0012000000424450263,0.00030000046535860747,0.013799999578623101,0.0054000001910026185,2.5064999999813153
1969,d253_u5,happy,train,253,5,always,3,1,1,0,0,0,1,1,0,ok,"{""sentences"": [""I hear you."", ""We can pause here for a moment.""], ""safety"": ""ok""}",1,2176,2.539700000852463,0.0012999998943996616,0.00019999970390927047,0.014100000043981709,0.005199999577598646,2.5665000002845773
1970,d253_u7,neutral,train,253,7,always,3,1,1,0,0,0,1,1,0,ok,"{""sentences"": [""I hear you."", ""We can pause here for a moment.""], ""safety"": ""ok""}",1,2176,2.6970999997502076,0.0012999998943996616,0.00030000046535860747,0.013800000488117803,0.005099999725644011,2.7234999997745035
1971,d253_u8,happy,train,253,8,always,3,1,1,0,0,0,1,1,0,ok,"{""sentences"": [""I hear you."", ""We can pause here for a moment.""], ""safety"": ""ok""}",1,2176,3.023899999789137,0.0012999998943996616,0.00020000061340397224,0.013500000022759195,0.005099999725644011,3.0496999997922103
1972,d253_u10,happy,train,253,10,always,3,1,1,0,0,0,1,1,0,ok,"{""sentences"": [""I hear you."", ""We can pause here for a moment.""], ""safety"": ""ok""}",1,2176,2.801499999804946,0.0012999998943996616,0.00019999970390927047,0.014599999303754885,0.0052999994295532815,2.8292000006331364
1973,d253_u11,neutral,train,253,11,always,3,1,1,0,0,0,1,1,0,ok,"{""sentences"": [""I hear you."", ""We can pause here for a moment.""], ""safety"": ""ok""}",1,2176,2.518999999665539,0.0010999992809956893,0.00019999970390927047,0.01340000017080456,0.004999999873689376,2.5444000002607936
1974,d254_u1,angry,train,254,1,always,3,1,1,0,0,0,1,1,0,ok,"{""sentences"": [""I hear you."", ""We can pause here for a moment.""], ""safety"": ""ok""}",1,2176,2.8658000001087203,0.0013999997463542968,0.00030000046535860747,0.014100000043981709,0.005200000487093348,2.8923999998369254
1975,d254_u2,angry,train,254,2,always,3,1,1,0,0,0,1,1,0,ok,"{""sentences"": [""I hear you."", ""We can pause here for a moment.""], ""safety"": ""ok""}",1,2176,2.6993000001311884,0.0012999998943996616,0.0002999995558639057,0.01340000017080456,0.004999999873689376,2.7249999993728125
1976,d254_u3,angry,train,254,3,always,3,1,1,0,0,0,1,1,0,ok,"{""sentences"": [""I hear you."", ""We can pause here for a moment.""], ""safety"": ""ok""}",1,2176,2.7253000007476658,0.0012000000424450263,0.00019999970390927047,0.013699999726668466,0.005099999725644011,2.7510999998412444
1977,d254_u4,angry,train,254,4,always,3,1,1,0,0,0,1,1,0,ok,"{""sentences"": [""I hear you."", ""We can pause here for a moment.""], ""safety"": ""ok""}",1,2176,2.726300000176707,0.0012999998943996616,0.00030000046535860747,0.013700000636163168,0.004900000021734741,2.7517999997144216
1978,d254_u5,angry,train,254,5,always,3,1,1,0,0,0,1,1,0,ok,"{""sentences"": [""I hear you."", ""We can pause here for a moment.""], ""safety"": ""ok""}",1,2176,2.6876000001720968,0.0012999998943996616,0.00030000046535860747,0.013899999430577736,0.004999999873689376,2.7138000004924834
1979,d254_u6,angry,train,254,6,always,3,1,1,0,0,0,1,1,0,ok,"{""sentences"": [""I hear you."", ""We can pause here for a moment.""], ""safety"": ""ok""}",1,2176,3.0261000001701177,0.001100000190490391,0.0002999995558639057,0.013500000022759195,0.004900000021734741,3.0511000004480593
1980,d254_u7,neutral,train,254,7,always,3,1,1,0,0,0,1,1,0,ok,"{""sentences"": [""I hear you."", ""We can pause here for a moment.""], ""safety"": ""ok""}",1,2176,2.895699999498902,0.0014000006558489986,0.00030000046535860747,0.014700000065204222,0.005399999281507917,2.9235999991215067
1981,d254_u8,happy,train,254,8,always,3,1,1,0,0,0,1,1,0,ok,"{""sentences"": [""I hear you."", ""We can pause here for a moment.""], ""safety"": ""ok""}",1,2176,2.834400000210735,0.0013000008038943633,0.00020000061340397224,0.014000000192027073,0.005300000339047983,2.8611999996428494
1982,d254_u9,angry,train,254,9,always,3,1,1,0,0,0,1,1,0,ok,"{""sentences"": [""I hear you."", ""We can pause here for a moment.""], ""safety"": ""ok""}",1,2176,2.9131999999663094,0.0012999998943996616,0.00019999970390927047,0.014199999895936344,0.005300000339047983,2.9402999998637824
1983,d255_u1,neutral,train,255,1,always,3,1,1,0,0,0,1,1,0,ok,"{""sentences"": [""I hear you."", ""We can pause here for a moment.""], ""safety"": ""ok""}",1,2176,3.0612999998993473,0.0012999998943996616,0.00020000061340397224,0.013600000784208532,0.005199999577598646,3.087499999310239
1984,d255_u3,neutral,train,255,3,always,3,1,1,0,0,0,1,1,0,ok,"{""sentences"": [""I hear you."", ""We can pause here for a moment.""], ""safety"": ""ok""}",1,2176,2.269900000101188,0.0012999998943996616,0.00019999970390927047,0.01449999945180025,0.005199999577598646,2.296899999237212
1985,d255_u5,happy,train,255,5,always,3,1,1,0,0,0,1,1,0,ok,"{""sentences"": [""I hear you."", ""We can pause here for a moment.""], ""safety"": ""ok""}",1,2176,2.4353999997401843,0.0013999997463542968,0.0002999995558639057,0.014000000192027073,0.0054000001910026185,2.4623999997857027
1986,d255_u7,happy,train,255,7,always,3,1,1,0,0,0,1,1,0,ok,"{""sentences"": [""I hear you."", ""We can pause here for a moment.""], ""safety"": ""ok""}",1,2176,2.8367999993861304,0.0013999997463542968,0.00030000046535860747,0.014100000043981709,0.005300000339047983,2.863700000489189
1987,d255_u9,sad,train,255,9,always,3,1,1,0,0,0,1,1,0,ok,"{""sentences"": [""I hear you."", ""We can pause here for a moment.""], ""safety"": ""ok""}",1,2176,3.208299999641895,0.0012999998943996616,0.0002999995558639057,0.013900000340072438,0.004999999873689376,3.2342000004064175
1988,d255_u10,angry,train,255,10,always,3,1,1,0,0,0,1,1,0,ok,"{""sentences"": [""I hear you."", ""We can pause here for a moment.""], ""safety"": ""ok""}",1,2176,2.39529999998922,0.0012999998943996616,0.00020000061340397224,0.01340000017080456,0.005399999281507917,2.4215000003096065
1989,d255_u11,angry,train,255,11,always,3,1,1,0,0,0,1,1,0,ok,"{""sentences"": [""I hear you."", ""We can pause here for a moment.""], ""safety"": ""ok""}",1,2176,2.7109999991807854,0.0013999997463542968,0.0002999995558639057,0.014299999747890979,0.005300000339047983,2.738099999987753
1990,d255_u12,happy,train,255,12,always,3,1,1,0,0,0,1,1,0,ok,"{""sentences"": [""I hear you."", ""We can pause here for a moment.""], ""safety"": ""ok""}",1,2176,2.7964999999312568,0.0012000000424450263,0.0002999995558639057,0.014000000192027073,0.005199999577598646,2.8232000004209112
1991,d255_u15,neutral,train,255,15,always,3,1,1,0,0,0,1,1,0,ok,"{""sentences"": [""I hear you."", ""We can pause here for a moment.""], ""safety"": ""ok""}",1,2176,2.357500000471191,0.0012000000424450263,0.00030000046535860747,0.014200000805431046,0.005199999577598646,2.383999999437947
1992,d256_u0,sad,train,256,0,always,3,1,1,0,0,0,1,1,0,ok,"{""sentences"": [""I hear you."", ""We can pause here for a moment.""], ""safety"": ""ok""}",1,2176,3.1701999996585073,0.0012000000424450263,0.00019999970390927047,0.013699999726668466,0.004999999873689376,3.1960000005710754
1993,d256_u1,neutral,train,256,1,always,3,1,1,0,0,0,1,1,0,ok,"{""sentences"": [""I hear you."", ""We can pause here for a moment.""], ""safety"": ""ok""}",1,2176,2.939999999398424,0.0012000000424450263,0.00020000061340397224,0.014500000361294951,0.005500000042957254,2.96749999961321
1994,d256_u2,angry,train,256,2,always,3,1,1,0,0,0,1,1,0,ok,"{""sentences"": [""I hear you."", ""We can pause here for a moment.""], ""safety"": ""ok""}",1,2176,2.977199999804725,0.0013000008038943633,0.0002999995558639057,0.013799999578623101,0.004999999873689376,3.003499999977066
1995,d256_u3,neutral,train,256,3,always,3,1,1,0,0,0,1,1,0,ok,"{""sentences"": [""I hear you."", ""We can pause here for a moment.""], ""safety"": ""ok""}",1,2176,3.0258999995567137,0.0012000000424450263,0.00020000061340397224,0.01430000065738568,0.005199999577598646,3.052699999898323
1996,d256_u4,neutral,train,256,4,always,3,1,1,0,0,0,1,1,0,ok,"{""sentences"": [""I hear you."", ""We can pause here for a moment.""], ""safety"": ""ok""}",1,2176,2.4007000001802226,0.0012000000424450263,0.00020000061340397224,0.013800000488117803,0.004999999873689376,2.426999999443069
1997,d256_u5,neutral,train,256,5,always,3,1,1,0,0,0,1,1,0,ok,"{""sentences"": [""I hear you."", ""We can pause here for a moment.""], ""safety"": ""ok""}",1,2176,2.8707999999824096,0.0012999998943996616,0.00019999970390927047,0.014399999599845614,0.0054000001910026185,2.8978999998798827
1998,d256_u6,angry,train,256,6,always,3,1,1,0,0,0,1,1,0,ok,"{""sentences"": [""I hear you."", ""We can pause here for a moment.""], ""safety"": ""ok""}",1,2176,2.7135999998790794,0.0012999998943996616,0.00030000046535860747,0.013899999430577736,0.004999999873689376,2.739800000199466
1999,d256_u7,happy,train,256,7,always,3,1,1,0,0,0,1,1,0,ok,"{""sentences"": [""I hear you."", ""We can pause here for a moment.""], ""safety"": ""ok""}",1,2176,2.8395999997883337,0.0013000008038943633,0.00019999970390927047,0.014000000192027073,0.0054000001910026185,2.8662000004260335
2000,d256_u8,neutral,train,256,8,always,3,1,1,0,0,0,1,1,0,ok,"{""sentences"": [""I hear you."", ""We can pause here for a moment.""], ""safety"": ""ok""}",1,2176,2.840500000274915,0.0012000000424450263,0.0002999995558639057,0.013799999578623101,0.005199999577598646,2.866899999389716
2001,d256_u9,neutral,train,256,9,always,3,1,1,0,0,0,1,1,0,ok,"{""sentences"": [""I hear you."", ""We can pause here for a moment.""], ""safety"": ""ok""}",1,2176,2.897100000154751,0.0012999998943996616,0.00020000061340397224,0.013700000636163168,0.005300000339047983,2.923200000623183
2002,d256_u10,sad,train,256,10,always,3,1,1,0,0,0,1,1,0,ok,"{""sentences"": [""I hear you."", ""We can pause here for a moment.""], ""safety"": ""ok""}",1,2176,2.6028000002042972,0.0013999997463542968,0.0002999995558639057,0.013999999282532372,0.004999999873689376,2.629099999467144
2003,d256_u11,angry,train,256,11,always,3,1,1,0,0,0,1,1,0,ok,"{""sentences"": [""I hear you."", ""We can pause here for a moment.""], ""safety"": ""ok""}",1,2176,2.773700000034296,0.0012999998943996616,0.0002999995558639057,0.013699999726668466,0.005300000339047983,2.7997999995932332
2004,d256_u12,angry,train,256,12,always,3,1,1,0,0,0,1,1,0,ok,"{""sentences"": [""I hear you."", ""We can pause here for a moment.""], ""safety"": ""ok""}",1,2176,3.076100000726001,0.0012000000424450263,0.00019999970390927047,0.01359999987471383,0.005300000339047983,3.102200000284938
2005,d256_u13,angry,train,256,13,always,3,1,1,0,0,0,1,1,0,ok,"{""sentences"": [""I hear you."", ""We can pause here for a moment.""], ""safety"": ""ok""}",1,2176,2.5408000001334585,0.0012000000424450263,0.00020000061340397224,0.014600000213249587,0.005199999577598646,2.5684999991426594
2006,d256_u14,angry,train,256,14,always,3,1,1,0,0,0,1,1,0,ok,"{""sentences"": [""I hear you."", ""We can pause here for a moment.""], ""safety"": ""ok""}",1,2176,2.8400999999576015,0.0012999998943996616,0.00019999970390927047,0.013799999578623101,0.005199999577598646,2.8664999999818974
2007,d256_u15,neutral,train,256,15,always,3,1,1,0,0,0,1,1,0,ok,"{""sentences"": [""I hear you."", ""We can pause here for a moment.""], ""safety"": ""ok""}",1,2176,3.3843000001070322,0.0011999991329503246,0.0002999995558639057,0.013699999726668466,0.0054000001910026185,3.4107999999832828
2008,d257_u0,happy,train,257,0,always,3,1,1,0,0,0,1,1,0,ok,"{""sentences"": [""I hear you."", ""We can pause here for a moment.""], ""safety"": ""ok""}",1,2176,3.0005999997229083,0.0012999998943996616,0.00019999970390927047,0.013199999557400588,0.004900000021734741,3.025800000614254
2009,d257_u3,neutral,train,257,3,always,3,1,1,0,0,0,1,1,0,ok,"{""sentences"": [""I hear you."", ""We can pause here for a moment.""], ""safety"": ""ok""}",1,2176,2.5599000000511296,0.0012999998943996616,0.00030000046535860747,0.01359999987471383,0.004999999873689376,2.5857999999061576
2010,d257_u4,sad,train,257,4,always,3,1,1,0,0,0,1,1,0,ok,"{""sentences"": [""I hear you."", ""We can pause here for a moment.""], ""safety"": ""ok""}",1,2176,2.7049000000261003,0.0012999998943996616,0.0002999995558639057,0.014199999895936344,0.005099999725644011,2.7319000000716187
2011,d258_u0,happy,train,258,0,always,3,1,1,0,0,0,1,1,0,ok,"{""sentences"": [""I hear you."", ""We can pause here for a moment.""], ""safety"": ""ok""}",1,2176,3.1732999996165745,0.0012999998943996616,0.0002999995558639057,0.014299999747890979,0.005399999281507917,3.2007999998313608
2012,d258_u1,neutral,train,258,1,always,3,1,1,0,0,0,1,1,0,ok,"{""sentences"": [""I hear you."", ""We can pause here for a moment.""], ""safety"": ""ok""}",1,2176,2.5672000001577544,0.0012000000424450263,0.00019999970390927047,0.013699999726668466,0.004999999873689376,2.5931000000127824
2013,d258_u3,neutral,train,258,3,always,3,1,1,0,0,0,1,1,0,ok,"{""sentences"": [""I hear you."", ""We can pause here for a moment.""], ""safety"": ""ok""}",1,2176,2.995599999849219,0.001100000190490391,0.00030000046535860747,0.01430000065738568,0.004999999873689376,3.0219999998735148
2014,d258_u4,neutral,train,258,4,always,3,1,1,0,0,0,1,1,0,ok,"{""sentences"": [""I hear you."", ""We can pause here for a moment.""], ""safety"": ""ok""}",1,2176,2.5834000007307623,0.0012000000424450263,0.00030000046535860747,0.02949999998236308,0.005199999577598646,2.625199999783945
2015,d258_u5,neutral,train,258,5,always,3,1,1,0,0,0,1,1,0,ok,"{""sentences"": [""I hear you."", ""We can pause here for a moment.""], ""safety"": ""ok""}",1,2176,2.6932000000670087,0.0014000006558489986,0.00030000046535860747,0.014400000509340316,0.005300000339047983,2.7205000005778857
2016,d258_u6,happy,train,258,6,always,3,1,1,0,0,0,1,1,0,ok,"{""sentences"": [""I hear you."", ""We can pause here for a moment.""], ""safety"": ""ok""}",1,2176,2.65659999968193,0.001499999598308932,0.00030000046535860747,0.013999999282532372,0.005099999725644011,2.6833000001715845
2017,d259_u2,angry,train,259,2,always,3,1,1,0,0,0,1,1,0,ok,"{""sentences"": [""I hear you."", ""We can pause here for a moment.""], ""safety"": ""ok""}",1,2176,3.191700000570563,0.0011999991329503246,0.00019999970390927047,0.014299999747890979,0.005399999281507917,3.218900000319991
2018,d259_u3,angry,train,259,3,always,3,1,1,0,0,0,1,1,0,ok,"{""sentences"": [""I hear you."", ""We can pause here for a moment.""], ""safety"": ""ok""}",1,2176,2.796400000079302,0.0012000000424450263,0.0002999995558639057,0.01359999987471383,0.005200000487093348,2.8224999996382394
2019,d260_u0,neutral,train,260,0,always,3,1,1,0,0,0,1,1,0,ok,"{""sentences"": [""I hear you."", ""We can pause here for a moment.""], ""safety"": ""ok""}",1,2176,2.55010000000766,0.0012999998943996616,0.0002999995558639057,0.013500000022759195,0.004999999873689376,2.575799999249284
2020,d260_u1,angry,train,260,1,always,3,1,1,0,0,0,1,1,0,ok,"{""sentences"": [""I hear you."", ""We can pause here for a moment.""], ""safety"": ""ok""}",1,2176,3.092599999945378,0.0010999992809956893,0.0002999995558639057,0.013799999578623101,0.005199999577598646,3.118999999969674
2021,d260_u3,sad,train,260,3,always,3,1,1,0,0,0,1,1,0,ok,"{""sentences"": [""I hear you."", ""We can pause here for a moment.""], ""safety"": ""ok""}",1,2176,2.5930000001608278,0.0012000000424450263,0.0002999995558639057,0.013900000340072438,0.005099999725644011,2.6191999995717197
2022,d260_u4,sad,train,260,4,always,3,1,1,0,0,0,1,1,0,ok,"{""sentences"": [""I hear you."", ""We can pause here for a moment.""], ""safety"": ""ok""}",1,2176,2.857699999367469,0.0012000000424450263,0.00030000046535860747,0.013700000636163168,0.005099999725644011,2.8838000007453957
2023,d260_u5,sad,train,260,5,always,3,1,1,0,0,0,1,1,0,ok,"{""sentences"": [""I hear you."", ""We can pause here for a moment.""], ""safety"": ""ok""}",1,2176,2.6139000001421664,0.0013999997463542968,0.00030000046535860747,0.014199999895936344,0.0054000001910026185,2.6411999997435487
2024,d260_u6,sad,train,260,6,always,3,1,1,0,0,0,1,1,0,ok,"{""sentences"": [""I hear you."", ""We can pause here for a moment.""], ""safety"": ""ok""}",1,2176,2.527399999962654,0.0012999998943996616,0.0002999995558639057,0.014299999747890979,0.005200000487093348,2.554200000304263
2025,d260_u7,sad,train,260,7,always,3,1,1,0,0,0,1,1,0,ok,"{""sentences"": [""I hear you."", ""We can pause here for a moment.""], ""safety"": ""ok""}",1,2176,2.9130000002624,0.0011999991329503246,0.00019999970390927047,0.014500000361294951,0.005500000042957254,2.9405999994196463
2026,d260_u8,neutral,train,260,8,always,3,1,1,0,0,0,1,1,0,ok,"{""sentences"": [""I hear you."", ""We can pause here for a moment.""], ""safety"": ""ok""}",1,2176,2.8666999996858067,0.0012000000424450263,0.00030000046535860747,0.014199999895936344,0.005099999725644011,2.8933000003235065
2027,d260_u9,neutral,train,260,9,always,3,1,1,0,0,0,1,1,0,ok,"{""sentences"": [""I hear you."", ""We can pause here for a moment.""], ""safety"": ""ok""}",1,2176,2.659200000380224,0.0012999998943996616,0.00020000061340397224,0.014299999747890979,0.005300000339047983,2.686300000277697
2028,d260_u11,angry,train,260,11,always,3,1,1,0,0,0,1,1,0,ok,"{""sentences"": [""I hear you."", ""We can pause here for a moment.""], ""safety"": ""ok""}",1,2176,2.8592999997272273,0.0014000006558489986,0.00030000046535860747,0.014399999599845614,0.005500000042957254,2.886899999793968
2029,d261_u2,neutral,train,261,2,always,3,1,1,0,0,0,1,1,0,ok,"{""sentences"": [""I hear you."", ""We can pause here for a moment.""], ""safety"": ""ok""}",1,2176,3.2066999992821366,0.0016999993022182025,0.0004000003173132427,0.019099999917671084,0.007599999662488699,3.243799999836483
2030,d261_u3,happy,train,261,3,always,3,1,1,0,0,0,1,1,0,ok,"{""sentences"": [""I hear you."", ""We can pause here for a moment.""], ""safety"": ""ok""}",1,2176,2.84419999934471,0.0012999998943996616,0.00019999970390927047,0.01359999987471383,0.005200000487093348,2.8705000004265457
2031,d261_u4,angry,train,261,4,always,3,1,1,0,0,0,1,1,0,ok,"{""sentences"": [""I hear you."", ""We can pause here for a moment.""], ""safety"": ""ok""}",1,2176,3.099100000326871,0.0012999998943996616,0.00030000046535860747,0.014200000805431046,0.005199999577598646,3.1260999994628946
2032,d261_u5,angry,train,261,5,always,3,1,1,0,0,0,1,1,0,ok,"{""sentences"": [""I hear you."", ""We can pause here for a moment.""], ""safety"": ""ok""}",1,2176,2.673099999810802,0.0012000000424450263,0.00030000046535860747,0.014199999895936344,0.0054000001910026185,2.700300000469724
2033,d261_u6,neutral,train,261,6,always,3,1,1,0,0,0,1,1,0,ok,"{""sentences"": [""I hear you."", ""We can pause here for a moment.""], ""safety"": ""ok""}",1,2176,3.907700000127079,0.0012000000424450263,0.0002999995558639057,0.013199999557400588,0.004900000021734741,3.93290000010893
2034,d261_u8,sad,train,261,8,always,3,1,1,0,0,0,1,1,0,ok,"{""sentences"": [""I hear you."", ""We can pause here for a moment.""], ""safety"": ""ok""}",1,2176,2.432100000078208,0.0012000000424450263,0.00030000046535860747,0.014100000043981709,0.005199999577598646,2.4587999996583676
2035,d262_u0,neutral,train,262,0,always,3,1,1,0,0,0,1,1,0,ok,"{""sentences"": [""I hear you."", ""We can pause here for a moment.""], ""safety"": ""ok""}",1,2176,2.1461999995153747,0.0012999998943996616,0.00030000046535860747,0.014900000678608194,0.0052999994295532815,2.174300000660878
2036,d262_u1,neutral,train,262,1,always,3,1,1,0,0,0,1,1,0,ok,"{""sentences"": [""I hear you."", ""We can pause here for a moment.""], ""safety"": ""ok""}",1,2176,3.305999999611231,0.0012000000424450263,0.00020000061340397224,0.01340000017080456,0.004999999873689376,3.331300000354531
2037,d262_u2,neutral,train,262,2,always,3,1,1,0,0,0,1,1,0,ok,"{""sentences"": [""I hear you."", ""We can pause here for a moment.""], ""safety"": ""ok""}",1,2176,2.957599999717786,0.0012000000424450263,0.00019999970390927047,0.013799999578623101,0.005000000783184078,2.9836000003342633
2038,d262_u3,sad,train,262,3,always,3,1,1,0,0,0,1,1,0,ok,"{""sentences"": [""I hear you."", ""We can pause here for a moment.""], ""safety"": ""ok""}",1,2176,3.004700000019511,0.0013000008038943633,0.00019999970390927047,0.01359999987471383,0.005200000487093348,3.030800000487943
2039,d262_u4,angry,train,262,4,always,3,1,1,0,0,0,1,1,0,ok,"{""sentences"": [""I hear you."", ""We can pause here for a moment.""], ""safety"": ""ok""}",1,2176,2.986599999530881,0.0012999998943996616,0.00030000046535860747,0.01430000065738568,0.0052999994295532815,3.0136000004858943
2040,d263_u2,neutral,train,263,2,always,3,1,1,0,0,0,1,1,0,ok,"{""sentences"": [""I hear you."", ""We can pause here for a moment.""], ""safety"": ""ok""}",1,2176,2.880300000470015,0.0013000008038943633,0.00030000046535860747,0.01430000065738568,0.005199999577598646,2.907500000219443
2041,d263_u4,neutral,train,263,4,always,3,1,1,0,0,0,1,1,0,ok,"{""sentences"": [""I hear you."", ""We can pause here for a moment.""], ""safety"": ""ok""}",1,2176,3.124000000752858,0.0012000000424450263,0.00019999970390927047,0.013699999726668466,0.005000000783184078,3.150399999867659
2042,d263_u5,neutral,train,263,5,always,3,1,1,0,0,0,1,1,0,ok,"{""sentences"": [""I hear you."", ""We can pause here for a moment.""], ""safety"": ""ok""}",1,2176,3.1028000003061607,0.0012999998943996616,0.00019999970390927047,0.014100000043981709,0.0052999994295532815,3.129800000351679
2043,d263_u6,happy,train,263,6,always,3,1,1,0,0,0,1,1,0,ok,"{""sentences"": [""I hear you."", ""We can pause here for a moment.""], ""safety"": ""ok""}",1,2176,2.361900000323658,0.0012999998943996616,0.0002999995558639057,0.013699999726668466,0.005099999725644011,2.3881999995865044
2044,d263_u8,happy,train,263,8,always,3,1,1,0,0,0,1,1,0,ok,"{""sentences"": [""I hear you."", ""We can pause here for a moment.""], ""safety"": ""ok""}",1,2176,3.055299999687122,0.0011999991329503246,0.00019999970390927047,0.01340000017080456,0.005500000042957254,3.081400000155554
2045,d264_u0,neutral,train,264,0,always,3,1,1,0,0,0,1,1,0,ok,"{""sentences"": [""I hear you."", ""We can pause here for a moment.""], ""safety"": ""ok""}",1,2176,2.7875000005224138,0.0012999998943996616,0.0002999995558639057,0.013399999261309858,0.005099999725644011,2.813099999912083
2046,d264_u1,neutral,train,264,1,always,3,1,1,0,0,0,1,1,0,ok,"{""sentences"": [""I hear you."", ""We can pause here for a moment.""], ""safety"": ""ok""}",1,2176,2.886199999920791,0.0012000000424450263,0.00020000061340397224,0.013699999726668466,0.005300000339047983,2.9124000002411776
2047,d264_u3,neutral,train,264,3,always,3,1,1,0,0,0,1,1,0,ok,"{""sentences"": [""I hear you."", ""We can pause here for a moment.""], ""safety"": ""ok""}",1,2176,2.9199999999036663,0.0012000000424450263,0.0002999995558639057,0.013699999726668466,0.005100000635138713,2.946399999927962
2048,d264_u4,happy,train,264,4,always,3,1,1,0,0,0,1,1,0,ok,"{""sentences"": [""I hear you."", ""We can pause here for a moment.""], ""safety"": ""ok""}",1,2176,2.8499999998530257,0.0012000000424450263,0.00030000046535860747,0.014199999895936344,0.0054000001910026185,2.8770999997504987
2049,d264_u5,neutral,train,264,5,always,3,1,1,0,0,0,1,1,0,ok,"{""sentences"": [""I hear you."", ""We can pause here for a moment.""], ""safety"": ""ok""}",1,2176,2.5429999996049446,0.0012000000424450263,0.00030000046535860747,0.013899999430577736,0.005100000635138713,2.5693999996292405
2050,d264_u6,neutral,train,264,6,always,3,1,1,0,0,0,1,1,0,ok,"{""sentences"": [""I hear you."", ""We can pause here for a moment.""], ""safety"": ""ok""}",1,2176,2.753100000518316,0.0012999998943996616,0.00019999970390927047,0.013800000488117803,0.004900000021734741,2.7789999994638492
2051,d264_u7,angry,train,264,7,always,3,1,1,0,0,0,1,1,0,ok,"{""sentences"": [""I hear you."", ""We can pause here for a moment.""], ""safety"": ""ok""}",1,2176,3.129099999569007,0.0012999998943996616,0.00019999970390927047,0.014700000065204222,0.005200000487093348,3.1568000003971974
2052,d264_u9,neutral,train,264,9,always,3,1,1,0,0,0,1,1,0,ok,"{""sentences"": [""I hear you."", ""We can pause here for a moment.""], ""safety"": ""ok""}",1,2176,2.8879999999844586,0.0013000008038943633,0.0002999995558639057,0.013900000340072438,0.005099999725644011,2.914499999860709
2053,d264_u10,neutral,train,264,10,always,3,1,1,0,0,0,1,1,0,ok,"{""sentences"": [""I hear you."", ""We can pause here for a moment.""], ""safety"": ""ok""}",1,2176,2.5693999996292405,0.0012999998943996616,0.00030000046535860747,0.013999999282532372,0.005099999725644011,2.5960000002669403
2054,d264_u11,neutral,train,264,11,always,3,1,1,0,0,0,1,1,0,ok,"{""sentences"": [""I hear you."", ""We can pause here for a moment.""], ""safety"": ""ok""}",1,2176,2.5110000005952315,0.0012000000424450263,0.0002999995558639057,0.014199999895936344,0.005300000339047983,2.5376000003234367
2055,d264_u12,neutral,train,264,12,always,3,1,1,0,0,0,1,1,0,ok,"{""sentences"": [""I hear you."", ""We can pause here for a moment.""], ""safety"": ""ok""}",1,2176,2.927800000179559,0.0013000008038943633,0.00020000061340397224,0.014599999303754885,0.005300000339047983,2.955599999950209
2056,d264_u13,neutral,train,264,13,always,3,1,1,0,0,0,1,1,0,ok,"{""sentences"": [""I hear you."", ""We can pause here for a moment.""], ""safety"": ""ok""}",1,2176,2.9574999998658313,0.0012999998943996616,0.0002999995558639057,0.014100000043981709,0.0054000001910026185,2.9847999994672136
2057,d264_u14,neutral,train,264,14,always,3,1,1,0,0,0,1,1,0,ok,"{""sentences"": [""I hear you."", ""We can pause here for a moment.""], ""safety"": ""ok""}",1,2176,2.506800000446674,0.0012000000424450263,0.00030000046535860747,0.014299999747890979,0.005099999725644011,2.5337999995826976
2058,d264_u15,happy,train,264,15,always,3,1,1,0,0,0,1,1,0,ok,"{""sentences"": [""I hear you."", ""We can pause here for a moment.""], ""safety"": ""ok""}",1,2176,2.9879000003347755,0.0012000000424450263,0.00030000046535860747,0.013500000022759195,0.005200000487093348,3.0138000001898035
2059,d264_u16,neutral,train,264,16,always,3,1,1,0,0,0,1,1,0,ok,"{""sentences"": [""I hear you."", ""We can pause here for a moment.""], ""safety"": ""ok""}",1,2176,2.407899999525398,0.0012000000424450263,0.0002999995558639057,0.01340000017080456,0.004999999873689376,2.4333999999726075
2060,d264_u17,neutral,train,264,17,always,3,1,1,0,0,0,1,1,0,ok,"{""sentences"": [""I hear you."", ""We can pause here for a moment.""], ""safety"": ""ok""}",1,2176,2.9422999996313592,0.0012999998943996616,0.0002999995558639057,0.013899999430577736,0.0052999994295532815,2.968999999211519
2061,d264_u18,neutral,train,264,18,always,3,1,1,0,0,0,1,1,0,ok,"{""sentences"": [""I hear you."", ""We can pause here for a moment.""], ""safety"": ""ok""}",1,2176,3.0174000003171386,0.0012999998943996616,0.00030000046535860747,0.013700000636163168,0.005099999725644011,3.0435999997280305
2062,d265_u0,angry,train,265,0,always,3,1,1,0,0,0,1,1,0,ok,"{""sentences"": [""I hear you."", ""We can pause here for a moment.""], ""safety"": ""ok""}",1,2176,2.3564000002807006,0.0012999998943996616,0.00019999970390927047,0.014000000192027073,0.005100000635138713,2.383199999712815
2063,d265_u1,neutral,train,265,1,always,3,1,1,0,0,0,1,1,0,ok,"{""sentences"": [""I hear you."", ""We can pause here for a moment.""], ""safety"": ""ok""}",1,2176,3.0131000003166264,0.0012999998943996616,0.0002999995558639057,0.014400000509340316,0.005099999725644011,3.039899999748741
2064,d265_u2,angry,train,265,2,always,3,1,1,0,0,0,1,1,0,ok,"{""sentences"": [""I hear you."", ""We can pause here for a moment.""], ""safety"": ""ok""}",1,2176,2.8060000004188623,0.0012999998943996616,0.0002999995558639057,0.01340000017080456,0.004999999873689376,2.831799999512441
2065,d265_u3,neutral,train,265,3,always,3,1,1,0,0,0,1,1,0,ok,"{""sentences"": [""I hear you."", ""We can pause here for a moment.""], ""safety"": ""ok""}",1,2176,3.163999999742373,0.0012000000424450263,0.00030000046535860747,0.01340000017080456,0.004900000021734741,3.1894999992800876
2066,d265_u4,sad,train,265,4,always,3,1,1,0,0,0,1,1,0,ok,"{""sentences"": [""I hear you."", ""We can pause here for a moment.""], ""safety"": ""ok""}",1,2176,2.536599999984901,0.0011999991329503246,0.00019999970390927047,0.013900000340072438,0.005300000339047983,2.5633000004745554
2067,d266_u0,neutral,train,266,0,always,3,1,1,0,0,0,1,1,0,ok,"{""sentences"": [""I hear you."", ""We can pause here for a moment.""], ""safety"": ""ok""}",1,2176,2.7073000001109904,0.0012999998943996616,0.00030000046535860747,0.0455999997939216,0.02120000044669723,2.781700000014098
2068,d267_u0,neutral,train,267,0,always,3,1,1,0,0,0,1,1,0,ok,"{""sentences"": [""I hear you."", ""We can pause here for a moment.""], ""safety"": ""ok""}",1,2176,2.7258999998593936,0.0012999998943996616,0.00019999970390927047,0.014100000043981709,0.005199999577598646,2.7528000000529573
2069,d268_u1,neutral,train,268,1,always,3,1,1,0,0,0,1,1,0,ok,"{""sentences"": [""I hear you."", ""We can pause here for a moment.""], ""safety"": ""ok""}",1,2176,3.280800000538875,0.001100000190490391,0.00020000061340397224,0.01359999987471383,0.004699999408330768,3.3058999997592764
2070,d269_u0,neutral,train,269,0,always,3,1,1,0,0,0,1,1,0,ok,"{""sentences"": [""I hear you."", ""We can pause here for a moment.""], ""safety"": ""ok""}",1,2176,2.5163999998767395,0.0012000000424450263,0.00030000046535860747,0.014100000043981709,0.005199999577598646,2.5430999994568992
2071,d270_u0,neutral,train,270,0,always,3,1,1,0,0,0,1,1,0,ok,"{""sentences"": [""I hear you."", ""We can pause here for a moment.""], ""safety"": ""ok""}",1,2176,2.715399999942747,0.0012000000424450263,0.00030000046535860747,0.013699999726668466,0.004999999873689376,2.7406999997765524
2072,d270_u1,happy,train,270,1,always,3,1,1,0,0,0,1,1,0,ok,"{""sentences"": [""I hear you."", ""We can pause here for a moment.""], ""safety"": ""ok""}",1,2176,3.433700000641693,0.0012000000424450263,0.0002999995558639057,0.014000000192027073,0.005099999725644011,3.460300000369898
2073,d270_u2,happy,train,270,2,always,3,1,1,0,0,0,1,1,0,ok,"{""sentences"": [""I hear you."", ""We can pause here for a moment.""], ""safety"": ""ok""}",1,2176,2.649099999871396,0.0012999998943996616,0.0002999995558639057,0.013899999430577736,0.005100000635138713,2.675200000339828
2074,d270_u3,neutral,train,270,3,always,3,1,1,0,0,0,1,1,0,ok,"{""sentences"": [""I hear you."", ""We can pause here for a moment.""], ""safety"": ""ok""}",1,2176,2.5701000004119123,0.0012999998943996616,0.00030000046535860747,0.013900000340072438,0.004999999873689376,2.5959000004149857
2075,d271_u1,happy,train,271,1,always,3,1,1,0,0,0,1,1,0,ok,"{""sentences"": [""I hear you."", ""We can pause here for a moment.""], ""safety"": ""ok""}",1,2176,3.053100000215636,0.001100000190490391,0.00019999970390927047,0.013699999726668466,0.004800000169780105,3.0784000000494416
2076,d271_u2,happy,train,271,2,always,3,1,1,0,0,0,1,1,0,ok,"{""sentences"": [""I hear you."", ""We can pause here for a moment.""], ""safety"": ""ok""}",1,2176,2.89370000064082,0.0012000000424450263,0.00019999970390927047,0.013500000022759195,0.005199999577598646,2.919800000199757
2077,d271_u3,happy,train,271,3,always,3,1,1,0,0,0,1,1,0,ok,"{""sentences"": [""I hear you."", ""We can pause here for a moment.""], ""safety"": ""ok""}",1,2176,3.586100000575243,0.0012999998943996616,0.00030000046535860747,0.014199999895936344,0.005199999577598646,3.612999999859312
2078,d271_u4,happy,train,271,4,always,3,1,1,0,0,0,1,1,0,ok,"{""sentences"": [""I hear you."", ""We can pause here for a moment.""], ""safety"": ""ok""}",1,2176,2.0113999999011867,0.0013999997463542968,0.0002999995558639057,0.014199999895936344,0.005099999725644011,2.0383000000947504
2079,d271_u6,neutral,train,271,6,always,3,1,1,0,0,0,1,1,0,ok,"{""sentences"": [""I hear you."", ""We can pause here for a moment.""], ""safety"": ""ok""}",1,2176,2.55860000015673,0.0013999997463542968,0.00030000046535860747,0.014199999895936344,0.0052999994295532815,2.585700000054203
2080,d271_u7,neutral,train,271,7,always,3,1,1,0,0,0,1,1,0,ok,"{""sentences"": [""I hear you."", ""We can pause here for a moment.""], ""safety"": ""ok""}",1,2176,3.198100000190607,0.0013000008038943633,0.00019999970390927047,0.014100000043981709,0.005200000487093348,3.2247999997707666
2081,d271_u8,neutral,train,271,8,always,3,1,1,0,0,0,1,1,0,ok,"{""sentences"": [""I hear you."", ""We can pause here for a moment.""], ""safety"": ""ok""}",1,2176,2.4328999998033396,0.0012999998943996616,0.0002999995558639057,0.014100000043981709,0.005199999577598646,2.4597000001449487
2082,d271_u9,angry,train,271,9,always,3,1,1,0,0,0,1,1,0,ok,"{""sentences"": [""I hear you."", ""We can pause here for a moment.""], ""safety"": ""ok""}",1,2176,2.7133000003232155,0.0013000008038943633,0.00030000046535860747,0.014199999895936344,0.0054000001910026185,2.7406999997765524
2083,d271_u10,neutral,train,271,10,always,3,1,1,0,0,0,1,1,0,ok,"{""sentences"": [""I hear you."", ""We can pause here for a moment.""], ""safety"": ""ok""}",1,2176,3.133900000648282,0.0014000006558489986,0.00030000046535860747,0.014700000065204222,0.005500000042957254,3.1616999995094375
2084,d272_u2,angry,train,272,2,always,3,1,1,0,0,0,1,1,0,ok,"{""sentences"": [""I hear you."", ""We can pause here for a moment.""], ""safety"": ""ok""}",1,2176,2.733799999987241,0.0012999998943996616,0.00019999970390927047,0.014400000509340316,0.005199999577598646,2.7608000000327593
2085,d272_u3,angry,train,272,3,always,3,1,1,0,0,0,1,1,0,ok,"{""sentences"": [""I hear you."", ""We can pause here for a moment.""], ""safety"": ""ok""}",1,2176,2.8529000001071836,0.0012999998943996616,0.00030000046535860747,0.014000000192027073,0.005100000635138713,2.879399999983434
2086,d272_u4,neutral,train,272,4,always,3,1,1,0,0,0,1,1,0,ok,"{""sentences"": [""I hear you."", ""We can pause here for a moment.""], ""safety"": ""ok""}",1,2176,3.098099999988335,0.0012999998943996616,0.00020000061340397224,0.014199999895936344,0.0052999994295532815,3.125200000795303
2087,d272_u5,neutral,train,272,5,always,3,1,1,0,0,0,1,1,0,ok,"{""sentences"": [""I hear you."", ""We can pause here for a moment.""], ""safety"": ""ok""}",1,2176,2.668199999789067,0.0012999998943996616,0.00030000046535860747,0.014099999134487007,0.005099999725644011,2.6949999992211815
2088,d272_u6,neutral,train,272,6,always,3,1,1,0,0,0,1,1,0,ok,"{""sentences"": [""I hear you."", ""We can pause here for a moment.""], ""safety"": ""ok""}",1,2176,2.5166000004901434,0.0013000008038943633,0.00019999970390927047,0.014199999895936344,0.005200000487093348,2.5432000002183486
2089,d272_u7,happy,train,272,7,always,3,1,1,0,0,0,1,1,0,ok,"{""sentences"": [""I hear you."", ""We can pause here for a moment.""], ""safety"": ""ok""}",1,2176,2.8378999995766208,0.0012000000424450263,0.00019999970390927047,0.01340000017080456,0.004999999873689376,2.863499999875785
2090,d272_u8,angry,train,272,8,always,3,1,1,0,0,0,1,1,0,ok,"{""sentences"": [""I hear you."", ""We can pause here for a moment.""], ""safety"": ""ok""}",1,2176,3.442400000494672,0.001100000190490391,0.00020000061340397224,0.013699999726668466,0.004999999873689376,3.468099999736296
2091,d273_u0,neutral,train,273,0,always,3,1,1,0,0,0,1,1,0,ok,"{""sentences"": [""I hear you."", ""We can pause here for a moment.""], ""safety"": ""ok""}",1,2176,2.514099999643804,0.0012000000424450263,0.00030000046535860747,0.014099999134487007,0.005199999577598646,2.540899999985413
2092,d273_u1,angry,train,273,1,always,3,1,1,0,0,0,1,1,0,ok,"{""sentences"": [""I hear you."", ""We can pause here for a moment.""], ""safety"": ""ok""}",1,2176,2.7928999998039217,0.0013000008038943633,0.0002999995558639057,0.014100000043981709,0.005200000487093348,2.819700000145531
2093,d273_u2,sad,train,273,2,always,3,1,1,0,0,0,1,1,0,ok,"{""sentences"": [""I hear you."", ""We can pause here for a moment.""], ""safety"": ""ok""}",1,2176,2.563000000009197,0.0012000000424450263,0.00019999970390927047,0.014000000192027073,0.005200000487093348,2.589599999737402
2094,d273_u3,sad,train,273,3,always,3,1,1,0,0,0,1,1,0,ok,"{""sentences"": [""I hear you."", ""We can pause here for a moment.""], ""safety"": ""ok""}",1,2176,2.9182999996919534,0.0013999997463542968,0.00019999970390927047,0.014100000043981709,0.005200000487093348,2.945400000498921
2095,d273_u4,sad,train,273,4,always,3,1,1,0,0,0,1,1,0,ok,"{""sentences"": [""I hear you."", ""We can pause here for a moment.""], ""safety"": ""ok""}",1,2176,2.7738999997382052,0.0012000000424450263,0.00020000061340397224,0.013300000318849925,0.004900000021734741,2.7992999994239653
2096,d273_u5,neutral,train,273,5,always,3,1,1,0,0,0,1,1,0,ok,"{""sentences"": [""I hear you."", ""We can pause here for a moment.""], ""safety"": ""ok""}",1,2176,2.9282000004968722,0.0012000000424450263,0.00030000046535860747,0.013500000022759195,0.005100000635138713,2.953700000034587
2097,d273_u6,neutral,train,273,6,always,3,1,1,0,0,0,1,1,0,ok,"{""sentences"": [""I hear you."", ""We can pause here for a moment.""], ""safety"": ""ok""}",1,2176,2.429600000141363,0.0012000000424450263,0.00030000046535860747,0.01359999987471383,0.005099999725644011,2.455499999996391
2098,d273_u8,angry,train,273,8,always,3,1,1,0,0,0,1,1,0,ok,"{""sentences"": [""I hear you."", ""We can pause here for a moment.""], ""safety"": ""ok""}",1,2176,2.8854000001956592,0.0012999998943996616,0.0002999995558639057,0.014100000043981709,0.005599999894911889,2.9127000007065362
2099,d273_u10,neutral,train,273,10,always,3,1,1,0,0,0,1,1,0,ok,"{""sentences"": [""I hear you."", ""We can pause here for a moment.""], ""safety"": ""ok""}",1,2176,3.2383000007030205,0.0012000000424450263,0.00020000061340397224,0.030500000320898835,0.005200000487093348,3.281299999798648
2100,d273_u11,neutral,train,273,11,always,3,1,1,0,0,0,1,1,0,ok,"{""sentences"": [""I hear you."", ""We can pause here for a moment.""], ""safety"": ""ok""}",1,2176,2.919300000030489,0.0011999991329503246,0.00019999970390927047,0.013699999726668466,0.005100000635138713,2.9453999995894264
2101,d273_u12,neutral,train,273,12,always,3,1,1,0,0,0,1,1,0,ok,"{""sentences"": [""I hear you."", ""We can pause here for a moment.""], ""safety"": ""ok""}",1,2176,2.534199999900011,0.001100000190490391,0.00019999970390927047,0.012999999853491317,0.004999999873689376,2.558799999860639
2102,d273_u13,happy,train,273,13,always,3,1,1,0,0,0,1,1,0,ok,"{""sentences"": [""I hear you."", ""We can pause here for a moment.""], ""safety"": ""ok""}",1,2176,2.3653000007470837,0.0013999997463542968,0.0002999995558639057,0.014100000043981709,0.005099999725644011,2.391900000475289
2103,d273_u14,neutral,train,273,14,always,3,1,1,0,0,0,1,1,0,ok,"{""sentences"": [""I hear you."", ""We can pause here for a moment.""], ""safety"": ""ok""}",1,2176,2.813899999637215,0.0012999998943996616,0.00030000046535860747,0.013800000488117803,0.005200000487093348,2.840500000274915
2104,d273_u15,neutral,train,273,15,always,3,1,1,0,0,0,1,1,0,ok,"{""sentences"": [""I hear you."", ""We can pause here for a moment.""], ""safety"": ""ok""}",1,2176,2.9357000003074063,0.0012999998943996616,0.00019999970390927047,0.014299999747890979,0.005200000487093348,2.9630999997607432
2105,d273_u16,neutral,train,273,16,always,3,1,1,0,0,0,1,1,0,ok,"{""sentences"": [""I hear you."", ""We can pause here for a moment.""], ""safety"": ""ok""}",1,2176,2.9194999997343984,0.0011999991329503246,0.00019999970390927047,0.014199999895936344,0.005100000635138713,2.9463000000760076
2106,d274_u4,neutral,train,274,4,always,3,1,1,0,0,0,1,1,0,ok,"{""sentences"": [""I hear you."", ""We can pause here for a moment.""], ""safety"": ""ok""}",1,2176,2.8064999996786355,0.0012999998943996616,0.00019999970390927047,0.013900000340072438,0.004999999873689376,2.8326000001470675
2107,d274_u5,happy,train,274,5,always,3,1,1,0,0,0,1,1,0,ok,"{""sentences"": [""I hear you."", ""We can pause here for a moment.""], ""safety"": ""ok""}",1,2176,2.9322999998839805,0.0013999997463542968,0.00019999970390927047,0.013999999282532372,0.005199999577598646,2.959000000373635
2108,d274_u6,angry,train,274,6,always,3,1,1,0,0,0,1,1,0,ok,"{""sentences"": [""I hear you."", ""We can pause here for a moment.""], ""safety"": ""ok""}",1,2176,2.80179999936081,0.0012000000424450263,0.00030000046535860747,0.013999999282532372,0.0054000001910026185,2.828600000611914
2109,d274_u7,angry,train,274,7,always,3,1,1,0,0,0,1,1,0,ok,"{""sentences"": [""I hear you."", ""We can pause here for a moment.""], ""safety"": ""ok""}",1,2176,2.8170999994472368,0.0013999997463542968,0.00019999970390927047,0.014299999747890979,0.005300000339047983,2.844300000106159
2110,d274_u9,happy,train,274,9,always,3,1,1,0,0,0,1,1,0,ok,"{""sentences"": [""I hear you."", ""We can pause here for a moment.""], ""safety"": ""ok""}",1,2176,2.8142000001025735,0.001100000190490391,0.00020000061340397224,0.014100000043981709,0.005199999577598646,2.840999999534688
2111,d275_u0,angry,train,275,0,always,3,1,1,0,0,0,1,1,0,ok,"{""sentences"": [""I hear you."", ""We can pause here for a moment.""], ""safety"": ""ok""}",1,2176,2.5129999994533136,0.0012999998943996616,0.00020000061340397224,0.031200000194075983,0.004999999873689376,2.5567000002411078
2112,d275_u1,angry,train,275,1,always,3,1,1,0,0,0,1,1,0,ok,"{""sentences"": [""I hear you."", ""We can pause here for a moment.""], ""safety"": ""ok""}",1,2176,2.771499999653315,0.0012999998943996616,0.00019999970390927047,0.014100000043981709,0.005300000339047983,2.7982999999949243
2113,d275_u2,neutral,train,275,2,always,3,1,1,0,0,0,1,1,0,ok,"{""sentences"": [""I hear you."", ""We can pause here for a moment.""], ""safety"": ""ok""}",1,2176,3.0985000003056484,0.001100000190490391,0.00030000046535860747,0.013300000318849925,0.005199999577598646,3.12359999952605
2114,d275_u4,angry,train,275,4,always,3,1,1,0,0,0,1,1,0,ok,"{""sentences"": [""I hear you."", ""We can pause here for a moment.""], ""safety"": ""ok""}",1,2176,2.9457999999067397,0.0012999998943996616,0.00019999970390927047,0.014400000509340316,0.005199999577598646,2.9731999993600766
2115,d275_u6,neutral,train,275,6,always,3,1,1,0,0,0,1,1,0,ok,"{""sentences"": [""I hear you."", ""We can pause here for a moment.""], ""safety"": ""ok""}",1,2176,3.070300000217685,0.0012999998943996616,0.00019999970390927047,0.013799999578623101,0.005100000635138713,3.0963999997766223
2116,d275_u7,neutral,train,275,7,always,3,1,1,0,0,0,1,1,0,ok,"{""sentences"": [""I hear you."", ""We can pause here for a moment.""], ""safety"": ""ok""}",1,2176,2.5313000005553477,0.0013999997463542968,0.00020000061340397224,0.014000000192027073,0.005300000339047983,2.5582999996913713
2117,d275_u8,neutral,train,275,8,always,3,1,1,0,0,0,1,1,0,ok,"{""sentences"": [""I hear you."", ""We can pause here for a moment.""], ""safety"": ""ok""}",1,2176,3.3165999993798323,0.0013999997463542968,0.00030000046535860747,0.014299999747890979,0.005300000339047983,3.3436000003348454
2118,d275_u11,angry,train,275,11,always,3,1,1,0,0,0,1,1,0,ok,"{""sentences"": [""I hear you."", ""We can pause here for a moment.""], ""safety"": ""ok""}",1,2176,3.0160000005707843,0.0013000008038943633,0.0002999995558639057,0.014399999599845614,0.0052999994295532815,3.0431000004682573
2119,d275_u16,angry,train,275,16,always,3,1,1,0,0,0,1,1,0,ok,"{""sentences"": [""I hear you."", ""We can pause here for a moment.""], ""safety"": ""ok""}",1,2176,2.8425999998944462,0.0012000000424450263,0.0002999995558639057,0.014199999895936344,0.005500000042957254,2.8695999999399646
2120,d276_u0,happy,train,276,0,always,3,1,1,0,0,0,1,1,0,ok,"{""sentences"": [""I hear you."", ""We can pause here for a moment.""], ""safety"": ""ok""}",1,2176,2.8849000000263914,0.0012999998943996616,0.00020000061340397224,0.01430000065738568,0.005300000339047983,2.912099999775819
2121,d276_u2,angry,train,276,2,always,3,1,1,0,0,0,1,1,0,ok,"{""sentences"": [""I hear you."", ""We can pause here for a moment.""], ""safety"": ""ok""}",1,2176,3.214000000298256,0.0013000008038943633,0.00019999970390927047,0.014399999599845614,0.005100000635138713,3.240899999582325
2122,d276_u3,neutral,train,276,3,always,3,1,1,0,0,0,1,1,0,ok,"{""sentences"": [""I hear you."", ""We can pause here for a moment.""], ""safety"": ""ok""}",1,2176,2.21149999924819,0.0012999998943996616,0.00030000046535860747,0.013800000488117803,0.004900000021734741,2.2376000006261165
2123,d277_u0,neutral,train,277,0,always,3,1,1,0,0,0,1,1,0,ok,"{""sentences"": [""I hear you."", ""We can pause here for a moment.""], ""safety"": ""ok""}",1,2176,2.9042000005574664,0.0013000008038943633,0.00030000046535860747,0.014500000361294951,0.005300000339047983,2.931699999862758
2124,d277_u1,neutral,train,277,1,always,3,1,1,0,0,0,1,1,0,ok,"{""sentences"": [""I hear you."", ""We can pause here for a moment.""], ""safety"": ""ok""}",1,2176,3.1220000000757864,0.0012000000424450263,0.00019999970390927047,0.014199999895936344,0.005300000339047983,3.1490999999732594
2125,d277_u2,neutral,train,277,2,always,3,1,1,0,0,0,1,1,0,ok,"{""sentences"": [""I hear you."", ""We can pause here for a moment.""], ""safety"": ""ok""}",1,2176,2.607700000226032,0.0012999998943996616,0.00019999970390927047,0.014299999747890979,0.0054000001910026185,2.634800000123505
2126,d277_u3,angry,train,277,3,always,3,1,1,0,0,0,1,1,0,ok,"{""sentences"": [""I hear you."", ""We can pause here for a moment.""], ""safety"": ""ok""}",1,2176,3.056700000342971,0.0012000000424450263,0.00020000061340397224,0.013700000636163168,0.005099999725644011,3.0822999997326406
2127,d277_u4,neutral,train,277,4,always,3,1,1,0,0,0,1,1,0,ok,"{""sentences"": [""I hear you."", ""We can pause here for a moment.""], ""safety"": ""ok""}",1,2176,2.3968999994394835,0.0012000000424450263,0.00019999970390927047,0.013699999726668466,0.0052999994295532815,2.42300000081741
2128,d277_u5,neutral,train,277,5,always,3,1,1,0,0,0,1,1,0,ok,"{""sentences"": [""I hear you."", ""We can pause here for a moment.""], ""safety"": ""ok""}",1,2176,2.678599999853759,0.0012999998943996616,0.00019999970390927047,0.014199999895936344,0.005200000487093348,2.705699999751232
2129,d277_u6,neutral,train,277,6,always,3,1,1,0,0,0,1,1,0,ok,"{""sentences"": [""I hear you."", ""We can pause here for a moment.""], ""safety"": ""ok""}",1,2176,3.3089999997173436,0.0012999998943996616,0.0002999995558639057,0.014399999599845614,0.005500000042957254,3.3368000003974885
2130,d278_u0,neutral,train,278,0,always,3,1,1,0,0,0,1,1,0,ok,"{""sentences"": [""I hear you."", ""We can pause here for a moment.""], ""safety"": ""ok""}",1,2176,2.453899999636633,0.0011999991329503246,0.00030000046535860747,0.014400000509340316,0.005199999577598646,2.4812999999994645
2131,d278_u1,happy,train,278,1,always,3,1,1,0,0,0,1,1,0,ok,"{""sentences"": [""I hear you."", ""We can pause here for a moment.""], ""safety"": ""ok""}",1,2176,2.8006000002278597,0.0013000008038943633,0.00019999970390927047,0.014399999599845614,0.021699999706470408,2.8442000002542045
2132,d278_u2,happy,train,278,2,always,3,1,1,0,0,0,1,1,0,ok,"{""sentences"": [""I hear you."", ""We can pause here for a moment.""], ""safety"": ""ok""}",1,2176,2.5374999995619874,0.0012000000424450263,0.00020000061340397224,0.014199999895936344,0.0052999994295532815,2.564200000051642
2133,d278_u3,neutral,train,278,3,always,3,1,1,0,0,0,1,1,0,ok,"{""sentences"": [""I hear you."", ""We can pause here for a moment.""], ""safety"": ""ok""}",1,2176,3.091600000516337,0.0012999998943996616,0.00030000046535860747,0.014299999747890979,0.005099999725644011,3.118499999800406
2134,d278_u4,sad,train,278,4,always,3,1,1,0,0,0,1,1,0,ok,"{""sentences"": [""I hear you."", ""We can pause here for a moment.""], ""safety"": ""ok""}",1,2176,2.7215000000069267,0.0014000006558489986,0.00019999970390927047,0.013900000340072438,0.0054000001910026185,2.748300000348536
2135,d278_u5,happy,train,278,5,always,3,1,1,0,0,0,1,1,0,ok,"{""sentences"": [""I hear you."", ""We can pause here for a moment.""], ""safety"": ""ok""}",1,2176,2.738099999987753,0.0010999992809956893,0.0002999995558639057,0.01340000017080456,0.005099999725644011,2.763800000138872
2136,d278_u6,neutral,train,278,6,always,3,1,1,0,0,0,1,1,0,ok,"{""sentences"": [""I hear you."", ""We can pause here for a moment.""], ""safety"": ""ok""}",1,2176,2.984999999171123,0.0012999998943996616,0.0002999995558639057,0.013500000022759195,0.005100000635138713,3.010800000083691
2137,d278_u7,happy,train,278,7,always,3,1,1,0,0,0,1,1,0,ok,"{""sentences"": [""I hear you."", ""We can pause here for a moment.""], ""safety"": ""ok""}",1,2176,3.3407000000806875,0.0013999997463542968,0.0002999995558639057,0.014100000043981709,0.005100000635138713,3.3672999998088926
2138,d278_u8,happy,train,278,8,always,3,1,1,0,0,0,1,1,0,ok,"{""sentences"": [""I hear you."", ""We can pause here for a moment.""], ""safety"": ""ok""}",1,2176,2.637499999764259,0.0012000000424450263,0.00019999970390927047,0.014399999599845614,0.005199999577598646,2.6647999993656413
2139,d279_u1,sad,train,279,1,always,3,1,1,0,0,0,1,1,0,ok,"{""sentences"": [""I hear you."", ""We can pause here for a moment.""], ""safety"": ""ok""}",1,2176,2.7655999992930447,0.0012999998943996616,0.00020000061340397224,0.013800000488117803,0.005099999725644011,2.7916999997614766
2140,d279_u2,angry,train,279,2,always,3,1,1,0,0,0,1,1,0,ok,"{""sentences"": [""I hear you."", ""We can pause here for a moment.""], ""safety"": ""ok""}",1,2176,2.920500000072934,0.0012000000424450263,0.0002999995558639057,0.013800000488117803,0.0052999994295532815,2.946600000541366
2141,d279_u4,angry,train,279,4,always,3,1,1,0,0,0,1,1,0,ok,"{""sentences"": [""I hear you."", ""We can pause here for a moment.""], ""safety"": ""ok""}",1,2176,2.595099999780359,0.0012000000424450263,0.0002999995558639057,0.013299999409355223,0.004900000021734741,2.6201999999102554
2142,d279_u5,neutral,train,279,5,always,3,1,1,0,0,0,1,1,0,ok,"{""sentences"": [""I hear you."", ""We can pause here for a moment.""], ""safety"": ""ok""}",1,2176,3.1328000004577916,0.0012999998943996616,0.00030000046535860747,0.014299999747890979,0.005200000487093348,3.1601999999111285
2143,d279_u7,neutral,train,279,7,always,3,1,1,0,0,0,1,1,0,ok,"{""sentences"": [""I hear you."", ""We can pause here for a moment.""], ""safety"": ""ok""}",1,2176,2.489399999831221,0.0012000000424450263,0.0002999995558639057,0.014700000065204222,0.0054000001910026185,2.5170999997499166
2144,d279_u8,neutral,train,279,8,always,3,1,1,0,0,0,1,1,0,ok,"{""sentences"": [""I hear you."", ""We can pause here for a moment.""], ""safety"": ""ok""}",1,2176,2.987800000482821,0.0012999998943996616,0.00030000046535860747,0.013999999282532372,0.005199999577598646,3.01469999976689
2145,d279_u9,happy,train,279,9,always,3,1,1,0,0,0,1,1,0,ok,"{""sentences"": [""I hear you."", ""We can pause here for a moment.""], ""safety"": ""ok""}",1,2176,3.0658999994557234,0.0012999998943996616,0.0002999995558639057,0.014100000043981709,0.0054000001910026185,3.093000000262691
2146,d279_u10,neutral,train,279,10,always,3,1,1,0,0,0,1,1,0,ok,"{""sentences"": [""I hear you."", ""We can pause here for a moment.""], ""safety"": ""ok""}",1,2176,2.602699999442848,0.0012000000424450263,0.00030000046535860747,0.013900000340072438,0.005099999725644011,2.62879999991128
2147,d279_u11,happy,train,279,11,always,3,1,1,0,0,0,1,1,0,ok,"{""sentences"": [""I hear you."", ""We can pause here for a moment.""], ""safety"": ""ok""}",1,2176,2.6845999991564895,0.0013000008038943633,0.00019999970390927047,0.014400000509340316,0.005300000339047983,2.712000000428816
2148,d279_u12,neutral,train,279,12,always,3,1,1,0,0,0,1,1,0,ok,"{""sentences"": [""I hear you."", ""We can pause here for a moment.""], ""safety"": ""ok""}",1,2176,2.530099999603408,0.0012000000424450263,0.00019999970390927047,0.01340000017080456,0.005100000635138713,2.555699999902572
2149,d279_u13,angry,train,279,13,always,3,1,1,0,0,0,1,1,0,ok,"{""sentences"": [""I hear you."", ""We can pause here for a moment.""], ""safety"": ""ok""}",1,2176,2.787999999782187,0.0012999998943996616,0.00019999970390927047,0.013800000488117803,0.005199999577598646,2.814299999954528
2150,d279_u14,neutral,train,279,14,always,3,1,1,0,0,0,1,1,0,ok,"{""sentences"": [""I hear you."", ""We can pause here for a moment.""], ""safety"": ""ok""}",1,2176,2.76910000047792,0.0012000000424450263,0.0002999995558639057,0.014299999747890979,0.005100000635138713,2.7958999999100342
2151,d280_u0,neutral,train,280,0,always,3,1,1,0,0,0,1,1,0,ok,"{""sentences"": [""I hear you."", ""We can pause here for a moment.""], ""safety"": ""ok""}",1,2176,2.795200000036857,0.0012000000424450263,0.00030000046535860747,0.01430000065738568,0.005199999577598646,2.82229999993433
2152,d280_u1,angry,train,280,1,always,3,1,1,0,0,0,1,1,0,ok,"{""sentences"": [""I hear you."", ""We can pause here for a moment.""], ""safety"": ""ok""}",1,2176,2.7644000001600944,0.0014000006558489986,0.0002999995558639057,0.013699999726668466,0.005099999725644011,2.790399999867077
2153,d280_u2,neutral,train,280,2,always,3,1,1,0,0,0,1,1,0,ok,"{""sentences"": [""I hear you."", ""We can pause here for a moment.""], ""safety"": ""ok""}",1,2176,3.1428000002051704,0.0010999992809956893,0.00030000046535860747,0.012999999853491317,0.004799999260285404,3.167300000313844
2154,d281_u0,happy,train,281,0,always,3,1,1,0,0,0,1,1,0,ok,"{""sentences"": [""I hear you."", ""We can pause here for a moment.""], ""safety"": ""ok""}",1,2176,2.666900000804162,0.0012999998943996616,0.00030000046535860747,0.013500000022759195,0.005099999725644011,2.6927999997496954
2155,d281_u1,happy,train,281,1,always,3,1,1,0,0,0,1,1,0,ok,"{""sentences"": [""I hear you."", ""We can pause here for a moment.""], ""safety"": ""ok""}",1,2176,3.4198999992440804,0.0012000000424450263,0.0002999995558639057,0.014199999895936344,0.0054000001910026185,3.447299999606912
2156,d281_u2,neutral,train,281,2,always,3,1,1,0,0,0,1,1,0,ok,"{""sentences"": [""I hear you."", ""We can pause here for a moment.""], ""safety"": ""ok""}",1,2176,2.6877000000240514,0.0012000000424450263,0.00020000061340397224,0.014400000509340316,0.005099999725644011,2.7145000003656605
2157,d281_u3,neutral,train,281,3,always,3,1,1,0,0,0,1,1,0,ok,"{""sentences"": [""I hear you."", ""We can pause here for a moment.""], ""safety"": ""ok""}",1,2176,3.1595000000379514,0.0012000000424450263,0.0002999995558639057,0.014000000192027073,0.005300000339047983,3.186200000527606
2158,d281_u5,neutral,train,281,5,always,3,1,1,0,0,0,1,1,0,ok,"{""sentences"": [""I hear you."", ""We can pause here for a moment.""], ""safety"": ""ok""}",1,2176,2.3916000000099302,0.001100000190490391,0.0002999995558639057,0.013699999726668466,0.005000000783184078,2.4171000004571397
2159,d281_u7,neutral,train,281,7,always,3,1,1,0,0,0,1,1,0,ok,"{""sentences"": [""I hear you."", ""We can pause here for a moment.""], ""safety"": ""ok""}",1,2176,2.543599999626167,0.0011999991329503246,0.0002999995558639057,0.014600000213249587,0.005099999725644011,2.58639999992738
2160,d281_u9,neutral,train,281,9,always,3,1,1,0,0,0,1,1,0,ok,"{""sentences"": [""I hear you."", ""We can pause here for a moment.""], ""safety"": ""ok""}",1,2176,2.636299999721814,0.001100000190490391,0.0002999995558639057,0.01340000017080456,0.004999999873689376,2.6615999995556194
2161,d282_u0,happy,train,282,0,always,3,1,1,0,0,0,1,1,0,ok,"{""sentences"": [""I hear you."", ""We can pause here for a moment.""], ""safety"": ""ok""}",1,2176,2.6658999995561317,0.0018000000636675395,0.0004000003173132427,0.014700000065204222,0.005200000487093348,2.6962000001731212
2162,d282_u1,neutral,train,282,1,always,3,1,1,0,0,0,1,1,0,ok,"{""sentences"": [""I hear you."", ""We can pause here for a moment.""], ""safety"": ""ok""}",1,2176,3.1077999992703553,0.0012999998943996616,0.0002999995558639057,0.014100000043981709,0.005300000339047983,3.1348000002253684
2163,d282_u2,happy,train,282,2,always,3,1,1,0,0,0,1,1,0,ok,"{""sentences"": [""I hear you."", ""We can pause here for a moment.""], ""safety"": ""ok""}",1,2176,2.4606999995739898,0.0012000000424450263,0.00019999970390927047,0.014199999895936344,0.005099999725644011,2.486999999746331
2164,d283_u1,neutral,train,283,1,always,3,1,1,0,0,0,1,1,0,ok,"{""sentences"": [""I hear you."", ""We can pause here for a moment.""], ""safety"": ""ok""}",1,2176,3.41389999994135,0.0012999998943996616,0.00019999970390927047,0.014199999895936344,0.005099999725644011,3.440700000282959
2165,d283_u3,neutral,train,283,3,always,3,1,1,0,0,0,1,1,0,ok,"{""sentences"": [""I hear you."", ""We can pause here for a moment.""], ""safety"": ""ok""}",1,2176,2.6579000004858244,0.0011999991329503246,0.00030000046535860747,0.013900000340072438,0.004999999873689376,2.683700000488898
2166,d283_u4,neutral,train,283,4,always,3,1,1,0,0,0,1,1,0,ok,"{""sentences"": [""I hear you."", ""We can pause here for a moment.""], ""safety"": ""ok""}",1,2176,3.0602000006183516,0.001499999598308932,0.00030000046535860747,0.014200000805431046,0.005300000339047983,3.0874000003677793
2167,d283_u5,neutral,train,283,5,always,3,1,1,0,0,0,1,1,0,ok,"{""sentences"": [""I hear you."", ""We can pause here for a moment.""], ""safety"": ""ok""}",1,2176,2.8307000002314453,0.0013999997463542968,0.0002999995558639057,0.014199999895936344,0.005500000042957254,2.8580999996847822
2168,d284_u0,neutral,train,284,0,always,3,1,1,0,0,0,1,1,0,ok,"{""sentences"": [""I hear you."", ""We can pause here for a moment.""], ""safety"": ""ok""}",1,2176,2.4527999994461425,0.0012000000424450263,0.0002999995558639057,0.01340000017080456,0.005199999577598646,2.4784000006548013
2169,d284_u1,neutral,train,284,1,always,3,1,1,0,0,0,1,1,0,ok,"{""sentences"": [""I hear you."", ""We can pause here for a moment.""], ""safety"": ""ok""}",1,2176,2.951000000393833,0.0012000000424450263,0.00019999970390927047,0.01359999987471383,0.005199999577598646,2.976699999635457
2170,d284_u2,neutral,train,284,2,always,3,1,1,0,0,0,1,1,0,ok,"{""sentences"": [""I hear you."", ""We can pause here for a moment.""], ""safety"": ""ok""}",1,2176,2.5698999997985084,0.0012000000424450263,0.00019999970390927047,0.013800000488117803,0.005300000339047983,2.5961999999708496
2171,d285_u0,neutral,train,285,0,always,3,1,1,0,0,0,1,1,0,ok,"{""sentences"": [""I hear you."", ""We can pause here for a moment.""], ""safety"": ""ok""}",1,2176,2.84289999945031,0.0012999998943996616,0.0002999995558639057,0.014199999895936344,0.005099999725644011,2.8696999997919193
2172,d285_u1,happy,train,285,1,always,3,1,1,0,0,0,1,1,0,ok,"{""sentences"": [""I hear you."", ""We can pause here for a moment.""], ""safety"": ""ok""}",1,2176,3.116099999715516,0.0012000000424450263,0.00019999970390927047,0.013799999578623101,0.005199999577598646,3.142399999887857
2173,d285_u2,neutral,train,285,2,always,3,1,1,0,0,0,1,1,0,ok,"{""sentences"": [""I hear you."", ""We can pause here for a moment.""], ""safety"": ""ok""}",1,2176,3.1174000005194102,0.0012999998943996616,0.0002999995558639057,0.014000000192027073,0.005300000339047983,3.14410000009957
2174,d285_u3,happy,train,285,3,always,3,1,1,0,0,0,1,1,0,ok,"{""sentences"": [""I hear you."", ""We can pause here for a moment.""], ""safety"": ""ok""}",1,2176,2.9586000000563217,0.0012999998943996616,0.00030000046535860747,0.014000000192027073,0.005300000339047983,2.9852999996364815
2175,d285_u4,neutral,train,285,4,always,3,1,1,0,0,0,1,1,0,ok,"{""sentences"": [""I hear you."", ""We can pause here for a moment.""], ""safety"": ""ok""}",1,2176,2.7358000006643124,0.0012999998943996616,0.00019999970390927047,0.014299999747890979,0.005099999725644011,2.7628999996522907
2176,d285_u5,neutral,train,285,5,always,3,1,1,0,0,0,1,1,0,ok,"{""sentences"": [""I hear you."", ""We can pause here for a moment.""], ""safety"": ""ok""}",1,2176,2.939999999398424,0.0012000000424450263,0.0002999995558639057,0.013699999726668466,0.004999999873689376,2.9657000004590373
2177,d285_u6,neutral,train,285,6,always,3,1,1,0,0,0,1,1,0,ok,"{""sentences"": [""I hear you."", ""We can pause here for a moment.""], ""safety"": ""ok""}",1,2176,2.705699999751232,0.0012999998943996616,0.0002999995558639057,0.013900000340072438,0.005199999577598646,2.7321000006850227
2178,d285_u7,angry,train,285,7,always,3,1,1,0,0,0,1,1,0,ok,"{""sentences"": [""I hear you."", ""We can pause here for a moment.""], ""safety"": ""ok""}",1,2176,2.9872000004615984,0.0012999998943996616,0.00030000046535860747,0.014100000043981709,0.005399999281507917,3.0143000003590714
2179,d285_u8,neutral,train,285,8,always,3,1,1,0,0,0,1,1,0,ok,"{""sentences"": [""I hear you."", ""We can pause here for a moment.""], ""safety"": ""ok""}",1,2176,2.9333000002225162,0.0012999998943996616,0.0002999995558639057,0.014199999895936344,0.005200000487093348,2.9601999995065853
2180,d285_u10,neutral,train,285,10,always,3,1,1,0,0,0,1,1,0,ok,"{""sentences"": [""I hear you."", ""We can pause here for a moment.""], ""safety"": ""ok""}",1,2176,2.8885000001537264,0.0012999998943996616,0.00019999970390927047,0.014299999747890979,0.0054000001910026185,2.9158999996070634
2181,d285_u11,neutral,train,285,11,always,3,1,1,0,0,0,1,1,0,ok,"{""sentences"": [""I hear you."", ""We can pause here for a moment.""], ""safety"": ""ok""}",1,2176,2.9344999993554666,0.0012999998943996616,0.00030000046535860747,0.013900000340072438,0.005100000635138713,2.9608000004373025
2182,d285_u13,neutral,train,285,13,always,3,1,1,0,0,0,1,1,0,ok,"{""sentences"": [""I hear you."", ""We can pause here for a moment.""], ""safety"": ""ok""}",1,2176,2.3973000006662915,0.0012000000424450263,0.00019999970390927047,0.013099999705445953,0.004999999873689376,2.4222000001827837
2183,d285_u14,neutral,train,285,14,always,3,1,1,0,0,0,1,1,0,ok,"{""sentences"": [""I hear you."", ""We can pause here for a moment.""], ""safety"": ""ok""}",1,2176,2.782900000056543,0.0013999997463542968,0.0002999995558639057,0.014400000509340316,0.005300000339047983,2.810500000123284
2184,d285_u15,neutral,train,285,15,always,3,1,1,0,0,0,1,1,0,ok,"{""sentences"": [""I hear you."", ""We can pause here for a moment.""], ""safety"": ""ok""}",1,2176,2.8542000000015832,0.0011999991329503246,0.00019999970390927047,0.014100000043981709,0.005300000339047983,2.8809000004912377
2185,d285_u16,neutral,train,285,16,always,3,1,1,0,0,0,1,1,0,ok,"{""sentences"": [""I hear you."", ""We can pause here for a moment.""], ""safety"": ""ok""}",1,2176,2.8822000003856374,0.0012999998943996616,0.00030000046535860747,0.01359999987471383,0.005300000339047983,2.908899999965797
2186,d286_u0,neutral,train,286,0,always,3,1,1,0,0,0,1,1,0,ok,"{""sentences"": [""I hear you."", ""We can pause here for a moment.""], ""safety"": ""ok""}",1,2176,2.7150999994773883,0.0012999998943996616,0.00019999970390927047,0.014100000043981709,0.004999999873689376,2.741799999967043
2187,d286_u1,neutral,train,286,1,always,3,1,1,0,0,0,1,1,0,ok,"{""sentences"": [""I hear you."", ""We can pause here for a moment.""], ""safety"": ""ok""}",1,2176,3.0469000002995017,0.0012999998943996616,0.00020000061340397224,0.014400000509340316,0.005200000487093348,3.0741000000489294
2188,d286_u2,neutral,train,286,2,always,3,1,1,0,0,0,1,1,0,ok,"{""sentences"": [""I hear you."", ""We can pause here for a moment.""], ""safety"": ""ok""}",1,2176,2.846800000043004,0.0012999998943996616,0.00019999970390927047,0.01359999987471383,0.005000000783184078,2.8723000004902133
2189,d286_u3,neutral,train,286,3,always,3,1,1,0,0,0,1,1,0,ok,"{""sentences"": [""I hear you."", ""We can pause here for a moment.""], ""safety"": ""ok""}",1,2176,2.755000000433938,0.0012000000424450263,0.0004000003173132427,0.013800000488117803,0.005200000487093348,2.78119999984483
2190,d287_u0,neutral,train,287,0,always,3,1,1,0,0,0,1,1,0,ok,"{""sentences"": [""I hear you."", ""We can pause here for a moment.""], ""safety"": ""ok""}",1,2176,2.8614000002562534,0.0012999998943996616,0.00019999970390927047,0.014000000192027073,0.004999999873689376,2.8876999995191
2191,d287_u1,sad,train,287,1,always,3,1,1,0,0,0,1,1,0,ok,"{""sentences"": [""I hear you."", ""We can pause here for a moment.""], ""safety"": ""ok""}",1,2176,2.7995000000373693,0.0012999998943996616,0.0002999995558639057,0.014199999895936344,0.005300000339047983,2.8263000003789784
2192,d287_u2,angry,train,287,2,always,3,1,1,0,0,0,1,1,0,ok,"{""sentences"": [""I hear you."", ""We can pause here for a moment.""], ""safety"": ""ok""}",1,2176,2.8578000001289183,0.0012999998943996616,0.00019999970390927047,0.014399999599845614,0.005300000339047983,2.8850999997303006
2193,d287_u3,neutral,train,287,3,always,3,1,1,0,0,0,1,1,0,ok,"{""sentences"": [""I hear you."", ""We can pause here for a moment.""], ""safety"": ""ok""}",1,2176,2.7179999997315463,0.0012999998943996616,0.0002999995558639057,0.013699999726668466,0.005100000635138713,2.744399999755842
2194,d287_u4,angry,train,287,4,always,3,1,1,0,0,0,1,1,0,ok,"{""sentences"": [""I hear you."", ""We can pause here for a moment.""], ""safety"": ""ok""}",1,2176,2.7561999995668884,0.0012000000424450263,0.00019999970390927047,0.013399999261309858,0.004999999873689376,2.781400000458234
2195,d287_u5,neutral,train,287,5,always,3,1,1,0,0,0,1,1,0,ok,"{""sentences"": [""I hear you."", ""We can pause here for a moment.""], ""safety"": ""ok""}",1,2176,2.8056999999535037,0.0012000000424450263,0.00030000046535860747,0.013799999578623101,0.005300000339047983,2.8320999999777996
2196,d287_u6,neutral,train,287,6,always,3,1,1,0,0,0,1,1,0,ok,"{""sentences"": [""I hear you."", ""We can pause here for a moment.""], ""safety"": ""ok""}",1,2176,2.7912999994441634,0.0012000000424450263,0.0002999995558639057,0.013799999578623101,0.005099999725644011,2.817200000208686
2197,d287_u7,happy,train,287,7,always,3,1,1,0,0,0,1,1,0,ok,"{""sentences"": [""I hear you."", ""We can pause here for a moment.""], ""safety"": ""ok""}",1,2176,3.1037999997352017,0.0012000000424450263,0.00020000061340397224,0.013700000636163168,0.004900000021734741,3.1296999995902297
2198,d287_u8,neutral,train,287,8,always,3,1,1,0,0,0,1,1,0,ok,"{""sentences"": [""I hear you."", ""We can pause here for a moment.""], ""safety"": ""ok""}",1,2176,2.8914000004078844,0.0012000000424450263,0.00030000046535860747,0.013900000340072438,0.004999999873689376,2.9175999998187763
2199,d287_u9,neutral,train,287,9,always,3,1,1,0,0,0,1,1,0,ok,"{""sentences"": [""I hear you."", ""We can pause here for a moment.""], ""safety"": ""ok""}",1,2176,2.571499999248772,0.0012999998943996616,0.00019999970390927047,0.014199999895936344,0.005200000487093348,2.598500000203785
2200,d287_u10,neutral,train,287,10,always,3,1,1,0,0,0,1,1,0,ok,"{""sentences"": [""I hear you."", ""We can pause here for a moment.""], ""safety"": ""ok""}",1,2176,2.9337999994822894,0.0012000000424450263,0.00020000061340397224,0.014500000361294951,0.005100000635138713,2.961000000141212
2201,d287_u11,neutral,train,287,11,always,3,1,1,0,0,0,1,1,0,ok,"{""sentences"": [""I hear you."", ""We can pause here for a moment.""], ""safety"": ""ok""}",1,2176,2.933699999630335,0.0012000000424450263,0.00019999970390927047,0.013900000340072438,0.005099999725644011,2.96020000041608
2202,d287_u12,happy,train,287,12,always,3,1,1,0,0,0,1,1,0,ok,"{""sentences"": [""I hear you."", ""We can pause here for a moment.""], ""safety"": ""ok""}",1,2176,3.3280999996350147,0.0012000000424450263,0.00030000046535860747,0.014000000192027073,0.005300000339047983,3.3542000001034467
2203,d288_u0,happy,train,288,0,always,3,1,1,0,0,0,1,1,0,ok,"{""sentences"": [""I hear you."", ""We can pause here for a moment.""], ""safety"": ""ok""}",1,2176,2.4181999997381354,0.0012000000424450263,0.0002999995558639057,0.013900000340072438,0.005099999725644011,2.4447999994663405
2204,d288_u1,neutral,train,288,1,always,3,1,1,0,0,0,1,1,0,ok,"{""sentences"": [""I hear you."", ""We can pause here for a moment.""], ""safety"": ""ok""}",1,2176,2.3693000002822373,0.0012000000424450263,0.0002999995558639057,0.013900000340072438,0.005199999577598646,2.395499999693129
2205,d288_u4,neutral,train,288,4,always,3,1,1,0,0,0,1,1,0,ok,"{""sentences"": [""I hear you."", ""We can pause here for a moment.""], ""safety"": ""ok""}",1,2176,2.4522999992768746,0.0012999998943996616,0.0002999995558639057,0.013900000340072438,0.005099999725644011,2.4782000000413973
2206,d288_u5,neutral,train,288,5,always,3,1,1,0,0,0,1,1,0,ok,"{""sentences"": [""I hear you."", ""We can pause here for a moment.""], ""safety"": ""ok""}",1,2176,2.7552000001378474,0.0014000006558489986,0.0002999995558639057,0.014000000192027073,0.004999999873689376,2.7816000001621433
2207,d288_u6,angry,train,288,6,always,3,1,1,0,0,0,1,1,0,ok,"{""sentences"": [""I hear you."", ""We can pause here for a moment.""], ""safety"": ""ok""}",1,2176,3.914699999768345,0.0012000000424450263,0.00030000046535860747,0.014000000192027073,0.005300000339047983,3.9415000001099543
2208,d288_u7,happy,train,288,7,always,3,1,1,0,0,0,1,1,0,ok,"{""sentences"": [""I hear you."", ""We can pause here for a moment.""], ""safety"": ""ok""}",1,2176,2.618600000459992,0.0012999998943996616,0.0002999995558639057,0.013900000340072438,0.005300000339047983,2.6453000000401516
2209,d288_u8,happy,train,288,8,always,3,1,1,0,0,0,1,1,0,ok,"{""sentences"": [""I hear you."", ""We can pause here for a moment.""], ""safety"": ""ok""}",1,2176,3.181899999617599,0.0012000000424450263,0.00030000046535860747,0.014100000043981709,0.02300000051036477,3.2263000002785702
2210,d288_u9,neutral,train,288,9,always,3,1,1,0,0,0,1,1,0,ok,"{""sentences"": [""I hear you."", ""We can pause here for a moment.""], ""safety"": ""ok""}",1,2176,2.511600000616454,0.0013999997463542968,0.0002999995558639057,0.014700000065204222,0.005200000487093348,2.5397999997949228
2211,d288_u10,neutral,train,288,10,always,3,1,1,0,0,0,1,1,0,ok,"{""sentences"": [""I hear you."", ""We can pause here for a moment.""], ""safety"": ""ok""}",1,2176,2.738099999987753,0.0013999997463542968,0.00020000061340397224,0.014199999895936344,0.005199999577598646,2.764999999271822
2212,d288_u13,neutral,train,288,13,always,3,1,1,0,0,0,1,1,0,ok,"{""sentences"": [""I hear you."", ""We can pause here for a moment.""], ""safety"": ""ok""}",1,2176,2.7903000000151224,0.001100000190490391,0.0002999995558639057,0.013699999726668466,0.004999999873689376,2.8161000000181957
2213,d288_u15,happy,train,288,15,always,3,1,1,0,0,0,1,1,0,ok,"{""sentences"": [""I hear you."", ""We can pause here for a moment.""], ""safety"": ""ok""}",1,2176,2.521299999898474,0.0012999998943996616,0.00030000046535860747,0.014600000213249587,0.005200000487093348,2.5490999996691244
2214,d288_u16,neutral,train,288,16,always,3,1,1,0,0,0,1,1,0,ok,"{""sentences"": [""I hear you."", ""We can pause here for a moment.""], ""safety"": ""ok""}",1,2176,2.826699999786797,0.0012000000424450263,0.00019999970390927047,0.013700000636163168,0.0052999994295532815,2.8531000007205876
2215,d288_u17,neutral,train,288,17,always,3,1,1,0,0,0,1,1,0,ok,"{""sentences"": [""I hear you."", ""We can pause here for a moment.""], ""safety"": ""ok""}",1,2176,2.696300000025076,0.0012999998943996616,0.00030000046535860747,0.01340000017080456,0.005200000487093348,2.72190000032424
2216,d288_u18,neutral,train,288,18,always,3,1,1,0,0,0,1,1,0,ok,"{""sentences"": [""I hear you."", ""We can pause here for a moment.""], ""safety"": ""ok""}",1,2176,3.020199999809847,0.001100000190490391,0.00030000046535860747,0.01359999987471383,0.005200000487093348,3.0454999996436527
2217,d288_u19,neutral,train,288,19,always,3,1,1,0,0,0,1,1,0,ok,"{""sentences"": [""I hear you."", ""We can pause here for a moment.""], ""safety"": ""ok""}",1,2176,2.862000000277476,0.0013999997463542968,0.00019999970390927047,0.014199999895936344,0.005199999577598646,2.8890000003229943
2218,d288_u20,happy,train,288,20,always,3,1,1,0,0,0,1,1,0,ok,"{""sentences"": [""I hear you."", ""We can pause here for a moment.""], ""safety"": ""ok""}",1,2176,2.4851000007402035,0.0012000000424450263,0.00020000061340397224,0.013600000784208532,0.005099999725644011,2.510899999833782
2219,d289_u2,neutral,train,289,2,always,3,1,1,0,0,0,1,1,0,ok,"{""sentences"": [""I hear you."", ""We can pause here for a moment.""], ""safety"": ""ok""}",1,2176,3.1807999994271086,0.0012000000424450263,0.00020000061340397224,0.014099999134487007,0.005399999281507917,3.2076000006782124
2220,d289_u3,sad,train,289,3,always,3,1,1,0,0,0,1,1,0,ok,"{""sentences"": [""I hear you."", ""We can pause here for a moment.""], ""safety"": ""ok""}",1,2176,3.1195000001389417,0.001100000190490391,0.00030000046535860747,0.013800000488117803,0.005300000339047983,3.145599999697879
2221,d289_u4,sad,train,289,4,always,3,1,1,0,0,0,1,1,0,ok,"{""sentences"": [""I hear you."", ""We can pause here for a moment.""], ""safety"": ""ok""}",1,2176,3.056700000342971,0.0012000000424450263,0.00019999970390927047,0.013800000488117803,0.004900000021734741,3.082899999753863
2222,d289_u5,neutral,train,289,5,always,3,1,1,0,0,0,1,1,0,ok,"{""sentences"": [""I hear you."", ""We can pause here for a moment.""], ""safety"": ""ok""}",1,2176,2.5843999992503086,0.001100000190490391,0.00030000046535860747,0.012600000445672777,0.004599999556376133,2.6080000006913906
2223,d290_u0,sad,train,290,0,always,3,1,1,0,0,0,1,1,0,ok,"{""sentences"": [""I hear you."", ""We can pause here for a moment.""], ""safety"": ""ok""}",1,2176,3.270899999733956,0.0012000000424450263,0.0002999995558639057,0.013699999726668466,0.005100000635138713,3.296700000646524
2224,d291_u0,sad,train,291,0,always,3,1,1,0,0,0,1,1,0,ok,"{""sentences"": [""I hear you."", ""We can pause here for a moment.""], ""safety"": ""ok""}",1,2176,2.74970000009489,0.0012000000424450263,0.00030000046535860747,0.013999999282532372,0.005199999577598646,2.7760000002672314
2225,d291_u1,sad,train,291,1,always,3,1,1,0,0,0,1,1,0,ok,"{""sentences"": [""I hear you."", ""We can pause here for a moment.""], ""safety"": ""ok""}",1,2176,2.792500000396103,0.0012000000424450263,0.00019999970390927047,0.01320000046689529,0.004900000021734741,2.8179000000818633
2226,d292_u0,neutral,train,292,0,always,3,1,1,0,0,0,1,1,0,ok,"{""sentences"": [""I hear you."", ""We can pause here for a moment.""], ""safety"": ""ok""}",1,2176,2.1319999996194383,0.0012999998943996616,0.0004000003173132427,0.016599999980826396,0.004999999873689376,2.162300000236428
2227,d292_u1,sad,train,292,1,always,3,1,1,0,0,0,1,1,0,ok,"{""sentences"": [""I hear you."", ""We can pause here for a moment.""], ""safety"": ""ok""}",1,2176,3.4367999996902654,0.0008999995770864189,0.00019999970390927047,0.011000000085914508,0.004200000148557592,3.457900000285008
2228,d292_u2,neutral,train,292,2,always,3,1,1,0,0,0,1,1,0,ok,"{""sentences"": [""I hear you."", ""We can pause here for a moment.""], ""safety"": ""ok""}",1,2176,2.257099999951606,0.0012000000424450263,0.0002999995558639057,0.014399999599845614,0.00670000008540228,2.2855000006529735
2229,d292_u3,neutral,train,292,3,always,3,1,1,0,0,0,1,1,0,ok,"{""sentences"": [""I hear you."", ""We can pause here for a moment.""], ""safety"": ""ok""}",1,2176,3.0704999999215943,0.0012000000424450263,0.0002999995558639057,0.012900000001536682,0.005099999725644011,3.0956000000514905
2230,d292_u4,sad,train,292,4,always,3,1,1,0,0,0,1,1,0,ok,"{""sentences"": [""I hear you."", ""We can pause here for a moment.""], ""safety"": ""ok""}",1,2176,3.1398999999510124,0.0012000000424450263,0.0002999995558639057,0.013199999557400588,0.004699999408330768,3.164400000059686
2231,d292_u5,neutral,train,292,5,always,3,1,1,0,0,0,1,1,0,ok,"{""sentences"": [""I hear you."", ""We can pause here for a moment.""], ""safety"": ""ok""}",1,2176,2.755000000433938,0.0016999993022182025,0.00019999970390927047,0.014500000361294951,0.005500000042957254,2.7829999999084976
2232,d293_u3,neutral,train,293,3,always,3,1,1,0,0,0,1,1,0,ok,"{""sentences"": [""I hear you."", ""We can pause here for a moment.""], ""safety"": ""ok""}",1,2176,2.5040000000444707,0.0012999998943996616,0.00030000046535860747,0.014200000805431046,0.005199999577598646,2.530599999772676
2233,d293_u5,neutral,train,293,5,always,3,1,1,0,0,0,1,1,0,ok,"{""sentences"": [""I hear you."", ""We can pause here for a moment.""], ""safety"": ""ok""}",1,2176,2.793700000438548,0.0012000000424450263,0.00030000046535860747,0.01359999987471383,0.005099999725644011,2.81989999984944
2234,d293_u6,neutral,train,293,6,always,3,1,1,0,0,0,1,1,0,ok,"{""sentences"": [""I hear you."", ""We can pause here for a moment.""], ""safety"": ""ok""}",1,2176,2.7273999994577025,0.0010999992809956893,0.00030000046535860747,0.012700000297627412,0.021400000150606502,2.7675000001181616
2235,d293_u7,neutral,train,293,7,always,3,1,1,0,0,0,1,1,0,ok,"{""sentences"": [""I hear you."", ""We can pause here for a moment.""], ""safety"": ""ok""}",1,2176,2.9393000004347414,0.0012999998943996616,0.00019999970390927047,0.014700000065204222,0.0054000001910026185,2.9663999994227197
2236,d293_u8,happy,train,293,8,always,3,1,1,0,0,0,1,1,0,ok,"{""sentences"": [""I hear you."", ""We can pause here for a moment.""], ""safety"": ""ok""}",1,2176,2.9671000002053916,0.0012999998943996616,0.00030000046535860747,0.03130000004603062,0.005099999725644011,3.0114000001049135
2237,d293_u9,neutral,train,293,9,always,3,1,1,0,0,0,1,1,0,ok,"{""sentences"": [""I hear you."", ""We can pause here for a moment.""], ""safety"": ""ok""}",1,2176,2.994800000124087,0.0012999998943996616,0.00020000061340397224,0.01469999915570952,0.005199999577598646,3.0220999997254694
2238,d293_u10,sad,train,293,10,always,3,1,1,0,0,0,1,1,0,ok,"{""sentences"": [""I hear you."", ""We can pause here for a moment.""], ""safety"": ""ok""}",1,2176,2.658800000062911,0.0012999998943996616,0.0002999995558639057,0.03099999958067201,0.005099999725644011,2.7019999997719424
2239,d293_u11,neutral,train,293,11,always,3,1,1,0,0,0,1,1,0,ok,"{""sentences"": [""I hear you."", ""We can pause here for a moment.""], ""safety"": ""ok""}",1,2176,2.759800000603718,0.0012999998943996616,0.00020000061340397224,0.014500000361294951,0.005100000635138713,2.78729999990901
2240,d293_u12,happy,train,293,12,always,3,1,1,0,0,0,1,1,0,ok,"{""sentences"": [""I hear you."", ""We can pause here for a moment.""], ""safety"": ""ok""}",1,2176,2.6867999995374703,0.0012000000424450263,0.00019999970390927047,0.013500000022759195,0.005200000487093348,2.7126000004500384
2241,d294_u0,happy,train,294,0,always,3,1,1,0,0,0,1,1,0,ok,"{""sentences"": [""I hear you."", ""We can pause here for a moment.""], ""safety"": ""ok""}",1,2176,2.852999999959138,0.0012000000424450263,0.0002999995558639057,0.014299999747890979,0.005300000339047983,2.8800000000046566
2242,d294_u1,neutral,train,294,1,always,3,1,1,0,0,0,1,1,0,ok,"{""sentences"": [""I hear you."", ""We can pause here for a moment.""], ""safety"": ""ok""}",1,2176,2.9197000003478024,0.000999999429041054,0.00030000046535860747,0.013600000784208532,0.005099999725644011,2.945499999441381
2243,d295_u1,neutral,train,295,1,always,3,1,1,0,0,0,1,1,0,ok,"{""sentences"": [""I hear you."", ""We can pause here for a moment.""], ""safety"": ""ok""}",1,2176,2.935099999376689,0.0012999998943996616,0.00019999970390927047,0.01449999945180025,0.0052999994295532815,2.9625000006490154
2244,d295_u4,sad,train,295,4,always,3,1,1,0,0,0,1,1,0,ok,"{""sentences"": [""I hear you."", ""We can pause here for a moment.""], ""safety"": ""ok""}",1,2176,2.4009999997360865,0.0012000000424450263,0.0002999995558639057,0.014600000213249587,0.005300000339047983,2.4283000002469635
2245,d295_u5,angry,train,295,5,always,3,1,1,0,0,0,1,1,0,ok,"{""sentences"": [""I hear you."", ""We can pause here for a moment.""], ""safety"": ""ok""}",1,2176,3.095699999903445,0.0014000006558489986,0.00030000046535860747,0.013899999430577736,0.005300000339047983,3.1225000002450543
2246,d295_u6,angry,train,295,6,always,3,1,1,0,0,0,1,1,0,ok,"{""sentences"": [""I hear you."", ""We can pause here for a moment.""], ""safety"": ""ok""}",1,2176,2.7832999994643615,0.0012999998943996616,0.0002999995558639057,0.01359999987471383,0.004999999873689376,2.8091000003769295
2247,d295_u7,angry,train,295,7,always,3,1,1,0,0,0,1,1,0,ok,"{""sentences"": [""I hear you."", ""We can pause here for a moment.""], ""safety"": ""ok""}",1,2176,2.442900000460213,0.0012999998943996616,0.00030000046535860747,0.014700000065204222,0.005300000339047983,2.470800000082818
2248,d295_u8,angry,train,295,8,always,3,1,1,0,0,0,1,1,0,ok,"{""sentences"": [""I hear you."", ""We can pause here for a moment.""], ""safety"": ""ok""}",1,2176,3.224999999474676,0.0012999998943996616,0.00019999970390927047,0.014100000043981709,0.005200000487093348,3.251799999816285
2249,d295_u9,angry,train,295,9,always,3,1,1,0,0,0,1,1,0,ok,"{""sentences"": [""I hear you."", ""We can pause here for a moment.""], ""safety"": ""ok""}",1,2176,2.458900000419817,0.0012999998943996616,0.0002999995558639057,0.014199999895936344,0.005099999725644011,2.485500000148022
2250,d295_u10,angry,train,295,10,always,3,1,1,0,0,0,1,1,0,ok,"{""sentences"": [""I hear you."", ""We can pause here for a moment.""], ""safety"": ""ok""}",1,2176,2.75340000007418,0.0012000000424450263,0.0002999995558639057,0.013699999726668466,0.005300000339047983,2.7798999999504304
2251,d295_u11,angry,train,295,11,always,3,1,1,0,0,0,1,1,0,ok,"{""sentences"": [""I hear you."", ""We can pause here for a moment.""], ""safety"": ""ok""}",1,2176,2.575099999376107,0.0013999997463542968,0.00019999970390927047,0.016899999536690302,0.006999999641266186,2.6066999998874962
2252,d295_u13,angry,train,295,13,always,3,1,1,0,0,0,1,1,0,ok,"{""sentences"": [""I hear you."", ""We can pause here for a moment.""], ""safety"": ""ok""}",1,2176,3.400800000235904,0.0010999992809956893,0.0002999995558639057,0.014199999895936344,0.004900000021734741,3.4272000002602
2253,d295_u14,happy,train,295,14,always,3,1,1,0,0,0,1,1,0,ok,"{""sentences"": [""I hear you."", ""We can pause here for a moment.""], ""safety"": ""ok""}",1,2176,3.0106999993222416,0.0013999997463542968,0.00019999970390927047,0.013899999430577736,0.0052999994295532815,3.0375000005733455
2254,d295_u15,neutral,train,295,15,always,3,1,1,0,0,0,1,1,0,ok,"{""sentences"": [""I hear you."", ""We can pause here for a moment.""], ""safety"": ""ok""}",1,2176,2.5078999997276696,0.001100000190490391,0.00030000046535860747,0.013700000636163168,0.005500000042957254,2.534199999900011
2255,d295_u16,angry,train,295,16,always,3,1,1,0,0,0,1,1,0,ok,"{""sentences"": [""I hear you."", ""We can pause here for a moment.""], ""safety"": ""ok""}",1,2176,2.689799999643583,0.0012999998943996616,0.0002999995558639057,0.014100000043981709,0.005099999725644011,2.7162000005773734
2256,d295_u17,angry,train,295,17,always,3,1,1,0,0,0,1,1,0,ok,"{""sentences"": [""I hear you."", ""We can pause here for a moment.""], ""safety"": ""ok""}",1,2176,2.3139000004448462,0.0012000000424450263,0.00019999970390927047,0.014000000192027073,0.0054000001910026185,2.3406999998769606
2257,d295_u18,angry,train,295,18,always,3,1,1,0,0,0,1,1,0,ok,"{""sentences"": [""I hear you."", ""We can pause here for a moment.""], ""safety"": ""ok""}",1,2176,2.781400000458234,0.0012000000424450263,0.00019999970390927047,0.014100000043981709,0.005099999725644011,2.8081000000383938
2258,d295_u19,angry,train,295,19,always,3,1,1,0,0,0,1,1,0,ok,"{""sentences"": [""I hear you."", ""We can pause here for a moment.""], ""safety"": ""ok""}",1,2176,3.2387999999627937,0.0012999998943996616,0.00030000046535860747,0.014200000805431046,0.005500000042957254,3.2659999997122213
2259,d295_u20,angry,train,295,20,always,3,1,1,0,0,0,1,1,0,ok,"{""sentences"": [""I hear you."", ""We can pause here for a moment.""], ""safety"": ""ok""}",1,2176,2.8812000000471016,0.0012999998943996616,0.0002999995558639057,0.014799999917158857,0.005199999577598646,2.9088000001138425
2260,d295_u21,angry,train,295,21,always,3,1,1,0,0,0,1,1,0,ok,"{""sentences"": [""I hear you."", ""We can pause here for a moment.""], ""safety"": ""ok""}",1,2176,3.028699999958917,0.0012000000424450263,0.0002999995558639057,0.013500000022759195,0.004999999873689376,3.0544000001100358
2261,d296_u0,neutral,train,296,0,always,3,1,1,0,0,0,1,1,0,ok,"{""sentences"": [""I hear you."", ""We can pause here for a moment.""], ""safety"": ""ok""}",1,2176,2.64939999942726,0.0012000000424450263,0.0002999995558639057,0.014199999895936344,0.005300000339047983,2.6765000002342276
2262,d296_u1,neutral,train,296,1,always,3,1,1,0,0,0,1,1,0,ok,"{""sentences"": [""I hear you."", ""We can pause here for a moment.""], ""safety"": ""ok""}",1,2176,3.170699999827775,0.0012999998943996616,0.00030000046535860747,0.01449999945180025,0.0054000001910026185,3.198299999894516
2263,d296_u2,neutral,train,296,2,always,3,1,1,0,0,0,1,1,0,ok,"{""sentences"": [""I hear you."", ""We can pause here for a moment.""], ""safety"": ""ok""}",1,2176,2.740799999628507,0.0012000000424450263,0.00019999970390927047,0.014100000043981709,0.005099999725644011,2.7668999991874443
2264,d296_u4,neutral,train,296,4,always,3,1,1,0,0,0,1,1,0,ok,"{""sentences"": [""I hear you."", ""We can pause here for a moment.""], ""safety"": ""ok""}",1,2176,3.336900000249443,0.0012000000424450263,0.00019999970390927047,0.014100000043981709,0.005300000339047983,3.363799999533512
2265,d296_u5,angry,train,296,5,always,3,1,1,0,0,0,1,1,0,ok,"{""sentences"": [""I hear you."", ""We can pause here for a moment.""], ""safety"": ""ok""}",1,2176,2.348899999560672,0.0012999998943996616,0.0002999995558639057,0.013999999282532372,0.0052999994295532815,2.3756000000503263
2266,d296_u6,neutral,train,296,6,always,3,1,1,0,0,0,1,1,0,ok,"{""sentences"": [""I hear you."", ""We can pause here for a moment.""], ""safety"": ""ok""}",1,2176,2.7164999992237426,0.0012000000424450263,0.00030000046535860747,0.014500000361294951,0.005199999577598646,2.7437999997346196
2267,d296_u7,neutral,train,296,7,always,3,1,1,0,0,0,1,1,0,ok,"{""sentences"": [""I hear you."", ""We can pause here for a moment.""], ""safety"": ""ok""}",1,2176,2.5880000002871384,0.0012999998943996616,0.00020000061340397224,0.014600000213249587,0.005300000339047983,2.6155999994443846
2268,d296_u8,neutral,train,296,8,always,3,1,1,0,0,0,1,1,0,ok,"{""sentences"": [""I hear you."", ""We can pause here for a moment.""], ""safety"": ""ok""}",1,2176,2.783099999760452,0.0011999991329503246,0.0002999995558639057,0.013699999726668466,0.005200000487093348,2.8088999997635256
2269,d296_u9,neutral,train,296,9,always,3,1,1,0,0,0,1,1,0,ok,"{""sentences"": [""I hear you."", ""We can pause here for a moment.""], ""safety"": ""ok""}",1,2176,3.003599999829021,0.0013999997463542968,0.00030000046535860747,0.013600000784208532,0.005199999577598646,3.0295999995360035
2270,d296_u10,neutral,train,296,10,always,3,1,1,0,0,0,1,1,0,ok,"{""sentences"": [""I hear you."", ""We can pause here for a moment.""], ""safety"": ""ok""}",1,2176,2.9322999998839805,0.0012000000424450263,0.0002999995558639057,0.013399999261309858,0.004800000169780105,2.957300000161922
2271,d296_u11,happy,train,296,11,always,3,1,1,0,0,0,1,1,0,ok,"{""sentences"": [""I hear you."", ""We can pause here for a moment.""], ""safety"": ""ok""}",1,2176,2.6607999998304876,0.0012999998943996616,0.00019999970390927047,0.014600000213249587,0.005199999577598646,2.6881999992838246
2272,d296_u12,neutral,train,296,12,always,3,1,1,0,0,0,1,1,0,ok,"{""sentences"": [""I hear you."", ""We can pause here for a moment.""], ""safety"": ""ok""}",1,2176,2.8465999994296,0.0012999998943996616,0.0002999995558639057,0.014100000043981709,0.0052999994295532815,2.8734000006807037
2273,d296_u13,neutral,train,296,13,always,3,1,1,0,0,0,1,1,0,ok,"{""sentences"": [""I hear you."", ""We can pause here for a moment.""], ""safety"": ""ok""}",1,2176,2.8255999995963066,0.0012000000424450263,0.00030000046535860747,0.030300000616989564,0.005199999577598646,2.8683999998975196
2274,d296_u16,neutral,train,296,16,always,3,1,1,0,0,0,1,1,0,ok,"{""sentences"": [""I hear you."", ""We can pause here for a moment.""], ""safety"": ""ok""}",1,2176,2.7423999999882653,0.0015000005078036338,0.0002999995558639057,0.014100000043981709,0.0052999994295532815,2.7694999998857384
2275,d296_u18,neutral,train,296,18,always,3,1,1,0,0,0,1,1,0,ok,"{""sentences"": [""I hear you."", ""We can pause here for a moment.""], ""safety"": ""ok""}",1,2176,2.7534999999261345,0.0012000000424450263,0.0002999995558639057,0.014199999895936344,0.005100000635138713,2.7798999999504304
2276,d296_u20,neutral,train,296,20,always,3,1,1,0,0,0,1,1,0,ok,"{""sentences"": [""I hear you."", ""We can pause here for a moment.""], ""safety"": ""ok""}",1,2176,2.62750000001688,0.0012000000424450263,0.00030000046535860747,0.013700000636163168,0.005300000339047983,2.653700000337267
2277,d297_u0,neutral,train,297,0,always,3,1,1,0,0,0,1,1,0,ok,"{""sentences"": [""I hear you."", ""We can pause here for a moment.""], ""safety"": ""ok""}",1,2176,2.5226999996448285,0.001100000190490391,0.00020000061340397224,0.014199999895936344,0.005300000339047983,2.549199999521079
2278,d297_u1,happy,train,297,1,always,3,1,1,0,0,0,1,1,0,ok,"{""sentences"": [""I hear you."", ""We can pause here for a moment.""], ""safety"": ""ok""}",1,2176,3.0027000002519344,0.0013000008038943633,0.00020000061340397224,0.014500000361294951,0.005200000487093348,3.0300999997052713
2279,d297_u2,angry,train,297,2,always,3,1,1,0,0,0,1,1,0,ok,"{""sentences"": [""I hear you."", ""We can pause here for a moment.""], ""safety"": ""ok""}",1,2176,2.998699999807286,0.0012000000424450263,0.00019999970390927047,0.014399999599845614,0.0052999994295532815,3.025800000614254
2280,d297_u3,neutral,train,297,3,always,3,1,1,0,0,0,1,1,0,ok,"{""sentences"": [""I hear you."", ""We can pause here for a moment.""], ""safety"": ""ok""}",1,2176,3.0898999993951293,0.0012999998943996616,0.00030000046535860747,0.014199999895936344,0.005099999725644011,3.1166999997367384
2281,d297_u4,happy,train,297,4,always,3,1,1,0,0,0,1,1,0,ok,"{""sentences"": [""I hear you."", ""We can pause here for a moment.""], ""safety"": ""ok""}",1,2176,2.4861000001692446,0.001100000190490391,0.00019999970390927047,0.029400000130408444,0.005300000339047983,2.527900000131922
2282,d297_u5,neutral,train,297,5,always,3,1,1,0,0,0,1,1,0,ok,"{""sentences"": [""I hear you."", ""We can pause here for a moment.""], ""safety"": ""ok""}",1,2176,2.6632999997673323,0.0014000006558489986,0.00030000046535860747,0.014500000361294951,0.005199999577598646,2.6906000002782093
2283,d297_u6,happy,train,297,6,always,3,1,1,0,0,0,1,1,0,ok,"{""sentences"": [""I hear you."", ""We can pause here for a moment.""], ""safety"": ""ok""}",1,2176,3.060400000322261,0.0012999998943996616,0.00030000046535860747,0.014199999895936344,0.005399999281507917,3.0874000003677793
2284,d297_u7,neutral,train,297,7,always,3,1,1,0,0,0,1,1,0,ok,"{""sentences"": [""I hear you."", ""We can pause here for a moment.""], ""safety"": ""ok""}",1,2176,2.3925999994389713,0.0012999998943996616,0.00030000046535860747,0.013700000636163168,0.005200000487093348,2.4196000003939844
2285,d297_u8,happy,train,297,8,always,3,1,1,0,0,0,1,1,0,ok,"{""sentences"": [""I hear you."", ""We can pause here for a moment.""], ""safety"": ""ok""}",1,2176,2.738600000157021,0.0011999991329503246,0.00019999970390927047,0.014299999747890979,0.005099999725644011,2.7656000002025394
2286,d297_u9,neutral,train,297,9,always,3,1,1,0,0,0,1,1,0,ok,"{""sentences"": [""I hear you."", ""We can pause here for a moment.""], ""safety"": ""ok""}",1,2176,2.8350999991744175,0.0013999997463542968,0.00020000061340397224,0.014200000805431046,0.005500000042957254,2.862000000277476
2287,d298_u0,angry,train,298,0,always,3,1,1,0,0,0,1,1,0,ok,"{""sentences"": [""I hear you."", ""We can pause here for a moment.""], ""safety"": ""ok""}",1,2176,3.0544000001100358,0.0013000008038943633,0.00020000061340397224,0.014000000192027073,0.0054000001910026185,3.0813999992460595
2288,d298_u1,angry,train,298,1,always,3,1,1,0,0,0,1,1,0,ok,"{""sentences"": [""I hear you."", ""We can pause here for a moment.""], ""safety"": ""ok""}",1,2176,2.7241000007052207,0.000999999429041054,0.00030000046535860747,0.012700000297627412,0.00470000031782547,2.7479000000312226
2289,d298_u2,happy,train,298,2,always,3,1,1,0,0,0,1,1,0,ok,"{""sentences"": [""I hear you."", ""We can pause here for a moment.""], ""safety"": ""ok""}",1,2176,2.9094999999870197,0.0013000008038943633,0.00019999970390927047,0.013900000340072438,0.004999999873689376,2.935899999101821
2290,d298_u3,neutral,train,298,3,always,3,1,1,0,0,0,1,1,0,ok,"{""sentences"": [""I hear you."", ""We can pause here for a moment.""], ""safety"": ""ok""}",1,2176,2.603899999485293,0.0012999998943996616,0.0002999995558639057,0.014500000361294951,0.0054000001910026185,2.6315000004615285
2291,d298_u4,sad,train,298,4,always,3,1,1,0,0,0,1,1,0,ok,"{""sentences"": [""I hear you."", ""We can pause here for a moment.""], ""safety"": ""ok""}",1,2176,2.8708999998343643,0.001100000190490391,0.00030000046535860747,0.014000000192027073,0.005099999725644011,2.897100000154751
2292,d298_u5,angry,train,298,5,always,3,1,1,0,0,0,1,1,0,ok,"{""sentences"": [""I hear you."", ""We can pause here for a moment.""], ""safety"": ""ok""}",1,2176,2.420400000119116,0.0012999998943996616,0.0002999995558639057,0.01359999987471383,0.004900000021734741,2.44609999936074
2293,d298_u6,angry,train,298,6,always,3,1,1,0,0,0,1,1,0,ok,"{""sentences"": [""I hear you."", ""We can pause here for a moment.""], ""safety"": ""ok""}",1,2176,3.039899999748741,0.0012999998943996616,0.0002999995558639057,0.014799999917158857,0.005300000339047983,3.0677000004288857
2294,d299_u0,neutral,train,299,0,always,3,1,1,0,0,0,1,1,0,ok,"{""sentences"": [""I hear you."", ""We can pause here for a moment.""], ""safety"": ""ok""}",1,2176,2.505100000234961,0.0012000000424450263,0.0002999995558639057,0.01340000017080456,0.004900000021734741,2.5301999994553626
2295,d299_u1,neutral,train,299,1,always,3,1,1,0,0,0,1,1,0,ok,"{""sentences"": [""I hear you."", ""We can pause here for a moment.""], ""safety"": ""ok""}",1,2176,3.3149999999295687,0.0012999998943996616,0.00030000046535860747,0.014600000213249587,0.005300000339047983,3.342500000144355
2296,d299_u2,neutral,train,299,2,always,3,1,1,0,0,0,1,1,0,ok,"{""sentences"": [""I hear you."", ""We can pause here for a moment.""], ""safety"": ""ok""}",1,2176,2.4713000002520857,0.0014000006558489986,0.0002999995558639057,0.014000000192027073,0.005100000635138713,2.4978000001283363
2297,d299_u3,neutral,train,299,3,always,3,1,1,0,0,0,1,1,0,ok,"{""sentences"": [""I hear you."", ""We can pause here for a moment.""], ""safety"": ""ok""}",1,2176,3.0520999998771003,0.0012000000424450263,0.00030000046535860747,0.014299999747890979,0.0054000001910026185,3.0794999993304373
2298,d300_u0,happy,train,300,0,always,3,1,1,0,0,0,1,1,0,ok,"{""sentences"": [""I hear you."", ""We can pause here for a moment.""], ""safety"": ""ok""}",1,2176,3.0609000004915288,0.0012999998943996616,0.00020000061340397224,0.014100000043981709,0.0054000001910026185,3.087999999479507
2299,d300_u1,neutral,train,300,1,always,3,1,1,0,0,0,1,1,0,ok,"{""sentences"": [""I hear you."", ""We can pause here for a moment.""], ""safety"": ""ok""}",1,2176,2.4834999994709506,0.0012999998943996616,0.0002999995558639057,0.01359999987471383,0.005300000339047983,2.5094000002354733
2300,d300_u2,neutral,train,300,2,always,3,1,1,0,0,0,1,1,0,ok,"{""sentences"": [""I hear you."", ""We can pause here for a moment.""], ""safety"": ""ok""}",1,2176,2.8587000006154994,0.0012999998943996616,0.00030000046535860747,0.01359999987471383,0.004999999873689376,2.8845999995610327
2301,d300_u3,angry,train,300,3,always,3,1,1,0,0,0,1,1,0,ok,"{""sentences"": [""I hear you."", ""We can pause here for a moment.""], ""safety"": ""ok""}",1,2176,2.4725000002945308,0.0012000000424450263,0.0002999995558639057,0.01359999987471383,0.005099999725644011,2.498399999240064
2302,d300_u6,neutral,train,300,6,always,3,1,1,0,0,0,1,1,0,ok,"{""sentences"": [""I hear you."", ""We can pause here for a moment.""], ""safety"": ""ok""}",1,2176,3.168100000038976,0.0012999998943996616,0.00019999970390927047,0.014600000213249587,0.005199999577598646,3.1955000004018075
2303,d300_u7,neutral,train,300,7,always,3,1,1,0,0,0,1,1,0,ok,"{""sentences"": [""I hear you."", ""We can pause here for a moment.""], ""safety"": ""ok""}",1,2176,2.63600000016595,0.0012999998943996616,0.00019999970390927047,0.013500000022759195,0.005000000783184078,2.6615000006131595
2304,d300_u9,angry,train,300,9,always,3,1,1,0,0,0,1,1,0,ok,"{""sentences"": [""I hear you."", ""We can pause here for a moment.""], ""safety"": ""ok""}",1,2176,3.1575000002703746,0.0012999998943996616,0.00019999970390927047,0.013799999578623101,0.005000000783184078,3.1834000001254026
2305,d300_u10,angry,train,300,10,always,3,1,1,0,0,0,1,1,0,ok,"{""sentences"": [""I hear you."", ""We can pause here for a moment.""], ""safety"": ""ok""}",1,2176,2.6003000002674526,0.0013000008038943633,0.0002999995558639057,0.013899999430577736,0.004999999873689376,2.6264999996783445
2306,d300_u11,neutral,train,300,11,always,3,1,1,0,0,0,1,1,0,ok,"{""sentences"": [""I hear you."", ""We can pause here for a moment.""], ""safety"": ""ok""}",1,2176,2.6920000000245636,0.0012000000424450263,0.0002999995558639057,0.01340000017080456,0.005199999577598646,2.717599999414233
2307,d300_u14,neutral,train,300,14,always,3,1,1,0,0,0,1,1,0,ok,"{""sentences"": [""I hear you."", ""We can pause here for a moment.""], ""safety"": ""ok""}",1,2176,2.871499999855587,0.0013999997463542968,0.0002999995558639057,0.014899999769113492,0.005300000339047983,2.899500000239641
2308,d300_u15,neutral,train,300,15,always,3,1,1,0,0,0,1,1,0,ok,"{""sentences"": [""I hear you."", ""We can pause here for a moment.""], ""safety"": ""ok""}",1,2176,2.8013999999529915,0.0012999998943996616,0.00030000046535860747,0.013799999578623101,0.005099999725644011,2.827600000273378
2309,d301_u3,neutral,train,301,3,always,3,1,1,0,0,0,1,1,0,ok,"{""sentences"": [""I hear you."", ""We can pause here for a moment.""], ""safety"": ""ok""}",1,2176,3.271399999903224,0.0012999998943996616,0.00019999970390927047,0.01359999987471383,0.004999999873689376,3.2971999999062973
2310,d301_u6,neutral,train,301,6,always,3,1,1,0,0,0,1,1,0,ok,"{""sentences"": [""I hear you."", ""We can pause here for a moment.""], ""safety"": ""ok""}",1,2176,3.091399999902933,0.0012000000424450263,0.00019999970390927047,0.014199999895936344,0.005500000042957254,3.1183999999484513
2311,d301_u7,neutral,train,301,7,always,3,1,1,0,0,0,1,1,0,ok,"{""sentences"": [""I hear you."", ""We can pause here for a moment.""], ""safety"": ""ok""}",1,2176,2.488999999513908,0.0012999998943996616,0.00030000046535860747,0.014599999303754885,0.005499999133462552,2.516700000342098
2312,d301_u8,angry,train,301,8,always,3,1,1,0,0,0,1,1,0,ok,"{""sentences"": [""I hear you."", ""We can pause here for a moment.""], ""safety"": ""ok""}",1,2176,2.4627000002510613,0.0012999998943996616,0.0002999995558639057,0.014100000043981709,0.005300000339047983,2.4894999996831757
2313,d301_u10,neutral,train,301,10,always,3,1,1,0,0,0,1,1,0,ok,"{""sentences"": [""I hear you."", ""We can pause here for a moment.""], ""safety"": ""ok""}",1,2176,2.5967000001401175,0.0012000000424450263,0.00030000046535860747,0.01430000065738568,0.005099999725644011,2.623499999572232
2314,d301_u11,happy,train,301,11,always,3,1,1,0,0,0,1,1,0,ok,"{""sentences"": [""I hear you."", ""We can pause here for a moment.""], ""safety"": ""ok""}",1,2176,3.0934000005800044,0.0014000006558489986,0.00019999970390927047,0.014000000192027073,0.005300000339047983,3.120100000160164
2315,d301_u13,neutral,train,301,13,always,3,1,1,0,0,0,1,1,0,ok,"{""sentences"": [""I hear you."", ""We can pause here for a moment.""], ""safety"": ""ok""}",1,2176,2.927500000623695,0.0013000008038943633,0.0002999995558639057,0.014600000213249587,0.005199999577598646,2.9548000002250774
2316,d301_u16,sad,train,301,16,always,3,1,1,0,0,0,1,1,0,ok,"{""sentences"": [""I hear you."", ""We can pause here for a moment.""], ""safety"": ""ok""}",1,2176,2.9015000000072177,0.0012000000424450263,0.00020000061340397224,0.014100000043981709,0.005300000339047983,2.9279999998834683
2317,d302_u0,neutral,train,302,0,always,3,1,1,0,0,0,1,1,0,ok,"{""sentences"": [""I hear you."", ""We can pause here for a moment.""], ""safety"": ""ok""}",1,2176,2.773700000034296,0.001100000190490391,0.00019999970390927047,0.013900000340072438,0.004900000021734741,2.79930000033346
2318,d302_u1,sad,train,302,1,always,3,1,1,0,0,0,1,1,0,ok,"{""sentences"": [""I hear you."", ""We can pause here for a moment.""], ""safety"": ""ok""}",1,2176,2.6411999997435487,0.0012999998943996616,0.00019999970390927047,0.016599999980826396,0.006799999937356915,2.6722000002337154
2319,d302_u3,angry,train,302,3,always,3,1,1,0,0,0,1,1,0,ok,"{""sentences"": [""I hear you."", ""We can pause here for a moment.""], ""safety"": ""ok""}",1,2176,2.735500000198954,0.0012000000424450263,0.00019999970390927047,0.01430000065738568,0.005399999281507917,2.762600000096427
2320,d302_u4,neutral,train,302,4,always,3,1,1,0,0,0,1,1,0,ok,"{""sentences"": [""I hear you."", ""We can pause here for a moment.""], ""safety"": ""ok""}",1,2176,3.1681999998909305,0.0012000000424450263,0.00030000046535860747,0.014000000192027073,0.005099999725644011,3.1947999996191356
2321,d302_u6,neutral,train,302,6,always,3,1,1,0,0,0,1,1,0,ok,"{""sentences"": [""I hear you."", ""We can pause here for a moment.""], ""safety"": ""ok""}",1,2176,2.7217999995627906,0.001100000190490391,0.0002999995558639057,0.014000000192027073,0.004999999873689376,2.7477000003273133
2322,d302_u7,neutral,train,302,7,always,3,1,1,0,0,0,1,1,0,ok,"{""sentences"": [""I hear you."", ""We can pause here for a moment.""], ""safety"": ""ok""}",1,2176,3.0902999997124425,0.0013999997463542968,0.0002999995558639057,0.013199999557400588,0.005100000635138713,3.115299999990384
2323,d302_u8,neutral,train,302,8,always,3,1,1,0,0,0,1,1,0,ok,"{""sentences"": [""I hear you."", ""We can pause here for a moment.""], ""safety"": ""ok""}",1,2176,2.5841000006039394,0.0012000000424450263,0.00019999970390927047,0.014000000192027073,0.005500000042957254,2.6109999998880085
2324,d302_u10,neutral,train,302,10,always,3,1,1,0,0,0,1,1,0,ok,"{""sentences"": [""I hear you."", ""We can pause here for a moment.""], ""safety"": ""ok""}",1,2176,2.584200000455894,0.0012999998943996616,0.00019999970390927047,0.013799999578623101,0.005200000487093348,2.610399999866786
2325,d303_u0,angry,train,303,0,always,3,1,1,0,0,0,1,1,0,ok,"{""sentences"": [""I hear you."", ""We can pause here for a moment.""], ""safety"": ""ok""}",1,2176,3.4691999999267864,0.0012999998943996616,0.0002999995558639057,0.014199999895936344,0.004999999873689376,3.495900000416441
2326,d303_u1,neutral,train,303,1,always,3,1,1,0,0,0,1,1,0,ok,"{""sentences"": [""I hear you."", ""We can pause here for a moment.""], ""safety"": ""ok""}",1,2176,2.407400000265625,0.0012999998943996616,0.0002999995558639057,0.013900000340072438,0.0054000001910026185,2.4340999998457846
2327,d304_u0,neutral,train,304,0,always,3,1,1,0,0,0,1,1,0,ok,"{""sentences"": [""I hear you."", ""We can pause here for a moment.""], ""safety"": ""ok""}",1,2176,2.7448000000731554,0.0012000000424450263,0.00030000046535860747,0.014600000213249587,0.005199999577598646,2.7718999999706284
2328,d304_u1,neutral,train,304,1,always,3,1,1,0,0,0,1,1,0,ok,"{""sentences"": [""I hear you."", ""We can pause here for a moment.""], ""safety"": ""ok""}",1,2176,2.6281999998900574,0.0012000000424450263,0.00020000061340397224,0.013700000636163168,0.005199999577598646,2.65410000065458
2329,d304_u2,neutral,train,304,2,always,3,1,1,0,0,0,1,1,0,ok,"{""sentences"": [""I hear you."", ""We can pause here for a moment.""], ""safety"": ""ok""}",1,2176,2.9544999997597188,0.0013999997463542968,0.00019999970390927047,0.014399999599845614,0.005399999281507917,2.9820000008839997
2330,d304_u3,neutral,train,304,3,always,3,1,1,0,0,0,1,1,0,ok,"{""sentences"": [""I hear you."", ""We can pause here for a moment.""], ""safety"": ""ok""}",1,2176,2.577700000074401,0.0012999998943996616,0.0002999995558639057,0.014000000192027073,0.0052999994295532815,2.6041999999506515
2331,d304_u4,neutral,train,304,4,always,3,1,1,0,0,0,1,1,0,ok,"{""sentences"": [""I hear you."", ""We can pause here for a moment.""], ""safety"": ""ok""}",1,2176,3.810999999586784,0.0012999998943996616,0.00019999970390927047,0.014299999747890979,0.005300000339047983,3.838200000245706
2332,d304_u6,neutral,train,304,6,always,3,1,1,0,0,0,1,1,0,ok,"{""sentences"": [""I hear you."", ""We can pause here for a moment.""], ""safety"": ""ok""}",1,2176,2.606299999570183,0.001100000190490391,0.0002999995558639057,0.013900000340072438,0.005399999281507917,2.632900000207883
2333,d304_u7,neutral,train,304,7,always,3,1,1,0,0,0,1,1,0,ok,"{""sentences"": [""I hear you."", ""We can pause here for a moment.""], ""safety"": ""ok""}",1,2176,2.072000000225671,0.0015000005078036338,0.00019999970390927047,0.014000000192027073,0.004999999873689376,2.0985999999538762
2334,d304_u8,angry,train,304,8,always,3,1,1,0,0,0,1,1,0,ok,"{""sentences"": [""I hear you."", ""We can pause here for a moment.""], ""safety"": ""ok""}",1,2176,3.0133000000205357,0.0013000008038943633,0.00019999970390927047,0.014700000065204222,0.005300000339047983,3.040999999939231
2335,d304_u9,angry,train,304,9,always,3,1,1,0,0,0,1,1,0,ok,"{""sentences"": [""I hear you."", ""We can pause here for a moment.""], ""safety"": ""ok""}",1,2176,2.725800000007439,0.0012000000424450263,0.00019999970390927047,0.014100000043981709,0.005200000487093348,2.752200000031735
2336,d304_u10,angry,train,304,10,always,3,1,1,0,0,0,1,1,0,ok,"{""sentences"": [""I hear you."", ""We can pause here for a moment.""], ""safety"": ""ok""}",1,2176,2.7810000001409207,0.0012999998943996616,0.0002999995558639057,0.014100000043981709,0.004999999873689376,2.807300000313262
2337,d305_u0,happy,train,305,0,always,3,1,1,0,0,0,1,1,0,ok,"{""sentences"": [""I hear you."", ""We can pause here for a moment.""], ""safety"": ""ok""}",1,2176,2.999899999849731,0.0012000000424450263,0.00020000061340397224,0.013799999578623101,0.005100000635138713,3.026299999874027
2338,d305_u1,neutral,train,305,1,always,3,1,1,0,0,0,1,1,0,ok,"{""sentences"": [""I hear you."", ""We can pause here for a moment.""], ""safety"": ""ok""}",1,2176,3.0421000001297216,0.0012999998943996616,0.00019999970390927047,0.031200000194075983,0.0054000001910026185,3.085800000008021
2339,d305_u3,neutral,train,305,3,always,3,1,1,0,0,0,1,1,0,ok,"{""sentences"": [""I hear you."", ""We can pause here for a moment.""], ""safety"": ""ok""}",1,2176,2.5968999998440268,0.0012999998943996616,0.00030000046535860747,0.014000000192027073,0.005300000339047983,2.6233999997202773
2340,d305_u4,neutral,train,305,4,always,3,1,1,0,0,0,1,1,0,ok,"{""sentences"": [""I hear you."", ""We can pause here for a moment.""], ""safety"": ""ok""}",1,2176,3.005700000358047,0.0012999998943996616,0.00020000061340397224,0.014100000043981709,0.005099999725644011,3.0323999999382067
2341,d305_u5,happy,train,305,5,always,3,1,1,0,0,0,1,1,0,ok,"{""sentences"": [""I hear you."", ""We can pause here for a moment.""], ""safety"": ""ok""}",1,2176,2.7036999999836553,0.0013999997463542968,0.00030000046535860747,0.014100000043981709,0.005200000487093348,2.7302999997118604
2342,d305_u6,neutral,train,305,6,always,3,1,1,0,0,0,1,1,0,ok,"{""sentences"": [""I hear you."", ""We can pause here for a moment.""], ""safety"": ""ok""}",1,2176,2.497899999980291,0.0012000000424450263,0.0002999995558639057,0.014199999895936344,0.0054000001910026185,2.5249000000258093
2343,d305_u7,neutral,train,305,7,always,3,1,1,0,0,0,1,1,0,ok,"{""sentences"": [""I hear you."", ""We can pause here for a moment.""], ""safety"": ""ok""}",1,2176,2.7512999995451537,0.0013999997463542968,0.00030000046535860747,0.014100000043981709,0.0052999994295532815,2.778200000648212
2344,d305_u8,neutral,train,305,8,always,3,1,1,0,0,0,1,1,0,ok,"{""sentences"": [""I hear you."", ""We can pause here for a moment.""], ""safety"": ""ok""}",1,2176,2.9122000005372684,0.0012999998943996616,0.0002999995558639057,0.014600000213249587,0.005500000042957254,2.939999999398424
2345,d305_u10,neutral,train,305,10,always,3,1,1,0,0,0,1,1,0,ok,"{""sentences"": [""I hear you."", ""We can pause here for a moment.""], ""safety"": ""ok""}",1,2176,2.8979999997318373,0.0012000000424450263,0.0002999995558639057,0.013500000022759195,0.004999999873689376,2.923699999882956
2346,d305_u11,neutral,train,305,11,always,3,1,1,0,0,0,1,1,0,ok,"{""sentences"": [""I hear you."", ""We can pause here for a moment.""], ""safety"": ""ok""}",1,2176,2.5638999995862832,0.0012000000424450263,0.00019999970390927047,0.013699999726668466,0.005199999577598646,2.59009999990667
2347,d305_u12,happy,train,305,12,always,3,1,1,0,0,0,1,1,0,ok,"{""sentences"": [""I hear you."", ""We can pause here for a moment.""], ""safety"": ""ok""}",1,2176,2.6849999994738027,0.0012000000424450263,0.00019999970390927047,0.013800000488117803,0.005199999577598646,2.7113000005556387
2348,d305_u13,happy,train,305,13,always,3,1,1,0,0,0,1,1,0,ok,"{""sentences"": [""I hear you."", ""We can pause here for a moment.""], ""safety"": ""ok""}",1,2176,2.889800000048126,0.0012000000424450263,0.00030000046535860747,0.014500000361294951,0.005200000487093348,2.9172000004109577
2349,d305_u14,happy,train,305,14,always,3,1,1,0,0,0,1,1,0,ok,"{""sentences"": [""I hear you."", ""We can pause here for a moment.""], ""safety"": ""ok""}",1,2176,2.9500000000552973,0.0014000006558489986,0.00030000046535860747,0.013800000488117803,0.005099999725644011,2.976600000692997
2350,d306_u0,happy,train,306,0,always,3,1,1,0,0,0,1,1,0,ok,"{""sentences"": [""I hear you."", ""We can pause here for a moment.""], ""safety"": ""ok""}",1,2176,3.058700000110548,0.0012000000424450263,0.00030000046535860747,0.01359999987471383,0.005099999725644011,3.0844000002616667
2351,d306_u1,happy,train,306,1,always,3,1,1,0,0,0,1,1,0,ok,"{""sentences"": [""I hear you."", ""We can pause here for a moment.""], ""safety"": ""ok""}",1,2176,2.961199999845121,0.0013999997463542968,0.00019999970390927047,0.01359999987471383,0.005099999725644011,2.9869999998481944
2352,d306_u2,sad,train,306,2,always,3,1,1,0,0,0,1,1,0,ok,"{""sentences"": [""I hear you."", ""We can pause here for a moment.""], ""safety"": ""ok""}",1,2176,2.8246000001672655,0.0012999998943996616,0.00019999970390927047,0.014299999747890979,0.005300000339047983,2.8511999998954707
2353,d306_u3,happy,train,306,3,always,3,1,1,0,0,0,1,1,0,ok,"{""sentences"": [""I hear you."", ""We can pause here for a moment.""], ""safety"": ""ok""}",1,2176,3.0341000001499197,0.0012999998943996616,0.00019999970390927047,0.014000000192027073,0.005199999577598646,3.060499999264721
2354,d306_u4,neutral,train,306,4,always,3,1,1,0,0,0,1,1,0,ok,"{""sentences"": [""I hear you."", ""We can pause here for a moment.""], ""safety"": ""ok""}",1,2176,2.6310000002922607,0.0012000000424450263,0.00030000046535860747,0.012500000593718141,0.004699999408330768,2.6545000000623986
2355,d306_u5,happy,train,306,5,always,3,1,1,0,0,0,1,1,0,ok,"{""sentences"": [""I hear you."", ""We can pause here for a moment.""], ""safety"": ""ok""}",1,2176,2.647399999659683,0.0013999997463542968,0.0002999995558639057,0.014299999747890979,0.005200000487093348,2.674500000466651
2356,d306_u6,happy,train,306,6,always,3,1,1,0,0,0,1,1,0,ok,"{""sentences"": [""I hear you."", ""We can pause here for a moment.""], ""safety"": ""ok""}",1,2176,2.464999999574502,0.0012999998943996616,0.00020000061340397224,0.013899999430577736,0.005200000487093348,2.491600000212202
2357,d306_u7,neutral,train,306,7,always,3,1,1,0,0,0,1,1,0,ok,"{""sentences"": [""I hear you."", ""We can pause here for a moment.""], ""safety"": ""ok""}",1,2176,2.918199999839999,0.0013000008038943633,0.00019999970390927047,0.01359999987471383,0.005100000635138713,2.9444000001603854
2358,d307_u0,neutral,train,307,0,always,3,1,1,0,0,0,1,1,0,ok,"{""sentences"": [""I hear you."", ""We can pause here for a moment.""], ""safety"": ""ok""}",1,2176,2.843600000232982,0.001100000190490391,0.00030000046535860747,0.014000000192027073,0.005200000487093348,2.8702999998131418
2359,d307_u1,happy,train,307,1,always,3,1,1,0,0,0,1,1,0,ok,"{""sentences"": [""I hear you."", ""We can pause here for a moment.""], ""safety"": ""ok""}",1,2176,2.5826000000961358,0.0012999998943996616,0.0002999995558639057,0.013699999726668466,0.005100000635138713,2.6083000002472545
2360,d307_u2,sad,train,307,2,always,3,1,1,0,0,0,1,1,0,ok,"{""sentences"": [""I hear you."", ""We can pause here for a moment.""], ""safety"": ""ok""}",1,2176,2.982799999699637,0.0013999997463542968,0.00020000061340397224,0.014599999303754885,0.005099999725644011,3.010299999914423
2361,d307_u3,neutral,train,307,3,always,3,1,1,0,0,0,1,1,0,ok,"{""sentences"": [""I hear you."", ""We can pause here for a moment.""], ""safety"": ""ok""}",1,2176,3.142100000331993,0.0012000000424450263,0.0002999995558639057,0.013399999261309858,0.004999999873689376,3.1676999997216626
2362,d307_u4,neutral,train,307,4,always,3,1,1,0,0,0,1,1,0,ok,"{""sentences"": [""I hear you."", ""We can pause here for a moment.""], ""safety"": ""ok""}",1,2176,2.69410000055359,0.0013000008038943633,0.00019999970390927047,0.01359999987471383,0.004999999873689376,2.719999999499123
2363,d307_u5,neutral,train,307,5,always,3,1,1,0,0,0,1,1,0,ok,"{""sentences"": [""I hear you."", ""We can pause here for a moment.""], ""safety"": ""ok""}",1,2176,2.7539000002434477,0.0012000000424450263,0.00030000046535860747,0.014100000043981709,0.005200000487093348,2.7807999995275168
2364,d307_u6,neutral,train,307,6,always,3,1,1,0,0,0,1,1,0,ok,"{""sentences"": [""I hear you."", ""We can pause here for a moment.""], ""safety"": ""ok""}",1,2176,3.1754999999975553,0.0014000006558489986,0.00019999970390927047,0.014500000361294951,0.005300000339047983,3.2030000002123415
2365,d307_u7,neutral,train,307,7,always,3,1,1,0,0,0,1,1,0,ok,"{""sentences"": [""I hear you."", ""We can pause here for a moment.""], ""safety"": ""ok""}",1,2176,2.6090000001204317,0.0012000000424450263,0.00019999970390927047,0.01340000017080456,0.005300000339047983,2.6347000002715504
2366,d307_u9,neutral,train,307,9,always,3,1,1,0,0,0,1,1,0,ok,"{""sentences"": [""I hear you."", ""We can pause here for a moment.""], ""safety"": ""ok""}",1,2176,2.8899999997520354,0.0013000008038943633,0.00019999970390927047,0.013899999430577736,0.004999999873689376,2.9163999997763312
2367,d307_u10,neutral,train,307,10,always,3,1,1,0,0,0,1,1,0,ok,"{""sentences"": [""I hear you."", ""We can pause here for a moment.""], ""safety"": ""ok""}",1,2176,2.8075000000171713,0.0012000000424450263,0.00019999970390927047,0.013800000488117803,0.004900000021734741,2.8335999995761085
2368,d307_u11,neutral,train,307,11,always,3,1,1,0,0,0,1,1,0,ok,"{""sentences"": [""I hear you."", ""We can pause here for a moment.""], ""safety"": ""ok""}",1,2176,2.807300000313262,0.0012000000424450263,0.00030000046535860747,0.014000000192027073,0.004999999873689376,2.8336000004856032
2369,d307_u12,neutral,train,307,12,always,3,1,1,0,0,0,1,1,0,ok,"{""sentences"": [""I hear you."", ""We can pause here for a moment.""], ""safety"": ""ok""}",1,2176,2.7215999998588813,0.0012000000424450263,0.00030000046535860747,0.013299999409355223,0.004999999873689376,2.747000000454136
2370,d308_u0,neutral,train,308,0,always,3,1,1,0,0,0,1,1,0,ok,"{""sentences"": [""I hear you."", ""We can pause here for a moment.""], ""safety"": ""ok""}",1,2176,2.4439999997412087,0.0012000000424450263,0.0002999995558639057,0.01340000017080456,0.005099999725644011,2.469600000040373
2371,d308_u1,happy,train,308,1,always,3,1,1,0,0,0,1,1,0,ok,"{""sentences"": [""I hear you."", ""We can pause here for a moment.""], ""safety"": ""ok""}",1,2176,2.897100000154751,0.0012000000424450263,0.00030000046535860747,0.01359999987471383,0.005099999725644011,2.923000000009779
2372,d308_u2,neutral,train,308,2,always,3,1,1,0,0,0,1,1,0,ok,"{""sentences"": [""I hear you."", ""We can pause here for a moment.""], ""safety"": ""ok""}",1,2176,2.717500000471773,0.0012999998943996616,0.00019999970390927047,0.014000000192027073,0.005199999577598646,2.743900000496069
2373,d308_u3,neutral,train,308,3,always,3,1,1,0,0,0,1,1,0,ok,"{""sentences"": [""I hear you."", ""We can pause here for a moment.""], ""safety"": ""ok""}",1,2176,3.1057000005603186,0.001100000190490391,0.00030000046535860747,0.013799999578623101,0.005200000487093348,3.131800000119256
2374,d308_u4,neutral,train,308,4,always,3,1,1,0,0,0,1,1,0,ok,"{""sentences"": [""I hear you."", ""We can pause here for a moment.""], ""safety"": ""ok""}",1,2176,2.6260000004185713,0.0012999998943996616,0.0002999995558639057,0.013800000488117803,0.0054000001910026185,2.652699999998731
2375,d308_u5,neutral,train,308,5,always,3,1,1,0,0,0,1,1,0,ok,"{""sentences"": [""I hear you."", ""We can pause here for a moment.""], ""safety"": ""ok""}",1,2176,2.964399999655143,0.0012000000424450263,0.00030000046535860747,0.013800000488117803,0.005199999577598646,2.990900000440888
2376,d309_u0,happy,train,309,0,always,3,1,1,0,0,0,1,1,0,ok,"{""sentences"": [""I hear you."", ""We can pause here for a moment.""], ""safety"": ""ok""}",1,2176,2.6083999991897144,0.0012999998943996616,0.00019999970390927047,0.014199999895936344,0.005200000487093348,2.635300000292773
2377,d309_u2,happy,train,309,2,always,3,1,1,0,0,0,1,1,0,ok,"{""sentences"": [""I hear you."", ""We can pause here for a moment.""], ""safety"": ""ok""}",1,2176,3.376699999535049,0.0012000000424450263,0.00019999970390927047,0.03099999958067201,0.0052999994295532815,3.4200000000055297
2378,d309_u3,neutral,train,309,3,always,3,1,1,0,0,0,1,1,0,ok,"{""sentences"": [""I hear you."", ""We can pause here for a moment.""], ""safety"": ""ok""}",1,2176,2.4379000005865237,0.0012000000424450263,0.00020000061340397224,0.013999999282532372,0.005199999577598646,2.46419999984937
2379,d309_u4,neutral,train,309,4,always,3,1,1,0,0,0,1,1,0,ok,"{""sentences"": [""I hear you."", ""We can pause here for a moment.""], ""safety"": ""ok""}",1,2176,2.4616999999125255,0.0012000000424450263,0.00019999970390927047,0.013800000488117803,0.005099999725644011,2.487999999175372
2380,d310_u0,neutral,train,310,0,always,3,1,1,0,0,0,1,1,0,ok,"{""sentences"": [""I hear you."", ""We can pause here for a moment.""], ""safety"": ""ok""}",1,2176,2.592699999695469,0.0012000000424450263,0.0002999995558639057,0.013699999726668466,0.005099999725644011,2.6184000007560826
2381,d310_u1,neutral,train,310,1,always,3,1,1,0,0,0,1,1,0,ok,"{""sentences"": [""I hear you."", ""We can pause here for a moment.""], ""safety"": ""ok""}",1,2176,2.751400000306603,0.0013000008038943633,0.0002999995558639057,0.013799999578623101,0.005199999577598646,2.777799999421404
2382,d310_u2,happy,train,310,2,always,3,1,1,0,0,0,1,1,0,ok,"{""sentences"": [""I hear you."", ""We can pause here for a moment.""], ""safety"": ""ok""}",1,2176,3.3607000004849397,0.0012999998943996616,0.00020000061340397224,0.013900000340072438,0.005300000339047983,3.3874000000650994
2383,d310_u3,sad,train,310,3,always,3,1,1,0,0,0,1,1,0,ok,"{""sentences"": [""I hear you."", ""We can pause here for a moment.""], ""safety"": ""ok""}",1,2176,2.6279000003341935,0.0012000000424450263,0.00020000061340397224,0.013800000488117803,0.005200000487093348,2.654400000210444
2384,d310_u4,neutral,train,310,4,always,3,1,1,0,0,0,1,1,0,ok,"{""sentences"": [""I hear you."", ""We can pause here for a moment.""], ""safety"": ""ok""}",1,2176,3.2010999993872247,0.0014000006558489986,0.00019999970390927047,0.014400000509340316,0.0052999994295532815,3.228500000659551
2385,d310_u6,sad,train,310,6,always,3,1,1,0,0,0,1,1,0,ok,"{""sentences"": [""I hear you."", ""We can pause here for a moment.""], ""safety"": ""ok""}",1,2176,2.7469999995446415,0.0012999998943996616,0.00020000061340397224,0.013799999578623101,0.005300000339047983,2.7736000001823413
2386,d311_u0,neutral,train,311,0,always,3,1,1,0,0,0,1,1,0,ok,"{""sentences"": [""I hear you."", ""We can pause here for a moment.""], ""safety"": ""ok""}",1,2176,2.637299999150855,0.0012000000424450263,0.00019999970390927047,0.013699999726668466,0.005100000635138713,2.662900000359514
2387,d311_u1,happy,train,311,1,always,3,1,1,0,0,0,1,1,0,ok,"{""sentences"": [""I hear you."", ""We can pause here for a moment.""], ""safety"": ""ok""}",1,2176,2.452800000355637,0.0012999998943996616,0.00019999970390927047,0.013900000340072438,0.005200000487093348,2.4795999997877516
2388,d311_u2,happy,train,311,2,always,3,1,1,0,0,0,1,1,0,ok,"{""sentences"": [""I hear you."", ""We can pause here for a moment.""], ""safety"": ""ok""}",1,2176,2.930900000137626,0.0012999998943996616,0.00030000046535860747,0.014600000213249587,0.005300000339047983,2.9581999997390085
2389,d311_u3,happy,train,311,3,always,3,1,1,0,0,0,1,1,0,ok,"{""sentences"": [""I hear you."", ""We can pause here for a moment.""], ""safety"": ""ok""}",1,2176,2.9276999994181097,0.001100000190490391,0.00020000061340397224,0.012599999536178075,0.004599999556376133,2.9509999994843383
2390,d311_u4,neutral,train,311,4,always,3,1,1,0,0,0,1,1,0,ok,"{""sentences"": [""I hear you."", ""We can pause here for a moment.""], ""safety"": ""ok""}",1,2176,3.141199999845412,0.0012000000424450263,0.00020000061340397224,0.01359999987471383,0.005099999725644011,3.16709999970044
2391,d311_u5,happy,train,311,5,always,3,1,1,0,0,0,1,1,0,ok,"{""sentences"": [""I hear you."", ""We can pause here for a moment.""], ""safety"": ""ok""}",1,2176,2.505100000234961,0.0010999992809956893,0.0002999995558639057,0.013500000022759195,0.00470000031782547,2.5304000000687665
2392,d311_u6,neutral,train,311,6,always,3,1,1,0,0,0,1,1,0,ok,"{""sentences"": [""I hear you."", ""We can pause here for a moment.""], ""safety"": ""ok""}",1,2176,3.029700000297453,0.0012999998943996616,0.00030000046535860747,0.01430000065738568,0.005099999725644011,3.056700000342971
2393,d311_u7,happy,train,311,7,always,3,1,1,0,0,0,1,1,0,ok,"{""sentences"": [""I hear you."", ""We can pause here for a moment.""], ""safety"": ""ok""}",1,2176,2.5509000006422866,0.0012999998943996616,0.00030000046535860747,0.01430000065738568,0.005300000339047983,2.578200000243669
2394,d311_u9,neutral,train,311,9,always,3,1,1,0,0,0,1,1,0,ok,"{""sentences"": [""I hear you."", ""We can pause here for a moment.""], ""safety"": ""ok""}",1,2176,2.5653000002421322,0.0014000006558489986,0.00019999970390927047,0.013699999726668466,0.005500000042957254,2.591700000266428
2395,d311_u11,neutral,train,311,11,always,3,1,1,0,0,0,1,1,0,ok,"{""sentences"": [""I hear you."", ""We can pause here for a moment.""], ""safety"": ""ok""}",1,2176,2.779999999802385,0.0012000000424450263,0.00019999970390927047,0.01359999987471383,0.004999999873689376,2.8055999991920544
2396,d311_u12,neutral,train,311,12,always,3,1,1,0,0,0,1,1,0,ok,"{""sentences"": [""I hear you."", ""We can pause here for a moment.""], ""safety"": ""ok""}",1,2176,2.696700000342389,0.0013999997463542968,0.00019999970390927047,0.014000000192027073,0.005300000339047983,2.723399999922549
2397,d312_u0,neutral,train,312,0,always,3,1,1,0,0,0,1,1,0,ok,"{""sentences"": [""I hear you."", ""We can pause here for a moment.""], ""safety"": ""ok""}",1,2176,2.902600000197708,0.0012999998943996616,0.00019999970390927047,0.030000000151630957,0.004900000021734741,2.945199999885517
2398,d312_u1,angry,train,312,1,always,3,1,1,0,0,0,1,1,0,ok,"{""sentences"": [""I hear you."", ""We can pause here for a moment.""], ""safety"": ""ok""}",1,2176,2.849900000001071,0.0012000000424450263,0.00030000046535860747,0.013700000636163168,0.004999999873689376,2.8757000000041444
2399,d312_u2,angry,train,312,2,always,3,1,1,0,0,0,1,1,0,ok,"{""sentences"": [""I hear you."", ""We can pause here for a moment.""], ""safety"": ""ok""}",1,2176,2.80659999953059,0.0012999998943996616,0.00020000061340397224,0.014000000192027073,0.005099999725644011,2.832999999554886
2400,d312_u3,neutral,train,312,3,always,3,1,1,0,0,0,1,1,0,ok,"{""sentences"": [""I hear you."", ""We can pause here for a moment.""], ""safety"": ""ok""}",1,2176,2.617400000417547,0.0012000000424450263,0.00019999970390927047,0.014000000192027073,0.0052999994295532815,2.644000000145752
2401,d312_u4,sad,train,312,4,always,3,1,1,0,0,0,1,1,0,ok,"{""sentences"": [""I hear you."", ""We can pause here for a moment.""], ""safety"": ""ok""}",1,2176,3.024199999345001,0.0012999998943996616,0.00030000046535860747,0.014600000213249587,0.005100000635138713,3.0511000004480593
2402,d312_u5,sad,train,312,5,always,3,1,1,0,0,0,1,1,0,ok,"{""sentences"": [""I hear you."", ""We can pause here for a moment.""], ""safety"": ""ok""}",1,2176,2.6361000000179047,0.0012999998943996616,0.00019999970390927047,0.014000000192027073,0.005199999577598646,2.66260000080365
2403,d312_u6,neutral,train,312,6,always,3,1,1,0,0,0,1,1,0,ok,"{""sentences"": [""I hear you."", ""We can pause here for a moment.""], ""safety"": ""ok""}",1,2176,3.2255000005534384,0.0012999998943996616,0.00019999970390927047,0.013900000340072438,0.005300000339047983,3.2523999998375075
2404,d312_u9,angry,train,312,9,always,3,1,1,0,0,0,1,1,0,ok,"{""sentences"": [""I hear you."", ""We can pause here for a moment.""], ""safety"": ""ok""}",1,2176,2.634800000123505,0.001100000190490391,0.0004000003173132427,0.014299999747890979,0.005200000487093348,2.661699999407574
2405,d312_u11,neutral,train,312,11,always,3,1,1,0,0,0,1,1,0,ok,"{""sentences"": [""I hear you."", ""We can pause here for a moment.""], ""safety"": ""ok""}",1,2176,2.9533999995692284,0.0012000000424450263,0.00019999970390927047,0.013300000318849925,0.005399999281507917,2.979100000629842
2406,d312_u12,sad,train,312,12,always,3,1,1,0,0,0,1,1,0,ok,"{""sentences"": [""I hear you."", ""We can pause here for a moment.""], ""safety"": ""ok""}",1,2176,3.468000000793836,0.0014000006558489986,0.0002999995558639057,0.014799999917158857,0.005500000042957254,3.49610000012035
2407,d312_u13,sad,train,312,13,always,3,1,1,0,0,0,1,1,0,ok,"{""sentences"": [""I hear you."", ""We can pause here for a moment.""], ""safety"": ""ok""}",1,2176,2.5703000001158216,0.0012999998943996616,0.00019999970390927047,0.014600000213249587,0.0052999994295532815,2.598000000034517
2408,d312_u14,neutral,train,312,14,always,3,1,1,0,0,0,1,1,0,ok,"{""sentences"": [""I hear you."", ""We can pause here for a moment.""], ""safety"": ""ok""}",1,2176,2.635799999552546,0.0012000000424450263,0.00030000046535860747,0.014000000192027073,0.005300000339047983,2.6625000000422006
2409,d312_u15,neutral,train,312,15,always,3,1,1,0,0,0,1,1,0,ok,"{""sentences"": [""I hear you."", ""We can pause here for a moment.""], ""safety"": ""ok""}",1,2176,3.3789999997679843,0.0013999997463542968,0.00030000046535860747,0.01359999987471383,0.0054000001910026185,3.40539999979228
2410,d312_u16,neutral,train,312,16,always,3,1,1,0,0,0,1,1,0,ok,"{""sentences"": [""I hear you."", ""We can pause here for a moment.""], ""safety"": ""ok""}",1,2176,3.02190000002156,0.0013999997463542968,0.00020000061340397224,0.014500000361294951,0.005300000339047983,3.0493000003843918
2411,d312_u17,angry,train,312,17,always,3,1,1,0,0,0,1,1,0,ok,"{""sentences"": [""I hear you."", ""We can pause here for a moment.""], ""safety"": ""ok""}",1,2176,2.75210000017978,0.0012000000424450263,0.00030000046535860747,0.014100000043981709,0.004799999260285404,2.778000000034808
2412,d312_u18,sad,train,312,18,always,3,1,1,0,0,0,1,1,0,ok,"{""sentences"": [""I hear you."", ""We can pause here for a moment.""], ""safety"": ""ok""}",1,2176,2.9015000000072177,0.0013000008038943633,0.00030000046535860747,0.015300000086426735,0.005300000339047983,2.929700000095181
2413,d312_u19,neutral,train,312,19,always,3,1,1,0,0,0,1,1,0,ok,"{""sentences"": [""I hear you."", ""We can pause here for a moment.""], ""safety"": ""ok""}",1,2176,3.258099999584374,0.0012999998943996616,0.00030000046535860747,0.013700000636163168,0.005099999725644011,3.2841999991433113
2414,d312_u20,neutral,train,312,20,always,3,1,1,0,0,0,1,1,0,ok,"{""sentences"": [""I hear you."", ""We can pause here for a moment.""], ""safety"": ""ok""}",1,2176,2.4329000007128343,0.0013999997463542968,0.0002999995558639057,0.014399999599845614,0.005600000804406591,2.4602000003142166
2415,d312_u21,sad,train,312,21,always,3,1,1,0,0,0,1,1,0,ok,"{""sentences"": [""I hear you."", ""We can pause here for a moment.""], ""safety"": ""ok""}",1,2176,3.1176000002233195,0.0014000006558489986,0.00019999970390927047,0.014100000043981709,0.005300000339047983,3.1442999998034793
2416,d313_u0,neutral,train,313,0,always,3,1,1,0,0,0,1,1,0,ok,"{""sentences"": [""I hear you."", ""We can pause here for a moment.""], ""safety"": ""ok""}",1,2176,2.695099999982631,0.0012999998943996616,0.00030000046535860747,0.013999999282532372,0.005300000339047983,2.7221000000281492
2417,d313_u1,neutral,train,313,1,always,3,1,1,0,0,0,1,1,0,ok,"{""sentences"": [""I hear you."", ""We can pause here for a moment.""], ""safety"": ""ok""}",1,2176,2.99890000042069,0.0012999998943996616,0.0002999995558639057,0.01609999981155852,0.006199999916134402,3.0295999995360035
2418,d313_u2,neutral,train,313,2,always,3,1,1,0,0,0,1,1,0,ok,"{""sentences"": [""I hear you."", ""We can pause here for a moment.""], ""safety"": ""ok""}",1,2176,2.8354999994917307,0.0013999997463542968,0.00030000046535860747,0.014899999769113492,0.005500000042957254,2.863700000489189
2419,d313_u3,happy,train,313,3,always,3,1,1,0,0,0,1,1,0,ok,"{""sentences"": [""I hear you."", ""We can pause here for a moment.""], ""safety"": ""ok""}",1,2176,2.8075000000171713,0.0012999998943996616,0.00030000046535860747,0.015300000086426735,0.005399999281507917,2.836100000422448
2420,d314_u0,happy,train,314,0,always,3,1,1,0,0,0,1,1,0,ok,"{""sentences"": [""I hear you."", ""We can pause here for a moment.""], ""safety"": ""ok""}",1,2176,3.1612000002496643,0.0013000008038943633,0.00019999970390927047,0.014600000213249587,0.005500000042957254,3.1890000000203145
2421,d314_u1,happy,train,314,1,always,3,1,1,0,0,0,1,1,0,ok,"{""sentences"": [""I hear you."", ""We can pause here for a moment.""], ""safety"": ""ok""}",1,2176,2.913500000431668,0.0014000006558489986,0.00019999970390927047,0.01449999945180025,0.0054000001910026185,2.9407000001810957
2422,d314_u2,happy,train,314,2,always,3,1,1,0,0,0,1,1,0,ok,"{""sentences"": [""I hear you."", ""We can pause here for a moment.""], ""safety"": ""ok""}",1,2176,2.7328000005582,0.0013999997463542968,0.0002999995558639057,0.013899999430577736,0.005199999577598646,2.7589999999690917
2423,d314_u3,neutral,train,314,3,always,3,1,1,0,0,0,1,1,0,ok,"{""sentences"": [""I hear you."", ""We can pause here for a moment.""], ""safety"": ""ok""}",1,2176,3.7466000003405497,0.0013999997463542968,0.00030000046535860747,0.014399999599845614,0.005200000487093348,3.7737000002380228
2424,d314_u4,happy,train,314,4,always,3,1,1,0,0,0,1,1,0,ok,"{""sentences"": [""I hear you."", ""We can pause here for a moment.""], ""safety"": ""ok""}",1,2176,2.448799999910989,0.0012999998943996616,0.0002999995558639057,0.015499999790336005,0.005699999746866524,2.4781000001894427
2425,d314_u5,happy,train,314,5,always,3,1,1,0,0,0,1,1,0,ok,"{""sentences"": [""I hear you."", ""We can pause here for a moment.""], ""safety"": ""ok""}",1,2176,2.6010999999925843,0.0013999997463542968,0.00020000061340397224,0.015300000086426735,0.008199999683711212,2.632800000355928
2426,d314_u7,neutral,train,314,7,always,3,1,1,0,0,0,1,1,0,ok,"{""sentences"": [""I hear you."", ""We can pause here for a moment.""], ""safety"": ""ok""}",1,2176,3.065699999751814,0.0015999994502635673,0.00039999940781854093,0.019600000086938962,0.005800000508315861,3.1011000000944478
2427,d314_u8,neutral,train,314,8,always,3,1,1,0,0,0,1,1,0,ok,"{""sentences"": [""I hear you."", ""We can pause here for a moment.""], ""safety"": ""ok""}",1,2176,2.8901999994559446,0.0012999998943996616,0.00030000046535860747,0.014500000361294951,0.005300000339047983,2.9173999992053723
2428,d314_u9,happy,train,314,9,always,3,1,1,0,0,0,1,1,0,ok,"{""sentences"": [""I hear you."", ""We can pause here for a moment.""], ""safety"": ""ok""}",1,2176,3.0523999994329643,0.001600000359758269,0.0002999995558639057,0.018799999452312477,0.007599999662488699,3.0886000004102243
2429,d314_u10,neutral,train,314,10,always,3,1,1,0,0,0,1,1,0,ok,"{""sentences"": [""I hear you."", ""We can pause here for a moment.""], ""safety"": ""ok""}",1,2176,3.3968999996432103,0.0012999998943996616,0.0002999995558639057,0.015600000551785342,0.0054000001910026185,3.4256999997523963
2430,d314_u11,neutral,train,314,11,always,3,1,1,0,0,0,1,1,0,ok,"{""sentences"": [""I hear you."", ""We can pause here for a moment.""], ""safety"": ""ok""}",1,2176,3.103299999565934,0.0012999998943996616,0.0002999995558639057,0.0152000002344721,0.005500000042957254,3.1321000005846145
2431,d314_u12,neutral,train,314,12,always,3,1,1,0,0,0,1,1,0,ok,"{""sentences"": [""I hear you."", ""We can pause here for a moment.""], ""safety"": ""ok""}",1,2176,2.7926000002480578,0.0013999997463542968,0.0002999995558639057,0.013699999726668466,0.005099999725644011,2.8188999995109043
2432,d315_u0,neutral,train,315,0,always,3,1,1,0,0,0,1,1,0,ok,"{""sentences"": [""I hear you."", ""We can pause here for a moment.""], ""safety"": ""ok""}",1,2176,2.786999999443651,0.0012999998943996616,0.00020000061340397224,0.01500000053056283,0.005500000042957254,2.8156999997008825
2433,d315_u1,neutral,train,315,1,always,3,1,1,0,0,0,1,1,0,ok,"{""sentences"": [""I hear you."", ""We can pause here for a moment.""], ""safety"": ""ok""}",1,2176,2.9417999994620914,0.0013999997463542968,0.0002999995558639057,0.014700000065204222,0.0054000001910026185,2.969400000438327
2434,d315_u2,happy,train,315,2,always,3,1,1,0,0,0,1,1,0,ok,"{""sentences"": [""I hear you."", ""We can pause here for a moment.""], ""safety"": ""ok""}",1,2176,2.6968000001943437,0.001100000190490391,0.00030000046535860747,0.013999999282532372,0.004999999873689376,2.723100000366685
2435,d315_u3,happy,train,315,3,always,3,1,1,0,0,0,1,1,0,ok,"{""sentences"": [""I hear you."", ""We can pause here for a moment.""], ""safety"": ""ok""}",1,2176,3.35220000033587,0.0012999998943996616,0.00020000061340397224,0.014399999599845614,0.005300000339047983,3.379099999619939
2436,d315_u4,angry,train,315,4,always,3,1,1,0,0,0,1,1,0,ok,"{""sentences"": [""I hear you."", ""We can pause here for a moment.""], ""safety"": ""ok""}",1,2176,2.905299999838462,0.0012000000424450263,0.00020000061340397224,0.014599999303754885,0.005199999577598646,2.9328000000532484
2437,d315_u5,neutral,train,315,5,always,3,1,1,0,0,0,1,1,0,ok,"{""sentences"": [""I hear you."", ""We can pause here for a moment.""], ""safety"": ""ok""}",1,2176,2.7465000002848683,0.0014000006558489986,0.00019999970390927047,0.015100000382517464,0.005500000042957254,2.7747999993152916
2438,d315_u6,happy,train,315,6,always,3,1,1,0,0,0,1,1,0,ok,"{""sentences"": [""I hear you."", ""We can pause here for a moment.""], ""safety"": ""ok""}",1,2176,3.219799999897077,0.001499999598308932,0.00030000046535860747,0.014400000509340316,0.005300000339047983,3.2468999997945502
2439,d315_u7,happy,train,315,7,always,3,1,1,0,0,0,1,1,0,ok,"{""sentences"": [""I hear you."", ""We can pause here for a moment.""], ""safety"": ""ok""}",1,2176,2.604399999654561,0.0012000000424450263,0.0002999995558639057,0.014099999134487007,0.0054000001910026185,2.631400000609574
2440,d315_u8,happy,train,315,8,always,3,1,1,0,0,0,1,1,0,ok,"{""sentences"": [""I hear you."", ""We can pause here for a moment.""], ""safety"": ""ok""}",1,2176,2.8628999998545623,0.0012999998943996616,0.0002999995558639057,0.014199999895936344,0.005300000339047983,2.89009999960399
2441,d315_u9,happy,train,315,9,always,3,1,1,0,0,0,1,1,0,ok,"{""sentences"": [""I hear you."", ""We can pause here for a moment.""], ""safety"": ""ok""}",1,2176,2.525499999137537,0.0015000005078036338,0.00030000046535860747,0.015600000551785342,0.005500000042957254,2.5550999998813495
2442,d316_u0,neutral,train,316,0,always,3,1,1,0,0,0,1,1,0,ok,"{""sentences"": [""I hear you."", ""We can pause here for a moment.""], ""safety"": ""ok""}",1,2176,2.998699999807286,0.0012000000424450263,0.00019999970390927047,0.015100000382517464,0.005599999894911889,3.026800000043295
2443,d316_u1,neutral,train,316,1,always,3,1,1,0,0,0,1,1,0,ok,"{""sentences"": [""I hear you."", ""We can pause here for a moment.""], ""safety"": ""ok""}",1,2176,3.8860999993630685,0.0018999999156221747,0.0004000003173132427,0.01869999960035784,0.006000000212225132,3.9216000004671514
2444,d316_u2,sad,train,316,2,always,3,1,1,0,0,0,1,1,0,ok,"{""sentences"": [""I hear you."", ""We can pause here for a moment.""], ""safety"": ""ok""}",1,2176,2.605599999697006,0.0012999998943996616,0.00019999970390927047,0.014700000065204222,0.005300000339047983,2.633099999911792
2445,d316_u3,neutral,train,316,3,always,3,1,1,0,0,0,1,1,0,ok,"{""sentences"": [""I hear you."", ""We can pause here for a moment.""], ""safety"": ""ok""}",1,2176,2.722399999584013,0.0012999998943996616,0.00019999970390927047,0.013800000488117803,0.005599999894911889,2.7491000000736676
2446,d316_u5,angry,train,316,5,always,3,1,1,0,0,0,1,1,0,ok,"{""sentences"": [""I hear you."", ""We can pause here for a moment.""], ""safety"": ""ok""}",1,2176,2.810900000440597,0.0013999997463542968,0.00030000046535860747,0.014700000065204222,0.0054000001910026185,2.8388999999151565
2447,d316_u6,happy,train,316,6,always,3,1,1,0,0,0,1,1,0,ok,"{""sentences"": [""I hear you."", ""We can pause here for a moment.""], ""safety"": ""ok""}",1,2176,2.854000000297674,0.0012000000424450263,0.00030000046535860747,0.014000000192027073,0.004900000021734741,2.8800999998566112
2448,d316_u7,neutral,train,316,7,always,3,1,1,0,0,0,1,1,0,ok,"{""sentences"": [""I hear you."", ""We can pause here for a moment.""], ""safety"": ""ok""}",1,2176,2.9477999996743165,0.0013999997463542968,0.0002999995558639057,0.016400000276917126,0.005500000042957254,2.9779999995298567
2449,d316_u8,neutral,train,316,8,always,3,1,1,0,0,0,1,1,0,ok,"{""sentences"": [""I hear you."", ""We can pause here for a moment.""], ""safety"": ""ok""}",1,2176,2.612000000226544,0.0012999998943996616,0.00030000046535860747,0.014900000678608194,0.005500000042957254,2.640400000018417
2450,d317_u0,neutral,train,317,0,always,3,1,1,0,0,0,1,1,0,ok,"{""sentences"": [""I hear you."", ""We can pause here for a moment.""], ""safety"": ""ok""}",1,2176,2.5567000002411078,0.0013000008038943633,0.00030000046535860747,0.014100000043981709,0.0052999994295532815,2.583700000286626
2451,d317_u1,happy,train,317,1,always,3,1,1,0,0,0,1,1,0,ok,"{""sentences"": [""I hear you."", ""We can pause here for a moment.""], ""safety"": ""ok""}",1,2176,3.2449000000269734,0.0013999997463542968,0.0002999995558639057,0.014899999769113492,0.005500000042957254,3.2731999999668915
2452,d317_u2,neutral,train,317,2,always,3,1,1,0,0,0,1,1,0,ok,"{""sentences"": [""I hear you."", ""We can pause here for a moment.""], ""safety"": ""ok""}",1,2176,2.7129000000059023,0.0012000000424450263,0.0002999995558639057,0.014000000192027073,0.0054000001910026185,2.74009999975533
2453,d317_u3,angry,train,317,3,always,3,1,1,0,0,0,1,1,0,ok,"{""sentences"": [""I hear you."", ""We can pause here for a moment.""], ""safety"": ""ok""}",1,2176,2.5171000006594113,0.0012000000424450263,0.00020000061340397224,0.013999999282532372,0.0054000001910026185,2.5439000000915257
2454,d317_u4,neutral,train,317,4,always,3,1,1,0,0,0,1,1,0,ok,"{""sentences"": [""I hear you."", ""We can pause here for a moment.""], ""safety"": ""ok""}",1,2176,2.906499999880907,0.0012999998943996616,0.00019999970390927047,0.014299999747890979,0.005500000042957254,2.9337999994822894
2455,d317_u5,happy,train,317,5,always,3,1,1,0,0,0,1,1,0,ok,"{""sentences"": [""I hear you."", ""We can pause here for a moment.""], ""safety"": ""ok""}",1,2176,3.887599999870872,0.0013999997463542968,0.0002999995558639057,0.014199999895936344,0.005099999725644011,3.9144000002124812
2456,d317_u6,happy,train,317,6,always,3,1,1,0,0,0,1,1,0,ok,"{""sentences"": [""I hear you."", ""We can pause here for a moment.""], ""safety"": ""ok""}",1,2176,2.617300000565592,0.0012000000424450263,0.0002999995558639057,0.01320000046689529,0.004999999873689376,2.642299999934039
2457,d317_u7,happy,train,317,7,always,3,1,1,0,0,0,1,1,0,ok,"{""sentences"": [""I hear you."", ""We can pause here for a moment.""], ""safety"": ""ok""}",1,2176,2.911899999162415,0.0014000006558489986,0.00019999970390927047,0.015700000403739978,0.005199999577598646,2.9412000003503636
2458,d317_u9,angry,train,317,9,always,3,1,1,0,0,0,1,1,0,ok,"{""sentences"": [""I hear you."", ""We can pause here for a moment.""], ""safety"": ""ok""}",1,2176,3.260700000282668,0.0012999998943996616,0.00019999970390927047,0.014600000213249587,0.005500000042957254,3.288099999736005
2459,d317_u10,angry,train,317,10,always,3,1,1,0,0,0,1,1,0,ok,"{""sentences"": [""I hear you."", ""We can pause here for a moment.""], ""safety"": ""ok""}",1,2176,2.4892999999792664,0.0017000002117129043,0.0002999995558639057,0.015900000107649248,0.006000000212225132,2.524999999877764
2460,d317_u11,neutral,train,317,11,always,3,1,1,0,0,0,1,1,0,ok,"{""sentences"": [""I hear you."", ""We can pause here for a moment.""], ""safety"": ""ok""}",1,2176,3.296099999715807,0.0012000000424450263,0.00019999970390927047,0.014299999747890979,0.005300000339047983,3.3228000002054614
2461,d317_u12,angry,train,317,12,always,3,1,1,0,0,0,1,1,0,ok,"{""sentences"": [""I hear you."", ""We can pause here for a moment.""], ""safety"": ""ok""}",1,2176,2.6559000007182476,0.0013999997463542968,0.00020000061340397224,0.014000000192027073,0.005600000804406591,2.6826000002984074
2462,d317_u13,angry,train,317,13,always,3,1,1,0,0,0,1,1,0,ok,"{""sentences"": [""I hear you."", ""We can pause here for a moment.""], ""safety"": ""ok""}",1,2176,2.966000000014901,0.0012999998943996616,0.00019999970390927047,0.014199999895936344,0.005399999281507917,2.993099999912374
2463,d317_u14,angry,train,317,14,always,3,1,1,0,0,0,1,1,0,ok,"{""sentences"": [""I hear you."", ""We can pause here for a moment.""], ""safety"": ""ok""}",1,2176,2.8123000001869514,0.001499999598308932,0.00019999970390927047,0.014400000509340316,0.0054000001910026185,2.8400999999576015
2464,d317_u15,angry,train,317,15,always,3,1,1,0,0,0,1,1,0,ok,"{""sentences"": [""I hear you."", ""We can pause here for a moment.""], ""safety"": ""ok""}",1,2176,2.825499999744352,0.0012000000424450263,0.0002999995558639057,0.014299999747890979,0.005200000487093348,2.852999999959138
2465,d318_u0,neutral,train,318,0,always,3,1,1,0,0,0,1,1,0,ok,"{""sentences"": [""I hear you."", ""We can pause here for a moment.""], ""safety"": ""ok""}",1,2176,2.57430000056047,0.0012000000424450263,0.00030000046535860747,0.014500000361294951,0.005300000339047983,2.6022000001830747
2466,d318_u1,neutral,train,318,1,always,3,1,1,0,0,0,1,1,0,ok,"{""sentences"": [""I hear you."", ""We can pause here for a moment.""], ""safety"": ""ok""}",1,2176,2.5456000003032386,0.0013999997463542968,0.0002999995558639057,0.01539999993838137,0.0054000001910026185,2.57439999950293
2467,d318_u2,neutral,train,318,2,always,3,1,1,0,0,0,1,1,0,ok,"{""sentences"": [""I hear you."", ""We can pause here for a moment.""], ""safety"": ""ok""}",1,2176,3.3863999997265637,0.0014000006558489986,0.00030000046535860747,0.01500000053056283,0.005300000339047983,3.4144999999625725
2468,d318_u3,neutral,train,318,3,always,3,1,1,0,0,0,1,1,0,ok,"{""sentences"": [""I hear you."", ""We can pause here for a moment.""], ""safety"": ""ok""}",1,2176,3.208499999345804,0.0012999998943996616,0.0002999995558639057,0.013799999578623101,0.004999999873689376,3.23480000042764
2469,d318_u4,neutral,train,318,4,always,3,1,1,0,0,0,1,1,0,ok,"{""sentences"": [""I hear you."", ""We can pause here for a moment.""], ""safety"": ""ok""}",1,2176,2.805099999932281,0.0012999998943996616,0.00039999940781854093,0.018599999748403206,0.0054000001910026185,2.8381000001900247
2470,d319_u0,neutral,train,319,0,always,3,1,1,0,0,0,1,1,0,ok,"{""sentences"": [""I hear you."", ""We can pause here for a moment.""], ""safety"": ""ok""}",1,2176,2.6436999996803934,0.0014000006558489986,0.0002999995558639057,0.013799999578623101,0.005500000042957254,2.6700000007622293
2471,d319_u1,happy,train,319,1,always,3,1,1,0,0,0,1,1,0,ok,"{""sentences"": [""I hear you."", ""We can pause here for a moment.""], ""safety"": ""ok""}",1,2176,2.9596000003948575,0.0015000005078036338,0.00019999970390927047,0.014999999621068127,0.005700000656361226,2.9881999998906394
2472,d319_u2,neutral,train,319,2,always,3,1,1,0,0,0,1,1,0,ok,"{""sentences"": [""I hear you."", ""We can pause here for a moment.""], ""safety"": ""ok""}",1,2176,2.836599999682221,0.0015999994502635673,0.00020000061340397224,0.013800000488117803,0.004900000021734741,2.8625999993892037
2473,d319_u3,neutral,train,319,3,always,3,1,1,0,0,0,1,1,0,ok,"{""sentences"": [""I hear you."", ""We can pause here for a moment.""], ""safety"": ""ok""}",1,2176,2.856699999938428,0.0012999998943996616,0.00020000061340397224,0.01500000053056283,0.0054000001910026185,2.884999999878346
2474,d319_u4,neutral,train,319,4,always,3,1,1,0,0,0,1,1,0,ok,"{""sentences"": [""I hear you."", ""We can pause here for a moment.""], ""safety"": ""ok""}",1,2176,2.8008999997837236,0.0015999994502635673,0.00030000046535860747,0.01500000053056283,0.005300000339047983,2.829300000485091
2475,d319_u5,neutral,train,319,5,always,3,1,1,0,0,0,1,1,0,ok,"{""sentences"": [""I hear you."", ""We can pause here for a moment.""], ""safety"": ""ok""}",1,2176,2.610399999866786,0.0012999998943996616,0.00030000046535860747,0.014600000213249587,0.005500000042957254,2.638200000546931
2476,d319_u6,angry,train,319,6,always,3,1,1,0,0,0,1,1,0,ok,"{""sentences"": [""I hear you."", ""We can pause here for a moment.""], ""safety"": ""ok""}",1,2176,3.0077999999775784,0.0012999998943996616,0.00030000046535860747,0.014199999895936344,0.005199999577598646,3.03520000034041
2477,d319_u8,sad,train,319,8,always,3,1,1,0,0,0,1,1,0,ok,"{""sentences"": [""I hear you."", ""We can pause here for a moment.""], ""safety"": ""ok""}",1,2176,2.9204000002209796,0.0012999998943996616,0.0002999995558639057,0.014000000192027073,0.005199999577598646,2.9465000006894115
2478,d319_u9,neutral,train,319,9,always,3,1,1,0,0,0,1,1,0,ok,"{""sentences"": [""I hear you."", ""We can pause here for a moment.""], ""safety"": ""ok""}",1,2176,2.9332000003705616,0.0012000000424450263,0.00019999970390927047,0.014000000192027073,0.005200000487093348,2.9598000000987668
2479,d319_u10,neutral,train,319,10,always,3,1,1,0,0,0,1,1,0,ok,"{""sentences"": [""I hear you."", ""We can pause here for a moment.""], ""safety"": ""ok""}",1,2176,2.8945000003659516,0.0013000008038943633,0.00019999970390927047,0.013900000340072438,0.0054000001910026185,2.921000000242202
2480,d319_u11,neutral,train,319,11,always,3,1,1,0,0,0,1,1,0,ok,"{""sentences"": [""I hear you."", ""We can pause here for a moment.""], ""safety"": ""ok""}",1,2176,3.008399999998801,0.0012999998943996616,0.00020000061340397224,0.014000000192027073,0.005200000487093348,3.0348999998750514
2481,d319_u12,neutral,train,319,12,always,3,1,1,0,0,0,1,1,0,ok,"{""sentences"": [""I hear you."", ""We can pause here for a moment.""], ""safety"": ""ok""}",1,2176,2.9856999999537948,0.001100000190490391,0.00019999970390927047,0.01320000046689529,0.004900000021734741,3.010300000823918
2482,d319_u14,happy,train,319,14,always,3,1,1,0,0,0,1,1,0,ok,"{""sentences"": [""I hear you."", ""We can pause here for a moment.""], ""safety"": ""ok""}",1,2176,2.4045999998634215,0.0012000000424450263,0.0002999995558639057,0.013699999726668466,0.005100000635138713,2.430399999866495
2483,d319_u16,neutral,train,319,16,always,3,1,1,0,0,0,1,1,0,ok,"{""sentences"": [""I hear you."", ""We can pause here for a moment.""], ""safety"": ""ok""}",1,2176,2.717800000027637,0.0012000000424450263,0.0002999995558639057,0.013500000022759195,0.005200000487093348,2.7435000001787557
2484,d319_u17,happy,train,319,17,always,3,1,1,0,0,0,1,1,0,ok,"{""sentences"": [""I hear you."", ""We can pause here for a moment.""], ""safety"": ""ok""}",1,2176,2.9194000007919385,0.001600000359758269,0.0004000003173132427,0.015700000403739978,0.005500000042957254,2.950500000224565
2485,d319_u18,neutral,train,319,18,always,3,1,1,0,0,0,1,1,0,ok,"{""sentences"": [""I hear you."", ""We can pause here for a moment.""], ""safety"": ""ok""}",1,2176,2.5335999998787884,0.0012999998943996616,0.00019999970390927047,0.01359999987471383,0.005099999725644011,2.559300000029907
2486,d319_u19,happy,train,319,19,always,3,1,1,0,0,0,1,1,0,ok,"{""sentences"": [""I hear you."", ""We can pause here for a moment.""], ""safety"": ""ok""}",1,2176,3.2950000004348112,0.0014000006558489986,0.00019999970390927047,0.013900000340072438,0.005200000487093348,3.3216000001630164
2487,d319_u20,happy,train,319,20,always,3,1,1,0,0,0,1,1,0,ok,"{""sentences"": [""I hear you."", ""We can pause here for a moment.""], ""safety"": ""ok""}",1,2176,2.4358000000574975,0.0012999998943996616,0.00030000046535860747,0.014100000043981709,0.005200000487093348,2.4622000000817934
2488,d319_u21,neutral,train,319,21,always,3,1,1,0,0,0,1,1,0,ok,"{""sentences"": [""I hear you."", ""We can pause here for a moment.""], ""safety"": ""ok""}",1,2176,3.1541999996989034,0.001100000190490391,0.00019999970390927047,0.014000000192027073,0.005199999577598646,3.18040000001929
2489,d320_u0,neutral,train,320,0,always,3,1,1,0,0,0,1,1,0,ok,"{""sentences"": [""I hear you."", ""We can pause here for a moment.""], ""safety"": ""ok""}",1,2176,2.748200000496581,0.0012999998943996616,0.0002999995558639057,0.014399999599845614,0.005300000339047983,2.7757999996538274
2490,d320_u1,neutral,train,320,1,always,3,1,1,0,0,0,1,1,0,ok,"{""sentences"": [""I hear you."", ""We can pause here for a moment.""], ""safety"": ""ok""}",1,2176,2.659799999491952,0.0012000000424450263,0.0002999995558639057,0.014100000043981709,0.005199999577598646,2.686100000573788
2491,d320_u2,neutral,train,320,2,always,3,1,1,0,0,0,1,1,0,ok,"{""sentences"": [""I hear you."", ""We can pause here for a moment.""], ""safety"": ""ok""}",1,2176,2.4578000002293265,0.0012000000424450263,0.00030000046535860747,0.013500000022759195,0.005099999725644011,2.4834999994709506
2492,d320_u4,sad,train,320,4,always,3,1,1,0,0,0,1,1,0,ok,"{""sentences"": [""I hear you."", ""We can pause here for a moment.""], ""safety"": ""ok""}",1,2176,3.702500000144937,0.0012999998943996616,0.0002999995558639057,0.013900000340072438,0.004999999873689376,3.728699999555829
2493,d320_u5,happy,train,320,5,always,3,1,1,0,0,0,1,1,0,ok,"{""sentences"": [""I hear you."", ""We can pause here for a moment.""], ""safety"": ""ok""}",1,2176,2.5207999997292063,0.0012000000424450263,0.00020000061340397224,0.014000000192027073,0.0052999994295532815,2.5473999994574115
2494,d320_u6,sad,train,320,6,always,3,1,1,0,0,0,1,1,0,ok,"{""sentences"": [""I hear you."", ""We can pause here for a moment.""], ""safety"": ""ok""}",1,2176,2.7094999995824764,0.0010999992809956893,0.00030000046535860747,0.013199999557400588,0.004799999260285404,2.7341000004525995
2495,d320_u8,sad,train,320,8,always,3,1,1,0,0,0,1,1,0,ok,"{""sentences"": [""I hear you."", ""We can pause here for a moment.""], ""safety"": ""ok""}",1,2176,3.1347999993158737,0.0012000000424450263,0.00019999970390927047,0.014299999747890979,0.005200000487093348,3.161700000418932
2496,d320_u9,neutral,train,320,9,always,3,1,1,0,0,0,1,1,0,ok,"{""sentences"": [""I hear you."", ""We can pause here for a moment.""], ""safety"": ""ok""}",1,2176,2.6661000001695356,0.0014000006558489986,0.00030000046535860747,0.014400000509340316,0.005500000042957254,2.6939000008496805
2497,d320_u10,neutral,train,320,10,always,3,1,1,0,0,0,1,1,0,ok,"{""sentences"": [""I hear you."", ""We can pause here for a moment.""], ""safety"": ""ok""}",1,2176,2.68320000031963,0.0012999998943996616,0.00020000061340397224,0.013699999726668466,0.005199999577598646,2.709099999265163
2498,d320_u11,neutral,train,320,11,always,3,1,1,0,0,0,1,1,0,ok,"{""sentences"": [""I hear you."", ""We can pause here for a moment.""], ""safety"": ""ok""}",1,2176,3.046899999390007,0.0012999998943996616,0.0002999995558639057,0.014799999917158857,0.005300000339047983,3.0746000002181972
2499,d320_u13,sad,train,320,13,always,3,1,1,0,0,0,1,1,0,ok,"{""sentences"": [""I hear you."", ""We can pause here for a moment.""], ""safety"": ""ok""}",1,2176,2.8786000002583023,0.0012000000424450263,0.00030000046535860747,0.01340000017080456,0.004800000169780105,2.90339999992284
2500,d320_u14,neutral,train,320,14,always,3,1,1,0,0,0,1,1,0,ok,"{""sentences"": [""I hear you."", ""We can pause here for a moment.""], ""safety"": ""ok""}",1,2176,2.5040000000444707,0.0012999998943996616,0.00020000061340397224,0.014700000065204222,0.0052999994295532815,2.5316000001112116
2501,d320_u15,neutral,train,320,15,always,3,1,1,0,0,0,1,1,0,ok,"{""sentences"": [""I hear you."", ""We can pause here for a moment.""], ""safety"": ""ok""}",1,2176,2.5601999996069935,0.0012000000424450263,0.00019999970390927047,0.013899999430577736,0.005599999894911889,2.586900000096648
2502,d320_u17,happy,train,320,17,always,3,1,1,0,0,0,1,1,0,ok,"{""sentences"": [""I hear you."", ""We can pause here for a moment.""], ""safety"": ""ok""}",1,2176,3.018299999894225,0.001600000359758269,0.00020000061340397224,0.014000000192027073,0.005500000042957254,3.0452999999397434
2503,d321_u0,happy,train,321,0,always,3,1,1,0,0,0,1,1,0,ok,"{""sentences"": [""I hear you."", ""We can pause here for a moment.""], ""safety"": ""ok""}",1,2176,2.9823999993823236,0.0012999998943996616,0.00019999970390927047,0.014500000361294951,0.005300000339047983,3.010000000358559
2504,d321_u1,happy,train,321,1,always,3,1,1,0,0,0,1,1,0,ok,"{""sentences"": [""I hear you."", ""We can pause here for a moment.""], ""safety"": ""ok""}",1,2176,3.1103000001166947,0.01849999989644857,0.00020000061340397224,0.014100000043981709,0.005600000804406591,3.154799999720126
2505,d321_u2,happy,train,321,2,always,3,1,1,0,0,0,1,1,0,ok,"{""sentences"": [""I hear you."", ""We can pause here for a moment.""], ""safety"": ""ok""}",1,2176,2.6801000003615627,0.0012000000424450263,0.00030000046535860747,0.014400000509340316,0.0054000001910026185,2.7075999996668543
2506,d321_u3,neutral,train,321,3,always,3,1,1,0,0,0,1,1,0,ok,"{""sentences"": [""I hear you."", ""We can pause here for a moment.""], ""safety"": ""ok""}",1,2176,3.20099999953527,0.0012999998943996616,0.00020000061340397224,0.01340000017080456,0.004999999873689376,3.226100000574661
2507,d321_u5,neutral,train,321,5,always,3,1,1,0,0,0,1,1,0,ok,"{""sentences"": [""I hear you."", ""We can pause here for a moment.""], ""safety"": ""ok""}",1,2176,2.489200000127312,0.0013999997463542968,0.00019999970390927047,0.014500000361294951,0.005099999725644011,2.5168999991365126
2508,d321_u7,happy,train,321,7,always,3,1,1,0,0,0,1,1,0,ok,"{""sentences"": [""I hear you."", ""We can pause here for a moment.""], ""safety"": ""ok""}",1,2176,3.1461999997191015,0.0012000000424450263,0.0002999995558639057,0.013900000340072438,0.005300000339047983,3.1725999997433973
2509,d321_u9,neutral,train,321,9,always,3,1,1,0,0,0,1,1,0,ok,"{""sentences"": [""I hear you."", ""We can pause here for a moment.""], ""safety"": ""ok""}",1,2176,2.4251000004369416,0.001499999598308932,0.00020000061340397224,0.014000000192027073,0.005099999725644011,2.4517000001651468
2510,d323_u0,sad,train,323,0,always,3,1,1,0,0,0,1,1,0,ok,"{""sentences"": [""I hear you."", ""We can pause here for a moment.""], ""safety"": ""ok""}",1,2176,2.653400000781403,0.0015999994502635673,0.0002999995558639057,0.013900000340072438,0.004800000169780105,2.6810999997906038
2511,d324_u0,neutral,train,324,0,always,3,1,1,0,0,0,1,1,0,ok,"{""sentences"": [""I hear you."", ""We can pause here for a moment.""], ""safety"": ""ok""}",1,2176,2.4312000005011214,0.0012000000424450263,0.00019999970390927047,0.013300000318849925,0.005099999725644011,2.456499999425432
2512,d324_u2,neutral,train,324,2,always,3,1,1,0,0,0,1,1,0,ok,"{""sentences"": [""I hear you."", ""We can pause here for a moment.""], ""safety"": ""ok""}",1,2176,3.362399999787158,0.0012000000424450263,0.00030000046535860747,0.01430000065738568,0.005199999577598646,3.3893999998326763
2513,d324_u3,neutral,train,324,3,always,3,1,1,0,0,0,1,1,0,ok,"{""sentences"": [""I hear you."", ""We can pause here for a moment.""], ""safety"": ""ok""}",1,2176,2.706499999476364,0.0012000000424450263,0.00030000046535860747,0.014200000805431046,0.0052999994295532815,2.733200000875513
2514,d324_u4,neutral,train,324,4,always,3,1,1,0,0,0,1,1,0,ok,"{""sentences"": [""I hear you."", ""We can pause here for a moment.""], ""safety"": ""ok""}",1,2176,3.029699999387958,0.0012000000424450263,0.00019999970390927047,0.014399999599845614,0.005100000635138713,3.0561000003217487
2515,d324_u5,neutral,train,324,5,always,3,1,1,0,0,0,1,1,0,ok,"{""sentences"": [""I hear you."", ""We can pause here for a moment.""], ""safety"": ""ok""}",1,2176,2.776899999844318,0.0012999998943996616,0.0002999995558639057,0.014399999599845614,0.005100000635138713,2.8036000003339723
2516,d324_u6,neutral,train,324,6,always,3,1,1,0,0,0,1,1,0,ok,"{""sentences"": [""I hear you."", ""We can pause here for a moment.""], ""safety"": ""ok""}",1,2176,2.9456000002028304,0.0012999998943996616,0.0002999995558639057,0.014299999747890979,0.0052999994295532815,2.9727000001003034
2517,d324_u7,neutral,train,324,7,always,3,1,1,0,0,0,1,1,0,ok,"{""sentences"": [""I hear you."", ""We can pause here for a moment.""], ""safety"": ""ok""}",1,2176,2.8486000001066714,0.0012000000424450263,0.00020000061340397224,0.013999999282532372,0.0054000001910026185,2.8749999992214725
2518,d325_u0,neutral,train,325,0,always,3,1,1,0,0,0,1,1,0,ok,"{""sentences"": [""I hear you."", ""We can pause here for a moment.""], ""safety"": ""ok""}",1,2176,3.1275999999706983,0.0012999998943996616,0.00019999970390927047,0.014999999621068127,0.0054000001910026185,3.1558000000586617
2519,d326_u0,sad,train,326,0,always,3,1,1,0,0,0,1,1,0,ok,"{""sentences"": [""I hear you."", ""We can pause here for a moment.""], ""safety"": ""ok""}",1,2176,2.5857999999061576,0.0012000000424450263,0.00030000046535860747,0.013999999282532372,0.005099999725644011,2.6119000003745896
2520,d326_u3,neutral,train,326,3,always,3,1,1,0,0,0,1,1,0,ok,"{""sentences"": [""I hear you."", ""We can pause here for a moment.""], ""safety"": ""ok""}",1,2176,3.0232999997679144,0.0013999997463542968,0.0002999995558639057,0.014199999895936344,0.005500000042957254,3.0507999999827007
2521,d326_u6,happy,train,326,6,always,3,1,1,0,0,0,1,1,0,ok,"{""sentences"": [""I hear you."", ""We can pause here for a moment.""], ""safety"": ""ok""}",1,2176,2.9267999998410232,0.0012000000424450263,0.0002999995558639057,0.014199999895936344,0.005300000339047983,2.9537999998865416
2522,d326_u7,neutral,train,326,7,always,3,1,1,0,0,0,1,1,0,ok,"{""sentences"": [""I hear you."", ""We can pause here for a moment.""], ""safety"": ""ok""}",1,2176,2.9709999998885905,0.0013999997463542968,0.00020000061340397224,0.014700000065204222,0.0052999994295532815,2.998499999193882
2523,d326_u8,neutral,train,326,8,always,3,1,1,0,0,0,1,1,0,ok,"{""sentences"": [""I hear you."", ""We can pause here for a moment.""], ""safety"": ""ok""}",1,2176,2.742200000284356,0.0014000006558489986,0.00019999970390927047,0.014299999747890979,0.005500000042957254,2.7694999998857384
2524,d327_u0,angry,train,327,0,always,3,1,1,0,0,0,1,1,0,ok,"{""sentences"": [""I hear you."", ""We can pause here for a moment.""], ""safety"": ""ok""}",1,2176,2.6451000003362424,0.0014000006558489986,0.00020000061340397224,0.014700000065204222,0.0054000001910026185,2.673500000128115
2525,d327_u1,neutral,train,327,1,always,3,1,1,0,0,0,1,1,0,ok,"{""sentences"": [""I hear you."", ""We can pause here for a moment.""], ""safety"": ""ok""}",1,2176,2.7629999995042454,0.001100000190490391,0.00019999970390927047,0.013100000614940654,0.005099999725644011,2.788199999486096
2526,d327_u3,neutral,train,327,3,always,3,1,1,0,0,0,1,1,0,ok,"{""sentences"": [""I hear you."", ""We can pause here for a moment.""], ""safety"": ""ok""}",1,2176,2.841699999407865,0.0012000000424450263,0.00019999970390927047,0.014199999895936344,0.005599999894911889,2.8691000006801914
2527,d327_u4,happy,train,327,4,always,3,1,1,0,0,0,1,1,0,ok,"{""sentences"": [""I hear you."", ""We can pause here for a moment.""], ""safety"": ""ok""}",1,2176,3.0960999993112637,0.0013999997463542968,0.00030000046535860747,0.014399999599845614,0.005599999894911889,3.12350000058359
2528,d327_u5,neutral,train,327,5,always,3,1,1,0,0,0,1,1,0,ok,"{""sentences"": [""I hear you."", ""We can pause here for a moment.""], ""safety"": ""ok""}",1,2176,2.9404000006252318,0.0012999998943996616,0.00019999970390927047,0.013699999726668466,0.005200000487093348,2.965800000310992
2529,d327_u6,angry,train,327,6,always,3,1,1,0,0,0,1,1,0,ok,"{""sentences"": [""I hear you."", ""We can pause here for a moment.""], ""safety"": ""ok""}",1,2176,2.25490000048012,0.0013999997463542968,0.00020000061340397224,0.014099999134487007,0.0052999994295532815,2.281399999446876
2530,d327_u7,neutral,train,327,7,always,3,1,1,0,0,0,1,1,0,ok,"{""sentences"": [""I hear you."", ""We can pause here for a moment.""], ""safety"": ""ok""}",1,2176,3.1716000003143563,0.0012999998943996616,0.0002999995558639057,0.014700000065204222,0.005800000508315861,3.200000000106229
2531,d328_u0,angry,train,328,0,always,3,1,1,0,0,0,1,1,0,ok,"{""sentences"": [""I hear you."", ""We can pause here for a moment.""], ""safety"": ""ok""}",1,2176,2.612100000078499,0.0018000000636675395,0.00020000061340397224,0.01469999915570952,0.005699999746866524,2.6410000000396394
2532,d328_u1,angry,train,328,1,always,3,1,1,0,0,0,1,1,0,ok,"{""sentences"": [""I hear you."", ""We can pause here for a moment.""], ""safety"": ""ok""}",1,2176,3.0972000004112488,0.0012999998943996616,0.00030000046535860747,0.013900000340072438,0.005200000487093348,3.123800000139454
2533,d328_u2,angry,train,328,2,always,3,1,1,0,0,0,1,1,0,ok,"{""sentences"": [""I hear you."", ""We can pause here for a moment.""], ""safety"": ""ok""}",1,2176,3.010800000083691,0.001499999598308932,0.00030000046535860747,0.01539999993838137,0.005599999894911889,3.0399999996006954
2534,d328_u3,neutral,train,328,3,always,3,1,1,0,0,0,1,1,0,ok,"{""sentences"": [""I hear you."", ""We can pause here for a moment.""], ""safety"": ""ok""}",1,2176,3.1478999999308144,0.0014000006558489986,0.00030000046535860747,0.01430000065738568,0.005399999281507917,3.1752000004416914
2535,d328_u4,angry,train,328,4,always,3,1,1,0,0,0,1,1,0,ok,"{""sentences"": [""I hear you."", ""We can pause here for a moment.""], ""safety"": ""ok""}",1,2176,2.756299999418843,0.0012999998943996616,0.00030000046535860747,0.013900000340072438,0.0054000001910026185,2.7825999995911843
2536,d328_u5,neutral,train,328,5,always,3,1,1,0,0,0,1,1,0,ok,"{""sentences"": [""I hear you."", ""We can pause here for a moment.""], ""safety"": ""ok""}",1,2176,2.8204999998706626,0.0014000006558489986,0.0002999995558639057,0.014000000192027073,0.005500000042957254,2.8474000000642263
2537,d328_u6,happy,train,328,6,always,3,1,1,0,0,0,1,1,0,ok,"{""sentences"": [""I hear you."", ""We can pause here for a moment.""], ""safety"": ""ok""}",1,2176,3.1503000000157044,0.0012999998943996616,0.00030000046535860747,0.014100000043981709,0.005699999746866524,3.177300000061223
2538,d328_u7,happy,train,328,7,always,3,1,1,0,0,0,1,1,0,ok,"{""sentences"": [""I hear you."", ""We can pause here for a moment.""], ""safety"": ""ok""}",1,2176,2.948600000308943,0.0013999997463542968,0.00019999970390927047,0.014899999769113492,0.0057999995988211595,2.977499999360589
2539,d328_u8,sad,train,328,8,always,3,1,1,0,0,0,1,1,0,ok,"{""sentences"": [""I hear you."", ""We can pause here for a moment.""], ""safety"": ""ok""}",1,2176,2.7929000007134164,0.0018000000636675395,0.00020000061340397224,0.014600000213249587,0.005200000487093348,2.8202000003147987
2540,d329_u0,happy,train,329,0,always,3,1,1,0,0,0,1,1,0,ok,"{""sentences"": [""I hear you."", ""We can pause here for a moment.""], ""safety"": ""ok""}",1,2176,2.784100000098988,0.0013999997463542968,0.00019999970390927047,0.014399999599845614,0.005399999281507917,2.8118000000176835
2541,d329_u1,angry,train,329,1,always,3,1,1,0,0,0,1,1,0,ok,"{""sentences"": [""I hear you."", ""We can pause here for a moment.""], ""safety"": ""ok""}",1,2176,2.9603000002680346,0.0017000002117129043,0.00030000046535860747,0.013799999578623101,0.005500000042957254,2.9874000001655077
2542,d329_u2,neutral,train,329,2,always,3,1,1,0,0,0,1,1,0,ok,"{""sentences"": [""I hear you."", ""We can pause here for a moment.""], ""safety"": ""ok""}",1,2176,3.1113000004552305,0.0012999998943996616,0.0002999995558639057,0.015100000382517464,0.005599999894911889,3.139499999633699
2543,d329_u3,happy,train,329,3,always,3,1,1,0,0,0,1,1,0,ok,"{""sentences"": [""I hear you."", ""We can pause here for a moment.""], ""safety"": ""ok""}",1,2176,2.2359999993568636,0.0012999998943996616,0.0002999995558639057,0.013799999578623101,0.005000000783184078,2.2623000004386995
2544,d329_u4,angry,train,329,4,always,3,1,1,0,0,0,1,1,0,ok,"{""sentences"": [""I hear you."", ""We can pause here for a moment.""], ""safety"": ""ok""}",1,2176,3.0716000001120847,0.0012999998943996616,0.00020000061340397224,0.014299999747890979,0.005200000487093348,3.098899999713467
2545,d329_u6,neutral,train,329,6,always,3,1,1,0,0,0,1,1,0,ok,"{""sentences"": [""I hear you."", ""We can pause here for a moment.""], ""safety"": ""ok""}",1,2176,2.912300000389223,0.0012999998943996616,0.0002999995558639057,0.014799999917158857,0.005599999894911889,2.939999999398424
2546,d329_u7,angry,train,329,7,always,3,1,1,0,0,0,1,1,0,ok,"{""sentences"": [""I hear you."", ""We can pause here for a moment.""], ""safety"": ""ok""}",1,2176,2.94690000009723,0.0015999994502635673,0.0002999995558639057,0.014100000043981709,0.005300000339047983,2.973999999994703
2547,d329_u8,neutral,train,329,8,always,3,1,1,0,0,0,1,1,0,ok,"{""sentences"": [""I hear you."", ""We can pause here for a moment.""], ""safety"": ""ok""}",1,2176,3.1468000006498187,0.0013999997463542968,0.0002999995558639057,0.014600000213249587,0.024899999516492244,3.1936000004861853
2548,d329_u9,angry,train,329,9,always,3,1,1,0,0,0,1,1,0,ok,"{""sentences"": [""I hear you."", ""We can pause here for a moment.""], ""safety"": ""ok""}",1,2176,3.2370999997510808,0.0015999994502635673,0.00030000046535860747,0.014700000065204222,0.005800000508315861,3.2657000001563574
2549,d329_u10,neutral,train,329,10,always,3,1,1,0,0,0,1,1,0,ok,"{""sentences"": [""I hear you."", ""We can pause here for a moment.""], ""safety"": ""ok""}",1,2176,2.770399999462825,0.0015000005078036338,0.00030000046535860747,0.014600000213249587,0.005500000042957254,2.7982999999949243
2550,d330_u0,neutral,train,330,0,always,3,1,1,0,0,0,1,1,0,ok,"{""sentences"": [""I hear you."", ""We can pause here for a moment.""], ""safety"": ""ok""}",1,2176,2.934600000116916,0.0017000002117129043,0.0002999995558639057,0.013799999578623101,0.005099999725644011,2.962200000183657
2551,d330_u1,neutral,train,330,1,always,3,1,1,0,0,0,1,1,0,ok,"{""sentences"": [""I hear you."", ""We can pause here for a moment.""], ""safety"": ""ok""}",1,2176,3.091599999606842,0.0012000000424450263,0.00030000046535860747,0.014299999747890979,0.0054000001910026185,3.118999999969674
2552,d330_u2,happy,train,330,2,always,3,1,1,0,0,0,1,1,0,ok,"{""sentences"": [""I hear you."", ""We can pause here for a moment.""], ""safety"": ""ok""}",1,2176,2.5757000003068242,0.0013999997463542968,0.0002999995558639057,0.014399999599845614,0.006099999154685065,2.619599999889033
2553,d330_u3,neutral,train,330,3,always,3,1,1,0,0,0,1,1,0,ok,"{""sentences"": [""I hear you."", ""We can pause here for a moment.""], ""safety"": ""ok""}",1,2176,2.614699999867298,0.0012000000424450263,0.0002999995558639057,0.013500000022759195,0.005300000339047983,2.640400000018417
2554,d331_u0,angry,train,331,0,always,3,1,1,0,0,0,1,1,0,ok,"{""sentences"": [""I hear you."", ""We can pause here for a moment.""], ""safety"": ""ok""}",1,2176,3.2436999999845284,0.0013999997463542968,0.0002999995558639057,0.015700000403739978,0.006000000212225132,3.27350000043225
2555,d331_u1,neutral,train,331,1,always,3,1,1,0,0,0,1,1,0,ok,"{""sentences"": [""I hear you."", ""We can pause here for a moment.""], ""safety"": ""ok""}",1,2176,2.6513000002523768,0.001499999598308932,0.00020000061340397224,0.015699999494245276,0.006100000064179767,2.6815999999598716
2556,d331_u2,neutral,train,331,2,always,3,1,1,0,0,0,1,1,0,ok,"{""sentences"": [""I hear you."", ""We can pause here for a moment.""], ""safety"": ""ok""}",1,2176,2.974799999719835,0.0013999997463542968,0.0002999995558639057,0.015700000403739978,0.006100000064179767,3.0043999995541526
2557,d331_u3,neutral,train,331,3,always,3,1,1,0,0,0,1,1,0,ok,"{""sentences"": [""I hear you."", ""We can pause here for a moment.""], ""safety"": ""ok""}",1,2176,3.0837999993309495,0.0013999997463542968,0.00030000046535860747,0.01880000036180718,0.00850000014906982,3.1193000004350324
2558,d331_u4,sad,train,331,4,always,3,1,1,0,0,0,1,1,0,ok,"{""sentences"": [""I hear you."", ""We can pause here for a moment.""], ""safety"": ""ok""}",1,2176,2.963599999930011,0.0012999998943996616,0.00030000046535860747,0.014199999895936344,0.005599999894911889,2.990999999383348
2559,d331_u5,neutral,train,331,5,always,3,1,1,0,0,0,1,1,0,ok,"{""sentences"": [""I hear you."", ""We can pause here for a moment.""], ""safety"": ""ok""}",1,2176,3.2126999994943617,0.0013999997463542968,0.0002999995558639057,0.014600000213249587,0.005700000656361226,3.24090000049182
2560,d331_u6,neutral,train,331,6,always,3,1,1,0,0,0,1,1,0,ok,"{""sentences"": [""I hear you."", ""We can pause here for a moment.""], ""safety"": ""ok""}",1,2176,2.939900000455964,0.0014000006558489986,0.00019999970390927047,0.014100000043981709,0.005500000042957254,2.9668999995919876
2561,d331_u7,neutral,train,331,7,always,3,1,1,0,0,0,1,1,0,ok,"{""sentences"": [""I hear you."", ""We can pause here for a moment.""], ""safety"": ""ok""}",1,2176,3.145099999528611,0.0012999998943996616,0.00030000046535860747,0.014799999917158857,0.005500000042957254,3.173400000378024
2562,d331_u8,happy,train,331,8,always,3,1,1,0,0,0,1,1,0,ok,"{""sentences"": [""I hear you."", ""We can pause here for a moment.""], ""safety"": ""ok""}",1,2176,2.411700000266137,0.0013999997463542968,0.0002999995558639057,0.014299999747890979,0.005099999725644011,2.4386999994021608
2563,d331_u9,happy,train,331,9,always,3,1,1,0,0,0,1,1,0,ok,"{""sentences"": [""I hear you."", ""We can pause here for a moment.""], ""safety"": ""ok""}",1,2176,2.822100000230421,0.0012999998943996616,0.0002999995558639057,0.01739999970595818,0.006300000677583739,2.8531999996630475
2564,d332_u1,neutral,train,332,1,always,3,1,1,0,0,0,1,1,0,ok,"{""sentences"": [""I hear you."", ""We can pause here for a moment.""], ""safety"": ""ok""}",1,2176,2.9388000002654735,0.0012999998943996616,0.00019999970390927047,0.014299999747890979,0.0052999994295532815,2.966500000184169
2565,d332_u2,neutral,train,332,2,always,3,1,1,0,0,0,1,1,0,ok,"{""sentences"": [""I hear you."", ""We can pause here for a moment.""], ""safety"": ""ok""}",1,2176,2.6391000001240172,0.0012999998943996616,0.00020000061340397224,0.014199999895936344,0.005500000042957254,2.6661000001695356
2566,d332_u3,neutral,train,332,3,always,3,1,1,0,0,0,1,1,0,ok,"{""sentences"": [""I hear you."", ""We can pause here for a moment.""], ""safety"": ""ok""}",1,2176,2.829600000040955,0.0012999998943996616,0.0002999995558639057,0.014500000361294951,0.005300000339047983,2.8572999999596504
2567,d332_u4,neutral,train,332,4,always,3,1,1,0,0,0,1,1,0,ok,"{""sentences"": [""I hear you."", ""We can pause here for a moment.""], ""safety"": ""ok""}",1,2176,2.4757999999565072,0.001100000190490391,0.00020000061340397224,0.013500000022759195,0.005099999725644011,2.5015999999595806
2568,d332_u5,happy,train,332,5,always,3,1,1,0,0,0,1,1,0,ok,"{""sentences"": [""I hear you."", ""We can pause here for a moment.""], ""safety"": ""ok""}",1,2176,3.620000000410073,0.0012000000424450263,0.0002999995558639057,0.014000000192027073,0.005300000339047983,3.6466999999902328
2569,d332_u6,neutral,train,332,6,always,3,1,1,0,0,0,1,1,0,ok,"{""sentences"": [""I hear you."", ""We can pause here for a moment.""], ""safety"": ""ok""}",1,2176,2.4327000000994303,0.0013000008038943633,0.00019999970390927047,0.014100000043981709,0.005600000804406591,2.460100000462262
2570,d332_u7,angry,train,332,7,always,3,1,1,0,0,0,1,1,0,ok,"{""sentences"": [""I hear you."", ""We can pause here for a moment.""], ""safety"": ""ok""}",1,2176,3.257399999711197,0.0012999998943996616,0.0002999995558639057,0.013900000340072438,0.004999999873689376,3.2836000000315835
2571,d332_u8,neutral,train,332,8,always,3,1,1,0,0,0,1,1,0,ok,"{""sentences"": [""I hear you."", ""We can pause here for a moment.""], ""safety"": ""ok""}",1,2176,2.7604999995674007,0.0012999998943996616,0.00019999970390927047,0.013900000340072438,0.0054000001910026185,2.787700000226323
2572,d332_u9,neutral,train,332,9,always,3,1,1,0,0,0,1,1,0,ok,"{""sentences"": [""I hear you."", ""We can pause here for a moment.""], ""safety"": ""ok""}",1,2176,2.750700000433426,0.0012000000424450263,0.0002999995558639057,0.013799999578623101,0.005199999577598646,2.776899999844318
2573,d332_u10,neutral,train,332,10,always,3,1,1,0,0,0,1,1,0,ok,"{""sentences"": [""I hear you."", ""We can pause here for a moment.""], ""safety"": ""ok""}",1,2176,2.6707999995778664,0.0012999998943996616,0.00020000061340397224,0.013799999578623101,0.005200000487093348,2.6971999996021623
2574,d332_u12,angry,train,332,12,always,3,1,1,0,0,0,1,1,0,ok,"{""sentences"": [""I hear you."", ""We can pause here for a moment.""], ""safety"": ""ok""}",1,2176,3.2523999998375075,0.0012999998943996616,0.0002999995558639057,0.01359999987471383,0.005300000339047983,3.2785000003059395
2575,d332_u15,neutral,train,332,15,always,3,1,1,0,0,0,1,1,0,ok,"{""sentences"": [""I hear you."", ""We can pause here for a moment.""], ""safety"": ""ok""}",1,2176,2.562499999839929,0.0012000000424450263,0.00020000061340397224,0.013500000022759195,0.005099999725644011,2.5881999999910477
2576,d333_u0,neutral,train,333,0,always,3,1,1,0,0,0,1,1,0,ok,"{""sentences"": [""I hear you."", ""We can pause here for a moment.""], ""safety"": ""ok""}",1,2176,2.7447000002212008,0.0012999998943996616,0.00030000046535860747,0.014200000805431046,0.0054000001910026185,2.771999999822583
2577,d333_u1,neutral,train,333,1,always,3,1,1,0,0,0,1,1,0,ok,"{""sentences"": [""I hear you."", ""We can pause here for a moment.""], ""safety"": ""ok""}",1,2176,2.8327999998509767,0.0012999998943996616,0.00030000046535860747,0.013699999726668466,0.005000000783184078,2.859100000023318
2578,d333_u3,neutral,train,333,3,always,3,1,1,0,0,0,1,1,0,ok,"{""sentences"": [""I hear you."", ""We can pause here for a moment.""], ""safety"": ""ok""}",1,2176,2.7414000005592243,0.0012000000424450263,0.0002999995558639057,0.013899999430577736,0.005199999577598646,2.7680000002874294
2579,d333_u4,neutral,train,333,4,always,3,1,1,0,0,0,1,1,0,ok,"{""sentences"": [""I hear you."", ""We can pause here for a moment.""], ""safety"": ""ok""}",1,2176,2.9845999997633044,0.0012999998943996616,0.0002999995558639057,0.01449999945180025,0.005300000339047983,3.011799999512732
2580,d334_u0,happy,train,334,0,always,3,1,1,0,0,0,1,1,0,ok,"{""sentences"": [""I hear you."", ""We can pause here for a moment.""], ""safety"": ""ok""}",1,2176,2.5161000003208756,0.0012000000424450263,0.0002999995558639057,0.014299999747890979,0.005300000339047983,2.5429999996049446
2581,d334_u1,neutral,train,334,1,always,3,1,1,0,0,0,1,1,0,ok,"{""sentences"": [""I hear you."", ""We can pause here for a moment.""], ""safety"": ""ok""}",1,2176,2.8154000001450186,0.0012000000424450263,0.0002999995558639057,0.014100000043981709,0.005199999577598646,2.842100000634673
2582,d334_u2,sad,train,334,2,always,3,1,1,0,0,0,1,1,0,ok,"{""sentences"": [""I hear you."", ""We can pause here for a moment.""], ""safety"": ""ok""}",1,2176,3.1982000000425614,0.0012999998943996616,0.00030000046535860747,0.013899999430577736,0.005300000339047983,3.2245000002149027
2583,d334_u3,neutral,train,334,3,always,3,1,1,0,0,0,1,1,0,ok,"{""sentences"": [""I hear you."", ""We can pause here for a moment.""], ""safety"": ""ok""}",1,2176,3.2591999997748644,0.0012999998943996616,0.00020000061340397224,0.01449999945180025,0.0054000001910026185,3.2866999999896507
2584,d334_u4,neutral,train,334,4,always,3,1,1,0,0,0,1,1,0,ok,"{""sentences"": [""I hear you."", ""We can pause here for a moment.""], ""safety"": ""ok""}",1,2176,2.3806999997759704,0.0012999998943996616,0.0002999995558639057,0.014399999599845614,0.005500000042957254,2.4082999998427113
2585,d334_u5,neutral,train,334,5,always,3,1,1,0,0,0,1,1,0,ok,"{""sentences"": [""I hear you."", ""We can pause here for a moment.""], ""safety"": ""ok""}",1,2176,2.7394999997341074,0.0012000000424450263,0.00019999970390927047,0.013900000340072438,0.005100000635138713,2.7660000005198526
2586,d334_u6,neutral,train,334,6,always,3,1,1,0,0,0,1,1,0,ok,"{""sentences"": [""I hear you."", ""We can pause here for a moment.""], ""safety"": ""ok""}",1,2176,2.914200000304845,0.0012000000424450263,0.0002999995558639057,0.013899999430577736,0.005100000635138713,2.940399999715737
2587,d334_u7,neutral,train,334,7,always,3,1,1,0,0,0,1,1,0,ok,"{""sentences"": [""I hear you."", ""We can pause here for a moment.""], ""safety"": ""ok""}",1,2176,2.4731000003157533,0.0012999998943996616,0.00020000061340397224,0.014100000043981709,0.005599999894911889,2.500300000065181
2588,d334_u8,neutral,train,334,8,always,3,1,1,0,0,0,1,1,0,ok,"{""sentences"": [""I hear you."", ""We can pause here for a moment.""], ""safety"": ""ok""}",1,2176,2.6235000004817266,0.0012999998943996616,0.00030000046535860747,0.014700000065204222,0.0052999994295532815,2.6513000002523768
2589,d334_u9,neutral,train,334,9,always,3,1,1,0,0,0,1,1,0,ok,"{""sentences"": [""I hear you."", ""We can pause here for a moment.""], ""safety"": ""ok""}",1,2176,2.7302999997118604,0.0012999998943996616,0.00019999970390927047,0.014000000192027073,0.0052999994295532815,2.7569000003495603
2590,d334_u10,neutral,train,334,10,always,3,1,1,0,0,0,1,1,0,ok,"{""sentences"": [""I hear you."", ""We can pause here for a moment.""], ""safety"": ""ok""}",1,2176,2.5458999998591025,0.0012999998943996616,0.00020000061340397224,0.014399999599845614,0.005300000339047983,2.57309999960853
2591,d334_u11,neutral,train,334,11,always,3,1,1,0,0,0,1,1,0,ok,"{""sentences"": [""I hear you."", ""We can pause here for a moment.""], ""safety"": ""ok""}",1,2176,3.4023999996861676,0.0013999997463542968,0.00020000061340397224,0.013799999578623101,0.005200000487093348,3.428699999858509
2592,d334_u12,neutral,train,334,12,always,3,1,1,0,0,0,1,1,0,ok,"{""sentences"": [""I hear you."", ""We can pause here for a moment.""], ""safety"": ""ok""}",1,2176,2.475600000252598,0.0013000008038943633,0.00019999970390927047,0.014199999895936344,0.0052999994295532815,2.5028000000020256
2593,d335_u0,neutral,train,335,0,always,3,1,1,0,0,0,1,1,0,ok,"{""sentences"": [""I hear you."", ""We can pause here for a moment.""], ""safety"": ""ok""}",1,2176,2.823299999363371,0.0012000000424450263,0.00030000046535860747,0.014299999747890979,0.0054000001910026185,2.850400000170339
2594,d335_u1,happy,train,335,1,always,3,1,1,0,0,0,1,1,0,ok,"{""sentences"": [""I hear you."", ""We can pause here for a moment.""], ""safety"": ""ok""}",1,2176,3.003499999977066,0.0012000000424450263,0.00020000061340397224,0.013100000614940654,0.005099999725644011,3.028699999958917
2595,d335_u2,neutral,train,335,2,always,3,1,1,0,0,0,1,1,0,ok,"{""sentences"": [""I hear you."", ""We can pause here for a moment.""], ""safety"": ""ok""}",1,2176,3.084599999965576,0.0012999998943996616,0.00030000046535860747,0.013899999430577736,0.005200000487093348,3.111199999693781
2596,d335_u3,neutral,train,335,3,always,3,1,1,0,0,0,1,1,0,ok,"{""sentences"": [""I hear you."", ""We can pause here for a moment.""], ""safety"": ""ok""}",1,2176,2.7221000000281492,0.0012999998943996616,0.0002999995558639057,0.013799999578623101,0.005200000487093348,2.7485999999043997
2597,d336_u1,happy,train,336,1,always,3,1,1,0,0,0,1,1,0,ok,"{""sentences"": [""I hear you."", ""We can pause here for a moment.""], ""safety"": ""ok""}",1,2176,2.5676999994175276,0.0012000000424450263,0.0002999995558639057,0.01359999987471383,0.005000000783184078,2.593400000478141
2598,d336_u2,neutral,train,336,2,always,3,1,1,0,0,0,1,1,0,ok,"{""sentences"": [""I hear you."", ""We can pause here for a moment.""], ""safety"": ""ok""}",1,2176,2.8793000001314795,0.001100000190490391,0.0002999995558639057,0.013900000340072438,0.005199999577598646,2.9056999992462806
2599,d336_u3,neutral,train,336,3,always,3,1,1,0,0,0,1,1,0,ok,"{""sentences"": [""I hear you."", ""We can pause here for a moment.""], ""safety"": ""ok""}",1,2176,2.839200000380515,0.0013999997463542968,0.00030000046535860747,0.030399999559449498,0.005200000487093348,2.8824999999415013
2600,d336_u6,sad,train,336,6,always,3,1,1,0,0,0,1,1,0,ok,"{""sentences"": [""I hear you."", ""We can pause here for a moment.""], ""safety"": ""ok""}",1,2176,3.2378999994762125,0.001100000190490391,0.00019999970390927047,0.01340000017080456,0.005099999725644011,3.2633000000714674
2601,d336_u7,angry,train,336,7,always,3,1,1,0,0,0,1,1,0,ok,"{""sentences"": [""I hear you."", ""We can pause here for a moment.""], ""safety"": ""ok""}",1,2176,2.5311999997938983,0.0012999998943996616,0.00030000046535860747,0.013800000488117803,0.005099999725644011,2.557599999818194
2602,d336_u9,sad,train,336,9,always,3,1,1,0,0,0,1,1,0,ok,"{""sentences"": [""I hear you."", ""We can pause here for a moment.""], ""safety"": ""ok""}",1,2176,2.3602999999638996,0.001100000190490391,0.00030000046535860747,0.013600000784208532,0.004900000021734741,2.3856999996496597
2603,d336_u11,sad,train,336,11,always,3,1,1,0,0,0,1,1,0,ok,"{""sentences"": [""I hear you."", ""We can pause here for a moment.""], ""safety"": ""ok""}",1,2176,2.7544000004127156,0.001100000190490391,0.00019999970390927047,0.013300000318849925,0.004999999873689376,2.7793999997811625
2604,d336_u12,neutral,train,336,12,always,3,1,1,0,0,0,1,1,0,ok,"{""sentences"": [""I hear you."", ""We can pause here for a moment.""], ""safety"": ""ok""}",1,2176,2.8431999999156687,0.0013999997463542968,0.00030000046535860747,0.014000000192027073,0.005099999725644011,2.8696999997919193
2605,d336_u15,happy,train,336,15,always,3,1,1,0,0,0,1,1,0,ok,"{""sentences"": [""I hear you."", ""We can pause here for a moment.""], ""safety"": ""ok""}",1,2176,2.9840000006515766,0.0012000000424450263,0.00019999970390927047,0.013500000022759195,0.005300000339047983,3.009799999745155
2606,d336_u16,happy,train,336,16,always,3,1,1,0,0,0,1,1,0,ok,"{""sentences"": [""I hear you."", ""We can pause here for a moment.""], ""safety"": ""ok""}",1,2176,2.9461000003720983,0.0013999997463542968,0.00020000061340397224,0.014200000805431046,0.0054000001910026185,2.973300000121526
2607,d336_u17,happy,train,336,17,always,3,1,1,0,0,0,1,1,0,ok,"{""sentences"": [""I hear you."", ""We can pause here for a moment.""], ""safety"": ""ok""}",1,2176,3.131999999823165,0.0012000000424450263,0.00019999970390927047,0.014899999769113492,0.005300000339047983,3.1596999997418607
2608,d336_u18,happy,train,336,18,always,3,1,1,0,0,0,1,1,0,ok,"{""sentences"": [""I hear you."", ""We can pause here for a moment.""], ""safety"": ""ok""}",1,2176,3.133299999717565,0.0012000000424450263,0.00019999970390927047,0.01430000065738568,0.0054000001910026185,3.1607000000803964
2609,d336_u19,neutral,train,336,19,always,3,1,1,0,0,0,1,1,0,ok,"{""sentences"": [""I hear you."", ""We can pause here for a moment.""], ""safety"": ""ok""}",1,2176,2.454800000123214,0.0012999998943996616,0.00019999970390927047,0.014000000192027073,0.005300000339047983,2.4815000006128685
2610,d336_u21,happy,train,336,21,always,3,1,1,0,0,0,1,1,0,ok,"{""sentences"": [""I hear you."", ""We can pause here for a moment.""], ""safety"": ""ok""}",1,2176,2.608699999655073,0.0012000000424450263,0.0002999995558639057,0.013699999726668466,0.005199999577598646,2.634800000123505
2611,d337_u0,neutral,train,337,0,always,3,1,1,0,0,0,1,1,0,ok,"{""sentences"": [""I hear you."", ""We can pause here for a moment.""], ""safety"": ""ok""}",1,2176,2.6028000002042972,0.0012000000424450263,0.00030000046535860747,0.014400000509340316,0.0054000001910026185,2.6299000001017703
2612,d337_u2,neutral,train,337,2,always,3,1,1,0,0,0,1,1,0,ok,"{""sentences"": [""I hear you."", ""We can pause here for a moment.""], ""safety"": ""ok""}",1,2176,2.7341000004525995,0.0014000006558489986,0.00019999970390927047,0.014999999621068127,0.005199999577598646,2.7616999996098457
2613,d337_u4,happy,train,337,4,always,3,1,1,0,0,0,1,1,0,ok,"{""sentences"": [""I hear you."", ""We can pause here for a moment.""], ""safety"": ""ok""}",1,2176,3.0574000002161483,0.0012999998943996616,0.0002999995558639057,0.014199999895936344,0.005199999577598646,3.084100000705803
2614,d337_u5,happy,train,337,5,always,3,1,1,0,0,0,1,1,0,ok,"{""sentences"": [""I hear you."", ""We can pause here for a moment.""], ""safety"": ""ok""}",1,2176,2.6998999992429162,0.0012000000424450263,0.00019999970390927047,0.013699999726668466,0.005099999725644011,2.7261000004727975
2615,d337_u6,sad,train,337,6,always,3,1,1,0,0,0,1,1,0,ok,"{""sentences"": [""I hear you."", ""We can pause here for a moment.""], ""safety"": ""ok""}",1,2176,2.7667999993354897,0.0012999998943996616,0.0002999995558639057,0.013099999705445953,0.005399999281507917,2.792399999634654
2616,d337_u8,neutral,train,337,8,always,3,1,1,0,0,0,1,1,0,ok,"{""sentences"": [""I hear you."", ""We can pause here for a moment.""], ""safety"": ""ok""}",1,2176,3.0946000006224494,0.0012000000424450263,0.00019999970390927047,0.01340000017080456,0.004999999873689376,3.1197999996948056
2617,d337_u10,neutral,train,337,10,always,3,1,1,0,0,0,1,1,0,ok,"{""sentences"": [""I hear you."", ""We can pause here for a moment.""], ""safety"": ""ok""}",1,2176,2.7282999999442836,0.001100000190490391,0.00019999970390927047,0.01249999968422344,0.004499999704421498,2.7516000000105123
2618,d337_u11,neutral,train,337,11,always,3,1,1,0,0,0,1,1,0,ok,"{""sentences"": [""I hear you."", ""We can pause here for a moment.""], ""safety"": ""ok""}",1,2176,2.7689000007740106,0.0012000000424450263,0.0002999995558639057,0.014700000065204222,0.0054000001910026185,2.7965999997832114
2619,d337_u12,neutral,train,337,12,always,3,1,1,0,0,0,1,1,0,ok,"{""sentences"": [""I hear you."", ""We can pause here for a moment.""], ""safety"": ""ok""}",1,2176,2.7075999996668543,0.0013999997463542968,0.0002999995558639057,0.01720000000204891,0.006900000698806252,2.7393999998821528
2620,d337_u13,neutral,train,337,13,always,3,1,1,0,0,0,1,1,0,ok,"{""sentences"": [""I hear you."", ""We can pause here for a moment.""], ""safety"": ""ok""}",1,2176,3.3743000003596535,0.0012000000424450263,0.00019999970390927047,0.013699999726668466,0.005100000635138713,3.4005999996225
2621,d337_u15,sad,train,337,15,always,3,1,1,0,0,0,1,1,0,ok,"{""sentences"": [""I hear you."", ""We can pause here for a moment.""], ""safety"": ""ok""}",1,2176,2.5350999994770973,0.0012000000424450263,0.00020000061340397224,0.014299999747890979,0.005099999725644011,2.5620000005801558
2622,d337_u17,neutral,train,337,17,always,3,1,1,0,0,0,1,1,0,ok,"{""sentences"": [""I hear you."", ""We can pause here for a moment.""], ""safety"": ""ok""}",1,2176,3.2087999998111627,0.0012000000424450263,0.00030000046535860747,0.013699999726668466,0.004999999873689376,3.2347000005756854
2623,d337_u18,angry,train,337,18,always,3,1,1,0,0,0,1,1,0,ok,"{""sentences"": [""I hear you."", ""We can pause here for a moment.""], ""safety"": ""ok""}",1,2176,3.1464000003325054,0.0012000000424450263,0.00019999970390927047,0.014600000213249587,0.0054000001910026185,3.1740999993417063
2624,d337_u19,neutral,train,337,19,always,3,1,1,0,0,0,1,1,0,ok,"{""sentences"": [""I hear you."", ""We can pause here for a moment.""], ""safety"": ""ok""}",1,2176,2.609499999380205,0.0012000000424450263,0.0002999995558639057,0.013500000022759195,0.005200000487093348,2.6354000001447275
2625,d338_u0,neutral,train,338,0,always,3,1,1,0,0,0,1,1,0,ok,"{""sentences"": [""I hear you."", ""We can pause here for a moment.""], ""safety"": ""ok""}",1,2176,2.2625999999945634,0.0012000000424450263,0.00019999970390927047,0.013900000340072438,0.005199999577598646,2.2890000000188593
2626,d338_u1,happy,train,338,1,always,3,1,1,0,0,0,1,1,0,ok,"{""sentences"": [""I hear you."", ""We can pause here for a moment.""], ""safety"": ""ok""}",1,2176,2.438299999994342,0.001100000190490391,0.00019999970390927047,0.013300000318849925,0.022000000171829015,2.4806000001262873
2627,d338_u2,neutral,train,338,2,always,3,1,1,0,0,0,1,1,0,ok,"{""sentences"": [""I hear you."", ""We can pause here for a moment.""], ""safety"": ""ok""}",1,2176,2.9114999997545965,0.0014000006558489986,0.00030000046535860747,0.01449999945180025,0.0054000001910026185,2.939100000730832
2628,d338_u4,happy,train,338,4,always,3,1,1,0,0,0,1,1,0,ok,"{""sentences"": [""I hear you."", ""We can pause here for a moment.""], ""safety"": ""ok""}",1,2176,2.655699999195349,0.0012000000424450263,0.00030000046535860747,0.014099999134487007,0.005099999725644011,2.682299999833049
2629,d338_u5,neutral,train,338,5,always,3,1,1,0,0,0,1,1,0,ok,"{""sentences"": [""I hear you."", ""We can pause here for a moment.""], ""safety"": ""ok""}",1,2176,3.294600000117498,0.0012999998943996616,0.00019999970390927047,0.013500000022759195,0.004900000021734741,3.3201999995071674
2630,d338_u6,neutral,train,338,6,always,3,1,1,0,0,0,1,1,0,ok,"{""sentences"": [""I hear you."", ""We can pause here for a moment.""], ""safety"": ""ok""}",1,2176,2.816799999891373,0.0012999998943996616,0.00019999970390927047,0.014399999599845614,0.005200000487093348,2.8437999999368913
2631,d338_u7,neutral,train,338,7,always,3,1,1,0,0,0,1,1,0,ok,"{""sentences"": [""I hear you."", ""We can pause here for a moment.""], ""safety"": ""ok""}",1,2176,2.8277999999772874,0.0012999998943996616,0.00019999970390927047,0.014000000192027073,0.005100000635138713,2.854500000466942
2632,d338_u8,happy,train,338,8,always,3,1,1,0,0,0,1,1,0,ok,"{""sentences"": [""I hear you."", ""We can pause here for a moment.""], ""safety"": ""ok""}",1,2176,2.3369000000457163,0.0012000000424450263,0.00020000061340397224,0.014100000043981709,0.005399999281507917,2.36380000023928
2633,d338_u9,neutral,train,338,9,always,3,1,1,0,0,0,1,1,0,ok,"{""sentences"": [""I hear you."", ""We can pause here for a moment.""], ""safety"": ""ok""}",1,2176,2.8299000005063135,0.0012999998943996616,0.00019999970390927047,0.013500000022759195,0.005100000635138713,2.856000000065251
2634,d338_u10,neutral,train,338,10,always,3,1,1,0,0,0,1,1,0,ok,"{""sentences"": [""I hear you."", ""We can pause here for a moment.""], ""safety"": ""ok""}",1,2176,2.8993999994781916,0.0012000000424450263,0.00019999970390927047,0.013900000340072438,0.004900000021734741,2.925199999481265
2635,d338_u11,neutral,train,338,11,always,3,1,1,0,0,0,1,1,0,ok,"{""sentences"": [""I hear you."", ""We can pause here for a moment.""], ""safety"": ""ok""}",1,2176,2.707600000576349,0.0012999998943996616,0.00030000046535860747,0.013199999557400588,0.005000000783184078,2.7331000001140637
2636,d338_u12,neutral,train,338,12,always,3,1,1,0,0,0,1,1,0,ok,"{""sentences"": [""I hear you."", ""We can pause here for a moment.""], ""safety"": ""ok""}",1,2176,3.352400000039779,0.0012000000424450263,0.00019999970390927047,0.014299999747890979,0.005200000487093348,3.3796999996411614
2637,d338_u13,neutral,train,338,13,always,3,1,1,0,0,0,1,1,0,ok,"{""sentences"": [""I hear you."", ""We can pause here for a moment.""], ""safety"": ""ok""}",1,2176,2.6786000007632538,0.0012999998943996616,0.0002999995558639057,0.01359999987471383,0.005099999725644011,2.7043999998568324
2638,d338_u14,neutral,train,338,14,always,3,1,1,0,0,0,1,1,0,ok,"{""sentences"": [""I hear you."", ""We can pause here for a moment.""], ""safety"": ""ok""}",1,2176,2.3663000001761247,0.0012000000424450263,0.015700000403739978,0.014599999303754885,0.005399999281507917,2.409300000181247
2639,d338_u15,neutral,train,338,15,always,3,1,1,0,0,0,1,1,0,ok,"{""sentences"": [""I hear you."", ""We can pause here for a moment.""], ""safety"": ""ok""}",1,2176,2.9392000005827867,0.0012000000424450263,0.0002999995558639057,0.014299999747890979,0.0052999994295532815,2.9663999994227197
2640,d338_u16,neutral,train,338,16,always,3,1,1,0,0,0,1,1,0,ok,"{""sentences"": [""I hear you."", ""We can pause here for a moment.""], ""safety"": ""ok""}",1,2176,3.0152999997881125,0.0012999998943996616,0.00030000046535860747,0.01340000017080456,0.004999999873689376,3.0406000005314127
2641,d339_u0,neutral,train,339,0,always,3,1,1,0,0,0,1,1,0,ok,"{""sentences"": [""I hear you."", ""We can pause here for a moment.""], ""safety"": ""ok""}",1,2176,2.4640999999974156,0.0012999998943996616,0.0002999995558639057,0.013199999557400588,0.004900000021734741,2.4887999998099986
2642,d339_u1,neutral,train,339,1,always,3,1,1,0,0,0,1,1,0,ok,"{""sentences"": [""I hear you."", ""We can pause here for a moment.""], ""safety"": ""ok""}",1,2176,3.085100000134844,0.0012999998943996616,0.0002999995558639057,0.014400000509340316,0.0054000001910026185,3.1127000002015848
2643,d339_u3,angry,train,339,3,always,3,1,1,0,0,0,1,1,0,ok,"{""sentences"": [""I hear you."", ""We can pause here for a moment.""], ""safety"": ""ok""}",1,2176,3.034299999853829,0.0012000000424450263,0.00020000061340397224,0.014500000361294951,0.005500000042957254,3.061399999751302
2644,d339_u4,happy,train,339,4,always,3,1,1,0,0,0,1,1,0,ok,"{""sentences"": [""I hear you."", ""We can pause here for a moment.""], ""safety"": ""ok""}",1,2176,2.693899999940186,0.0012000000424450263,0.00030000046535860747,0.014400000509340316,0.0054000001910026185,2.720899999985704
2645,d340_u0,neutral,train,340,0,always,3,1,1,0,0,0,1,1,0,ok,"{""sentences"": [""I hear you."", ""We can pause here for a moment.""], ""safety"": ""ok""}",1,2176,3.283699999883538,0.0012999998943996616,0.00030000046535860747,0.030100000003585592,0.005099999725644011,3.3264999992752564
2646,d341_u0,neutral,train,341,0,always,3,1,1,0,0,0,1,1,0,ok,"{""sentences"": [""I hear you."", ""We can pause here for a moment.""], ""safety"": ""ok""}",1,2176,2.979300000333751,0.0012000000424450263,0.00030000046535860747,0.013700000636163168,0.004999999873689376,3.0051000003368245
2647,d342_u0,neutral,train,342,0,always,3,1,1,0,0,0,1,1,0,ok,"{""sentences"": [""I hear you."", ""We can pause here for a moment.""], ""safety"": ""ok""}",1,2176,3.0263000007835217,0.0014000006558489986,0.00030000046535860747,0.01449999945180025,0.005500000042957254,3.054099999644677
2648,d342_u1,neutral,train,342,1,always,3,1,1,0,0,0,1,1,0,ok,"{""sentences"": [""I hear you."", ""We can pause here for a moment.""], ""safety"": ""ok""}",1,2176,2.6566999995338847,0.0013999997463542968,0.00019999970390927047,0.014299999747890979,0.005200000487093348,2.6838000003408524
2649,d342_u2,neutral,train,342,2,always,3,1,1,0,0,0,1,1,0,ok,"{""sentences"": [""I hear you."", ""We can pause here for a moment.""], ""safety"": ""ok""}",1,2176,3.2027999995989376,0.0012999998943996616,0.0002999995558639057,0.02989999939018162,0.005099999725644011,3.244999999878928
2650,d342_u3,neutral,train,342,3,always,3,1,1,0,0,0,1,1,0,ok,"{""sentences"": [""I hear you."", ""We can pause here for a moment.""], ""safety"": ""ok""}",1,2176,2.733299999817973,0.0012000000424450263,0.00019999970390927047,0.014000000192027073,0.0054000001910026185,2.7600000003076275
2651,d342_u4,neutral,train,342,4,always,3,1,1,0,0,0,1,1,0,ok,"{""sentences"": [""I hear you."", ""We can pause here for a moment.""], ""safety"": ""ok""}",1,2176,2.93110000075103,0.0012999998943996616,0.00030000046535860747,0.013500000022759195,0.004999999873689376,2.956799999992654
2652,d342_u5,happy,train,342,5,always,3,1,1,0,0,0,1,1,0,ok,"{""sentences"": [""I hear you."", ""We can pause here for a moment.""], ""safety"": ""ok""}",1,2176,2.7285000005576876,0.0012999998943996616,0.00019999970390927047,0.013500000022759195,0.005100000635138713,2.754099999947357
2653,d342_u6,angry,train,342,6,always,3,1,1,0,0,0,1,1,0,ok,"{""sentences"": [""I hear you."", ""We can pause here for a moment.""], ""safety"": ""ok""}",1,2176,2.7206000004298403,0.0012999998943996616,0.00030000046535860747,0.013700000636163168,0.0052999994295532815,2.747100000306091
2654,d342_u7,happy,train,342,7,always,3,1,1,0,0,0,1,1,0,ok,"{""sentences"": [""I hear you."", ""We can pause here for a moment.""], ""safety"": ""ok""}",1,2176,2.798800000164192,0.0013999997463542968,0.00020000061340397224,0.014600000213249587,0.005200000487093348,2.826699999786797
2655,d342_u8,neutral,train,342,8,always,3,1,1,0,0,0,1,1,0,ok,"{""sentences"": [""I hear you."", ""We can pause here for a moment.""], ""safety"": ""ok""}",1,2176,2.7864000003319234,0.0013000008038943633,0.0002999995558639057,0.014100000043981709,0.005300000339047983,2.813099999912083
2656,d342_u9,neutral,train,342,9,always,3,1,1,0,0,0,1,1,0,ok,"{""sentences"": [""I hear you."", ""We can pause here for a moment.""], ""safety"": ""ok""}",1,2176,2.5458999998591025,0.0012999998943996616,0.00030000046535860747,0.030500000320898835,0.005300000339047983,2.5887000001603155
2657,d342_u10,angry,train,342,10,always,3,1,1,0,0,0,1,1,0,ok,"{""sentences"": [""I hear you."", ""We can pause here for a moment.""], ""safety"": ""ok""}",1,2176,3.1696999994892394,0.001100000190490391,0.00030000046535860747,0.013800000488117803,0.005099999725644011,3.1959000007191207
2658,d342_u11,neutral,train,342,11,always,3,1,1,0,0,0,1,1,0,ok,"{""sentences"": [""I hear you."", ""We can pause here for a moment.""], ""safety"": ""ok""}",1,2176,2.7285999995001475,0.0012999998943996616,0.00030000046535860747,0.014400000509340316,0.0054000001910026185,2.7563000003283378
2659,d342_u12,neutral,train,342,12,always,3,1,1,0,0,0,1,1,0,ok,"{""sentences"": [""I hear you."", ""We can pause here for a moment.""], ""safety"": ""ok""}",1,2176,2.905000000282598,0.0012999998943996616,0.00020000061340397224,0.014199999895936344,0.005200000487093348,2.9317999997147126
2660,d342_u13,angry,train,342,13,always,3,1,1,0,0,0,1,1,0,ok,"{""sentences"": [""I hear you."", ""We can pause here for a moment.""], ""safety"": ""ok""}",1,2176,2.56100000024162,0.0012000000424450263,0.00030000046535860747,0.013300000318849925,0.004800000169780105,2.5858999997581122
2661,d342_u14,neutral,train,342,14,always,3,1,1,0,0,0,1,1,0,ok,"{""sentences"": [""I hear you."", ""We can pause here for a moment.""], ""safety"": ""ok""}",1,2176,2.763800000138872,0.0012999998943996616,0.00020000061340397224,0.013799999578623101,0.005200000487093348,2.789899999697809
2662,d342_u15,happy,train,342,15,always,3,1,1,0,0,0,1,1,0,ok,"{""sentences"": [""I hear you."", ""We can pause here for a moment.""], ""safety"": ""ok""}",1,2176,3.118499999800406,0.0012000000424450263,0.0002999995558639057,0.014399999599845614,0.005599999894911889,3.146099999867147
2663,d342_u17,happy,train,342,17,always,3,1,1,0,0,0,1,1,0,ok,"{""sentences"": [""I hear you."", ""We can pause here for a moment.""], ""safety"": ""ok""}",1,2176,2.8219000005265116,0.0011999991329503246,0.0002999995558639057,0.01359999987471383,0.005100000635138713,2.8478000003815396
2664,d342_u18,neutral,train,342,18,always,3,1,1,0,0,0,1,1,0,ok,"{""sentences"": [""I hear you."", ""We can pause here for a moment.""], ""safety"": ""ok""}",1,2176,2.701100000194856,0.0012000000424450263,0.00020000061340397224,0.014199999895936344,0.005100000635138713,2.7276000000711065
2665,d342_u19,neutral,train,342,19,always,3,1,1,0,0,0,1,1,0,ok,"{""sentences"": [""I hear you."", ""We can pause here for a moment.""], ""safety"": ""ok""}",1,2176,2.466899999490124,0.0016999993022182025,0.0004000003173132427,0.014500000361294951,0.005599999894911889,2.496499999324442
2666,d344_u0,happy,train,344,0,always,3,1,1,0,0,0,1,1,0,ok,"{""sentences"": [""I hear you."", ""We can pause here for a moment.""], ""safety"": ""ok""}",1,2176,2.4155000000973814,0.001100000190490391,0.0002999995558639057,0.014299999747890979,0.0054000001910026185,2.4425999999948544
2667,d344_u1,neutral,train,344,1,always,3,1,1,0,0,0,1,1,0,ok,"{""sentences"": [""I hear you."", ""We can pause here for a moment.""], ""safety"": ""ok""}",1,2176,3.1185999996523606,0.0012000000424450263,0.00020000061340397224,0.013199999557400588,0.005099999725644011,3.143699999782257
2668,d344_u2,neutral,train,344,2,always,3,1,1,0,0,0,1,1,0,ok,"{""sentences"": [""I hear you."", ""We can pause here for a moment.""], ""safety"": ""ok""}",1,2176,2.788699999655364,0.0012000000424450263,0.0002999995558639057,0.014199999895936344,0.005200000487093348,2.8154000001450186
2669,d344_u3,neutral,train,344,3,always,3,1,1,0,0,0,1,1,0,ok,"{""sentences"": [""I hear you."", ""We can pause here for a moment.""], ""safety"": ""ok""}",1,2176,2.6920999998765183,0.0012999998943996616,0.0002999995558639057,0.01449999945180025,0.005199999577598646,2.7193999994779006
2670,d344_u6,happy,train,344,6,always,3,1,1,0,0,0,1,1,0,ok,"{""sentences"": [""I hear you."", ""We can pause here for a moment.""], ""safety"": ""ok""}",1,2176,3.0898000004526693,0.0012000000424450263,0.0002999995558639057,0.014100000043981709,0.005199999577598646,3.116099999715516
2671,d344_u7,happy,train,344,7,always,3,1,1,0,0,0,1,1,0,ok,"{""sentences"": [""I hear you."", ""We can pause here for a moment.""], ""safety"": ""ok""}",1,2176,2.7750999997806503,0.0013000008038943633,0.0002999995558639057,0.014199999895936344,0.005200000487093348,2.801999999974214
2672,d344_u9,neutral,train,344,9,always,3,1,1,0,0,0,1,1,0,ok,"{""sentences"": [""I hear you."", ""We can pause here for a moment.""], ""safety"": ""ok""}",1,2176,3.0336999998326064,0.0012000000424450263,0.00019999970390927047,0.013799999578623101,0.005300000339047983,3.0600999998569023
2673,d344_u11,happy,train,344,11,always,3,1,1,0,0,0,1,1,0,ok,"{""sentences"": [""I hear you."", ""We can pause here for a moment.""], ""safety"": ""ok""}",1,2176,2.867299999707029,0.0012000000424450263,0.00030000046535860747,0.014100000043981709,0.005500000042957254,2.8957000004083966
2674,d344_u12,happy,train,344,12,always,3,1,1,0,0,0,1,1,0,ok,"{""sentences"": [""I hear you."", ""We can pause here for a moment.""], ""safety"": ""ok""}",1,2176,2.315900000212423,0.0012000000424450263,0.00020000061340397224,0.013799999578623101,0.005099999725644011,2.3419999997713603
2675,d344_u13,neutral,train,344,13,always,3,1,1,0,0,0,1,1,0,ok,"{""sentences"": [""I hear you."", ""We can pause here for a moment.""], ""safety"": ""ok""}",1,2176,2.806800000143994,0.0012999998943996616,0.0002999995558639057,0.014399999599845614,0.005600000804406591,2.8345000000626897
2676,d345_u0,neutral,train,345,0,always,3,1,1,0,0,0,1,1,0,ok,"{""sentences"": [""I hear you."", ""We can pause here for a moment.""], ""safety"": ""ok""}",1,2176,2.440000000206055,0.0012999998943996616,0.0002999995558639057,0.014100000043981709,0.005200000487093348,2.4665999999342603
2677,d345_u1,neutral,train,345,1,always,3,1,1,0,0,0,1,1,0,ok,"{""sentences"": [""I hear you."", ""We can pause here for a moment.""], ""safety"": ""ok""}",1,2176,3.0353000001923647,0.0011999991329503246,0.0002999995558639057,0.013900000340072438,0.0054000001910026185,3.0619999997725245
2678,d345_u2,happy,train,345,2,always,3,1,1,0,0,0,1,1,0,ok,"{""sentences"": [""I hear you."", ""We can pause here for a moment.""], ""safety"": ""ok""}",1,2176,3.0307999995784485,0.0012999998943996616,0.00030000046535860747,0.01359999987471383,0.005200000487093348,3.056800000194926
2679,d345_u3,neutral,train,345,3,always,3,1,1,0,0,0,1,1,0,ok,"{""sentences"": [""I hear you."", ""We can pause here for a moment.""], ""safety"": ""ok""}",1,2176,2.864400000362366,0.0012999998943996616,0.0002999995558639057,0.013900000340072438,0.005099999725644011,2.890799999477167
2680,d345_u4,happy,train,345,4,always,3,1,1,0,0,0,1,1,0,ok,"{""sentences"": [""I hear you."", ""We can pause here for a moment.""], ""safety"": ""ok""}",1,2176,3.209600000445789,0.0012999998943996616,0.0002999995558639057,0.014100000043981709,0.005300000339047983,3.2363999998779036
2681,d346_u0,happy,train,346,0,always,3,1,1,0,0,0,1,1,0,ok,"{""sentences"": [""I hear you."", ""We can pause here for a moment.""], ""safety"": ""ok""}",1,2176,2.766699999483535,0.0012999998943996616,0.00019999970390927047,0.030100000003585592,0.0052999994295532815,2.809400000842288
2682,d346_u3,neutral,train,346,3,always,3,1,1,0,0,0,1,1,0,ok,"{""sentences"": [""I hear you."", ""We can pause here for a moment.""], ""safety"": ""ok""}",1,2176,2.7680000002874294,0.0013000008038943633,0.00030000046535860747,0.014400000509340316,0.005199999577598646,2.795200000036857
2683,d346_u4,neutral,train,346,4,always,3,1,1,0,0,0,1,1,0,ok,"{""sentences"": [""I hear you."", ""We can pause here for a moment.""], ""safety"": ""ok""}",1,2176,3.0803999998170184,0.0012000000424450263,0.00030000046535860747,0.013900000340072438,0.0054000001910026185,3.107300000010582
2684,d346_u6,neutral,train,346,6,always,3,1,1,0,0,0,1,1,0,ok,"{""sentences"": [""I hear you."", ""We can pause here for a moment.""], ""safety"": ""ok""}",1,2176,2.499600000192004,0.0012999998943996616,0.00030000046535860747,0.014100000043981709,0.005099999725644011,2.526199999920209
2685,d347_u0,sad,train,347,0,always,3,1,1,0,0,0,1,1,0,ok,"{""sentences"": [""I hear you."", ""We can pause here for a moment.""], ""safety"": ""ok""}",1,2176,2.7520000003278255,0.0012999998943996616,0.00019999970390927047,0.03060000017285347,0.005300000339047983,2.7953999997407664
2686,d347_u1,neutral,train,347,1,always,3,1,1,0,0,0,1,1,0,ok,"{""sentences"": [""I hear you."", ""We can pause here for a moment.""], ""safety"": ""ok""}",1,2176,3.4178999994765036,0.0012999998943996616,0.00030000046535860747,0.014100000043981709,0.005300000339047983,3.444599999966158
2687,d347_u3,neutral,train,347,3,always,3,1,1,0,0,0,1,1,0,ok,"{""sentences"": [""I hear you."", ""We can pause here for a moment.""], ""safety"": ""ok""}",1,2176,2.752399999735644,0.001100000190490391,0.00020000061340397224,0.01340000017080456,0.004999999873689376,2.777300000161631
2688,d347_u4,sad,train,347,4,always,3,1,1,0,0,0,1,1,0,ok,"{""sentences"": [""I hear you."", ""We can pause here for a moment.""], ""safety"": ""ok""}",1,2176,2.8099000001020613,0.0012000000424450263,0.00030000046535860747,0.013700000636163168,0.005099999725644011,2.8354999994917307
2689,d347_u5,neutral,train,347,5,always,3,1,1,0,0,0,1,1,0,ok,"{""sentences"": [""I hear you."", ""We can pause here for a moment.""], ""safety"": ""ok""}",1,2176,2.7501000004122034,0.0014000006558489986,0.0002999995558639057,0.014600000213249587,0.005300000339047983,2.7776999995694496
2690,d347_u7,sad,train,347,7,always,3,1,1,0,0,0,1,1,0,ok,"{""sentences"": [""I hear you."", ""We can pause here for a moment.""], ""safety"": ""ok""}",1,2176,2.8081000000383938,0.0012000000424450263,0.0002999995558639057,0.014000000192027073,0.0052999994295532815,2.834699999766599
2691,d347_u9,sad,train,347,9,always,3,1,1,0,0,0,1,1,0,ok,"{""sentences"": [""I hear you."", ""We can pause here for a moment.""], ""safety"": ""ok""}",1,2176,3.150399999867659,0.0012000000424450263,0.0002999995558639057,0.01359999987471383,0.005199999577598646,3.1766000001880457
2692,d347_u10,sad,train,347,10,always,3,1,1,0,0,0,1,1,0,ok,"{""sentences"": [""I hear you."", ""We can pause here for a moment.""], ""safety"": ""ok""}",1,2176,2.315900000212423,0.0012999998943996616,0.0002999995558639057,0.014399999599845614,0.0052999994295532815,2.3430999999618507
2693,d347_u11,neutral,train,347,11,always,3,1,1,0,0,0,1,1,0,ok,"{""sentences"": [""I hear you."", ""We can pause here for a moment.""], ""safety"": ""ok""}",1,2176,2.941300000202318,0.0012000000424450263,0.00019999970390927047,0.014400000509340316,0.005199999577598646,2.968299999338342
2694,d348_u0,happy,train,348,0,always,3,1,1,0,0,0,1,1,0,ok,"{""sentences"": [""I hear you."", ""We can pause here for a moment.""], ""safety"": ""ok""}",1,2176,3.122799999800918,0.0012000000424450263,0.00030000046535860747,0.01430000065738568,0.0052999994295532815,3.149699999994482
2695,d348_u1,happy,train,348,1,always,3,1,1,0,0,0,1,1,0,ok,"{""sentences"": [""I hear you."", ""We can pause here for a moment.""], ""safety"": ""ok""}",1,2176,3.18280000010418,0.0012000000424450263,0.00019999970390927047,0.01359999987471383,0.005200000487093348,3.2086000001072534
2696,d348_u2,happy,train,348,2,always,3,1,1,0,0,0,1,1,0,ok,"{""sentences"": [""I hear you."", ""We can pause here for a moment.""], ""safety"": ""ok""}",1,2176,2.328500000658096,0.0012000000424450263,0.00020000061340397224,0.012999999853491317,0.004900000021734741,2.3528000001533655
2697,d348_u4,neutral,train,348,4,always,3,1,1,0,0,0,1,1,0,ok,"{""sentences"": [""I hear you."", ""We can pause here for a moment.""], ""safety"": ""ok""}",1,2176,2.5361999996675877,0.0013999997463542968,0.00019999970390927047,0.014299999747890979,0.004999999873689376,2.562900000157242
2698,d349_u0,happy,train,349,0,always,3,1,1,0,0,0,1,1,0,ok,"{""sentences"": [""I hear you."", ""We can pause here for a moment.""], ""safety"": ""ok""}",1,2176,2.445800000714371,0.0013000008038943633,0.0002999995558639057,0.014100000043981709,0.005300000339047983,2.4727999998503947
2699,d349_u1,happy,train,349,1,always,3,1,1,0,0,0,1,1,0,ok,"{""sentences"": [""I hear you."", ""We can pause here for a moment.""], ""safety"": ""ok""}",1,2176,3.125199999885808,0.0014000006558489986,0.0002999995558639057,0.014199999895936344,0.005300000339047983,3.152100000079372
2700,d349_u2,happy,train,349,2,always,3,1,1,0,0,0,1,1,0,ok,"{""sentences"": [""I hear you."", ""We can pause here for a moment.""], ""safety"": ""ok""}",1,2176,3.2283999998981017,0.0012999998943996616,0.00030000046535860747,0.014400000509340316,0.0052999994295532815,3.255600000557024
2701,d349_u3,neutral,train,349,3,always,3,1,1,0,0,0,1,1,0,ok,"{""sentences"": [""I hear you."", ""We can pause here for a moment.""], ""safety"": ""ok""}",1,2176,2.6072999999087187,0.0012999998943996616,0.00019999970390927047,0.013699999726668466,0.005199999577598646,2.6332999996157014
2702,d349_u4,happy,train,349,4,always,3,1,1,0,0,0,1,1,0,ok,"{""sentences"": [""I hear you."", ""We can pause here for a moment.""], ""safety"": ""ok""}",1,2176,2.7036999999836553,0.0012999998943996616,0.0002999995558639057,0.014399999599845614,0.005099999725644011,2.7307000000291737
2703,d349_u5,happy,train,349,5,always,3,1,1,0,0,0,1,1,0,ok,"{""sentences"": [""I hear you."", ""We can pause here for a moment.""], ""safety"": ""ok""}",1,2176,2.5860000005195616,0.0012000000424450263,0.00020000061340397224,0.01340000017080456,0.005100000635138713,2.6115000000572763
2704,d349_u6,neutral,train,349,6,always,3,1,1,0,0,0,1,1,0,ok,"{""sentences"": [""I hear you."", ""We can pause here for a moment.""], ""safety"": ""ok""}",1,2176,2.9825999999957276,0.0012000000424450263,0.00019999970390927047,0.013999999282532372,0.0052999994295532815,3.0094000003373367
2705,d349_u7,sad,train,349,7,always,3,1,1,0,0,0,1,1,0,ok,"{""sentences"": [""I hear you."", ""We can pause here for a moment.""], ""safety"": ""ok""}",1,2176,2.679100000023027,0.0012999998943996616,0.00019999970390927047,0.014600000213249587,0.005199999577598646,2.706700000089768
2706,d349_u8,neutral,train,349,8,always,3,1,1,0,0,0,1,1,0,ok,"{""sentences"": [""I hear you."", ""We can pause here for a moment.""], ""safety"": ""ok""}",1,2176,3.065299999434501,0.0012000000424450263,0.0002999995558639057,0.014399999599845614,0.0054000001910026185,3.092599999945378
2707,d349_u9,neutral,train,349,9,always,3,1,1,0,0,0,1,1,0,ok,"{""sentences"": [""I hear you."", ""We can pause here for a moment.""], ""safety"": ""ok""}",1,2176,2.7805999998236075,0.0012999998943996616,0.00030000046535860747,0.03119999928458128,0.005199999577598646,2.8246000001672655
2708,d349_u10,happy,train,349,10,always,3,1,1,0,0,0,1,1,0,ok,"{""sentences"": [""I hear you."", ""We can pause here for a moment.""], ""safety"": ""ok""}",1,2176,2.4805000002743327,0.0012000000424450263,0.00019999970390927047,0.01340000017080456,0.005199999577598646,2.5064000001293607
2709,d350_u0,neutral,train,350,0,always,3,1,1,0,0,0,1,1,0,ok,"{""sentences"": [""I hear you."", ""We can pause here for a moment.""], ""safety"": ""ok""}",1,2176,2.6453000000401516,0.0010000003385357559,0.0002999995558639057,0.012900000001536682,0.00470000031782547,2.6692999999795575
2710,d350_u1,happy,train,350,1,always,3,1,1,0,0,0,1,1,0,ok,"{""sentences"": [""I hear you."", ""We can pause here for a moment.""], ""safety"": ""ok""}",1,2176,2.8982000003452413,0.0013000008038943633,0.00020000061340397224,0.014099999134487007,0.005599999894911889,2.925699999650533
2711,d350_u2,happy,train,350,2,always,3,1,1,0,0,0,1,1,0,ok,"{""sentences"": [""I hear you."", ""We can pause here for a moment.""], ""safety"": ""ok""}",1,2176,3.2930999996096944,0.0012999998943996616,0.00019999970390927047,0.013799999578623101,0.005300000339047983,3.3196999993378995
2712,d350_u3,happy,train,350,3,always,3,1,1,0,0,0,1,1,0,ok,"{""sentences"": [""I hear you."", ""We can pause here for a moment.""], ""safety"": ""ok""}",1,2176,2.3584000000482774,0.0012999998943996616,0.00030000046535860747,0.014100000043981709,0.005200000487093348,2.3849999997764826
2713,d350_u4,neutral,train,350,4,always,3,1,1,0,0,0,1,1,0,ok,"{""sentences"": [""I hear you."", ""We can pause here for a moment.""], ""safety"": ""ok""}",1,2176,2.9253000002427143,0.0012000000424450263,0.00030000046535860747,0.014199999895936344,0.005099999725644011,2.9521999995267834
2714,d350_u5,neutral,train,350,5,always,3,1,1,0,0,0,1,1,0,ok,"{""sentences"": [""I hear you."", ""We can pause here for a moment.""], ""safety"": ""ok""}",1,2176,2.1827000000484986,0.0012000000424450263,0.0002999995558639057,0.013199999557400588,0.004699999408330768,2.2071000003052177
2715,d350_u6,neutral,train,350,6,always,3,1,1,0,0,0,1,1,0,ok,"{""sentences"": [""I hear you."", ""We can pause here for a moment.""], ""safety"": ""ok""}",1,2176,2.981700000418641,0.0012999998943996616,0.00030000046535860747,0.014100000043981709,0.004900000021734741,3.0079999996814877
2716,d350_u7,neutral,train,350,7,always,3,1,1,0,0,0,1,1,0,ok,"{""sentences"": [""I hear you."", ""We can pause here for a moment.""], ""safety"": ""ok""}",1,2176,3.2529000000067754,0.0011999991329503246,0.0002999995558639057,0.013900000340072438,0.005199999577598646,3.2793000000310712
2717,d351_u0,angry,train,351,0,always,3,1,1,0,0,0,1,1,0,ok,"{""sentences"": [""I hear you."", ""We can pause here for a moment.""], ""safety"": ""ok""}",1,2176,2.6724999997895793,0.0013000008038943633,0.00019999970390927047,0.014700000065204222,0.005300000339047983,2.700199999708275
2718,d351_u3,angry,train,351,3,always,3,1,1,0,0,0,1,1,0,ok,"{""sentences"": [""I hear you."", ""We can pause here for a moment.""], ""safety"": ""ok""}",1,2176,3.079500000239932,0.0012000000424450263,0.00030000046535860747,0.014200000805431046,0.005399999281507917,3.1065000002854504
2719,d351_u5,angry,train,351,5,always,3,1,1,0,0,0,1,1,0,ok,"{""sentences"": [""I hear you."", ""We can pause here for a moment.""], ""safety"": ""ok""}",1,2176,2.495400000043446,0.0012000000424450263,0.00030000046535860747,0.01359999987471383,0.0054000001910026185,2.5217000002157874
2720,d351_u8,happy,train,351,8,always,3,1,1,0,0,0,1,1,0,ok,"{""sentences"": [""I hear you."", ""We can pause here for a moment.""], ""safety"": ""ok""}",1,2176,2.47999999919557,0.0012999998943996616,0.00019999970390927047,0.013500000022759195,0.005099999725644011,2.506099999664002
2721,d351_u9,angry,train,351,9,always,3,1,1,0,0,0,1,1,0,ok,"{""sentences"": [""I hear you."", ""We can pause here for a moment.""], ""safety"": ""ok""}",1,2176,2.723399999922549,0.0012000000424450263,0.0002999995558639057,0.013199999557400588,0.005100000635138713,2.748500000052445
2722,d351_u10,angry,train,351,10,always,3,1,1,0,0,0,1,1,0,ok,"{""sentences"": [""I hear you."", ""We can pause here for a moment.""], ""safety"": ""ok""}",1,2176,2.9809999996359693,0.0013999997463542968,0.00030000046535860747,0.014100000043981709,0.0052999994295532815,3.0080000005909824
2723,d351_u11,happy,train,351,11,always,3,1,1,0,0,0,1,1,0,ok,"{""sentences"": [""I hear you."", ""We can pause here for a moment.""], ""safety"": ""ok""}",1,2176,3.1996999996408704,0.0012000000424450263,0.00030000046535860747,0.013699999726668466,0.0052999994295532815,3.243299999667215
2724,d351_u12,angry,train,351,12,always,3,1,1,0,0,0,1,1,0,ok,"{""sentences"": [""I hear you."", ""We can pause here for a moment.""], ""safety"": ""ok""}",1,2176,2.8762000001734123,0.0012999998943996616,0.0002999995558639057,0.013300000318849925,0.004999999873689376,2.9017999995630817
2725,d351_u13,angry,train,351,13,always,3,1,1,0,0,0,1,1,0,ok,"{""sentences"": [""I hear you."", ""We can pause here for a moment.""], ""safety"": ""ok""}",1,2176,2.4510000002919696,0.0012000000424450263,0.00019999970390927047,0.01359999987471383,0.005100000635138713,2.476599999681639
2726,d351_u15,happy,train,351,15,always,3,1,1,0,0,0,1,1,0,ok,"{""sentences"": [""I hear you."", ""We can pause here for a moment.""], ""safety"": ""ok""}",1,2176,2.7943000004597707,0.0011999991329503246,0.00019999970390927047,0.014400000509340316,0.0052999994295532815,2.8215000002091983
2727,d352_u0,neutral,train,352,0,always,3,1,1,0,0,0,1,1,0,ok,"{""sentences"": [""I hear you."", ""We can pause here for a moment.""], ""safety"": ""ok""}",1,2176,2.7607000001808046,0.0012999998943996616,0.00030000046535860747,0.013699999726668466,0.004999999873689376,2.7864000003319234
2728,d352_u1,angry,train,352,1,always,3,1,1,0,0,0,1,1,0,ok,"{""sentences"": [""I hear you."", ""We can pause here for a moment.""], ""safety"": ""ok""}",1,2176,2.92639999952371,0.0012000000424450263,0.00019999970390927047,0.013500000022759195,0.005199999577598646,2.952299999378738
2729,d352_u2,happy,train,352,2,always,3,1,1,0,0,0,1,1,0,ok,"{""sentences"": [""I hear you."", ""We can pause here for a moment.""], ""safety"": ""ok""}",1,2176,2.704200000152923,0.001100000190490391,0.0002999995558639057,0.012800000149582047,0.00470000031782547,2.7282999999442836
2730,d352_u3,angry,train,352,3,always,3,1,1,0,0,0,1,1,0,ok,"{""sentences"": [""I hear you."", ""We can pause here for a moment.""], ""safety"": ""ok""}",1,2176,2.6582000000416883,0.0012999998943996616,0.00030000046535860747,0.014100000043981709,0.0054000001910026185,2.685199999177712
2731,d352_u4,neutral,train,352,4,always,3,1,1,0,0,0,1,1,0,ok,"{""sentences"": [""I hear you."", ""We can pause here for a moment.""], ""safety"": ""ok""}",1,2176,2.8829000002588145,0.0012999998943996616,0.00020000061340397224,0.013700000636163168,0.004999999873689376,2.908899999965797
2732,d352_u5,happy,train,352,5,always,3,1,1,0,0,0,1,1,0,ok,"{""sentences"": [""I hear you."", ""We can pause here for a moment.""], ""safety"": ""ok""}",1,2176,2.9600999996546307,0.0013999997463542968,0.00030000046535860747,0.014199999895936344,0.0052999994295532815,2.9871000006096438
2733,d353_u0,neutral,train,353,0,always,3,1,1,0,0,0,1,1,0,ok,"{""sentences"": [""I hear you."", ""We can pause here for a moment.""], ""safety"": ""ok""}",1,2176,2.985499999340391,0.0015999994502635673,0.0002999995558639057,0.014500000361294951,0.0054000001910026185,3.0148000005283393
2734,d353_u1,neutral,train,353,1,always,3,1,1,0,0,0,1,1,0,ok,"{""sentences"": [""I hear you."", ""We can pause here for a moment.""], ""safety"": ""ok""}",1,2176,3.3244999995076796,0.0012999998943996616,0.0002999995558639057,0.013899999430577736,0.0054000001910026185,3.3515000004626927
2735,d354_u0,neutral,train,354,0,always,3,1,1,0,0,0,1,1,0,ok,"{""sentences"": [""I hear you."", ""We can pause here for a moment.""], ""safety"": ""ok""}",1,2176,3.108299999439623,0.0012999998943996616,0.00019999970390927047,0.013799999578623101,0.004999999873689376,3.134399999908055
2736,d354_u1,neutral,train,354,1,always,3,1,1,0,0,0,1,1,0,ok,"{""sentences"": [""I hear you."", ""We can pause here for a moment.""], ""safety"": ""ok""}",1,2176,2.374200000303972,0.0012999998943996616,0.00030000046535860747,0.013099999705445953,0.0054000001910026185,2.3997999996936414
2737,d354_u2,neutral,train,354,2,always,3,1,1,0,0,0,1,1,0,ok,"{""sentences"": [""I hear you."", ""We can pause here for a moment.""], ""safety"": ""ok""}",1,2176,2.818400000251131,0.0013999997463542968,0.00020000061340397224,0.014000000192027073,0.005100000635138713,2.845099999831291
2738,d354_u3,neutral,train,354,3,always,3,1,1,0,0,0,1,1,0,ok,"{""sentences"": [""I hear you."", ""We can pause here for a moment.""], ""safety"": ""ok""}",1,2176,2.932200000032026,0.0012999998943996616,0.00030000046535860747,0.014199999895936344,0.0054000001910026185,2.9593999997814535
2739,d354_u4,neutral,train,354,4,always,3,1,1,0,0,0,1,1,0,ok,"{""sentences"": [""I hear you."", ""We can pause here for a moment.""], ""safety"": ""ok""}",1,2176,2.4635999998281477,0.0012999998943996616,0.0002999995558639057,0.014100000043981709,0.005199999577598646,2.490400000169757
2740,d354_u5,neutral,train,354,5,always,3,1,1,0,0,0,1,1,0,ok,"{""sentences"": [""I hear you."", ""We can pause here for a moment.""], ""safety"": ""ok""}",1,2176,2.9170000007070485,0.0012000000424450263,0.00019999970390927047,0.03060000017285347,0.004900000021734741,2.959700000246812
2741,d354_u6,neutral,train,354,6,always,3,1,1,0,0,0,1,1,0,ok,"{""sentences"": [""I hear you."", ""We can pause here for a moment.""], ""safety"": ""ok""}",1,2176,2.938699999504024,0.0012999998943996616,0.0002999995558639057,0.01320000046689529,0.004900000021734741,2.9640000002473244
2742,d354_u8,happy,train,354,8,always,3,1,1,0,0,0,1,1,0,ok,"{""sentences"": [""I hear you."", ""We can pause here for a moment.""], ""safety"": ""ok""}",1,2176,3.1555999994452577,0.001100000190490391,0.00019999970390927047,0.013099999705445953,0.004900000021734741,3.1807000004846486
2743,d354_u9,neutral,train,354,9,always,3,1,1,0,0,0,1,1,0,ok,"{""sentences"": [""I hear you."", ""We can pause here for a moment.""], ""safety"": ""ok""}",1,2176,2.959000000373635,0.001100000190490391,0.00030000046535860747,0.013100000614940654,0.004800000169780105,2.983899999890127
2744,d354_u10,happy,train,354,10,always,3,1,1,0,0,0,1,1,0,ok,"{""sentences"": [""I hear you."", ""We can pause here for a moment.""], ""safety"": ""ok""}",1,2176,1.9433999996181228,0.001100000190490391,0.00030000046535860747,0.013500000022759195,0.005200000487093348,1.9690999997692415
2745,d354_u11,neutral,train,354,11,always,3,1,1,0,0,0,1,1,0,ok,"{""sentences"": [""I hear you."", ""We can pause here for a moment.""], ""safety"": ""ok""}",1,2176,3.072000000429398,0.0013999997463542968,0.0002999995558639057,0.013699999726668466,0.005099999725644011,3.0982999996922445
2746,d354_u12,neutral,train,354,12,always,3,1,1,0,0,0,1,1,0,ok,"{""sentences"": [""I hear you."", ""We can pause here for a moment.""], ""safety"": ""ok""}",1,2176,2.718300000196905,0.0012000000424450263,0.00019999970390927047,0.014199999895936344,0.005099999725644011,2.7449000008346047
2747,d354_u13,neutral,train,354,13,always,3,1,1,0,0,0,1,1,0,ok,"{""sentences"": [""I hear you."", ""We can pause here for a moment.""], ""safety"": ""ok""}",1,2176,2.59970000024623,0.0012000000424450263,0.00030000046535860747,0.013799999578623101,0.005200000487093348,2.643499999976484
2748,d354_u14,angry,train,354,14,always,3,1,1,0,0,0,1,1,0,ok,"{""sentences"": [""I hear you."", ""We can pause here for a moment.""], ""safety"": ""ok""}",1,2176,2.926099999967846,0.0012000000424450263,0.0002999995558639057,0.012999999853491317,0.004800000169780105,2.950500000224565
2749,d354_u15,neutral,train,354,15,always,3,1,1,0,0,0,1,1,0,ok,"{""sentences"": [""I hear you."", ""We can pause here for a moment.""], ""safety"": ""ok""}",1,2176,2.5093000003835186,0.0010000003385357559,0.00030000046535860747,0.012600000445672777,0.004900000021734741,2.5332999994134298
2750,d354_u16,neutral,train,354,16,always,3,1,1,0,0,0,1,1,0,ok,"{""sentences"": [""I hear you."", ""We can pause here for a moment.""], ""safety"": ""ok""}",1,2176,3.3104999993156525,0.0012000000424450263,0.0002999995558639057,0.012999999853491317,0.004900000021734741,3.3353999997416395
2751,d354_u17,neutral,train,354,17,always,3,1,1,0,0,0,1,1,0,ok,"{""sentences"": [""I hear you."", ""We can pause here for a moment.""], ""safety"": ""ok""}",1,2176,2.9807000000801054,0.0014000006558489986,0.00019999970390927047,0.013900000340072438,0.005200000487093348,3.0075000004217145
2752,d355_u0,sad,train,355,0,always,3,1,1,0,0,0,1,1,0,ok,"{""sentences"": [""I hear you."", ""We can pause here for a moment.""], ""safety"": ""ok""}",1,2176,2.4339000001418754,0.0010999992809956893,0.00030000046535860747,0.01340000017080456,0.005099999725644011,2.45939999967959
2753,d355_u1,neutral,train,355,1,always,3,1,1,0,0,0,1,1,0,ok,"{""sentences"": [""I hear you."", ""We can pause here for a moment.""], ""safety"": ""ok""}",1,2176,2.703999999539519,0.0012999998943996616,0.00019999970390927047,0.01359999987471383,0.005200000487093348,2.7295999998386833
2754,d355_u2,neutral,train,355,2,always,3,1,1,0,0,0,1,1,0,ok,"{""sentences"": [""I hear you."", ""We can pause here for a moment.""], ""safety"": ""ok""}",1,2176,2.894900000683265,0.0014000006558489986,0.00030000046535860747,0.014899999769113492,0.005599999894911889,2.923299999565643
2755,d355_u3,happy,train,355,3,always,3,1,1,0,0,0,1,1,0,ok,"{""sentences"": [""I hear you."", ""We can pause here for a moment.""], ""safety"": ""ok""}",1,2176,2.5326000004497473,0.001600000359758269,0.0002999995558639057,0.01500000053056283,0.0059000003602704965,2.561799999966752
2756,d355_u4,neutral,train,355,4,always,3,1,1,0,0,0,1,1,0,ok,"{""sentences"": [""I hear you."", ""We can pause here for a moment.""], ""safety"": ""ok""}",1,2176,3.1623999993826146,0.0012999998943996616,0.00019999970390927047,0.014199999895936344,0.005699999746866524,3.189800000654941
2757,d356_u0,sad,train,356,0,always,3,1,1,0,0,0,1,1,0,ok,"{""sentences"": [""I hear you."", ""We can pause here for a moment.""], ""safety"": ""ok""}",1,2176,3.0946999995649094,0.001100000190490391,0.00019999970390927047,0.013900000340072438,0.0054000001910026185,3.120899999885296
2758,d356_u2,neutral,train,356,2,always,3,1,1,0,0,0,1,1,0,ok,"{""sentences"": [""I hear you."", ""We can pause here for a moment.""], ""safety"": ""ok""}",1,2176,3.367600000274251,0.0012999998943996616,0.00019999970390927047,0.01359999987471383,0.005099999725644011,3.39339999936783
2759,d356_u4,neutral,train,356,4,always,3,1,1,0,0,0,1,1,0,ok,"{""sentences"": [""I hear you."", ""We can pause here for a moment.""], ""safety"": ""ok""}",1,2176,2.4810000004436006,0.001499999598308932,0.00019999970390927047,0.014799999917158857,0.005699999746866524,2.509299999474024
2760,d356_u5,neutral,train,356,5,always,3,1,1,0,0,0,1,1,0,ok,"{""sentences"": [""I hear you."", ""We can pause here for a moment.""], ""safety"": ""ok""}",1,2176,2.983000000313041,0.0014000006558489986,0.00030000046535860747,0.014799999917158857,0.005699999746866524,3.0114000001049135
2761,d356_u6,sad,train,356,6,always,3,1,1,0,0,0,1,1,0,ok,"{""sentences"": [""I hear you."", ""We can pause here for a moment.""], ""safety"": ""ok""}",1,2176,3.1352999994851416,0.0013999997463542968,0.0002999995558639057,0.014399999599845614,0.0052999994295532815,3.1625999999960186
2762,d356_u7,happy,train,356,7,always,3,1,1,0,0,0,1,1,0,ok,"{""sentences"": [""I hear you."", ""We can pause here for a moment.""], ""safety"": ""ok""}",1,2176,3.0729000000064843,0.0012999998943996616,0.00019999970390927047,0.014500000361294951,0.005699999746866524,3.100700000686629
2763,d356_u8,neutral,train,356,8,always,3,1,1,0,0,0,1,1,0,ok,"{""sentences"": [""I hear you."", ""We can pause here for a moment.""], ""safety"": ""ok""}",1,2176,2.7411000000938657,0.0012999998943996616,0.00030000046535860747,0.013799999578623101,0.0054000001910026185,2.7675000001181616
2764,d356_u9,sad,train,356,9,always,3,1,1,0,0,0,1,1,0,ok,"{""sentences"": [""I hear you."", ""We can pause here for a moment.""], ""safety"": ""ok""}",1,2176,3.039799999896786,0.0012000000424450263,0.00030000046535860747,0.014700000065204222,0.005500000042957254,3.067100000407663
2765,d356_u10,angry,train,356,10,always,3,1,1,0,0,0,1,1,0,ok,"{""sentences"": [""I hear you."", ""We can pause here for a moment.""], ""safety"": ""ok""}",1,2176,2.9864000007364666,0.0012999998943996616,0.00030000046535860747,0.014899999769113492,0.005599999894911889,3.0150000002322486
2766,d356_u12,neutral,train,356,12,always,3,1,1,0,0,0,1,1,0,ok,"{""sentences"": [""I hear you."", ""We can pause here for a moment.""], ""safety"": ""ok""}",1,2176,2.6084999999511638,0.0012999998943996616,0.00019999970390927047,0.014700000065204222,0.005300000339047983,2.636499999425723
2767,d356_u13,happy,train,356,13,always,3,1,1,0,0,0,1,1,0,ok,"{""sentences"": [""I hear you."", ""We can pause here for a moment.""], ""safety"": ""ok""}",1,2176,2.8430000002117595,0.0013999997463542968,0.0002999995558639057,0.014799999917158857,0.006199999916134402,2.8717000004689908
2768,d356_u14,neutral,train,356,14,always,3,1,1,0,0,0,1,1,0,ok,"{""sentences"": [""I hear you."", ""We can pause here for a moment.""], ""safety"": ""ok""}",1,2176,3.156600000693288,0.0013000008038943633,0.00019999970390927047,0.014199999895936344,0.005200000487093348,3.183499999977357
2769,d356_u15,neutral,train,356,15,always,3,1,1,0,0,0,1,1,0,ok,"{""sentences"": [""I hear you."", ""We can pause here for a moment.""], ""safety"": ""ok""}",1,2176,2.5896999995893566,0.0013000008038943633,0.0002999995558639057,0.014000000192027073,0.005200000487093348,2.616200000375102
2770,d356_u16,neutral,train,356,16,always,3,1,1,0,0,0,1,1,0,ok,"{""sentences"": [""I hear you."", ""We can pause here for a moment.""], ""safety"": ""ok""}",1,2176,2.9306000005817623,0.0012000000424450263,0.00019999970390927047,0.014199999895936344,0.004900000021734741,2.957300000161922
2771,d356_u17,angry,train,356,17,always,3,1,1,0,0,0,1,1,0,ok,"{""sentences"": [""I hear you."", ""We can pause here for a moment.""], ""safety"": ""ok""}",1,2176,2.7995000000373693,0.0013999997463542968,0.00019999970390927047,0.014299999747890979,0.005399999281507917,2.8267999996387516
2772,d356_u18,neutral,train,356,18,always,3,1,1,0,0,0,1,1,0,ok,"{""sentences"": [""I hear you."", ""We can pause here for a moment.""], ""safety"": ""ok""}",1,2176,2.8474000000642263,0.0014000006558489986,0.00030000046535860747,0.013900000340072438,0.0054000001910026185,2.8742000004058355
2773,d356_u19,neutral,train,356,19,always,3,1,1,0,0,0,1,1,0,ok,"{""sentences"": [""I hear you."", ""We can pause here for a moment.""], ""safety"": ""ok""}",1,2176,2.842199999577133,0.0012999998943996616,0.00030000046535860747,0.014200000805431046,0.005399999281507917,2.868999999918742
2774,d356_u21,angry,train,356,21,always,3,1,1,0,0,0,1,1,0,ok,"{""sentences"": [""I hear you."", ""We can pause here for a moment.""], ""safety"": ""ok""}",1,2176,3.18520000018907,0.0012999998943996616,0.00019999970390927047,0.014000000192027073,0.005300000339047983,3.2117999999172753
2775,d356_u22,neutral,train,356,22,always,3,1,1,0,0,0,1,1,0,ok,"{""sentences"": [""I hear you."", ""We can pause here for a moment.""], ""safety"": ""ok""}",1,2176,2.1962999999232125,0.0013000008038943633,0.00020000061340397224,0.014100000043981709,0.0054000001910026185,2.2236000004340895
2776,d357_u2,neutral,train,357,2,always,3,1,1,0,0,0,1,1,0,ok,"{""sentences"": [""I hear you."", ""We can pause here for a moment.""], ""safety"": ""ok""}",1,2176,2.9911000001447974,0.001600000359758269,0.00019999970390927047,0.017999999727180693,0.006399999620043673,3.0244999998103594
2777,d358_u0,neutral,train,358,0,always,3,1,1,0,0,0,1,1,0,ok,"{""sentences"": [""I hear you."", ""We can pause here for a moment.""], ""safety"": ""ok""}",1,2176,3.2937000005404116,0.0013999997463542968,0.0002999995558639057,0.015800000255694613,0.005699999746866524,3.32319999961328
2778,d358_u1,neutral,train,358,1,always,3,1,1,0,0,0,1,1,0,ok,"{""sentences"": [""I hear you."", ""We can pause here for a moment.""], ""safety"": ""ok""}",1,2176,2.99410000025091,0.001600000359758269,0.00030000046535860747,0.0152000002344721,0.0057999995988211595,3.0232000008254545
2779,d358_u2,neutral,train,358,2,always,3,1,1,0,0,0,1,1,0,ok,"{""sentences"": [""I hear you."", ""We can pause here for a moment.""], ""safety"": ""ok""}",1,2176,3.204599999662605,0.0012999998943996616,0.0002999995558639057,0.014599999303754885,0.005599999894911889,3.232199999729346
2780,d358_u3,sad,train,358,3,always,3,1,1,0,0,0,1,1,0,ok,"{""sentences"": [""I hear you."", ""We can pause here for a moment.""], ""safety"": ""ok""}",1,2176,2.772900000309164,0.0015000005078036338,0.00019999970390927047,0.014999999621068127,0.005599999894911889,2.8013999999529915
2781,d358_u4,neutral,train,358,4,always,3,1,1,0,0,0,1,1,0,ok,"{""sentences"": [""I hear you."", ""We can pause here for a moment.""], ""safety"": ""ok""}",1,2176,3.7578000001303735,0.0012000000424450263,0.00030000046535860747,0.014299999747890979,0.0052999994295532815,3.784800000175892
2782,d358_u5,neutral,train,358,5,always,3,1,1,0,0,0,1,1,0,ok,"{""sentences"": [""I hear you."", ""We can pause here for a moment.""], ""safety"": ""ok""}",1,2176,2.4212999996962026,0.0013999997463542968,0.00019999970390927047,0.015100000382517464,0.006299999768089037,2.4505999999746564
2783,d358_u7,neutral,train,358,7,always,3,1,1,0,0,0,1,1,0,ok,"{""sentences"": [""I hear you."", ""We can pause here for a moment.""], ""safety"": ""ok""}",1,2176,2.957300000161922,0.001100000190490391,0.00030000046535860747,0.013099999705445953,0.005200000487093348,2.982200000587909
2784,d358_u9,angry,train,358,9,always,3,1,1,0,0,0,1,1,0,ok,"{""sentences"": [""I hear you."", ""We can pause here for a moment.""], ""safety"": ""ok""}",1,2176,2.8199999997013947,0.0013000008038943633,0.00019999970390927047,0.014299999747890979,0.0057999995988211595,2.847499999916181
2785,d358_u10,happy,train,358,10,always,3,1,1,0,0,0,1,1,0,ok,"{""sentences"": [""I hear you."", ""We can pause here for a moment.""], ""safety"": ""ok""}",1,2176,3.0440999998972984,0.0013999997463542968,0.00030000046535860747,0.013900000340072438,0.005200000487093348,3.0707000005349983
2786,d358_u12,neutral,train,358,12,always,3,1,1,0,0,0,1,1,0,ok,"{""sentences"": [""I hear you."", ""We can pause here for a moment.""], ""safety"": ""ok""}",1,2176,2.657300000464602,0.0014000006558489986,0.00019999970390927047,0.014400000509340316,0.005699999746866524,2.6849999994738027
2787,d358_u14,sad,train,358,14,always,3,1,1,0,0,0,1,1,0,ok,"{""sentences"": [""I hear you."", ""We can pause here for a moment.""], ""safety"": ""ok""}",1,2176,2.868800000214833,0.0013000008038943633,0.00019999970390927047,0.014500000361294951,0.0054000001910026185,2.896099999816215
2788,d358_u15,neutral,train,358,15,always,3,1,1,0,0,0,1,1,0,ok,"{""sentences"": [""I hear you."", ""We can pause here for a moment.""], ""safety"": ""ok""}",1,2176,2.603300000373565,0.0013999997463542968,0.0002999995558639057,0.014899999769113492,0.0054000001910026185,2.6315999994039885
2789,d358_u16,neutral,train,358,16,always,3,1,1,0,0,0,1,1,0,ok,"{""sentences"": [""I hear you."", ""We can pause here for a moment.""], ""safety"": ""ok""}",1,2176,2.528099999835831,0.001100000190490391,0.00030000046535860747,0.014399999599845614,0.0054000001910026185,2.5553999994372134
2790,d358_u17,neutral,train,358,17,always,3,1,1,0,0,0,1,1,0,ok,"{""sentences"": [""I hear you."", ""We can pause here for a moment.""], ""safety"": ""ok""}",1,2176,3.1176000002233195,0.0013999997463542968,0.00030000046535860747,0.014899999769113492,0.005300000339047983,3.1459000001632376
2791,d358_u18,sad,train,358,18,always,3,1,1,0,0,0,1,1,0,ok,"{""sentences"": [""I hear you."", ""We can pause here for a moment.""], ""safety"": ""ok""}",1,2176,2.998400000251422,0.0013999997463542968,0.0002999995558639057,0.0152000002344721,0.005699999746866524,3.0271999994511134
2792,d359_u1,neutral,train,359,1,always,3,1,1,0,0,0,1,1,0,ok,"{""sentences"": [""I hear you."", ""We can pause here for a moment.""], ""safety"": ""ok""}",1,2176,3.26260000019829,0.0012999998943996616,0.00020000061340397224,0.014899999769113492,0.005500000042957254,3.290200000265031
2793,d359_u3,sad,train,359,3,always,3,1,1,0,0,0,1,1,0,ok,"{""sentences"": [""I hear you."", ""We can pause here for a moment.""], ""safety"": ""ok""}",1,2176,2.6663999997253995,0.0012999998943996616,0.0002999995558639057,0.014899999769113492,0.005500000042957254,2.694800000426767
2794,d359_u4,happy,train,359,4,always,3,1,1,0,0,0,1,1,0,ok,"{""sentences"": [""I hear you."", ""We can pause here for a moment.""], ""safety"": ""ok""}",1,2176,3.0686999998579267,0.0012000000424450263,0.0002999995558639057,0.013799999578623101,0.0054000001910026185,3.094799999416864
2795,d359_u5,happy,train,359,5,always,3,1,1,0,0,0,1,1,0,ok,"{""sentences"": [""I hear you."", ""We can pause here for a moment.""], ""safety"": ""ok""}",1,2176,3.4006000005319947,0.0012999998943996616,0.00020000061340397224,0.01469999915570952,0.005599999894911889,3.4285000001545995
2796,d359_u6,sad,train,359,6,always,3,1,1,0,0,0,1,1,0,ok,"{""sentences"": [""I hear you."", ""We can pause here for a moment.""], ""safety"": ""ok""}",1,2176,2.5817999994615093,0.0013999997463542968,0.0002999995558639057,0.015900000107649248,0.005699999746866524,2.611100000649458
2797,d360_u0,sad,train,360,0,always,3,1,1,0,0,0,1,1,0,ok,"{""sentences"": [""I hear you."", ""We can pause here for a moment.""], ""safety"": ""ok""}",1,2176,2.633099999911792,0.0014000006558489986,0.0002999995558639057,0.014700000065204222,0.005500000042957254,2.6608999996824423
2798,d360_u1,sad,train,360,1,always,3,1,1,0,0,0,1,1,0,ok,"{""sentences"": [""I hear you."", ""We can pause here for a moment.""], ""safety"": ""ok""}",1,2176,2.9397999996945146,0.0016999993022182025,0.00030000046535860747,0.014600000213249587,0.005700000656361226,2.9681000005439273
2799,d360_u2,neutral,train,360,2,always,3,1,1,0,0,0,1,1,0,ok,"{""sentences"": [""I hear you."", ""We can pause here for a moment.""], ""safety"": ""ok""}",1,2176,3.5037999996347935,0.0012000000424450263,0.00019999970390927047,0.014000000192027073,0.005099999725644011,3.529799999341776
2800,d360_u3,neutral,train,360,3,always,3,1,1,0,0,0,1,1,0,ok,"{""sentences"": [""I hear you."", ""We can pause here for a moment.""], ""safety"": ""ok""}",1,2176,2.6053999999930966,0.0014000006558489986,0.00030000046535860747,0.014000000192027073,0.005199999577598646,2.6320999995732564
2801,d360_u4,neutral,train,360,4,always,3,1,1,0,0,0,1,1,0,ok,"{""sentences"": [""I hear you."", ""We can pause here for a moment.""], ""safety"": ""ok""}",1,2176,2.796100000523438,0.0012999998943996616,0.00020000061340397224,0.014500000361294951,0.0054000001910026185,2.823499999976775
2802,d360_u5,neutral,train,360,5,always,3,1,1,0,0,0,1,1,0,ok,"{""sentences"": [""I hear you."", ""We can pause here for a moment.""], ""safety"": ""ok""}",1,2176,2.955699999802164,0.0013999997463542968,0.00019999970390927047,0.01539999993838137,0.005700000656361226,2.9848000003767083
2803,d361_u0,neutral,train,361,0,always,3,1,1,0,0,0,1,1,0,ok,"{""sentences"": [""I hear you."", ""We can pause here for a moment.""], ""safety"": ""ok""}",1,2176,3.0239999996410916,0.001600000359758269,0.00020000061340397224,0.014800000826653559,0.0057999995988211595,3.052499999284919
2804,d361_u1,neutral,train,361,1,always,3,1,1,0,0,0,1,1,0,ok,"{""sentences"": [""I hear you."", ""We can pause here for a moment.""], ""safety"": ""ok""}",1,2176,2.835899999809044,0.0012999998943996616,0.00019999970390927047,0.014500000361294951,0.005500000042957254,2.863499999875785
2805,d361_u2,neutral,train,361,2,always,3,1,1,0,0,0,1,1,0,ok,"{""sentences"": [""I hear you."", ""We can pause here for a moment.""], ""safety"": ""ok""}",1,2176,2.784799999972165,0.0012000000424450263,0.00019999970390927047,0.013900000340072438,0.005099999725644011,2.8111000001445063
2806,d361_u4,neutral,train,361,4,always,3,1,1,0,0,0,1,1,0,ok,"{""sentences"": [""I hear you."", ""We can pause here for a moment.""], ""safety"": ""ok""}",1,2176,2.847700000529585,0.0012999998943996616,0.00019999970390927047,0.014399999599845614,0.0054000001910026185,2.875399999538786
2807,d361_u5,neutral,train,361,5,always,3,1,1,0,0,0,1,1,0,ok,"{""sentences"": [""I hear you."", ""We can pause here for a moment.""], ""safety"": ""ok""}",1,2176,2.837300000464893,0.0012999998943996616,0.00020000061340397224,0.014100000043981709,0.0052999994295532815,2.8638999992836034
2808,d361_u6,happy,train,361,6,always,3,1,1,0,0,0,1,1,0,ok,"{""sentences"": [""I hear you."", ""We can pause here for a moment.""], ""safety"": ""ok""}",1,2176,3.011499999956868,0.0012999998943996616,0.0002999995558639057,0.013800000488117803,0.004900000021734741,3.037399999811896
2809,d361_u8,neutral,train,361,8,always,3,1,1,0,0,0,1,1,0,ok,"{""sentences"": [""I hear you."", ""We can pause here for a moment.""], ""safety"": ""ok""}",1,2176,2.555699999902572,0.0015999994502635673,0.00019999970390927047,0.014799999917158857,0.005199999577598646,2.5836999993771315
2810,d361_u10,happy,train,361,10,always,3,1,1,0,0,0,1,1,0,ok,"{""sentences"": [""I hear you."", ""We can pause here for a moment.""], ""safety"": ""ok""}",1,2176,2.5374999995619874,0.0012000000424450263,0.0002999995558639057,0.015099999473022763,0.005399999281507917,2.565599999797996
2811,d361_u11,happy,train,361,11,always,3,1,1,0,0,0,1,1,0,ok,"{""sentences"": [""I hear you."", ""We can pause here for a moment.""], ""safety"": ""ok""}",1,2176,3.485499999442254,0.0012999998943996616,0.0002999995558639057,0.013899999430577736,0.005300000339047983,3.5121999999319087
2812,d361_u12,neutral,train,361,12,always,3,1,1,0,0,0,1,1,0,ok,"{""sentences"": [""I hear you."", ""We can pause here for a moment.""], ""safety"": ""ok""}",1,2176,2.698700000109966,0.0012999998943996616,0.0002999995558639057,0.014899999769113492,0.005300000339047983,2.726499999880616
2813,d361_u13,neutral,train,361,13,always,3,1,1,0,0,0,1,1,0,ok,"{""sentences"": [""I hear you."", ""We can pause here for a moment.""], ""safety"": ""ok""}",1,2176,2.5224000000889646,0.0012999998943996616,0.0002999995558639057,0.014399999599845614,0.0052999994295532815,2.549699999690347
2814,d361_u14,neutral,train,361,14,always,3,1,1,0,0,0,1,1,0,ok,"{""sentences"": [""I hear you."", ""We can pause here for a moment.""], ""safety"": ""ok""}",1,2176,2.7699000002030516,0.001100000190490391,0.0002999995558639057,0.013199999557400588,0.005099999725644011,2.7946000000156346
2815,d362_u0,sad,train,362,0,always,3,1,1,0,0,0,1,1,0,ok,"{""sentences"": [""I hear you."", ""We can pause here for a moment.""], ""safety"": ""ok""}",1,2176,2.925600000708073,0.0015000005078036338,0.00030000046535860747,0.014100000043981709,0.0052999994295532815,2.952799999548006
2816,d362_u1,neutral,train,362,1,always,3,1,1,0,0,0,1,1,0,ok,"{""sentences"": [""I hear you."", ""We can pause here for a moment.""], ""safety"": ""ok""}",1,2176,3.0225000000427826,0.0012000000424450263,0.00030000046535860747,0.014199999895936344,0.005300000339047983,3.0495999999402557
2817,d362_u2,neutral,train,362,2,always,3,1,1,0,0,0,1,1,0,ok,"{""sentences"": [""I hear you."", ""We can pause here for a moment.""], ""safety"": ""ok""}",1,2176,3.076099999816506,0.001100000190490391,0.0002999995558639057,0.01359999987471383,0.004999999873689376,3.101799999967625
2818,d362_u3,sad,train,362,3,always,3,1,1,0,0,0,1,1,0,ok,"{""sentences"": [""I hear you."", ""We can pause here for a moment.""], ""safety"": ""ok""}",1,2176,2.525900000364345,0.0015999994502635673,0.0002999995558639057,0.014199999895936344,0.005200000487093348,2.5540999995428137
2819,d362_u4,neutral,train,362,4,always,3,1,1,0,0,0,1,1,0,ok,"{""sentences"": [""I hear you."", ""We can pause here for a moment.""], ""safety"": ""ok""}",1,2176,2.9049000004306436,0.0012999998943996616,0.00020000061340397224,0.014600000213249587,0.005500000042957254,2.9325999994398444
2820,d362_u5,sad,train,362,5,always,3,1,1,0,0,0,1,1,0,ok,"{""sentences"": [""I hear you."", ""We can pause here for a moment.""], ""safety"": ""ok""}",1,2176,3.203199999916251,0.0012000000424450263,0.00030000046535860747,0.01359999987471383,0.004999999873689376,3.228800000215415
2821,d362_u6,neutral,train,362,6,always,3,1,1,0,0,0,1,1,0,ok,"{""sentences"": [""I hear you."", ""We can pause here for a moment.""], ""safety"": ""ok""}",1,2176,2.5269999996453407,0.0012999998943996616,0.00019999970390927047,0.013099999705445953,0.004499999704421498,2.5514000008115545
2822,d362_u8,neutral,train,362,8,always,3,1,1,0,0,0,1,1,0,ok,"{""sentences"": [""I hear you."", ""We can pause here for a moment.""], ""safety"": ""ok""}",1,2176,2.6545000000623986,0.0012000000424450263,0.00019999970390927047,0.01430000065738568,0.0052999994295532815,2.6813999993464677
2823,d363_u0,neutral,train,363,0,always,3,1,1,0,0,0,1,1,0,ok,"{""sentences"": [""I hear you."", ""We can pause here for a moment.""], ""safety"": ""ok""}",1,2176,2.7329000004101545,0.0014000006558489986,0.00019999970390927047,0.014600000213249587,0.005200000487093348,2.7602000000115368
2824,d363_u1,neutral,train,363,1,always,3,1,1,0,0,0,1,1,0,ok,"{""sentences"": [""I hear you."", ""We can pause here for a moment.""], ""safety"": ""ok""}",1,2176,3.4118000003218185,0.0012999998943996616,0.0002999995558639057,0.013300000318849925,0.005199999577598646,3.437699999267352
2825,d364_u0,neutral,train,364,0,always,3,1,1,0,0,0,1,1,0,ok,"{""sentences"": [""I hear you."", ""We can pause here for a moment.""], ""safety"": ""ok""}",1,2176,2.9821000007359544,0.0012999998943996616,0.00030000046535860747,0.013800000488117803,0.005099999725644011,3.0079999996814877
2826,d365_u0,neutral,train,365,0,always,3,1,1,0,0,0,1,1,0,ok,"{""sentences"": [""I hear you."", ""We can pause here for a moment.""], ""safety"": ""ok""}",1,2176,2.7512999995451537,0.0012000000424450263,0.00019999970390927047,0.014000000192027073,0.005200000487093348,2.777800000330899
2827,d365_u1,neutral,train,365,1,always,3,1,1,0,0,0,1,1,0,ok,"{""sentences"": [""I hear you."", ""We can pause here for a moment.""], ""safety"": ""ok""}",1,2176,2.8354999994917307,0.0013999997463542968,0.00030000046535860747,0.014599999303754885,0.0052999994295532815,2.863499999875785
2828,d365_u2,neutral,train,365,2,always,3,1,1,0,0,0,1,1,0,ok,"{""sentences"": [""I hear you."", ""We can pause here for a moment.""], ""safety"": ""ok""}",1,2176,2.3731999999654363,0.0012999998943996616,0.0002999995558639057,0.014199999895936344,0.005200000487093348,2.4004000006243587
2829,d365_u3,neutral,train,365,3,always,3,1,1,0,0,0,1,1,0,ok,"{""sentences"": [""I hear you."", ""We can pause here for a moment.""], ""safety"": ""ok""}",1,2176,3.3843000001070322,0.0012999998943996616,0.00030000046535860747,0.013800000488117803,0.004999999873689376,3.4103999996659695
2830,d365_u4,neutral,train,365,4,always,3,1,1,0,0,0,1,1,0,ok,"{""sentences"": [""I hear you."", ""We can pause here for a moment.""], ""safety"": ""ok""}",1,2176,2.898499999901105,0.001100000190490391,0.00020000061340397224,0.013700000636163168,0.00470000031782547,2.9235000001790468
2831,d365_u5,sad,train,365,5,always,3,1,1,0,0,0,1,1,0,ok,"{""sentences"": [""I hear you."", ""We can pause here for a moment.""], ""safety"": ""ok""}",1,2176,2.66990000000078,0.0012000000424450263,0.00030000046535860747,0.01359999987471383,0.005300000339047983,2.696000000469212
2832,d365_u6,angry,train,365,6,always,3,1,1,0,0,0,1,1,0,ok,"{""sentences"": [""I hear you."", ""We can pause here for a moment.""], ""safety"": ""ok""}",1,2176,3.479199999674165,0.0012999998943996616,0.00020000061340397224,0.014600000213249587,0.005300000339047983,3.506399999423593
2833,d365_u7,neutral,train,365,7,always,3,1,1,0,0,0,1,1,0,ok,"{""sentences"": [""I hear you."", ""We can pause here for a moment.""], ""safety"": ""ok""}",1,2176,2.593199999864737,0.0013000008038943633,0.00019999970390927047,0.013899999430577736,0.005199999577598646,2.6195000000370783
2834,d365_u8,neutral,train,365,8,always,3,1,1,0,0,0,1,1,0,ok,"{""sentences"": [""I hear you."", ""We can pause here for a moment.""], ""safety"": ""ok""}",1,2176,2.605300000141142,0.0012999998943996616,0.00019999970390927047,0.013699999726668466,0.004999999873689376,2.63119999999617
2835,d365_u9,neutral,train,365,9,always,3,1,1,0,0,0,1,1,0,ok,"{""sentences"": [""I hear you."", ""We can pause here for a moment.""], ""safety"": ""ok""}",1,2176,2.049599999736529,0.0012999998943996616,0.0002999995558639057,0.014700000065204222,0.005300000339047983,2.077399999507179
2836,d365_u10,neutral,train,365,10,always,3,1,1,0,0,0,1,1,0,ok,"{""sentences"": [""I hear you."", ""We can pause here for a moment.""], ""safety"": ""ok""}",1,2176,1.3894000003347173,0.000999999429041054,0.00019999970390927047,0.012900000001536682,0.004900000021734741,1.4132999995126738
